<?xml version="1.0" encoding="UTF-8"?>
<TrainingCenterDatabase
  xmlns="http://www.garmin.com/xmlschemas/TrainingCenterDatabase/v2"
  xmlns:xsi="http://www.w3.org/2001/XMLSchema-instance"
  xsi:schemaLocation="http://www.garmin.com/xmlschemas/TrainingCenterDatabase/v2 https://www.garmin.com/xmlschemas/TrainingCenterDatabasev2.xsd">
  <Activities>
    <Activity Sport="Running">
      <Id>2026-03-03T13:30:00.000Z</Id>
      <Lap StartTime="2026-03-03T13:30:00.000Z">
        <TotalTimeSeconds>588</TotalTimeSeconds>
        <DistanceMeters>1500</DistanceMeters>
        <AverageHeartRateBpm><Value>136</Value></AverageHeartRateBpm>
        <MaximumHeartRateBpm><Value>146</Value></MaximumHeartRateBpm>
        <Intensity>Active</Intensity>
        <TriggerMethod>Manual</TriggerMethod>
        <Track>
          <Trackpoint>
            <Time>2026-03-03T13:30:00.000Z</Time>
            <Position>
              <LatitudeDegrees>37.3382000</LatitudeDegrees>
              <LongitudeDegrees>-121.8863000</LongitudeDegrees>
            </Position>
            <AltitudeMeters>25</AltitudeMeters>
            <DistanceMeters>0.00</DistanceMeters>
            <HeartRateBpm><Value>128</Value></HeartRateBpm>
            <Cadence>169</Cadence>
          </Trackpoint>
          <Trackpoint>
            <Time>2026-03-03T13:30:05.000Z</Time>
            <Position>
              <LatitudeDegrees>37.3382812</LatitudeDegrees>
              <LongitudeDegrees>-121.8861977</LongitudeDegrees>
            </Position>
            <AltitudeMeters>25.1</AltitudeMeters>
            <DistanceMeters>12.76</DistanceMeters>
            <HeartRateBpm><Value>128</Value></HeartRateBpm>
            <Cadence>169</Cadence>
          </Trackpoint>
          <Trackpoint>
            <Time>2026-03-03T13:30:10.000Z</Time>
            <Position>
              <LatitudeDegrees>37.3383623</LatitudeDegrees>
              <LongitudeDegrees>-121.8860955</LongitudeDegrees>
            </Position>
            <AltitudeMeters>25.2</AltitudeMeters>
            <DistanceMeters>25.51</DistanceMeters>
            <HeartRateBpm><Value>129</Value></HeartRateBpm>
            <Cadence>169</Cadence>
          </Trackpoint>
          <Trackpoint>
            <Time>2026-03-03T13:30:15.000Z</Time>
            <Position>
              <LatitudeDegrees>37.3384435</LatitudeDegrees>
              <LongitudeDegrees>-121.8859932</LongitudeDegrees>
            </Position>
            <AltitudeMeters>25.2</AltitudeMeters>
            <DistanceMeters>38.27</DistanceMeters>
            <HeartRateBpm><Value>129</Value></HeartRateBpm>
            <Cadence>169</Cadence>
          </Trackpoint>
          <Trackpoint>
            <Time>2026-03-03T13:30:20.000Z</Time>
            <Position>
              <LatitudeDegrees>37.3385247</LatitudeDegrees>
              <LongitudeDegrees>-121.8858910</LongitudeDegrees>
            </Position>
            <AltitudeMeters>25.3</AltitudeMeters>
            <DistanceMeters>51.02</DistanceMeters>
            <HeartRateBpm><Value>130</Value></HeartRateBpm>
            <Cadence>169</Cadence>
          </Trackpoint>
          <Trackpoint>
            <Time>2026-03-03T13:30:25.000Z</Time>
            <Position>
              <LatitudeDegrees>37.3386059</LatitudeDegrees>
              <LongitudeDegrees>-121.8857887</LongitudeDegrees>
            </Position>
            <AltitudeMeters>25.4</AltitudeMeters>
            <DistanceMeters>63.78</DistanceMeters>
            <HeartRateBpm><Value>130</Value></HeartRateBpm>
            <Cadence>169</Cadence>
          </Trackpoint>
          <Trackpoint>
            <Time>2026-03-03T13:30:30.000Z</Time>
            <Position>
              <LatitudeDegrees>37.3386870</LatitudeDegrees>
              <LongitudeDegrees>-121.8856864</LongitudeDegrees>
            </Position>
            <AltitudeMeters>25.5</AltitudeMeters>
            <DistanceMeters>76.53</DistanceMeters>
            <HeartRateBpm><Value>131</Value></HeartRateBpm>
            <Cadence>169</Cadence>
          </Trackpoint>
          <Trackpoint>
            <Time>2026-03-03T13:30:35.000Z</Time>
            <Position>
              <LatitudeDegrees>37.3387682</LatitudeDegrees>
              <LongitudeDegrees>-121.8855842</LongitudeDegrees>
            </Position>
            <AltitudeMeters>25.6</AltitudeMeters>
            <DistanceMeters>89.29</DistanceMeters>
            <HeartRateBpm><Value>131</Value></HeartRateBpm>
            <Cadence>169</Cadence>
          </Trackpoint>
          <Trackpoint>
            <Time>2026-03-03T13:30:40.000Z</Time>
            <Position>
              <LatitudeDegrees>37.3388494</LatitudeDegrees>
              <LongitudeDegrees>-121.8854819</LongitudeDegrees>
            </Position>
            <AltitudeMeters>25.6</AltitudeMeters>
            <DistanceMeters>102.04</DistanceMeters>
            <HeartRateBpm><Value>132</Value></HeartRateBpm>
            <Cadence>169</Cadence>
          </Trackpoint>
          <Trackpoint>
            <Time>2026-03-03T13:30:45.000Z</Time>
            <Position>
              <LatitudeDegrees>37.3389306</LatitudeDegrees>
              <LongitudeDegrees>-121.8853797</LongitudeDegrees>
            </Position>
            <AltitudeMeters>25.7</AltitudeMeters>
            <DistanceMeters>114.80</DistanceMeters>
            <HeartRateBpm><Value>132</Value></HeartRateBpm>
            <Cadence>169</Cadence>
          </Trackpoint>
          <Trackpoint>
            <Time>2026-03-03T13:30:50.000Z</Time>
            <Position>
              <LatitudeDegrees>37.3390117</LatitudeDegrees>
              <LongitudeDegrees>-121.8852774</LongitudeDegrees>
            </Position>
            <AltitudeMeters>25.8</AltitudeMeters>
            <DistanceMeters>127.55</DistanceMeters>
            <HeartRateBpm><Value>133</Value></HeartRateBpm>
            <Cadence>169</Cadence>
          </Trackpoint>
          <Trackpoint>
            <Time>2026-03-03T13:30:55.000Z</Time>
            <Position>
              <LatitudeDegrees>37.3390929</LatitudeDegrees>
              <LongitudeDegrees>-121.8851752</LongitudeDegrees>
            </Position>
            <AltitudeMeters>25.9</AltitudeMeters>
            <DistanceMeters>140.31</DistanceMeters>
            <HeartRateBpm><Value>133</Value></HeartRateBpm>
            <Cadence>169</Cadence>
          </Trackpoint>
          <Trackpoint>
            <Time>2026-03-03T13:31:00.000Z</Time>
            <Position>
              <LatitudeDegrees>37.3391741</LatitudeDegrees>
              <LongitudeDegrees>-121.8850729</LongitudeDegrees>
            </Position>
            <AltitudeMeters>25.9</AltitudeMeters>
            <DistanceMeters>153.06</DistanceMeters>
            <HeartRateBpm><Value>133</Value></HeartRateBpm>
            <Cadence>169</Cadence>
          </Trackpoint>
          <Trackpoint>
            <Time>2026-03-03T13:31:05.000Z</Time>
            <Position>
              <LatitudeDegrees>37.3392552</LatitudeDegrees>
              <LongitudeDegrees>-121.8849706</LongitudeDegrees>
            </Position>
            <AltitudeMeters>26</AltitudeMeters>
            <DistanceMeters>165.82</DistanceMeters>
            <HeartRateBpm><Value>134</Value></HeartRateBpm>
            <Cadence>169</Cadence>
          </Trackpoint>
          <Trackpoint>
            <Time>2026-03-03T13:31:10.000Z</Time>
            <Position>
              <LatitudeDegrees>37.3393364</LatitudeDegrees>
              <LongitudeDegrees>-121.8848684</LongitudeDegrees>
            </Position>
            <AltitudeMeters>26.1</AltitudeMeters>
            <DistanceMeters>178.57</DistanceMeters>
            <HeartRateBpm><Value>134</Value></HeartRateBpm>
            <Cadence>169</Cadence>
          </Trackpoint>
          <Trackpoint>
            <Time>2026-03-03T13:31:15.000Z</Time>
            <Position>
              <LatitudeDegrees>37.3394176</LatitudeDegrees>
              <LongitudeDegrees>-121.8847661</LongitudeDegrees>
            </Position>
            <AltitudeMeters>26.1</AltitudeMeters>
            <DistanceMeters>191.33</DistanceMeters>
            <HeartRateBpm><Value>135</Value></HeartRateBpm>
            <Cadence>169</Cadence>
          </Trackpoint>
          <Trackpoint>
            <Time>2026-03-03T13:31:20.000Z</Time>
            <Position>
              <LatitudeDegrees>37.3394988</LatitudeDegrees>
              <LongitudeDegrees>-121.8846639</LongitudeDegrees>
            </Position>
            <AltitudeMeters>26.2</AltitudeMeters>
            <DistanceMeters>204.08</DistanceMeters>
            <HeartRateBpm><Value>135</Value></HeartRateBpm>
            <Cadence>169</Cadence>
          </Trackpoint>
          <Trackpoint>
            <Time>2026-03-03T13:31:25.000Z</Time>
            <Position>
              <LatitudeDegrees>37.3395799</LatitudeDegrees>
              <LongitudeDegrees>-121.8845616</LongitudeDegrees>
            </Position>
            <AltitudeMeters>26.3</AltitudeMeters>
            <DistanceMeters>216.84</DistanceMeters>
            <HeartRateBpm><Value>136</Value></HeartRateBpm>
            <Cadence>169</Cadence>
          </Trackpoint>
          <Trackpoint>
            <Time>2026-03-03T13:31:30.000Z</Time>
            <Position>
              <LatitudeDegrees>37.3396611</LatitudeDegrees>
              <LongitudeDegrees>-121.8844593</LongitudeDegrees>
            </Position>
            <AltitudeMeters>26.3</AltitudeMeters>
            <DistanceMeters>229.59</DistanceMeters>
            <HeartRateBpm><Value>136</Value></HeartRateBpm>
            <Cadence>169</Cadence>
          </Trackpoint>
          <Trackpoint>
            <Time>2026-03-03T13:31:35.000Z</Time>
            <Position>
              <LatitudeDegrees>37.3397423</LatitudeDegrees>
              <LongitudeDegrees>-121.8843571</LongitudeDegrees>
            </Position>
            <AltitudeMeters>26.4</AltitudeMeters>
            <DistanceMeters>242.35</DistanceMeters>
            <HeartRateBpm><Value>136</Value></HeartRateBpm>
            <Cadence>169</Cadence>
          </Trackpoint>
          <Trackpoint>
            <Time>2026-03-03T13:31:40.000Z</Time>
            <Position>
              <LatitudeDegrees>37.3398235</LatitudeDegrees>
              <LongitudeDegrees>-121.8842548</LongitudeDegrees>
            </Position>
            <AltitudeMeters>26.4</AltitudeMeters>
            <DistanceMeters>255.10</DistanceMeters>
            <HeartRateBpm><Value>136</Value></HeartRateBpm>
            <Cadence>169</Cadence>
          </Trackpoint>
          <Trackpoint>
            <Time>2026-03-03T13:31:45.000Z</Time>
            <Position>
              <LatitudeDegrees>37.3399046</LatitudeDegrees>
              <LongitudeDegrees>-121.8841526</LongitudeDegrees>
            </Position>
            <AltitudeMeters>26.5</AltitudeMeters>
            <DistanceMeters>267.86</DistanceMeters>
            <HeartRateBpm><Value>136</Value></HeartRateBpm>
            <Cadence>169</Cadence>
          </Trackpoint>
          <Trackpoint>
            <Time>2026-03-03T13:31:50.000Z</Time>
            <Position>
              <LatitudeDegrees>37.3399858</LatitudeDegrees>
              <LongitudeDegrees>-121.8840503</LongitudeDegrees>
            </Position>
            <AltitudeMeters>26.5</AltitudeMeters>
            <DistanceMeters>280.61</DistanceMeters>
            <HeartRateBpm><Value>136</Value></HeartRateBpm>
            <Cadence>169</Cadence>
          </Trackpoint>
          <Trackpoint>
            <Time>2026-03-03T13:31:55.000Z</Time>
            <Position>
              <LatitudeDegrees>37.3400670</LatitudeDegrees>
              <LongitudeDegrees>-121.8839480</LongitudeDegrees>
            </Position>
            <AltitudeMeters>26.6</AltitudeMeters>
            <DistanceMeters>293.37</DistanceMeters>
            <HeartRateBpm><Value>136</Value></HeartRateBpm>
            <Cadence>169</Cadence>
          </Trackpoint>
          <Trackpoint>
            <Time>2026-03-03T13:32:00.000Z</Time>
            <Position>
              <LatitudeDegrees>37.3401482</LatitudeDegrees>
              <LongitudeDegrees>-121.8838458</LongitudeDegrees>
            </Position>
            <AltitudeMeters>26.6</AltitudeMeters>
            <DistanceMeters>306.12</DistanceMeters>
            <HeartRateBpm><Value>136</Value></HeartRateBpm>
            <Cadence>169</Cadence>
          </Trackpoint>
          <Trackpoint>
            <Time>2026-03-03T13:32:05.000Z</Time>
            <Position>
              <LatitudeDegrees>37.3402293</LatitudeDegrees>
              <LongitudeDegrees>-121.8837435</LongitudeDegrees>
            </Position>
            <AltitudeMeters>26.7</AltitudeMeters>
            <DistanceMeters>318.88</DistanceMeters>
            <HeartRateBpm><Value>136</Value></HeartRateBpm>
            <Cadence>169</Cadence>
          </Trackpoint>
          <Trackpoint>
            <Time>2026-03-03T13:32:10.000Z</Time>
            <Position>
              <LatitudeDegrees>37.3403105</LatitudeDegrees>
              <LongitudeDegrees>-121.8836413</LongitudeDegrees>
            </Position>
            <AltitudeMeters>26.7</AltitudeMeters>
            <DistanceMeters>331.63</DistanceMeters>
            <HeartRateBpm><Value>136</Value></HeartRateBpm>
            <Cadence>169</Cadence>
          </Trackpoint>
          <Trackpoint>
            <Time>2026-03-03T13:32:15.000Z</Time>
            <Position>
              <LatitudeDegrees>37.3403917</LatitudeDegrees>
              <LongitudeDegrees>-121.8835390</LongitudeDegrees>
            </Position>
            <AltitudeMeters>26.8</AltitudeMeters>
            <DistanceMeters>344.39</DistanceMeters>
            <HeartRateBpm><Value>136</Value></HeartRateBpm>
            <Cadence>169</Cadence>
          </Trackpoint>
          <Trackpoint>
            <Time>2026-03-03T13:32:20.000Z</Time>
            <Position>
              <LatitudeDegrees>37.3404728</LatitudeDegrees>
              <LongitudeDegrees>-121.8834368</LongitudeDegrees>
            </Position>
            <AltitudeMeters>26.8</AltitudeMeters>
            <DistanceMeters>357.14</DistanceMeters>
            <HeartRateBpm><Value>136</Value></HeartRateBpm>
            <Cadence>169</Cadence>
          </Trackpoint>
          <Trackpoint>
            <Time>2026-03-03T13:32:25.000Z</Time>
            <Position>
              <LatitudeDegrees>37.3405540</LatitudeDegrees>
              <LongitudeDegrees>-121.8833345</LongitudeDegrees>
            </Position>
            <AltitudeMeters>26.8</AltitudeMeters>
            <DistanceMeters>369.90</DistanceMeters>
            <HeartRateBpm><Value>136</Value></HeartRateBpm>
            <Cadence>169</Cadence>
          </Trackpoint>
          <Trackpoint>
            <Time>2026-03-03T13:32:30.000Z</Time>
            <Position>
              <LatitudeDegrees>37.3406352</LatitudeDegrees>
              <LongitudeDegrees>-121.8832322</LongitudeDegrees>
            </Position>
            <AltitudeMeters>26.9</AltitudeMeters>
            <DistanceMeters>382.65</DistanceMeters>
            <HeartRateBpm><Value>136</Value></HeartRateBpm>
            <Cadence>169</Cadence>
          </Trackpoint>
          <Trackpoint>
            <Time>2026-03-03T13:32:35.000Z</Time>
            <Position>
              <LatitudeDegrees>37.3407164</LatitudeDegrees>
              <LongitudeDegrees>-121.8831300</LongitudeDegrees>
            </Position>
            <AltitudeMeters>26.9</AltitudeMeters>
            <DistanceMeters>395.41</DistanceMeters>
            <HeartRateBpm><Value>136</Value></HeartRateBpm>
            <Cadence>169</Cadence>
          </Trackpoint>
          <Trackpoint>
            <Time>2026-03-03T13:32:40.000Z</Time>
            <Position>
              <LatitudeDegrees>37.3407975</LatitudeDegrees>
              <LongitudeDegrees>-121.8830277</LongitudeDegrees>
            </Position>
            <AltitudeMeters>26.9</AltitudeMeters>
            <DistanceMeters>408.16</DistanceMeters>
            <HeartRateBpm><Value>136</Value></HeartRateBpm>
            <Cadence>169</Cadence>
          </Trackpoint>
          <Trackpoint>
            <Time>2026-03-03T13:32:45.000Z</Time>
            <Position>
              <LatitudeDegrees>37.3408787</LatitudeDegrees>
              <LongitudeDegrees>-121.8829255</LongitudeDegrees>
            </Position>
            <AltitudeMeters>26.9</AltitudeMeters>
            <DistanceMeters>420.92</DistanceMeters>
            <HeartRateBpm><Value>136</Value></HeartRateBpm>
            <Cadence>169</Cadence>
          </Trackpoint>
          <Trackpoint>
            <Time>2026-03-03T13:32:50.000Z</Time>
            <Position>
              <LatitudeDegrees>37.3409599</LatitudeDegrees>
              <LongitudeDegrees>-121.8828232</LongitudeDegrees>
            </Position>
            <AltitudeMeters>27</AltitudeMeters>
            <DistanceMeters>433.67</DistanceMeters>
            <HeartRateBpm><Value>136</Value></HeartRateBpm>
            <Cadence>169</Cadence>
          </Trackpoint>
          <Trackpoint>
            <Time>2026-03-03T13:32:55.000Z</Time>
            <Position>
              <LatitudeDegrees>37.3410411</LatitudeDegrees>
              <LongitudeDegrees>-121.8827209</LongitudeDegrees>
            </Position>
            <AltitudeMeters>27</AltitudeMeters>
            <DistanceMeters>446.43</DistanceMeters>
            <HeartRateBpm><Value>136</Value></HeartRateBpm>
            <Cadence>169</Cadence>
          </Trackpoint>
          <Trackpoint>
            <Time>2026-03-03T13:33:00.000Z</Time>
            <Position>
              <LatitudeDegrees>37.3411222</LatitudeDegrees>
              <LongitudeDegrees>-121.8826187</LongitudeDegrees>
            </Position>
            <AltitudeMeters>27</AltitudeMeters>
            <DistanceMeters>459.18</DistanceMeters>
            <HeartRateBpm><Value>136</Value></HeartRateBpm>
            <Cadence>169</Cadence>
          </Trackpoint>
          <Trackpoint>
            <Time>2026-03-03T13:33:05.000Z</Time>
            <Position>
              <LatitudeDegrees>37.3412034</LatitudeDegrees>
              <LongitudeDegrees>-121.8825164</LongitudeDegrees>
            </Position>
            <AltitudeMeters>27</AltitudeMeters>
            <DistanceMeters>471.94</DistanceMeters>
            <HeartRateBpm><Value>136</Value></HeartRateBpm>
            <Cadence>169</Cadence>
          </Trackpoint>
          <Trackpoint>
            <Time>2026-03-03T13:33:10.000Z</Time>
            <Position>
              <LatitudeDegrees>37.3412846</LatitudeDegrees>
              <LongitudeDegrees>-121.8824142</LongitudeDegrees>
            </Position>
            <AltitudeMeters>27</AltitudeMeters>
            <DistanceMeters>484.69</DistanceMeters>
            <HeartRateBpm><Value>136</Value></HeartRateBpm>
            <Cadence>169</Cadence>
          </Trackpoint>
          <Trackpoint>
            <Time>2026-03-03T13:33:15.000Z</Time>
            <Position>
              <LatitudeDegrees>37.3413657</LatitudeDegrees>
              <LongitudeDegrees>-121.8823119</LongitudeDegrees>
            </Position>
            <AltitudeMeters>27</AltitudeMeters>
            <DistanceMeters>497.45</DistanceMeters>
            <HeartRateBpm><Value>136</Value></HeartRateBpm>
            <Cadence>169</Cadence>
          </Trackpoint>
          <Trackpoint>
            <Time>2026-03-03T13:33:20.000Z</Time>
            <Position>
              <LatitudeDegrees>37.3414469</LatitudeDegrees>
              <LongitudeDegrees>-121.8822097</LongitudeDegrees>
            </Position>
            <AltitudeMeters>27</AltitudeMeters>
            <DistanceMeters>510.20</DistanceMeters>
            <HeartRateBpm><Value>136</Value></HeartRateBpm>
            <Cadence>169</Cadence>
          </Trackpoint>
          <Trackpoint>
            <Time>2026-03-03T13:33:25.000Z</Time>
            <Position>
              <LatitudeDegrees>37.3415281</LatitudeDegrees>
              <LongitudeDegrees>-121.8821074</LongitudeDegrees>
            </Position>
            <AltitudeMeters>27</AltitudeMeters>
            <DistanceMeters>522.96</DistanceMeters>
            <HeartRateBpm><Value>136</Value></HeartRateBpm>
            <Cadence>169</Cadence>
          </Trackpoint>
          <Trackpoint>
            <Time>2026-03-03T13:33:30.000Z</Time>
            <Position>
              <LatitudeDegrees>37.3416093</LatitudeDegrees>
              <LongitudeDegrees>-121.8820051</LongitudeDegrees>
            </Position>
            <AltitudeMeters>27</AltitudeMeters>
            <DistanceMeters>535.71</DistanceMeters>
            <HeartRateBpm><Value>136</Value></HeartRateBpm>
            <Cadence>169</Cadence>
          </Trackpoint>
          <Trackpoint>
            <Time>2026-03-03T13:33:35.000Z</Time>
            <Position>
              <LatitudeDegrees>37.3416904</LatitudeDegrees>
              <LongitudeDegrees>-121.8819029</LongitudeDegrees>
            </Position>
            <AltitudeMeters>27</AltitudeMeters>
            <DistanceMeters>548.47</DistanceMeters>
            <HeartRateBpm><Value>136</Value></HeartRateBpm>
            <Cadence>169</Cadence>
          </Trackpoint>
          <Trackpoint>
            <Time>2026-03-03T13:33:40.000Z</Time>
            <Position>
              <LatitudeDegrees>37.3417716</LatitudeDegrees>
              <LongitudeDegrees>-121.8818006</LongitudeDegrees>
            </Position>
            <AltitudeMeters>27</AltitudeMeters>
            <DistanceMeters>561.22</DistanceMeters>
            <HeartRateBpm><Value>136</Value></HeartRateBpm>
            <Cadence>169</Cadence>
          </Trackpoint>
          <Trackpoint>
            <Time>2026-03-03T13:33:45.000Z</Time>
            <Position>
              <LatitudeDegrees>37.3418528</LatitudeDegrees>
              <LongitudeDegrees>-121.8816984</LongitudeDegrees>
            </Position>
            <AltitudeMeters>26.9</AltitudeMeters>
            <DistanceMeters>573.98</DistanceMeters>
            <HeartRateBpm><Value>136</Value></HeartRateBpm>
            <Cadence>169</Cadence>
          </Trackpoint>
          <Trackpoint>
            <Time>2026-03-03T13:33:50.000Z</Time>
            <Position>
              <LatitudeDegrees>37.3419340</LatitudeDegrees>
              <LongitudeDegrees>-121.8815961</LongitudeDegrees>
            </Position>
            <AltitudeMeters>26.9</AltitudeMeters>
            <DistanceMeters>586.73</DistanceMeters>
            <HeartRateBpm><Value>136</Value></HeartRateBpm>
            <Cadence>169</Cadence>
          </Trackpoint>
          <Trackpoint>
            <Time>2026-03-03T13:33:55.000Z</Time>
            <Position>
              <LatitudeDegrees>37.3420151</LatitudeDegrees>
              <LongitudeDegrees>-121.8814938</LongitudeDegrees>
            </Position>
            <AltitudeMeters>26.9</AltitudeMeters>
            <DistanceMeters>599.49</DistanceMeters>
            <HeartRateBpm><Value>136</Value></HeartRateBpm>
            <Cadence>169</Cadence>
          </Trackpoint>
          <Trackpoint>
            <Time>2026-03-03T13:34:00.000Z</Time>
            <Position>
              <LatitudeDegrees>37.3420963</LatitudeDegrees>
              <LongitudeDegrees>-121.8813916</LongitudeDegrees>
            </Position>
            <AltitudeMeters>26.9</AltitudeMeters>
            <DistanceMeters>612.24</DistanceMeters>
            <HeartRateBpm><Value>136</Value></HeartRateBpm>
            <Cadence>169</Cadence>
          </Trackpoint>
          <Trackpoint>
            <Time>2026-03-03T13:34:05.000Z</Time>
            <Position>
              <LatitudeDegrees>37.3421775</LatitudeDegrees>
              <LongitudeDegrees>-121.8812893</LongitudeDegrees>
            </Position>
            <AltitudeMeters>26.8</AltitudeMeters>
            <DistanceMeters>625.00</DistanceMeters>
            <HeartRateBpm><Value>136</Value></HeartRateBpm>
            <Cadence>169</Cadence>
          </Trackpoint>
          <Trackpoint>
            <Time>2026-03-03T13:34:10.000Z</Time>
            <Position>
              <LatitudeDegrees>37.3422587</LatitudeDegrees>
              <LongitudeDegrees>-121.8811871</LongitudeDegrees>
            </Position>
            <AltitudeMeters>26.8</AltitudeMeters>
            <DistanceMeters>637.76</DistanceMeters>
            <HeartRateBpm><Value>136</Value></HeartRateBpm>
            <Cadence>169</Cadence>
          </Trackpoint>
          <Trackpoint>
            <Time>2026-03-03T13:34:15.000Z</Time>
            <Position>
              <LatitudeDegrees>37.3423398</LatitudeDegrees>
              <LongitudeDegrees>-121.8810848</LongitudeDegrees>
            </Position>
            <AltitudeMeters>26.8</AltitudeMeters>
            <DistanceMeters>650.51</DistanceMeters>
            <HeartRateBpm><Value>136</Value></HeartRateBpm>
            <Cadence>169</Cadence>
          </Trackpoint>
          <Trackpoint>
            <Time>2026-03-03T13:34:20.000Z</Time>
            <Position>
              <LatitudeDegrees>37.3424210</LatitudeDegrees>
              <LongitudeDegrees>-121.8809825</LongitudeDegrees>
            </Position>
            <AltitudeMeters>26.7</AltitudeMeters>
            <DistanceMeters>663.27</DistanceMeters>
            <HeartRateBpm><Value>136</Value></HeartRateBpm>
            <Cadence>169</Cadence>
          </Trackpoint>
          <Trackpoint>
            <Time>2026-03-03T13:34:25.000Z</Time>
            <Position>
              <LatitudeDegrees>37.3425022</LatitudeDegrees>
              <LongitudeDegrees>-121.8808803</LongitudeDegrees>
            </Position>
            <AltitudeMeters>26.7</AltitudeMeters>
            <DistanceMeters>676.02</DistanceMeters>
            <HeartRateBpm><Value>136</Value></HeartRateBpm>
            <Cadence>169</Cadence>
          </Trackpoint>
          <Trackpoint>
            <Time>2026-03-03T13:34:30.000Z</Time>
            <Position>
              <LatitudeDegrees>37.3425833</LatitudeDegrees>
              <LongitudeDegrees>-121.8807780</LongitudeDegrees>
            </Position>
            <AltitudeMeters>26.7</AltitudeMeters>
            <DistanceMeters>688.78</DistanceMeters>
            <HeartRateBpm><Value>136</Value></HeartRateBpm>
            <Cadence>169</Cadence>
          </Trackpoint>
          <Trackpoint>
            <Time>2026-03-03T13:34:35.000Z</Time>
            <Position>
              <LatitudeDegrees>37.3426645</LatitudeDegrees>
              <LongitudeDegrees>-121.8806758</LongitudeDegrees>
            </Position>
            <AltitudeMeters>26.6</AltitudeMeters>
            <DistanceMeters>701.53</DistanceMeters>
            <HeartRateBpm><Value>136</Value></HeartRateBpm>
            <Cadence>169</Cadence>
          </Trackpoint>
          <Trackpoint>
            <Time>2026-03-03T13:34:40.000Z</Time>
            <Position>
              <LatitudeDegrees>37.3427457</LatitudeDegrees>
              <LongitudeDegrees>-121.8805735</LongitudeDegrees>
            </Position>
            <AltitudeMeters>26.6</AltitudeMeters>
            <DistanceMeters>714.29</DistanceMeters>
            <HeartRateBpm><Value>136</Value></HeartRateBpm>
            <Cadence>169</Cadence>
          </Trackpoint>
          <Trackpoint>
            <Time>2026-03-03T13:34:45.000Z</Time>
            <Position>
              <LatitudeDegrees>37.3428269</LatitudeDegrees>
              <LongitudeDegrees>-121.8804713</LongitudeDegrees>
            </Position>
            <AltitudeMeters>26.5</AltitudeMeters>
            <DistanceMeters>727.04</DistanceMeters>
            <HeartRateBpm><Value>136</Value></HeartRateBpm>
            <Cadence>169</Cadence>
          </Trackpoint>
          <Trackpoint>
            <Time>2026-03-03T13:34:50.000Z</Time>
            <Position>
              <LatitudeDegrees>37.3429080</LatitudeDegrees>
              <LongitudeDegrees>-121.8803690</LongitudeDegrees>
            </Position>
            <AltitudeMeters>26.5</AltitudeMeters>
            <DistanceMeters>739.80</DistanceMeters>
            <HeartRateBpm><Value>136</Value></HeartRateBpm>
            <Cadence>169</Cadence>
          </Trackpoint>
          <Trackpoint>
            <Time>2026-03-03T13:34:55.000Z</Time>
            <Position>
              <LatitudeDegrees>37.3429892</LatitudeDegrees>
              <LongitudeDegrees>-121.8802667</LongitudeDegrees>
            </Position>
            <AltitudeMeters>26.4</AltitudeMeters>
            <DistanceMeters>752.55</DistanceMeters>
            <HeartRateBpm><Value>136</Value></HeartRateBpm>
            <Cadence>169</Cadence>
          </Trackpoint>
          <Trackpoint>
            <Time>2026-03-03T13:35:00.000Z</Time>
            <Position>
              <LatitudeDegrees>37.3430704</LatitudeDegrees>
              <LongitudeDegrees>-121.8801645</LongitudeDegrees>
            </Position>
            <AltitudeMeters>26.3</AltitudeMeters>
            <DistanceMeters>765.31</DistanceMeters>
            <HeartRateBpm><Value>136</Value></HeartRateBpm>
            <Cadence>169</Cadence>
          </Trackpoint>
          <Trackpoint>
            <Time>2026-03-03T13:35:05.000Z</Time>
            <Position>
              <LatitudeDegrees>37.3431516</LatitudeDegrees>
              <LongitudeDegrees>-121.8800622</LongitudeDegrees>
            </Position>
            <AltitudeMeters>26.3</AltitudeMeters>
            <DistanceMeters>778.06</DistanceMeters>
            <HeartRateBpm><Value>136</Value></HeartRateBpm>
            <Cadence>169</Cadence>
          </Trackpoint>
          <Trackpoint>
            <Time>2026-03-03T13:35:10.000Z</Time>
            <Position>
              <LatitudeDegrees>37.3432327</LatitudeDegrees>
              <LongitudeDegrees>-121.8799600</LongitudeDegrees>
            </Position>
            <AltitudeMeters>26.2</AltitudeMeters>
            <DistanceMeters>790.82</DistanceMeters>
            <HeartRateBpm><Value>136</Value></HeartRateBpm>
            <Cadence>169</Cadence>
          </Trackpoint>
          <Trackpoint>
            <Time>2026-03-03T13:35:15.000Z</Time>
            <Position>
              <LatitudeDegrees>37.3433139</LatitudeDegrees>
              <LongitudeDegrees>-121.8798577</LongitudeDegrees>
            </Position>
            <AltitudeMeters>26.2</AltitudeMeters>
            <DistanceMeters>803.57</DistanceMeters>
            <HeartRateBpm><Value>136</Value></HeartRateBpm>
            <Cadence>169</Cadence>
          </Trackpoint>
          <Trackpoint>
            <Time>2026-03-03T13:35:20.000Z</Time>
            <Position>
              <LatitudeDegrees>37.3433951</LatitudeDegrees>
              <LongitudeDegrees>-121.8797554</LongitudeDegrees>
            </Position>
            <AltitudeMeters>26.1</AltitudeMeters>
            <DistanceMeters>816.33</DistanceMeters>
            <HeartRateBpm><Value>136</Value></HeartRateBpm>
            <Cadence>169</Cadence>
          </Trackpoint>
          <Trackpoint>
            <Time>2026-03-03T13:35:25.000Z</Time>
            <Position>
              <LatitudeDegrees>37.3434762</LatitudeDegrees>
              <LongitudeDegrees>-121.8796532</LongitudeDegrees>
            </Position>
            <AltitudeMeters>26</AltitudeMeters>
            <DistanceMeters>829.08</DistanceMeters>
            <HeartRateBpm><Value>136</Value></HeartRateBpm>
            <Cadence>169</Cadence>
          </Trackpoint>
          <Trackpoint>
            <Time>2026-03-03T13:35:30.000Z</Time>
            <Position>
              <LatitudeDegrees>37.3435574</LatitudeDegrees>
              <LongitudeDegrees>-121.8795509</LongitudeDegrees>
            </Position>
            <AltitudeMeters>26</AltitudeMeters>
            <DistanceMeters>841.84</DistanceMeters>
            <HeartRateBpm><Value>136</Value></HeartRateBpm>
            <Cadence>169</Cadence>
          </Trackpoint>
          <Trackpoint>
            <Time>2026-03-03T13:35:35.000Z</Time>
            <Position>
              <LatitudeDegrees>37.3436386</LatitudeDegrees>
              <LongitudeDegrees>-121.8794487</LongitudeDegrees>
            </Position>
            <AltitudeMeters>25.9</AltitudeMeters>
            <DistanceMeters>854.59</DistanceMeters>
            <HeartRateBpm><Value>136</Value></HeartRateBpm>
            <Cadence>169</Cadence>
          </Trackpoint>
          <Trackpoint>
            <Time>2026-03-03T13:35:40.000Z</Time>
            <Position>
              <LatitudeDegrees>37.3437198</LatitudeDegrees>
              <LongitudeDegrees>-121.8793464</LongitudeDegrees>
            </Position>
            <AltitudeMeters>25.8</AltitudeMeters>
            <DistanceMeters>867.35</DistanceMeters>
            <HeartRateBpm><Value>136</Value></HeartRateBpm>
            <Cadence>169</Cadence>
          </Trackpoint>
          <Trackpoint>
            <Time>2026-03-03T13:35:45.000Z</Time>
            <Position>
              <LatitudeDegrees>37.3438009</LatitudeDegrees>
              <LongitudeDegrees>-121.8792441</LongitudeDegrees>
            </Position>
            <AltitudeMeters>25.7</AltitudeMeters>
            <DistanceMeters>880.10</DistanceMeters>
            <HeartRateBpm><Value>136</Value></HeartRateBpm>
            <Cadence>169</Cadence>
          </Trackpoint>
          <Trackpoint>
            <Time>2026-03-03T13:35:50.000Z</Time>
            <Position>
              <LatitudeDegrees>37.3438821</LatitudeDegrees>
              <LongitudeDegrees>-121.8791419</LongitudeDegrees>
            </Position>
            <AltitudeMeters>25.7</AltitudeMeters>
            <DistanceMeters>892.86</DistanceMeters>
            <HeartRateBpm><Value>136</Value></HeartRateBpm>
            <Cadence>169</Cadence>
          </Trackpoint>
          <Trackpoint>
            <Time>2026-03-03T13:35:55.000Z</Time>
            <Position>
              <LatitudeDegrees>37.3439633</LatitudeDegrees>
              <LongitudeDegrees>-121.8790396</LongitudeDegrees>
            </Position>
            <AltitudeMeters>25.6</AltitudeMeters>
            <DistanceMeters>905.61</DistanceMeters>
            <HeartRateBpm><Value>136</Value></HeartRateBpm>
            <Cadence>169</Cadence>
          </Trackpoint>
          <Trackpoint>
            <Time>2026-03-03T13:36:00.000Z</Time>
            <Position>
              <LatitudeDegrees>37.3440445</LatitudeDegrees>
              <LongitudeDegrees>-121.8789374</LongitudeDegrees>
            </Position>
            <AltitudeMeters>25.5</AltitudeMeters>
            <DistanceMeters>918.37</DistanceMeters>
            <HeartRateBpm><Value>136</Value></HeartRateBpm>
            <Cadence>169</Cadence>
          </Trackpoint>
          <Trackpoint>
            <Time>2026-03-03T13:36:05.000Z</Time>
            <Position>
              <LatitudeDegrees>37.3441256</LatitudeDegrees>
              <LongitudeDegrees>-121.8788351</LongitudeDegrees>
            </Position>
            <AltitudeMeters>25.4</AltitudeMeters>
            <DistanceMeters>931.12</DistanceMeters>
            <HeartRateBpm><Value>136</Value></HeartRateBpm>
            <Cadence>169</Cadence>
          </Trackpoint>
          <Trackpoint>
            <Time>2026-03-03T13:36:10.000Z</Time>
            <Position>
              <LatitudeDegrees>37.3442068</LatitudeDegrees>
              <LongitudeDegrees>-121.8787329</LongitudeDegrees>
            </Position>
            <AltitudeMeters>25.4</AltitudeMeters>
            <DistanceMeters>943.88</DistanceMeters>
            <HeartRateBpm><Value>136</Value></HeartRateBpm>
            <Cadence>169</Cadence>
          </Trackpoint>
          <Trackpoint>
            <Time>2026-03-03T13:36:15.000Z</Time>
            <Position>
              <LatitudeDegrees>37.3442880</LatitudeDegrees>
              <LongitudeDegrees>-121.8786306</LongitudeDegrees>
            </Position>
            <AltitudeMeters>25.3</AltitudeMeters>
            <DistanceMeters>956.63</DistanceMeters>
            <HeartRateBpm><Value>136</Value></HeartRateBpm>
            <Cadence>169</Cadence>
          </Trackpoint>
          <Trackpoint>
            <Time>2026-03-03T13:36:20.000Z</Time>
            <Position>
              <LatitudeDegrees>37.3443692</LatitudeDegrees>
              <LongitudeDegrees>-121.8785283</LongitudeDegrees>
            </Position>
            <AltitudeMeters>25.2</AltitudeMeters>
            <DistanceMeters>969.39</DistanceMeters>
            <HeartRateBpm><Value>136</Value></HeartRateBpm>
            <Cadence>169</Cadence>
          </Trackpoint>
          <Trackpoint>
            <Time>2026-03-03T13:36:25.000Z</Time>
            <Position>
              <LatitudeDegrees>37.3444503</LatitudeDegrees>
              <LongitudeDegrees>-121.8784261</LongitudeDegrees>
            </Position>
            <AltitudeMeters>25.1</AltitudeMeters>
            <DistanceMeters>982.14</DistanceMeters>
            <HeartRateBpm><Value>136</Value></HeartRateBpm>
            <Cadence>169</Cadence>
          </Trackpoint>
          <Trackpoint>
            <Time>2026-03-03T13:36:30.000Z</Time>
            <Position>
              <LatitudeDegrees>37.3445315</LatitudeDegrees>
              <LongitudeDegrees>-121.8783238</LongitudeDegrees>
            </Position>
            <AltitudeMeters>25</AltitudeMeters>
            <DistanceMeters>994.90</DistanceMeters>
            <HeartRateBpm><Value>136</Value></HeartRateBpm>
            <Cadence>169</Cadence>
          </Trackpoint>
          <Trackpoint>
            <Time>2026-03-03T13:36:35.000Z</Time>
            <Position>
              <LatitudeDegrees>37.3446127</LatitudeDegrees>
              <LongitudeDegrees>-121.8782216</LongitudeDegrees>
            </Position>
            <AltitudeMeters>25</AltitudeMeters>
            <DistanceMeters>1007.65</DistanceMeters>
            <HeartRateBpm><Value>136</Value></HeartRateBpm>
            <Cadence>169</Cadence>
          </Trackpoint>
          <Trackpoint>
            <Time>2026-03-03T13:36:40.000Z</Time>
            <Position>
              <LatitudeDegrees>37.3446938</LatitudeDegrees>
              <LongitudeDegrees>-121.8781193</LongitudeDegrees>
            </Position>
            <AltitudeMeters>24.9</AltitudeMeters>
            <DistanceMeters>1020.41</DistanceMeters>
            <HeartRateBpm><Value>136</Value></HeartRateBpm>
            <Cadence>169</Cadence>
          </Trackpoint>
          <Trackpoint>
            <Time>2026-03-03T13:36:45.000Z</Time>
            <Position>
              <LatitudeDegrees>37.3447750</LatitudeDegrees>
              <LongitudeDegrees>-121.8780170</LongitudeDegrees>
            </Position>
            <AltitudeMeters>24.8</AltitudeMeters>
            <DistanceMeters>1033.16</DistanceMeters>
            <HeartRateBpm><Value>136</Value></HeartRateBpm>
            <Cadence>169</Cadence>
          </Trackpoint>
          <Trackpoint>
            <Time>2026-03-03T13:36:50.000Z</Time>
            <Position>
              <LatitudeDegrees>37.3448562</LatitudeDegrees>
              <LongitudeDegrees>-121.8779148</LongitudeDegrees>
            </Position>
            <AltitudeMeters>24.7</AltitudeMeters>
            <DistanceMeters>1045.92</DistanceMeters>
            <HeartRateBpm><Value>136</Value></HeartRateBpm>
            <Cadence>169</Cadence>
          </Trackpoint>
          <Trackpoint>
            <Time>2026-03-03T13:36:55.000Z</Time>
            <Position>
              <LatitudeDegrees>37.3449374</LatitudeDegrees>
              <LongitudeDegrees>-121.8778125</LongitudeDegrees>
            </Position>
            <AltitudeMeters>24.6</AltitudeMeters>
            <DistanceMeters>1058.67</DistanceMeters>
            <HeartRateBpm><Value>136</Value></HeartRateBpm>
            <Cadence>169</Cadence>
          </Trackpoint>
          <Trackpoint>
            <Time>2026-03-03T13:37:00.000Z</Time>
            <Position>
              <LatitudeDegrees>37.3450185</LatitudeDegrees>
              <LongitudeDegrees>-121.8777103</LongitudeDegrees>
            </Position>
            <AltitudeMeters>24.6</AltitudeMeters>
            <DistanceMeters>1071.43</DistanceMeters>
            <HeartRateBpm><Value>136</Value></HeartRateBpm>
            <Cadence>169</Cadence>
          </Trackpoint>
          <Trackpoint>
            <Time>2026-03-03T13:37:05.000Z</Time>
            <Position>
              <LatitudeDegrees>37.3450997</LatitudeDegrees>
              <LongitudeDegrees>-121.8776080</LongitudeDegrees>
            </Position>
            <AltitudeMeters>24.5</AltitudeMeters>
            <DistanceMeters>1084.18</DistanceMeters>
            <HeartRateBpm><Value>136</Value></HeartRateBpm>
            <Cadence>169</Cadence>
          </Trackpoint>
          <Trackpoint>
            <Time>2026-03-03T13:37:10.000Z</Time>
            <Position>
              <LatitudeDegrees>37.3451809</LatitudeDegrees>
              <LongitudeDegrees>-121.8775058</LongitudeDegrees>
            </Position>
            <AltitudeMeters>24.4</AltitudeMeters>
            <DistanceMeters>1096.94</DistanceMeters>
            <HeartRateBpm><Value>136</Value></HeartRateBpm>
            <Cadence>169</Cadence>
          </Trackpoint>
          <Trackpoint>
            <Time>2026-03-03T13:37:15.000Z</Time>
            <Position>
              <LatitudeDegrees>37.3452621</LatitudeDegrees>
              <LongitudeDegrees>-121.8774035</LongitudeDegrees>
            </Position>
            <AltitudeMeters>24.3</AltitudeMeters>
            <DistanceMeters>1109.69</DistanceMeters>
            <HeartRateBpm><Value>136</Value></HeartRateBpm>
            <Cadence>169</Cadence>
          </Trackpoint>
          <Trackpoint>
            <Time>2026-03-03T13:37:20.000Z</Time>
            <Position>
              <LatitudeDegrees>37.3453432</LatitudeDegrees>
              <LongitudeDegrees>-121.8773012</LongitudeDegrees>
            </Position>
            <AltitudeMeters>24.2</AltitudeMeters>
            <DistanceMeters>1122.45</DistanceMeters>
            <HeartRateBpm><Value>136</Value></HeartRateBpm>
            <Cadence>169</Cadence>
          </Trackpoint>
          <Trackpoint>
            <Time>2026-03-03T13:37:25.000Z</Time>
            <Position>
              <LatitudeDegrees>37.3454244</LatitudeDegrees>
              <LongitudeDegrees>-121.8771990</LongitudeDegrees>
            </Position>
            <AltitudeMeters>24.2</AltitudeMeters>
            <DistanceMeters>1135.20</DistanceMeters>
            <HeartRateBpm><Value>136</Value></HeartRateBpm>
            <Cadence>169</Cadence>
          </Trackpoint>
          <Trackpoint>
            <Time>2026-03-03T13:37:30.000Z</Time>
            <Position>
              <LatitudeDegrees>37.3455056</LatitudeDegrees>
              <LongitudeDegrees>-121.8770967</LongitudeDegrees>
            </Position>
            <AltitudeMeters>24.1</AltitudeMeters>
            <DistanceMeters>1147.96</DistanceMeters>
            <HeartRateBpm><Value>136</Value></HeartRateBpm>
            <Cadence>169</Cadence>
          </Trackpoint>
          <Trackpoint>
            <Time>2026-03-03T13:37:35.000Z</Time>
            <Position>
              <LatitudeDegrees>37.3455867</LatitudeDegrees>
              <LongitudeDegrees>-121.8769945</LongitudeDegrees>
            </Position>
            <AltitudeMeters>24</AltitudeMeters>
            <DistanceMeters>1160.71</DistanceMeters>
            <HeartRateBpm><Value>136</Value></HeartRateBpm>
            <Cadence>169</Cadence>
          </Trackpoint>
          <Trackpoint>
            <Time>2026-03-03T13:37:40.000Z</Time>
            <Position>
              <LatitudeDegrees>37.3456679</LatitudeDegrees>
              <LongitudeDegrees>-121.8768922</LongitudeDegrees>
            </Position>
            <AltitudeMeters>24</AltitudeMeters>
            <DistanceMeters>1173.47</DistanceMeters>
            <HeartRateBpm><Value>136</Value></HeartRateBpm>
            <Cadence>169</Cadence>
          </Trackpoint>
          <Trackpoint>
            <Time>2026-03-03T13:37:45.000Z</Time>
            <Position>
              <LatitudeDegrees>37.3457491</LatitudeDegrees>
              <LongitudeDegrees>-121.8767899</LongitudeDegrees>
            </Position>
            <AltitudeMeters>23.9</AltitudeMeters>
            <DistanceMeters>1186.22</DistanceMeters>
            <HeartRateBpm><Value>136</Value></HeartRateBpm>
            <Cadence>169</Cadence>
          </Trackpoint>
          <Trackpoint>
            <Time>2026-03-03T13:37:50.000Z</Time>
            <Position>
              <LatitudeDegrees>37.3458303</LatitudeDegrees>
              <LongitudeDegrees>-121.8766877</LongitudeDegrees>
            </Position>
            <AltitudeMeters>23.8</AltitudeMeters>
            <DistanceMeters>1198.98</DistanceMeters>
            <HeartRateBpm><Value>136</Value></HeartRateBpm>
            <Cadence>169</Cadence>
          </Trackpoint>
          <Trackpoint>
            <Time>2026-03-03T13:37:55.000Z</Time>
            <Position>
              <LatitudeDegrees>37.3459114</LatitudeDegrees>
              <LongitudeDegrees>-121.8765854</LongitudeDegrees>
            </Position>
            <AltitudeMeters>23.8</AltitudeMeters>
            <DistanceMeters>1211.73</DistanceMeters>
            <HeartRateBpm><Value>136</Value></HeartRateBpm>
            <Cadence>169</Cadence>
          </Trackpoint>
          <Trackpoint>
            <Time>2026-03-03T13:38:00.000Z</Time>
            <Position>
              <LatitudeDegrees>37.3459926</LatitudeDegrees>
              <LongitudeDegrees>-121.8764832</LongitudeDegrees>
            </Position>
            <AltitudeMeters>23.7</AltitudeMeters>
            <DistanceMeters>1224.49</DistanceMeters>
            <HeartRateBpm><Value>136</Value></HeartRateBpm>
            <Cadence>169</Cadence>
          </Trackpoint>
          <Trackpoint>
            <Time>2026-03-03T13:38:05.000Z</Time>
            <Position>
              <LatitudeDegrees>37.3460738</LatitudeDegrees>
              <LongitudeDegrees>-121.8763809</LongitudeDegrees>
            </Position>
            <AltitudeMeters>23.6</AltitudeMeters>
            <DistanceMeters>1237.24</DistanceMeters>
            <HeartRateBpm><Value>136</Value></HeartRateBpm>
            <Cadence>169</Cadence>
          </Trackpoint>
          <Trackpoint>
            <Time>2026-03-03T13:38:10.000Z</Time>
            <Position>
              <LatitudeDegrees>37.3461550</LatitudeDegrees>
              <LongitudeDegrees>-121.8762786</LongitudeDegrees>
            </Position>
            <AltitudeMeters>23.6</AltitudeMeters>
            <DistanceMeters>1250.00</DistanceMeters>
            <HeartRateBpm><Value>136</Value></HeartRateBpm>
            <Cadence>169</Cadence>
          </Trackpoint>
          <Trackpoint>
            <Time>2026-03-03T13:38:15.000Z</Time>
            <Position>
              <LatitudeDegrees>37.3462361</LatitudeDegrees>
              <LongitudeDegrees>-121.8761764</LongitudeDegrees>
            </Position>
            <AltitudeMeters>23.5</AltitudeMeters>
            <DistanceMeters>1262.76</DistanceMeters>
            <HeartRateBpm><Value>136</Value></HeartRateBpm>
            <Cadence>169</Cadence>
          </Trackpoint>
          <Trackpoint>
            <Time>2026-03-03T13:38:20.000Z</Time>
            <Position>
              <LatitudeDegrees>37.3463173</LatitudeDegrees>
              <LongitudeDegrees>-121.8760741</LongitudeDegrees>
            </Position>
            <AltitudeMeters>23.5</AltitudeMeters>
            <DistanceMeters>1275.51</DistanceMeters>
            <HeartRateBpm><Value>136</Value></HeartRateBpm>
            <Cadence>169</Cadence>
          </Trackpoint>
          <Trackpoint>
            <Time>2026-03-03T13:38:25.000Z</Time>
            <Position>
              <LatitudeDegrees>37.3463985</LatitudeDegrees>
              <LongitudeDegrees>-121.8759719</LongitudeDegrees>
            </Position>
            <AltitudeMeters>23.4</AltitudeMeters>
            <DistanceMeters>1288.27</DistanceMeters>
            <HeartRateBpm><Value>136</Value></HeartRateBpm>
            <Cadence>169</Cadence>
          </Trackpoint>
          <Trackpoint>
            <Time>2026-03-03T13:38:30.000Z</Time>
            <Position>
              <LatitudeDegrees>37.3464797</LatitudeDegrees>
              <LongitudeDegrees>-121.8758696</LongitudeDegrees>
            </Position>
            <AltitudeMeters>23.4</AltitudeMeters>
            <DistanceMeters>1301.02</DistanceMeters>
            <HeartRateBpm><Value>136</Value></HeartRateBpm>
            <Cadence>169</Cadence>
          </Trackpoint>
          <Trackpoint>
            <Time>2026-03-03T13:38:35.000Z</Time>
            <Position>
              <LatitudeDegrees>37.3465608</LatitudeDegrees>
              <LongitudeDegrees>-121.8757674</LongitudeDegrees>
            </Position>
            <AltitudeMeters>23.3</AltitudeMeters>
            <DistanceMeters>1313.78</DistanceMeters>
            <HeartRateBpm><Value>136</Value></HeartRateBpm>
            <Cadence>169</Cadence>
          </Trackpoint>
          <Trackpoint>
            <Time>2026-03-03T13:38:40.000Z</Time>
            <Position>
              <LatitudeDegrees>37.3466420</LatitudeDegrees>
              <LongitudeDegrees>-121.8756651</LongitudeDegrees>
            </Position>
            <AltitudeMeters>23.3</AltitudeMeters>
            <DistanceMeters>1326.53</DistanceMeters>
            <HeartRateBpm><Value>136</Value></HeartRateBpm>
            <Cadence>169</Cadence>
          </Trackpoint>
          <Trackpoint>
            <Time>2026-03-03T13:38:45.000Z</Time>
            <Position>
              <LatitudeDegrees>37.3467232</LatitudeDegrees>
              <LongitudeDegrees>-121.8755628</LongitudeDegrees>
            </Position>
            <AltitudeMeters>23.2</AltitudeMeters>
            <DistanceMeters>1339.29</DistanceMeters>
            <HeartRateBpm><Value>136</Value></HeartRateBpm>
            <Cadence>169</Cadence>
          </Trackpoint>
          <Trackpoint>
            <Time>2026-03-03T13:38:50.000Z</Time>
            <Position>
              <LatitudeDegrees>37.3468043</LatitudeDegrees>
              <LongitudeDegrees>-121.8754606</LongitudeDegrees>
            </Position>
            <AltitudeMeters>23.2</AltitudeMeters>
            <DistanceMeters>1352.04</DistanceMeters>
            <HeartRateBpm><Value>136</Value></HeartRateBpm>
            <Cadence>169</Cadence>
          </Trackpoint>
          <Trackpoint>
            <Time>2026-03-03T13:38:55.000Z</Time>
            <Position>
              <LatitudeDegrees>37.3468855</LatitudeDegrees>
              <LongitudeDegrees>-121.8753583</LongitudeDegrees>
            </Position>
            <AltitudeMeters>23.2</AltitudeMeters>
            <DistanceMeters>1364.80</DistanceMeters>
            <HeartRateBpm><Value>136</Value></HeartRateBpm>
            <Cadence>169</Cadence>
          </Trackpoint>
          <Trackpoint>
            <Time>2026-03-03T13:39:00.000Z</Time>
            <Position>
              <LatitudeDegrees>37.3469667</LatitudeDegrees>
              <LongitudeDegrees>-121.8752561</LongitudeDegrees>
            </Position>
            <AltitudeMeters>23.1</AltitudeMeters>
            <DistanceMeters>1377.55</DistanceMeters>
            <HeartRateBpm><Value>136</Value></HeartRateBpm>
            <Cadence>169</Cadence>
          </Trackpoint>
          <Trackpoint>
            <Time>2026-03-03T13:39:05.000Z</Time>
            <Position>
              <LatitudeDegrees>37.3470479</LatitudeDegrees>
              <LongitudeDegrees>-121.8751538</LongitudeDegrees>
            </Position>
            <AltitudeMeters>23.1</AltitudeMeters>
            <DistanceMeters>1390.31</DistanceMeters>
            <HeartRateBpm><Value>136</Value></HeartRateBpm>
            <Cadence>169</Cadence>
          </Trackpoint>
          <Trackpoint>
            <Time>2026-03-03T13:39:10.000Z</Time>
            <Position>
              <LatitudeDegrees>37.3471290</LatitudeDegrees>
              <LongitudeDegrees>-121.8750515</LongitudeDegrees>
            </Position>
            <AltitudeMeters>23.1</AltitudeMeters>
            <DistanceMeters>1403.06</DistanceMeters>
            <HeartRateBpm><Value>136</Value></HeartRateBpm>
            <Cadence>169</Cadence>
          </Trackpoint>
          <Trackpoint>
            <Time>2026-03-03T13:39:15.000Z</Time>
            <Position>
              <LatitudeDegrees>37.3472102</LatitudeDegrees>
              <LongitudeDegrees>-121.8749493</LongitudeDegrees>
            </Position>
            <AltitudeMeters>23.1</AltitudeMeters>
            <DistanceMeters>1415.82</DistanceMeters>
            <HeartRateBpm><Value>136</Value></HeartRateBpm>
            <Cadence>169</Cadence>
          </Trackpoint>
          <Trackpoint>
            <Time>2026-03-03T13:39:20.000Z</Time>
            <Position>
              <LatitudeDegrees>37.3472914</LatitudeDegrees>
              <LongitudeDegrees>-121.8748470</LongitudeDegrees>
            </Position>
            <AltitudeMeters>23.1</AltitudeMeters>
            <DistanceMeters>1428.57</DistanceMeters>
            <HeartRateBpm><Value>136</Value></HeartRateBpm>
            <Cadence>169</Cadence>
          </Trackpoint>
          <Trackpoint>
            <Time>2026-03-03T13:39:25.000Z</Time>
            <Position>
              <LatitudeDegrees>37.3473726</LatitudeDegrees>
              <LongitudeDegrees>-121.8747448</LongitudeDegrees>
            </Position>
            <AltitudeMeters>23</AltitudeMeters>
            <DistanceMeters>1441.33</DistanceMeters>
            <HeartRateBpm><Value>136</Value></HeartRateBpm>
            <Cadence>169</Cadence>
          </Trackpoint>
          <Trackpoint>
            <Time>2026-03-03T13:39:30.000Z</Time>
            <Position>
              <LatitudeDegrees>37.3474537</LatitudeDegrees>
              <LongitudeDegrees>-121.8746425</LongitudeDegrees>
            </Position>
            <AltitudeMeters>23</AltitudeMeters>
            <DistanceMeters>1454.08</DistanceMeters>
            <HeartRateBpm><Value>136</Value></HeartRateBpm>
            <Cadence>169</Cadence>
          </Trackpoint>
          <Trackpoint>
            <Time>2026-03-03T13:39:35.000Z</Time>
            <Position>
              <LatitudeDegrees>37.3475349</LatitudeDegrees>
              <LongitudeDegrees>-121.8745402</LongitudeDegrees>
            </Position>
            <AltitudeMeters>23</AltitudeMeters>
            <DistanceMeters>1466.84</DistanceMeters>
            <HeartRateBpm><Value>136</Value></HeartRateBpm>
            <Cadence>169</Cadence>
          </Trackpoint>
          <Trackpoint>
            <Time>2026-03-03T13:39:40.000Z</Time>
            <Position>
              <LatitudeDegrees>37.3476161</LatitudeDegrees>
              <LongitudeDegrees>-121.8744380</LongitudeDegrees>
            </Position>
            <AltitudeMeters>23</AltitudeMeters>
            <DistanceMeters>1479.59</DistanceMeters>
            <HeartRateBpm><Value>136</Value></HeartRateBpm>
            <Cadence>169</Cadence>
          </Trackpoint>
          <Trackpoint>
            <Time>2026-03-03T13:39:45.000Z</Time>
            <Position>
              <LatitudeDegrees>37.3476972</LatitudeDegrees>
              <LongitudeDegrees>-121.8743357</LongitudeDegrees>
            </Position>
            <AltitudeMeters>23</AltitudeMeters>
            <DistanceMeters>1492.35</DistanceMeters>
            <HeartRateBpm><Value>136</Value></HeartRateBpm>
            <Cadence>169</Cadence>
          </Trackpoint>
          <Trackpoint>
            <Time>2026-03-03T13:39:48.000Z</Time>
            <Position>
              <LatitudeDegrees>37.3477460</LatitudeDegrees>
              <LongitudeDegrees>-121.8742744</LongitudeDegrees>
            </Position>
            <AltitudeMeters>23</AltitudeMeters>
            <DistanceMeters>1500.00</DistanceMeters>
            <HeartRateBpm><Value>136</Value></HeartRateBpm>
            <Cadence>169</Cadence>
          </Trackpoint>
        </Track>
      </Lap>
      <Lap StartTime="2026-03-03T13:39:48.000Z">
        <TotalTimeSeconds>290</TotalTimeSeconds>
        <DistanceMeters>1000</DistanceMeters>
        <AverageHeartRateBpm><Value>181</Value></AverageHeartRateBpm>
        <MaximumHeartRateBpm><Value>188</Value></MaximumHeartRateBpm>
        <Intensity>Active</Intensity>
        <TriggerMethod>Manual</TriggerMethod>
        <Track>
          <Trackpoint>
            <Time>2026-03-03T13:39:48.000Z</Time>
            <Position>
              <LatitudeDegrees>37.3477460</LatitudeDegrees>
              <LongitudeDegrees>-121.8742744</LongitudeDegrees>
            </Position>
            <AltitudeMeters>23</AltitudeMeters>
            <DistanceMeters>1500.00</DistanceMeters>
            <HeartRateBpm><Value>173</Value></HeartRateBpm>
            <Cadence>180</Cadence>
          </Trackpoint>
          <Trackpoint>
            <Time>2026-03-03T13:39:53.000Z</Time>
            <Position>
              <LatitudeDegrees>37.3478557</LatitudeDegrees>
              <LongitudeDegrees>-121.8741361</LongitudeDegrees>
            </Position>
            <AltitudeMeters>23</AltitudeMeters>
            <DistanceMeters>1517.24</DistanceMeters>
            <HeartRateBpm><Value>174</Value></HeartRateBpm>
            <Cadence>180</Cadence>
          </Trackpoint>
          <Trackpoint>
            <Time>2026-03-03T13:39:58.000Z</Time>
            <Position>
              <LatitudeDegrees>37.3479654</LatitudeDegrees>
              <LongitudeDegrees>-121.8739979</LongitudeDegrees>
            </Position>
            <AltitudeMeters>23</AltitudeMeters>
            <DistanceMeters>1534.48</DistanceMeters>
            <HeartRateBpm><Value>175</Value></HeartRateBpm>
            <Cadence>180</Cadence>
          </Trackpoint>
          <Trackpoint>
            <Time>2026-03-03T13:40:03.000Z</Time>
            <Position>
              <LatitudeDegrees>37.3480751</LatitudeDegrees>
              <LongitudeDegrees>-121.8738597</LongitudeDegrees>
            </Position>
            <AltitudeMeters>23</AltitudeMeters>
            <DistanceMeters>1551.72</DistanceMeters>
            <HeartRateBpm><Value>176</Value></HeartRateBpm>
            <Cadence>180</Cadence>
          </Trackpoint>
          <Trackpoint>
            <Time>2026-03-03T13:40:08.000Z</Time>
            <Position>
              <LatitudeDegrees>37.3481848</LatitudeDegrees>
              <LongitudeDegrees>-121.8737215</LongitudeDegrees>
            </Position>
            <AltitudeMeters>23</AltitudeMeters>
            <DistanceMeters>1568.97</DistanceMeters>
            <HeartRateBpm><Value>177</Value></HeartRateBpm>
            <Cadence>180</Cadence>
          </Trackpoint>
          <Trackpoint>
            <Time>2026-03-03T13:40:13.000Z</Time>
            <Position>
              <LatitudeDegrees>37.3482946</LatitudeDegrees>
              <LongitudeDegrees>-121.8735832</LongitudeDegrees>
            </Position>
            <AltitudeMeters>23.1</AltitudeMeters>
            <DistanceMeters>1586.21</DistanceMeters>
            <HeartRateBpm><Value>178</Value></HeartRateBpm>
            <Cadence>180</Cadence>
          </Trackpoint>
          <Trackpoint>
            <Time>2026-03-03T13:40:18.000Z</Time>
            <Position>
              <LatitudeDegrees>37.3484043</LatitudeDegrees>
              <LongitudeDegrees>-121.8734450</LongitudeDegrees>
            </Position>
            <AltitudeMeters>23.1</AltitudeMeters>
            <DistanceMeters>1603.45</DistanceMeters>
            <HeartRateBpm><Value>179</Value></HeartRateBpm>
            <Cadence>180</Cadence>
          </Trackpoint>
          <Trackpoint>
            <Time>2026-03-03T13:40:23.000Z</Time>
            <Position>
              <LatitudeDegrees>37.3485140</LatitudeDegrees>
              <LongitudeDegrees>-121.8733068</LongitudeDegrees>
            </Position>
            <AltitudeMeters>23.1</AltitudeMeters>
            <DistanceMeters>1620.69</DistanceMeters>
            <HeartRateBpm><Value>179</Value></HeartRateBpm>
            <Cadence>180</Cadence>
          </Trackpoint>
          <Trackpoint>
            <Time>2026-03-03T13:40:28.000Z</Time>
            <Position>
              <LatitudeDegrees>37.3486237</LatitudeDegrees>
              <LongitudeDegrees>-121.8731686</LongitudeDegrees>
            </Position>
            <AltitudeMeters>23.2</AltitudeMeters>
            <DistanceMeters>1637.93</DistanceMeters>
            <HeartRateBpm><Value>180</Value></HeartRateBpm>
            <Cadence>180</Cadence>
          </Trackpoint>
          <Trackpoint>
            <Time>2026-03-03T13:40:33.000Z</Time>
            <Position>
              <LatitudeDegrees>37.3487335</LatitudeDegrees>
              <LongitudeDegrees>-121.8730303</LongitudeDegrees>
            </Position>
            <AltitudeMeters>23.2</AltitudeMeters>
            <DistanceMeters>1655.17</DistanceMeters>
            <HeartRateBpm><Value>181</Value></HeartRateBpm>
            <Cadence>180</Cadence>
          </Trackpoint>
          <Trackpoint>
            <Time>2026-03-03T13:40:38.000Z</Time>
            <Position>
              <LatitudeDegrees>37.3488432</LatitudeDegrees>
              <LongitudeDegrees>-121.8728921</LongitudeDegrees>
            </Position>
            <AltitudeMeters>23.3</AltitudeMeters>
            <DistanceMeters>1672.41</DistanceMeters>
            <HeartRateBpm><Value>181</Value></HeartRateBpm>
            <Cadence>180</Cadence>
          </Trackpoint>
          <Trackpoint>
            <Time>2026-03-03T13:40:43.000Z</Time>
            <Position>
              <LatitudeDegrees>37.3489529</LatitudeDegrees>
              <LongitudeDegrees>-121.8727539</LongitudeDegrees>
            </Position>
            <AltitudeMeters>23.3</AltitudeMeters>
            <DistanceMeters>1689.66</DistanceMeters>
            <HeartRateBpm><Value>181</Value></HeartRateBpm>
            <Cadence>180</Cadence>
          </Trackpoint>
          <Trackpoint>
            <Time>2026-03-03T13:40:48.000Z</Time>
            <Position>
              <LatitudeDegrees>37.3490626</LatitudeDegrees>
              <LongitudeDegrees>-121.8726157</LongitudeDegrees>
            </Position>
            <AltitudeMeters>23.4</AltitudeMeters>
            <DistanceMeters>1706.90</DistanceMeters>
            <HeartRateBpm><Value>181</Value></HeartRateBpm>
            <Cadence>180</Cadence>
          </Trackpoint>
          <Trackpoint>
            <Time>2026-03-03T13:40:53.000Z</Time>
            <Position>
              <LatitudeDegrees>37.3491724</LatitudeDegrees>
              <LongitudeDegrees>-121.8724774</LongitudeDegrees>
            </Position>
            <AltitudeMeters>23.5</AltitudeMeters>
            <DistanceMeters>1724.14</DistanceMeters>
            <HeartRateBpm><Value>181</Value></HeartRateBpm>
            <Cadence>180</Cadence>
          </Trackpoint>
          <Trackpoint>
            <Time>2026-03-03T13:40:58.000Z</Time>
            <Position>
              <LatitudeDegrees>37.3492821</LatitudeDegrees>
              <LongitudeDegrees>-121.8723392</LongitudeDegrees>
            </Position>
            <AltitudeMeters>23.5</AltitudeMeters>
            <DistanceMeters>1741.38</DistanceMeters>
            <HeartRateBpm><Value>181</Value></HeartRateBpm>
            <Cadence>180</Cadence>
          </Trackpoint>
          <Trackpoint>
            <Time>2026-03-03T13:41:03.000Z</Time>
            <Position>
              <LatitudeDegrees>37.3493918</LatitudeDegrees>
              <LongitudeDegrees>-121.8722010</LongitudeDegrees>
            </Position>
            <AltitudeMeters>23.6</AltitudeMeters>
            <DistanceMeters>1758.62</DistanceMeters>
            <HeartRateBpm><Value>181</Value></HeartRateBpm>
            <Cadence>180</Cadence>
          </Trackpoint>
          <Trackpoint>
            <Time>2026-03-03T13:41:08.000Z</Time>
            <Position>
              <LatitudeDegrees>37.3495015</LatitudeDegrees>
              <LongitudeDegrees>-121.8720628</LongitudeDegrees>
            </Position>
            <AltitudeMeters>23.7</AltitudeMeters>
            <DistanceMeters>1775.86</DistanceMeters>
            <HeartRateBpm><Value>181</Value></HeartRateBpm>
            <Cadence>180</Cadence>
          </Trackpoint>
          <Trackpoint>
            <Time>2026-03-03T13:41:13.000Z</Time>
            <Position>
              <LatitudeDegrees>37.3496113</LatitudeDegrees>
              <LongitudeDegrees>-121.8719245</LongitudeDegrees>
            </Position>
            <AltitudeMeters>23.8</AltitudeMeters>
            <DistanceMeters>1793.10</DistanceMeters>
            <HeartRateBpm><Value>181</Value></HeartRateBpm>
            <Cadence>180</Cadence>
          </Trackpoint>
          <Trackpoint>
            <Time>2026-03-03T13:41:18.000Z</Time>
            <Position>
              <LatitudeDegrees>37.3497210</LatitudeDegrees>
              <LongitudeDegrees>-121.8717863</LongitudeDegrees>
            </Position>
            <AltitudeMeters>23.9</AltitudeMeters>
            <DistanceMeters>1810.34</DistanceMeters>
            <HeartRateBpm><Value>181</Value></HeartRateBpm>
            <Cadence>180</Cadence>
          </Trackpoint>
          <Trackpoint>
            <Time>2026-03-03T13:41:23.000Z</Time>
            <Position>
              <LatitudeDegrees>37.3498307</LatitudeDegrees>
              <LongitudeDegrees>-121.8716481</LongitudeDegrees>
            </Position>
            <AltitudeMeters>24</AltitudeMeters>
            <DistanceMeters>1827.59</DistanceMeters>
            <HeartRateBpm><Value>181</Value></HeartRateBpm>
            <Cadence>180</Cadence>
          </Trackpoint>
          <Trackpoint>
            <Time>2026-03-03T13:41:28.000Z</Time>
            <Position>
              <LatitudeDegrees>37.3499404</LatitudeDegrees>
              <LongitudeDegrees>-121.8715099</LongitudeDegrees>
            </Position>
            <AltitudeMeters>24.1</AltitudeMeters>
            <DistanceMeters>1844.83</DistanceMeters>
            <HeartRateBpm><Value>181</Value></HeartRateBpm>
            <Cadence>180</Cadence>
          </Trackpoint>
          <Trackpoint>
            <Time>2026-03-03T13:41:33.000Z</Time>
            <Position>
              <LatitudeDegrees>37.3500501</LatitudeDegrees>
              <LongitudeDegrees>-121.8713716</LongitudeDegrees>
            </Position>
            <AltitudeMeters>24.2</AltitudeMeters>
            <DistanceMeters>1862.07</DistanceMeters>
            <HeartRateBpm><Value>181</Value></HeartRateBpm>
            <Cadence>180</Cadence>
          </Trackpoint>
          <Trackpoint>
            <Time>2026-03-03T13:41:38.000Z</Time>
            <Position>
              <LatitudeDegrees>37.3501599</LatitudeDegrees>
              <LongitudeDegrees>-121.8712334</LongitudeDegrees>
            </Position>
            <AltitudeMeters>24.3</AltitudeMeters>
            <DistanceMeters>1879.31</DistanceMeters>
            <HeartRateBpm><Value>181</Value></HeartRateBpm>
            <Cadence>180</Cadence>
          </Trackpoint>
          <Trackpoint>
            <Time>2026-03-03T13:41:43.000Z</Time>
            <Position>
              <LatitudeDegrees>37.3502696</LatitudeDegrees>
              <LongitudeDegrees>-121.8710952</LongitudeDegrees>
            </Position>
            <AltitudeMeters>24.4</AltitudeMeters>
            <DistanceMeters>1896.55</DistanceMeters>
            <HeartRateBpm><Value>181</Value></HeartRateBpm>
            <Cadence>180</Cadence>
          </Trackpoint>
          <Trackpoint>
            <Time>2026-03-03T13:41:48.000Z</Time>
            <Position>
              <LatitudeDegrees>37.3503793</LatitudeDegrees>
              <LongitudeDegrees>-121.8709570</LongitudeDegrees>
            </Position>
            <AltitudeMeters>24.5</AltitudeMeters>
            <DistanceMeters>1913.79</DistanceMeters>
            <HeartRateBpm><Value>181</Value></HeartRateBpm>
            <Cadence>180</Cadence>
          </Trackpoint>
          <Trackpoint>
            <Time>2026-03-03T13:41:53.000Z</Time>
            <Position>
              <LatitudeDegrees>37.3504890</LatitudeDegrees>
              <LongitudeDegrees>-121.8708187</LongitudeDegrees>
            </Position>
            <AltitudeMeters>24.6</AltitudeMeters>
            <DistanceMeters>1931.03</DistanceMeters>
            <HeartRateBpm><Value>181</Value></HeartRateBpm>
            <Cadence>180</Cadence>
          </Trackpoint>
          <Trackpoint>
            <Time>2026-03-03T13:41:58.000Z</Time>
            <Position>
              <LatitudeDegrees>37.3505988</LatitudeDegrees>
              <LongitudeDegrees>-121.8706805</LongitudeDegrees>
            </Position>
            <AltitudeMeters>24.7</AltitudeMeters>
            <DistanceMeters>1948.28</DistanceMeters>
            <HeartRateBpm><Value>181</Value></HeartRateBpm>
            <Cadence>180</Cadence>
          </Trackpoint>
          <Trackpoint>
            <Time>2026-03-03T13:42:03.000Z</Time>
            <Position>
              <LatitudeDegrees>37.3507085</LatitudeDegrees>
              <LongitudeDegrees>-121.8705423</LongitudeDegrees>
            </Position>
            <AltitudeMeters>24.8</AltitudeMeters>
            <DistanceMeters>1965.52</DistanceMeters>
            <HeartRateBpm><Value>181</Value></HeartRateBpm>
            <Cadence>180</Cadence>
          </Trackpoint>
          <Trackpoint>
            <Time>2026-03-03T13:42:08.000Z</Time>
            <Position>
              <LatitudeDegrees>37.3508182</LatitudeDegrees>
              <LongitudeDegrees>-121.8704041</LongitudeDegrees>
            </Position>
            <AltitudeMeters>24.9</AltitudeMeters>
            <DistanceMeters>1982.76</DistanceMeters>
            <HeartRateBpm><Value>181</Value></HeartRateBpm>
            <Cadence>180</Cadence>
          </Trackpoint>
          <Trackpoint>
            <Time>2026-03-03T13:42:13.000Z</Time>
            <Position>
              <LatitudeDegrees>37.3509279</LatitudeDegrees>
              <LongitudeDegrees>-121.8702658</LongitudeDegrees>
            </Position>
            <AltitudeMeters>25</AltitudeMeters>
            <DistanceMeters>2000.00</DistanceMeters>
            <HeartRateBpm><Value>181</Value></HeartRateBpm>
            <Cadence>180</Cadence>
          </Trackpoint>
          <Trackpoint>
            <Time>2026-03-03T13:42:18.000Z</Time>
            <Position>
              <LatitudeDegrees>37.3510377</LatitudeDegrees>
              <LongitudeDegrees>-121.8701276</LongitudeDegrees>
            </Position>
            <AltitudeMeters>25.1</AltitudeMeters>
            <DistanceMeters>2017.24</DistanceMeters>
            <HeartRateBpm><Value>181</Value></HeartRateBpm>
            <Cadence>180</Cadence>
          </Trackpoint>
          <Trackpoint>
            <Time>2026-03-03T13:42:23.000Z</Time>
            <Position>
              <LatitudeDegrees>37.3511474</LatitudeDegrees>
              <LongitudeDegrees>-121.8699894</LongitudeDegrees>
            </Position>
            <AltitudeMeters>25.2</AltitudeMeters>
            <DistanceMeters>2034.48</DistanceMeters>
            <HeartRateBpm><Value>181</Value></HeartRateBpm>
            <Cadence>180</Cadence>
          </Trackpoint>
          <Trackpoint>
            <Time>2026-03-03T13:42:28.000Z</Time>
            <Position>
              <LatitudeDegrees>37.3512571</LatitudeDegrees>
              <LongitudeDegrees>-121.8698512</LongitudeDegrees>
            </Position>
            <AltitudeMeters>25.3</AltitudeMeters>
            <DistanceMeters>2051.72</DistanceMeters>
            <HeartRateBpm><Value>181</Value></HeartRateBpm>
            <Cadence>180</Cadence>
          </Trackpoint>
          <Trackpoint>
            <Time>2026-03-03T13:42:33.000Z</Time>
            <Position>
              <LatitudeDegrees>37.3513668</LatitudeDegrees>
              <LongitudeDegrees>-121.8697129</LongitudeDegrees>
            </Position>
            <AltitudeMeters>25.4</AltitudeMeters>
            <DistanceMeters>2068.97</DistanceMeters>
            <HeartRateBpm><Value>181</Value></HeartRateBpm>
            <Cadence>180</Cadence>
          </Trackpoint>
          <Trackpoint>
            <Time>2026-03-03T13:42:38.000Z</Time>
            <Position>
              <LatitudeDegrees>37.3514766</LatitudeDegrees>
              <LongitudeDegrees>-121.8695747</LongitudeDegrees>
            </Position>
            <AltitudeMeters>25.5</AltitudeMeters>
            <DistanceMeters>2086.21</DistanceMeters>
            <HeartRateBpm><Value>181</Value></HeartRateBpm>
            <Cadence>180</Cadence>
          </Trackpoint>
          <Trackpoint>
            <Time>2026-03-03T13:42:43.000Z</Time>
            <Position>
              <LatitudeDegrees>37.3515863</LatitudeDegrees>
              <LongitudeDegrees>-121.8694365</LongitudeDegrees>
            </Position>
            <AltitudeMeters>25.6</AltitudeMeters>
            <DistanceMeters>2103.45</DistanceMeters>
            <HeartRateBpm><Value>181</Value></HeartRateBpm>
            <Cadence>180</Cadence>
          </Trackpoint>
          <Trackpoint>
            <Time>2026-03-03T13:42:48.000Z</Time>
            <Position>
              <LatitudeDegrees>37.3516960</LatitudeDegrees>
              <LongitudeDegrees>-121.8692983</LongitudeDegrees>
            </Position>
            <AltitudeMeters>25.7</AltitudeMeters>
            <DistanceMeters>2120.69</DistanceMeters>
            <HeartRateBpm><Value>181</Value></HeartRateBpm>
            <Cadence>180</Cadence>
          </Trackpoint>
          <Trackpoint>
            <Time>2026-03-03T13:42:53.000Z</Time>
            <Position>
              <LatitudeDegrees>37.3518057</LatitudeDegrees>
              <LongitudeDegrees>-121.8691600</LongitudeDegrees>
            </Position>
            <AltitudeMeters>25.8</AltitudeMeters>
            <DistanceMeters>2137.93</DistanceMeters>
            <HeartRateBpm><Value>181</Value></HeartRateBpm>
            <Cadence>180</Cadence>
          </Trackpoint>
          <Trackpoint>
            <Time>2026-03-03T13:42:58.000Z</Time>
            <Position>
              <LatitudeDegrees>37.3519154</LatitudeDegrees>
              <LongitudeDegrees>-121.8690218</LongitudeDegrees>
            </Position>
            <AltitudeMeters>25.9</AltitudeMeters>
            <DistanceMeters>2155.17</DistanceMeters>
            <HeartRateBpm><Value>181</Value></HeartRateBpm>
            <Cadence>180</Cadence>
          </Trackpoint>
          <Trackpoint>
            <Time>2026-03-03T13:43:03.000Z</Time>
            <Position>
              <LatitudeDegrees>37.3520252</LatitudeDegrees>
              <LongitudeDegrees>-121.8688836</LongitudeDegrees>
            </Position>
            <AltitudeMeters>26</AltitudeMeters>
            <DistanceMeters>2172.41</DistanceMeters>
            <HeartRateBpm><Value>181</Value></HeartRateBpm>
            <Cadence>180</Cadence>
          </Trackpoint>
          <Trackpoint>
            <Time>2026-03-03T13:43:08.000Z</Time>
            <Position>
              <LatitudeDegrees>37.3521349</LatitudeDegrees>
              <LongitudeDegrees>-121.8687454</LongitudeDegrees>
            </Position>
            <AltitudeMeters>26.1</AltitudeMeters>
            <DistanceMeters>2189.66</DistanceMeters>
            <HeartRateBpm><Value>181</Value></HeartRateBpm>
            <Cadence>180</Cadence>
          </Trackpoint>
          <Trackpoint>
            <Time>2026-03-03T13:43:13.000Z</Time>
            <Position>
              <LatitudeDegrees>37.3522446</LatitudeDegrees>
              <LongitudeDegrees>-121.8686071</LongitudeDegrees>
            </Position>
            <AltitudeMeters>26.2</AltitudeMeters>
            <DistanceMeters>2206.90</DistanceMeters>
            <HeartRateBpm><Value>181</Value></HeartRateBpm>
            <Cadence>180</Cadence>
          </Trackpoint>
          <Trackpoint>
            <Time>2026-03-03T13:43:18.000Z</Time>
            <Position>
              <LatitudeDegrees>37.3523543</LatitudeDegrees>
              <LongitudeDegrees>-121.8684689</LongitudeDegrees>
            </Position>
            <AltitudeMeters>26.3</AltitudeMeters>
            <DistanceMeters>2224.14</DistanceMeters>
            <HeartRateBpm><Value>181</Value></HeartRateBpm>
            <Cadence>180</Cadence>
          </Trackpoint>
          <Trackpoint>
            <Time>2026-03-03T13:43:23.000Z</Time>
            <Position>
              <LatitudeDegrees>37.3524641</LatitudeDegrees>
              <LongitudeDegrees>-121.8683307</LongitudeDegrees>
            </Position>
            <AltitudeMeters>26.4</AltitudeMeters>
            <DistanceMeters>2241.38</DistanceMeters>
            <HeartRateBpm><Value>181</Value></HeartRateBpm>
            <Cadence>180</Cadence>
          </Trackpoint>
          <Trackpoint>
            <Time>2026-03-03T13:43:28.000Z</Time>
            <Position>
              <LatitudeDegrees>37.3525738</LatitudeDegrees>
              <LongitudeDegrees>-121.8681924</LongitudeDegrees>
            </Position>
            <AltitudeMeters>26.5</AltitudeMeters>
            <DistanceMeters>2258.62</DistanceMeters>
            <HeartRateBpm><Value>181</Value></HeartRateBpm>
            <Cadence>180</Cadence>
          </Trackpoint>
          <Trackpoint>
            <Time>2026-03-03T13:43:33.000Z</Time>
            <Position>
              <LatitudeDegrees>37.3526835</LatitudeDegrees>
              <LongitudeDegrees>-121.8680542</LongitudeDegrees>
            </Position>
            <AltitudeMeters>26.5</AltitudeMeters>
            <DistanceMeters>2275.86</DistanceMeters>
            <HeartRateBpm><Value>181</Value></HeartRateBpm>
            <Cadence>180</Cadence>
          </Trackpoint>
          <Trackpoint>
            <Time>2026-03-03T13:43:38.000Z</Time>
            <Position>
              <LatitudeDegrees>37.3527932</LatitudeDegrees>
              <LongitudeDegrees>-121.8679160</LongitudeDegrees>
            </Position>
            <AltitudeMeters>26.6</AltitudeMeters>
            <DistanceMeters>2293.10</DistanceMeters>
            <HeartRateBpm><Value>181</Value></HeartRateBpm>
            <Cadence>180</Cadence>
          </Trackpoint>
          <Trackpoint>
            <Time>2026-03-03T13:43:43.000Z</Time>
            <Position>
              <LatitudeDegrees>37.3529030</LatitudeDegrees>
              <LongitudeDegrees>-121.8677778</LongitudeDegrees>
            </Position>
            <AltitudeMeters>26.7</AltitudeMeters>
            <DistanceMeters>2310.34</DistanceMeters>
            <HeartRateBpm><Value>181</Value></HeartRateBpm>
            <Cadence>180</Cadence>
          </Trackpoint>
          <Trackpoint>
            <Time>2026-03-03T13:43:48.000Z</Time>
            <Position>
              <LatitudeDegrees>37.3530127</LatitudeDegrees>
              <LongitudeDegrees>-121.8676395</LongitudeDegrees>
            </Position>
            <AltitudeMeters>26.7</AltitudeMeters>
            <DistanceMeters>2327.59</DistanceMeters>
            <HeartRateBpm><Value>181</Value></HeartRateBpm>
            <Cadence>180</Cadence>
          </Trackpoint>
          <Trackpoint>
            <Time>2026-03-03T13:43:53.000Z</Time>
            <Position>
              <LatitudeDegrees>37.3531224</LatitudeDegrees>
              <LongitudeDegrees>-121.8675013</LongitudeDegrees>
            </Position>
            <AltitudeMeters>26.8</AltitudeMeters>
            <DistanceMeters>2344.83</DistanceMeters>
            <HeartRateBpm><Value>181</Value></HeartRateBpm>
            <Cadence>180</Cadence>
          </Trackpoint>
          <Trackpoint>
            <Time>2026-03-03T13:43:58.000Z</Time>
            <Position>
              <LatitudeDegrees>37.3532321</LatitudeDegrees>
              <LongitudeDegrees>-121.8673631</LongitudeDegrees>
            </Position>
            <AltitudeMeters>26.8</AltitudeMeters>
            <DistanceMeters>2362.07</DistanceMeters>
            <HeartRateBpm><Value>181</Value></HeartRateBpm>
            <Cadence>180</Cadence>
          </Trackpoint>
          <Trackpoint>
            <Time>2026-03-03T13:44:03.000Z</Time>
            <Position>
              <LatitudeDegrees>37.3533419</LatitudeDegrees>
              <LongitudeDegrees>-121.8672249</LongitudeDegrees>
            </Position>
            <AltitudeMeters>26.9</AltitudeMeters>
            <DistanceMeters>2379.31</DistanceMeters>
            <HeartRateBpm><Value>181</Value></HeartRateBpm>
            <Cadence>180</Cadence>
          </Trackpoint>
          <Trackpoint>
            <Time>2026-03-03T13:44:08.000Z</Time>
            <Position>
              <LatitudeDegrees>37.3534516</LatitudeDegrees>
              <LongitudeDegrees>-121.8670866</LongitudeDegrees>
            </Position>
            <AltitudeMeters>26.9</AltitudeMeters>
            <DistanceMeters>2396.55</DistanceMeters>
            <HeartRateBpm><Value>181</Value></HeartRateBpm>
            <Cadence>180</Cadence>
          </Trackpoint>
          <Trackpoint>
            <Time>2026-03-03T13:44:13.000Z</Time>
            <Position>
              <LatitudeDegrees>37.3535613</LatitudeDegrees>
              <LongitudeDegrees>-121.8669484</LongitudeDegrees>
            </Position>
            <AltitudeMeters>26.9</AltitudeMeters>
            <DistanceMeters>2413.79</DistanceMeters>
            <HeartRateBpm><Value>181</Value></HeartRateBpm>
            <Cadence>180</Cadence>
          </Trackpoint>
          <Trackpoint>
            <Time>2026-03-03T13:44:18.000Z</Time>
            <Position>
              <LatitudeDegrees>37.3536710</LatitudeDegrees>
              <LongitudeDegrees>-121.8668102</LongitudeDegrees>
            </Position>
            <AltitudeMeters>27</AltitudeMeters>
            <DistanceMeters>2431.03</DistanceMeters>
            <HeartRateBpm><Value>181</Value></HeartRateBpm>
            <Cadence>180</Cadence>
          </Trackpoint>
          <Trackpoint>
            <Time>2026-03-03T13:44:23.000Z</Time>
            <Position>
              <LatitudeDegrees>37.3537807</LatitudeDegrees>
              <LongitudeDegrees>-121.8666720</LongitudeDegrees>
            </Position>
            <AltitudeMeters>27</AltitudeMeters>
            <DistanceMeters>2448.28</DistanceMeters>
            <HeartRateBpm><Value>181</Value></HeartRateBpm>
            <Cadence>180</Cadence>
          </Trackpoint>
          <Trackpoint>
            <Time>2026-03-03T13:44:28.000Z</Time>
            <Position>
              <LatitudeDegrees>37.3538905</LatitudeDegrees>
              <LongitudeDegrees>-121.8665337</LongitudeDegrees>
            </Position>
            <AltitudeMeters>27</AltitudeMeters>
            <DistanceMeters>2465.52</DistanceMeters>
            <HeartRateBpm><Value>181</Value></HeartRateBpm>
            <Cadence>180</Cadence>
          </Trackpoint>
          <Trackpoint>
            <Time>2026-03-03T13:44:33.000Z</Time>
            <Position>
              <LatitudeDegrees>37.3540002</LatitudeDegrees>
              <LongitudeDegrees>-121.8663955</LongitudeDegrees>
            </Position>
            <AltitudeMeters>27</AltitudeMeters>
            <DistanceMeters>2482.76</DistanceMeters>
            <HeartRateBpm><Value>181</Value></HeartRateBpm>
            <Cadence>180</Cadence>
          </Trackpoint>
          <Trackpoint>
            <Time>2026-03-03T13:44:38.000Z</Time>
            <Position>
              <LatitudeDegrees>37.3541099</LatitudeDegrees>
              <LongitudeDegrees>-121.8662573</LongitudeDegrees>
            </Position>
            <AltitudeMeters>27</AltitudeMeters>
            <DistanceMeters>2500.00</DistanceMeters>
            <HeartRateBpm><Value>181</Value></HeartRateBpm>
            <Cadence>180</Cadence>
          </Trackpoint>
        </Track>
      </Lap>
      <Lap StartTime="2026-03-03T13:44:38.000Z">
        <TotalTimeSeconds>147</TotalTimeSeconds>
        <DistanceMeters>333</DistanceMeters>
        <AverageHeartRateBpm><Value>135</Value></AverageHeartRateBpm>
        <MaximumHeartRateBpm><Value>144</Value></MaximumHeartRateBpm>
        <Intensity>Resting</Intensity>
        <TriggerMethod>Manual</TriggerMethod>
        <Track>
          <Trackpoint>
            <Time>2026-03-03T13:44:38.000Z</Time>
            <Position>
              <LatitudeDegrees>37.3541099</LatitudeDegrees>
              <LongitudeDegrees>-121.8662573</LongitudeDegrees>
            </Position>
            <AltitudeMeters>27</AltitudeMeters>
            <DistanceMeters>2500.00</DistanceMeters>
            <HeartRateBpm><Value>127</Value></HeartRateBpm>
            <Cadence>161</Cadence>
          </Trackpoint>
          <Trackpoint>
            <Time>2026-03-03T13:44:43.000Z</Time>
            <Position>
              <LatitudeDegrees>37.3541820</LatitudeDegrees>
              <LongitudeDegrees>-121.8661665</LongitudeDegrees>
            </Position>
            <AltitudeMeters>27</AltitudeMeters>
            <DistanceMeters>2511.33</DistanceMeters>
            <HeartRateBpm><Value>129</Value></HeartRateBpm>
            <Cadence>161</Cadence>
          </Trackpoint>
          <Trackpoint>
            <Time>2026-03-03T13:44:48.000Z</Time>
            <Position>
              <LatitudeDegrees>37.3542541</LatitudeDegrees>
              <LongitudeDegrees>-121.8660757</LongitudeDegrees>
            </Position>
            <AltitudeMeters>27</AltitudeMeters>
            <DistanceMeters>2522.65</DistanceMeters>
            <HeartRateBpm><Value>131</Value></HeartRateBpm>
            <Cadence>161</Cadence>
          </Trackpoint>
          <Trackpoint>
            <Time>2026-03-03T13:44:53.000Z</Time>
            <Position>
              <LatitudeDegrees>37.3543262</LatitudeDegrees>
              <LongitudeDegrees>-121.8659849</LongitudeDegrees>
            </Position>
            <AltitudeMeters>27</AltitudeMeters>
            <DistanceMeters>2533.98</DistanceMeters>
            <HeartRateBpm><Value>132</Value></HeartRateBpm>
            <Cadence>161</Cadence>
          </Trackpoint>
          <Trackpoint>
            <Time>2026-03-03T13:44:58.000Z</Time>
            <Position>
              <LatitudeDegrees>37.3543982</LatitudeDegrees>
              <LongitudeDegrees>-121.8658941</LongitudeDegrees>
            </Position>
            <AltitudeMeters>27</AltitudeMeters>
            <DistanceMeters>2545.31</DistanceMeters>
            <HeartRateBpm><Value>134</Value></HeartRateBpm>
            <Cadence>161</Cadence>
          </Trackpoint>
          <Trackpoint>
            <Time>2026-03-03T13:45:03.000Z</Time>
            <Position>
              <LatitudeDegrees>37.3544703</LatitudeDegrees>
              <LongitudeDegrees>-121.8658033</LongitudeDegrees>
            </Position>
            <AltitudeMeters>27</AltitudeMeters>
            <DistanceMeters>2556.63</DistanceMeters>
            <HeartRateBpm><Value>135</Value></HeartRateBpm>
            <Cadence>161</Cadence>
          </Trackpoint>
          <Trackpoint>
            <Time>2026-03-03T13:45:08.000Z</Time>
            <Position>
              <LatitudeDegrees>37.3545424</LatitudeDegrees>
              <LongitudeDegrees>-121.8657125</LongitudeDegrees>
            </Position>
            <AltitudeMeters>27</AltitudeMeters>
            <DistanceMeters>2567.96</DistanceMeters>
            <HeartRateBpm><Value>135</Value></HeartRateBpm>
            <Cadence>161</Cadence>
          </Trackpoint>
          <Trackpoint>
            <Time>2026-03-03T13:45:13.000Z</Time>
            <Position>
              <LatitudeDegrees>37.3546145</LatitudeDegrees>
              <LongitudeDegrees>-121.8656217</LongitudeDegrees>
            </Position>
            <AltitudeMeters>26.9</AltitudeMeters>
            <DistanceMeters>2579.29</DistanceMeters>
            <HeartRateBpm><Value>135</Value></HeartRateBpm>
            <Cadence>161</Cadence>
          </Trackpoint>
          <Trackpoint>
            <Time>2026-03-03T13:45:18.000Z</Time>
            <Position>
              <LatitudeDegrees>37.3546866</LatitudeDegrees>
              <LongitudeDegrees>-121.8655308</LongitudeDegrees>
            </Position>
            <AltitudeMeters>26.9</AltitudeMeters>
            <DistanceMeters>2590.61</DistanceMeters>
            <HeartRateBpm><Value>135</Value></HeartRateBpm>
            <Cadence>161</Cadence>
          </Trackpoint>
          <Trackpoint>
            <Time>2026-03-03T13:45:23.000Z</Time>
            <Position>
              <LatitudeDegrees>37.3547587</LatitudeDegrees>
              <LongitudeDegrees>-121.8654400</LongitudeDegrees>
            </Position>
            <AltitudeMeters>26.9</AltitudeMeters>
            <DistanceMeters>2601.94</DistanceMeters>
            <HeartRateBpm><Value>135</Value></HeartRateBpm>
            <Cadence>161</Cadence>
          </Trackpoint>
          <Trackpoint>
            <Time>2026-03-03T13:45:28.000Z</Time>
            <Position>
              <LatitudeDegrees>37.3548307</LatitudeDegrees>
              <LongitudeDegrees>-121.8653492</LongitudeDegrees>
            </Position>
            <AltitudeMeters>26.9</AltitudeMeters>
            <DistanceMeters>2613.27</DistanceMeters>
            <HeartRateBpm><Value>135</Value></HeartRateBpm>
            <Cadence>161</Cadence>
          </Trackpoint>
          <Trackpoint>
            <Time>2026-03-03T13:45:33.000Z</Time>
            <Position>
              <LatitudeDegrees>37.3549028</LatitudeDegrees>
              <LongitudeDegrees>-121.8652584</LongitudeDegrees>
            </Position>
            <AltitudeMeters>26.8</AltitudeMeters>
            <DistanceMeters>2624.59</DistanceMeters>
            <HeartRateBpm><Value>135</Value></HeartRateBpm>
            <Cadence>161</Cadence>
          </Trackpoint>
          <Trackpoint>
            <Time>2026-03-03T13:45:38.000Z</Time>
            <Position>
              <LatitudeDegrees>37.3549749</LatitudeDegrees>
              <LongitudeDegrees>-121.8651676</LongitudeDegrees>
            </Position>
            <AltitudeMeters>26.8</AltitudeMeters>
            <DistanceMeters>2635.92</DistanceMeters>
            <HeartRateBpm><Value>135</Value></HeartRateBpm>
            <Cadence>161</Cadence>
          </Trackpoint>
          <Trackpoint>
            <Time>2026-03-03T13:45:43.000Z</Time>
            <Position>
              <LatitudeDegrees>37.3550470</LatitudeDegrees>
              <LongitudeDegrees>-121.8650768</LongitudeDegrees>
            </Position>
            <AltitudeMeters>26.8</AltitudeMeters>
            <DistanceMeters>2647.24</DistanceMeters>
            <HeartRateBpm><Value>135</Value></HeartRateBpm>
            <Cadence>161</Cadence>
          </Trackpoint>
          <Trackpoint>
            <Time>2026-03-03T13:45:48.000Z</Time>
            <Position>
              <LatitudeDegrees>37.3551191</LatitudeDegrees>
              <LongitudeDegrees>-121.8649860</LongitudeDegrees>
            </Position>
            <AltitudeMeters>26.8</AltitudeMeters>
            <DistanceMeters>2658.57</DistanceMeters>
            <HeartRateBpm><Value>135</Value></HeartRateBpm>
            <Cadence>161</Cadence>
          </Trackpoint>
          <Trackpoint>
            <Time>2026-03-03T13:45:53.000Z</Time>
            <Position>
              <LatitudeDegrees>37.3551911</LatitudeDegrees>
              <LongitudeDegrees>-121.8648952</LongitudeDegrees>
            </Position>
            <AltitudeMeters>26.7</AltitudeMeters>
            <DistanceMeters>2669.90</DistanceMeters>
            <HeartRateBpm><Value>135</Value></HeartRateBpm>
            <Cadence>161</Cadence>
          </Trackpoint>
          <Trackpoint>
            <Time>2026-03-03T13:45:58.000Z</Time>
            <Position>
              <LatitudeDegrees>37.3552632</LatitudeDegrees>
              <LongitudeDegrees>-121.8648044</LongitudeDegrees>
            </Position>
            <AltitudeMeters>26.7</AltitudeMeters>
            <DistanceMeters>2681.22</DistanceMeters>
            <HeartRateBpm><Value>135</Value></HeartRateBpm>
            <Cadence>161</Cadence>
          </Trackpoint>
          <Trackpoint>
            <Time>2026-03-03T13:46:03.000Z</Time>
            <Position>
              <LatitudeDegrees>37.3553353</LatitudeDegrees>
              <LongitudeDegrees>-121.8647136</LongitudeDegrees>
            </Position>
            <AltitudeMeters>26.6</AltitudeMeters>
            <DistanceMeters>2692.55</DistanceMeters>
            <HeartRateBpm><Value>135</Value></HeartRateBpm>
            <Cadence>161</Cadence>
          </Trackpoint>
          <Trackpoint>
            <Time>2026-03-03T13:46:08.000Z</Time>
            <Position>
              <LatitudeDegrees>37.3554074</LatitudeDegrees>
              <LongitudeDegrees>-121.8646228</LongitudeDegrees>
            </Position>
            <AltitudeMeters>26.6</AltitudeMeters>
            <DistanceMeters>2703.88</DistanceMeters>
            <HeartRateBpm><Value>135</Value></HeartRateBpm>
            <Cadence>161</Cadence>
          </Trackpoint>
          <Trackpoint>
            <Time>2026-03-03T13:46:13.000Z</Time>
            <Position>
              <LatitudeDegrees>37.3554795</LatitudeDegrees>
              <LongitudeDegrees>-121.8645320</LongitudeDegrees>
            </Position>
            <AltitudeMeters>26.6</AltitudeMeters>
            <DistanceMeters>2715.20</DistanceMeters>
            <HeartRateBpm><Value>135</Value></HeartRateBpm>
            <Cadence>161</Cadence>
          </Trackpoint>
          <Trackpoint>
            <Time>2026-03-03T13:46:18.000Z</Time>
            <Position>
              <LatitudeDegrees>37.3555516</LatitudeDegrees>
              <LongitudeDegrees>-121.8644412</LongitudeDegrees>
            </Position>
            <AltitudeMeters>26.5</AltitudeMeters>
            <DistanceMeters>2726.53</DistanceMeters>
            <HeartRateBpm><Value>135</Value></HeartRateBpm>
            <Cadence>161</Cadence>
          </Trackpoint>
          <Trackpoint>
            <Time>2026-03-03T13:46:23.000Z</Time>
            <Position>
              <LatitudeDegrees>37.3556236</LatitudeDegrees>
              <LongitudeDegrees>-121.8643504</LongitudeDegrees>
            </Position>
            <AltitudeMeters>26.5</AltitudeMeters>
            <DistanceMeters>2737.86</DistanceMeters>
            <HeartRateBpm><Value>135</Value></HeartRateBpm>
            <Cadence>161</Cadence>
          </Trackpoint>
          <Trackpoint>
            <Time>2026-03-03T13:46:28.000Z</Time>
            <Position>
              <LatitudeDegrees>37.3556957</LatitudeDegrees>
              <LongitudeDegrees>-121.8642596</LongitudeDegrees>
            </Position>
            <AltitudeMeters>26.4</AltitudeMeters>
            <DistanceMeters>2749.18</DistanceMeters>
            <HeartRateBpm><Value>135</Value></HeartRateBpm>
            <Cadence>161</Cadence>
          </Trackpoint>
          <Trackpoint>
            <Time>2026-03-03T13:46:33.000Z</Time>
            <Position>
              <LatitudeDegrees>37.3557678</LatitudeDegrees>
              <LongitudeDegrees>-121.8641688</LongitudeDegrees>
            </Position>
            <AltitudeMeters>26.4</AltitudeMeters>
            <DistanceMeters>2760.51</DistanceMeters>
            <HeartRateBpm><Value>135</Value></HeartRateBpm>
            <Cadence>161</Cadence>
          </Trackpoint>
          <Trackpoint>
            <Time>2026-03-03T13:46:38.000Z</Time>
            <Position>
              <LatitudeDegrees>37.3558399</LatitudeDegrees>
              <LongitudeDegrees>-121.8640780</LongitudeDegrees>
            </Position>
            <AltitudeMeters>26.3</AltitudeMeters>
            <DistanceMeters>2771.84</DistanceMeters>
            <HeartRateBpm><Value>135</Value></HeartRateBpm>
            <Cadence>161</Cadence>
          </Trackpoint>
          <Trackpoint>
            <Time>2026-03-03T13:46:43.000Z</Time>
            <Position>
              <LatitudeDegrees>37.3559120</LatitudeDegrees>
              <LongitudeDegrees>-121.8639871</LongitudeDegrees>
            </Position>
            <AltitudeMeters>26.3</AltitudeMeters>
            <DistanceMeters>2783.16</DistanceMeters>
            <HeartRateBpm><Value>135</Value></HeartRateBpm>
            <Cadence>161</Cadence>
          </Trackpoint>
          <Trackpoint>
            <Time>2026-03-03T13:46:48.000Z</Time>
            <Position>
              <LatitudeDegrees>37.3559840</LatitudeDegrees>
              <LongitudeDegrees>-121.8638963</LongitudeDegrees>
            </Position>
            <AltitudeMeters>26.2</AltitudeMeters>
            <DistanceMeters>2794.49</DistanceMeters>
            <HeartRateBpm><Value>135</Value></HeartRateBpm>
            <Cadence>161</Cadence>
          </Trackpoint>
          <Trackpoint>
            <Time>2026-03-03T13:46:53.000Z</Time>
            <Position>
              <LatitudeDegrees>37.3560561</LatitudeDegrees>
              <LongitudeDegrees>-121.8638055</LongitudeDegrees>
            </Position>
            <AltitudeMeters>26.1</AltitudeMeters>
            <DistanceMeters>2805.82</DistanceMeters>
            <HeartRateBpm><Value>135</Value></HeartRateBpm>
            <Cadence>161</Cadence>
          </Trackpoint>
          <Trackpoint>
            <Time>2026-03-03T13:46:58.000Z</Time>
            <Position>
              <LatitudeDegrees>37.3561282</LatitudeDegrees>
              <LongitudeDegrees>-121.8637147</LongitudeDegrees>
            </Position>
            <AltitudeMeters>26.1</AltitudeMeters>
            <DistanceMeters>2817.14</DistanceMeters>
            <HeartRateBpm><Value>135</Value></HeartRateBpm>
            <Cadence>161</Cadence>
          </Trackpoint>
          <Trackpoint>
            <Time>2026-03-03T13:47:03.000Z</Time>
            <Position>
              <LatitudeDegrees>37.3562003</LatitudeDegrees>
              <LongitudeDegrees>-121.8636239</LongitudeDegrees>
            </Position>
            <AltitudeMeters>26</AltitudeMeters>
            <DistanceMeters>2828.47</DistanceMeters>
            <HeartRateBpm><Value>135</Value></HeartRateBpm>
            <Cadence>161</Cadence>
          </Trackpoint>
          <Trackpoint>
            <Time>2026-03-03T13:47:05.000Z</Time>
            <Position>
              <LatitudeDegrees>37.3562291</LatitudeDegrees>
              <LongitudeDegrees>-121.8635876</LongitudeDegrees>
            </Position>
            <AltitudeMeters>26</AltitudeMeters>
            <DistanceMeters>2833.00</DistanceMeters>
            <HeartRateBpm><Value>135</Value></HeartRateBpm>
            <Cadence>161</Cadence>
          </Trackpoint>
        </Track>
      </Lap>
      <Lap StartTime="2026-03-03T13:47:05.000Z">
        <TotalTimeSeconds>290</TotalTimeSeconds>
        <DistanceMeters>1000</DistanceMeters>
        <AverageHeartRateBpm><Value>181</Value></AverageHeartRateBpm>
        <MaximumHeartRateBpm><Value>189</Value></MaximumHeartRateBpm>
        <Intensity>Active</Intensity>
        <TriggerMethod>Manual</TriggerMethod>
        <Track>
          <Trackpoint>
            <Time>2026-03-03T13:47:05.000Z</Time>
            <Position>
              <LatitudeDegrees>37.3562291</LatitudeDegrees>
              <LongitudeDegrees>-121.8635876</LongitudeDegrees>
            </Position>
            <AltitudeMeters>26</AltitudeMeters>
            <DistanceMeters>2833.00</DistanceMeters>
            <HeartRateBpm><Value>173</Value></HeartRateBpm>
            <Cadence>180</Cadence>
          </Trackpoint>
          <Trackpoint>
            <Time>2026-03-03T13:47:10.000Z</Time>
            <Position>
              <LatitudeDegrees>37.3563388</LatitudeDegrees>
              <LongitudeDegrees>-121.8634494</LongitudeDegrees>
            </Position>
            <AltitudeMeters>25.9</AltitudeMeters>
            <DistanceMeters>2850.24</DistanceMeters>
            <HeartRateBpm><Value>174</Value></HeartRateBpm>
            <Cadence>180</Cadence>
          </Trackpoint>
          <Trackpoint>
            <Time>2026-03-03T13:47:15.000Z</Time>
            <Position>
              <LatitudeDegrees>37.3564486</LatitudeDegrees>
              <LongitudeDegrees>-121.8633112</LongitudeDegrees>
            </Position>
            <AltitudeMeters>25.8</AltitudeMeters>
            <DistanceMeters>2867.48</DistanceMeters>
            <HeartRateBpm><Value>175</Value></HeartRateBpm>
            <Cadence>180</Cadence>
          </Trackpoint>
          <Trackpoint>
            <Time>2026-03-03T13:47:20.000Z</Time>
            <Position>
              <LatitudeDegrees>37.3565583</LatitudeDegrees>
              <LongitudeDegrees>-121.8631729</LongitudeDegrees>
            </Position>
            <AltitudeMeters>25.7</AltitudeMeters>
            <DistanceMeters>2884.72</DistanceMeters>
            <HeartRateBpm><Value>176</Value></HeartRateBpm>
            <Cadence>180</Cadence>
          </Trackpoint>
          <Trackpoint>
            <Time>2026-03-03T13:47:25.000Z</Time>
            <Position>
              <LatitudeDegrees>37.3566680</LatitudeDegrees>
              <LongitudeDegrees>-121.8630347</LongitudeDegrees>
            </Position>
            <AltitudeMeters>25.6</AltitudeMeters>
            <DistanceMeters>2901.97</DistanceMeters>
            <HeartRateBpm><Value>177</Value></HeartRateBpm>
            <Cadence>180</Cadence>
          </Trackpoint>
          <Trackpoint>
            <Time>2026-03-03T13:47:30.000Z</Time>
            <Position>
              <LatitudeDegrees>37.3567777</LatitudeDegrees>
              <LongitudeDegrees>-121.8628965</LongitudeDegrees>
            </Position>
            <AltitudeMeters>25.5</AltitudeMeters>
            <DistanceMeters>2919.21</DistanceMeters>
            <HeartRateBpm><Value>178</Value></HeartRateBpm>
            <Cadence>180</Cadence>
          </Trackpoint>
          <Trackpoint>
            <Time>2026-03-03T13:47:35.000Z</Time>
            <Position>
              <LatitudeDegrees>37.3568875</LatitudeDegrees>
              <LongitudeDegrees>-121.8627582</LongitudeDegrees>
            </Position>
            <AltitudeMeters>25.4</AltitudeMeters>
            <DistanceMeters>2936.45</DistanceMeters>
            <HeartRateBpm><Value>179</Value></HeartRateBpm>
            <Cadence>180</Cadence>
          </Trackpoint>
          <Trackpoint>
            <Time>2026-03-03T13:47:40.000Z</Time>
            <Position>
              <LatitudeDegrees>37.3569972</LatitudeDegrees>
              <LongitudeDegrees>-121.8626200</LongitudeDegrees>
            </Position>
            <AltitudeMeters>25.3</AltitudeMeters>
            <DistanceMeters>2953.69</DistanceMeters>
            <HeartRateBpm><Value>179</Value></HeartRateBpm>
            <Cadence>180</Cadence>
          </Trackpoint>
          <Trackpoint>
            <Time>2026-03-03T13:47:45.000Z</Time>
            <Position>
              <LatitudeDegrees>37.3571069</LatitudeDegrees>
              <LongitudeDegrees>-121.8624818</LongitudeDegrees>
            </Position>
            <AltitudeMeters>25.2</AltitudeMeters>
            <DistanceMeters>2970.93</DistanceMeters>
            <HeartRateBpm><Value>180</Value></HeartRateBpm>
            <Cadence>180</Cadence>
          </Trackpoint>
          <Trackpoint>
            <Time>2026-03-03T13:47:50.000Z</Time>
            <Position>
              <LatitudeDegrees>37.3572166</LatitudeDegrees>
              <LongitudeDegrees>-121.8623436</LongitudeDegrees>
            </Position>
            <AltitudeMeters>25.1</AltitudeMeters>
            <DistanceMeters>2988.17</DistanceMeters>
            <HeartRateBpm><Value>181</Value></HeartRateBpm>
            <Cadence>180</Cadence>
          </Trackpoint>
          <Trackpoint>
            <Time>2026-03-03T13:47:55.000Z</Time>
            <Position>
              <LatitudeDegrees>37.3573264</LatitudeDegrees>
              <LongitudeDegrees>-121.8622053</LongitudeDegrees>
            </Position>
            <AltitudeMeters>25</AltitudeMeters>
            <DistanceMeters>3005.41</DistanceMeters>
            <HeartRateBpm><Value>181</Value></HeartRateBpm>
            <Cadence>180</Cadence>
          </Trackpoint>
          <Trackpoint>
            <Time>2026-03-03T13:48:00.000Z</Time>
            <Position>
              <LatitudeDegrees>37.3574361</LatitudeDegrees>
              <LongitudeDegrees>-121.8620671</LongitudeDegrees>
            </Position>
            <AltitudeMeters>24.9</AltitudeMeters>
            <DistanceMeters>3022.66</DistanceMeters>
            <HeartRateBpm><Value>181</Value></HeartRateBpm>
            <Cadence>180</Cadence>
          </Trackpoint>
          <Trackpoint>
            <Time>2026-03-03T13:48:05.000Z</Time>
            <Position>
              <LatitudeDegrees>37.3575458</LatitudeDegrees>
              <LongitudeDegrees>-121.8619289</LongitudeDegrees>
            </Position>
            <AltitudeMeters>24.7</AltitudeMeters>
            <DistanceMeters>3039.90</DistanceMeters>
            <HeartRateBpm><Value>181</Value></HeartRateBpm>
            <Cadence>180</Cadence>
          </Trackpoint>
          <Trackpoint>
            <Time>2026-03-03T13:48:10.000Z</Time>
            <Position>
              <LatitudeDegrees>37.3576555</LatitudeDegrees>
              <LongitudeDegrees>-121.8617907</LongitudeDegrees>
            </Position>
            <AltitudeMeters>24.6</AltitudeMeters>
            <DistanceMeters>3057.14</DistanceMeters>
            <HeartRateBpm><Value>181</Value></HeartRateBpm>
            <Cadence>180</Cadence>
          </Trackpoint>
          <Trackpoint>
            <Time>2026-03-03T13:48:15.000Z</Time>
            <Position>
              <LatitudeDegrees>37.3577652</LatitudeDegrees>
              <LongitudeDegrees>-121.8616524</LongitudeDegrees>
            </Position>
            <AltitudeMeters>24.5</AltitudeMeters>
            <DistanceMeters>3074.38</DistanceMeters>
            <HeartRateBpm><Value>181</Value></HeartRateBpm>
            <Cadence>180</Cadence>
          </Trackpoint>
          <Trackpoint>
            <Time>2026-03-03T13:48:20.000Z</Time>
            <Position>
              <LatitudeDegrees>37.3578750</LatitudeDegrees>
              <LongitudeDegrees>-121.8615142</LongitudeDegrees>
            </Position>
            <AltitudeMeters>24.4</AltitudeMeters>
            <DistanceMeters>3091.62</DistanceMeters>
            <HeartRateBpm><Value>181</Value></HeartRateBpm>
            <Cadence>180</Cadence>
          </Trackpoint>
          <Trackpoint>
            <Time>2026-03-03T13:48:25.000Z</Time>
            <Position>
              <LatitudeDegrees>37.3579847</LatitudeDegrees>
              <LongitudeDegrees>-121.8613760</LongitudeDegrees>
            </Position>
            <AltitudeMeters>24.3</AltitudeMeters>
            <DistanceMeters>3108.86</DistanceMeters>
            <HeartRateBpm><Value>181</Value></HeartRateBpm>
            <Cadence>180</Cadence>
          </Trackpoint>
          <Trackpoint>
            <Time>2026-03-03T13:48:30.000Z</Time>
            <Position>
              <LatitudeDegrees>37.3580944</LatitudeDegrees>
              <LongitudeDegrees>-121.8612378</LongitudeDegrees>
            </Position>
            <AltitudeMeters>24.2</AltitudeMeters>
            <DistanceMeters>3126.10</DistanceMeters>
            <HeartRateBpm><Value>181</Value></HeartRateBpm>
            <Cadence>180</Cadence>
          </Trackpoint>
          <Trackpoint>
            <Time>2026-03-03T13:48:35.000Z</Time>
            <Position>
              <LatitudeDegrees>37.3582041</LatitudeDegrees>
              <LongitudeDegrees>-121.8610995</LongitudeDegrees>
            </Position>
            <AltitudeMeters>24.1</AltitudeMeters>
            <DistanceMeters>3143.34</DistanceMeters>
            <HeartRateBpm><Value>181</Value></HeartRateBpm>
            <Cadence>180</Cadence>
          </Trackpoint>
          <Trackpoint>
            <Time>2026-03-03T13:48:40.000Z</Time>
            <Position>
              <LatitudeDegrees>37.3583139</LatitudeDegrees>
              <LongitudeDegrees>-121.8609613</LongitudeDegrees>
            </Position>
            <AltitudeMeters>24</AltitudeMeters>
            <DistanceMeters>3160.59</DistanceMeters>
            <HeartRateBpm><Value>181</Value></HeartRateBpm>
            <Cadence>180</Cadence>
          </Trackpoint>
          <Trackpoint>
            <Time>2026-03-03T13:48:45.000Z</Time>
            <Position>
              <LatitudeDegrees>37.3584236</LatitudeDegrees>
              <LongitudeDegrees>-121.8608231</LongitudeDegrees>
            </Position>
            <AltitudeMeters>23.9</AltitudeMeters>
            <DistanceMeters>3177.83</DistanceMeters>
            <HeartRateBpm><Value>181</Value></HeartRateBpm>
            <Cadence>180</Cadence>
          </Trackpoint>
          <Trackpoint>
            <Time>2026-03-03T13:48:50.000Z</Time>
            <Position>
              <LatitudeDegrees>37.3585333</LatitudeDegrees>
              <LongitudeDegrees>-121.8606849</LongitudeDegrees>
            </Position>
            <AltitudeMeters>23.8</AltitudeMeters>
            <DistanceMeters>3195.07</DistanceMeters>
            <HeartRateBpm><Value>181</Value></HeartRateBpm>
            <Cadence>180</Cadence>
          </Trackpoint>
          <Trackpoint>
            <Time>2026-03-03T13:48:55.000Z</Time>
            <Position>
              <LatitudeDegrees>37.3586430</LatitudeDegrees>
              <LongitudeDegrees>-121.8605466</LongitudeDegrees>
            </Position>
            <AltitudeMeters>23.8</AltitudeMeters>
            <DistanceMeters>3212.31</DistanceMeters>
            <HeartRateBpm><Value>181</Value></HeartRateBpm>
            <Cadence>180</Cadence>
          </Trackpoint>
          <Trackpoint>
            <Time>2026-03-03T13:49:00.000Z</Time>
            <Position>
              <LatitudeDegrees>37.3587528</LatitudeDegrees>
              <LongitudeDegrees>-121.8604084</LongitudeDegrees>
            </Position>
            <AltitudeMeters>23.7</AltitudeMeters>
            <DistanceMeters>3229.55</DistanceMeters>
            <HeartRateBpm><Value>181</Value></HeartRateBpm>
            <Cadence>180</Cadence>
          </Trackpoint>
          <Trackpoint>
            <Time>2026-03-03T13:49:05.000Z</Time>
            <Position>
              <LatitudeDegrees>37.3588625</LatitudeDegrees>
              <LongitudeDegrees>-121.8602702</LongitudeDegrees>
            </Position>
            <AltitudeMeters>23.6</AltitudeMeters>
            <DistanceMeters>3246.79</DistanceMeters>
            <HeartRateBpm><Value>181</Value></HeartRateBpm>
            <Cadence>180</Cadence>
          </Trackpoint>
          <Trackpoint>
            <Time>2026-03-03T13:49:10.000Z</Time>
            <Position>
              <LatitudeDegrees>37.3589722</LatitudeDegrees>
              <LongitudeDegrees>-121.8601320</LongitudeDegrees>
            </Position>
            <AltitudeMeters>23.5</AltitudeMeters>
            <DistanceMeters>3264.03</DistanceMeters>
            <HeartRateBpm><Value>181</Value></HeartRateBpm>
            <Cadence>180</Cadence>
          </Trackpoint>
          <Trackpoint>
            <Time>2026-03-03T13:49:15.000Z</Time>
            <Position>
              <LatitudeDegrees>37.3590819</LatitudeDegrees>
              <LongitudeDegrees>-121.8599937</LongitudeDegrees>
            </Position>
            <AltitudeMeters>23.5</AltitudeMeters>
            <DistanceMeters>3281.28</DistanceMeters>
            <HeartRateBpm><Value>181</Value></HeartRateBpm>
            <Cadence>180</Cadence>
          </Trackpoint>
          <Trackpoint>
            <Time>2026-03-03T13:49:20.000Z</Time>
            <Position>
              <LatitudeDegrees>37.3591917</LatitudeDegrees>
              <LongitudeDegrees>-121.8598555</LongitudeDegrees>
            </Position>
            <AltitudeMeters>23.4</AltitudeMeters>
            <DistanceMeters>3298.52</DistanceMeters>
            <HeartRateBpm><Value>181</Value></HeartRateBpm>
            <Cadence>180</Cadence>
          </Trackpoint>
          <Trackpoint>
            <Time>2026-03-03T13:49:25.000Z</Time>
            <Position>
              <LatitudeDegrees>37.3593014</LatitudeDegrees>
              <LongitudeDegrees>-121.8597173</LongitudeDegrees>
            </Position>
            <AltitudeMeters>23.3</AltitudeMeters>
            <DistanceMeters>3315.76</DistanceMeters>
            <HeartRateBpm><Value>181</Value></HeartRateBpm>
            <Cadence>180</Cadence>
          </Trackpoint>
          <Trackpoint>
            <Time>2026-03-03T13:49:30.000Z</Time>
            <Position>
              <LatitudeDegrees>37.3594111</LatitudeDegrees>
              <LongitudeDegrees>-121.8595791</LongitudeDegrees>
            </Position>
            <AltitudeMeters>23.3</AltitudeMeters>
            <DistanceMeters>3333.00</DistanceMeters>
            <HeartRateBpm><Value>181</Value></HeartRateBpm>
            <Cadence>180</Cadence>
          </Trackpoint>
          <Trackpoint>
            <Time>2026-03-03T13:49:35.000Z</Time>
            <Position>
              <LatitudeDegrees>37.3595208</LatitudeDegrees>
              <LongitudeDegrees>-121.8594408</LongitudeDegrees>
            </Position>
            <AltitudeMeters>23.2</AltitudeMeters>
            <DistanceMeters>3350.24</DistanceMeters>
            <HeartRateBpm><Value>181</Value></HeartRateBpm>
            <Cadence>180</Cadence>
          </Trackpoint>
          <Trackpoint>
            <Time>2026-03-03T13:49:40.000Z</Time>
            <Position>
              <LatitudeDegrees>37.3596306</LatitudeDegrees>
              <LongitudeDegrees>-121.8593026</LongitudeDegrees>
            </Position>
            <AltitudeMeters>23.2</AltitudeMeters>
            <DistanceMeters>3367.48</DistanceMeters>
            <HeartRateBpm><Value>181</Value></HeartRateBpm>
            <Cadence>180</Cadence>
          </Trackpoint>
          <Trackpoint>
            <Time>2026-03-03T13:49:45.000Z</Time>
            <Position>
              <LatitudeDegrees>37.3597403</LatitudeDegrees>
              <LongitudeDegrees>-121.8591644</LongitudeDegrees>
            </Position>
            <AltitudeMeters>23.1</AltitudeMeters>
            <DistanceMeters>3384.72</DistanceMeters>
            <HeartRateBpm><Value>181</Value></HeartRateBpm>
            <Cadence>180</Cadence>
          </Trackpoint>
          <Trackpoint>
            <Time>2026-03-03T13:49:50.000Z</Time>
            <Position>
              <LatitudeDegrees>37.3598500</LatitudeDegrees>
              <LongitudeDegrees>-121.8590262</LongitudeDegrees>
            </Position>
            <AltitudeMeters>23.1</AltitudeMeters>
            <DistanceMeters>3401.97</DistanceMeters>
            <HeartRateBpm><Value>181</Value></HeartRateBpm>
            <Cadence>180</Cadence>
          </Trackpoint>
          <Trackpoint>
            <Time>2026-03-03T13:49:55.000Z</Time>
            <Position>
              <LatitudeDegrees>37.3599597</LatitudeDegrees>
              <LongitudeDegrees>-121.8588879</LongitudeDegrees>
            </Position>
            <AltitudeMeters>23.1</AltitudeMeters>
            <DistanceMeters>3419.21</DistanceMeters>
            <HeartRateBpm><Value>181</Value></HeartRateBpm>
            <Cadence>180</Cadence>
          </Trackpoint>
          <Trackpoint>
            <Time>2026-03-03T13:50:00.000Z</Time>
            <Position>
              <LatitudeDegrees>37.3600694</LatitudeDegrees>
              <LongitudeDegrees>-121.8587497</LongitudeDegrees>
            </Position>
            <AltitudeMeters>23</AltitudeMeters>
            <DistanceMeters>3436.45</DistanceMeters>
            <HeartRateBpm><Value>181</Value></HeartRateBpm>
            <Cadence>180</Cadence>
          </Trackpoint>
          <Trackpoint>
            <Time>2026-03-03T13:50:05.000Z</Time>
            <Position>
              <LatitudeDegrees>37.3601792</LatitudeDegrees>
              <LongitudeDegrees>-121.8586115</LongitudeDegrees>
            </Position>
            <AltitudeMeters>23</AltitudeMeters>
            <DistanceMeters>3453.69</DistanceMeters>
            <HeartRateBpm><Value>181</Value></HeartRateBpm>
            <Cadence>180</Cadence>
          </Trackpoint>
          <Trackpoint>
            <Time>2026-03-03T13:50:10.000Z</Time>
            <Position>
              <LatitudeDegrees>37.3602889</LatitudeDegrees>
              <LongitudeDegrees>-121.8584733</LongitudeDegrees>
            </Position>
            <AltitudeMeters>23</AltitudeMeters>
            <DistanceMeters>3470.93</DistanceMeters>
            <HeartRateBpm><Value>181</Value></HeartRateBpm>
            <Cadence>180</Cadence>
          </Trackpoint>
          <Trackpoint>
            <Time>2026-03-03T13:50:15.000Z</Time>
            <Position>
              <LatitudeDegrees>37.3603986</LatitudeDegrees>
              <LongitudeDegrees>-121.8583350</LongitudeDegrees>
            </Position>
            <AltitudeMeters>23</AltitudeMeters>
            <DistanceMeters>3488.17</DistanceMeters>
            <HeartRateBpm><Value>181</Value></HeartRateBpm>
            <Cadence>180</Cadence>
          </Trackpoint>
          <Trackpoint>
            <Time>2026-03-03T13:50:20.000Z</Time>
            <Position>
              <LatitudeDegrees>37.3604394</LatitudeDegrees>
              <LongitudeDegrees>-121.8582836</LongitudeDegrees>
            </Position>
            <AltitudeMeters>23</AltitudeMeters>
            <DistanceMeters>3505.41</DistanceMeters>
            <HeartRateBpm><Value>181</Value></HeartRateBpm>
            <Cadence>180</Cadence>
          </Trackpoint>
          <Trackpoint>
            <Time>2026-03-03T13:50:25.000Z</Time>
            <Position>
              <LatitudeDegrees>37.3603297</LatitudeDegrees>
              <LongitudeDegrees>-121.8584218</LongitudeDegrees>
            </Position>
            <AltitudeMeters>23</AltitudeMeters>
            <DistanceMeters>3522.66</DistanceMeters>
            <HeartRateBpm><Value>181</Value></HeartRateBpm>
            <Cadence>180</Cadence>
          </Trackpoint>
          <Trackpoint>
            <Time>2026-03-03T13:50:30.000Z</Time>
            <Position>
              <LatitudeDegrees>37.3602200</LatitudeDegrees>
              <LongitudeDegrees>-121.8585601</LongitudeDegrees>
            </Position>
            <AltitudeMeters>23</AltitudeMeters>
            <DistanceMeters>3539.90</DistanceMeters>
            <HeartRateBpm><Value>181</Value></HeartRateBpm>
            <Cadence>180</Cadence>
          </Trackpoint>
          <Trackpoint>
            <Time>2026-03-03T13:50:35.000Z</Time>
            <Position>
              <LatitudeDegrees>37.3601103</LatitudeDegrees>
              <LongitudeDegrees>-121.8586983</LongitudeDegrees>
            </Position>
            <AltitudeMeters>23</AltitudeMeters>
            <DistanceMeters>3557.14</DistanceMeters>
            <HeartRateBpm><Value>181</Value></HeartRateBpm>
            <Cadence>180</Cadence>
          </Trackpoint>
          <Trackpoint>
            <Time>2026-03-03T13:50:40.000Z</Time>
            <Position>
              <LatitudeDegrees>37.3600005</LatitudeDegrees>
              <LongitudeDegrees>-121.8588365</LongitudeDegrees>
            </Position>
            <AltitudeMeters>23.1</AltitudeMeters>
            <DistanceMeters>3574.38</DistanceMeters>
            <HeartRateBpm><Value>181</Value></HeartRateBpm>
            <Cadence>180</Cadence>
          </Trackpoint>
          <Trackpoint>
            <Time>2026-03-03T13:50:45.000Z</Time>
            <Position>
              <LatitudeDegrees>37.3598908</LatitudeDegrees>
              <LongitudeDegrees>-121.8589747</LongitudeDegrees>
            </Position>
            <AltitudeMeters>23.1</AltitudeMeters>
            <DistanceMeters>3591.62</DistanceMeters>
            <HeartRateBpm><Value>181</Value></HeartRateBpm>
            <Cadence>180</Cadence>
          </Trackpoint>
          <Trackpoint>
            <Time>2026-03-03T13:50:50.000Z</Time>
            <Position>
              <LatitudeDegrees>37.3597811</LatitudeDegrees>
              <LongitudeDegrees>-121.8591130</LongitudeDegrees>
            </Position>
            <AltitudeMeters>23.1</AltitudeMeters>
            <DistanceMeters>3608.86</DistanceMeters>
            <HeartRateBpm><Value>181</Value></HeartRateBpm>
            <Cadence>180</Cadence>
          </Trackpoint>
          <Trackpoint>
            <Time>2026-03-03T13:50:55.000Z</Time>
            <Position>
              <LatitudeDegrees>37.3596714</LatitudeDegrees>
              <LongitudeDegrees>-121.8592512</LongitudeDegrees>
            </Position>
            <AltitudeMeters>23.2</AltitudeMeters>
            <DistanceMeters>3626.10</DistanceMeters>
            <HeartRateBpm><Value>181</Value></HeartRateBpm>
            <Cadence>180</Cadence>
          </Trackpoint>
          <Trackpoint>
            <Time>2026-03-03T13:51:00.000Z</Time>
            <Position>
              <LatitudeDegrees>37.3595616</LatitudeDegrees>
              <LongitudeDegrees>-121.8593894</LongitudeDegrees>
            </Position>
            <AltitudeMeters>23.2</AltitudeMeters>
            <DistanceMeters>3643.34</DistanceMeters>
            <HeartRateBpm><Value>181</Value></HeartRateBpm>
            <Cadence>180</Cadence>
          </Trackpoint>
          <Trackpoint>
            <Time>2026-03-03T13:51:05.000Z</Time>
            <Position>
              <LatitudeDegrees>37.3594519</LatitudeDegrees>
              <LongitudeDegrees>-121.8595276</LongitudeDegrees>
            </Position>
            <AltitudeMeters>23.2</AltitudeMeters>
            <DistanceMeters>3660.59</DistanceMeters>
            <HeartRateBpm><Value>181</Value></HeartRateBpm>
            <Cadence>180</Cadence>
          </Trackpoint>
          <Trackpoint>
            <Time>2026-03-03T13:51:10.000Z</Time>
            <Position>
              <LatitudeDegrees>37.3593422</LatitudeDegrees>
              <LongitudeDegrees>-121.8596659</LongitudeDegrees>
            </Position>
            <AltitudeMeters>23.3</AltitudeMeters>
            <DistanceMeters>3677.83</DistanceMeters>
            <HeartRateBpm><Value>181</Value></HeartRateBpm>
            <Cadence>180</Cadence>
          </Trackpoint>
          <Trackpoint>
            <Time>2026-03-03T13:51:15.000Z</Time>
            <Position>
              <LatitudeDegrees>37.3592325</LatitudeDegrees>
              <LongitudeDegrees>-121.8598041</LongitudeDegrees>
            </Position>
            <AltitudeMeters>23.4</AltitudeMeters>
            <DistanceMeters>3695.07</DistanceMeters>
            <HeartRateBpm><Value>181</Value></HeartRateBpm>
            <Cadence>180</Cadence>
          </Trackpoint>
          <Trackpoint>
            <Time>2026-03-03T13:51:20.000Z</Time>
            <Position>
              <LatitudeDegrees>37.3591227</LatitudeDegrees>
              <LongitudeDegrees>-121.8599423</LongitudeDegrees>
            </Position>
            <AltitudeMeters>23.4</AltitudeMeters>
            <DistanceMeters>3712.31</DistanceMeters>
            <HeartRateBpm><Value>181</Value></HeartRateBpm>
            <Cadence>180</Cadence>
          </Trackpoint>
          <Trackpoint>
            <Time>2026-03-03T13:51:25.000Z</Time>
            <Position>
              <LatitudeDegrees>37.3590130</LatitudeDegrees>
              <LongitudeDegrees>-121.8600805</LongitudeDegrees>
            </Position>
            <AltitudeMeters>23.5</AltitudeMeters>
            <DistanceMeters>3729.55</DistanceMeters>
            <HeartRateBpm><Value>181</Value></HeartRateBpm>
            <Cadence>180</Cadence>
          </Trackpoint>
          <Trackpoint>
            <Time>2026-03-03T13:51:30.000Z</Time>
            <Position>
              <LatitudeDegrees>37.3589033</LatitudeDegrees>
              <LongitudeDegrees>-121.8602188</LongitudeDegrees>
            </Position>
            <AltitudeMeters>23.6</AltitudeMeters>
            <DistanceMeters>3746.79</DistanceMeters>
            <HeartRateBpm><Value>181</Value></HeartRateBpm>
            <Cadence>180</Cadence>
          </Trackpoint>
          <Trackpoint>
            <Time>2026-03-03T13:51:35.000Z</Time>
            <Position>
              <LatitudeDegrees>37.3587936</LatitudeDegrees>
              <LongitudeDegrees>-121.8603570</LongitudeDegrees>
            </Position>
            <AltitudeMeters>23.6</AltitudeMeters>
            <DistanceMeters>3764.03</DistanceMeters>
            <HeartRateBpm><Value>181</Value></HeartRateBpm>
            <Cadence>180</Cadence>
          </Trackpoint>
          <Trackpoint>
            <Time>2026-03-03T13:51:40.000Z</Time>
            <Position>
              <LatitudeDegrees>37.3586839</LatitudeDegrees>
              <LongitudeDegrees>-121.8604952</LongitudeDegrees>
            </Position>
            <AltitudeMeters>23.7</AltitudeMeters>
            <DistanceMeters>3781.28</DistanceMeters>
            <HeartRateBpm><Value>181</Value></HeartRateBpm>
            <Cadence>180</Cadence>
          </Trackpoint>
          <Trackpoint>
            <Time>2026-03-03T13:51:45.000Z</Time>
            <Position>
              <LatitudeDegrees>37.3585741</LatitudeDegrees>
              <LongitudeDegrees>-121.8606334</LongitudeDegrees>
            </Position>
            <AltitudeMeters>23.8</AltitudeMeters>
            <DistanceMeters>3798.52</DistanceMeters>
            <HeartRateBpm><Value>181</Value></HeartRateBpm>
            <Cadence>180</Cadence>
          </Trackpoint>
          <Trackpoint>
            <Time>2026-03-03T13:51:50.000Z</Time>
            <Position>
              <LatitudeDegrees>37.3584644</LatitudeDegrees>
              <LongitudeDegrees>-121.8607717</LongitudeDegrees>
            </Position>
            <AltitudeMeters>23.9</AltitudeMeters>
            <DistanceMeters>3815.76</DistanceMeters>
            <HeartRateBpm><Value>181</Value></HeartRateBpm>
            <Cadence>180</Cadence>
          </Trackpoint>
          <Trackpoint>
            <Time>2026-03-03T13:51:55.000Z</Time>
            <Position>
              <LatitudeDegrees>37.3583547</LatitudeDegrees>
              <LongitudeDegrees>-121.8609099</LongitudeDegrees>
            </Position>
            <AltitudeMeters>24</AltitudeMeters>
            <DistanceMeters>3833.00</DistanceMeters>
            <HeartRateBpm><Value>181</Value></HeartRateBpm>
            <Cadence>180</Cadence>
          </Trackpoint>
        </Track>
      </Lap>
      <Lap StartTime="2026-03-03T13:51:55.000Z">
        <TotalTimeSeconds>147</TotalTimeSeconds>
        <DistanceMeters>333</DistanceMeters>
        <AverageHeartRateBpm><Value>135</Value></AverageHeartRateBpm>
        <MaximumHeartRateBpm><Value>146</Value></MaximumHeartRateBpm>
        <Intensity>Resting</Intensity>
        <TriggerMethod>Manual</TriggerMethod>
        <Track>
          <Trackpoint>
            <Time>2026-03-03T13:51:55.000Z</Time>
            <Position>
              <LatitudeDegrees>37.3583547</LatitudeDegrees>
              <LongitudeDegrees>-121.8609099</LongitudeDegrees>
            </Position>
            <AltitudeMeters>24</AltitudeMeters>
            <DistanceMeters>3833.00</DistanceMeters>
            <HeartRateBpm><Value>127</Value></HeartRateBpm>
            <Cadence>161</Cadence>
          </Trackpoint>
          <Trackpoint>
            <Time>2026-03-03T13:52:00.000Z</Time>
            <Position>
              <LatitudeDegrees>37.3582826</LatitudeDegrees>
              <LongitudeDegrees>-121.8610007</LongitudeDegrees>
            </Position>
            <AltitudeMeters>24.1</AltitudeMeters>
            <DistanceMeters>3844.33</DistanceMeters>
            <HeartRateBpm><Value>129</Value></HeartRateBpm>
            <Cadence>161</Cadence>
          </Trackpoint>
          <Trackpoint>
            <Time>2026-03-03T13:52:05.000Z</Time>
            <Position>
              <LatitudeDegrees>37.3582105</LatitudeDegrees>
              <LongitudeDegrees>-121.8610915</LongitudeDegrees>
            </Position>
            <AltitudeMeters>24.1</AltitudeMeters>
            <DistanceMeters>3855.65</DistanceMeters>
            <HeartRateBpm><Value>131</Value></HeartRateBpm>
            <Cadence>161</Cadence>
          </Trackpoint>
          <Trackpoint>
            <Time>2026-03-03T13:52:10.000Z</Time>
            <Position>
              <LatitudeDegrees>37.3581384</LatitudeDegrees>
              <LongitudeDegrees>-121.8611823</LongitudeDegrees>
            </Position>
            <AltitudeMeters>24.2</AltitudeMeters>
            <DistanceMeters>3866.98</DistanceMeters>
            <HeartRateBpm><Value>132</Value></HeartRateBpm>
            <Cadence>161</Cadence>
          </Trackpoint>
          <Trackpoint>
            <Time>2026-03-03T13:52:15.000Z</Time>
            <Position>
              <LatitudeDegrees>37.3580664</LatitudeDegrees>
              <LongitudeDegrees>-121.8612731</LongitudeDegrees>
            </Position>
            <AltitudeMeters>24.3</AltitudeMeters>
            <DistanceMeters>3878.31</DistanceMeters>
            <HeartRateBpm><Value>134</Value></HeartRateBpm>
            <Cadence>161</Cadence>
          </Trackpoint>
          <Trackpoint>
            <Time>2026-03-03T13:52:20.000Z</Time>
            <Position>
              <LatitudeDegrees>37.3579943</LatitudeDegrees>
              <LongitudeDegrees>-121.8613639</LongitudeDegrees>
            </Position>
            <AltitudeMeters>24.3</AltitudeMeters>
            <DistanceMeters>3889.63</DistanceMeters>
            <HeartRateBpm><Value>135</Value></HeartRateBpm>
            <Cadence>161</Cadence>
          </Trackpoint>
          <Trackpoint>
            <Time>2026-03-03T13:52:25.000Z</Time>
            <Position>
              <LatitudeDegrees>37.3579222</LatitudeDegrees>
              <LongitudeDegrees>-121.8614547</LongitudeDegrees>
            </Position>
            <AltitudeMeters>24.4</AltitudeMeters>
            <DistanceMeters>3900.96</DistanceMeters>
            <HeartRateBpm><Value>135</Value></HeartRateBpm>
            <Cadence>161</Cadence>
          </Trackpoint>
          <Trackpoint>
            <Time>2026-03-03T13:52:30.000Z</Time>
            <Position>
              <LatitudeDegrees>37.3578501</LatitudeDegrees>
              <LongitudeDegrees>-121.8615455</LongitudeDegrees>
            </Position>
            <AltitudeMeters>24.5</AltitudeMeters>
            <DistanceMeters>3912.29</DistanceMeters>
            <HeartRateBpm><Value>135</Value></HeartRateBpm>
            <Cadence>161</Cadence>
          </Trackpoint>
          <Trackpoint>
            <Time>2026-03-03T13:52:35.000Z</Time>
            <Position>
              <LatitudeDegrees>37.3577780</LatitudeDegrees>
              <LongitudeDegrees>-121.8616363</LongitudeDegrees>
            </Position>
            <AltitudeMeters>24.5</AltitudeMeters>
            <DistanceMeters>3923.61</DistanceMeters>
            <HeartRateBpm><Value>135</Value></HeartRateBpm>
            <Cadence>161</Cadence>
          </Trackpoint>
          <Trackpoint>
            <Time>2026-03-03T13:52:40.000Z</Time>
            <Position>
              <LatitudeDegrees>37.3577059</LatitudeDegrees>
              <LongitudeDegrees>-121.8617271</LongitudeDegrees>
            </Position>
            <AltitudeMeters>24.6</AltitudeMeters>
            <DistanceMeters>3934.94</DistanceMeters>
            <HeartRateBpm><Value>135</Value></HeartRateBpm>
            <Cadence>161</Cadence>
          </Trackpoint>
          <Trackpoint>
            <Time>2026-03-03T13:52:45.000Z</Time>
            <Position>
              <LatitudeDegrees>37.3576339</LatitudeDegrees>
              <LongitudeDegrees>-121.8618180</LongitudeDegrees>
            </Position>
            <AltitudeMeters>24.7</AltitudeMeters>
            <DistanceMeters>3946.27</DistanceMeters>
            <HeartRateBpm><Value>135</Value></HeartRateBpm>
            <Cadence>161</Cadence>
          </Trackpoint>
          <Trackpoint>
            <Time>2026-03-03T13:52:50.000Z</Time>
            <Position>
              <LatitudeDegrees>37.3575618</LatitudeDegrees>
              <LongitudeDegrees>-121.8619088</LongitudeDegrees>
            </Position>
            <AltitudeMeters>24.7</AltitudeMeters>
            <DistanceMeters>3957.59</DistanceMeters>
            <HeartRateBpm><Value>135</Value></HeartRateBpm>
            <Cadence>161</Cadence>
          </Trackpoint>
          <Trackpoint>
            <Time>2026-03-03T13:52:55.000Z</Time>
            <Position>
              <LatitudeDegrees>37.3574897</LatitudeDegrees>
              <LongitudeDegrees>-121.8619996</LongitudeDegrees>
            </Position>
            <AltitudeMeters>24.8</AltitudeMeters>
            <DistanceMeters>3968.92</DistanceMeters>
            <HeartRateBpm><Value>135</Value></HeartRateBpm>
            <Cadence>161</Cadence>
          </Trackpoint>
          <Trackpoint>
            <Time>2026-03-03T13:53:00.000Z</Time>
            <Position>
              <LatitudeDegrees>37.3574176</LatitudeDegrees>
              <LongitudeDegrees>-121.8620904</LongitudeDegrees>
            </Position>
            <AltitudeMeters>24.9</AltitudeMeters>
            <DistanceMeters>3980.24</DistanceMeters>
            <HeartRateBpm><Value>135</Value></HeartRateBpm>
            <Cadence>161</Cadence>
          </Trackpoint>
          <Trackpoint>
            <Time>2026-03-03T13:53:05.000Z</Time>
            <Position>
              <LatitudeDegrees>37.3573455</LatitudeDegrees>
              <LongitudeDegrees>-121.8621812</LongitudeDegrees>
            </Position>
            <AltitudeMeters>24.9</AltitudeMeters>
            <DistanceMeters>3991.57</DistanceMeters>
            <HeartRateBpm><Value>135</Value></HeartRateBpm>
            <Cadence>161</Cadence>
          </Trackpoint>
          <Trackpoint>
            <Time>2026-03-03T13:53:10.000Z</Time>
            <Position>
              <LatitudeDegrees>37.3572735</LatitudeDegrees>
              <LongitudeDegrees>-121.8622720</LongitudeDegrees>
            </Position>
            <AltitudeMeters>25</AltitudeMeters>
            <DistanceMeters>4002.90</DistanceMeters>
            <HeartRateBpm><Value>135</Value></HeartRateBpm>
            <Cadence>161</Cadence>
          </Trackpoint>
          <Trackpoint>
            <Time>2026-03-03T13:53:15.000Z</Time>
            <Position>
              <LatitudeDegrees>37.3572014</LatitudeDegrees>
              <LongitudeDegrees>-121.8623628</LongitudeDegrees>
            </Position>
            <AltitudeMeters>25.1</AltitudeMeters>
            <DistanceMeters>4014.22</DistanceMeters>
            <HeartRateBpm><Value>135</Value></HeartRateBpm>
            <Cadence>161</Cadence>
          </Trackpoint>
          <Trackpoint>
            <Time>2026-03-03T13:53:20.000Z</Time>
            <Position>
              <LatitudeDegrees>37.3571293</LatitudeDegrees>
              <LongitudeDegrees>-121.8624536</LongitudeDegrees>
            </Position>
            <AltitudeMeters>25.2</AltitudeMeters>
            <DistanceMeters>4025.55</DistanceMeters>
            <HeartRateBpm><Value>135</Value></HeartRateBpm>
            <Cadence>161</Cadence>
          </Trackpoint>
          <Trackpoint>
            <Time>2026-03-03T13:53:25.000Z</Time>
            <Position>
              <LatitudeDegrees>37.3570572</LatitudeDegrees>
              <LongitudeDegrees>-121.8625444</LongitudeDegrees>
            </Position>
            <AltitudeMeters>25.2</AltitudeMeters>
            <DistanceMeters>4036.88</DistanceMeters>
            <HeartRateBpm><Value>135</Value></HeartRateBpm>
            <Cadence>161</Cadence>
          </Trackpoint>
          <Trackpoint>
            <Time>2026-03-03T13:53:30.000Z</Time>
            <Position>
              <LatitudeDegrees>37.3569851</LatitudeDegrees>
              <LongitudeDegrees>-121.8626352</LongitudeDegrees>
            </Position>
            <AltitudeMeters>25.3</AltitudeMeters>
            <DistanceMeters>4048.20</DistanceMeters>
            <HeartRateBpm><Value>135</Value></HeartRateBpm>
            <Cadence>161</Cadence>
          </Trackpoint>
          <Trackpoint>
            <Time>2026-03-03T13:53:35.000Z</Time>
            <Position>
              <LatitudeDegrees>37.3569131</LatitudeDegrees>
              <LongitudeDegrees>-121.8627260</LongitudeDegrees>
            </Position>
            <AltitudeMeters>25.4</AltitudeMeters>
            <DistanceMeters>4059.53</DistanceMeters>
            <HeartRateBpm><Value>135</Value></HeartRateBpm>
            <Cadence>161</Cadence>
          </Trackpoint>
          <Trackpoint>
            <Time>2026-03-03T13:53:40.000Z</Time>
            <Position>
              <LatitudeDegrees>37.3568410</LatitudeDegrees>
              <LongitudeDegrees>-121.8628168</LongitudeDegrees>
            </Position>
            <AltitudeMeters>25.4</AltitudeMeters>
            <DistanceMeters>4070.86</DistanceMeters>
            <HeartRateBpm><Value>135</Value></HeartRateBpm>
            <Cadence>161</Cadence>
          </Trackpoint>
          <Trackpoint>
            <Time>2026-03-03T13:53:45.000Z</Time>
            <Position>
              <LatitudeDegrees>37.3567689</LatitudeDegrees>
              <LongitudeDegrees>-121.8629076</LongitudeDegrees>
            </Position>
            <AltitudeMeters>25.5</AltitudeMeters>
            <DistanceMeters>4082.18</DistanceMeters>
            <HeartRateBpm><Value>135</Value></HeartRateBpm>
            <Cadence>161</Cadence>
          </Trackpoint>
          <Trackpoint>
            <Time>2026-03-03T13:53:50.000Z</Time>
            <Position>
              <LatitudeDegrees>37.3566968</LatitudeDegrees>
              <LongitudeDegrees>-121.8629984</LongitudeDegrees>
            </Position>
            <AltitudeMeters>25.6</AltitudeMeters>
            <DistanceMeters>4093.51</DistanceMeters>
            <HeartRateBpm><Value>135</Value></HeartRateBpm>
            <Cadence>161</Cadence>
          </Trackpoint>
          <Trackpoint>
            <Time>2026-03-03T13:53:55.000Z</Time>
            <Position>
              <LatitudeDegrees>37.3566247</LatitudeDegrees>
              <LongitudeDegrees>-121.8630892</LongitudeDegrees>
            </Position>
            <AltitudeMeters>25.6</AltitudeMeters>
            <DistanceMeters>4104.84</DistanceMeters>
            <HeartRateBpm><Value>135</Value></HeartRateBpm>
            <Cadence>161</Cadence>
          </Trackpoint>
          <Trackpoint>
            <Time>2026-03-03T13:54:00.000Z</Time>
            <Position>
              <LatitudeDegrees>37.3565526</LatitudeDegrees>
              <LongitudeDegrees>-121.8631800</LongitudeDegrees>
            </Position>
            <AltitudeMeters>25.7</AltitudeMeters>
            <DistanceMeters>4116.16</DistanceMeters>
            <HeartRateBpm><Value>135</Value></HeartRateBpm>
            <Cadence>161</Cadence>
          </Trackpoint>
          <Trackpoint>
            <Time>2026-03-03T13:54:05.000Z</Time>
            <Position>
              <LatitudeDegrees>37.3564806</LatitudeDegrees>
              <LongitudeDegrees>-121.8632708</LongitudeDegrees>
            </Position>
            <AltitudeMeters>25.8</AltitudeMeters>
            <DistanceMeters>4127.49</DistanceMeters>
            <HeartRateBpm><Value>135</Value></HeartRateBpm>
            <Cadence>161</Cadence>
          </Trackpoint>
          <Trackpoint>
            <Time>2026-03-03T13:54:10.000Z</Time>
            <Position>
              <LatitudeDegrees>37.3564085</LatitudeDegrees>
              <LongitudeDegrees>-121.8633617</LongitudeDegrees>
            </Position>
            <AltitudeMeters>25.8</AltitudeMeters>
            <DistanceMeters>4138.82</DistanceMeters>
            <HeartRateBpm><Value>135</Value></HeartRateBpm>
            <Cadence>161</Cadence>
          </Trackpoint>
          <Trackpoint>
            <Time>2026-03-03T13:54:15.000Z</Time>
            <Position>
              <LatitudeDegrees>37.3563364</LatitudeDegrees>
              <LongitudeDegrees>-121.8634525</LongitudeDegrees>
            </Position>
            <AltitudeMeters>25.9</AltitudeMeters>
            <DistanceMeters>4150.14</DistanceMeters>
            <HeartRateBpm><Value>135</Value></HeartRateBpm>
            <Cadence>161</Cadence>
          </Trackpoint>
          <Trackpoint>
            <Time>2026-03-03T13:54:20.000Z</Time>
            <Position>
              <LatitudeDegrees>37.3562643</LatitudeDegrees>
              <LongitudeDegrees>-121.8635433</LongitudeDegrees>
            </Position>
            <AltitudeMeters>26</AltitudeMeters>
            <DistanceMeters>4161.47</DistanceMeters>
            <HeartRateBpm><Value>135</Value></HeartRateBpm>
            <Cadence>161</Cadence>
          </Trackpoint>
          <Trackpoint>
            <Time>2026-03-03T13:54:22.000Z</Time>
            <Position>
              <LatitudeDegrees>37.3562355</LatitudeDegrees>
              <LongitudeDegrees>-121.8635796</LongitudeDegrees>
            </Position>
            <AltitudeMeters>26</AltitudeMeters>
            <DistanceMeters>4166.00</DistanceMeters>
            <HeartRateBpm><Value>135</Value></HeartRateBpm>
            <Cadence>161</Cadence>
          </Trackpoint>
        </Track>
      </Lap>
      <Lap StartTime="2026-03-03T13:54:22.000Z">
        <TotalTimeSeconds>290</TotalTimeSeconds>
        <DistanceMeters>1000</DistanceMeters>
        <AverageHeartRateBpm><Value>181</Value></AverageHeartRateBpm>
        <MaximumHeartRateBpm><Value>188</Value></MaximumHeartRateBpm>
        <Intensity>Active</Intensity>
        <TriggerMethod>Manual</TriggerMethod>
        <Track>
          <Trackpoint>
            <Time>2026-03-03T13:54:22.000Z</Time>
            <Position>
              <LatitudeDegrees>37.3562355</LatitudeDegrees>
              <LongitudeDegrees>-121.8635796</LongitudeDegrees>
            </Position>
            <AltitudeMeters>26</AltitudeMeters>
            <DistanceMeters>4166.00</DistanceMeters>
            <HeartRateBpm><Value>173</Value></HeartRateBpm>
            <Cadence>182</Cadence>
          </Trackpoint>
          <Trackpoint>
            <Time>2026-03-03T13:54:27.000Z</Time>
            <Position>
              <LatitudeDegrees>37.3561258</LatitudeDegrees>
              <LongitudeDegrees>-121.8637178</LongitudeDegrees>
            </Position>
            <AltitudeMeters>26.1</AltitudeMeters>
            <DistanceMeters>4183.24</DistanceMeters>
            <HeartRateBpm><Value>174</Value></HeartRateBpm>
            <Cadence>182</Cadence>
          </Trackpoint>
          <Trackpoint>
            <Time>2026-03-03T13:54:32.000Z</Time>
            <Position>
              <LatitudeDegrees>37.3560160</LatitudeDegrees>
              <LongitudeDegrees>-121.8638560</LongitudeDegrees>
            </Position>
            <AltitudeMeters>26.2</AltitudeMeters>
            <DistanceMeters>4200.48</DistanceMeters>
            <HeartRateBpm><Value>175</Value></HeartRateBpm>
            <Cadence>182</Cadence>
          </Trackpoint>
          <Trackpoint>
            <Time>2026-03-03T13:54:37.000Z</Time>
            <Position>
              <LatitudeDegrees>37.3559063</LatitudeDegrees>
              <LongitudeDegrees>-121.8639943</LongitudeDegrees>
            </Position>
            <AltitudeMeters>26.3</AltitudeMeters>
            <DistanceMeters>4217.72</DistanceMeters>
            <HeartRateBpm><Value>176</Value></HeartRateBpm>
            <Cadence>182</Cadence>
          </Trackpoint>
          <Trackpoint>
            <Time>2026-03-03T13:54:42.000Z</Time>
            <Position>
              <LatitudeDegrees>37.3557966</LatitudeDegrees>
              <LongitudeDegrees>-121.8641325</LongitudeDegrees>
            </Position>
            <AltitudeMeters>26.3</AltitudeMeters>
            <DistanceMeters>4234.97</DistanceMeters>
            <HeartRateBpm><Value>177</Value></HeartRateBpm>
            <Cadence>182</Cadence>
          </Trackpoint>
          <Trackpoint>
            <Time>2026-03-03T13:54:47.000Z</Time>
            <Position>
              <LatitudeDegrees>37.3556869</LatitudeDegrees>
              <LongitudeDegrees>-121.8642707</LongitudeDegrees>
            </Position>
            <AltitudeMeters>26.4</AltitudeMeters>
            <DistanceMeters>4252.21</DistanceMeters>
            <HeartRateBpm><Value>178</Value></HeartRateBpm>
            <Cadence>182</Cadence>
          </Trackpoint>
          <Trackpoint>
            <Time>2026-03-03T13:54:52.000Z</Time>
            <Position>
              <LatitudeDegrees>37.3555771</LatitudeDegrees>
              <LongitudeDegrees>-121.8644089</LongitudeDegrees>
            </Position>
            <AltitudeMeters>26.5</AltitudeMeters>
            <DistanceMeters>4269.45</DistanceMeters>
            <HeartRateBpm><Value>179</Value></HeartRateBpm>
            <Cadence>182</Cadence>
          </Trackpoint>
          <Trackpoint>
            <Time>2026-03-03T13:54:57.000Z</Time>
            <Position>
              <LatitudeDegrees>37.3554674</LatitudeDegrees>
              <LongitudeDegrees>-121.8645472</LongitudeDegrees>
            </Position>
            <AltitudeMeters>26.6</AltitudeMeters>
            <DistanceMeters>4286.69</DistanceMeters>
            <HeartRateBpm><Value>179</Value></HeartRateBpm>
            <Cadence>182</Cadence>
          </Trackpoint>
          <Trackpoint>
            <Time>2026-03-03T13:55:02.000Z</Time>
            <Position>
              <LatitudeDegrees>37.3553577</LatitudeDegrees>
              <LongitudeDegrees>-121.8646854</LongitudeDegrees>
            </Position>
            <AltitudeMeters>26.6</AltitudeMeters>
            <DistanceMeters>4303.93</DistanceMeters>
            <HeartRateBpm><Value>180</Value></HeartRateBpm>
            <Cadence>182</Cadence>
          </Trackpoint>
          <Trackpoint>
            <Time>2026-03-03T13:55:07.000Z</Time>
            <Position>
              <LatitudeDegrees>37.3552480</LatitudeDegrees>
              <LongitudeDegrees>-121.8648236</LongitudeDegrees>
            </Position>
            <AltitudeMeters>26.7</AltitudeMeters>
            <DistanceMeters>4321.17</DistanceMeters>
            <HeartRateBpm><Value>181</Value></HeartRateBpm>
            <Cadence>182</Cadence>
          </Trackpoint>
          <Trackpoint>
            <Time>2026-03-03T13:55:12.000Z</Time>
            <Position>
              <LatitudeDegrees>37.3551382</LatitudeDegrees>
              <LongitudeDegrees>-121.8649618</LongitudeDegrees>
            </Position>
            <AltitudeMeters>26.7</AltitudeMeters>
            <DistanceMeters>4338.41</DistanceMeters>
            <HeartRateBpm><Value>181</Value></HeartRateBpm>
            <Cadence>182</Cadence>
          </Trackpoint>
          <Trackpoint>
            <Time>2026-03-03T13:55:17.000Z</Time>
            <Position>
              <LatitudeDegrees>37.3550285</LatitudeDegrees>
              <LongitudeDegrees>-121.8651001</LongitudeDegrees>
            </Position>
            <AltitudeMeters>26.8</AltitudeMeters>
            <DistanceMeters>4355.66</DistanceMeters>
            <HeartRateBpm><Value>181</Value></HeartRateBpm>
            <Cadence>182</Cadence>
          </Trackpoint>
          <Trackpoint>
            <Time>2026-03-03T13:55:22.000Z</Time>
            <Position>
              <LatitudeDegrees>37.3549188</LatitudeDegrees>
              <LongitudeDegrees>-121.8652383</LongitudeDegrees>
            </Position>
            <AltitudeMeters>26.8</AltitudeMeters>
            <DistanceMeters>4372.90</DistanceMeters>
            <HeartRateBpm><Value>181</Value></HeartRateBpm>
            <Cadence>182</Cadence>
          </Trackpoint>
          <Trackpoint>
            <Time>2026-03-03T13:55:27.000Z</Time>
            <Position>
              <LatitudeDegrees>37.3548091</LatitudeDegrees>
              <LongitudeDegrees>-121.8653765</LongitudeDegrees>
            </Position>
            <AltitudeMeters>26.9</AltitudeMeters>
            <DistanceMeters>4390.14</DistanceMeters>
            <HeartRateBpm><Value>181</Value></HeartRateBpm>
            <Cadence>182</Cadence>
          </Trackpoint>
          <Trackpoint>
            <Time>2026-03-03T13:55:32.000Z</Time>
            <Position>
              <LatitudeDegrees>37.3546994</LatitudeDegrees>
              <LongitudeDegrees>-121.8655147</LongitudeDegrees>
            </Position>
            <AltitudeMeters>26.9</AltitudeMeters>
            <DistanceMeters>4407.38</DistanceMeters>
            <HeartRateBpm><Value>181</Value></HeartRateBpm>
            <Cadence>182</Cadence>
          </Trackpoint>
          <Trackpoint>
            <Time>2026-03-03T13:55:37.000Z</Time>
            <Position>
              <LatitudeDegrees>37.3545896</LatitudeDegrees>
              <LongitudeDegrees>-121.8656530</LongitudeDegrees>
            </Position>
            <AltitudeMeters>26.9</AltitudeMeters>
            <DistanceMeters>4424.62</DistanceMeters>
            <HeartRateBpm><Value>181</Value></HeartRateBpm>
            <Cadence>182</Cadence>
          </Trackpoint>
          <Trackpoint>
            <Time>2026-03-03T13:55:42.000Z</Time>
            <Position>
              <LatitudeDegrees>37.3544799</LatitudeDegrees>
              <LongitudeDegrees>-121.8657912</LongitudeDegrees>
            </Position>
            <AltitudeMeters>27</AltitudeMeters>
            <DistanceMeters>4441.86</DistanceMeters>
            <HeartRateBpm><Value>181</Value></HeartRateBpm>
            <Cadence>182</Cadence>
          </Trackpoint>
          <Trackpoint>
            <Time>2026-03-03T13:55:47.000Z</Time>
            <Position>
              <LatitudeDegrees>37.3543702</LatitudeDegrees>
              <LongitudeDegrees>-121.8659294</LongitudeDegrees>
            </Position>
            <AltitudeMeters>27</AltitudeMeters>
            <DistanceMeters>4459.10</DistanceMeters>
            <HeartRateBpm><Value>181</Value></HeartRateBpm>
            <Cadence>182</Cadence>
          </Trackpoint>
          <Trackpoint>
            <Time>2026-03-03T13:55:52.000Z</Time>
            <Position>
              <LatitudeDegrees>37.3542605</LatitudeDegrees>
              <LongitudeDegrees>-121.8660676</LongitudeDegrees>
            </Position>
            <AltitudeMeters>27</AltitudeMeters>
            <DistanceMeters>4476.34</DistanceMeters>
            <HeartRateBpm><Value>181</Value></HeartRateBpm>
            <Cadence>182</Cadence>
          </Trackpoint>
          <Trackpoint>
            <Time>2026-03-03T13:55:57.000Z</Time>
            <Position>
              <LatitudeDegrees>37.3541507</LatitudeDegrees>
              <LongitudeDegrees>-121.8662059</LongitudeDegrees>
            </Position>
            <AltitudeMeters>27</AltitudeMeters>
            <DistanceMeters>4493.59</DistanceMeters>
            <HeartRateBpm><Value>181</Value></HeartRateBpm>
            <Cadence>182</Cadence>
          </Trackpoint>
          <Trackpoint>
            <Time>2026-03-03T13:56:02.000Z</Time>
            <Position>
              <LatitudeDegrees>37.3540410</LatitudeDegrees>
              <LongitudeDegrees>-121.8663441</LongitudeDegrees>
            </Position>
            <AltitudeMeters>27</AltitudeMeters>
            <DistanceMeters>4510.83</DistanceMeters>
            <HeartRateBpm><Value>181</Value></HeartRateBpm>
            <Cadence>182</Cadence>
          </Trackpoint>
          <Trackpoint>
            <Time>2026-03-03T13:56:07.000Z</Time>
            <Position>
              <LatitudeDegrees>37.3539313</LatitudeDegrees>
              <LongitudeDegrees>-121.8664823</LongitudeDegrees>
            </Position>
            <AltitudeMeters>27</AltitudeMeters>
            <DistanceMeters>4528.07</DistanceMeters>
            <HeartRateBpm><Value>181</Value></HeartRateBpm>
            <Cadence>182</Cadence>
          </Trackpoint>
          <Trackpoint>
            <Time>2026-03-03T13:56:12.000Z</Time>
            <Position>
              <LatitudeDegrees>37.3538216</LatitudeDegrees>
              <LongitudeDegrees>-121.8666205</LongitudeDegrees>
            </Position>
            <AltitudeMeters>27</AltitudeMeters>
            <DistanceMeters>4545.31</DistanceMeters>
            <HeartRateBpm><Value>181</Value></HeartRateBpm>
            <Cadence>182</Cadence>
          </Trackpoint>
          <Trackpoint>
            <Time>2026-03-03T13:56:17.000Z</Time>
            <Position>
              <LatitudeDegrees>37.3537118</LatitudeDegrees>
              <LongitudeDegrees>-121.8667588</LongitudeDegrees>
            </Position>
            <AltitudeMeters>27</AltitudeMeters>
            <DistanceMeters>4562.55</DistanceMeters>
            <HeartRateBpm><Value>181</Value></HeartRateBpm>
            <Cadence>182</Cadence>
          </Trackpoint>
          <Trackpoint>
            <Time>2026-03-03T13:56:22.000Z</Time>
            <Position>
              <LatitudeDegrees>37.3536021</LatitudeDegrees>
              <LongitudeDegrees>-121.8668970</LongitudeDegrees>
            </Position>
            <AltitudeMeters>26.9</AltitudeMeters>
            <DistanceMeters>4579.79</DistanceMeters>
            <HeartRateBpm><Value>181</Value></HeartRateBpm>
            <Cadence>182</Cadence>
          </Trackpoint>
          <Trackpoint>
            <Time>2026-03-03T13:56:27.000Z</Time>
            <Position>
              <LatitudeDegrees>37.3534924</LatitudeDegrees>
              <LongitudeDegrees>-121.8670352</LongitudeDegrees>
            </Position>
            <AltitudeMeters>26.9</AltitudeMeters>
            <DistanceMeters>4597.03</DistanceMeters>
            <HeartRateBpm><Value>181</Value></HeartRateBpm>
            <Cadence>182</Cadence>
          </Trackpoint>
          <Trackpoint>
            <Time>2026-03-03T13:56:32.000Z</Time>
            <Position>
              <LatitudeDegrees>37.3533827</LatitudeDegrees>
              <LongitudeDegrees>-121.8671734</LongitudeDegrees>
            </Position>
            <AltitudeMeters>26.9</AltitudeMeters>
            <DistanceMeters>4614.28</DistanceMeters>
            <HeartRateBpm><Value>181</Value></HeartRateBpm>
            <Cadence>182</Cadence>
          </Trackpoint>
          <Trackpoint>
            <Time>2026-03-03T13:56:37.000Z</Time>
            <Position>
              <LatitudeDegrees>37.3532729</LatitudeDegrees>
              <LongitudeDegrees>-121.8673117</LongitudeDegrees>
            </Position>
            <AltitudeMeters>26.8</AltitudeMeters>
            <DistanceMeters>4631.52</DistanceMeters>
            <HeartRateBpm><Value>181</Value></HeartRateBpm>
            <Cadence>182</Cadence>
          </Trackpoint>
          <Trackpoint>
            <Time>2026-03-03T13:56:42.000Z</Time>
            <Position>
              <LatitudeDegrees>37.3531632</LatitudeDegrees>
              <LongitudeDegrees>-121.8674499</LongitudeDegrees>
            </Position>
            <AltitudeMeters>26.8</AltitudeMeters>
            <DistanceMeters>4648.76</DistanceMeters>
            <HeartRateBpm><Value>181</Value></HeartRateBpm>
            <Cadence>182</Cadence>
          </Trackpoint>
          <Trackpoint>
            <Time>2026-03-03T13:56:47.000Z</Time>
            <Position>
              <LatitudeDegrees>37.3530535</LatitudeDegrees>
              <LongitudeDegrees>-121.8675881</LongitudeDegrees>
            </Position>
            <AltitudeMeters>26.7</AltitudeMeters>
            <DistanceMeters>4666.00</DistanceMeters>
            <HeartRateBpm><Value>181</Value></HeartRateBpm>
            <Cadence>182</Cadence>
          </Trackpoint>
          <Trackpoint>
            <Time>2026-03-03T13:56:52.000Z</Time>
            <Position>
              <LatitudeDegrees>37.3529438</LatitudeDegrees>
              <LongitudeDegrees>-121.8677264</LongitudeDegrees>
            </Position>
            <AltitudeMeters>26.7</AltitudeMeters>
            <DistanceMeters>4683.24</DistanceMeters>
            <HeartRateBpm><Value>181</Value></HeartRateBpm>
            <Cadence>182</Cadence>
          </Trackpoint>
          <Trackpoint>
            <Time>2026-03-03T13:56:57.000Z</Time>
            <Position>
              <LatitudeDegrees>37.3528341</LatitudeDegrees>
              <LongitudeDegrees>-121.8678646</LongitudeDegrees>
            </Position>
            <AltitudeMeters>26.6</AltitudeMeters>
            <DistanceMeters>4700.48</DistanceMeters>
            <HeartRateBpm><Value>181</Value></HeartRateBpm>
            <Cadence>182</Cadence>
          </Trackpoint>
          <Trackpoint>
            <Time>2026-03-03T13:57:02.000Z</Time>
            <Position>
              <LatitudeDegrees>37.3527243</LatitudeDegrees>
              <LongitudeDegrees>-121.8680028</LongitudeDegrees>
            </Position>
            <AltitudeMeters>26.6</AltitudeMeters>
            <DistanceMeters>4717.72</DistanceMeters>
            <HeartRateBpm><Value>181</Value></HeartRateBpm>
            <Cadence>182</Cadence>
          </Trackpoint>
          <Trackpoint>
            <Time>2026-03-03T13:57:07.000Z</Time>
            <Position>
              <LatitudeDegrees>37.3526146</LatitudeDegrees>
              <LongitudeDegrees>-121.8681410</LongitudeDegrees>
            </Position>
            <AltitudeMeters>26.5</AltitudeMeters>
            <DistanceMeters>4734.97</DistanceMeters>
            <HeartRateBpm><Value>181</Value></HeartRateBpm>
            <Cadence>182</Cadence>
          </Trackpoint>
          <Trackpoint>
            <Time>2026-03-03T13:57:12.000Z</Time>
            <Position>
              <LatitudeDegrees>37.3525049</LatitudeDegrees>
              <LongitudeDegrees>-121.8682793</LongitudeDegrees>
            </Position>
            <AltitudeMeters>26.4</AltitudeMeters>
            <DistanceMeters>4752.21</DistanceMeters>
            <HeartRateBpm><Value>181</Value></HeartRateBpm>
            <Cadence>182</Cadence>
          </Trackpoint>
          <Trackpoint>
            <Time>2026-03-03T13:57:17.000Z</Time>
            <Position>
              <LatitudeDegrees>37.3523952</LatitudeDegrees>
              <LongitudeDegrees>-121.8684175</LongitudeDegrees>
            </Position>
            <AltitudeMeters>26.3</AltitudeMeters>
            <DistanceMeters>4769.45</DistanceMeters>
            <HeartRateBpm><Value>181</Value></HeartRateBpm>
            <Cadence>182</Cadence>
          </Trackpoint>
          <Trackpoint>
            <Time>2026-03-03T13:57:22.000Z</Time>
            <Position>
              <LatitudeDegrees>37.3522854</LatitudeDegrees>
              <LongitudeDegrees>-121.8685557</LongitudeDegrees>
            </Position>
            <AltitudeMeters>26.2</AltitudeMeters>
            <DistanceMeters>4786.69</DistanceMeters>
            <HeartRateBpm><Value>181</Value></HeartRateBpm>
            <Cadence>182</Cadence>
          </Trackpoint>
          <Trackpoint>
            <Time>2026-03-03T13:57:27.000Z</Time>
            <Position>
              <LatitudeDegrees>37.3521757</LatitudeDegrees>
              <LongitudeDegrees>-121.8686939</LongitudeDegrees>
            </Position>
            <AltitudeMeters>26.2</AltitudeMeters>
            <DistanceMeters>4803.93</DistanceMeters>
            <HeartRateBpm><Value>181</Value></HeartRateBpm>
            <Cadence>182</Cadence>
          </Trackpoint>
          <Trackpoint>
            <Time>2026-03-03T13:57:32.000Z</Time>
            <Position>
              <LatitudeDegrees>37.3520660</LatitudeDegrees>
              <LongitudeDegrees>-121.8688322</LongitudeDegrees>
            </Position>
            <AltitudeMeters>26.1</AltitudeMeters>
            <DistanceMeters>4821.17</DistanceMeters>
            <HeartRateBpm><Value>181</Value></HeartRateBpm>
            <Cadence>182</Cadence>
          </Trackpoint>
          <Trackpoint>
            <Time>2026-03-03T13:57:37.000Z</Time>
            <Position>
              <LatitudeDegrees>37.3519563</LatitudeDegrees>
              <LongitudeDegrees>-121.8689704</LongitudeDegrees>
            </Position>
            <AltitudeMeters>26</AltitudeMeters>
            <DistanceMeters>4838.41</DistanceMeters>
            <HeartRateBpm><Value>181</Value></HeartRateBpm>
            <Cadence>182</Cadence>
          </Trackpoint>
          <Trackpoint>
            <Time>2026-03-03T13:57:42.000Z</Time>
            <Position>
              <LatitudeDegrees>37.3518465</LatitudeDegrees>
              <LongitudeDegrees>-121.8691086</LongitudeDegrees>
            </Position>
            <AltitudeMeters>25.9</AltitudeMeters>
            <DistanceMeters>4855.66</DistanceMeters>
            <HeartRateBpm><Value>181</Value></HeartRateBpm>
            <Cadence>182</Cadence>
          </Trackpoint>
          <Trackpoint>
            <Time>2026-03-03T13:57:47.000Z</Time>
            <Position>
              <LatitudeDegrees>37.3517368</LatitudeDegrees>
              <LongitudeDegrees>-121.8692468</LongitudeDegrees>
            </Position>
            <AltitudeMeters>25.8</AltitudeMeters>
            <DistanceMeters>4872.90</DistanceMeters>
            <HeartRateBpm><Value>181</Value></HeartRateBpm>
            <Cadence>182</Cadence>
          </Trackpoint>
          <Trackpoint>
            <Time>2026-03-03T13:57:52.000Z</Time>
            <Position>
              <LatitudeDegrees>37.3516271</LatitudeDegrees>
              <LongitudeDegrees>-121.8693851</LongitudeDegrees>
            </Position>
            <AltitudeMeters>25.7</AltitudeMeters>
            <DistanceMeters>4890.14</DistanceMeters>
            <HeartRateBpm><Value>181</Value></HeartRateBpm>
            <Cadence>182</Cadence>
          </Trackpoint>
          <Trackpoint>
            <Time>2026-03-03T13:57:57.000Z</Time>
            <Position>
              <LatitudeDegrees>37.3515174</LatitudeDegrees>
              <LongitudeDegrees>-121.8695233</LongitudeDegrees>
            </Position>
            <AltitudeMeters>25.6</AltitudeMeters>
            <DistanceMeters>4907.38</DistanceMeters>
            <HeartRateBpm><Value>181</Value></HeartRateBpm>
            <Cadence>182</Cadence>
          </Trackpoint>
          <Trackpoint>
            <Time>2026-03-03T13:58:02.000Z</Time>
            <Position>
              <LatitudeDegrees>37.3514076</LatitudeDegrees>
              <LongitudeDegrees>-121.8696615</LongitudeDegrees>
            </Position>
            <AltitudeMeters>25.5</AltitudeMeters>
            <DistanceMeters>4924.62</DistanceMeters>
            <HeartRateBpm><Value>181</Value></HeartRateBpm>
            <Cadence>182</Cadence>
          </Trackpoint>
          <Trackpoint>
            <Time>2026-03-03T13:58:07.000Z</Time>
            <Position>
              <LatitudeDegrees>37.3512979</LatitudeDegrees>
              <LongitudeDegrees>-121.8697997</LongitudeDegrees>
            </Position>
            <AltitudeMeters>25.4</AltitudeMeters>
            <DistanceMeters>4941.86</DistanceMeters>
            <HeartRateBpm><Value>181</Value></HeartRateBpm>
            <Cadence>182</Cadence>
          </Trackpoint>
          <Trackpoint>
            <Time>2026-03-03T13:58:12.000Z</Time>
            <Position>
              <LatitudeDegrees>37.3511882</LatitudeDegrees>
              <LongitudeDegrees>-121.8699380</LongitudeDegrees>
            </Position>
            <AltitudeMeters>25.3</AltitudeMeters>
            <DistanceMeters>4959.10</DistanceMeters>
            <HeartRateBpm><Value>181</Value></HeartRateBpm>
            <Cadence>182</Cadence>
          </Trackpoint>
          <Trackpoint>
            <Time>2026-03-03T13:58:17.000Z</Time>
            <Position>
              <LatitudeDegrees>37.3510785</LatitudeDegrees>
              <LongitudeDegrees>-121.8700762</LongitudeDegrees>
            </Position>
            <AltitudeMeters>25.1</AltitudeMeters>
            <DistanceMeters>4976.34</DistanceMeters>
            <HeartRateBpm><Value>181</Value></HeartRateBpm>
            <Cadence>182</Cadence>
          </Trackpoint>
          <Trackpoint>
            <Time>2026-03-03T13:58:22.000Z</Time>
            <Position>
              <LatitudeDegrees>37.3509688</LatitudeDegrees>
              <LongitudeDegrees>-121.8702144</LongitudeDegrees>
            </Position>
            <AltitudeMeters>25</AltitudeMeters>
            <DistanceMeters>4993.59</DistanceMeters>
            <HeartRateBpm><Value>181</Value></HeartRateBpm>
            <Cadence>182</Cadence>
          </Trackpoint>
          <Trackpoint>
            <Time>2026-03-03T13:58:27.000Z</Time>
            <Position>
              <LatitudeDegrees>37.3508590</LatitudeDegrees>
              <LongitudeDegrees>-121.8703526</LongitudeDegrees>
            </Position>
            <AltitudeMeters>24.9</AltitudeMeters>
            <DistanceMeters>5010.83</DistanceMeters>
            <HeartRateBpm><Value>181</Value></HeartRateBpm>
            <Cadence>182</Cadence>
          </Trackpoint>
          <Trackpoint>
            <Time>2026-03-03T13:58:32.000Z</Time>
            <Position>
              <LatitudeDegrees>37.3507493</LatitudeDegrees>
              <LongitudeDegrees>-121.8704909</LongitudeDegrees>
            </Position>
            <AltitudeMeters>24.8</AltitudeMeters>
            <DistanceMeters>5028.07</DistanceMeters>
            <HeartRateBpm><Value>181</Value></HeartRateBpm>
            <Cadence>182</Cadence>
          </Trackpoint>
          <Trackpoint>
            <Time>2026-03-03T13:58:37.000Z</Time>
            <Position>
              <LatitudeDegrees>37.3506396</LatitudeDegrees>
              <LongitudeDegrees>-121.8706291</LongitudeDegrees>
            </Position>
            <AltitudeMeters>24.7</AltitudeMeters>
            <DistanceMeters>5045.31</DistanceMeters>
            <HeartRateBpm><Value>181</Value></HeartRateBpm>
            <Cadence>182</Cadence>
          </Trackpoint>
          <Trackpoint>
            <Time>2026-03-03T13:58:42.000Z</Time>
            <Position>
              <LatitudeDegrees>37.3505299</LatitudeDegrees>
              <LongitudeDegrees>-121.8707673</LongitudeDegrees>
            </Position>
            <AltitudeMeters>24.6</AltitudeMeters>
            <DistanceMeters>5062.55</DistanceMeters>
            <HeartRateBpm><Value>181</Value></HeartRateBpm>
            <Cadence>182</Cadence>
          </Trackpoint>
          <Trackpoint>
            <Time>2026-03-03T13:58:47.000Z</Time>
            <Position>
              <LatitudeDegrees>37.3504201</LatitudeDegrees>
              <LongitudeDegrees>-121.8709055</LongitudeDegrees>
            </Position>
            <AltitudeMeters>24.5</AltitudeMeters>
            <DistanceMeters>5079.79</DistanceMeters>
            <HeartRateBpm><Value>181</Value></HeartRateBpm>
            <Cadence>182</Cadence>
          </Trackpoint>
          <Trackpoint>
            <Time>2026-03-03T13:58:52.000Z</Time>
            <Position>
              <LatitudeDegrees>37.3503104</LatitudeDegrees>
              <LongitudeDegrees>-121.8710438</LongitudeDegrees>
            </Position>
            <AltitudeMeters>24.4</AltitudeMeters>
            <DistanceMeters>5097.03</DistanceMeters>
            <HeartRateBpm><Value>181</Value></HeartRateBpm>
            <Cadence>182</Cadence>
          </Trackpoint>
          <Trackpoint>
            <Time>2026-03-03T13:58:57.000Z</Time>
            <Position>
              <LatitudeDegrees>37.3502007</LatitudeDegrees>
              <LongitudeDegrees>-121.8711820</LongitudeDegrees>
            </Position>
            <AltitudeMeters>24.3</AltitudeMeters>
            <DistanceMeters>5114.28</DistanceMeters>
            <HeartRateBpm><Value>181</Value></HeartRateBpm>
            <Cadence>182</Cadence>
          </Trackpoint>
          <Trackpoint>
            <Time>2026-03-03T13:59:02.000Z</Time>
            <Position>
              <LatitudeDegrees>37.3500910</LatitudeDegrees>
              <LongitudeDegrees>-121.8713202</LongitudeDegrees>
            </Position>
            <AltitudeMeters>24.2</AltitudeMeters>
            <DistanceMeters>5131.52</DistanceMeters>
            <HeartRateBpm><Value>181</Value></HeartRateBpm>
            <Cadence>182</Cadence>
          </Trackpoint>
          <Trackpoint>
            <Time>2026-03-03T13:59:07.000Z</Time>
            <Position>
              <LatitudeDegrees>37.3499812</LatitudeDegrees>
              <LongitudeDegrees>-121.8714584</LongitudeDegrees>
            </Position>
            <AltitudeMeters>24.1</AltitudeMeters>
            <DistanceMeters>5148.76</DistanceMeters>
            <HeartRateBpm><Value>181</Value></HeartRateBpm>
            <Cadence>182</Cadence>
          </Trackpoint>
          <Trackpoint>
            <Time>2026-03-03T13:59:12.000Z</Time>
            <Position>
              <LatitudeDegrees>37.3498715</LatitudeDegrees>
              <LongitudeDegrees>-121.8715967</LongitudeDegrees>
            </Position>
            <AltitudeMeters>24</AltitudeMeters>
            <DistanceMeters>5166.00</DistanceMeters>
            <HeartRateBpm><Value>181</Value></HeartRateBpm>
            <Cadence>182</Cadence>
          </Trackpoint>
        </Track>
      </Lap>
      <Lap StartTime="2026-03-03T13:59:12.000Z">
        <TotalTimeSeconds>147</TotalTimeSeconds>
        <DistanceMeters>333</DistanceMeters>
        <AverageHeartRateBpm><Value>135</Value></AverageHeartRateBpm>
        <MaximumHeartRateBpm><Value>144</Value></MaximumHeartRateBpm>
        <Intensity>Resting</Intensity>
        <TriggerMethod>Manual</TriggerMethod>
        <Track>
          <Trackpoint>
            <Time>2026-03-03T13:59:12.000Z</Time>
            <Position>
              <LatitudeDegrees>37.3498715</LatitudeDegrees>
              <LongitudeDegrees>-121.8715967</LongitudeDegrees>
            </Position>
            <AltitudeMeters>24</AltitudeMeters>
            <DistanceMeters>5166.00</DistanceMeters>
            <HeartRateBpm><Value>127</Value></HeartRateBpm>
            <Cadence>162</Cadence>
          </Trackpoint>
          <Trackpoint>
            <Time>2026-03-03T13:59:17.000Z</Time>
            <Position>
              <LatitudeDegrees>37.3497994</LatitudeDegrees>
              <LongitudeDegrees>-121.8716875</LongitudeDegrees>
            </Position>
            <AltitudeMeters>23.9</AltitudeMeters>
            <DistanceMeters>5177.33</DistanceMeters>
            <HeartRateBpm><Value>129</Value></HeartRateBpm>
            <Cadence>162</Cadence>
          </Trackpoint>
          <Trackpoint>
            <Time>2026-03-03T13:59:22.000Z</Time>
            <Position>
              <LatitudeDegrees>37.3497274</LatitudeDegrees>
              <LongitudeDegrees>-121.8717783</LongitudeDegrees>
            </Position>
            <AltitudeMeters>23.9</AltitudeMeters>
            <DistanceMeters>5188.65</DistanceMeters>
            <HeartRateBpm><Value>131</Value></HeartRateBpm>
            <Cadence>162</Cadence>
          </Trackpoint>
          <Trackpoint>
            <Time>2026-03-03T13:59:27.000Z</Time>
            <Position>
              <LatitudeDegrees>37.3496553</LatitudeDegrees>
              <LongitudeDegrees>-121.8718691</LongitudeDegrees>
            </Position>
            <AltitudeMeters>23.8</AltitudeMeters>
            <DistanceMeters>5199.98</DistanceMeters>
            <HeartRateBpm><Value>132</Value></HeartRateBpm>
            <Cadence>162</Cadence>
          </Trackpoint>
          <Trackpoint>
            <Time>2026-03-03T13:59:32.000Z</Time>
            <Position>
              <LatitudeDegrees>37.3495832</LatitudeDegrees>
              <LongitudeDegrees>-121.8719599</LongitudeDegrees>
            </Position>
            <AltitudeMeters>23.8</AltitudeMeters>
            <DistanceMeters>5211.31</DistanceMeters>
            <HeartRateBpm><Value>134</Value></HeartRateBpm>
            <Cadence>162</Cadence>
          </Trackpoint>
          <Trackpoint>
            <Time>2026-03-03T13:59:37.000Z</Time>
            <Position>
              <LatitudeDegrees>37.3495111</LatitudeDegrees>
              <LongitudeDegrees>-121.8720507</LongitudeDegrees>
            </Position>
            <AltitudeMeters>23.7</AltitudeMeters>
            <DistanceMeters>5222.63</DistanceMeters>
            <HeartRateBpm><Value>135</Value></HeartRateBpm>
            <Cadence>162</Cadence>
          </Trackpoint>
          <Trackpoint>
            <Time>2026-03-03T13:59:42.000Z</Time>
            <Position>
              <LatitudeDegrees>37.3494390</LatitudeDegrees>
              <LongitudeDegrees>-121.8721415</LongitudeDegrees>
            </Position>
            <AltitudeMeters>23.7</AltitudeMeters>
            <DistanceMeters>5233.96</DistanceMeters>
            <HeartRateBpm><Value>135</Value></HeartRateBpm>
            <Cadence>162</Cadence>
          </Trackpoint>
          <Trackpoint>
            <Time>2026-03-03T13:59:47.000Z</Time>
            <Position>
              <LatitudeDegrees>37.3493669</LatitudeDegrees>
              <LongitudeDegrees>-121.8722323</LongitudeDegrees>
            </Position>
            <AltitudeMeters>23.6</AltitudeMeters>
            <DistanceMeters>5245.29</DistanceMeters>
            <HeartRateBpm><Value>135</Value></HeartRateBpm>
            <Cadence>162</Cadence>
          </Trackpoint>
          <Trackpoint>
            <Time>2026-03-03T13:59:52.000Z</Time>
            <Position>
              <LatitudeDegrees>37.3492949</LatitudeDegrees>
              <LongitudeDegrees>-121.8723231</LongitudeDegrees>
            </Position>
            <AltitudeMeters>23.6</AltitudeMeters>
            <DistanceMeters>5256.61</DistanceMeters>
            <HeartRateBpm><Value>135</Value></HeartRateBpm>
            <Cadence>162</Cadence>
          </Trackpoint>
          <Trackpoint>
            <Time>2026-03-03T13:59:57.000Z</Time>
            <Position>
              <LatitudeDegrees>37.3492228</LatitudeDegrees>
              <LongitudeDegrees>-121.8724139</LongitudeDegrees>
            </Position>
            <AltitudeMeters>23.5</AltitudeMeters>
            <DistanceMeters>5267.94</DistanceMeters>
            <HeartRateBpm><Value>135</Value></HeartRateBpm>
            <Cadence>162</Cadence>
          </Trackpoint>
          <Trackpoint>
            <Time>2026-03-03T14:00:02.000Z</Time>
            <Position>
              <LatitudeDegrees>37.3491507</LatitudeDegrees>
              <LongitudeDegrees>-121.8725047</LongitudeDegrees>
            </Position>
            <AltitudeMeters>23.5</AltitudeMeters>
            <DistanceMeters>5279.27</DistanceMeters>
            <HeartRateBpm><Value>135</Value></HeartRateBpm>
            <Cadence>162</Cadence>
          </Trackpoint>
          <Trackpoint>
            <Time>2026-03-03T14:00:07.000Z</Time>
            <Position>
              <LatitudeDegrees>37.3490786</LatitudeDegrees>
              <LongitudeDegrees>-121.8725955</LongitudeDegrees>
            </Position>
            <AltitudeMeters>23.4</AltitudeMeters>
            <DistanceMeters>5290.59</DistanceMeters>
            <HeartRateBpm><Value>135</Value></HeartRateBpm>
            <Cadence>162</Cadence>
          </Trackpoint>
          <Trackpoint>
            <Time>2026-03-03T14:00:12.000Z</Time>
            <Position>
              <LatitudeDegrees>37.3490065</LatitudeDegrees>
              <LongitudeDegrees>-121.8726863</LongitudeDegrees>
            </Position>
            <AltitudeMeters>23.4</AltitudeMeters>
            <DistanceMeters>5301.92</DistanceMeters>
            <HeartRateBpm><Value>135</Value></HeartRateBpm>
            <Cadence>162</Cadence>
          </Trackpoint>
          <Trackpoint>
            <Time>2026-03-03T14:00:17.000Z</Time>
            <Position>
              <LatitudeDegrees>37.3489345</LatitudeDegrees>
              <LongitudeDegrees>-121.8727771</LongitudeDegrees>
            </Position>
            <AltitudeMeters>23.3</AltitudeMeters>
            <DistanceMeters>5313.24</DistanceMeters>
            <HeartRateBpm><Value>135</Value></HeartRateBpm>
            <Cadence>162</Cadence>
          </Trackpoint>
          <Trackpoint>
            <Time>2026-03-03T14:00:22.000Z</Time>
            <Position>
              <LatitudeDegrees>37.3488624</LatitudeDegrees>
              <LongitudeDegrees>-121.8728679</LongitudeDegrees>
            </Position>
            <AltitudeMeters>23.3</AltitudeMeters>
            <DistanceMeters>5324.57</DistanceMeters>
            <HeartRateBpm><Value>135</Value></HeartRateBpm>
            <Cadence>162</Cadence>
          </Trackpoint>
          <Trackpoint>
            <Time>2026-03-03T14:00:27.000Z</Time>
            <Position>
              <LatitudeDegrees>37.3487903</LatitudeDegrees>
              <LongitudeDegrees>-121.8729588</LongitudeDegrees>
            </Position>
            <AltitudeMeters>23.3</AltitudeMeters>
            <DistanceMeters>5335.90</DistanceMeters>
            <HeartRateBpm><Value>135</Value></HeartRateBpm>
            <Cadence>162</Cadence>
          </Trackpoint>
          <Trackpoint>
            <Time>2026-03-03T14:00:32.000Z</Time>
            <Position>
              <LatitudeDegrees>37.3487182</LatitudeDegrees>
              <LongitudeDegrees>-121.8730496</LongitudeDegrees>
            </Position>
            <AltitudeMeters>23.2</AltitudeMeters>
            <DistanceMeters>5347.22</DistanceMeters>
            <HeartRateBpm><Value>135</Value></HeartRateBpm>
            <Cadence>162</Cadence>
          </Trackpoint>
          <Trackpoint>
            <Time>2026-03-03T14:00:37.000Z</Time>
            <Position>
              <LatitudeDegrees>37.3486461</LatitudeDegrees>
              <LongitudeDegrees>-121.8731404</LongitudeDegrees>
            </Position>
            <AltitudeMeters>23.2</AltitudeMeters>
            <DistanceMeters>5358.55</DistanceMeters>
            <HeartRateBpm><Value>135</Value></HeartRateBpm>
            <Cadence>162</Cadence>
          </Trackpoint>
          <Trackpoint>
            <Time>2026-03-03T14:00:42.000Z</Time>
            <Position>
              <LatitudeDegrees>37.3485740</LatitudeDegrees>
              <LongitudeDegrees>-121.8732312</LongitudeDegrees>
            </Position>
            <AltitudeMeters>23.2</AltitudeMeters>
            <DistanceMeters>5369.88</DistanceMeters>
            <HeartRateBpm><Value>135</Value></HeartRateBpm>
            <Cadence>162</Cadence>
          </Trackpoint>
          <Trackpoint>
            <Time>2026-03-03T14:00:47.000Z</Time>
            <Position>
              <LatitudeDegrees>37.3485020</LatitudeDegrees>
              <LongitudeDegrees>-121.8733220</LongitudeDegrees>
            </Position>
            <AltitudeMeters>23.1</AltitudeMeters>
            <DistanceMeters>5381.20</DistanceMeters>
            <HeartRateBpm><Value>135</Value></HeartRateBpm>
            <Cadence>162</Cadence>
          </Trackpoint>
          <Trackpoint>
            <Time>2026-03-03T14:00:52.000Z</Time>
            <Position>
              <LatitudeDegrees>37.3484299</LatitudeDegrees>
              <LongitudeDegrees>-121.8734128</LongitudeDegrees>
            </Position>
            <AltitudeMeters>23.1</AltitudeMeters>
            <DistanceMeters>5392.53</DistanceMeters>
            <HeartRateBpm><Value>135</Value></HeartRateBpm>
            <Cadence>162</Cadence>
          </Trackpoint>
          <Trackpoint>
            <Time>2026-03-03T14:00:57.000Z</Time>
            <Position>
              <LatitudeDegrees>37.3483578</LatitudeDegrees>
              <LongitudeDegrees>-121.8735036</LongitudeDegrees>
            </Position>
            <AltitudeMeters>23.1</AltitudeMeters>
            <DistanceMeters>5403.86</DistanceMeters>
            <HeartRateBpm><Value>135</Value></HeartRateBpm>
            <Cadence>162</Cadence>
          </Trackpoint>
          <Trackpoint>
            <Time>2026-03-03T14:01:02.000Z</Time>
            <Position>
              <LatitudeDegrees>37.3482857</LatitudeDegrees>
              <LongitudeDegrees>-121.8735944</LongitudeDegrees>
            </Position>
            <AltitudeMeters>23.1</AltitudeMeters>
            <DistanceMeters>5415.18</DistanceMeters>
            <HeartRateBpm><Value>135</Value></HeartRateBpm>
            <Cadence>162</Cadence>
          </Trackpoint>
          <Trackpoint>
            <Time>2026-03-03T14:01:07.000Z</Time>
            <Position>
              <LatitudeDegrees>37.3482136</LatitudeDegrees>
              <LongitudeDegrees>-121.8736852</LongitudeDegrees>
            </Position>
            <AltitudeMeters>23.1</AltitudeMeters>
            <DistanceMeters>5426.51</DistanceMeters>
            <HeartRateBpm><Value>135</Value></HeartRateBpm>
            <Cadence>162</Cadence>
          </Trackpoint>
          <Trackpoint>
            <Time>2026-03-03T14:01:12.000Z</Time>
            <Position>
              <LatitudeDegrees>37.3481416</LatitudeDegrees>
              <LongitudeDegrees>-121.8737760</LongitudeDegrees>
            </Position>
            <AltitudeMeters>23</AltitudeMeters>
            <DistanceMeters>5437.84</DistanceMeters>
            <HeartRateBpm><Value>135</Value></HeartRateBpm>
            <Cadence>162</Cadence>
          </Trackpoint>
          <Trackpoint>
            <Time>2026-03-03T14:01:17.000Z</Time>
            <Position>
              <LatitudeDegrees>37.3480695</LatitudeDegrees>
              <LongitudeDegrees>-121.8738668</LongitudeDegrees>
            </Position>
            <AltitudeMeters>23</AltitudeMeters>
            <DistanceMeters>5449.16</DistanceMeters>
            <HeartRateBpm><Value>135</Value></HeartRateBpm>
            <Cadence>162</Cadence>
          </Trackpoint>
          <Trackpoint>
            <Time>2026-03-03T14:01:22.000Z</Time>
            <Position>
              <LatitudeDegrees>37.3479974</LatitudeDegrees>
              <LongitudeDegrees>-121.8739576</LongitudeDegrees>
            </Position>
            <AltitudeMeters>23</AltitudeMeters>
            <DistanceMeters>5460.49</DistanceMeters>
            <HeartRateBpm><Value>135</Value></HeartRateBpm>
            <Cadence>162</Cadence>
          </Trackpoint>
          <Trackpoint>
            <Time>2026-03-03T14:01:27.000Z</Time>
            <Position>
              <LatitudeDegrees>37.3479253</LatitudeDegrees>
              <LongitudeDegrees>-121.8740484</LongitudeDegrees>
            </Position>
            <AltitudeMeters>23</AltitudeMeters>
            <DistanceMeters>5471.82</DistanceMeters>
            <HeartRateBpm><Value>135</Value></HeartRateBpm>
            <Cadence>162</Cadence>
          </Trackpoint>
          <Trackpoint>
            <Time>2026-03-03T14:01:32.000Z</Time>
            <Position>
              <LatitudeDegrees>37.3478532</LatitudeDegrees>
              <LongitudeDegrees>-121.8741392</LongitudeDegrees>
            </Position>
            <AltitudeMeters>23</AltitudeMeters>
            <DistanceMeters>5483.14</DistanceMeters>
            <HeartRateBpm><Value>135</Value></HeartRateBpm>
            <Cadence>162</Cadence>
          </Trackpoint>
          <Trackpoint>
            <Time>2026-03-03T14:01:37.000Z</Time>
            <Position>
              <LatitudeDegrees>37.3477811</LatitudeDegrees>
              <LongitudeDegrees>-121.8742300</LongitudeDegrees>
            </Position>
            <AltitudeMeters>23</AltitudeMeters>
            <DistanceMeters>5494.47</DistanceMeters>
            <HeartRateBpm><Value>135</Value></HeartRateBpm>
            <Cadence>162</Cadence>
          </Trackpoint>
          <Trackpoint>
            <Time>2026-03-03T14:01:39.000Z</Time>
            <Position>
              <LatitudeDegrees>37.3477523</LatitudeDegrees>
              <LongitudeDegrees>-121.8742664</LongitudeDegrees>
            </Position>
            <AltitudeMeters>23</AltitudeMeters>
            <DistanceMeters>5499.00</DistanceMeters>
            <HeartRateBpm><Value>135</Value></HeartRateBpm>
            <Cadence>162</Cadence>
          </Trackpoint>
        </Track>
      </Lap>
      <Lap StartTime="2026-03-03T14:01:39.000Z">
        <TotalTimeSeconds>290</TotalTimeSeconds>
        <DistanceMeters>1000</DistanceMeters>
        <AverageHeartRateBpm><Value>181</Value></AverageHeartRateBpm>
        <MaximumHeartRateBpm><Value>189</Value></MaximumHeartRateBpm>
        <Intensity>Active</Intensity>
        <TriggerMethod>Manual</TriggerMethod>
        <Track>
          <Trackpoint>
            <Time>2026-03-03T14:01:39.000Z</Time>
            <Position>
              <LatitudeDegrees>37.3477523</LatitudeDegrees>
              <LongitudeDegrees>-121.8742664</LongitudeDegrees>
            </Position>
            <AltitudeMeters>23</AltitudeMeters>
            <DistanceMeters>5499.00</DistanceMeters>
            <HeartRateBpm><Value>173</Value></HeartRateBpm>
            <Cadence>180</Cadence>
          </Trackpoint>
          <Trackpoint>
            <Time>2026-03-03T14:01:44.000Z</Time>
            <Position>
              <LatitudeDegrees>37.3476426</LatitudeDegrees>
              <LongitudeDegrees>-121.8744046</LongitudeDegrees>
            </Position>
            <AltitudeMeters>23</AltitudeMeters>
            <DistanceMeters>5516.24</DistanceMeters>
            <HeartRateBpm><Value>174</Value></HeartRateBpm>
            <Cadence>180</Cadence>
          </Trackpoint>
          <Trackpoint>
            <Time>2026-03-03T14:01:49.000Z</Time>
            <Position>
              <LatitudeDegrees>37.3475329</LatitudeDegrees>
              <LongitudeDegrees>-121.8745428</LongitudeDegrees>
            </Position>
            <AltitudeMeters>23</AltitudeMeters>
            <DistanceMeters>5533.48</DistanceMeters>
            <HeartRateBpm><Value>175</Value></HeartRateBpm>
            <Cadence>180</Cadence>
          </Trackpoint>
          <Trackpoint>
            <Time>2026-03-03T14:01:54.000Z</Time>
            <Position>
              <LatitudeDegrees>37.3474231</LatitudeDegrees>
              <LongitudeDegrees>-121.8746810</LongitudeDegrees>
            </Position>
            <AltitudeMeters>23</AltitudeMeters>
            <DistanceMeters>5550.72</DistanceMeters>
            <HeartRateBpm><Value>176</Value></HeartRateBpm>
            <Cadence>180</Cadence>
          </Trackpoint>
          <Trackpoint>
            <Time>2026-03-03T14:01:59.000Z</Time>
            <Position>
              <LatitudeDegrees>37.3473134</LatitudeDegrees>
              <LongitudeDegrees>-121.8748193</LongitudeDegrees>
            </Position>
            <AltitudeMeters>23</AltitudeMeters>
            <DistanceMeters>5567.97</DistanceMeters>
            <HeartRateBpm><Value>177</Value></HeartRateBpm>
            <Cadence>180</Cadence>
          </Trackpoint>
          <Trackpoint>
            <Time>2026-03-03T14:02:04.000Z</Time>
            <Position>
              <LatitudeDegrees>37.3472037</LatitudeDegrees>
              <LongitudeDegrees>-121.8749575</LongitudeDegrees>
            </Position>
            <AltitudeMeters>23.1</AltitudeMeters>
            <DistanceMeters>5585.21</DistanceMeters>
            <HeartRateBpm><Value>178</Value></HeartRateBpm>
            <Cadence>180</Cadence>
          </Trackpoint>
          <Trackpoint>
            <Time>2026-03-03T14:02:09.000Z</Time>
            <Position>
              <LatitudeDegrees>37.3470940</LatitudeDegrees>
              <LongitudeDegrees>-121.8750957</LongitudeDegrees>
            </Position>
            <AltitudeMeters>23.1</AltitudeMeters>
            <DistanceMeters>5602.45</DistanceMeters>
            <HeartRateBpm><Value>179</Value></HeartRateBpm>
            <Cadence>180</Cadence>
          </Trackpoint>
          <Trackpoint>
            <Time>2026-03-03T14:02:14.000Z</Time>
            <Position>
              <LatitudeDegrees>37.3469843</LatitudeDegrees>
              <LongitudeDegrees>-121.8752339</LongitudeDegrees>
            </Position>
            <AltitudeMeters>23.1</AltitudeMeters>
            <DistanceMeters>5619.69</DistanceMeters>
            <HeartRateBpm><Value>179</Value></HeartRateBpm>
            <Cadence>180</Cadence>
          </Trackpoint>
          <Trackpoint>
            <Time>2026-03-03T14:02:19.000Z</Time>
            <Position>
              <LatitudeDegrees>37.3468745</LatitudeDegrees>
              <LongitudeDegrees>-121.8753722</LongitudeDegrees>
            </Position>
            <AltitudeMeters>23.2</AltitudeMeters>
            <DistanceMeters>5636.93</DistanceMeters>
            <HeartRateBpm><Value>180</Value></HeartRateBpm>
            <Cadence>180</Cadence>
          </Trackpoint>
          <Trackpoint>
            <Time>2026-03-03T14:02:24.000Z</Time>
            <Position>
              <LatitudeDegrees>37.3467648</LatitudeDegrees>
              <LongitudeDegrees>-121.8755104</LongitudeDegrees>
            </Position>
            <AltitudeMeters>23.2</AltitudeMeters>
            <DistanceMeters>5654.17</DistanceMeters>
            <HeartRateBpm><Value>181</Value></HeartRateBpm>
            <Cadence>180</Cadence>
          </Trackpoint>
          <Trackpoint>
            <Time>2026-03-03T14:02:29.000Z</Time>
            <Position>
              <LatitudeDegrees>37.3466551</LatitudeDegrees>
              <LongitudeDegrees>-121.8756486</LongitudeDegrees>
            </Position>
            <AltitudeMeters>23.3</AltitudeMeters>
            <DistanceMeters>5671.41</DistanceMeters>
            <HeartRateBpm><Value>181</Value></HeartRateBpm>
            <Cadence>180</Cadence>
          </Trackpoint>
          <Trackpoint>
            <Time>2026-03-03T14:02:34.000Z</Time>
            <Position>
              <LatitudeDegrees>37.3465454</LatitudeDegrees>
              <LongitudeDegrees>-121.8757868</LongitudeDegrees>
            </Position>
            <AltitudeMeters>23.3</AltitudeMeters>
            <DistanceMeters>5688.66</DistanceMeters>
            <HeartRateBpm><Value>181</Value></HeartRateBpm>
            <Cadence>180</Cadence>
          </Trackpoint>
          <Trackpoint>
            <Time>2026-03-03T14:02:39.000Z</Time>
            <Position>
              <LatitudeDegrees>37.3464356</LatitudeDegrees>
              <LongitudeDegrees>-121.8759251</LongitudeDegrees>
            </Position>
            <AltitudeMeters>23.4</AltitudeMeters>
            <DistanceMeters>5705.90</DistanceMeters>
            <HeartRateBpm><Value>181</Value></HeartRateBpm>
            <Cadence>180</Cadence>
          </Trackpoint>
          <Trackpoint>
            <Time>2026-03-03T14:02:44.000Z</Time>
            <Position>
              <LatitudeDegrees>37.3463259</LatitudeDegrees>
              <LongitudeDegrees>-121.8760633</LongitudeDegrees>
            </Position>
            <AltitudeMeters>23.5</AltitudeMeters>
            <DistanceMeters>5723.14</DistanceMeters>
            <HeartRateBpm><Value>181</Value></HeartRateBpm>
            <Cadence>180</Cadence>
          </Trackpoint>
          <Trackpoint>
            <Time>2026-03-03T14:02:49.000Z</Time>
            <Position>
              <LatitudeDegrees>37.3462162</LatitudeDegrees>
              <LongitudeDegrees>-121.8762015</LongitudeDegrees>
            </Position>
            <AltitudeMeters>23.5</AltitudeMeters>
            <DistanceMeters>5740.38</DistanceMeters>
            <HeartRateBpm><Value>181</Value></HeartRateBpm>
            <Cadence>180</Cadence>
          </Trackpoint>
          <Trackpoint>
            <Time>2026-03-03T14:02:54.000Z</Time>
            <Position>
              <LatitudeDegrees>37.3461065</LatitudeDegrees>
              <LongitudeDegrees>-121.8763397</LongitudeDegrees>
            </Position>
            <AltitudeMeters>23.6</AltitudeMeters>
            <DistanceMeters>5757.62</DistanceMeters>
            <HeartRateBpm><Value>181</Value></HeartRateBpm>
            <Cadence>180</Cadence>
          </Trackpoint>
          <Trackpoint>
            <Time>2026-03-03T14:02:59.000Z</Time>
            <Position>
              <LatitudeDegrees>37.3459967</LatitudeDegrees>
              <LongitudeDegrees>-121.8764780</LongitudeDegrees>
            </Position>
            <AltitudeMeters>23.7</AltitudeMeters>
            <DistanceMeters>5774.86</DistanceMeters>
            <HeartRateBpm><Value>181</Value></HeartRateBpm>
            <Cadence>180</Cadence>
          </Trackpoint>
          <Trackpoint>
            <Time>2026-03-03T14:03:04.000Z</Time>
            <Position>
              <LatitudeDegrees>37.3458870</LatitudeDegrees>
              <LongitudeDegrees>-121.8766162</LongitudeDegrees>
            </Position>
            <AltitudeMeters>23.8</AltitudeMeters>
            <DistanceMeters>5792.10</DistanceMeters>
            <HeartRateBpm><Value>181</Value></HeartRateBpm>
            <Cadence>180</Cadence>
          </Trackpoint>
          <Trackpoint>
            <Time>2026-03-03T14:03:09.000Z</Time>
            <Position>
              <LatitudeDegrees>37.3457773</LatitudeDegrees>
              <LongitudeDegrees>-121.8767544</LongitudeDegrees>
            </Position>
            <AltitudeMeters>23.9</AltitudeMeters>
            <DistanceMeters>5809.34</DistanceMeters>
            <HeartRateBpm><Value>181</Value></HeartRateBpm>
            <Cadence>180</Cadence>
          </Trackpoint>
          <Trackpoint>
            <Time>2026-03-03T14:03:14.000Z</Time>
            <Position>
              <LatitudeDegrees>37.3456676</LatitudeDegrees>
              <LongitudeDegrees>-121.8768926</LongitudeDegrees>
            </Position>
            <AltitudeMeters>24</AltitudeMeters>
            <DistanceMeters>5826.59</DistanceMeters>
            <HeartRateBpm><Value>181</Value></HeartRateBpm>
            <Cadence>180</Cadence>
          </Trackpoint>
          <Trackpoint>
            <Time>2026-03-03T14:03:19.000Z</Time>
            <Position>
              <LatitudeDegrees>37.3455578</LatitudeDegrees>
              <LongitudeDegrees>-121.8770309</LongitudeDegrees>
            </Position>
            <AltitudeMeters>24.1</AltitudeMeters>
            <DistanceMeters>5843.83</DistanceMeters>
            <HeartRateBpm><Value>181</Value></HeartRateBpm>
            <Cadence>180</Cadence>
          </Trackpoint>
          <Trackpoint>
            <Time>2026-03-03T14:03:24.000Z</Time>
            <Position>
              <LatitudeDegrees>37.3454481</LatitudeDegrees>
              <LongitudeDegrees>-121.8771691</LongitudeDegrees>
            </Position>
            <AltitudeMeters>24.2</AltitudeMeters>
            <DistanceMeters>5861.07</DistanceMeters>
            <HeartRateBpm><Value>181</Value></HeartRateBpm>
            <Cadence>180</Cadence>
          </Trackpoint>
          <Trackpoint>
            <Time>2026-03-03T14:03:29.000Z</Time>
            <Position>
              <LatitudeDegrees>37.3453384</LatitudeDegrees>
              <LongitudeDegrees>-121.8773073</LongitudeDegrees>
            </Position>
            <AltitudeMeters>24.3</AltitudeMeters>
            <DistanceMeters>5878.31</DistanceMeters>
            <HeartRateBpm><Value>181</Value></HeartRateBpm>
            <Cadence>180</Cadence>
          </Trackpoint>
          <Trackpoint>
            <Time>2026-03-03T14:03:34.000Z</Time>
            <Position>
              <LatitudeDegrees>37.3452287</LatitudeDegrees>
              <LongitudeDegrees>-121.8774455</LongitudeDegrees>
            </Position>
            <AltitudeMeters>24.4</AltitudeMeters>
            <DistanceMeters>5895.55</DistanceMeters>
            <HeartRateBpm><Value>181</Value></HeartRateBpm>
            <Cadence>180</Cadence>
          </Trackpoint>
          <Trackpoint>
            <Time>2026-03-03T14:03:39.000Z</Time>
            <Position>
              <LatitudeDegrees>37.3451189</LatitudeDegrees>
              <LongitudeDegrees>-121.8775838</LongitudeDegrees>
            </Position>
            <AltitudeMeters>24.5</AltitudeMeters>
            <DistanceMeters>5912.79</DistanceMeters>
            <HeartRateBpm><Value>181</Value></HeartRateBpm>
            <Cadence>180</Cadence>
          </Trackpoint>
          <Trackpoint>
            <Time>2026-03-03T14:03:44.000Z</Time>
            <Position>
              <LatitudeDegrees>37.3450092</LatitudeDegrees>
              <LongitudeDegrees>-121.8777220</LongitudeDegrees>
            </Position>
            <AltitudeMeters>24.6</AltitudeMeters>
            <DistanceMeters>5930.03</DistanceMeters>
            <HeartRateBpm><Value>181</Value></HeartRateBpm>
            <Cadence>180</Cadence>
          </Trackpoint>
          <Trackpoint>
            <Time>2026-03-03T14:03:49.000Z</Time>
            <Position>
              <LatitudeDegrees>37.3448995</LatitudeDegrees>
              <LongitudeDegrees>-121.8778602</LongitudeDegrees>
            </Position>
            <AltitudeMeters>24.7</AltitudeMeters>
            <DistanceMeters>5947.28</DistanceMeters>
            <HeartRateBpm><Value>181</Value></HeartRateBpm>
            <Cadence>180</Cadence>
          </Trackpoint>
          <Trackpoint>
            <Time>2026-03-03T14:03:54.000Z</Time>
            <Position>
              <LatitudeDegrees>37.3447898</LatitudeDegrees>
              <LongitudeDegrees>-121.8779984</LongitudeDegrees>
            </Position>
            <AltitudeMeters>24.8</AltitudeMeters>
            <DistanceMeters>5964.52</DistanceMeters>
            <HeartRateBpm><Value>181</Value></HeartRateBpm>
            <Cadence>180</Cadence>
          </Trackpoint>
          <Trackpoint>
            <Time>2026-03-03T14:03:59.000Z</Time>
            <Position>
              <LatitudeDegrees>37.3446801</LatitudeDegrees>
              <LongitudeDegrees>-121.8781367</LongitudeDegrees>
            </Position>
            <AltitudeMeters>24.9</AltitudeMeters>
            <DistanceMeters>5981.76</DistanceMeters>
            <HeartRateBpm><Value>181</Value></HeartRateBpm>
            <Cadence>180</Cadence>
          </Trackpoint>
          <Trackpoint>
            <Time>2026-03-03T14:04:04.000Z</Time>
            <Position>
              <LatitudeDegrees>37.3445703</LatitudeDegrees>
              <LongitudeDegrees>-121.8782749</LongitudeDegrees>
            </Position>
            <AltitudeMeters>25</AltitudeMeters>
            <DistanceMeters>5999.00</DistanceMeters>
            <HeartRateBpm><Value>181</Value></HeartRateBpm>
            <Cadence>180</Cadence>
          </Trackpoint>
          <Trackpoint>
            <Time>2026-03-03T14:04:09.000Z</Time>
            <Position>
              <LatitudeDegrees>37.3444606</LatitudeDegrees>
              <LongitudeDegrees>-121.8784131</LongitudeDegrees>
            </Position>
            <AltitudeMeters>25.1</AltitudeMeters>
            <DistanceMeters>6016.24</DistanceMeters>
            <HeartRateBpm><Value>181</Value></HeartRateBpm>
            <Cadence>180</Cadence>
          </Trackpoint>
          <Trackpoint>
            <Time>2026-03-03T14:04:14.000Z</Time>
            <Position>
              <LatitudeDegrees>37.3443509</LatitudeDegrees>
              <LongitudeDegrees>-121.8785514</LongitudeDegrees>
            </Position>
            <AltitudeMeters>25.2</AltitudeMeters>
            <DistanceMeters>6033.48</DistanceMeters>
            <HeartRateBpm><Value>181</Value></HeartRateBpm>
            <Cadence>180</Cadence>
          </Trackpoint>
          <Trackpoint>
            <Time>2026-03-03T14:04:19.000Z</Time>
            <Position>
              <LatitudeDegrees>37.3442412</LatitudeDegrees>
              <LongitudeDegrees>-121.8786896</LongitudeDegrees>
            </Position>
            <AltitudeMeters>25.3</AltitudeMeters>
            <DistanceMeters>6050.72</DistanceMeters>
            <HeartRateBpm><Value>181</Value></HeartRateBpm>
            <Cadence>180</Cadence>
          </Trackpoint>
          <Trackpoint>
            <Time>2026-03-03T14:04:24.000Z</Time>
            <Position>
              <LatitudeDegrees>37.3441314</LatitudeDegrees>
              <LongitudeDegrees>-121.8788278</LongitudeDegrees>
            </Position>
            <AltitudeMeters>25.4</AltitudeMeters>
            <DistanceMeters>6067.97</DistanceMeters>
            <HeartRateBpm><Value>181</Value></HeartRateBpm>
            <Cadence>180</Cadence>
          </Trackpoint>
          <Trackpoint>
            <Time>2026-03-03T14:04:29.000Z</Time>
            <Position>
              <LatitudeDegrees>37.3440217</LatitudeDegrees>
              <LongitudeDegrees>-121.8789660</LongitudeDegrees>
            </Position>
            <AltitudeMeters>25.5</AltitudeMeters>
            <DistanceMeters>6085.21</DistanceMeters>
            <HeartRateBpm><Value>181</Value></HeartRateBpm>
            <Cadence>180</Cadence>
          </Trackpoint>
          <Trackpoint>
            <Time>2026-03-03T14:04:34.000Z</Time>
            <Position>
              <LatitudeDegrees>37.3439120</LatitudeDegrees>
              <LongitudeDegrees>-121.8791043</LongitudeDegrees>
            </Position>
            <AltitudeMeters>25.6</AltitudeMeters>
            <DistanceMeters>6102.45</DistanceMeters>
            <HeartRateBpm><Value>181</Value></HeartRateBpm>
            <Cadence>180</Cadence>
          </Trackpoint>
          <Trackpoint>
            <Time>2026-03-03T14:04:39.000Z</Time>
            <Position>
              <LatitudeDegrees>37.3438023</LatitudeDegrees>
              <LongitudeDegrees>-121.8792425</LongitudeDegrees>
            </Position>
            <AltitudeMeters>25.7</AltitudeMeters>
            <DistanceMeters>6119.69</DistanceMeters>
            <HeartRateBpm><Value>181</Value></HeartRateBpm>
            <Cadence>180</Cadence>
          </Trackpoint>
          <Trackpoint>
            <Time>2026-03-03T14:04:44.000Z</Time>
            <Position>
              <LatitudeDegrees>37.3436925</LatitudeDegrees>
              <LongitudeDegrees>-121.8793807</LongitudeDegrees>
            </Position>
            <AltitudeMeters>25.8</AltitudeMeters>
            <DistanceMeters>6136.93</DistanceMeters>
            <HeartRateBpm><Value>181</Value></HeartRateBpm>
            <Cadence>180</Cadence>
          </Trackpoint>
          <Trackpoint>
            <Time>2026-03-03T14:04:49.000Z</Time>
            <Position>
              <LatitudeDegrees>37.3435828</LatitudeDegrees>
              <LongitudeDegrees>-121.8795189</LongitudeDegrees>
            </Position>
            <AltitudeMeters>25.9</AltitudeMeters>
            <DistanceMeters>6154.17</DistanceMeters>
            <HeartRateBpm><Value>181</Value></HeartRateBpm>
            <Cadence>180</Cadence>
          </Trackpoint>
          <Trackpoint>
            <Time>2026-03-03T14:04:54.000Z</Time>
            <Position>
              <LatitudeDegrees>37.3434731</LatitudeDegrees>
              <LongitudeDegrees>-121.8796572</LongitudeDegrees>
            </Position>
            <AltitudeMeters>26</AltitudeMeters>
            <DistanceMeters>6171.41</DistanceMeters>
            <HeartRateBpm><Value>181</Value></HeartRateBpm>
            <Cadence>180</Cadence>
          </Trackpoint>
          <Trackpoint>
            <Time>2026-03-03T14:04:59.000Z</Time>
            <Position>
              <LatitudeDegrees>37.3433634</LatitudeDegrees>
              <LongitudeDegrees>-121.8797954</LongitudeDegrees>
            </Position>
            <AltitudeMeters>26.1</AltitudeMeters>
            <DistanceMeters>6188.66</DistanceMeters>
            <HeartRateBpm><Value>181</Value></HeartRateBpm>
            <Cadence>180</Cadence>
          </Trackpoint>
          <Trackpoint>
            <Time>2026-03-03T14:05:04.000Z</Time>
            <Position>
              <LatitudeDegrees>37.3432536</LatitudeDegrees>
              <LongitudeDegrees>-121.8799336</LongitudeDegrees>
            </Position>
            <AltitudeMeters>26.2</AltitudeMeters>
            <DistanceMeters>6205.90</DistanceMeters>
            <HeartRateBpm><Value>181</Value></HeartRateBpm>
            <Cadence>180</Cadence>
          </Trackpoint>
          <Trackpoint>
            <Time>2026-03-03T14:05:09.000Z</Time>
            <Position>
              <LatitudeDegrees>37.3431439</LatitudeDegrees>
              <LongitudeDegrees>-121.8800718</LongitudeDegrees>
            </Position>
            <AltitudeMeters>26.3</AltitudeMeters>
            <DistanceMeters>6223.14</DistanceMeters>
            <HeartRateBpm><Value>181</Value></HeartRateBpm>
            <Cadence>180</Cadence>
          </Trackpoint>
          <Trackpoint>
            <Time>2026-03-03T14:05:14.000Z</Time>
            <Position>
              <LatitudeDegrees>37.3430342</LatitudeDegrees>
              <LongitudeDegrees>-121.8802101</LongitudeDegrees>
            </Position>
            <AltitudeMeters>26.4</AltitudeMeters>
            <DistanceMeters>6240.38</DistanceMeters>
            <HeartRateBpm><Value>181</Value></HeartRateBpm>
            <Cadence>180</Cadence>
          </Trackpoint>
          <Trackpoint>
            <Time>2026-03-03T14:05:19.000Z</Time>
            <Position>
              <LatitudeDegrees>37.3429245</LatitudeDegrees>
              <LongitudeDegrees>-121.8803483</LongitudeDegrees>
            </Position>
            <AltitudeMeters>26.4</AltitudeMeters>
            <DistanceMeters>6257.62</DistanceMeters>
            <HeartRateBpm><Value>181</Value></HeartRateBpm>
            <Cadence>180</Cadence>
          </Trackpoint>
          <Trackpoint>
            <Time>2026-03-03T14:05:24.000Z</Time>
            <Position>
              <LatitudeDegrees>37.3428148</LatitudeDegrees>
              <LongitudeDegrees>-121.8804865</LongitudeDegrees>
            </Position>
            <AltitudeMeters>26.5</AltitudeMeters>
            <DistanceMeters>6274.86</DistanceMeters>
            <HeartRateBpm><Value>181</Value></HeartRateBpm>
            <Cadence>180</Cadence>
          </Trackpoint>
          <Trackpoint>
            <Time>2026-03-03T14:05:29.000Z</Time>
            <Position>
              <LatitudeDegrees>37.3427050</LatitudeDegrees>
              <LongitudeDegrees>-121.8806247</LongitudeDegrees>
            </Position>
            <AltitudeMeters>26.6</AltitudeMeters>
            <DistanceMeters>6292.10</DistanceMeters>
            <HeartRateBpm><Value>181</Value></HeartRateBpm>
            <Cadence>180</Cadence>
          </Trackpoint>
          <Trackpoint>
            <Time>2026-03-03T14:05:34.000Z</Time>
            <Position>
              <LatitudeDegrees>37.3425953</LatitudeDegrees>
              <LongitudeDegrees>-121.8807630</LongitudeDegrees>
            </Position>
            <AltitudeMeters>26.7</AltitudeMeters>
            <DistanceMeters>6309.34</DistanceMeters>
            <HeartRateBpm><Value>181</Value></HeartRateBpm>
            <Cadence>180</Cadence>
          </Trackpoint>
          <Trackpoint>
            <Time>2026-03-03T14:05:39.000Z</Time>
            <Position>
              <LatitudeDegrees>37.3424856</LatitudeDegrees>
              <LongitudeDegrees>-121.8809012</LongitudeDegrees>
            </Position>
            <AltitudeMeters>26.7</AltitudeMeters>
            <DistanceMeters>6326.59</DistanceMeters>
            <HeartRateBpm><Value>181</Value></HeartRateBpm>
            <Cadence>180</Cadence>
          </Trackpoint>
          <Trackpoint>
            <Time>2026-03-03T14:05:44.000Z</Time>
            <Position>
              <LatitudeDegrees>37.3423759</LatitudeDegrees>
              <LongitudeDegrees>-121.8810394</LongitudeDegrees>
            </Position>
            <AltitudeMeters>26.8</AltitudeMeters>
            <DistanceMeters>6343.83</DistanceMeters>
            <HeartRateBpm><Value>181</Value></HeartRateBpm>
            <Cadence>180</Cadence>
          </Trackpoint>
          <Trackpoint>
            <Time>2026-03-03T14:05:49.000Z</Time>
            <Position>
              <LatitudeDegrees>37.3422661</LatitudeDegrees>
              <LongitudeDegrees>-121.8811776</LongitudeDegrees>
            </Position>
            <AltitudeMeters>26.8</AltitudeMeters>
            <DistanceMeters>6361.07</DistanceMeters>
            <HeartRateBpm><Value>181</Value></HeartRateBpm>
            <Cadence>180</Cadence>
          </Trackpoint>
          <Trackpoint>
            <Time>2026-03-03T14:05:54.000Z</Time>
            <Position>
              <LatitudeDegrees>37.3421564</LatitudeDegrees>
              <LongitudeDegrees>-121.8813159</LongitudeDegrees>
            </Position>
            <AltitudeMeters>26.9</AltitudeMeters>
            <DistanceMeters>6378.31</DistanceMeters>
            <HeartRateBpm><Value>181</Value></HeartRateBpm>
            <Cadence>180</Cadence>
          </Trackpoint>
          <Trackpoint>
            <Time>2026-03-03T14:05:59.000Z</Time>
            <Position>
              <LatitudeDegrees>37.3420467</LatitudeDegrees>
              <LongitudeDegrees>-121.8814541</LongitudeDegrees>
            </Position>
            <AltitudeMeters>26.9</AltitudeMeters>
            <DistanceMeters>6395.55</DistanceMeters>
            <HeartRateBpm><Value>181</Value></HeartRateBpm>
            <Cadence>180</Cadence>
          </Trackpoint>
          <Trackpoint>
            <Time>2026-03-03T14:06:04.000Z</Time>
            <Position>
              <LatitudeDegrees>37.3419370</LatitudeDegrees>
              <LongitudeDegrees>-121.8815923</LongitudeDegrees>
            </Position>
            <AltitudeMeters>26.9</AltitudeMeters>
            <DistanceMeters>6412.79</DistanceMeters>
            <HeartRateBpm><Value>181</Value></HeartRateBpm>
            <Cadence>180</Cadence>
          </Trackpoint>
          <Trackpoint>
            <Time>2026-03-03T14:06:09.000Z</Time>
            <Position>
              <LatitudeDegrees>37.3418272</LatitudeDegrees>
              <LongitudeDegrees>-121.8817305</LongitudeDegrees>
            </Position>
            <AltitudeMeters>27</AltitudeMeters>
            <DistanceMeters>6430.03</DistanceMeters>
            <HeartRateBpm><Value>181</Value></HeartRateBpm>
            <Cadence>180</Cadence>
          </Trackpoint>
          <Trackpoint>
            <Time>2026-03-03T14:06:14.000Z</Time>
            <Position>
              <LatitudeDegrees>37.3417175</LatitudeDegrees>
              <LongitudeDegrees>-121.8818688</LongitudeDegrees>
            </Position>
            <AltitudeMeters>27</AltitudeMeters>
            <DistanceMeters>6447.28</DistanceMeters>
            <HeartRateBpm><Value>181</Value></HeartRateBpm>
            <Cadence>180</Cadence>
          </Trackpoint>
          <Trackpoint>
            <Time>2026-03-03T14:06:19.000Z</Time>
            <Position>
              <LatitudeDegrees>37.3416078</LatitudeDegrees>
              <LongitudeDegrees>-121.8820070</LongitudeDegrees>
            </Position>
            <AltitudeMeters>27</AltitudeMeters>
            <DistanceMeters>6464.52</DistanceMeters>
            <HeartRateBpm><Value>181</Value></HeartRateBpm>
            <Cadence>180</Cadence>
          </Trackpoint>
          <Trackpoint>
            <Time>2026-03-03T14:06:24.000Z</Time>
            <Position>
              <LatitudeDegrees>37.3414981</LatitudeDegrees>
              <LongitudeDegrees>-121.8821452</LongitudeDegrees>
            </Position>
            <AltitudeMeters>27</AltitudeMeters>
            <DistanceMeters>6481.76</DistanceMeters>
            <HeartRateBpm><Value>181</Value></HeartRateBpm>
            <Cadence>180</Cadence>
          </Trackpoint>
          <Trackpoint>
            <Time>2026-03-03T14:06:29.000Z</Time>
            <Position>
              <LatitudeDegrees>37.3413883</LatitudeDegrees>
              <LongitudeDegrees>-121.8822834</LongitudeDegrees>
            </Position>
            <AltitudeMeters>27</AltitudeMeters>
            <DistanceMeters>6499.00</DistanceMeters>
            <HeartRateBpm><Value>181</Value></HeartRateBpm>
            <Cadence>180</Cadence>
          </Trackpoint>
        </Track>
      </Lap>
      <Lap StartTime="2026-03-03T14:06:29.000Z">
        <TotalTimeSeconds>201</TotalTimeSeconds>
        <DistanceMeters>501</DistanceMeters>
        <AverageHeartRateBpm><Value>131</Value></AverageHeartRateBpm>
        <MaximumHeartRateBpm><Value>141</Value></MaximumHeartRateBpm>
        <Intensity>Active</Intensity>
        <TriggerMethod>Manual</TriggerMethod>
        <Track>
          <Trackpoint>
            <Time>2026-03-03T14:06:29.000Z</Time>
            <Position>
              <LatitudeDegrees>37.3413883</LatitudeDegrees>
              <LongitudeDegrees>-121.8822834</LongitudeDegrees>
            </Position>
            <AltitudeMeters>27</AltitudeMeters>
            <DistanceMeters>6499.00</DistanceMeters>
            <HeartRateBpm><Value>123</Value></HeartRateBpm>
            <Cadence>167</Cadence>
          </Trackpoint>
          <Trackpoint>
            <Time>2026-03-03T14:06:34.000Z</Time>
            <Position>
              <LatitudeDegrees>37.3413090</LatitudeDegrees>
              <LongitudeDegrees>-121.8823834</LongitudeDegrees>
            </Position>
            <AltitudeMeters>27</AltitudeMeters>
            <DistanceMeters>6511.46</DistanceMeters>
            <HeartRateBpm><Value>124</Value></HeartRateBpm>
            <Cadence>167</Cadence>
          </Trackpoint>
          <Trackpoint>
            <Time>2026-03-03T14:06:39.000Z</Time>
            <Position>
              <LatitudeDegrees>37.3412297</LatitudeDegrees>
              <LongitudeDegrees>-121.8824833</LongitudeDegrees>
            </Position>
            <AltitudeMeters>27</AltitudeMeters>
            <DistanceMeters>6523.93</DistanceMeters>
            <HeartRateBpm><Value>126</Value></HeartRateBpm>
            <Cadence>167</Cadence>
          </Trackpoint>
          <Trackpoint>
            <Time>2026-03-03T14:06:44.000Z</Time>
            <Position>
              <LatitudeDegrees>37.3411504</LatitudeDegrees>
              <LongitudeDegrees>-121.8825832</LongitudeDegrees>
            </Position>
            <AltitudeMeters>27</AltitudeMeters>
            <DistanceMeters>6536.39</DistanceMeters>
            <HeartRateBpm><Value>127</Value></HeartRateBpm>
            <Cadence>167</Cadence>
          </Trackpoint>
          <Trackpoint>
            <Time>2026-03-03T14:06:49.000Z</Time>
            <Position>
              <LatitudeDegrees>37.3410711</LatitudeDegrees>
              <LongitudeDegrees>-121.8826831</LongitudeDegrees>
            </Position>
            <AltitudeMeters>27</AltitudeMeters>
            <DistanceMeters>6548.85</DistanceMeters>
            <HeartRateBpm><Value>128</Value></HeartRateBpm>
            <Cadence>167</Cadence>
          </Trackpoint>
          <Trackpoint>
            <Time>2026-03-03T14:06:54.000Z</Time>
            <Position>
              <LatitudeDegrees>37.3409918</LatitudeDegrees>
              <LongitudeDegrees>-121.8827830</LongitudeDegrees>
            </Position>
            <AltitudeMeters>27</AltitudeMeters>
            <DistanceMeters>6561.31</DistanceMeters>
            <HeartRateBpm><Value>130</Value></HeartRateBpm>
            <Cadence>167</Cadence>
          </Trackpoint>
          <Trackpoint>
            <Time>2026-03-03T14:06:59.000Z</Time>
            <Position>
              <LatitudeDegrees>37.3409125</LatitudeDegrees>
              <LongitudeDegrees>-121.8828829</LongitudeDegrees>
            </Position>
            <AltitudeMeters>26.9</AltitudeMeters>
            <DistanceMeters>6573.78</DistanceMeters>
            <HeartRateBpm><Value>131</Value></HeartRateBpm>
            <Cadence>167</Cadence>
          </Trackpoint>
          <Trackpoint>
            <Time>2026-03-03T14:07:04.000Z</Time>
            <Position>
              <LatitudeDegrees>37.3408332</LatitudeDegrees>
              <LongitudeDegrees>-121.8829828</LongitudeDegrees>
            </Position>
            <AltitudeMeters>26.9</AltitudeMeters>
            <DistanceMeters>6586.24</DistanceMeters>
            <HeartRateBpm><Value>131</Value></HeartRateBpm>
            <Cadence>167</Cadence>
          </Trackpoint>
          <Trackpoint>
            <Time>2026-03-03T14:07:09.000Z</Time>
            <Position>
              <LatitudeDegrees>37.3407539</LatitudeDegrees>
              <LongitudeDegrees>-121.8830828</LongitudeDegrees>
            </Position>
            <AltitudeMeters>26.9</AltitudeMeters>
            <DistanceMeters>6598.70</DistanceMeters>
            <HeartRateBpm><Value>131</Value></HeartRateBpm>
            <Cadence>167</Cadence>
          </Trackpoint>
          <Trackpoint>
            <Time>2026-03-03T14:07:14.000Z</Time>
            <Position>
              <LatitudeDegrees>37.3406745</LatitudeDegrees>
              <LongitudeDegrees>-121.8831827</LongitudeDegrees>
            </Position>
            <AltitudeMeters>26.9</AltitudeMeters>
            <DistanceMeters>6611.16</DistanceMeters>
            <HeartRateBpm><Value>131</Value></HeartRateBpm>
            <Cadence>167</Cadence>
          </Trackpoint>
          <Trackpoint>
            <Time>2026-03-03T14:07:19.000Z</Time>
            <Position>
              <LatitudeDegrees>37.3405952</LatitudeDegrees>
              <LongitudeDegrees>-121.8832826</LongitudeDegrees>
            </Position>
            <AltitudeMeters>26.9</AltitudeMeters>
            <DistanceMeters>6623.63</DistanceMeters>
            <HeartRateBpm><Value>131</Value></HeartRateBpm>
            <Cadence>167</Cadence>
          </Trackpoint>
          <Trackpoint>
            <Time>2026-03-03T14:07:24.000Z</Time>
            <Position>
              <LatitudeDegrees>37.3405159</LatitudeDegrees>
              <LongitudeDegrees>-121.8833825</LongitudeDegrees>
            </Position>
            <AltitudeMeters>26.8</AltitudeMeters>
            <DistanceMeters>6636.09</DistanceMeters>
            <HeartRateBpm><Value>131</Value></HeartRateBpm>
            <Cadence>167</Cadence>
          </Trackpoint>
          <Trackpoint>
            <Time>2026-03-03T14:07:29.000Z</Time>
            <Position>
              <LatitudeDegrees>37.3404366</LatitudeDegrees>
              <LongitudeDegrees>-121.8834824</LongitudeDegrees>
            </Position>
            <AltitudeMeters>26.8</AltitudeMeters>
            <DistanceMeters>6648.55</DistanceMeters>
            <HeartRateBpm><Value>131</Value></HeartRateBpm>
            <Cadence>167</Cadence>
          </Trackpoint>
          <Trackpoint>
            <Time>2026-03-03T14:07:34.000Z</Time>
            <Position>
              <LatitudeDegrees>37.3403573</LatitudeDegrees>
              <LongitudeDegrees>-121.8835823</LongitudeDegrees>
            </Position>
            <AltitudeMeters>26.7</AltitudeMeters>
            <DistanceMeters>6661.01</DistanceMeters>
            <HeartRateBpm><Value>131</Value></HeartRateBpm>
            <Cadence>167</Cadence>
          </Trackpoint>
          <Trackpoint>
            <Time>2026-03-03T14:07:39.000Z</Time>
            <Position>
              <LatitudeDegrees>37.3402780</LatitudeDegrees>
              <LongitudeDegrees>-121.8836822</LongitudeDegrees>
            </Position>
            <AltitudeMeters>26.7</AltitudeMeters>
            <DistanceMeters>6673.48</DistanceMeters>
            <HeartRateBpm><Value>131</Value></HeartRateBpm>
            <Cadence>167</Cadence>
          </Trackpoint>
          <Trackpoint>
            <Time>2026-03-03T14:07:44.000Z</Time>
            <Position>
              <LatitudeDegrees>37.3401987</LatitudeDegrees>
              <LongitudeDegrees>-121.8837822</LongitudeDegrees>
            </Position>
            <AltitudeMeters>26.7</AltitudeMeters>
            <DistanceMeters>6685.94</DistanceMeters>
            <HeartRateBpm><Value>131</Value></HeartRateBpm>
            <Cadence>167</Cadence>
          </Trackpoint>
          <Trackpoint>
            <Time>2026-03-03T14:07:49.000Z</Time>
            <Position>
              <LatitudeDegrees>37.3401194</LatitudeDegrees>
              <LongitudeDegrees>-121.8838821</LongitudeDegrees>
            </Position>
            <AltitudeMeters>26.6</AltitudeMeters>
            <DistanceMeters>6698.40</DistanceMeters>
            <HeartRateBpm><Value>131</Value></HeartRateBpm>
            <Cadence>167</Cadence>
          </Trackpoint>
          <Trackpoint>
            <Time>2026-03-03T14:07:54.000Z</Time>
            <Position>
              <LatitudeDegrees>37.3400400</LatitudeDegrees>
              <LongitudeDegrees>-121.8839820</LongitudeDegrees>
            </Position>
            <AltitudeMeters>26.6</AltitudeMeters>
            <DistanceMeters>6710.87</DistanceMeters>
            <HeartRateBpm><Value>131</Value></HeartRateBpm>
            <Cadence>167</Cadence>
          </Trackpoint>
          <Trackpoint>
            <Time>2026-03-03T14:07:59.000Z</Time>
            <Position>
              <LatitudeDegrees>37.3399607</LatitudeDegrees>
              <LongitudeDegrees>-121.8840819</LongitudeDegrees>
            </Position>
            <AltitudeMeters>26.5</AltitudeMeters>
            <DistanceMeters>6723.33</DistanceMeters>
            <HeartRateBpm><Value>131</Value></HeartRateBpm>
            <Cadence>167</Cadence>
          </Trackpoint>
          <Trackpoint>
            <Time>2026-03-03T14:08:04.000Z</Time>
            <Position>
              <LatitudeDegrees>37.3398814</LatitudeDegrees>
              <LongitudeDegrees>-121.8841818</LongitudeDegrees>
            </Position>
            <AltitudeMeters>26.5</AltitudeMeters>
            <DistanceMeters>6735.79</DistanceMeters>
            <HeartRateBpm><Value>131</Value></HeartRateBpm>
            <Cadence>167</Cadence>
          </Trackpoint>
          <Trackpoint>
            <Time>2026-03-03T14:08:09.000Z</Time>
            <Position>
              <LatitudeDegrees>37.3398021</LatitudeDegrees>
              <LongitudeDegrees>-121.8842817</LongitudeDegrees>
            </Position>
            <AltitudeMeters>26.4</AltitudeMeters>
            <DistanceMeters>6748.25</DistanceMeters>
            <HeartRateBpm><Value>131</Value></HeartRateBpm>
            <Cadence>167</Cadence>
          </Trackpoint>
          <Trackpoint>
            <Time>2026-03-03T14:08:14.000Z</Time>
            <Position>
              <LatitudeDegrees>37.3397228</LatitudeDegrees>
              <LongitudeDegrees>-121.8843816</LongitudeDegrees>
            </Position>
            <AltitudeMeters>26.4</AltitudeMeters>
            <DistanceMeters>6760.72</DistanceMeters>
            <HeartRateBpm><Value>131</Value></HeartRateBpm>
            <Cadence>167</Cadence>
          </Trackpoint>
          <Trackpoint>
            <Time>2026-03-03T14:08:19.000Z</Time>
            <Position>
              <LatitudeDegrees>37.3396435</LatitudeDegrees>
              <LongitudeDegrees>-121.8844816</LongitudeDegrees>
            </Position>
            <AltitudeMeters>26.3</AltitudeMeters>
            <DistanceMeters>6773.18</DistanceMeters>
            <HeartRateBpm><Value>131</Value></HeartRateBpm>
            <Cadence>167</Cadence>
          </Trackpoint>
          <Trackpoint>
            <Time>2026-03-03T14:08:24.000Z</Time>
            <Position>
              <LatitudeDegrees>37.3395642</LatitudeDegrees>
              <LongitudeDegrees>-121.8845815</LongitudeDegrees>
            </Position>
            <AltitudeMeters>26.2</AltitudeMeters>
            <DistanceMeters>6785.64</DistanceMeters>
            <HeartRateBpm><Value>131</Value></HeartRateBpm>
            <Cadence>167</Cadence>
          </Trackpoint>
          <Trackpoint>
            <Time>2026-03-03T14:08:29.000Z</Time>
            <Position>
              <LatitudeDegrees>37.3394849</LatitudeDegrees>
              <LongitudeDegrees>-121.8846814</LongitudeDegrees>
            </Position>
            <AltitudeMeters>26.2</AltitudeMeters>
            <DistanceMeters>6798.10</DistanceMeters>
            <HeartRateBpm><Value>131</Value></HeartRateBpm>
            <Cadence>167</Cadence>
          </Trackpoint>
          <Trackpoint>
            <Time>2026-03-03T14:08:34.000Z</Time>
            <Position>
              <LatitudeDegrees>37.3394055</LatitudeDegrees>
              <LongitudeDegrees>-121.8847813</LongitudeDegrees>
            </Position>
            <AltitudeMeters>26.1</AltitudeMeters>
            <DistanceMeters>6810.57</DistanceMeters>
            <HeartRateBpm><Value>131</Value></HeartRateBpm>
            <Cadence>167</Cadence>
          </Trackpoint>
          <Trackpoint>
            <Time>2026-03-03T14:08:39.000Z</Time>
            <Position>
              <LatitudeDegrees>37.3393262</LatitudeDegrees>
              <LongitudeDegrees>-121.8848812</LongitudeDegrees>
            </Position>
            <AltitudeMeters>26.1</AltitudeMeters>
            <DistanceMeters>6823.03</DistanceMeters>
            <HeartRateBpm><Value>131</Value></HeartRateBpm>
            <Cadence>167</Cadence>
          </Trackpoint>
          <Trackpoint>
            <Time>2026-03-03T14:08:44.000Z</Time>
            <Position>
              <LatitudeDegrees>37.3392469</LatitudeDegrees>
              <LongitudeDegrees>-121.8849811</LongitudeDegrees>
            </Position>
            <AltitudeMeters>26</AltitudeMeters>
            <DistanceMeters>6835.49</DistanceMeters>
            <HeartRateBpm><Value>131</Value></HeartRateBpm>
            <Cadence>167</Cadence>
          </Trackpoint>
          <Trackpoint>
            <Time>2026-03-03T14:08:49.000Z</Time>
            <Position>
              <LatitudeDegrees>37.3391676</LatitudeDegrees>
              <LongitudeDegrees>-121.8850810</LongitudeDegrees>
            </Position>
            <AltitudeMeters>25.9</AltitudeMeters>
            <DistanceMeters>6847.96</DistanceMeters>
            <HeartRateBpm><Value>131</Value></HeartRateBpm>
            <Cadence>167</Cadence>
          </Trackpoint>
          <Trackpoint>
            <Time>2026-03-03T14:08:54.000Z</Time>
            <Position>
              <LatitudeDegrees>37.3390883</LatitudeDegrees>
              <LongitudeDegrees>-121.8851810</LongitudeDegrees>
            </Position>
            <AltitudeMeters>25.8</AltitudeMeters>
            <DistanceMeters>6860.42</DistanceMeters>
            <HeartRateBpm><Value>131</Value></HeartRateBpm>
            <Cadence>167</Cadence>
          </Trackpoint>
          <Trackpoint>
            <Time>2026-03-03T14:08:59.000Z</Time>
            <Position>
              <LatitudeDegrees>37.3390090</LatitudeDegrees>
              <LongitudeDegrees>-121.8852809</LongitudeDegrees>
            </Position>
            <AltitudeMeters>25.8</AltitudeMeters>
            <DistanceMeters>6872.88</DistanceMeters>
            <HeartRateBpm><Value>131</Value></HeartRateBpm>
            <Cadence>167</Cadence>
          </Trackpoint>
          <Trackpoint>
            <Time>2026-03-03T14:09:04.000Z</Time>
            <Position>
              <LatitudeDegrees>37.3389297</LatitudeDegrees>
              <LongitudeDegrees>-121.8853808</LongitudeDegrees>
            </Position>
            <AltitudeMeters>25.7</AltitudeMeters>
            <DistanceMeters>6885.34</DistanceMeters>
            <HeartRateBpm><Value>131</Value></HeartRateBpm>
            <Cadence>167</Cadence>
          </Trackpoint>
          <Trackpoint>
            <Time>2026-03-03T14:09:09.000Z</Time>
            <Position>
              <LatitudeDegrees>37.3388504</LatitudeDegrees>
              <LongitudeDegrees>-121.8854807</LongitudeDegrees>
            </Position>
            <AltitudeMeters>25.6</AltitudeMeters>
            <DistanceMeters>6897.81</DistanceMeters>
            <HeartRateBpm><Value>131</Value></HeartRateBpm>
            <Cadence>167</Cadence>
          </Trackpoint>
          <Trackpoint>
            <Time>2026-03-03T14:09:14.000Z</Time>
            <Position>
              <LatitudeDegrees>37.3387710</LatitudeDegrees>
              <LongitudeDegrees>-121.8855806</LongitudeDegrees>
            </Position>
            <AltitudeMeters>25.6</AltitudeMeters>
            <DistanceMeters>6910.27</DistanceMeters>
            <HeartRateBpm><Value>131</Value></HeartRateBpm>
            <Cadence>167</Cadence>
          </Trackpoint>
          <Trackpoint>
            <Time>2026-03-03T14:09:19.000Z</Time>
            <Position>
              <LatitudeDegrees>37.3386917</LatitudeDegrees>
              <LongitudeDegrees>-121.8856805</LongitudeDegrees>
            </Position>
            <AltitudeMeters>25.5</AltitudeMeters>
            <DistanceMeters>6922.73</DistanceMeters>
            <HeartRateBpm><Value>131</Value></HeartRateBpm>
            <Cadence>167</Cadence>
          </Trackpoint>
          <Trackpoint>
            <Time>2026-03-03T14:09:24.000Z</Time>
            <Position>
              <LatitudeDegrees>37.3386124</LatitudeDegrees>
              <LongitudeDegrees>-121.8857804</LongitudeDegrees>
            </Position>
            <AltitudeMeters>25.4</AltitudeMeters>
            <DistanceMeters>6935.19</DistanceMeters>
            <HeartRateBpm><Value>131</Value></HeartRateBpm>
            <Cadence>167</Cadence>
          </Trackpoint>
          <Trackpoint>
            <Time>2026-03-03T14:09:29.000Z</Time>
            <Position>
              <LatitudeDegrees>37.3385331</LatitudeDegrees>
              <LongitudeDegrees>-121.8858804</LongitudeDegrees>
            </Position>
            <AltitudeMeters>25.3</AltitudeMeters>
            <DistanceMeters>6947.66</DistanceMeters>
            <HeartRateBpm><Value>131</Value></HeartRateBpm>
            <Cadence>167</Cadence>
          </Trackpoint>
          <Trackpoint>
            <Time>2026-03-03T14:09:34.000Z</Time>
            <Position>
              <LatitudeDegrees>37.3384538</LatitudeDegrees>
              <LongitudeDegrees>-121.8859803</LongitudeDegrees>
            </Position>
            <AltitudeMeters>25.2</AltitudeMeters>
            <DistanceMeters>6960.12</DistanceMeters>
            <HeartRateBpm><Value>131</Value></HeartRateBpm>
            <Cadence>167</Cadence>
          </Trackpoint>
          <Trackpoint>
            <Time>2026-03-03T14:09:39.000Z</Time>
            <Position>
              <LatitudeDegrees>37.3383745</LatitudeDegrees>
              <LongitudeDegrees>-121.8860802</LongitudeDegrees>
            </Position>
            <AltitudeMeters>25.2</AltitudeMeters>
            <DistanceMeters>6972.58</DistanceMeters>
            <HeartRateBpm><Value>131</Value></HeartRateBpm>
            <Cadence>167</Cadence>
          </Trackpoint>
          <Trackpoint>
            <Time>2026-03-03T14:09:44.000Z</Time>
            <Position>
              <LatitudeDegrees>37.3382952</LatitudeDegrees>
              <LongitudeDegrees>-121.8861801</LongitudeDegrees>
            </Position>
            <AltitudeMeters>25.1</AltitudeMeters>
            <DistanceMeters>6985.04</DistanceMeters>
            <HeartRateBpm><Value>131</Value></HeartRateBpm>
            <Cadence>167</Cadence>
          </Trackpoint>
          <Trackpoint>
            <Time>2026-03-03T14:09:49.000Z</Time>
            <Position>
              <LatitudeDegrees>37.3382159</LatitudeDegrees>
              <LongitudeDegrees>-121.8862800</LongitudeDegrees>
            </Position>
            <AltitudeMeters>25</AltitudeMeters>
            <DistanceMeters>6997.51</DistanceMeters>
            <HeartRateBpm><Value>131</Value></HeartRateBpm>
            <Cadence>167</Cadence>
          </Trackpoint>
          <Trackpoint>
            <Time>2026-03-03T14:09:50.000Z</Time>
            <Position>
              <LatitudeDegrees>37.3382000</LatitudeDegrees>
              <LongitudeDegrees>-121.8863000</LongitudeDegrees>
            </Position>
            <AltitudeMeters>25</AltitudeMeters>
            <DistanceMeters>7000.00</DistanceMeters>
            <HeartRateBpm><Value>131</Value></HeartRateBpm>
            <Cadence>167</Cadence>
          </Trackpoint>
        </Track>
      </Lap>
    </Activity>
  </Activities>
</TrainingCenterDatabase>