<?xml version="1.0" encoding="UTF-8"?>
<TrainingCenterDatabase
  xmlns="http://www.garmin.com/xmlschemas/TrainingCenterDatabase/v2"
  xmlns:xsi="http://www.w3.org/2001/XMLSchema-instance"
  xsi:schemaLocation="http://www.garmin.com/xmlschemas/TrainingCenterDatabase/v2 https://www.garmin.com/xmlschemas/TrainingCenterDatabasev2.xsd">
  <Activities>
    <Activity Sport="Running">
      <Id>2026-03-07T13:30:00.000Z</Id>
      <Lap StartTime="2026-03-07T13:30:00.000Z">
        <TotalTimeSeconds>3216</TotalTimeSeconds>
        <DistanceMeters>8000</DistanceMeters>
        <AverageHeartRateBpm><Value>134</Value></AverageHeartRateBpm>
        <MaximumHeartRateBpm><Value>148</Value></MaximumHeartRateBpm>
        <Intensity>Active</Intensity>
        <TriggerMethod>Manual</TriggerMethod>
        <Track>
          <Trackpoint>
            <Time>2026-03-07T13:30:00.000Z</Time>
            <Position>
              <LatitudeDegrees>37.3382000</LatitudeDegrees>
              <LongitudeDegrees>-121.8863000</LongitudeDegrees>
            </Position>
            <AltitudeMeters>25</AltitudeMeters>
            <DistanceMeters>0.00</DistanceMeters>
            <HeartRateBpm><Value>126</Value></HeartRateBpm>
            <Cadence>164</Cadence>
          </Trackpoint>
          <Trackpoint>
            <Time>2026-03-07T13:30:05.000Z</Time>
            <Position>
              <LatitudeDegrees>37.3382792</LatitudeDegrees>
              <LongitudeDegrees>-121.8862003</LongitudeDegrees>
            </Position>
            <AltitudeMeters>25.1</AltitudeMeters>
            <DistanceMeters>12.44</DistanceMeters>
            <HeartRateBpm><Value>126</Value></HeartRateBpm>
            <Cadence>164</Cadence>
          </Trackpoint>
          <Trackpoint>
            <Time>2026-03-07T13:30:10.000Z</Time>
            <Position>
              <LatitudeDegrees>37.3383583</LatitudeDegrees>
              <LongitudeDegrees>-121.8861006</LongitudeDegrees>
            </Position>
            <AltitudeMeters>25.2</AltitudeMeters>
            <DistanceMeters>24.88</DistanceMeters>
            <HeartRateBpm><Value>126</Value></HeartRateBpm>
            <Cadence>164</Cadence>
          </Trackpoint>
          <Trackpoint>
            <Time>2026-03-07T13:30:15.000Z</Time>
            <Position>
              <LatitudeDegrees>37.3384375</LatitudeDegrees>
              <LongitudeDegrees>-121.8860009</LongitudeDegrees>
            </Position>
            <AltitudeMeters>25.2</AltitudeMeters>
            <DistanceMeters>37.31</DistanceMeters>
            <HeartRateBpm><Value>126</Value></HeartRateBpm>
            <Cadence>164</Cadence>
          </Trackpoint>
          <Trackpoint>
            <Time>2026-03-07T13:30:20.000Z</Time>
            <Position>
              <LatitudeDegrees>37.3385166</LatitudeDegrees>
              <LongitudeDegrees>-121.8859011</LongitudeDegrees>
            </Position>
            <AltitudeMeters>25.3</AltitudeMeters>
            <DistanceMeters>49.75</DistanceMeters>
            <HeartRateBpm><Value>126</Value></HeartRateBpm>
            <Cadence>164</Cadence>
          </Trackpoint>
          <Trackpoint>
            <Time>2026-03-07T13:30:25.000Z</Time>
            <Position>
              <LatitudeDegrees>37.3385958</LatitudeDegrees>
              <LongitudeDegrees>-121.8858014</LongitudeDegrees>
            </Position>
            <AltitudeMeters>25.4</AltitudeMeters>
            <DistanceMeters>62.19</DistanceMeters>
            <HeartRateBpm><Value>126</Value></HeartRateBpm>
            <Cadence>164</Cadence>
          </Trackpoint>
          <Trackpoint>
            <Time>2026-03-07T13:30:30.000Z</Time>
            <Position>
              <LatitudeDegrees>37.3386749</LatitudeDegrees>
              <LongitudeDegrees>-121.8857017</LongitudeDegrees>
            </Position>
            <AltitudeMeters>25.5</AltitudeMeters>
            <DistanceMeters>74.63</DistanceMeters>
            <HeartRateBpm><Value>126</Value></HeartRateBpm>
            <Cadence>164</Cadence>
          </Trackpoint>
          <Trackpoint>
            <Time>2026-03-07T13:30:35.000Z</Time>
            <Position>
              <LatitudeDegrees>37.3387541</LatitudeDegrees>
              <LongitudeDegrees>-121.8856020</LongitudeDegrees>
            </Position>
            <AltitudeMeters>25.5</AltitudeMeters>
            <DistanceMeters>87.06</DistanceMeters>
            <HeartRateBpm><Value>127</Value></HeartRateBpm>
            <Cadence>164</Cadence>
          </Trackpoint>
          <Trackpoint>
            <Time>2026-03-07T13:30:40.000Z</Time>
            <Position>
              <LatitudeDegrees>37.3388332</LatitudeDegrees>
              <LongitudeDegrees>-121.8855023</LongitudeDegrees>
            </Position>
            <AltitudeMeters>25.6</AltitudeMeters>
            <DistanceMeters>99.50</DistanceMeters>
            <HeartRateBpm><Value>127</Value></HeartRateBpm>
            <Cadence>164</Cadence>
          </Trackpoint>
          <Trackpoint>
            <Time>2026-03-07T13:30:45.000Z</Time>
            <Position>
              <LatitudeDegrees>37.3389124</LatitudeDegrees>
              <LongitudeDegrees>-121.8854026</LongitudeDegrees>
            </Position>
            <AltitudeMeters>25.7</AltitudeMeters>
            <DistanceMeters>111.94</DistanceMeters>
            <HeartRateBpm><Value>127</Value></HeartRateBpm>
            <Cadence>164</Cadence>
          </Trackpoint>
          <Trackpoint>
            <Time>2026-03-07T13:30:50.000Z</Time>
            <Position>
              <LatitudeDegrees>37.3389915</LatitudeDegrees>
              <LongitudeDegrees>-121.8853029</LongitudeDegrees>
            </Position>
            <AltitudeMeters>25.8</AltitudeMeters>
            <DistanceMeters>124.38</DistanceMeters>
            <HeartRateBpm><Value>127</Value></HeartRateBpm>
            <Cadence>164</Cadence>
          </Trackpoint>
          <Trackpoint>
            <Time>2026-03-07T13:30:55.000Z</Time>
            <Position>
              <LatitudeDegrees>37.3390707</LatitudeDegrees>
              <LongitudeDegrees>-121.8852031</LongitudeDegrees>
            </Position>
            <AltitudeMeters>25.8</AltitudeMeters>
            <DistanceMeters>136.82</DistanceMeters>
            <HeartRateBpm><Value>127</Value></HeartRateBpm>
            <Cadence>164</Cadence>
          </Trackpoint>
          <Trackpoint>
            <Time>2026-03-07T13:31:00.000Z</Time>
            <Position>
              <LatitudeDegrees>37.3391498</LatitudeDegrees>
              <LongitudeDegrees>-121.8851034</LongitudeDegrees>
            </Position>
            <AltitudeMeters>25.9</AltitudeMeters>
            <DistanceMeters>149.25</DistanceMeters>
            <HeartRateBpm><Value>127</Value></HeartRateBpm>
            <Cadence>164</Cadence>
          </Trackpoint>
          <Trackpoint>
            <Time>2026-03-07T13:31:05.000Z</Time>
            <Position>
              <LatitudeDegrees>37.3392290</LatitudeDegrees>
              <LongitudeDegrees>-121.8850037</LongitudeDegrees>
            </Position>
            <AltitudeMeters>26</AltitudeMeters>
            <DistanceMeters>161.69</DistanceMeters>
            <HeartRateBpm><Value>127</Value></HeartRateBpm>
            <Cadence>164</Cadence>
          </Trackpoint>
          <Trackpoint>
            <Time>2026-03-07T13:31:10.000Z</Time>
            <Position>
              <LatitudeDegrees>37.3393082</LatitudeDegrees>
              <LongitudeDegrees>-121.8849040</LongitudeDegrees>
            </Position>
            <AltitudeMeters>26</AltitudeMeters>
            <DistanceMeters>174.13</DistanceMeters>
            <HeartRateBpm><Value>127</Value></HeartRateBpm>
            <Cadence>164</Cadence>
          </Trackpoint>
          <Trackpoint>
            <Time>2026-03-07T13:31:15.000Z</Time>
            <Position>
              <LatitudeDegrees>37.3393873</LatitudeDegrees>
              <LongitudeDegrees>-121.8848043</LongitudeDegrees>
            </Position>
            <AltitudeMeters>26.1</AltitudeMeters>
            <DistanceMeters>186.57</DistanceMeters>
            <HeartRateBpm><Value>127</Value></HeartRateBpm>
            <Cadence>164</Cadence>
          </Trackpoint>
          <Trackpoint>
            <Time>2026-03-07T13:31:20.000Z</Time>
            <Position>
              <LatitudeDegrees>37.3394665</LatitudeDegrees>
              <LongitudeDegrees>-121.8847046</LongitudeDegrees>
            </Position>
            <AltitudeMeters>26.2</AltitudeMeters>
            <DistanceMeters>199.00</DistanceMeters>
            <HeartRateBpm><Value>127</Value></HeartRateBpm>
            <Cadence>164</Cadence>
          </Trackpoint>
          <Trackpoint>
            <Time>2026-03-07T13:31:25.000Z</Time>
            <Position>
              <LatitudeDegrees>37.3395456</LatitudeDegrees>
              <LongitudeDegrees>-121.8846048</LongitudeDegrees>
            </Position>
            <AltitudeMeters>26.2</AltitudeMeters>
            <DistanceMeters>211.44</DistanceMeters>
            <HeartRateBpm><Value>127</Value></HeartRateBpm>
            <Cadence>164</Cadence>
          </Trackpoint>
          <Trackpoint>
            <Time>2026-03-07T13:31:30.000Z</Time>
            <Position>
              <LatitudeDegrees>37.3396248</LatitudeDegrees>
              <LongitudeDegrees>-121.8845051</LongitudeDegrees>
            </Position>
            <AltitudeMeters>26.3</AltitudeMeters>
            <DistanceMeters>223.88</DistanceMeters>
            <HeartRateBpm><Value>127</Value></HeartRateBpm>
            <Cadence>164</Cadence>
          </Trackpoint>
          <Trackpoint>
            <Time>2026-03-07T13:31:35.000Z</Time>
            <Position>
              <LatitudeDegrees>37.3397039</LatitudeDegrees>
              <LongitudeDegrees>-121.8844054</LongitudeDegrees>
            </Position>
            <AltitudeMeters>26.4</AltitudeMeters>
            <DistanceMeters>236.32</DistanceMeters>
            <HeartRateBpm><Value>128</Value></HeartRateBpm>
            <Cadence>164</Cadence>
          </Trackpoint>
          <Trackpoint>
            <Time>2026-03-07T13:31:40.000Z</Time>
            <Position>
              <LatitudeDegrees>37.3397831</LatitudeDegrees>
              <LongitudeDegrees>-121.8843057</LongitudeDegrees>
            </Position>
            <AltitudeMeters>26.4</AltitudeMeters>
            <DistanceMeters>248.76</DistanceMeters>
            <HeartRateBpm><Value>128</Value></HeartRateBpm>
            <Cadence>164</Cadence>
          </Trackpoint>
          <Trackpoint>
            <Time>2026-03-07T13:31:45.000Z</Time>
            <Position>
              <LatitudeDegrees>37.3398622</LatitudeDegrees>
              <LongitudeDegrees>-121.8842060</LongitudeDegrees>
            </Position>
            <AltitudeMeters>26.5</AltitudeMeters>
            <DistanceMeters>261.19</DistanceMeters>
            <HeartRateBpm><Value>128</Value></HeartRateBpm>
            <Cadence>164</Cadence>
          </Trackpoint>
          <Trackpoint>
            <Time>2026-03-07T13:31:50.000Z</Time>
            <Position>
              <LatitudeDegrees>37.3399414</LatitudeDegrees>
              <LongitudeDegrees>-121.8841063</LongitudeDegrees>
            </Position>
            <AltitudeMeters>26.5</AltitudeMeters>
            <DistanceMeters>273.63</DistanceMeters>
            <HeartRateBpm><Value>128</Value></HeartRateBpm>
            <Cadence>164</Cadence>
          </Trackpoint>
          <Trackpoint>
            <Time>2026-03-07T13:31:55.000Z</Time>
            <Position>
              <LatitudeDegrees>37.3400205</LatitudeDegrees>
              <LongitudeDegrees>-121.8840066</LongitudeDegrees>
            </Position>
            <AltitudeMeters>26.6</AltitudeMeters>
            <DistanceMeters>286.07</DistanceMeters>
            <HeartRateBpm><Value>128</Value></HeartRateBpm>
            <Cadence>164</Cadence>
          </Trackpoint>
          <Trackpoint>
            <Time>2026-03-07T13:32:00.000Z</Time>
            <Position>
              <LatitudeDegrees>37.3400997</LatitudeDegrees>
              <LongitudeDegrees>-121.8839068</LongitudeDegrees>
            </Position>
            <AltitudeMeters>26.6</AltitudeMeters>
            <DistanceMeters>298.51</DistanceMeters>
            <HeartRateBpm><Value>128</Value></HeartRateBpm>
            <Cadence>164</Cadence>
          </Trackpoint>
          <Trackpoint>
            <Time>2026-03-07T13:32:05.000Z</Time>
            <Position>
              <LatitudeDegrees>37.3401788</LatitudeDegrees>
              <LongitudeDegrees>-121.8838071</LongitudeDegrees>
            </Position>
            <AltitudeMeters>26.7</AltitudeMeters>
            <DistanceMeters>310.95</DistanceMeters>
            <HeartRateBpm><Value>128</Value></HeartRateBpm>
            <Cadence>164</Cadence>
          </Trackpoint>
          <Trackpoint>
            <Time>2026-03-07T13:32:10.000Z</Time>
            <Position>
              <LatitudeDegrees>37.3402580</LatitudeDegrees>
              <LongitudeDegrees>-121.8837074</LongitudeDegrees>
            </Position>
            <AltitudeMeters>26.7</AltitudeMeters>
            <DistanceMeters>323.38</DistanceMeters>
            <HeartRateBpm><Value>128</Value></HeartRateBpm>
            <Cadence>164</Cadence>
          </Trackpoint>
          <Trackpoint>
            <Time>2026-03-07T13:32:15.000Z</Time>
            <Position>
              <LatitudeDegrees>37.3403372</LatitudeDegrees>
              <LongitudeDegrees>-121.8836077</LongitudeDegrees>
            </Position>
            <AltitudeMeters>26.7</AltitudeMeters>
            <DistanceMeters>335.82</DistanceMeters>
            <HeartRateBpm><Value>128</Value></HeartRateBpm>
            <Cadence>164</Cadence>
          </Trackpoint>
          <Trackpoint>
            <Time>2026-03-07T13:32:20.000Z</Time>
            <Position>
              <LatitudeDegrees>37.3404163</LatitudeDegrees>
              <LongitudeDegrees>-121.8835080</LongitudeDegrees>
            </Position>
            <AltitudeMeters>26.8</AltitudeMeters>
            <DistanceMeters>348.26</DistanceMeters>
            <HeartRateBpm><Value>128</Value></HeartRateBpm>
            <Cadence>164</Cadence>
          </Trackpoint>
          <Trackpoint>
            <Time>2026-03-07T13:32:25.000Z</Time>
            <Position>
              <LatitudeDegrees>37.3404955</LatitudeDegrees>
              <LongitudeDegrees>-121.8834083</LongitudeDegrees>
            </Position>
            <AltitudeMeters>26.8</AltitudeMeters>
            <DistanceMeters>360.70</DistanceMeters>
            <HeartRateBpm><Value>128</Value></HeartRateBpm>
            <Cadence>164</Cadence>
          </Trackpoint>
          <Trackpoint>
            <Time>2026-03-07T13:32:30.000Z</Time>
            <Position>
              <LatitudeDegrees>37.3405746</LatitudeDegrees>
              <LongitudeDegrees>-121.8833086</LongitudeDegrees>
            </Position>
            <AltitudeMeters>26.8</AltitudeMeters>
            <DistanceMeters>373.13</DistanceMeters>
            <HeartRateBpm><Value>128</Value></HeartRateBpm>
            <Cadence>164</Cadence>
          </Trackpoint>
          <Trackpoint>
            <Time>2026-03-07T13:32:35.000Z</Time>
            <Position>
              <LatitudeDegrees>37.3406538</LatitudeDegrees>
              <LongitudeDegrees>-121.8832088</LongitudeDegrees>
            </Position>
            <AltitudeMeters>26.9</AltitudeMeters>
            <DistanceMeters>385.57</DistanceMeters>
            <HeartRateBpm><Value>129</Value></HeartRateBpm>
            <Cadence>164</Cadence>
          </Trackpoint>
          <Trackpoint>
            <Time>2026-03-07T13:32:40.000Z</Time>
            <Position>
              <LatitudeDegrees>37.3407329</LatitudeDegrees>
              <LongitudeDegrees>-121.8831091</LongitudeDegrees>
            </Position>
            <AltitudeMeters>26.9</AltitudeMeters>
            <DistanceMeters>398.01</DistanceMeters>
            <HeartRateBpm><Value>129</Value></HeartRateBpm>
            <Cadence>164</Cadence>
          </Trackpoint>
          <Trackpoint>
            <Time>2026-03-07T13:32:45.000Z</Time>
            <Position>
              <LatitudeDegrees>37.3408121</LatitudeDegrees>
              <LongitudeDegrees>-121.8830094</LongitudeDegrees>
            </Position>
            <AltitudeMeters>26.9</AltitudeMeters>
            <DistanceMeters>410.45</DistanceMeters>
            <HeartRateBpm><Value>129</Value></HeartRateBpm>
            <Cadence>164</Cadence>
          </Trackpoint>
          <Trackpoint>
            <Time>2026-03-07T13:32:50.000Z</Time>
            <Position>
              <LatitudeDegrees>37.3408912</LatitudeDegrees>
              <LongitudeDegrees>-121.8829097</LongitudeDegrees>
            </Position>
            <AltitudeMeters>26.9</AltitudeMeters>
            <DistanceMeters>422.89</DistanceMeters>
            <HeartRateBpm><Value>129</Value></HeartRateBpm>
            <Cadence>164</Cadence>
          </Trackpoint>
          <Trackpoint>
            <Time>2026-03-07T13:32:55.000Z</Time>
            <Position>
              <LatitudeDegrees>37.3409704</LatitudeDegrees>
              <LongitudeDegrees>-121.8828100</LongitudeDegrees>
            </Position>
            <AltitudeMeters>27</AltitudeMeters>
            <DistanceMeters>435.32</DistanceMeters>
            <HeartRateBpm><Value>129</Value></HeartRateBpm>
            <Cadence>164</Cadence>
          </Trackpoint>
          <Trackpoint>
            <Time>2026-03-07T13:33:00.000Z</Time>
            <Position>
              <LatitudeDegrees>37.3410495</LatitudeDegrees>
              <LongitudeDegrees>-121.8827103</LongitudeDegrees>
            </Position>
            <AltitudeMeters>27</AltitudeMeters>
            <DistanceMeters>447.76</DistanceMeters>
            <HeartRateBpm><Value>129</Value></HeartRateBpm>
            <Cadence>164</Cadence>
          </Trackpoint>
          <Trackpoint>
            <Time>2026-03-07T13:33:05.000Z</Time>
            <Position>
              <LatitudeDegrees>37.3411287</LatitudeDegrees>
              <LongitudeDegrees>-121.8826105</LongitudeDegrees>
            </Position>
            <AltitudeMeters>27</AltitudeMeters>
            <DistanceMeters>460.20</DistanceMeters>
            <HeartRateBpm><Value>129</Value></HeartRateBpm>
            <Cadence>164</Cadence>
          </Trackpoint>
          <Trackpoint>
            <Time>2026-03-07T13:33:10.000Z</Time>
            <Position>
              <LatitudeDegrees>37.3412078</LatitudeDegrees>
              <LongitudeDegrees>-121.8825108</LongitudeDegrees>
            </Position>
            <AltitudeMeters>27</AltitudeMeters>
            <DistanceMeters>472.64</DistanceMeters>
            <HeartRateBpm><Value>129</Value></HeartRateBpm>
            <Cadence>164</Cadence>
          </Trackpoint>
          <Trackpoint>
            <Time>2026-03-07T13:33:15.000Z</Time>
            <Position>
              <LatitudeDegrees>37.3412870</LatitudeDegrees>
              <LongitudeDegrees>-121.8824111</LongitudeDegrees>
            </Position>
            <AltitudeMeters>27</AltitudeMeters>
            <DistanceMeters>485.07</DistanceMeters>
            <HeartRateBpm><Value>129</Value></HeartRateBpm>
            <Cadence>164</Cadence>
          </Trackpoint>
          <Trackpoint>
            <Time>2026-03-07T13:33:20.000Z</Time>
            <Position>
              <LatitudeDegrees>37.3413662</LatitudeDegrees>
              <LongitudeDegrees>-121.8823114</LongitudeDegrees>
            </Position>
            <AltitudeMeters>27</AltitudeMeters>
            <DistanceMeters>497.51</DistanceMeters>
            <HeartRateBpm><Value>129</Value></HeartRateBpm>
            <Cadence>164</Cadence>
          </Trackpoint>
          <Trackpoint>
            <Time>2026-03-07T13:33:25.000Z</Time>
            <Position>
              <LatitudeDegrees>37.3414453</LatitudeDegrees>
              <LongitudeDegrees>-121.8822117</LongitudeDegrees>
            </Position>
            <AltitudeMeters>27</AltitudeMeters>
            <DistanceMeters>509.95</DistanceMeters>
            <HeartRateBpm><Value>129</Value></HeartRateBpm>
            <Cadence>164</Cadence>
          </Trackpoint>
          <Trackpoint>
            <Time>2026-03-07T13:33:30.000Z</Time>
            <Position>
              <LatitudeDegrees>37.3415245</LatitudeDegrees>
              <LongitudeDegrees>-121.8821120</LongitudeDegrees>
            </Position>
            <AltitudeMeters>27</AltitudeMeters>
            <DistanceMeters>522.39</DistanceMeters>
            <HeartRateBpm><Value>129</Value></HeartRateBpm>
            <Cadence>164</Cadence>
          </Trackpoint>
          <Trackpoint>
            <Time>2026-03-07T13:33:35.000Z</Time>
            <Position>
              <LatitudeDegrees>37.3416036</LatitudeDegrees>
              <LongitudeDegrees>-121.8820123</LongitudeDegrees>
            </Position>
            <AltitudeMeters>27</AltitudeMeters>
            <DistanceMeters>534.83</DistanceMeters>
            <HeartRateBpm><Value>130</Value></HeartRateBpm>
            <Cadence>164</Cadence>
          </Trackpoint>
          <Trackpoint>
            <Time>2026-03-07T13:33:40.000Z</Time>
            <Position>
              <LatitudeDegrees>37.3416828</LatitudeDegrees>
              <LongitudeDegrees>-121.8819125</LongitudeDegrees>
            </Position>
            <AltitudeMeters>27</AltitudeMeters>
            <DistanceMeters>547.26</DistanceMeters>
            <HeartRateBpm><Value>130</Value></HeartRateBpm>
            <Cadence>164</Cadence>
          </Trackpoint>
          <Trackpoint>
            <Time>2026-03-07T13:33:45.000Z</Time>
            <Position>
              <LatitudeDegrees>37.3417619</LatitudeDegrees>
              <LongitudeDegrees>-121.8818128</LongitudeDegrees>
            </Position>
            <AltitudeMeters>27</AltitudeMeters>
            <DistanceMeters>559.70</DistanceMeters>
            <HeartRateBpm><Value>130</Value></HeartRateBpm>
            <Cadence>164</Cadence>
          </Trackpoint>
          <Trackpoint>
            <Time>2026-03-07T13:33:50.000Z</Time>
            <Position>
              <LatitudeDegrees>37.3418411</LatitudeDegrees>
              <LongitudeDegrees>-121.8817131</LongitudeDegrees>
            </Position>
            <AltitudeMeters>26.9</AltitudeMeters>
            <DistanceMeters>572.14</DistanceMeters>
            <HeartRateBpm><Value>130</Value></HeartRateBpm>
            <Cadence>164</Cadence>
          </Trackpoint>
          <Trackpoint>
            <Time>2026-03-07T13:33:55.000Z</Time>
            <Position>
              <LatitudeDegrees>37.3419202</LatitudeDegrees>
              <LongitudeDegrees>-121.8816134</LongitudeDegrees>
            </Position>
            <AltitudeMeters>26.9</AltitudeMeters>
            <DistanceMeters>584.58</DistanceMeters>
            <HeartRateBpm><Value>130</Value></HeartRateBpm>
            <Cadence>164</Cadence>
          </Trackpoint>
          <Trackpoint>
            <Time>2026-03-07T13:34:00.000Z</Time>
            <Position>
              <LatitudeDegrees>37.3419994</LatitudeDegrees>
              <LongitudeDegrees>-121.8815137</LongitudeDegrees>
            </Position>
            <AltitudeMeters>26.9</AltitudeMeters>
            <DistanceMeters>597.01</DistanceMeters>
            <HeartRateBpm><Value>130</Value></HeartRateBpm>
            <Cadence>164</Cadence>
          </Trackpoint>
          <Trackpoint>
            <Time>2026-03-07T13:34:05.000Z</Time>
            <Position>
              <LatitudeDegrees>37.3420785</LatitudeDegrees>
              <LongitudeDegrees>-121.8814140</LongitudeDegrees>
            </Position>
            <AltitudeMeters>26.9</AltitudeMeters>
            <DistanceMeters>609.45</DistanceMeters>
            <HeartRateBpm><Value>130</Value></HeartRateBpm>
            <Cadence>164</Cadence>
          </Trackpoint>
          <Trackpoint>
            <Time>2026-03-07T13:34:10.000Z</Time>
            <Position>
              <LatitudeDegrees>37.3421577</LatitudeDegrees>
              <LongitudeDegrees>-121.8813143</LongitudeDegrees>
            </Position>
            <AltitudeMeters>26.9</AltitudeMeters>
            <DistanceMeters>621.89</DistanceMeters>
            <HeartRateBpm><Value>130</Value></HeartRateBpm>
            <Cadence>164</Cadence>
          </Trackpoint>
          <Trackpoint>
            <Time>2026-03-07T13:34:15.000Z</Time>
            <Position>
              <LatitudeDegrees>37.3422368</LatitudeDegrees>
              <LongitudeDegrees>-121.8812145</LongitudeDegrees>
            </Position>
            <AltitudeMeters>26.8</AltitudeMeters>
            <DistanceMeters>634.33</DistanceMeters>
            <HeartRateBpm><Value>130</Value></HeartRateBpm>
            <Cadence>164</Cadence>
          </Trackpoint>
          <Trackpoint>
            <Time>2026-03-07T13:34:20.000Z</Time>
            <Position>
              <LatitudeDegrees>37.3423160</LatitudeDegrees>
              <LongitudeDegrees>-121.8811148</LongitudeDegrees>
            </Position>
            <AltitudeMeters>26.8</AltitudeMeters>
            <DistanceMeters>646.77</DistanceMeters>
            <HeartRateBpm><Value>130</Value></HeartRateBpm>
            <Cadence>164</Cadence>
          </Trackpoint>
          <Trackpoint>
            <Time>2026-03-07T13:34:25.000Z</Time>
            <Position>
              <LatitudeDegrees>37.3423952</LatitudeDegrees>
              <LongitudeDegrees>-121.8810151</LongitudeDegrees>
            </Position>
            <AltitudeMeters>26.8</AltitudeMeters>
            <DistanceMeters>659.20</DistanceMeters>
            <HeartRateBpm><Value>130</Value></HeartRateBpm>
            <Cadence>164</Cadence>
          </Trackpoint>
          <Trackpoint>
            <Time>2026-03-07T13:34:30.000Z</Time>
            <Position>
              <LatitudeDegrees>37.3424743</LatitudeDegrees>
              <LongitudeDegrees>-121.8809154</LongitudeDegrees>
            </Position>
            <AltitudeMeters>26.7</AltitudeMeters>
            <DistanceMeters>671.64</DistanceMeters>
            <HeartRateBpm><Value>130</Value></HeartRateBpm>
            <Cadence>164</Cadence>
          </Trackpoint>
          <Trackpoint>
            <Time>2026-03-07T13:34:35.000Z</Time>
            <Position>
              <LatitudeDegrees>37.3425535</LatitudeDegrees>
              <LongitudeDegrees>-121.8808157</LongitudeDegrees>
            </Position>
            <AltitudeMeters>26.7</AltitudeMeters>
            <DistanceMeters>684.08</DistanceMeters>
            <HeartRateBpm><Value>131</Value></HeartRateBpm>
            <Cadence>164</Cadence>
          </Trackpoint>
          <Trackpoint>
            <Time>2026-03-07T13:34:40.000Z</Time>
            <Position>
              <LatitudeDegrees>37.3426326</LatitudeDegrees>
              <LongitudeDegrees>-121.8807160</LongitudeDegrees>
            </Position>
            <AltitudeMeters>26.6</AltitudeMeters>
            <DistanceMeters>696.52</DistanceMeters>
            <HeartRateBpm><Value>131</Value></HeartRateBpm>
            <Cadence>164</Cadence>
          </Trackpoint>
          <Trackpoint>
            <Time>2026-03-07T13:34:45.000Z</Time>
            <Position>
              <LatitudeDegrees>37.3427118</LatitudeDegrees>
              <LongitudeDegrees>-121.8806162</LongitudeDegrees>
            </Position>
            <AltitudeMeters>26.6</AltitudeMeters>
            <DistanceMeters>708.96</DistanceMeters>
            <HeartRateBpm><Value>131</Value></HeartRateBpm>
            <Cadence>164</Cadence>
          </Trackpoint>
          <Trackpoint>
            <Time>2026-03-07T13:34:50.000Z</Time>
            <Position>
              <LatitudeDegrees>37.3427909</LatitudeDegrees>
              <LongitudeDegrees>-121.8805165</LongitudeDegrees>
            </Position>
            <AltitudeMeters>26.5</AltitudeMeters>
            <DistanceMeters>721.39</DistanceMeters>
            <HeartRateBpm><Value>131</Value></HeartRateBpm>
            <Cadence>164</Cadence>
          </Trackpoint>
          <Trackpoint>
            <Time>2026-03-07T13:34:55.000Z</Time>
            <Position>
              <LatitudeDegrees>37.3428701</LatitudeDegrees>
              <LongitudeDegrees>-121.8804168</LongitudeDegrees>
            </Position>
            <AltitudeMeters>26.5</AltitudeMeters>
            <DistanceMeters>733.83</DistanceMeters>
            <HeartRateBpm><Value>131</Value></HeartRateBpm>
            <Cadence>164</Cadence>
          </Trackpoint>
          <Trackpoint>
            <Time>2026-03-07T13:35:00.000Z</Time>
            <Position>
              <LatitudeDegrees>37.3429492</LatitudeDegrees>
              <LongitudeDegrees>-121.8803171</LongitudeDegrees>
            </Position>
            <AltitudeMeters>26.4</AltitudeMeters>
            <DistanceMeters>746.27</DistanceMeters>
            <HeartRateBpm><Value>131</Value></HeartRateBpm>
            <Cadence>164</Cadence>
          </Trackpoint>
          <Trackpoint>
            <Time>2026-03-07T13:35:05.000Z</Time>
            <Position>
              <LatitudeDegrees>37.3430284</LatitudeDegrees>
              <LongitudeDegrees>-121.8802174</LongitudeDegrees>
            </Position>
            <AltitudeMeters>26.4</AltitudeMeters>
            <DistanceMeters>758.71</DistanceMeters>
            <HeartRateBpm><Value>131</Value></HeartRateBpm>
            <Cadence>164</Cadence>
          </Trackpoint>
          <Trackpoint>
            <Time>2026-03-07T13:35:10.000Z</Time>
            <Position>
              <LatitudeDegrees>37.3431075</LatitudeDegrees>
              <LongitudeDegrees>-121.8801177</LongitudeDegrees>
            </Position>
            <AltitudeMeters>26.3</AltitudeMeters>
            <DistanceMeters>771.14</DistanceMeters>
            <HeartRateBpm><Value>131</Value></HeartRateBpm>
            <Cadence>164</Cadence>
          </Trackpoint>
          <Trackpoint>
            <Time>2026-03-07T13:35:15.000Z</Time>
            <Position>
              <LatitudeDegrees>37.3431867</LatitudeDegrees>
              <LongitudeDegrees>-121.8800180</LongitudeDegrees>
            </Position>
            <AltitudeMeters>26.3</AltitudeMeters>
            <DistanceMeters>783.58</DistanceMeters>
            <HeartRateBpm><Value>131</Value></HeartRateBpm>
            <Cadence>164</Cadence>
          </Trackpoint>
          <Trackpoint>
            <Time>2026-03-07T13:35:20.000Z</Time>
            <Position>
              <LatitudeDegrees>37.3432658</LatitudeDegrees>
              <LongitudeDegrees>-121.8799182</LongitudeDegrees>
            </Position>
            <AltitudeMeters>26.2</AltitudeMeters>
            <DistanceMeters>796.02</DistanceMeters>
            <HeartRateBpm><Value>131</Value></HeartRateBpm>
            <Cadence>164</Cadence>
          </Trackpoint>
          <Trackpoint>
            <Time>2026-03-07T13:35:25.000Z</Time>
            <Position>
              <LatitudeDegrees>37.3433450</LatitudeDegrees>
              <LongitudeDegrees>-121.8798185</LongitudeDegrees>
            </Position>
            <AltitudeMeters>26.1</AltitudeMeters>
            <DistanceMeters>808.46</DistanceMeters>
            <HeartRateBpm><Value>131</Value></HeartRateBpm>
            <Cadence>164</Cadence>
          </Trackpoint>
          <Trackpoint>
            <Time>2026-03-07T13:35:30.000Z</Time>
            <Position>
              <LatitudeDegrees>37.3434242</LatitudeDegrees>
              <LongitudeDegrees>-121.8797188</LongitudeDegrees>
            </Position>
            <AltitudeMeters>26.1</AltitudeMeters>
            <DistanceMeters>820.90</DistanceMeters>
            <HeartRateBpm><Value>131</Value></HeartRateBpm>
            <Cadence>164</Cadence>
          </Trackpoint>
          <Trackpoint>
            <Time>2026-03-07T13:35:35.000Z</Time>
            <Position>
              <LatitudeDegrees>37.3435033</LatitudeDegrees>
              <LongitudeDegrees>-121.8796191</LongitudeDegrees>
            </Position>
            <AltitudeMeters>26</AltitudeMeters>
            <DistanceMeters>833.33</DistanceMeters>
            <HeartRateBpm><Value>132</Value></HeartRateBpm>
            <Cadence>164</Cadence>
          </Trackpoint>
          <Trackpoint>
            <Time>2026-03-07T13:35:40.000Z</Time>
            <Position>
              <LatitudeDegrees>37.3435825</LatitudeDegrees>
              <LongitudeDegrees>-121.8795194</LongitudeDegrees>
            </Position>
            <AltitudeMeters>25.9</AltitudeMeters>
            <DistanceMeters>845.77</DistanceMeters>
            <HeartRateBpm><Value>132</Value></HeartRateBpm>
            <Cadence>164</Cadence>
          </Trackpoint>
          <Trackpoint>
            <Time>2026-03-07T13:35:45.000Z</Time>
            <Position>
              <LatitudeDegrees>37.3436616</LatitudeDegrees>
              <LongitudeDegrees>-121.8794197</LongitudeDegrees>
            </Position>
            <AltitudeMeters>25.9</AltitudeMeters>
            <DistanceMeters>858.21</DistanceMeters>
            <HeartRateBpm><Value>132</Value></HeartRateBpm>
            <Cadence>164</Cadence>
          </Trackpoint>
          <Trackpoint>
            <Time>2026-03-07T13:35:50.000Z</Time>
            <Position>
              <LatitudeDegrees>37.3437408</LatitudeDegrees>
              <LongitudeDegrees>-121.8793200</LongitudeDegrees>
            </Position>
            <AltitudeMeters>25.8</AltitudeMeters>
            <DistanceMeters>870.65</DistanceMeters>
            <HeartRateBpm><Value>132</Value></HeartRateBpm>
            <Cadence>164</Cadence>
          </Trackpoint>
          <Trackpoint>
            <Time>2026-03-07T13:35:55.000Z</Time>
            <Position>
              <LatitudeDegrees>37.3438199</LatitudeDegrees>
              <LongitudeDegrees>-121.8792202</LongitudeDegrees>
            </Position>
            <AltitudeMeters>25.7</AltitudeMeters>
            <DistanceMeters>883.08</DistanceMeters>
            <HeartRateBpm><Value>132</Value></HeartRateBpm>
            <Cadence>164</Cadence>
          </Trackpoint>
          <Trackpoint>
            <Time>2026-03-07T13:36:00.000Z</Time>
            <Position>
              <LatitudeDegrees>37.3438991</LatitudeDegrees>
              <LongitudeDegrees>-121.8791205</LongitudeDegrees>
            </Position>
            <AltitudeMeters>25.6</AltitudeMeters>
            <DistanceMeters>895.52</DistanceMeters>
            <HeartRateBpm><Value>132</Value></HeartRateBpm>
            <Cadence>164</Cadence>
          </Trackpoint>
          <Trackpoint>
            <Time>2026-03-07T13:36:05.000Z</Time>
            <Position>
              <LatitudeDegrees>37.3439782</LatitudeDegrees>
              <LongitudeDegrees>-121.8790208</LongitudeDegrees>
            </Position>
            <AltitudeMeters>25.6</AltitudeMeters>
            <DistanceMeters>907.96</DistanceMeters>
            <HeartRateBpm><Value>132</Value></HeartRateBpm>
            <Cadence>164</Cadence>
          </Trackpoint>
          <Trackpoint>
            <Time>2026-03-07T13:36:10.000Z</Time>
            <Position>
              <LatitudeDegrees>37.3440574</LatitudeDegrees>
              <LongitudeDegrees>-121.8789211</LongitudeDegrees>
            </Position>
            <AltitudeMeters>25.5</AltitudeMeters>
            <DistanceMeters>920.40</DistanceMeters>
            <HeartRateBpm><Value>132</Value></HeartRateBpm>
            <Cadence>164</Cadence>
          </Trackpoint>
          <Trackpoint>
            <Time>2026-03-07T13:36:15.000Z</Time>
            <Position>
              <LatitudeDegrees>37.3441365</LatitudeDegrees>
              <LongitudeDegrees>-121.8788214</LongitudeDegrees>
            </Position>
            <AltitudeMeters>25.4</AltitudeMeters>
            <DistanceMeters>932.84</DistanceMeters>
            <HeartRateBpm><Value>132</Value></HeartRateBpm>
            <Cadence>164</Cadence>
          </Trackpoint>
          <Trackpoint>
            <Time>2026-03-07T13:36:20.000Z</Time>
            <Position>
              <LatitudeDegrees>37.3442157</LatitudeDegrees>
              <LongitudeDegrees>-121.8787217</LongitudeDegrees>
            </Position>
            <AltitudeMeters>25.3</AltitudeMeters>
            <DistanceMeters>945.27</DistanceMeters>
            <HeartRateBpm><Value>132</Value></HeartRateBpm>
            <Cadence>164</Cadence>
          </Trackpoint>
          <Trackpoint>
            <Time>2026-03-07T13:36:25.000Z</Time>
            <Position>
              <LatitudeDegrees>37.3442948</LatitudeDegrees>
              <LongitudeDegrees>-121.8786219</LongitudeDegrees>
            </Position>
            <AltitudeMeters>25.3</AltitudeMeters>
            <DistanceMeters>957.71</DistanceMeters>
            <HeartRateBpm><Value>132</Value></HeartRateBpm>
            <Cadence>164</Cadence>
          </Trackpoint>
          <Trackpoint>
            <Time>2026-03-07T13:36:30.000Z</Time>
            <Position>
              <LatitudeDegrees>37.3443740</LatitudeDegrees>
              <LongitudeDegrees>-121.8785222</LongitudeDegrees>
            </Position>
            <AltitudeMeters>25.2</AltitudeMeters>
            <DistanceMeters>970.15</DistanceMeters>
            <HeartRateBpm><Value>132</Value></HeartRateBpm>
            <Cadence>164</Cadence>
          </Trackpoint>
          <Trackpoint>
            <Time>2026-03-07T13:36:35.000Z</Time>
            <Position>
              <LatitudeDegrees>37.3444532</LatitudeDegrees>
              <LongitudeDegrees>-121.8784225</LongitudeDegrees>
            </Position>
            <AltitudeMeters>25.1</AltitudeMeters>
            <DistanceMeters>982.59</DistanceMeters>
            <HeartRateBpm><Value>133</Value></HeartRateBpm>
            <Cadence>164</Cadence>
          </Trackpoint>
          <Trackpoint>
            <Time>2026-03-07T13:36:40.000Z</Time>
            <Position>
              <LatitudeDegrees>37.3445323</LatitudeDegrees>
              <LongitudeDegrees>-121.8783228</LongitudeDegrees>
            </Position>
            <AltitudeMeters>25</AltitudeMeters>
            <DistanceMeters>995.02</DistanceMeters>
            <HeartRateBpm><Value>133</Value></HeartRateBpm>
            <Cadence>164</Cadence>
          </Trackpoint>
          <Trackpoint>
            <Time>2026-03-07T13:36:45.000Z</Time>
            <Position>
              <LatitudeDegrees>37.3446115</LatitudeDegrees>
              <LongitudeDegrees>-121.8782231</LongitudeDegrees>
            </Position>
            <AltitudeMeters>25</AltitudeMeters>
            <DistanceMeters>1007.46</DistanceMeters>
            <HeartRateBpm><Value>133</Value></HeartRateBpm>
            <Cadence>164</Cadence>
          </Trackpoint>
          <Trackpoint>
            <Time>2026-03-07T13:36:50.000Z</Time>
            <Position>
              <LatitudeDegrees>37.3446906</LatitudeDegrees>
              <LongitudeDegrees>-121.8781234</LongitudeDegrees>
            </Position>
            <AltitudeMeters>24.9</AltitudeMeters>
            <DistanceMeters>1019.90</DistanceMeters>
            <HeartRateBpm><Value>133</Value></HeartRateBpm>
            <Cadence>164</Cadence>
          </Trackpoint>
          <Trackpoint>
            <Time>2026-03-07T13:36:55.000Z</Time>
            <Position>
              <LatitudeDegrees>37.3447698</LatitudeDegrees>
              <LongitudeDegrees>-121.8780237</LongitudeDegrees>
            </Position>
            <AltitudeMeters>24.8</AltitudeMeters>
            <DistanceMeters>1032.34</DistanceMeters>
            <HeartRateBpm><Value>133</Value></HeartRateBpm>
            <Cadence>164</Cadence>
          </Trackpoint>
          <Trackpoint>
            <Time>2026-03-07T13:37:00.000Z</Time>
            <Position>
              <LatitudeDegrees>37.3448489</LatitudeDegrees>
              <LongitudeDegrees>-121.8779239</LongitudeDegrees>
            </Position>
            <AltitudeMeters>24.7</AltitudeMeters>
            <DistanceMeters>1044.78</DistanceMeters>
            <HeartRateBpm><Value>133</Value></HeartRateBpm>
            <Cadence>164</Cadence>
          </Trackpoint>
          <Trackpoint>
            <Time>2026-03-07T13:37:05.000Z</Time>
            <Position>
              <LatitudeDegrees>37.3449281</LatitudeDegrees>
              <LongitudeDegrees>-121.8778242</LongitudeDegrees>
            </Position>
            <AltitudeMeters>24.6</AltitudeMeters>
            <DistanceMeters>1057.21</DistanceMeters>
            <HeartRateBpm><Value>133</Value></HeartRateBpm>
            <Cadence>164</Cadence>
          </Trackpoint>
          <Trackpoint>
            <Time>2026-03-07T13:37:10.000Z</Time>
            <Position>
              <LatitudeDegrees>37.3450072</LatitudeDegrees>
              <LongitudeDegrees>-121.8777245</LongitudeDegrees>
            </Position>
            <AltitudeMeters>24.6</AltitudeMeters>
            <DistanceMeters>1069.65</DistanceMeters>
            <HeartRateBpm><Value>133</Value></HeartRateBpm>
            <Cadence>164</Cadence>
          </Trackpoint>
          <Trackpoint>
            <Time>2026-03-07T13:37:15.000Z</Time>
            <Position>
              <LatitudeDegrees>37.3450864</LatitudeDegrees>
              <LongitudeDegrees>-121.8776248</LongitudeDegrees>
            </Position>
            <AltitudeMeters>24.5</AltitudeMeters>
            <DistanceMeters>1082.09</DistanceMeters>
            <HeartRateBpm><Value>133</Value></HeartRateBpm>
            <Cadence>164</Cadence>
          </Trackpoint>
          <Trackpoint>
            <Time>2026-03-07T13:37:20.000Z</Time>
            <Position>
              <LatitudeDegrees>37.3451655</LatitudeDegrees>
              <LongitudeDegrees>-121.8775251</LongitudeDegrees>
            </Position>
            <AltitudeMeters>24.4</AltitudeMeters>
            <DistanceMeters>1094.53</DistanceMeters>
            <HeartRateBpm><Value>133</Value></HeartRateBpm>
            <Cadence>164</Cadence>
          </Trackpoint>
          <Trackpoint>
            <Time>2026-03-07T13:37:25.000Z</Time>
            <Position>
              <LatitudeDegrees>37.3452447</LatitudeDegrees>
              <LongitudeDegrees>-121.8774254</LongitudeDegrees>
            </Position>
            <AltitudeMeters>24.3</AltitudeMeters>
            <DistanceMeters>1106.97</DistanceMeters>
            <HeartRateBpm><Value>133</Value></HeartRateBpm>
            <Cadence>164</Cadence>
          </Trackpoint>
          <Trackpoint>
            <Time>2026-03-07T13:37:30.000Z</Time>
            <Position>
              <LatitudeDegrees>37.3453238</LatitudeDegrees>
              <LongitudeDegrees>-121.8773257</LongitudeDegrees>
            </Position>
            <AltitudeMeters>24.3</AltitudeMeters>
            <DistanceMeters>1119.40</DistanceMeters>
            <HeartRateBpm><Value>133</Value></HeartRateBpm>
            <Cadence>164</Cadence>
          </Trackpoint>
          <Trackpoint>
            <Time>2026-03-07T13:37:35.000Z</Time>
            <Position>
              <LatitudeDegrees>37.3454030</LatitudeDegrees>
              <LongitudeDegrees>-121.8772259</LongitudeDegrees>
            </Position>
            <AltitudeMeters>24.2</AltitudeMeters>
            <DistanceMeters>1131.84</DistanceMeters>
            <HeartRateBpm><Value>134</Value></HeartRateBpm>
            <Cadence>164</Cadence>
          </Trackpoint>
          <Trackpoint>
            <Time>2026-03-07T13:37:40.000Z</Time>
            <Position>
              <LatitudeDegrees>37.3454822</LatitudeDegrees>
              <LongitudeDegrees>-121.8771262</LongitudeDegrees>
            </Position>
            <AltitudeMeters>24.1</AltitudeMeters>
            <DistanceMeters>1144.28</DistanceMeters>
            <HeartRateBpm><Value>134</Value></HeartRateBpm>
            <Cadence>164</Cadence>
          </Trackpoint>
          <Trackpoint>
            <Time>2026-03-07T13:37:45.000Z</Time>
            <Position>
              <LatitudeDegrees>37.3455613</LatitudeDegrees>
              <LongitudeDegrees>-121.8770265</LongitudeDegrees>
            </Position>
            <AltitudeMeters>24.1</AltitudeMeters>
            <DistanceMeters>1156.72</DistanceMeters>
            <HeartRateBpm><Value>134</Value></HeartRateBpm>
            <Cadence>164</Cadence>
          </Trackpoint>
          <Trackpoint>
            <Time>2026-03-07T13:37:50.000Z</Time>
            <Position>
              <LatitudeDegrees>37.3456405</LatitudeDegrees>
              <LongitudeDegrees>-121.8769268</LongitudeDegrees>
            </Position>
            <AltitudeMeters>24</AltitudeMeters>
            <DistanceMeters>1169.15</DistanceMeters>
            <HeartRateBpm><Value>134</Value></HeartRateBpm>
            <Cadence>164</Cadence>
          </Trackpoint>
          <Trackpoint>
            <Time>2026-03-07T13:37:55.000Z</Time>
            <Position>
              <LatitudeDegrees>37.3457196</LatitudeDegrees>
              <LongitudeDegrees>-121.8768271</LongitudeDegrees>
            </Position>
            <AltitudeMeters>23.9</AltitudeMeters>
            <DistanceMeters>1181.59</DistanceMeters>
            <HeartRateBpm><Value>134</Value></HeartRateBpm>
            <Cadence>164</Cadence>
          </Trackpoint>
          <Trackpoint>
            <Time>2026-03-07T13:38:00.000Z</Time>
            <Position>
              <LatitudeDegrees>37.3457988</LatitudeDegrees>
              <LongitudeDegrees>-121.8767274</LongitudeDegrees>
            </Position>
            <AltitudeMeters>23.9</AltitudeMeters>
            <DistanceMeters>1194.03</DistanceMeters>
            <HeartRateBpm><Value>134</Value></HeartRateBpm>
            <Cadence>164</Cadence>
          </Trackpoint>
          <Trackpoint>
            <Time>2026-03-07T13:38:05.000Z</Time>
            <Position>
              <LatitudeDegrees>37.3458779</LatitudeDegrees>
              <LongitudeDegrees>-121.8766276</LongitudeDegrees>
            </Position>
            <AltitudeMeters>23.8</AltitudeMeters>
            <DistanceMeters>1206.47</DistanceMeters>
            <HeartRateBpm><Value>134</Value></HeartRateBpm>
            <Cadence>164</Cadence>
          </Trackpoint>
          <Trackpoint>
            <Time>2026-03-07T13:38:10.000Z</Time>
            <Position>
              <LatitudeDegrees>37.3459571</LatitudeDegrees>
              <LongitudeDegrees>-121.8765279</LongitudeDegrees>
            </Position>
            <AltitudeMeters>23.7</AltitudeMeters>
            <DistanceMeters>1218.91</DistanceMeters>
            <HeartRateBpm><Value>134</Value></HeartRateBpm>
            <Cadence>164</Cadence>
          </Trackpoint>
          <Trackpoint>
            <Time>2026-03-07T13:38:15.000Z</Time>
            <Position>
              <LatitudeDegrees>37.3460362</LatitudeDegrees>
              <LongitudeDegrees>-121.8764282</LongitudeDegrees>
            </Position>
            <AltitudeMeters>23.7</AltitudeMeters>
            <DistanceMeters>1231.34</DistanceMeters>
            <HeartRateBpm><Value>134</Value></HeartRateBpm>
            <Cadence>164</Cadence>
          </Trackpoint>
          <Trackpoint>
            <Time>2026-03-07T13:38:20.000Z</Time>
            <Position>
              <LatitudeDegrees>37.3461154</LatitudeDegrees>
              <LongitudeDegrees>-121.8763285</LongitudeDegrees>
            </Position>
            <AltitudeMeters>23.6</AltitudeMeters>
            <DistanceMeters>1243.78</DistanceMeters>
            <HeartRateBpm><Value>134</Value></HeartRateBpm>
            <Cadence>164</Cadence>
          </Trackpoint>
          <Trackpoint>
            <Time>2026-03-07T13:38:25.000Z</Time>
            <Position>
              <LatitudeDegrees>37.3461945</LatitudeDegrees>
              <LongitudeDegrees>-121.8762288</LongitudeDegrees>
            </Position>
            <AltitudeMeters>23.6</AltitudeMeters>
            <DistanceMeters>1256.22</DistanceMeters>
            <HeartRateBpm><Value>134</Value></HeartRateBpm>
            <Cadence>164</Cadence>
          </Trackpoint>
          <Trackpoint>
            <Time>2026-03-07T13:38:30.000Z</Time>
            <Position>
              <LatitudeDegrees>37.3462737</LatitudeDegrees>
              <LongitudeDegrees>-121.8761291</LongitudeDegrees>
            </Position>
            <AltitudeMeters>23.5</AltitudeMeters>
            <DistanceMeters>1268.66</DistanceMeters>
            <HeartRateBpm><Value>134</Value></HeartRateBpm>
            <Cadence>164</Cadence>
          </Trackpoint>
          <Trackpoint>
            <Time>2026-03-07T13:38:35.000Z</Time>
            <Position>
              <LatitudeDegrees>37.3463528</LatitudeDegrees>
              <LongitudeDegrees>-121.8760294</LongitudeDegrees>
            </Position>
            <AltitudeMeters>23.5</AltitudeMeters>
            <DistanceMeters>1281.09</DistanceMeters>
            <HeartRateBpm><Value>134</Value></HeartRateBpm>
            <Cadence>164</Cadence>
          </Trackpoint>
          <Trackpoint>
            <Time>2026-03-07T13:38:40.000Z</Time>
            <Position>
              <LatitudeDegrees>37.3464320</LatitudeDegrees>
              <LongitudeDegrees>-121.8759296</LongitudeDegrees>
            </Position>
            <AltitudeMeters>23.4</AltitudeMeters>
            <DistanceMeters>1293.53</DistanceMeters>
            <HeartRateBpm><Value>134</Value></HeartRateBpm>
            <Cadence>164</Cadence>
          </Trackpoint>
          <Trackpoint>
            <Time>2026-03-07T13:38:45.000Z</Time>
            <Position>
              <LatitudeDegrees>37.3465112</LatitudeDegrees>
              <LongitudeDegrees>-121.8758299</LongitudeDegrees>
            </Position>
            <AltitudeMeters>23.4</AltitudeMeters>
            <DistanceMeters>1305.97</DistanceMeters>
            <HeartRateBpm><Value>134</Value></HeartRateBpm>
            <Cadence>164</Cadence>
          </Trackpoint>
          <Trackpoint>
            <Time>2026-03-07T13:38:50.000Z</Time>
            <Position>
              <LatitudeDegrees>37.3465903</LatitudeDegrees>
              <LongitudeDegrees>-121.8757302</LongitudeDegrees>
            </Position>
            <AltitudeMeters>23.3</AltitudeMeters>
            <DistanceMeters>1318.41</DistanceMeters>
            <HeartRateBpm><Value>134</Value></HeartRateBpm>
            <Cadence>164</Cadence>
          </Trackpoint>
          <Trackpoint>
            <Time>2026-03-07T13:38:55.000Z</Time>
            <Position>
              <LatitudeDegrees>37.3466695</LatitudeDegrees>
              <LongitudeDegrees>-121.8756305</LongitudeDegrees>
            </Position>
            <AltitudeMeters>23.3</AltitudeMeters>
            <DistanceMeters>1330.85</DistanceMeters>
            <HeartRateBpm><Value>134</Value></HeartRateBpm>
            <Cadence>164</Cadence>
          </Trackpoint>
          <Trackpoint>
            <Time>2026-03-07T13:39:00.000Z</Time>
            <Position>
              <LatitudeDegrees>37.3467486</LatitudeDegrees>
              <LongitudeDegrees>-121.8755308</LongitudeDegrees>
            </Position>
            <AltitudeMeters>23.2</AltitudeMeters>
            <DistanceMeters>1343.28</DistanceMeters>
            <HeartRateBpm><Value>134</Value></HeartRateBpm>
            <Cadence>164</Cadence>
          </Trackpoint>
          <Trackpoint>
            <Time>2026-03-07T13:39:05.000Z</Time>
            <Position>
              <LatitudeDegrees>37.3468278</LatitudeDegrees>
              <LongitudeDegrees>-121.8754311</LongitudeDegrees>
            </Position>
            <AltitudeMeters>23.2</AltitudeMeters>
            <DistanceMeters>1355.72</DistanceMeters>
            <HeartRateBpm><Value>134</Value></HeartRateBpm>
            <Cadence>164</Cadence>
          </Trackpoint>
          <Trackpoint>
            <Time>2026-03-07T13:39:10.000Z</Time>
            <Position>
              <LatitudeDegrees>37.3469069</LatitudeDegrees>
              <LongitudeDegrees>-121.8753314</LongitudeDegrees>
            </Position>
            <AltitudeMeters>23.2</AltitudeMeters>
            <DistanceMeters>1368.16</DistanceMeters>
            <HeartRateBpm><Value>134</Value></HeartRateBpm>
            <Cadence>164</Cadence>
          </Trackpoint>
          <Trackpoint>
            <Time>2026-03-07T13:39:15.000Z</Time>
            <Position>
              <LatitudeDegrees>37.3469861</LatitudeDegrees>
              <LongitudeDegrees>-121.8752316</LongitudeDegrees>
            </Position>
            <AltitudeMeters>23.1</AltitudeMeters>
            <DistanceMeters>1380.60</DistanceMeters>
            <HeartRateBpm><Value>134</Value></HeartRateBpm>
            <Cadence>164</Cadence>
          </Trackpoint>
          <Trackpoint>
            <Time>2026-03-07T13:39:20.000Z</Time>
            <Position>
              <LatitudeDegrees>37.3470652</LatitudeDegrees>
              <LongitudeDegrees>-121.8751319</LongitudeDegrees>
            </Position>
            <AltitudeMeters>23.1</AltitudeMeters>
            <DistanceMeters>1393.03</DistanceMeters>
            <HeartRateBpm><Value>134</Value></HeartRateBpm>
            <Cadence>164</Cadence>
          </Trackpoint>
          <Trackpoint>
            <Time>2026-03-07T13:39:25.000Z</Time>
            <Position>
              <LatitudeDegrees>37.3471444</LatitudeDegrees>
              <LongitudeDegrees>-121.8750322</LongitudeDegrees>
            </Position>
            <AltitudeMeters>23.1</AltitudeMeters>
            <DistanceMeters>1405.47</DistanceMeters>
            <HeartRateBpm><Value>134</Value></HeartRateBpm>
            <Cadence>164</Cadence>
          </Trackpoint>
          <Trackpoint>
            <Time>2026-03-07T13:39:30.000Z</Time>
            <Position>
              <LatitudeDegrees>37.3472235</LatitudeDegrees>
              <LongitudeDegrees>-121.8749325</LongitudeDegrees>
            </Position>
            <AltitudeMeters>23.1</AltitudeMeters>
            <DistanceMeters>1417.91</DistanceMeters>
            <HeartRateBpm><Value>134</Value></HeartRateBpm>
            <Cadence>164</Cadence>
          </Trackpoint>
          <Trackpoint>
            <Time>2026-03-07T13:39:35.000Z</Time>
            <Position>
              <LatitudeDegrees>37.3473027</LatitudeDegrees>
              <LongitudeDegrees>-121.8748328</LongitudeDegrees>
            </Position>
            <AltitudeMeters>23</AltitudeMeters>
            <DistanceMeters>1430.35</DistanceMeters>
            <HeartRateBpm><Value>134</Value></HeartRateBpm>
            <Cadence>164</Cadence>
          </Trackpoint>
          <Trackpoint>
            <Time>2026-03-07T13:39:40.000Z</Time>
            <Position>
              <LatitudeDegrees>37.3473818</LatitudeDegrees>
              <LongitudeDegrees>-121.8747331</LongitudeDegrees>
            </Position>
            <AltitudeMeters>23</AltitudeMeters>
            <DistanceMeters>1442.79</DistanceMeters>
            <HeartRateBpm><Value>134</Value></HeartRateBpm>
            <Cadence>164</Cadence>
          </Trackpoint>
          <Trackpoint>
            <Time>2026-03-07T13:39:45.000Z</Time>
            <Position>
              <LatitudeDegrees>37.3474610</LatitudeDegrees>
              <LongitudeDegrees>-121.8746333</LongitudeDegrees>
            </Position>
            <AltitudeMeters>23</AltitudeMeters>
            <DistanceMeters>1455.22</DistanceMeters>
            <HeartRateBpm><Value>134</Value></HeartRateBpm>
            <Cadence>164</Cadence>
          </Trackpoint>
          <Trackpoint>
            <Time>2026-03-07T13:39:50.000Z</Time>
            <Position>
              <LatitudeDegrees>37.3475402</LatitudeDegrees>
              <LongitudeDegrees>-121.8745336</LongitudeDegrees>
            </Position>
            <AltitudeMeters>23</AltitudeMeters>
            <DistanceMeters>1467.66</DistanceMeters>
            <HeartRateBpm><Value>134</Value></HeartRateBpm>
            <Cadence>164</Cadence>
          </Trackpoint>
          <Trackpoint>
            <Time>2026-03-07T13:39:55.000Z</Time>
            <Position>
              <LatitudeDegrees>37.3476193</LatitudeDegrees>
              <LongitudeDegrees>-121.8744339</LongitudeDegrees>
            </Position>
            <AltitudeMeters>23</AltitudeMeters>
            <DistanceMeters>1480.10</DistanceMeters>
            <HeartRateBpm><Value>134</Value></HeartRateBpm>
            <Cadence>164</Cadence>
          </Trackpoint>
          <Trackpoint>
            <Time>2026-03-07T13:40:00.000Z</Time>
            <Position>
              <LatitudeDegrees>37.3476985</LatitudeDegrees>
              <LongitudeDegrees>-121.8743342</LongitudeDegrees>
            </Position>
            <AltitudeMeters>23</AltitudeMeters>
            <DistanceMeters>1492.54</DistanceMeters>
            <HeartRateBpm><Value>134</Value></HeartRateBpm>
            <Cadence>164</Cadence>
          </Trackpoint>
          <Trackpoint>
            <Time>2026-03-07T13:40:05.000Z</Time>
            <Position>
              <LatitudeDegrees>37.3477776</LatitudeDegrees>
              <LongitudeDegrees>-121.8742345</LongitudeDegrees>
            </Position>
            <AltitudeMeters>23</AltitudeMeters>
            <DistanceMeters>1504.98</DistanceMeters>
            <HeartRateBpm><Value>134</Value></HeartRateBpm>
            <Cadence>164</Cadence>
          </Trackpoint>
          <Trackpoint>
            <Time>2026-03-07T13:40:10.000Z</Time>
            <Position>
              <LatitudeDegrees>37.3478568</LatitudeDegrees>
              <LongitudeDegrees>-121.8741348</LongitudeDegrees>
            </Position>
            <AltitudeMeters>23</AltitudeMeters>
            <DistanceMeters>1517.41</DistanceMeters>
            <HeartRateBpm><Value>134</Value></HeartRateBpm>
            <Cadence>164</Cadence>
          </Trackpoint>
          <Trackpoint>
            <Time>2026-03-07T13:40:15.000Z</Time>
            <Position>
              <LatitudeDegrees>37.3479359</LatitudeDegrees>
              <LongitudeDegrees>-121.8740351</LongitudeDegrees>
            </Position>
            <AltitudeMeters>23</AltitudeMeters>
            <DistanceMeters>1529.85</DistanceMeters>
            <HeartRateBpm><Value>134</Value></HeartRateBpm>
            <Cadence>164</Cadence>
          </Trackpoint>
          <Trackpoint>
            <Time>2026-03-07T13:40:20.000Z</Time>
            <Position>
              <LatitudeDegrees>37.3480151</LatitudeDegrees>
              <LongitudeDegrees>-121.8739353</LongitudeDegrees>
            </Position>
            <AltitudeMeters>23</AltitudeMeters>
            <DistanceMeters>1542.29</DistanceMeters>
            <HeartRateBpm><Value>134</Value></HeartRateBpm>
            <Cadence>164</Cadence>
          </Trackpoint>
          <Trackpoint>
            <Time>2026-03-07T13:40:25.000Z</Time>
            <Position>
              <LatitudeDegrees>37.3480942</LatitudeDegrees>
              <LongitudeDegrees>-121.8738356</LongitudeDegrees>
            </Position>
            <AltitudeMeters>23</AltitudeMeters>
            <DistanceMeters>1554.73</DistanceMeters>
            <HeartRateBpm><Value>134</Value></HeartRateBpm>
            <Cadence>164</Cadence>
          </Trackpoint>
          <Trackpoint>
            <Time>2026-03-07T13:40:30.000Z</Time>
            <Position>
              <LatitudeDegrees>37.3481734</LatitudeDegrees>
              <LongitudeDegrees>-121.8737359</LongitudeDegrees>
            </Position>
            <AltitudeMeters>23</AltitudeMeters>
            <DistanceMeters>1567.16</DistanceMeters>
            <HeartRateBpm><Value>134</Value></HeartRateBpm>
            <Cadence>164</Cadence>
          </Trackpoint>
          <Trackpoint>
            <Time>2026-03-07T13:40:35.000Z</Time>
            <Position>
              <LatitudeDegrees>37.3482525</LatitudeDegrees>
              <LongitudeDegrees>-121.8736362</LongitudeDegrees>
            </Position>
            <AltitudeMeters>23.1</AltitudeMeters>
            <DistanceMeters>1579.60</DistanceMeters>
            <HeartRateBpm><Value>134</Value></HeartRateBpm>
            <Cadence>164</Cadence>
          </Trackpoint>
          <Trackpoint>
            <Time>2026-03-07T13:40:40.000Z</Time>
            <Position>
              <LatitudeDegrees>37.3483317</LatitudeDegrees>
              <LongitudeDegrees>-121.8735365</LongitudeDegrees>
            </Position>
            <AltitudeMeters>23.1</AltitudeMeters>
            <DistanceMeters>1592.04</DistanceMeters>
            <HeartRateBpm><Value>134</Value></HeartRateBpm>
            <Cadence>164</Cadence>
          </Trackpoint>
          <Trackpoint>
            <Time>2026-03-07T13:40:45.000Z</Time>
            <Position>
              <LatitudeDegrees>37.3484108</LatitudeDegrees>
              <LongitudeDegrees>-121.8734368</LongitudeDegrees>
            </Position>
            <AltitudeMeters>23.1</AltitudeMeters>
            <DistanceMeters>1604.48</DistanceMeters>
            <HeartRateBpm><Value>134</Value></HeartRateBpm>
            <Cadence>164</Cadence>
          </Trackpoint>
          <Trackpoint>
            <Time>2026-03-07T13:40:50.000Z</Time>
            <Position>
              <LatitudeDegrees>37.3484900</LatitudeDegrees>
              <LongitudeDegrees>-121.8733371</LongitudeDegrees>
            </Position>
            <AltitudeMeters>23.1</AltitudeMeters>
            <DistanceMeters>1616.92</DistanceMeters>
            <HeartRateBpm><Value>134</Value></HeartRateBpm>
            <Cadence>164</Cadence>
          </Trackpoint>
          <Trackpoint>
            <Time>2026-03-07T13:40:55.000Z</Time>
            <Position>
              <LatitudeDegrees>37.3485692</LatitudeDegrees>
              <LongitudeDegrees>-121.8732373</LongitudeDegrees>
            </Position>
            <AltitudeMeters>23.2</AltitudeMeters>
            <DistanceMeters>1629.35</DistanceMeters>
            <HeartRateBpm><Value>134</Value></HeartRateBpm>
            <Cadence>164</Cadence>
          </Trackpoint>
          <Trackpoint>
            <Time>2026-03-07T13:41:00.000Z</Time>
            <Position>
              <LatitudeDegrees>37.3486483</LatitudeDegrees>
              <LongitudeDegrees>-121.8731376</LongitudeDegrees>
            </Position>
            <AltitudeMeters>23.2</AltitudeMeters>
            <DistanceMeters>1641.79</DistanceMeters>
            <HeartRateBpm><Value>134</Value></HeartRateBpm>
            <Cadence>164</Cadence>
          </Trackpoint>
          <Trackpoint>
            <Time>2026-03-07T13:41:05.000Z</Time>
            <Position>
              <LatitudeDegrees>37.3487275</LatitudeDegrees>
              <LongitudeDegrees>-121.8730379</LongitudeDegrees>
            </Position>
            <AltitudeMeters>23.2</AltitudeMeters>
            <DistanceMeters>1654.23</DistanceMeters>
            <HeartRateBpm><Value>134</Value></HeartRateBpm>
            <Cadence>164</Cadence>
          </Trackpoint>
          <Trackpoint>
            <Time>2026-03-07T13:41:10.000Z</Time>
            <Position>
              <LatitudeDegrees>37.3488066</LatitudeDegrees>
              <LongitudeDegrees>-121.8729382</LongitudeDegrees>
            </Position>
            <AltitudeMeters>23.3</AltitudeMeters>
            <DistanceMeters>1666.67</DistanceMeters>
            <HeartRateBpm><Value>134</Value></HeartRateBpm>
            <Cadence>164</Cadence>
          </Trackpoint>
          <Trackpoint>
            <Time>2026-03-07T13:41:15.000Z</Time>
            <Position>
              <LatitudeDegrees>37.3488858</LatitudeDegrees>
              <LongitudeDegrees>-121.8728385</LongitudeDegrees>
            </Position>
            <AltitudeMeters>23.3</AltitudeMeters>
            <DistanceMeters>1679.10</DistanceMeters>
            <HeartRateBpm><Value>134</Value></HeartRateBpm>
            <Cadence>164</Cadence>
          </Trackpoint>
          <Trackpoint>
            <Time>2026-03-07T13:41:20.000Z</Time>
            <Position>
              <LatitudeDegrees>37.3489649</LatitudeDegrees>
              <LongitudeDegrees>-121.8727388</LongitudeDegrees>
            </Position>
            <AltitudeMeters>23.4</AltitudeMeters>
            <DistanceMeters>1691.54</DistanceMeters>
            <HeartRateBpm><Value>134</Value></HeartRateBpm>
            <Cadence>164</Cadence>
          </Trackpoint>
          <Trackpoint>
            <Time>2026-03-07T13:41:25.000Z</Time>
            <Position>
              <LatitudeDegrees>37.3490441</LatitudeDegrees>
              <LongitudeDegrees>-121.8726390</LongitudeDegrees>
            </Position>
            <AltitudeMeters>23.4</AltitudeMeters>
            <DistanceMeters>1703.98</DistanceMeters>
            <HeartRateBpm><Value>134</Value></HeartRateBpm>
            <Cadence>164</Cadence>
          </Trackpoint>
          <Trackpoint>
            <Time>2026-03-07T13:41:30.000Z</Time>
            <Position>
              <LatitudeDegrees>37.3491232</LatitudeDegrees>
              <LongitudeDegrees>-121.8725393</LongitudeDegrees>
            </Position>
            <AltitudeMeters>23.4</AltitudeMeters>
            <DistanceMeters>1716.42</DistanceMeters>
            <HeartRateBpm><Value>134</Value></HeartRateBpm>
            <Cadence>164</Cadence>
          </Trackpoint>
          <Trackpoint>
            <Time>2026-03-07T13:41:35.000Z</Time>
            <Position>
              <LatitudeDegrees>37.3492024</LatitudeDegrees>
              <LongitudeDegrees>-121.8724396</LongitudeDegrees>
            </Position>
            <AltitudeMeters>23.5</AltitudeMeters>
            <DistanceMeters>1728.86</DistanceMeters>
            <HeartRateBpm><Value>134</Value></HeartRateBpm>
            <Cadence>164</Cadence>
          </Trackpoint>
          <Trackpoint>
            <Time>2026-03-07T13:41:40.000Z</Time>
            <Position>
              <LatitudeDegrees>37.3492815</LatitudeDegrees>
              <LongitudeDegrees>-121.8723399</LongitudeDegrees>
            </Position>
            <AltitudeMeters>23.5</AltitudeMeters>
            <DistanceMeters>1741.29</DistanceMeters>
            <HeartRateBpm><Value>134</Value></HeartRateBpm>
            <Cadence>164</Cadence>
          </Trackpoint>
          <Trackpoint>
            <Time>2026-03-07T13:41:45.000Z</Time>
            <Position>
              <LatitudeDegrees>37.3493607</LatitudeDegrees>
              <LongitudeDegrees>-121.8722402</LongitudeDegrees>
            </Position>
            <AltitudeMeters>23.6</AltitudeMeters>
            <DistanceMeters>1753.73</DistanceMeters>
            <HeartRateBpm><Value>134</Value></HeartRateBpm>
            <Cadence>164</Cadence>
          </Trackpoint>
          <Trackpoint>
            <Time>2026-03-07T13:41:50.000Z</Time>
            <Position>
              <LatitudeDegrees>37.3494398</LatitudeDegrees>
              <LongitudeDegrees>-121.8721405</LongitudeDegrees>
            </Position>
            <AltitudeMeters>23.7</AltitudeMeters>
            <DistanceMeters>1766.17</DistanceMeters>
            <HeartRateBpm><Value>134</Value></HeartRateBpm>
            <Cadence>164</Cadence>
          </Trackpoint>
          <Trackpoint>
            <Time>2026-03-07T13:41:55.000Z</Time>
            <Position>
              <LatitudeDegrees>37.3495190</LatitudeDegrees>
              <LongitudeDegrees>-121.8720408</LongitudeDegrees>
            </Position>
            <AltitudeMeters>23.7</AltitudeMeters>
            <DistanceMeters>1778.61</DistanceMeters>
            <HeartRateBpm><Value>134</Value></HeartRateBpm>
            <Cadence>164</Cadence>
          </Trackpoint>
          <Trackpoint>
            <Time>2026-03-07T13:42:00.000Z</Time>
            <Position>
              <LatitudeDegrees>37.3495982</LatitudeDegrees>
              <LongitudeDegrees>-121.8719410</LongitudeDegrees>
            </Position>
            <AltitudeMeters>23.8</AltitudeMeters>
            <DistanceMeters>1791.04</DistanceMeters>
            <HeartRateBpm><Value>134</Value></HeartRateBpm>
            <Cadence>164</Cadence>
          </Trackpoint>
          <Trackpoint>
            <Time>2026-03-07T13:42:05.000Z</Time>
            <Position>
              <LatitudeDegrees>37.3496773</LatitudeDegrees>
              <LongitudeDegrees>-121.8718413</LongitudeDegrees>
            </Position>
            <AltitudeMeters>23.8</AltitudeMeters>
            <DistanceMeters>1803.48</DistanceMeters>
            <HeartRateBpm><Value>134</Value></HeartRateBpm>
            <Cadence>164</Cadence>
          </Trackpoint>
          <Trackpoint>
            <Time>2026-03-07T13:42:10.000Z</Time>
            <Position>
              <LatitudeDegrees>37.3497565</LatitudeDegrees>
              <LongitudeDegrees>-121.8717416</LongitudeDegrees>
            </Position>
            <AltitudeMeters>23.9</AltitudeMeters>
            <DistanceMeters>1815.92</DistanceMeters>
            <HeartRateBpm><Value>134</Value></HeartRateBpm>
            <Cadence>164</Cadence>
          </Trackpoint>
          <Trackpoint>
            <Time>2026-03-07T13:42:15.000Z</Time>
            <Position>
              <LatitudeDegrees>37.3498356</LatitudeDegrees>
              <LongitudeDegrees>-121.8716419</LongitudeDegrees>
            </Position>
            <AltitudeMeters>24</AltitudeMeters>
            <DistanceMeters>1828.36</DistanceMeters>
            <HeartRateBpm><Value>134</Value></HeartRateBpm>
            <Cadence>164</Cadence>
          </Trackpoint>
          <Trackpoint>
            <Time>2026-03-07T13:42:20.000Z</Time>
            <Position>
              <LatitudeDegrees>37.3499148</LatitudeDegrees>
              <LongitudeDegrees>-121.8715422</LongitudeDegrees>
            </Position>
            <AltitudeMeters>24</AltitudeMeters>
            <DistanceMeters>1840.80</DistanceMeters>
            <HeartRateBpm><Value>134</Value></HeartRateBpm>
            <Cadence>164</Cadence>
          </Trackpoint>
          <Trackpoint>
            <Time>2026-03-07T13:42:25.000Z</Time>
            <Position>
              <LatitudeDegrees>37.3499939</LatitudeDegrees>
              <LongitudeDegrees>-121.8714425</LongitudeDegrees>
            </Position>
            <AltitudeMeters>24.1</AltitudeMeters>
            <DistanceMeters>1853.23</DistanceMeters>
            <HeartRateBpm><Value>134</Value></HeartRateBpm>
            <Cadence>164</Cadence>
          </Trackpoint>
          <Trackpoint>
            <Time>2026-03-07T13:42:30.000Z</Time>
            <Position>
              <LatitudeDegrees>37.3500731</LatitudeDegrees>
              <LongitudeDegrees>-121.8713428</LongitudeDegrees>
            </Position>
            <AltitudeMeters>24.2</AltitudeMeters>
            <DistanceMeters>1865.67</DistanceMeters>
            <HeartRateBpm><Value>134</Value></HeartRateBpm>
            <Cadence>164</Cadence>
          </Trackpoint>
          <Trackpoint>
            <Time>2026-03-07T13:42:35.000Z</Time>
            <Position>
              <LatitudeDegrees>37.3501522</LatitudeDegrees>
              <LongitudeDegrees>-121.8712430</LongitudeDegrees>
            </Position>
            <AltitudeMeters>24.3</AltitudeMeters>
            <DistanceMeters>1878.11</DistanceMeters>
            <HeartRateBpm><Value>134</Value></HeartRateBpm>
            <Cadence>164</Cadence>
          </Trackpoint>
          <Trackpoint>
            <Time>2026-03-07T13:42:40.000Z</Time>
            <Position>
              <LatitudeDegrees>37.3502314</LatitudeDegrees>
              <LongitudeDegrees>-121.8711433</LongitudeDegrees>
            </Position>
            <AltitudeMeters>24.3</AltitudeMeters>
            <DistanceMeters>1890.55</DistanceMeters>
            <HeartRateBpm><Value>134</Value></HeartRateBpm>
            <Cadence>164</Cadence>
          </Trackpoint>
          <Trackpoint>
            <Time>2026-03-07T13:42:45.000Z</Time>
            <Position>
              <LatitudeDegrees>37.3503105</LatitudeDegrees>
              <LongitudeDegrees>-121.8710436</LongitudeDegrees>
            </Position>
            <AltitudeMeters>24.4</AltitudeMeters>
            <DistanceMeters>1902.99</DistanceMeters>
            <HeartRateBpm><Value>134</Value></HeartRateBpm>
            <Cadence>164</Cadence>
          </Trackpoint>
          <Trackpoint>
            <Time>2026-03-07T13:42:50.000Z</Time>
            <Position>
              <LatitudeDegrees>37.3503897</LatitudeDegrees>
              <LongitudeDegrees>-121.8709439</LongitudeDegrees>
            </Position>
            <AltitudeMeters>24.5</AltitudeMeters>
            <DistanceMeters>1915.42</DistanceMeters>
            <HeartRateBpm><Value>134</Value></HeartRateBpm>
            <Cadence>164</Cadence>
          </Trackpoint>
          <Trackpoint>
            <Time>2026-03-07T13:42:55.000Z</Time>
            <Position>
              <LatitudeDegrees>37.3504688</LatitudeDegrees>
              <LongitudeDegrees>-121.8708442</LongitudeDegrees>
            </Position>
            <AltitudeMeters>24.6</AltitudeMeters>
            <DistanceMeters>1927.86</DistanceMeters>
            <HeartRateBpm><Value>134</Value></HeartRateBpm>
            <Cadence>164</Cadence>
          </Trackpoint>
          <Trackpoint>
            <Time>2026-03-07T13:43:00.000Z</Time>
            <Position>
              <LatitudeDegrees>37.3505480</LatitudeDegrees>
              <LongitudeDegrees>-121.8707445</LongitudeDegrees>
            </Position>
            <AltitudeMeters>24.6</AltitudeMeters>
            <DistanceMeters>1940.30</DistanceMeters>
            <HeartRateBpm><Value>134</Value></HeartRateBpm>
            <Cadence>164</Cadence>
          </Trackpoint>
          <Trackpoint>
            <Time>2026-03-07T13:43:05.000Z</Time>
            <Position>
              <LatitudeDegrees>37.3506272</LatitudeDegrees>
              <LongitudeDegrees>-121.8706447</LongitudeDegrees>
            </Position>
            <AltitudeMeters>24.7</AltitudeMeters>
            <DistanceMeters>1952.74</DistanceMeters>
            <HeartRateBpm><Value>134</Value></HeartRateBpm>
            <Cadence>164</Cadence>
          </Trackpoint>
          <Trackpoint>
            <Time>2026-03-07T13:43:10.000Z</Time>
            <Position>
              <LatitudeDegrees>37.3507063</LatitudeDegrees>
              <LongitudeDegrees>-121.8705450</LongitudeDegrees>
            </Position>
            <AltitudeMeters>24.8</AltitudeMeters>
            <DistanceMeters>1965.17</DistanceMeters>
            <HeartRateBpm><Value>134</Value></HeartRateBpm>
            <Cadence>164</Cadence>
          </Trackpoint>
          <Trackpoint>
            <Time>2026-03-07T13:43:15.000Z</Time>
            <Position>
              <LatitudeDegrees>37.3507855</LatitudeDegrees>
              <LongitudeDegrees>-121.8704453</LongitudeDegrees>
            </Position>
            <AltitudeMeters>24.9</AltitudeMeters>
            <DistanceMeters>1977.61</DistanceMeters>
            <HeartRateBpm><Value>134</Value></HeartRateBpm>
            <Cadence>164</Cadence>
          </Trackpoint>
          <Trackpoint>
            <Time>2026-03-07T13:43:20.000Z</Time>
            <Position>
              <LatitudeDegrees>37.3508646</LatitudeDegrees>
              <LongitudeDegrees>-121.8703456</LongitudeDegrees>
            </Position>
            <AltitudeMeters>24.9</AltitudeMeters>
            <DistanceMeters>1990.05</DistanceMeters>
            <HeartRateBpm><Value>134</Value></HeartRateBpm>
            <Cadence>164</Cadence>
          </Trackpoint>
          <Trackpoint>
            <Time>2026-03-07T13:43:25.000Z</Time>
            <Position>
              <LatitudeDegrees>37.3509438</LatitudeDegrees>
              <LongitudeDegrees>-121.8702459</LongitudeDegrees>
            </Position>
            <AltitudeMeters>25</AltitudeMeters>
            <DistanceMeters>2002.49</DistanceMeters>
            <HeartRateBpm><Value>134</Value></HeartRateBpm>
            <Cadence>164</Cadence>
          </Trackpoint>
          <Trackpoint>
            <Time>2026-03-07T13:43:30.000Z</Time>
            <Position>
              <LatitudeDegrees>37.3510229</LatitudeDegrees>
              <LongitudeDegrees>-121.8701462</LongitudeDegrees>
            </Position>
            <AltitudeMeters>25.1</AltitudeMeters>
            <DistanceMeters>2014.93</DistanceMeters>
            <HeartRateBpm><Value>134</Value></HeartRateBpm>
            <Cadence>164</Cadence>
          </Trackpoint>
          <Trackpoint>
            <Time>2026-03-07T13:43:35.000Z</Time>
            <Position>
              <LatitudeDegrees>37.3511021</LatitudeDegrees>
              <LongitudeDegrees>-121.8700465</LongitudeDegrees>
            </Position>
            <AltitudeMeters>25.2</AltitudeMeters>
            <DistanceMeters>2027.36</DistanceMeters>
            <HeartRateBpm><Value>134</Value></HeartRateBpm>
            <Cadence>164</Cadence>
          </Trackpoint>
          <Trackpoint>
            <Time>2026-03-07T13:43:40.000Z</Time>
            <Position>
              <LatitudeDegrees>37.3511812</LatitudeDegrees>
              <LongitudeDegrees>-121.8699467</LongitudeDegrees>
            </Position>
            <AltitudeMeters>25.2</AltitudeMeters>
            <DistanceMeters>2039.80</DistanceMeters>
            <HeartRateBpm><Value>134</Value></HeartRateBpm>
            <Cadence>164</Cadence>
          </Trackpoint>
          <Trackpoint>
            <Time>2026-03-07T13:43:45.000Z</Time>
            <Position>
              <LatitudeDegrees>37.3512604</LatitudeDegrees>
              <LongitudeDegrees>-121.8698470</LongitudeDegrees>
            </Position>
            <AltitudeMeters>25.3</AltitudeMeters>
            <DistanceMeters>2052.24</DistanceMeters>
            <HeartRateBpm><Value>134</Value></HeartRateBpm>
            <Cadence>164</Cadence>
          </Trackpoint>
          <Trackpoint>
            <Time>2026-03-07T13:43:50.000Z</Time>
            <Position>
              <LatitudeDegrees>37.3513395</LatitudeDegrees>
              <LongitudeDegrees>-121.8697473</LongitudeDegrees>
            </Position>
            <AltitudeMeters>25.4</AltitudeMeters>
            <DistanceMeters>2064.68</DistanceMeters>
            <HeartRateBpm><Value>134</Value></HeartRateBpm>
            <Cadence>164</Cadence>
          </Trackpoint>
          <Trackpoint>
            <Time>2026-03-07T13:43:55.000Z</Time>
            <Position>
              <LatitudeDegrees>37.3514187</LatitudeDegrees>
              <LongitudeDegrees>-121.8696476</LongitudeDegrees>
            </Position>
            <AltitudeMeters>25.5</AltitudeMeters>
            <DistanceMeters>2077.11</DistanceMeters>
            <HeartRateBpm><Value>134</Value></HeartRateBpm>
            <Cadence>164</Cadence>
          </Trackpoint>
          <Trackpoint>
            <Time>2026-03-07T13:44:00.000Z</Time>
            <Position>
              <LatitudeDegrees>37.3514978</LatitudeDegrees>
              <LongitudeDegrees>-121.8695479</LongitudeDegrees>
            </Position>
            <AltitudeMeters>25.6</AltitudeMeters>
            <DistanceMeters>2089.55</DistanceMeters>
            <HeartRateBpm><Value>134</Value></HeartRateBpm>
            <Cadence>164</Cadence>
          </Trackpoint>
          <Trackpoint>
            <Time>2026-03-07T13:44:05.000Z</Time>
            <Position>
              <LatitudeDegrees>37.3515770</LatitudeDegrees>
              <LongitudeDegrees>-121.8694482</LongitudeDegrees>
            </Position>
            <AltitudeMeters>25.6</AltitudeMeters>
            <DistanceMeters>2101.99</DistanceMeters>
            <HeartRateBpm><Value>134</Value></HeartRateBpm>
            <Cadence>164</Cadence>
          </Trackpoint>
          <Trackpoint>
            <Time>2026-03-07T13:44:10.000Z</Time>
            <Position>
              <LatitudeDegrees>37.3516561</LatitudeDegrees>
              <LongitudeDegrees>-121.8693485</LongitudeDegrees>
            </Position>
            <AltitudeMeters>25.7</AltitudeMeters>
            <DistanceMeters>2114.43</DistanceMeters>
            <HeartRateBpm><Value>134</Value></HeartRateBpm>
            <Cadence>164</Cadence>
          </Trackpoint>
          <Trackpoint>
            <Time>2026-03-07T13:44:15.000Z</Time>
            <Position>
              <LatitudeDegrees>37.3517353</LatitudeDegrees>
              <LongitudeDegrees>-121.8692487</LongitudeDegrees>
            </Position>
            <AltitudeMeters>25.8</AltitudeMeters>
            <DistanceMeters>2126.87</DistanceMeters>
            <HeartRateBpm><Value>134</Value></HeartRateBpm>
            <Cadence>164</Cadence>
          </Trackpoint>
          <Trackpoint>
            <Time>2026-03-07T13:44:20.000Z</Time>
            <Position>
              <LatitudeDegrees>37.3518145</LatitudeDegrees>
              <LongitudeDegrees>-121.8691490</LongitudeDegrees>
            </Position>
            <AltitudeMeters>25.8</AltitudeMeters>
            <DistanceMeters>2139.30</DistanceMeters>
            <HeartRateBpm><Value>134</Value></HeartRateBpm>
            <Cadence>164</Cadence>
          </Trackpoint>
          <Trackpoint>
            <Time>2026-03-07T13:44:25.000Z</Time>
            <Position>
              <LatitudeDegrees>37.3518936</LatitudeDegrees>
              <LongitudeDegrees>-121.8690493</LongitudeDegrees>
            </Position>
            <AltitudeMeters>25.9</AltitudeMeters>
            <DistanceMeters>2151.74</DistanceMeters>
            <HeartRateBpm><Value>134</Value></HeartRateBpm>
            <Cadence>164</Cadence>
          </Trackpoint>
          <Trackpoint>
            <Time>2026-03-07T13:44:30.000Z</Time>
            <Position>
              <LatitudeDegrees>37.3519728</LatitudeDegrees>
              <LongitudeDegrees>-121.8689496</LongitudeDegrees>
            </Position>
            <AltitudeMeters>26</AltitudeMeters>
            <DistanceMeters>2164.18</DistanceMeters>
            <HeartRateBpm><Value>134</Value></HeartRateBpm>
            <Cadence>164</Cadence>
          </Trackpoint>
          <Trackpoint>
            <Time>2026-03-07T13:44:35.000Z</Time>
            <Position>
              <LatitudeDegrees>37.3520519</LatitudeDegrees>
              <LongitudeDegrees>-121.8688499</LongitudeDegrees>
            </Position>
            <AltitudeMeters>26.1</AltitudeMeters>
            <DistanceMeters>2176.62</DistanceMeters>
            <HeartRateBpm><Value>134</Value></HeartRateBpm>
            <Cadence>164</Cadence>
          </Trackpoint>
          <Trackpoint>
            <Time>2026-03-07T13:44:40.000Z</Time>
            <Position>
              <LatitudeDegrees>37.3521311</LatitudeDegrees>
              <LongitudeDegrees>-121.8687502</LongitudeDegrees>
            </Position>
            <AltitudeMeters>26.1</AltitudeMeters>
            <DistanceMeters>2189.05</DistanceMeters>
            <HeartRateBpm><Value>134</Value></HeartRateBpm>
            <Cadence>164</Cadence>
          </Trackpoint>
          <Trackpoint>
            <Time>2026-03-07T13:44:45.000Z</Time>
            <Position>
              <LatitudeDegrees>37.3522102</LatitudeDegrees>
              <LongitudeDegrees>-121.8686505</LongitudeDegrees>
            </Position>
            <AltitudeMeters>26.2</AltitudeMeters>
            <DistanceMeters>2201.49</DistanceMeters>
            <HeartRateBpm><Value>134</Value></HeartRateBpm>
            <Cadence>164</Cadence>
          </Trackpoint>
          <Trackpoint>
            <Time>2026-03-07T13:44:50.000Z</Time>
            <Position>
              <LatitudeDegrees>37.3522894</LatitudeDegrees>
              <LongitudeDegrees>-121.8685507</LongitudeDegrees>
            </Position>
            <AltitudeMeters>26.2</AltitudeMeters>
            <DistanceMeters>2213.93</DistanceMeters>
            <HeartRateBpm><Value>134</Value></HeartRateBpm>
            <Cadence>164</Cadence>
          </Trackpoint>
          <Trackpoint>
            <Time>2026-03-07T13:44:55.000Z</Time>
            <Position>
              <LatitudeDegrees>37.3523685</LatitudeDegrees>
              <LongitudeDegrees>-121.8684510</LongitudeDegrees>
            </Position>
            <AltitudeMeters>26.3</AltitudeMeters>
            <DistanceMeters>2226.37</DistanceMeters>
            <HeartRateBpm><Value>134</Value></HeartRateBpm>
            <Cadence>164</Cadence>
          </Trackpoint>
          <Trackpoint>
            <Time>2026-03-07T13:45:00.000Z</Time>
            <Position>
              <LatitudeDegrees>37.3524477</LatitudeDegrees>
              <LongitudeDegrees>-121.8683513</LongitudeDegrees>
            </Position>
            <AltitudeMeters>26.4</AltitudeMeters>
            <DistanceMeters>2238.81</DistanceMeters>
            <HeartRateBpm><Value>134</Value></HeartRateBpm>
            <Cadence>164</Cadence>
          </Trackpoint>
          <Trackpoint>
            <Time>2026-03-07T13:45:05.000Z</Time>
            <Position>
              <LatitudeDegrees>37.3525268</LatitudeDegrees>
              <LongitudeDegrees>-121.8682516</LongitudeDegrees>
            </Position>
            <AltitudeMeters>26.4</AltitudeMeters>
            <DistanceMeters>2251.24</DistanceMeters>
            <HeartRateBpm><Value>134</Value></HeartRateBpm>
            <Cadence>164</Cadence>
          </Trackpoint>
          <Trackpoint>
            <Time>2026-03-07T13:45:10.000Z</Time>
            <Position>
              <LatitudeDegrees>37.3526060</LatitudeDegrees>
              <LongitudeDegrees>-121.8681519</LongitudeDegrees>
            </Position>
            <AltitudeMeters>26.5</AltitudeMeters>
            <DistanceMeters>2263.68</DistanceMeters>
            <HeartRateBpm><Value>134</Value></HeartRateBpm>
            <Cadence>164</Cadence>
          </Trackpoint>
          <Trackpoint>
            <Time>2026-03-07T13:45:15.000Z</Time>
            <Position>
              <LatitudeDegrees>37.3526851</LatitudeDegrees>
              <LongitudeDegrees>-121.8680522</LongitudeDegrees>
            </Position>
            <AltitudeMeters>26.5</AltitudeMeters>
            <DistanceMeters>2276.12</DistanceMeters>
            <HeartRateBpm><Value>134</Value></HeartRateBpm>
            <Cadence>164</Cadence>
          </Trackpoint>
          <Trackpoint>
            <Time>2026-03-07T13:45:20.000Z</Time>
            <Position>
              <LatitudeDegrees>37.3527643</LatitudeDegrees>
              <LongitudeDegrees>-121.8679524</LongitudeDegrees>
            </Position>
            <AltitudeMeters>26.6</AltitudeMeters>
            <DistanceMeters>2288.56</DistanceMeters>
            <HeartRateBpm><Value>134</Value></HeartRateBpm>
            <Cadence>164</Cadence>
          </Trackpoint>
          <Trackpoint>
            <Time>2026-03-07T13:45:25.000Z</Time>
            <Position>
              <LatitudeDegrees>37.3528435</LatitudeDegrees>
              <LongitudeDegrees>-121.8678527</LongitudeDegrees>
            </Position>
            <AltitudeMeters>26.6</AltitudeMeters>
            <DistanceMeters>2301.00</DistanceMeters>
            <HeartRateBpm><Value>134</Value></HeartRateBpm>
            <Cadence>164</Cadence>
          </Trackpoint>
          <Trackpoint>
            <Time>2026-03-07T13:45:30.000Z</Time>
            <Position>
              <LatitudeDegrees>37.3529226</LatitudeDegrees>
              <LongitudeDegrees>-121.8677530</LongitudeDegrees>
            </Position>
            <AltitudeMeters>26.7</AltitudeMeters>
            <DistanceMeters>2313.43</DistanceMeters>
            <HeartRateBpm><Value>134</Value></HeartRateBpm>
            <Cadence>164</Cadence>
          </Trackpoint>
          <Trackpoint>
            <Time>2026-03-07T13:45:35.000Z</Time>
            <Position>
              <LatitudeDegrees>37.3530018</LatitudeDegrees>
              <LongitudeDegrees>-121.8676533</LongitudeDegrees>
            </Position>
            <AltitudeMeters>26.7</AltitudeMeters>
            <DistanceMeters>2325.87</DistanceMeters>
            <HeartRateBpm><Value>134</Value></HeartRateBpm>
            <Cadence>164</Cadence>
          </Trackpoint>
          <Trackpoint>
            <Time>2026-03-07T13:45:40.000Z</Time>
            <Position>
              <LatitudeDegrees>37.3530809</LatitudeDegrees>
              <LongitudeDegrees>-121.8675536</LongitudeDegrees>
            </Position>
            <AltitudeMeters>26.7</AltitudeMeters>
            <DistanceMeters>2338.31</DistanceMeters>
            <HeartRateBpm><Value>134</Value></HeartRateBpm>
            <Cadence>164</Cadence>
          </Trackpoint>
          <Trackpoint>
            <Time>2026-03-07T13:45:45.000Z</Time>
            <Position>
              <LatitudeDegrees>37.3531601</LatitudeDegrees>
              <LongitudeDegrees>-121.8674539</LongitudeDegrees>
            </Position>
            <AltitudeMeters>26.8</AltitudeMeters>
            <DistanceMeters>2350.75</DistanceMeters>
            <HeartRateBpm><Value>134</Value></HeartRateBpm>
            <Cadence>164</Cadence>
          </Trackpoint>
          <Trackpoint>
            <Time>2026-03-07T13:45:50.000Z</Time>
            <Position>
              <LatitudeDegrees>37.3532392</LatitudeDegrees>
              <LongitudeDegrees>-121.8673542</LongitudeDegrees>
            </Position>
            <AltitudeMeters>26.8</AltitudeMeters>
            <DistanceMeters>2363.18</DistanceMeters>
            <HeartRateBpm><Value>134</Value></HeartRateBpm>
            <Cadence>164</Cadence>
          </Trackpoint>
          <Trackpoint>
            <Time>2026-03-07T13:45:55.000Z</Time>
            <Position>
              <LatitudeDegrees>37.3533184</LatitudeDegrees>
              <LongitudeDegrees>-121.8672544</LongitudeDegrees>
            </Position>
            <AltitudeMeters>26.8</AltitudeMeters>
            <DistanceMeters>2375.62</DistanceMeters>
            <HeartRateBpm><Value>134</Value></HeartRateBpm>
            <Cadence>164</Cadence>
          </Trackpoint>
          <Trackpoint>
            <Time>2026-03-07T13:46:00.000Z</Time>
            <Position>
              <LatitudeDegrees>37.3533975</LatitudeDegrees>
              <LongitudeDegrees>-121.8671547</LongitudeDegrees>
            </Position>
            <AltitudeMeters>26.9</AltitudeMeters>
            <DistanceMeters>2388.06</DistanceMeters>
            <HeartRateBpm><Value>134</Value></HeartRateBpm>
            <Cadence>164</Cadence>
          </Trackpoint>
          <Trackpoint>
            <Time>2026-03-07T13:46:05.000Z</Time>
            <Position>
              <LatitudeDegrees>37.3534767</LatitudeDegrees>
              <LongitudeDegrees>-121.8670550</LongitudeDegrees>
            </Position>
            <AltitudeMeters>26.9</AltitudeMeters>
            <DistanceMeters>2400.50</DistanceMeters>
            <HeartRateBpm><Value>134</Value></HeartRateBpm>
            <Cadence>164</Cadence>
          </Trackpoint>
          <Trackpoint>
            <Time>2026-03-07T13:46:10.000Z</Time>
            <Position>
              <LatitudeDegrees>37.3535558</LatitudeDegrees>
              <LongitudeDegrees>-121.8669553</LongitudeDegrees>
            </Position>
            <AltitudeMeters>26.9</AltitudeMeters>
            <DistanceMeters>2412.94</DistanceMeters>
            <HeartRateBpm><Value>134</Value></HeartRateBpm>
            <Cadence>164</Cadence>
          </Trackpoint>
          <Trackpoint>
            <Time>2026-03-07T13:46:15.000Z</Time>
            <Position>
              <LatitudeDegrees>37.3536350</LatitudeDegrees>
              <LongitudeDegrees>-121.8668556</LongitudeDegrees>
            </Position>
            <AltitudeMeters>26.9</AltitudeMeters>
            <DistanceMeters>2425.37</DistanceMeters>
            <HeartRateBpm><Value>134</Value></HeartRateBpm>
            <Cadence>164</Cadence>
          </Trackpoint>
          <Trackpoint>
            <Time>2026-03-07T13:46:20.000Z</Time>
            <Position>
              <LatitudeDegrees>37.3537141</LatitudeDegrees>
              <LongitudeDegrees>-121.8667559</LongitudeDegrees>
            </Position>
            <AltitudeMeters>27</AltitudeMeters>
            <DistanceMeters>2437.81</DistanceMeters>
            <HeartRateBpm><Value>134</Value></HeartRateBpm>
            <Cadence>164</Cadence>
          </Trackpoint>
          <Trackpoint>
            <Time>2026-03-07T13:46:25.000Z</Time>
            <Position>
              <LatitudeDegrees>37.3537933</LatitudeDegrees>
              <LongitudeDegrees>-121.8666562</LongitudeDegrees>
            </Position>
            <AltitudeMeters>27</AltitudeMeters>
            <DistanceMeters>2450.25</DistanceMeters>
            <HeartRateBpm><Value>134</Value></HeartRateBpm>
            <Cadence>164</Cadence>
          </Trackpoint>
          <Trackpoint>
            <Time>2026-03-07T13:46:30.000Z</Time>
            <Position>
              <LatitudeDegrees>37.3538725</LatitudeDegrees>
              <LongitudeDegrees>-121.8665564</LongitudeDegrees>
            </Position>
            <AltitudeMeters>27</AltitudeMeters>
            <DistanceMeters>2462.69</DistanceMeters>
            <HeartRateBpm><Value>134</Value></HeartRateBpm>
            <Cadence>164</Cadence>
          </Trackpoint>
          <Trackpoint>
            <Time>2026-03-07T13:46:35.000Z</Time>
            <Position>
              <LatitudeDegrees>37.3539516</LatitudeDegrees>
              <LongitudeDegrees>-121.8664567</LongitudeDegrees>
            </Position>
            <AltitudeMeters>27</AltitudeMeters>
            <DistanceMeters>2475.12</DistanceMeters>
            <HeartRateBpm><Value>134</Value></HeartRateBpm>
            <Cadence>164</Cadence>
          </Trackpoint>
          <Trackpoint>
            <Time>2026-03-07T13:46:40.000Z</Time>
            <Position>
              <LatitudeDegrees>37.3540308</LatitudeDegrees>
              <LongitudeDegrees>-121.8663570</LongitudeDegrees>
            </Position>
            <AltitudeMeters>27</AltitudeMeters>
            <DistanceMeters>2487.56</DistanceMeters>
            <HeartRateBpm><Value>134</Value></HeartRateBpm>
            <Cadence>164</Cadence>
          </Trackpoint>
          <Trackpoint>
            <Time>2026-03-07T13:46:45.000Z</Time>
            <Position>
              <LatitudeDegrees>37.3541099</LatitudeDegrees>
              <LongitudeDegrees>-121.8662573</LongitudeDegrees>
            </Position>
            <AltitudeMeters>27</AltitudeMeters>
            <DistanceMeters>2500.00</DistanceMeters>
            <HeartRateBpm><Value>134</Value></HeartRateBpm>
            <Cadence>164</Cadence>
          </Trackpoint>
          <Trackpoint>
            <Time>2026-03-07T13:46:50.000Z</Time>
            <Position>
              <LatitudeDegrees>37.3541891</LatitudeDegrees>
              <LongitudeDegrees>-121.8661576</LongitudeDegrees>
            </Position>
            <AltitudeMeters>27</AltitudeMeters>
            <DistanceMeters>2512.44</DistanceMeters>
            <HeartRateBpm><Value>134</Value></HeartRateBpm>
            <Cadence>164</Cadence>
          </Trackpoint>
          <Trackpoint>
            <Time>2026-03-07T13:46:55.000Z</Time>
            <Position>
              <LatitudeDegrees>37.3542682</LatitudeDegrees>
              <LongitudeDegrees>-121.8660579</LongitudeDegrees>
            </Position>
            <AltitudeMeters>27</AltitudeMeters>
            <DistanceMeters>2524.88</DistanceMeters>
            <HeartRateBpm><Value>134</Value></HeartRateBpm>
            <Cadence>164</Cadence>
          </Trackpoint>
          <Trackpoint>
            <Time>2026-03-07T13:47:00.000Z</Time>
            <Position>
              <LatitudeDegrees>37.3543474</LatitudeDegrees>
              <LongitudeDegrees>-121.8659581</LongitudeDegrees>
            </Position>
            <AltitudeMeters>27</AltitudeMeters>
            <DistanceMeters>2537.31</DistanceMeters>
            <HeartRateBpm><Value>134</Value></HeartRateBpm>
            <Cadence>164</Cadence>
          </Trackpoint>
          <Trackpoint>
            <Time>2026-03-07T13:47:05.000Z</Time>
            <Position>
              <LatitudeDegrees>37.3544265</LatitudeDegrees>
              <LongitudeDegrees>-121.8658584</LongitudeDegrees>
            </Position>
            <AltitudeMeters>27</AltitudeMeters>
            <DistanceMeters>2549.75</DistanceMeters>
            <HeartRateBpm><Value>134</Value></HeartRateBpm>
            <Cadence>164</Cadence>
          </Trackpoint>
          <Trackpoint>
            <Time>2026-03-07T13:47:10.000Z</Time>
            <Position>
              <LatitudeDegrees>37.3545057</LatitudeDegrees>
              <LongitudeDegrees>-121.8657587</LongitudeDegrees>
            </Position>
            <AltitudeMeters>27</AltitudeMeters>
            <DistanceMeters>2562.19</DistanceMeters>
            <HeartRateBpm><Value>134</Value></HeartRateBpm>
            <Cadence>164</Cadence>
          </Trackpoint>
          <Trackpoint>
            <Time>2026-03-07T13:47:15.000Z</Time>
            <Position>
              <LatitudeDegrees>37.3545848</LatitudeDegrees>
              <LongitudeDegrees>-121.8656590</LongitudeDegrees>
            </Position>
            <AltitudeMeters>26.9</AltitudeMeters>
            <DistanceMeters>2574.63</DistanceMeters>
            <HeartRateBpm><Value>134</Value></HeartRateBpm>
            <Cadence>164</Cadence>
          </Trackpoint>
          <Trackpoint>
            <Time>2026-03-07T13:47:20.000Z</Time>
            <Position>
              <LatitudeDegrees>37.3546640</LatitudeDegrees>
              <LongitudeDegrees>-121.8655593</LongitudeDegrees>
            </Position>
            <AltitudeMeters>26.9</AltitudeMeters>
            <DistanceMeters>2587.06</DistanceMeters>
            <HeartRateBpm><Value>134</Value></HeartRateBpm>
            <Cadence>164</Cadence>
          </Trackpoint>
          <Trackpoint>
            <Time>2026-03-07T13:47:25.000Z</Time>
            <Position>
              <LatitudeDegrees>37.3547431</LatitudeDegrees>
              <LongitudeDegrees>-121.8654596</LongitudeDegrees>
            </Position>
            <AltitudeMeters>26.9</AltitudeMeters>
            <DistanceMeters>2599.50</DistanceMeters>
            <HeartRateBpm><Value>134</Value></HeartRateBpm>
            <Cadence>164</Cadence>
          </Trackpoint>
          <Trackpoint>
            <Time>2026-03-07T13:47:30.000Z</Time>
            <Position>
              <LatitudeDegrees>37.3548223</LatitudeDegrees>
              <LongitudeDegrees>-121.8653599</LongitudeDegrees>
            </Position>
            <AltitudeMeters>26.9</AltitudeMeters>
            <DistanceMeters>2611.94</DistanceMeters>
            <HeartRateBpm><Value>134</Value></HeartRateBpm>
            <Cadence>164</Cadence>
          </Trackpoint>
          <Trackpoint>
            <Time>2026-03-07T13:47:35.000Z</Time>
            <Position>
              <LatitudeDegrees>37.3549015</LatitudeDegrees>
              <LongitudeDegrees>-121.8652601</LongitudeDegrees>
            </Position>
            <AltitudeMeters>26.8</AltitudeMeters>
            <DistanceMeters>2624.38</DistanceMeters>
            <HeartRateBpm><Value>134</Value></HeartRateBpm>
            <Cadence>164</Cadence>
          </Trackpoint>
          <Trackpoint>
            <Time>2026-03-07T13:47:40.000Z</Time>
            <Position>
              <LatitudeDegrees>37.3549806</LatitudeDegrees>
              <LongitudeDegrees>-121.8651604</LongitudeDegrees>
            </Position>
            <AltitudeMeters>26.8</AltitudeMeters>
            <DistanceMeters>2636.82</DistanceMeters>
            <HeartRateBpm><Value>134</Value></HeartRateBpm>
            <Cadence>164</Cadence>
          </Trackpoint>
          <Trackpoint>
            <Time>2026-03-07T13:47:45.000Z</Time>
            <Position>
              <LatitudeDegrees>37.3550598</LatitudeDegrees>
              <LongitudeDegrees>-121.8650607</LongitudeDegrees>
            </Position>
            <AltitudeMeters>26.8</AltitudeMeters>
            <DistanceMeters>2649.25</DistanceMeters>
            <HeartRateBpm><Value>134</Value></HeartRateBpm>
            <Cadence>164</Cadence>
          </Trackpoint>
          <Trackpoint>
            <Time>2026-03-07T13:47:50.000Z</Time>
            <Position>
              <LatitudeDegrees>37.3551389</LatitudeDegrees>
              <LongitudeDegrees>-121.8649610</LongitudeDegrees>
            </Position>
            <AltitudeMeters>26.7</AltitudeMeters>
            <DistanceMeters>2661.69</DistanceMeters>
            <HeartRateBpm><Value>134</Value></HeartRateBpm>
            <Cadence>164</Cadence>
          </Trackpoint>
          <Trackpoint>
            <Time>2026-03-07T13:47:55.000Z</Time>
            <Position>
              <LatitudeDegrees>37.3552181</LatitudeDegrees>
              <LongitudeDegrees>-121.8648613</LongitudeDegrees>
            </Position>
            <AltitudeMeters>26.7</AltitudeMeters>
            <DistanceMeters>2674.13</DistanceMeters>
            <HeartRateBpm><Value>134</Value></HeartRateBpm>
            <Cadence>164</Cadence>
          </Trackpoint>
          <Trackpoint>
            <Time>2026-03-07T13:48:00.000Z</Time>
            <Position>
              <LatitudeDegrees>37.3552972</LatitudeDegrees>
              <LongitudeDegrees>-121.8647616</LongitudeDegrees>
            </Position>
            <AltitudeMeters>26.7</AltitudeMeters>
            <DistanceMeters>2686.57</DistanceMeters>
            <HeartRateBpm><Value>134</Value></HeartRateBpm>
            <Cadence>164</Cadence>
          </Trackpoint>
          <Trackpoint>
            <Time>2026-03-07T13:48:05.000Z</Time>
            <Position>
              <LatitudeDegrees>37.3553764</LatitudeDegrees>
              <LongitudeDegrees>-121.8646619</LongitudeDegrees>
            </Position>
            <AltitudeMeters>26.6</AltitudeMeters>
            <DistanceMeters>2699.00</DistanceMeters>
            <HeartRateBpm><Value>134</Value></HeartRateBpm>
            <Cadence>164</Cadence>
          </Trackpoint>
          <Trackpoint>
            <Time>2026-03-07T13:48:10.000Z</Time>
            <Position>
              <LatitudeDegrees>37.3554555</LatitudeDegrees>
              <LongitudeDegrees>-121.8645621</LongitudeDegrees>
            </Position>
            <AltitudeMeters>26.6</AltitudeMeters>
            <DistanceMeters>2711.44</DistanceMeters>
            <HeartRateBpm><Value>134</Value></HeartRateBpm>
            <Cadence>164</Cadence>
          </Trackpoint>
          <Trackpoint>
            <Time>2026-03-07T13:48:15.000Z</Time>
            <Position>
              <LatitudeDegrees>37.3555347</LatitudeDegrees>
              <LongitudeDegrees>-121.8644624</LongitudeDegrees>
            </Position>
            <AltitudeMeters>26.5</AltitudeMeters>
            <DistanceMeters>2723.88</DistanceMeters>
            <HeartRateBpm><Value>134</Value></HeartRateBpm>
            <Cadence>164</Cadence>
          </Trackpoint>
          <Trackpoint>
            <Time>2026-03-07T13:48:20.000Z</Time>
            <Position>
              <LatitudeDegrees>37.3556138</LatitudeDegrees>
              <LongitudeDegrees>-121.8643627</LongitudeDegrees>
            </Position>
            <AltitudeMeters>26.5</AltitudeMeters>
            <DistanceMeters>2736.32</DistanceMeters>
            <HeartRateBpm><Value>134</Value></HeartRateBpm>
            <Cadence>164</Cadence>
          </Trackpoint>
          <Trackpoint>
            <Time>2026-03-07T13:48:25.000Z</Time>
            <Position>
              <LatitudeDegrees>37.3556930</LatitudeDegrees>
              <LongitudeDegrees>-121.8642630</LongitudeDegrees>
            </Position>
            <AltitudeMeters>26.4</AltitudeMeters>
            <DistanceMeters>2748.76</DistanceMeters>
            <HeartRateBpm><Value>134</Value></HeartRateBpm>
            <Cadence>164</Cadence>
          </Trackpoint>
          <Trackpoint>
            <Time>2026-03-07T13:48:30.000Z</Time>
            <Position>
              <LatitudeDegrees>37.3557721</LatitudeDegrees>
              <LongitudeDegrees>-121.8641633</LongitudeDegrees>
            </Position>
            <AltitudeMeters>26.4</AltitudeMeters>
            <DistanceMeters>2761.19</DistanceMeters>
            <HeartRateBpm><Value>134</Value></HeartRateBpm>
            <Cadence>164</Cadence>
          </Trackpoint>
          <Trackpoint>
            <Time>2026-03-07T13:48:35.000Z</Time>
            <Position>
              <LatitudeDegrees>37.3558513</LatitudeDegrees>
              <LongitudeDegrees>-121.8640636</LongitudeDegrees>
            </Position>
            <AltitudeMeters>26.3</AltitudeMeters>
            <DistanceMeters>2773.63</DistanceMeters>
            <HeartRateBpm><Value>134</Value></HeartRateBpm>
            <Cadence>164</Cadence>
          </Trackpoint>
          <Trackpoint>
            <Time>2026-03-07T13:48:40.000Z</Time>
            <Position>
              <LatitudeDegrees>37.3559305</LatitudeDegrees>
              <LongitudeDegrees>-121.8639638</LongitudeDegrees>
            </Position>
            <AltitudeMeters>26.2</AltitudeMeters>
            <DistanceMeters>2786.07</DistanceMeters>
            <HeartRateBpm><Value>134</Value></HeartRateBpm>
            <Cadence>164</Cadence>
          </Trackpoint>
          <Trackpoint>
            <Time>2026-03-07T13:48:45.000Z</Time>
            <Position>
              <LatitudeDegrees>37.3560096</LatitudeDegrees>
              <LongitudeDegrees>-121.8638641</LongitudeDegrees>
            </Position>
            <AltitudeMeters>26.2</AltitudeMeters>
            <DistanceMeters>2798.51</DistanceMeters>
            <HeartRateBpm><Value>134</Value></HeartRateBpm>
            <Cadence>164</Cadence>
          </Trackpoint>
          <Trackpoint>
            <Time>2026-03-07T13:48:50.000Z</Time>
            <Position>
              <LatitudeDegrees>37.3560888</LatitudeDegrees>
              <LongitudeDegrees>-121.8637644</LongitudeDegrees>
            </Position>
            <AltitudeMeters>26.1</AltitudeMeters>
            <DistanceMeters>2810.95</DistanceMeters>
            <HeartRateBpm><Value>134</Value></HeartRateBpm>
            <Cadence>164</Cadence>
          </Trackpoint>
          <Trackpoint>
            <Time>2026-03-07T13:48:55.000Z</Time>
            <Position>
              <LatitudeDegrees>37.3561679</LatitudeDegrees>
              <LongitudeDegrees>-121.8636647</LongitudeDegrees>
            </Position>
            <AltitudeMeters>26.1</AltitudeMeters>
            <DistanceMeters>2823.38</DistanceMeters>
            <HeartRateBpm><Value>134</Value></HeartRateBpm>
            <Cadence>164</Cadence>
          </Trackpoint>
          <Trackpoint>
            <Time>2026-03-07T13:49:00.000Z</Time>
            <Position>
              <LatitudeDegrees>37.3562471</LatitudeDegrees>
              <LongitudeDegrees>-121.8635650</LongitudeDegrees>
            </Position>
            <AltitudeMeters>26</AltitudeMeters>
            <DistanceMeters>2835.82</DistanceMeters>
            <HeartRateBpm><Value>134</Value></HeartRateBpm>
            <Cadence>164</Cadence>
          </Trackpoint>
          <Trackpoint>
            <Time>2026-03-07T13:49:05.000Z</Time>
            <Position>
              <LatitudeDegrees>37.3563262</LatitudeDegrees>
              <LongitudeDegrees>-121.8634653</LongitudeDegrees>
            </Position>
            <AltitudeMeters>25.9</AltitudeMeters>
            <DistanceMeters>2848.26</DistanceMeters>
            <HeartRateBpm><Value>134</Value></HeartRateBpm>
            <Cadence>164</Cadence>
          </Trackpoint>
          <Trackpoint>
            <Time>2026-03-07T13:49:10.000Z</Time>
            <Position>
              <LatitudeDegrees>37.3564054</LatitudeDegrees>
              <LongitudeDegrees>-121.8633656</LongitudeDegrees>
            </Position>
            <AltitudeMeters>25.8</AltitudeMeters>
            <DistanceMeters>2860.70</DistanceMeters>
            <HeartRateBpm><Value>134</Value></HeartRateBpm>
            <Cadence>164</Cadence>
          </Trackpoint>
          <Trackpoint>
            <Time>2026-03-07T13:49:15.000Z</Time>
            <Position>
              <LatitudeDegrees>37.3564845</LatitudeDegrees>
              <LongitudeDegrees>-121.8632658</LongitudeDegrees>
            </Position>
            <AltitudeMeters>25.8</AltitudeMeters>
            <DistanceMeters>2873.13</DistanceMeters>
            <HeartRateBpm><Value>134</Value></HeartRateBpm>
            <Cadence>164</Cadence>
          </Trackpoint>
          <Trackpoint>
            <Time>2026-03-07T13:49:20.000Z</Time>
            <Position>
              <LatitudeDegrees>37.3565637</LatitudeDegrees>
              <LongitudeDegrees>-121.8631661</LongitudeDegrees>
            </Position>
            <AltitudeMeters>25.7</AltitudeMeters>
            <DistanceMeters>2885.57</DistanceMeters>
            <HeartRateBpm><Value>134</Value></HeartRateBpm>
            <Cadence>164</Cadence>
          </Trackpoint>
          <Trackpoint>
            <Time>2026-03-07T13:49:25.000Z</Time>
            <Position>
              <LatitudeDegrees>37.3566428</LatitudeDegrees>
              <LongitudeDegrees>-121.8630664</LongitudeDegrees>
            </Position>
            <AltitudeMeters>25.6</AltitudeMeters>
            <DistanceMeters>2898.01</DistanceMeters>
            <HeartRateBpm><Value>134</Value></HeartRateBpm>
            <Cadence>164</Cadence>
          </Trackpoint>
          <Trackpoint>
            <Time>2026-03-07T13:49:30.000Z</Time>
            <Position>
              <LatitudeDegrees>37.3567220</LatitudeDegrees>
              <LongitudeDegrees>-121.8629667</LongitudeDegrees>
            </Position>
            <AltitudeMeters>25.6</AltitudeMeters>
            <DistanceMeters>2910.45</DistanceMeters>
            <HeartRateBpm><Value>134</Value></HeartRateBpm>
            <Cadence>164</Cadence>
          </Trackpoint>
          <Trackpoint>
            <Time>2026-03-07T13:49:35.000Z</Time>
            <Position>
              <LatitudeDegrees>37.3568011</LatitudeDegrees>
              <LongitudeDegrees>-121.8628670</LongitudeDegrees>
            </Position>
            <AltitudeMeters>25.5</AltitudeMeters>
            <DistanceMeters>2922.89</DistanceMeters>
            <HeartRateBpm><Value>134</Value></HeartRateBpm>
            <Cadence>164</Cadence>
          </Trackpoint>
          <Trackpoint>
            <Time>2026-03-07T13:49:40.000Z</Time>
            <Position>
              <LatitudeDegrees>37.3568803</LatitudeDegrees>
              <LongitudeDegrees>-121.8627673</LongitudeDegrees>
            </Position>
            <AltitudeMeters>25.4</AltitudeMeters>
            <DistanceMeters>2935.32</DistanceMeters>
            <HeartRateBpm><Value>134</Value></HeartRateBpm>
            <Cadence>164</Cadence>
          </Trackpoint>
          <Trackpoint>
            <Time>2026-03-07T13:49:45.000Z</Time>
            <Position>
              <LatitudeDegrees>37.3569595</LatitudeDegrees>
              <LongitudeDegrees>-121.8626676</LongitudeDegrees>
            </Position>
            <AltitudeMeters>25.3</AltitudeMeters>
            <DistanceMeters>2947.76</DistanceMeters>
            <HeartRateBpm><Value>134</Value></HeartRateBpm>
            <Cadence>164</Cadence>
          </Trackpoint>
          <Trackpoint>
            <Time>2026-03-07T13:49:50.000Z</Time>
            <Position>
              <LatitudeDegrees>37.3570386</LatitudeDegrees>
              <LongitudeDegrees>-121.8625678</LongitudeDegrees>
            </Position>
            <AltitudeMeters>25.2</AltitudeMeters>
            <DistanceMeters>2960.20</DistanceMeters>
            <HeartRateBpm><Value>134</Value></HeartRateBpm>
            <Cadence>164</Cadence>
          </Trackpoint>
          <Trackpoint>
            <Time>2026-03-07T13:49:55.000Z</Time>
            <Position>
              <LatitudeDegrees>37.3571178</LatitudeDegrees>
              <LongitudeDegrees>-121.8624681</LongitudeDegrees>
            </Position>
            <AltitudeMeters>25.2</AltitudeMeters>
            <DistanceMeters>2972.64</DistanceMeters>
            <HeartRateBpm><Value>134</Value></HeartRateBpm>
            <Cadence>164</Cadence>
          </Trackpoint>
          <Trackpoint>
            <Time>2026-03-07T13:50:00.000Z</Time>
            <Position>
              <LatitudeDegrees>37.3571969</LatitudeDegrees>
              <LongitudeDegrees>-121.8623684</LongitudeDegrees>
            </Position>
            <AltitudeMeters>25.1</AltitudeMeters>
            <DistanceMeters>2985.07</DistanceMeters>
            <HeartRateBpm><Value>134</Value></HeartRateBpm>
            <Cadence>164</Cadence>
          </Trackpoint>
          <Trackpoint>
            <Time>2026-03-07T13:50:05.000Z</Time>
            <Position>
              <LatitudeDegrees>37.3572761</LatitudeDegrees>
              <LongitudeDegrees>-121.8622687</LongitudeDegrees>
            </Position>
            <AltitudeMeters>25</AltitudeMeters>
            <DistanceMeters>2997.51</DistanceMeters>
            <HeartRateBpm><Value>134</Value></HeartRateBpm>
            <Cadence>164</Cadence>
          </Trackpoint>
          <Trackpoint>
            <Time>2026-03-07T13:50:10.000Z</Time>
            <Position>
              <LatitudeDegrees>37.3573552</LatitudeDegrees>
              <LongitudeDegrees>-121.8621690</LongitudeDegrees>
            </Position>
            <AltitudeMeters>24.9</AltitudeMeters>
            <DistanceMeters>3009.95</DistanceMeters>
            <HeartRateBpm><Value>134</Value></HeartRateBpm>
            <Cadence>164</Cadence>
          </Trackpoint>
          <Trackpoint>
            <Time>2026-03-07T13:50:15.000Z</Time>
            <Position>
              <LatitudeDegrees>37.3574344</LatitudeDegrees>
              <LongitudeDegrees>-121.8620693</LongitudeDegrees>
            </Position>
            <AltitudeMeters>24.9</AltitudeMeters>
            <DistanceMeters>3022.39</DistanceMeters>
            <HeartRateBpm><Value>134</Value></HeartRateBpm>
            <Cadence>164</Cadence>
          </Trackpoint>
          <Trackpoint>
            <Time>2026-03-07T13:50:20.000Z</Time>
            <Position>
              <LatitudeDegrees>37.3575135</LatitudeDegrees>
              <LongitudeDegrees>-121.8619695</LongitudeDegrees>
            </Position>
            <AltitudeMeters>24.8</AltitudeMeters>
            <DistanceMeters>3034.83</DistanceMeters>
            <HeartRateBpm><Value>134</Value></HeartRateBpm>
            <Cadence>164</Cadence>
          </Trackpoint>
          <Trackpoint>
            <Time>2026-03-07T13:50:25.000Z</Time>
            <Position>
              <LatitudeDegrees>37.3575927</LatitudeDegrees>
              <LongitudeDegrees>-121.8618698</LongitudeDegrees>
            </Position>
            <AltitudeMeters>24.7</AltitudeMeters>
            <DistanceMeters>3047.26</DistanceMeters>
            <HeartRateBpm><Value>134</Value></HeartRateBpm>
            <Cadence>164</Cadence>
          </Trackpoint>
          <Trackpoint>
            <Time>2026-03-07T13:50:30.000Z</Time>
            <Position>
              <LatitudeDegrees>37.3576718</LatitudeDegrees>
              <LongitudeDegrees>-121.8617701</LongitudeDegrees>
            </Position>
            <AltitudeMeters>24.6</AltitudeMeters>
            <DistanceMeters>3059.70</DistanceMeters>
            <HeartRateBpm><Value>134</Value></HeartRateBpm>
            <Cadence>164</Cadence>
          </Trackpoint>
          <Trackpoint>
            <Time>2026-03-07T13:50:35.000Z</Time>
            <Position>
              <LatitudeDegrees>37.3577510</LatitudeDegrees>
              <LongitudeDegrees>-121.8616704</LongitudeDegrees>
            </Position>
            <AltitudeMeters>24.6</AltitudeMeters>
            <DistanceMeters>3072.14</DistanceMeters>
            <HeartRateBpm><Value>134</Value></HeartRateBpm>
            <Cadence>164</Cadence>
          </Trackpoint>
          <Trackpoint>
            <Time>2026-03-07T13:50:40.000Z</Time>
            <Position>
              <LatitudeDegrees>37.3578301</LatitudeDegrees>
              <LongitudeDegrees>-121.8615707</LongitudeDegrees>
            </Position>
            <AltitudeMeters>24.5</AltitudeMeters>
            <DistanceMeters>3084.58</DistanceMeters>
            <HeartRateBpm><Value>134</Value></HeartRateBpm>
            <Cadence>164</Cadence>
          </Trackpoint>
          <Trackpoint>
            <Time>2026-03-07T13:50:45.000Z</Time>
            <Position>
              <LatitudeDegrees>37.3579093</LatitudeDegrees>
              <LongitudeDegrees>-121.8614710</LongitudeDegrees>
            </Position>
            <AltitudeMeters>24.4</AltitudeMeters>
            <DistanceMeters>3097.01</DistanceMeters>
            <HeartRateBpm><Value>134</Value></HeartRateBpm>
            <Cadence>164</Cadence>
          </Trackpoint>
          <Trackpoint>
            <Time>2026-03-07T13:50:50.000Z</Time>
            <Position>
              <LatitudeDegrees>37.3579885</LatitudeDegrees>
              <LongitudeDegrees>-121.8613713</LongitudeDegrees>
            </Position>
            <AltitudeMeters>24.3</AltitudeMeters>
            <DistanceMeters>3109.45</DistanceMeters>
            <HeartRateBpm><Value>134</Value></HeartRateBpm>
            <Cadence>164</Cadence>
          </Trackpoint>
          <Trackpoint>
            <Time>2026-03-07T13:50:55.000Z</Time>
            <Position>
              <LatitudeDegrees>37.3580676</LatitudeDegrees>
              <LongitudeDegrees>-121.8612715</LongitudeDegrees>
            </Position>
            <AltitudeMeters>24.3</AltitudeMeters>
            <DistanceMeters>3121.89</DistanceMeters>
            <HeartRateBpm><Value>134</Value></HeartRateBpm>
            <Cadence>164</Cadence>
          </Trackpoint>
          <Trackpoint>
            <Time>2026-03-07T13:51:00.000Z</Time>
            <Position>
              <LatitudeDegrees>37.3581468</LatitudeDegrees>
              <LongitudeDegrees>-121.8611718</LongitudeDegrees>
            </Position>
            <AltitudeMeters>24.2</AltitudeMeters>
            <DistanceMeters>3134.33</DistanceMeters>
            <HeartRateBpm><Value>134</Value></HeartRateBpm>
            <Cadence>164</Cadence>
          </Trackpoint>
          <Trackpoint>
            <Time>2026-03-07T13:51:05.000Z</Time>
            <Position>
              <LatitudeDegrees>37.3582259</LatitudeDegrees>
              <LongitudeDegrees>-121.8610721</LongitudeDegrees>
            </Position>
            <AltitudeMeters>24.1</AltitudeMeters>
            <DistanceMeters>3146.77</DistanceMeters>
            <HeartRateBpm><Value>134</Value></HeartRateBpm>
            <Cadence>164</Cadence>
          </Trackpoint>
          <Trackpoint>
            <Time>2026-03-07T13:51:10.000Z</Time>
            <Position>
              <LatitudeDegrees>37.3583051</LatitudeDegrees>
              <LongitudeDegrees>-121.8609724</LongitudeDegrees>
            </Position>
            <AltitudeMeters>24</AltitudeMeters>
            <DistanceMeters>3159.20</DistanceMeters>
            <HeartRateBpm><Value>134</Value></HeartRateBpm>
            <Cadence>164</Cadence>
          </Trackpoint>
          <Trackpoint>
            <Time>2026-03-07T13:51:15.000Z</Time>
            <Position>
              <LatitudeDegrees>37.3583842</LatitudeDegrees>
              <LongitudeDegrees>-121.8608727</LongitudeDegrees>
            </Position>
            <AltitudeMeters>24</AltitudeMeters>
            <DistanceMeters>3171.64</DistanceMeters>
            <HeartRateBpm><Value>134</Value></HeartRateBpm>
            <Cadence>164</Cadence>
          </Trackpoint>
          <Trackpoint>
            <Time>2026-03-07T13:51:20.000Z</Time>
            <Position>
              <LatitudeDegrees>37.3584634</LatitudeDegrees>
              <LongitudeDegrees>-121.8607730</LongitudeDegrees>
            </Position>
            <AltitudeMeters>23.9</AltitudeMeters>
            <DistanceMeters>3184.08</DistanceMeters>
            <HeartRateBpm><Value>134</Value></HeartRateBpm>
            <Cadence>164</Cadence>
          </Trackpoint>
          <Trackpoint>
            <Time>2026-03-07T13:51:25.000Z</Time>
            <Position>
              <LatitudeDegrees>37.3585425</LatitudeDegrees>
              <LongitudeDegrees>-121.8606733</LongitudeDegrees>
            </Position>
            <AltitudeMeters>23.8</AltitudeMeters>
            <DistanceMeters>3196.52</DistanceMeters>
            <HeartRateBpm><Value>134</Value></HeartRateBpm>
            <Cadence>164</Cadence>
          </Trackpoint>
          <Trackpoint>
            <Time>2026-03-07T13:51:30.000Z</Time>
            <Position>
              <LatitudeDegrees>37.3586217</LatitudeDegrees>
              <LongitudeDegrees>-121.8605735</LongitudeDegrees>
            </Position>
            <AltitudeMeters>23.8</AltitudeMeters>
            <DistanceMeters>3208.96</DistanceMeters>
            <HeartRateBpm><Value>134</Value></HeartRateBpm>
            <Cadence>164</Cadence>
          </Trackpoint>
          <Trackpoint>
            <Time>2026-03-07T13:51:35.000Z</Time>
            <Position>
              <LatitudeDegrees>37.3587008</LatitudeDegrees>
              <LongitudeDegrees>-121.8604738</LongitudeDegrees>
            </Position>
            <AltitudeMeters>23.7</AltitudeMeters>
            <DistanceMeters>3221.39</DistanceMeters>
            <HeartRateBpm><Value>134</Value></HeartRateBpm>
            <Cadence>164</Cadence>
          </Trackpoint>
          <Trackpoint>
            <Time>2026-03-07T13:51:40.000Z</Time>
            <Position>
              <LatitudeDegrees>37.3587800</LatitudeDegrees>
              <LongitudeDegrees>-121.8603741</LongitudeDegrees>
            </Position>
            <AltitudeMeters>23.7</AltitudeMeters>
            <DistanceMeters>3233.83</DistanceMeters>
            <HeartRateBpm><Value>134</Value></HeartRateBpm>
            <Cadence>164</Cadence>
          </Trackpoint>
          <Trackpoint>
            <Time>2026-03-07T13:51:45.000Z</Time>
            <Position>
              <LatitudeDegrees>37.3588591</LatitudeDegrees>
              <LongitudeDegrees>-121.8602744</LongitudeDegrees>
            </Position>
            <AltitudeMeters>23.6</AltitudeMeters>
            <DistanceMeters>3246.27</DistanceMeters>
            <HeartRateBpm><Value>134</Value></HeartRateBpm>
            <Cadence>164</Cadence>
          </Trackpoint>
          <Trackpoint>
            <Time>2026-03-07T13:51:50.000Z</Time>
            <Position>
              <LatitudeDegrees>37.3589383</LatitudeDegrees>
              <LongitudeDegrees>-121.8601747</LongitudeDegrees>
            </Position>
            <AltitudeMeters>23.5</AltitudeMeters>
            <DistanceMeters>3258.71</DistanceMeters>
            <HeartRateBpm><Value>134</Value></HeartRateBpm>
            <Cadence>164</Cadence>
          </Trackpoint>
          <Trackpoint>
            <Time>2026-03-07T13:51:55.000Z</Time>
            <Position>
              <LatitudeDegrees>37.3590175</LatitudeDegrees>
              <LongitudeDegrees>-121.8600750</LongitudeDegrees>
            </Position>
            <AltitudeMeters>23.5</AltitudeMeters>
            <DistanceMeters>3271.14</DistanceMeters>
            <HeartRateBpm><Value>134</Value></HeartRateBpm>
            <Cadence>164</Cadence>
          </Trackpoint>
          <Trackpoint>
            <Time>2026-03-07T13:52:00.000Z</Time>
            <Position>
              <LatitudeDegrees>37.3590966</LatitudeDegrees>
              <LongitudeDegrees>-121.8599752</LongitudeDegrees>
            </Position>
            <AltitudeMeters>23.4</AltitudeMeters>
            <DistanceMeters>3283.58</DistanceMeters>
            <HeartRateBpm><Value>134</Value></HeartRateBpm>
            <Cadence>164</Cadence>
          </Trackpoint>
          <Trackpoint>
            <Time>2026-03-07T13:52:05.000Z</Time>
            <Position>
              <LatitudeDegrees>37.3591758</LatitudeDegrees>
              <LongitudeDegrees>-121.8598755</LongitudeDegrees>
            </Position>
            <AltitudeMeters>23.4</AltitudeMeters>
            <DistanceMeters>3296.02</DistanceMeters>
            <HeartRateBpm><Value>134</Value></HeartRateBpm>
            <Cadence>164</Cadence>
          </Trackpoint>
          <Trackpoint>
            <Time>2026-03-07T13:52:10.000Z</Time>
            <Position>
              <LatitudeDegrees>37.3592549</LatitudeDegrees>
              <LongitudeDegrees>-121.8597758</LongitudeDegrees>
            </Position>
            <AltitudeMeters>23.4</AltitudeMeters>
            <DistanceMeters>3308.46</DistanceMeters>
            <HeartRateBpm><Value>134</Value></HeartRateBpm>
            <Cadence>164</Cadence>
          </Trackpoint>
          <Trackpoint>
            <Time>2026-03-07T13:52:15.000Z</Time>
            <Position>
              <LatitudeDegrees>37.3593341</LatitudeDegrees>
              <LongitudeDegrees>-121.8596761</LongitudeDegrees>
            </Position>
            <AltitudeMeters>23.3</AltitudeMeters>
            <DistanceMeters>3320.90</DistanceMeters>
            <HeartRateBpm><Value>134</Value></HeartRateBpm>
            <Cadence>164</Cadence>
          </Trackpoint>
          <Trackpoint>
            <Time>2026-03-07T13:52:20.000Z</Time>
            <Position>
              <LatitudeDegrees>37.3594132</LatitudeDegrees>
              <LongitudeDegrees>-121.8595764</LongitudeDegrees>
            </Position>
            <AltitudeMeters>23.3</AltitudeMeters>
            <DistanceMeters>3333.33</DistanceMeters>
            <HeartRateBpm><Value>134</Value></HeartRateBpm>
            <Cadence>164</Cadence>
          </Trackpoint>
          <Trackpoint>
            <Time>2026-03-07T13:52:25.000Z</Time>
            <Position>
              <LatitudeDegrees>37.3594924</LatitudeDegrees>
              <LongitudeDegrees>-121.8594767</LongitudeDegrees>
            </Position>
            <AltitudeMeters>23.2</AltitudeMeters>
            <DistanceMeters>3345.77</DistanceMeters>
            <HeartRateBpm><Value>134</Value></HeartRateBpm>
            <Cadence>164</Cadence>
          </Trackpoint>
          <Trackpoint>
            <Time>2026-03-07T13:52:30.000Z</Time>
            <Position>
              <LatitudeDegrees>37.3595715</LatitudeDegrees>
              <LongitudeDegrees>-121.8593770</LongitudeDegrees>
            </Position>
            <AltitudeMeters>23.2</AltitudeMeters>
            <DistanceMeters>3358.21</DistanceMeters>
            <HeartRateBpm><Value>134</Value></HeartRateBpm>
            <Cadence>164</Cadence>
          </Trackpoint>
          <Trackpoint>
            <Time>2026-03-07T13:52:35.000Z</Time>
            <Position>
              <LatitudeDegrees>37.3596507</LatitudeDegrees>
              <LongitudeDegrees>-121.8592772</LongitudeDegrees>
            </Position>
            <AltitudeMeters>23.2</AltitudeMeters>
            <DistanceMeters>3370.65</DistanceMeters>
            <HeartRateBpm><Value>134</Value></HeartRateBpm>
            <Cadence>164</Cadence>
          </Trackpoint>
          <Trackpoint>
            <Time>2026-03-07T13:52:40.000Z</Time>
            <Position>
              <LatitudeDegrees>37.3597298</LatitudeDegrees>
              <LongitudeDegrees>-121.8591775</LongitudeDegrees>
            </Position>
            <AltitudeMeters>23.1</AltitudeMeters>
            <DistanceMeters>3383.08</DistanceMeters>
            <HeartRateBpm><Value>134</Value></HeartRateBpm>
            <Cadence>164</Cadence>
          </Trackpoint>
          <Trackpoint>
            <Time>2026-03-07T13:52:45.000Z</Time>
            <Position>
              <LatitudeDegrees>37.3598090</LatitudeDegrees>
              <LongitudeDegrees>-121.8590778</LongitudeDegrees>
            </Position>
            <AltitudeMeters>23.1</AltitudeMeters>
            <DistanceMeters>3395.52</DistanceMeters>
            <HeartRateBpm><Value>134</Value></HeartRateBpm>
            <Cadence>164</Cadence>
          </Trackpoint>
          <Trackpoint>
            <Time>2026-03-07T13:52:50.000Z</Time>
            <Position>
              <LatitudeDegrees>37.3598881</LatitudeDegrees>
              <LongitudeDegrees>-121.8589781</LongitudeDegrees>
            </Position>
            <AltitudeMeters>23.1</AltitudeMeters>
            <DistanceMeters>3407.96</DistanceMeters>
            <HeartRateBpm><Value>134</Value></HeartRateBpm>
            <Cadence>164</Cadence>
          </Trackpoint>
          <Trackpoint>
            <Time>2026-03-07T13:52:55.000Z</Time>
            <Position>
              <LatitudeDegrees>37.3599673</LatitudeDegrees>
              <LongitudeDegrees>-121.8588784</LongitudeDegrees>
            </Position>
            <AltitudeMeters>23.1</AltitudeMeters>
            <DistanceMeters>3420.40</DistanceMeters>
            <HeartRateBpm><Value>134</Value></HeartRateBpm>
            <Cadence>164</Cadence>
          </Trackpoint>
          <Trackpoint>
            <Time>2026-03-07T13:53:00.000Z</Time>
            <Position>
              <LatitudeDegrees>37.3600465</LatitudeDegrees>
              <LongitudeDegrees>-121.8587787</LongitudeDegrees>
            </Position>
            <AltitudeMeters>23</AltitudeMeters>
            <DistanceMeters>3432.84</DistanceMeters>
            <HeartRateBpm><Value>134</Value></HeartRateBpm>
            <Cadence>164</Cadence>
          </Trackpoint>
          <Trackpoint>
            <Time>2026-03-07T13:53:05.000Z</Time>
            <Position>
              <LatitudeDegrees>37.3601256</LatitudeDegrees>
              <LongitudeDegrees>-121.8586790</LongitudeDegrees>
            </Position>
            <AltitudeMeters>23</AltitudeMeters>
            <DistanceMeters>3445.27</DistanceMeters>
            <HeartRateBpm><Value>134</Value></HeartRateBpm>
            <Cadence>164</Cadence>
          </Trackpoint>
          <Trackpoint>
            <Time>2026-03-07T13:53:10.000Z</Time>
            <Position>
              <LatitudeDegrees>37.3602048</LatitudeDegrees>
              <LongitudeDegrees>-121.8585792</LongitudeDegrees>
            </Position>
            <AltitudeMeters>23</AltitudeMeters>
            <DistanceMeters>3457.71</DistanceMeters>
            <HeartRateBpm><Value>134</Value></HeartRateBpm>
            <Cadence>164</Cadence>
          </Trackpoint>
          <Trackpoint>
            <Time>2026-03-07T13:53:15.000Z</Time>
            <Position>
              <LatitudeDegrees>37.3602839</LatitudeDegrees>
              <LongitudeDegrees>-121.8584795</LongitudeDegrees>
            </Position>
            <AltitudeMeters>23</AltitudeMeters>
            <DistanceMeters>3470.15</DistanceMeters>
            <HeartRateBpm><Value>134</Value></HeartRateBpm>
            <Cadence>164</Cadence>
          </Trackpoint>
          <Trackpoint>
            <Time>2026-03-07T13:53:20.000Z</Time>
            <Position>
              <LatitudeDegrees>37.3603631</LatitudeDegrees>
              <LongitudeDegrees>-121.8583798</LongitudeDegrees>
            </Position>
            <AltitudeMeters>23</AltitudeMeters>
            <DistanceMeters>3482.59</DistanceMeters>
            <HeartRateBpm><Value>134</Value></HeartRateBpm>
            <Cadence>164</Cadence>
          </Trackpoint>
          <Trackpoint>
            <Time>2026-03-07T13:53:25.000Z</Time>
            <Position>
              <LatitudeDegrees>37.3604422</LatitudeDegrees>
              <LongitudeDegrees>-121.8582801</LongitudeDegrees>
            </Position>
            <AltitudeMeters>23</AltitudeMeters>
            <DistanceMeters>3495.02</DistanceMeters>
            <HeartRateBpm><Value>134</Value></HeartRateBpm>
            <Cadence>164</Cadence>
          </Trackpoint>
          <Trackpoint>
            <Time>2026-03-07T13:53:30.000Z</Time>
            <Position>
              <LatitudeDegrees>37.3605214</LatitudeDegrees>
              <LongitudeDegrees>-121.8581804</LongitudeDegrees>
            </Position>
            <AltitudeMeters>23</AltitudeMeters>
            <DistanceMeters>3507.46</DistanceMeters>
            <HeartRateBpm><Value>134</Value></HeartRateBpm>
            <Cadence>164</Cadence>
          </Trackpoint>
          <Trackpoint>
            <Time>2026-03-07T13:53:35.000Z</Time>
            <Position>
              <LatitudeDegrees>37.3606005</LatitudeDegrees>
              <LongitudeDegrees>-121.8580807</LongitudeDegrees>
            </Position>
            <AltitudeMeters>23</AltitudeMeters>
            <DistanceMeters>3519.90</DistanceMeters>
            <HeartRateBpm><Value>134</Value></HeartRateBpm>
            <Cadence>164</Cadence>
          </Trackpoint>
          <Trackpoint>
            <Time>2026-03-07T13:53:40.000Z</Time>
            <Position>
              <LatitudeDegrees>37.3606797</LatitudeDegrees>
              <LongitudeDegrees>-121.8579809</LongitudeDegrees>
            </Position>
            <AltitudeMeters>23</AltitudeMeters>
            <DistanceMeters>3532.34</DistanceMeters>
            <HeartRateBpm><Value>134</Value></HeartRateBpm>
            <Cadence>164</Cadence>
          </Trackpoint>
          <Trackpoint>
            <Time>2026-03-07T13:53:45.000Z</Time>
            <Position>
              <LatitudeDegrees>37.3607588</LatitudeDegrees>
              <LongitudeDegrees>-121.8578812</LongitudeDegrees>
            </Position>
            <AltitudeMeters>23</AltitudeMeters>
            <DistanceMeters>3544.78</DistanceMeters>
            <HeartRateBpm><Value>134</Value></HeartRateBpm>
            <Cadence>164</Cadence>
          </Trackpoint>
          <Trackpoint>
            <Time>2026-03-07T13:53:50.000Z</Time>
            <Position>
              <LatitudeDegrees>37.3608380</LatitudeDegrees>
              <LongitudeDegrees>-121.8577815</LongitudeDegrees>
            </Position>
            <AltitudeMeters>23</AltitudeMeters>
            <DistanceMeters>3557.21</DistanceMeters>
            <HeartRateBpm><Value>134</Value></HeartRateBpm>
            <Cadence>164</Cadence>
          </Trackpoint>
          <Trackpoint>
            <Time>2026-03-07T13:53:55.000Z</Time>
            <Position>
              <LatitudeDegrees>37.3609171</LatitudeDegrees>
              <LongitudeDegrees>-121.8576818</LongitudeDegrees>
            </Position>
            <AltitudeMeters>23</AltitudeMeters>
            <DistanceMeters>3569.65</DistanceMeters>
            <HeartRateBpm><Value>134</Value></HeartRateBpm>
            <Cadence>164</Cadence>
          </Trackpoint>
          <Trackpoint>
            <Time>2026-03-07T13:54:00.000Z</Time>
            <Position>
              <LatitudeDegrees>37.3609963</LatitudeDegrees>
              <LongitudeDegrees>-121.8575821</LongitudeDegrees>
            </Position>
            <AltitudeMeters>23.1</AltitudeMeters>
            <DistanceMeters>3582.09</DistanceMeters>
            <HeartRateBpm><Value>134</Value></HeartRateBpm>
            <Cadence>164</Cadence>
          </Trackpoint>
          <Trackpoint>
            <Time>2026-03-07T13:54:05.000Z</Time>
            <Position>
              <LatitudeDegrees>37.3610755</LatitudeDegrees>
              <LongitudeDegrees>-121.8574824</LongitudeDegrees>
            </Position>
            <AltitudeMeters>23.1</AltitudeMeters>
            <DistanceMeters>3594.53</DistanceMeters>
            <HeartRateBpm><Value>134</Value></HeartRateBpm>
            <Cadence>164</Cadence>
          </Trackpoint>
          <Trackpoint>
            <Time>2026-03-07T13:54:10.000Z</Time>
            <Position>
              <LatitudeDegrees>37.3611546</LatitudeDegrees>
              <LongitudeDegrees>-121.8573827</LongitudeDegrees>
            </Position>
            <AltitudeMeters>23.1</AltitudeMeters>
            <DistanceMeters>3606.97</DistanceMeters>
            <HeartRateBpm><Value>134</Value></HeartRateBpm>
            <Cadence>164</Cadence>
          </Trackpoint>
          <Trackpoint>
            <Time>2026-03-07T13:54:15.000Z</Time>
            <Position>
              <LatitudeDegrees>37.3612338</LatitudeDegrees>
              <LongitudeDegrees>-121.8572829</LongitudeDegrees>
            </Position>
            <AltitudeMeters>23.1</AltitudeMeters>
            <DistanceMeters>3619.40</DistanceMeters>
            <HeartRateBpm><Value>134</Value></HeartRateBpm>
            <Cadence>164</Cadence>
          </Trackpoint>
          <Trackpoint>
            <Time>2026-03-07T13:54:20.000Z</Time>
            <Position>
              <LatitudeDegrees>37.3613129</LatitudeDegrees>
              <LongitudeDegrees>-121.8571832</LongitudeDegrees>
            </Position>
            <AltitudeMeters>23.2</AltitudeMeters>
            <DistanceMeters>3631.84</DistanceMeters>
            <HeartRateBpm><Value>134</Value></HeartRateBpm>
            <Cadence>164</Cadence>
          </Trackpoint>
          <Trackpoint>
            <Time>2026-03-07T13:54:25.000Z</Time>
            <Position>
              <LatitudeDegrees>37.3613921</LatitudeDegrees>
              <LongitudeDegrees>-121.8570835</LongitudeDegrees>
            </Position>
            <AltitudeMeters>23.2</AltitudeMeters>
            <DistanceMeters>3644.28</DistanceMeters>
            <HeartRateBpm><Value>134</Value></HeartRateBpm>
            <Cadence>164</Cadence>
          </Trackpoint>
          <Trackpoint>
            <Time>2026-03-07T13:54:30.000Z</Time>
            <Position>
              <LatitudeDegrees>37.3614712</LatitudeDegrees>
              <LongitudeDegrees>-121.8569838</LongitudeDegrees>
            </Position>
            <AltitudeMeters>23.2</AltitudeMeters>
            <DistanceMeters>3656.72</DistanceMeters>
            <HeartRateBpm><Value>134</Value></HeartRateBpm>
            <Cadence>164</Cadence>
          </Trackpoint>
          <Trackpoint>
            <Time>2026-03-07T13:54:35.000Z</Time>
            <Position>
              <LatitudeDegrees>37.3615504</LatitudeDegrees>
              <LongitudeDegrees>-121.8568841</LongitudeDegrees>
            </Position>
            <AltitudeMeters>23.3</AltitudeMeters>
            <DistanceMeters>3669.15</DistanceMeters>
            <HeartRateBpm><Value>134</Value></HeartRateBpm>
            <Cadence>164</Cadence>
          </Trackpoint>
          <Trackpoint>
            <Time>2026-03-07T13:54:40.000Z</Time>
            <Position>
              <LatitudeDegrees>37.3616295</LatitudeDegrees>
              <LongitudeDegrees>-121.8567844</LongitudeDegrees>
            </Position>
            <AltitudeMeters>23.3</AltitudeMeters>
            <DistanceMeters>3681.59</DistanceMeters>
            <HeartRateBpm><Value>134</Value></HeartRateBpm>
            <Cadence>164</Cadence>
          </Trackpoint>
          <Trackpoint>
            <Time>2026-03-07T13:54:45.000Z</Time>
            <Position>
              <LatitudeDegrees>37.3617087</LatitudeDegrees>
              <LongitudeDegrees>-121.8566847</LongitudeDegrees>
            </Position>
            <AltitudeMeters>23.4</AltitudeMeters>
            <DistanceMeters>3694.03</DistanceMeters>
            <HeartRateBpm><Value>134</Value></HeartRateBpm>
            <Cadence>164</Cadence>
          </Trackpoint>
          <Trackpoint>
            <Time>2026-03-07T13:54:50.000Z</Time>
            <Position>
              <LatitudeDegrees>37.3617878</LatitudeDegrees>
              <LongitudeDegrees>-121.8565849</LongitudeDegrees>
            </Position>
            <AltitudeMeters>23.4</AltitudeMeters>
            <DistanceMeters>3706.47</DistanceMeters>
            <HeartRateBpm><Value>134</Value></HeartRateBpm>
            <Cadence>164</Cadence>
          </Trackpoint>
          <Trackpoint>
            <Time>2026-03-07T13:54:55.000Z</Time>
            <Position>
              <LatitudeDegrees>37.3618670</LatitudeDegrees>
              <LongitudeDegrees>-121.8564852</LongitudeDegrees>
            </Position>
            <AltitudeMeters>23.5</AltitudeMeters>
            <DistanceMeters>3718.91</DistanceMeters>
            <HeartRateBpm><Value>134</Value></HeartRateBpm>
            <Cadence>164</Cadence>
          </Trackpoint>
          <Trackpoint>
            <Time>2026-03-07T13:55:00.000Z</Time>
            <Position>
              <LatitudeDegrees>37.3619461</LatitudeDegrees>
              <LongitudeDegrees>-121.8563855</LongitudeDegrees>
            </Position>
            <AltitudeMeters>23.5</AltitudeMeters>
            <DistanceMeters>3731.34</DistanceMeters>
            <HeartRateBpm><Value>134</Value></HeartRateBpm>
            <Cadence>164</Cadence>
          </Trackpoint>
          <Trackpoint>
            <Time>2026-03-07T13:55:05.000Z</Time>
            <Position>
              <LatitudeDegrees>37.3620253</LatitudeDegrees>
              <LongitudeDegrees>-121.8562858</LongitudeDegrees>
            </Position>
            <AltitudeMeters>23.6</AltitudeMeters>
            <DistanceMeters>3743.78</DistanceMeters>
            <HeartRateBpm><Value>134</Value></HeartRateBpm>
            <Cadence>164</Cadence>
          </Trackpoint>
          <Trackpoint>
            <Time>2026-03-07T13:55:10.000Z</Time>
            <Position>
              <LatitudeDegrees>37.3621045</LatitudeDegrees>
              <LongitudeDegrees>-121.8561861</LongitudeDegrees>
            </Position>
            <AltitudeMeters>23.6</AltitudeMeters>
            <DistanceMeters>3756.22</DistanceMeters>
            <HeartRateBpm><Value>134</Value></HeartRateBpm>
            <Cadence>164</Cadence>
          </Trackpoint>
          <Trackpoint>
            <Time>2026-03-07T13:55:15.000Z</Time>
            <Position>
              <LatitudeDegrees>37.3621836</LatitudeDegrees>
              <LongitudeDegrees>-121.8560864</LongitudeDegrees>
            </Position>
            <AltitudeMeters>23.7</AltitudeMeters>
            <DistanceMeters>3768.66</DistanceMeters>
            <HeartRateBpm><Value>134</Value></HeartRateBpm>
            <Cadence>164</Cadence>
          </Trackpoint>
          <Trackpoint>
            <Time>2026-03-07T13:55:20.000Z</Time>
            <Position>
              <LatitudeDegrees>37.3622628</LatitudeDegrees>
              <LongitudeDegrees>-121.8559866</LongitudeDegrees>
            </Position>
            <AltitudeMeters>23.7</AltitudeMeters>
            <DistanceMeters>3781.09</DistanceMeters>
            <HeartRateBpm><Value>134</Value></HeartRateBpm>
            <Cadence>164</Cadence>
          </Trackpoint>
          <Trackpoint>
            <Time>2026-03-07T13:55:25.000Z</Time>
            <Position>
              <LatitudeDegrees>37.3623419</LatitudeDegrees>
              <LongitudeDegrees>-121.8558869</LongitudeDegrees>
            </Position>
            <AltitudeMeters>23.8</AltitudeMeters>
            <DistanceMeters>3793.53</DistanceMeters>
            <HeartRateBpm><Value>134</Value></HeartRateBpm>
            <Cadence>164</Cadence>
          </Trackpoint>
          <Trackpoint>
            <Time>2026-03-07T13:55:30.000Z</Time>
            <Position>
              <LatitudeDegrees>37.3624211</LatitudeDegrees>
              <LongitudeDegrees>-121.8557872</LongitudeDegrees>
            </Position>
            <AltitudeMeters>23.9</AltitudeMeters>
            <DistanceMeters>3805.97</DistanceMeters>
            <HeartRateBpm><Value>134</Value></HeartRateBpm>
            <Cadence>164</Cadence>
          </Trackpoint>
          <Trackpoint>
            <Time>2026-03-07T13:55:35.000Z</Time>
            <Position>
              <LatitudeDegrees>37.3625002</LatitudeDegrees>
              <LongitudeDegrees>-121.8556875</LongitudeDegrees>
            </Position>
            <AltitudeMeters>23.9</AltitudeMeters>
            <DistanceMeters>3818.41</DistanceMeters>
            <HeartRateBpm><Value>134</Value></HeartRateBpm>
            <Cadence>164</Cadence>
          </Trackpoint>
          <Trackpoint>
            <Time>2026-03-07T13:55:40.000Z</Time>
            <Position>
              <LatitudeDegrees>37.3625794</LatitudeDegrees>
              <LongitudeDegrees>-121.8555878</LongitudeDegrees>
            </Position>
            <AltitudeMeters>24</AltitudeMeters>
            <DistanceMeters>3830.85</DistanceMeters>
            <HeartRateBpm><Value>134</Value></HeartRateBpm>
            <Cadence>164</Cadence>
          </Trackpoint>
          <Trackpoint>
            <Time>2026-03-07T13:55:45.000Z</Time>
            <Position>
              <LatitudeDegrees>37.3626585</LatitudeDegrees>
              <LongitudeDegrees>-121.8554881</LongitudeDegrees>
            </Position>
            <AltitudeMeters>24.1</AltitudeMeters>
            <DistanceMeters>3843.28</DistanceMeters>
            <HeartRateBpm><Value>134</Value></HeartRateBpm>
            <Cadence>164</Cadence>
          </Trackpoint>
          <Trackpoint>
            <Time>2026-03-07T13:55:50.000Z</Time>
            <Position>
              <LatitudeDegrees>37.3627377</LatitudeDegrees>
              <LongitudeDegrees>-121.8553884</LongitudeDegrees>
            </Position>
            <AltitudeMeters>24.1</AltitudeMeters>
            <DistanceMeters>3855.72</DistanceMeters>
            <HeartRateBpm><Value>134</Value></HeartRateBpm>
            <Cadence>164</Cadence>
          </Trackpoint>
          <Trackpoint>
            <Time>2026-03-07T13:55:55.000Z</Time>
            <Position>
              <LatitudeDegrees>37.3628168</LatitudeDegrees>
              <LongitudeDegrees>-121.8552886</LongitudeDegrees>
            </Position>
            <AltitudeMeters>24.2</AltitudeMeters>
            <DistanceMeters>3868.16</DistanceMeters>
            <HeartRateBpm><Value>134</Value></HeartRateBpm>
            <Cadence>164</Cadence>
          </Trackpoint>
          <Trackpoint>
            <Time>2026-03-07T13:56:00.000Z</Time>
            <Position>
              <LatitudeDegrees>37.3628960</LatitudeDegrees>
              <LongitudeDegrees>-121.8551889</LongitudeDegrees>
            </Position>
            <AltitudeMeters>24.3</AltitudeMeters>
            <DistanceMeters>3880.60</DistanceMeters>
            <HeartRateBpm><Value>134</Value></HeartRateBpm>
            <Cadence>164</Cadence>
          </Trackpoint>
          <Trackpoint>
            <Time>2026-03-07T13:56:05.000Z</Time>
            <Position>
              <LatitudeDegrees>37.3629751</LatitudeDegrees>
              <LongitudeDegrees>-121.8550892</LongitudeDegrees>
            </Position>
            <AltitudeMeters>24.3</AltitudeMeters>
            <DistanceMeters>3893.03</DistanceMeters>
            <HeartRateBpm><Value>134</Value></HeartRateBpm>
            <Cadence>164</Cadence>
          </Trackpoint>
          <Trackpoint>
            <Time>2026-03-07T13:56:10.000Z</Time>
            <Position>
              <LatitudeDegrees>37.3630543</LatitudeDegrees>
              <LongitudeDegrees>-121.8549895</LongitudeDegrees>
            </Position>
            <AltitudeMeters>24.4</AltitudeMeters>
            <DistanceMeters>3905.47</DistanceMeters>
            <HeartRateBpm><Value>134</Value></HeartRateBpm>
            <Cadence>164</Cadence>
          </Trackpoint>
          <Trackpoint>
            <Time>2026-03-07T13:56:15.000Z</Time>
            <Position>
              <LatitudeDegrees>37.3631335</LatitudeDegrees>
              <LongitudeDegrees>-121.8548898</LongitudeDegrees>
            </Position>
            <AltitudeMeters>24.5</AltitudeMeters>
            <DistanceMeters>3917.91</DistanceMeters>
            <HeartRateBpm><Value>134</Value></HeartRateBpm>
            <Cadence>164</Cadence>
          </Trackpoint>
          <Trackpoint>
            <Time>2026-03-07T13:56:20.000Z</Time>
            <Position>
              <LatitudeDegrees>37.3632126</LatitudeDegrees>
              <LongitudeDegrees>-121.8547901</LongitudeDegrees>
            </Position>
            <AltitudeMeters>24.6</AltitudeMeters>
            <DistanceMeters>3930.35</DistanceMeters>
            <HeartRateBpm><Value>134</Value></HeartRateBpm>
            <Cadence>164</Cadence>
          </Trackpoint>
          <Trackpoint>
            <Time>2026-03-07T13:56:25.000Z</Time>
            <Position>
              <LatitudeDegrees>37.3632918</LatitudeDegrees>
              <LongitudeDegrees>-121.8546904</LongitudeDegrees>
            </Position>
            <AltitudeMeters>24.6</AltitudeMeters>
            <DistanceMeters>3942.79</DistanceMeters>
            <HeartRateBpm><Value>134</Value></HeartRateBpm>
            <Cadence>164</Cadence>
          </Trackpoint>
          <Trackpoint>
            <Time>2026-03-07T13:56:30.000Z</Time>
            <Position>
              <LatitudeDegrees>37.3633709</LatitudeDegrees>
              <LongitudeDegrees>-121.8545906</LongitudeDegrees>
            </Position>
            <AltitudeMeters>24.7</AltitudeMeters>
            <DistanceMeters>3955.22</DistanceMeters>
            <HeartRateBpm><Value>134</Value></HeartRateBpm>
            <Cadence>164</Cadence>
          </Trackpoint>
          <Trackpoint>
            <Time>2026-03-07T13:56:35.000Z</Time>
            <Position>
              <LatitudeDegrees>37.3634501</LatitudeDegrees>
              <LongitudeDegrees>-121.8544909</LongitudeDegrees>
            </Position>
            <AltitudeMeters>24.8</AltitudeMeters>
            <DistanceMeters>3967.66</DistanceMeters>
            <HeartRateBpm><Value>134</Value></HeartRateBpm>
            <Cadence>164</Cadence>
          </Trackpoint>
          <Trackpoint>
            <Time>2026-03-07T13:56:40.000Z</Time>
            <Position>
              <LatitudeDegrees>37.3635292</LatitudeDegrees>
              <LongitudeDegrees>-121.8543912</LongitudeDegrees>
            </Position>
            <AltitudeMeters>24.9</AltitudeMeters>
            <DistanceMeters>3980.10</DistanceMeters>
            <HeartRateBpm><Value>134</Value></HeartRateBpm>
            <Cadence>164</Cadence>
          </Trackpoint>
          <Trackpoint>
            <Time>2026-03-07T13:56:45.000Z</Time>
            <Position>
              <LatitudeDegrees>37.3636084</LatitudeDegrees>
              <LongitudeDegrees>-121.8542915</LongitudeDegrees>
            </Position>
            <AltitudeMeters>25</AltitudeMeters>
            <DistanceMeters>3992.54</DistanceMeters>
            <HeartRateBpm><Value>134</Value></HeartRateBpm>
            <Cadence>164</Cadence>
          </Trackpoint>
          <Trackpoint>
            <Time>2026-03-07T13:56:50.000Z</Time>
            <Position>
              <LatitudeDegrees>37.3636875</LatitudeDegrees>
              <LongitudeDegrees>-121.8541918</LongitudeDegrees>
            </Position>
            <AltitudeMeters>25</AltitudeMeters>
            <DistanceMeters>4004.98</DistanceMeters>
            <HeartRateBpm><Value>134</Value></HeartRateBpm>
            <Cadence>164</Cadence>
          </Trackpoint>
          <Trackpoint>
            <Time>2026-03-07T13:56:55.000Z</Time>
            <Position>
              <LatitudeDegrees>37.3637667</LatitudeDegrees>
              <LongitudeDegrees>-121.8540921</LongitudeDegrees>
            </Position>
            <AltitudeMeters>25.1</AltitudeMeters>
            <DistanceMeters>4017.41</DistanceMeters>
            <HeartRateBpm><Value>134</Value></HeartRateBpm>
            <Cadence>164</Cadence>
          </Trackpoint>
          <Trackpoint>
            <Time>2026-03-07T13:57:00.000Z</Time>
            <Position>
              <LatitudeDegrees>37.3638458</LatitudeDegrees>
              <LongitudeDegrees>-121.8539923</LongitudeDegrees>
            </Position>
            <AltitudeMeters>25.2</AltitudeMeters>
            <DistanceMeters>4029.85</DistanceMeters>
            <HeartRateBpm><Value>134</Value></HeartRateBpm>
            <Cadence>164</Cadence>
          </Trackpoint>
          <Trackpoint>
            <Time>2026-03-07T13:57:05.000Z</Time>
            <Position>
              <LatitudeDegrees>37.3639250</LatitudeDegrees>
              <LongitudeDegrees>-121.8538926</LongitudeDegrees>
            </Position>
            <AltitudeMeters>25.3</AltitudeMeters>
            <DistanceMeters>4042.29</DistanceMeters>
            <HeartRateBpm><Value>134</Value></HeartRateBpm>
            <Cadence>164</Cadence>
          </Trackpoint>
          <Trackpoint>
            <Time>2026-03-07T13:57:10.000Z</Time>
            <Position>
              <LatitudeDegrees>37.3640041</LatitudeDegrees>
              <LongitudeDegrees>-121.8537929</LongitudeDegrees>
            </Position>
            <AltitudeMeters>25.3</AltitudeMeters>
            <DistanceMeters>4054.73</DistanceMeters>
            <HeartRateBpm><Value>134</Value></HeartRateBpm>
            <Cadence>164</Cadence>
          </Trackpoint>
          <Trackpoint>
            <Time>2026-03-07T13:57:15.000Z</Time>
            <Position>
              <LatitudeDegrees>37.3640833</LatitudeDegrees>
              <LongitudeDegrees>-121.8536932</LongitudeDegrees>
            </Position>
            <AltitudeMeters>25.4</AltitudeMeters>
            <DistanceMeters>4067.16</DistanceMeters>
            <HeartRateBpm><Value>134</Value></HeartRateBpm>
            <Cadence>164</Cadence>
          </Trackpoint>
          <Trackpoint>
            <Time>2026-03-07T13:57:20.000Z</Time>
            <Position>
              <LatitudeDegrees>37.3641625</LatitudeDegrees>
              <LongitudeDegrees>-121.8535935</LongitudeDegrees>
            </Position>
            <AltitudeMeters>25.5</AltitudeMeters>
            <DistanceMeters>4079.60</DistanceMeters>
            <HeartRateBpm><Value>134</Value></HeartRateBpm>
            <Cadence>164</Cadence>
          </Trackpoint>
          <Trackpoint>
            <Time>2026-03-07T13:57:25.000Z</Time>
            <Position>
              <LatitudeDegrees>37.3642416</LatitudeDegrees>
              <LongitudeDegrees>-121.8534938</LongitudeDegrees>
            </Position>
            <AltitudeMeters>25.6</AltitudeMeters>
            <DistanceMeters>4092.04</DistanceMeters>
            <HeartRateBpm><Value>134</Value></HeartRateBpm>
            <Cadence>164</Cadence>
          </Trackpoint>
          <Trackpoint>
            <Time>2026-03-07T13:57:30.000Z</Time>
            <Position>
              <LatitudeDegrees>37.3643208</LatitudeDegrees>
              <LongitudeDegrees>-121.8533941</LongitudeDegrees>
            </Position>
            <AltitudeMeters>25.6</AltitudeMeters>
            <DistanceMeters>4104.48</DistanceMeters>
            <HeartRateBpm><Value>134</Value></HeartRateBpm>
            <Cadence>164</Cadence>
          </Trackpoint>
          <Trackpoint>
            <Time>2026-03-07T13:57:35.000Z</Time>
            <Position>
              <LatitudeDegrees>37.3643999</LatitudeDegrees>
              <LongitudeDegrees>-121.8532943</LongitudeDegrees>
            </Position>
            <AltitudeMeters>25.7</AltitudeMeters>
            <DistanceMeters>4116.92</DistanceMeters>
            <HeartRateBpm><Value>134</Value></HeartRateBpm>
            <Cadence>164</Cadence>
          </Trackpoint>
          <Trackpoint>
            <Time>2026-03-07T13:57:40.000Z</Time>
            <Position>
              <LatitudeDegrees>37.3644791</LatitudeDegrees>
              <LongitudeDegrees>-121.8531946</LongitudeDegrees>
            </Position>
            <AltitudeMeters>25.8</AltitudeMeters>
            <DistanceMeters>4129.35</DistanceMeters>
            <HeartRateBpm><Value>134</Value></HeartRateBpm>
            <Cadence>164</Cadence>
          </Trackpoint>
          <Trackpoint>
            <Time>2026-03-07T13:57:45.000Z</Time>
            <Position>
              <LatitudeDegrees>37.3645582</LatitudeDegrees>
              <LongitudeDegrees>-121.8530949</LongitudeDegrees>
            </Position>
            <AltitudeMeters>25.9</AltitudeMeters>
            <DistanceMeters>4141.79</DistanceMeters>
            <HeartRateBpm><Value>134</Value></HeartRateBpm>
            <Cadence>164</Cadence>
          </Trackpoint>
          <Trackpoint>
            <Time>2026-03-07T13:57:50.000Z</Time>
            <Position>
              <LatitudeDegrees>37.3646374</LatitudeDegrees>
              <LongitudeDegrees>-121.8529952</LongitudeDegrees>
            </Position>
            <AltitudeMeters>25.9</AltitudeMeters>
            <DistanceMeters>4154.23</DistanceMeters>
            <HeartRateBpm><Value>134</Value></HeartRateBpm>
            <Cadence>164</Cadence>
          </Trackpoint>
          <Trackpoint>
            <Time>2026-03-07T13:57:55.000Z</Time>
            <Position>
              <LatitudeDegrees>37.3647165</LatitudeDegrees>
              <LongitudeDegrees>-121.8528955</LongitudeDegrees>
            </Position>
            <AltitudeMeters>26</AltitudeMeters>
            <DistanceMeters>4166.67</DistanceMeters>
            <HeartRateBpm><Value>134</Value></HeartRateBpm>
            <Cadence>164</Cadence>
          </Trackpoint>
          <Trackpoint>
            <Time>2026-03-07T13:58:00.000Z</Time>
            <Position>
              <LatitudeDegrees>37.3647957</LatitudeDegrees>
              <LongitudeDegrees>-121.8527958</LongitudeDegrees>
            </Position>
            <AltitudeMeters>26.1</AltitudeMeters>
            <DistanceMeters>4179.10</DistanceMeters>
            <HeartRateBpm><Value>134</Value></HeartRateBpm>
            <Cadence>164</Cadence>
          </Trackpoint>
          <Trackpoint>
            <Time>2026-03-07T13:58:05.000Z</Time>
            <Position>
              <LatitudeDegrees>37.3648748</LatitudeDegrees>
              <LongitudeDegrees>-121.8526961</LongitudeDegrees>
            </Position>
            <AltitudeMeters>26.1</AltitudeMeters>
            <DistanceMeters>4191.54</DistanceMeters>
            <HeartRateBpm><Value>134</Value></HeartRateBpm>
            <Cadence>164</Cadence>
          </Trackpoint>
          <Trackpoint>
            <Time>2026-03-07T13:58:10.000Z</Time>
            <Position>
              <LatitudeDegrees>37.3649540</LatitudeDegrees>
              <LongitudeDegrees>-121.8525963</LongitudeDegrees>
            </Position>
            <AltitudeMeters>26.2</AltitudeMeters>
            <DistanceMeters>4203.98</DistanceMeters>
            <HeartRateBpm><Value>134</Value></HeartRateBpm>
            <Cadence>164</Cadence>
          </Trackpoint>
          <Trackpoint>
            <Time>2026-03-07T13:58:15.000Z</Time>
            <Position>
              <LatitudeDegrees>37.3650331</LatitudeDegrees>
              <LongitudeDegrees>-121.8524966</LongitudeDegrees>
            </Position>
            <AltitudeMeters>26.3</AltitudeMeters>
            <DistanceMeters>4216.42</DistanceMeters>
            <HeartRateBpm><Value>134</Value></HeartRateBpm>
            <Cadence>164</Cadence>
          </Trackpoint>
          <Trackpoint>
            <Time>2026-03-07T13:58:20.000Z</Time>
            <Position>
              <LatitudeDegrees>37.3651123</LatitudeDegrees>
              <LongitudeDegrees>-121.8523969</LongitudeDegrees>
            </Position>
            <AltitudeMeters>26.3</AltitudeMeters>
            <DistanceMeters>4228.86</DistanceMeters>
            <HeartRateBpm><Value>134</Value></HeartRateBpm>
            <Cadence>164</Cadence>
          </Trackpoint>
          <Trackpoint>
            <Time>2026-03-07T13:58:25.000Z</Time>
            <Position>
              <LatitudeDegrees>37.3651915</LatitudeDegrees>
              <LongitudeDegrees>-121.8522972</LongitudeDegrees>
            </Position>
            <AltitudeMeters>26.4</AltitudeMeters>
            <DistanceMeters>4241.29</DistanceMeters>
            <HeartRateBpm><Value>134</Value></HeartRateBpm>
            <Cadence>164</Cadence>
          </Trackpoint>
          <Trackpoint>
            <Time>2026-03-07T13:58:30.000Z</Time>
            <Position>
              <LatitudeDegrees>37.3652706</LatitudeDegrees>
              <LongitudeDegrees>-121.8521975</LongitudeDegrees>
            </Position>
            <AltitudeMeters>26.4</AltitudeMeters>
            <DistanceMeters>4253.73</DistanceMeters>
            <HeartRateBpm><Value>134</Value></HeartRateBpm>
            <Cadence>164</Cadence>
          </Trackpoint>
          <Trackpoint>
            <Time>2026-03-07T13:58:35.000Z</Time>
            <Position>
              <LatitudeDegrees>37.3653498</LatitudeDegrees>
              <LongitudeDegrees>-121.8520978</LongitudeDegrees>
            </Position>
            <AltitudeMeters>26.5</AltitudeMeters>
            <DistanceMeters>4266.17</DistanceMeters>
            <HeartRateBpm><Value>134</Value></HeartRateBpm>
            <Cadence>164</Cadence>
          </Trackpoint>
          <Trackpoint>
            <Time>2026-03-07T13:58:40.000Z</Time>
            <Position>
              <LatitudeDegrees>37.3654289</LatitudeDegrees>
              <LongitudeDegrees>-121.8519980</LongitudeDegrees>
            </Position>
            <AltitudeMeters>26.5</AltitudeMeters>
            <DistanceMeters>4278.61</DistanceMeters>
            <HeartRateBpm><Value>134</Value></HeartRateBpm>
            <Cadence>164</Cadence>
          </Trackpoint>
          <Trackpoint>
            <Time>2026-03-07T13:58:45.000Z</Time>
            <Position>
              <LatitudeDegrees>37.3655081</LatitudeDegrees>
              <LongitudeDegrees>-121.8518983</LongitudeDegrees>
            </Position>
            <AltitudeMeters>26.6</AltitudeMeters>
            <DistanceMeters>4291.04</DistanceMeters>
            <HeartRateBpm><Value>134</Value></HeartRateBpm>
            <Cadence>164</Cadence>
          </Trackpoint>
          <Trackpoint>
            <Time>2026-03-07T13:58:50.000Z</Time>
            <Position>
              <LatitudeDegrees>37.3655872</LatitudeDegrees>
              <LongitudeDegrees>-121.8517986</LongitudeDegrees>
            </Position>
            <AltitudeMeters>26.6</AltitudeMeters>
            <DistanceMeters>4303.48</DistanceMeters>
            <HeartRateBpm><Value>134</Value></HeartRateBpm>
            <Cadence>164</Cadence>
          </Trackpoint>
          <Trackpoint>
            <Time>2026-03-07T13:58:55.000Z</Time>
            <Position>
              <LatitudeDegrees>37.3656664</LatitudeDegrees>
              <LongitudeDegrees>-121.8516989</LongitudeDegrees>
            </Position>
            <AltitudeMeters>26.7</AltitudeMeters>
            <DistanceMeters>4315.92</DistanceMeters>
            <HeartRateBpm><Value>134</Value></HeartRateBpm>
            <Cadence>164</Cadence>
          </Trackpoint>
          <Trackpoint>
            <Time>2026-03-07T13:59:00.000Z</Time>
            <Position>
              <LatitudeDegrees>37.3657455</LatitudeDegrees>
              <LongitudeDegrees>-121.8515992</LongitudeDegrees>
            </Position>
            <AltitudeMeters>26.7</AltitudeMeters>
            <DistanceMeters>4328.36</DistanceMeters>
            <HeartRateBpm><Value>134</Value></HeartRateBpm>
            <Cadence>164</Cadence>
          </Trackpoint>
          <Trackpoint>
            <Time>2026-03-07T13:59:05.000Z</Time>
            <Position>
              <LatitudeDegrees>37.3658247</LatitudeDegrees>
              <LongitudeDegrees>-121.8514995</LongitudeDegrees>
            </Position>
            <AltitudeMeters>26.8</AltitudeMeters>
            <DistanceMeters>4340.80</DistanceMeters>
            <HeartRateBpm><Value>134</Value></HeartRateBpm>
            <Cadence>164</Cadence>
          </Trackpoint>
          <Trackpoint>
            <Time>2026-03-07T13:59:10.000Z</Time>
            <Position>
              <LatitudeDegrees>37.3659038</LatitudeDegrees>
              <LongitudeDegrees>-121.8513998</LongitudeDegrees>
            </Position>
            <AltitudeMeters>26.8</AltitudeMeters>
            <DistanceMeters>4353.23</DistanceMeters>
            <HeartRateBpm><Value>134</Value></HeartRateBpm>
            <Cadence>164</Cadence>
          </Trackpoint>
          <Trackpoint>
            <Time>2026-03-07T13:59:15.000Z</Time>
            <Position>
              <LatitudeDegrees>37.3659830</LatitudeDegrees>
              <LongitudeDegrees>-121.8513000</LongitudeDegrees>
            </Position>
            <AltitudeMeters>26.8</AltitudeMeters>
            <DistanceMeters>4365.67</DistanceMeters>
            <HeartRateBpm><Value>134</Value></HeartRateBpm>
            <Cadence>164</Cadence>
          </Trackpoint>
          <Trackpoint>
            <Time>2026-03-07T13:59:20.000Z</Time>
            <Position>
              <LatitudeDegrees>37.3660621</LatitudeDegrees>
              <LongitudeDegrees>-121.8512003</LongitudeDegrees>
            </Position>
            <AltitudeMeters>26.9</AltitudeMeters>
            <DistanceMeters>4378.11</DistanceMeters>
            <HeartRateBpm><Value>134</Value></HeartRateBpm>
            <Cadence>164</Cadence>
          </Trackpoint>
          <Trackpoint>
            <Time>2026-03-07T13:59:25.000Z</Time>
            <Position>
              <LatitudeDegrees>37.3661413</LatitudeDegrees>
              <LongitudeDegrees>-121.8511006</LongitudeDegrees>
            </Position>
            <AltitudeMeters>26.9</AltitudeMeters>
            <DistanceMeters>4390.55</DistanceMeters>
            <HeartRateBpm><Value>134</Value></HeartRateBpm>
            <Cadence>164</Cadence>
          </Trackpoint>
          <Trackpoint>
            <Time>2026-03-07T13:59:30.000Z</Time>
            <Position>
              <LatitudeDegrees>37.3662205</LatitudeDegrees>
              <LongitudeDegrees>-121.8510009</LongitudeDegrees>
            </Position>
            <AltitudeMeters>26.9</AltitudeMeters>
            <DistanceMeters>4402.99</DistanceMeters>
            <HeartRateBpm><Value>134</Value></HeartRateBpm>
            <Cadence>164</Cadence>
          </Trackpoint>
          <Trackpoint>
            <Time>2026-03-07T13:59:35.000Z</Time>
            <Position>
              <LatitudeDegrees>37.3662996</LatitudeDegrees>
              <LongitudeDegrees>-121.8509012</LongitudeDegrees>
            </Position>
            <AltitudeMeters>26.9</AltitudeMeters>
            <DistanceMeters>4415.42</DistanceMeters>
            <HeartRateBpm><Value>134</Value></HeartRateBpm>
            <Cadence>164</Cadence>
          </Trackpoint>
          <Trackpoint>
            <Time>2026-03-07T13:59:40.000Z</Time>
            <Position>
              <LatitudeDegrees>37.3663788</LatitudeDegrees>
              <LongitudeDegrees>-121.8508015</LongitudeDegrees>
            </Position>
            <AltitudeMeters>26.9</AltitudeMeters>
            <DistanceMeters>4427.86</DistanceMeters>
            <HeartRateBpm><Value>134</Value></HeartRateBpm>
            <Cadence>164</Cadence>
          </Trackpoint>
          <Trackpoint>
            <Time>2026-03-07T13:59:45.000Z</Time>
            <Position>
              <LatitudeDegrees>37.3664579</LatitudeDegrees>
              <LongitudeDegrees>-121.8507018</LongitudeDegrees>
            </Position>
            <AltitudeMeters>27</AltitudeMeters>
            <DistanceMeters>4440.30</DistanceMeters>
            <HeartRateBpm><Value>134</Value></HeartRateBpm>
            <Cadence>164</Cadence>
          </Trackpoint>
          <Trackpoint>
            <Time>2026-03-07T13:59:50.000Z</Time>
            <Position>
              <LatitudeDegrees>37.3665371</LatitudeDegrees>
              <LongitudeDegrees>-121.8506020</LongitudeDegrees>
            </Position>
            <AltitudeMeters>27</AltitudeMeters>
            <DistanceMeters>4452.74</DistanceMeters>
            <HeartRateBpm><Value>134</Value></HeartRateBpm>
            <Cadence>164</Cadence>
          </Trackpoint>
          <Trackpoint>
            <Time>2026-03-07T13:59:55.000Z</Time>
            <Position>
              <LatitudeDegrees>37.3666162</LatitudeDegrees>
              <LongitudeDegrees>-121.8505023</LongitudeDegrees>
            </Position>
            <AltitudeMeters>27</AltitudeMeters>
            <DistanceMeters>4465.17</DistanceMeters>
            <HeartRateBpm><Value>134</Value></HeartRateBpm>
            <Cadence>164</Cadence>
          </Trackpoint>
          <Trackpoint>
            <Time>2026-03-07T14:00:00.000Z</Time>
            <Position>
              <LatitudeDegrees>37.3666954</LatitudeDegrees>
              <LongitudeDegrees>-121.8504026</LongitudeDegrees>
            </Position>
            <AltitudeMeters>27</AltitudeMeters>
            <DistanceMeters>4477.61</DistanceMeters>
            <HeartRateBpm><Value>134</Value></HeartRateBpm>
            <Cadence>164</Cadence>
          </Trackpoint>
          <Trackpoint>
            <Time>2026-03-07T14:00:05.000Z</Time>
            <Position>
              <LatitudeDegrees>37.3667745</LatitudeDegrees>
              <LongitudeDegrees>-121.8503029</LongitudeDegrees>
            </Position>
            <AltitudeMeters>27</AltitudeMeters>
            <DistanceMeters>4490.05</DistanceMeters>
            <HeartRateBpm><Value>134</Value></HeartRateBpm>
            <Cadence>164</Cadence>
          </Trackpoint>
          <Trackpoint>
            <Time>2026-03-07T14:00:10.000Z</Time>
            <Position>
              <LatitudeDegrees>37.3668537</LatitudeDegrees>
              <LongitudeDegrees>-121.8502032</LongitudeDegrees>
            </Position>
            <AltitudeMeters>27</AltitudeMeters>
            <DistanceMeters>4502.49</DistanceMeters>
            <HeartRateBpm><Value>134</Value></HeartRateBpm>
            <Cadence>164</Cadence>
          </Trackpoint>
          <Trackpoint>
            <Time>2026-03-07T14:00:15.000Z</Time>
            <Position>
              <LatitudeDegrees>37.3669328</LatitudeDegrees>
              <LongitudeDegrees>-121.8501035</LongitudeDegrees>
            </Position>
            <AltitudeMeters>27</AltitudeMeters>
            <DistanceMeters>4514.93</DistanceMeters>
            <HeartRateBpm><Value>134</Value></HeartRateBpm>
            <Cadence>164</Cadence>
          </Trackpoint>
          <Trackpoint>
            <Time>2026-03-07T14:00:20.000Z</Time>
            <Position>
              <LatitudeDegrees>37.3670120</LatitudeDegrees>
              <LongitudeDegrees>-121.8500038</LongitudeDegrees>
            </Position>
            <AltitudeMeters>27</AltitudeMeters>
            <DistanceMeters>4527.36</DistanceMeters>
            <HeartRateBpm><Value>134</Value></HeartRateBpm>
            <Cadence>164</Cadence>
          </Trackpoint>
          <Trackpoint>
            <Time>2026-03-07T14:00:25.000Z</Time>
            <Position>
              <LatitudeDegrees>37.3670911</LatitudeDegrees>
              <LongitudeDegrees>-121.8499040</LongitudeDegrees>
            </Position>
            <AltitudeMeters>27</AltitudeMeters>
            <DistanceMeters>4539.80</DistanceMeters>
            <HeartRateBpm><Value>134</Value></HeartRateBpm>
            <Cadence>164</Cadence>
          </Trackpoint>
          <Trackpoint>
            <Time>2026-03-07T14:00:30.000Z</Time>
            <Position>
              <LatitudeDegrees>37.3671703</LatitudeDegrees>
              <LongitudeDegrees>-121.8498043</LongitudeDegrees>
            </Position>
            <AltitudeMeters>27</AltitudeMeters>
            <DistanceMeters>4552.24</DistanceMeters>
            <HeartRateBpm><Value>134</Value></HeartRateBpm>
            <Cadence>164</Cadence>
          </Trackpoint>
          <Trackpoint>
            <Time>2026-03-07T14:00:35.000Z</Time>
            <Position>
              <LatitudeDegrees>37.3672495</LatitudeDegrees>
              <LongitudeDegrees>-121.8497046</LongitudeDegrees>
            </Position>
            <AltitudeMeters>27</AltitudeMeters>
            <DistanceMeters>4564.68</DistanceMeters>
            <HeartRateBpm><Value>134</Value></HeartRateBpm>
            <Cadence>164</Cadence>
          </Trackpoint>
          <Trackpoint>
            <Time>2026-03-07T14:00:40.000Z</Time>
            <Position>
              <LatitudeDegrees>37.3673286</LatitudeDegrees>
              <LongitudeDegrees>-121.8496049</LongitudeDegrees>
            </Position>
            <AltitudeMeters>26.9</AltitudeMeters>
            <DistanceMeters>4577.11</DistanceMeters>
            <HeartRateBpm><Value>134</Value></HeartRateBpm>
            <Cadence>164</Cadence>
          </Trackpoint>
          <Trackpoint>
            <Time>2026-03-07T14:00:45.000Z</Time>
            <Position>
              <LatitudeDegrees>37.3674078</LatitudeDegrees>
              <LongitudeDegrees>-121.8495052</LongitudeDegrees>
            </Position>
            <AltitudeMeters>26.9</AltitudeMeters>
            <DistanceMeters>4589.55</DistanceMeters>
            <HeartRateBpm><Value>134</Value></HeartRateBpm>
            <Cadence>164</Cadence>
          </Trackpoint>
          <Trackpoint>
            <Time>2026-03-07T14:00:50.000Z</Time>
            <Position>
              <LatitudeDegrees>37.3674869</LatitudeDegrees>
              <LongitudeDegrees>-121.8494055</LongitudeDegrees>
            </Position>
            <AltitudeMeters>26.9</AltitudeMeters>
            <DistanceMeters>4601.99</DistanceMeters>
            <HeartRateBpm><Value>134</Value></HeartRateBpm>
            <Cadence>164</Cadence>
          </Trackpoint>
          <Trackpoint>
            <Time>2026-03-07T14:00:55.000Z</Time>
            <Position>
              <LatitudeDegrees>37.3675661</LatitudeDegrees>
              <LongitudeDegrees>-121.8493057</LongitudeDegrees>
            </Position>
            <AltitudeMeters>26.9</AltitudeMeters>
            <DistanceMeters>4614.43</DistanceMeters>
            <HeartRateBpm><Value>134</Value></HeartRateBpm>
            <Cadence>164</Cadence>
          </Trackpoint>
          <Trackpoint>
            <Time>2026-03-07T14:01:00.000Z</Time>
            <Position>
              <LatitudeDegrees>37.3676452</LatitudeDegrees>
              <LongitudeDegrees>-121.8492060</LongitudeDegrees>
            </Position>
            <AltitudeMeters>26.8</AltitudeMeters>
            <DistanceMeters>4626.87</DistanceMeters>
            <HeartRateBpm><Value>134</Value></HeartRateBpm>
            <Cadence>164</Cadence>
          </Trackpoint>
          <Trackpoint>
            <Time>2026-03-07T14:01:05.000Z</Time>
            <Position>
              <LatitudeDegrees>37.3677244</LatitudeDegrees>
              <LongitudeDegrees>-121.8491063</LongitudeDegrees>
            </Position>
            <AltitudeMeters>26.8</AltitudeMeters>
            <DistanceMeters>4639.30</DistanceMeters>
            <HeartRateBpm><Value>134</Value></HeartRateBpm>
            <Cadence>164</Cadence>
          </Trackpoint>
          <Trackpoint>
            <Time>2026-03-07T14:01:10.000Z</Time>
            <Position>
              <LatitudeDegrees>37.3678035</LatitudeDegrees>
              <LongitudeDegrees>-121.8490066</LongitudeDegrees>
            </Position>
            <AltitudeMeters>26.8</AltitudeMeters>
            <DistanceMeters>4651.74</DistanceMeters>
            <HeartRateBpm><Value>134</Value></HeartRateBpm>
            <Cadence>164</Cadence>
          </Trackpoint>
          <Trackpoint>
            <Time>2026-03-07T14:01:15.000Z</Time>
            <Position>
              <LatitudeDegrees>37.3678827</LatitudeDegrees>
              <LongitudeDegrees>-121.8489069</LongitudeDegrees>
            </Position>
            <AltitudeMeters>26.7</AltitudeMeters>
            <DistanceMeters>4664.18</DistanceMeters>
            <HeartRateBpm><Value>134</Value></HeartRateBpm>
            <Cadence>164</Cadence>
          </Trackpoint>
          <Trackpoint>
            <Time>2026-03-07T14:01:20.000Z</Time>
            <Position>
              <LatitudeDegrees>37.3679618</LatitudeDegrees>
              <LongitudeDegrees>-121.8488072</LongitudeDegrees>
            </Position>
            <AltitudeMeters>26.7</AltitudeMeters>
            <DistanceMeters>4676.62</DistanceMeters>
            <HeartRateBpm><Value>134</Value></HeartRateBpm>
            <Cadence>164</Cadence>
          </Trackpoint>
          <Trackpoint>
            <Time>2026-03-07T14:01:25.000Z</Time>
            <Position>
              <LatitudeDegrees>37.3680410</LatitudeDegrees>
              <LongitudeDegrees>-121.8487075</LongitudeDegrees>
            </Position>
            <AltitudeMeters>26.7</AltitudeMeters>
            <DistanceMeters>4689.05</DistanceMeters>
            <HeartRateBpm><Value>134</Value></HeartRateBpm>
            <Cadence>164</Cadence>
          </Trackpoint>
          <Trackpoint>
            <Time>2026-03-07T14:01:30.000Z</Time>
            <Position>
              <LatitudeDegrees>37.3681201</LatitudeDegrees>
              <LongitudeDegrees>-121.8486077</LongitudeDegrees>
            </Position>
            <AltitudeMeters>26.6</AltitudeMeters>
            <DistanceMeters>4701.49</DistanceMeters>
            <HeartRateBpm><Value>134</Value></HeartRateBpm>
            <Cadence>164</Cadence>
          </Trackpoint>
          <Trackpoint>
            <Time>2026-03-07T14:01:35.000Z</Time>
            <Position>
              <LatitudeDegrees>37.3681993</LatitudeDegrees>
              <LongitudeDegrees>-121.8485080</LongitudeDegrees>
            </Position>
            <AltitudeMeters>26.6</AltitudeMeters>
            <DistanceMeters>4713.93</DistanceMeters>
            <HeartRateBpm><Value>134</Value></HeartRateBpm>
            <Cadence>164</Cadence>
          </Trackpoint>
          <Trackpoint>
            <Time>2026-03-07T14:01:40.000Z</Time>
            <Position>
              <LatitudeDegrees>37.3682785</LatitudeDegrees>
              <LongitudeDegrees>-121.8484083</LongitudeDegrees>
            </Position>
            <AltitudeMeters>26.5</AltitudeMeters>
            <DistanceMeters>4726.37</DistanceMeters>
            <HeartRateBpm><Value>134</Value></HeartRateBpm>
            <Cadence>164</Cadence>
          </Trackpoint>
          <Trackpoint>
            <Time>2026-03-07T14:01:45.000Z</Time>
            <Position>
              <LatitudeDegrees>37.3683576</LatitudeDegrees>
              <LongitudeDegrees>-121.8483086</LongitudeDegrees>
            </Position>
            <AltitudeMeters>26.5</AltitudeMeters>
            <DistanceMeters>4738.81</DistanceMeters>
            <HeartRateBpm><Value>134</Value></HeartRateBpm>
            <Cadence>164</Cadence>
          </Trackpoint>
          <Trackpoint>
            <Time>2026-03-07T14:01:50.000Z</Time>
            <Position>
              <LatitudeDegrees>37.3684368</LatitudeDegrees>
              <LongitudeDegrees>-121.8482089</LongitudeDegrees>
            </Position>
            <AltitudeMeters>26.4</AltitudeMeters>
            <DistanceMeters>4751.24</DistanceMeters>
            <HeartRateBpm><Value>134</Value></HeartRateBpm>
            <Cadence>164</Cadence>
          </Trackpoint>
          <Trackpoint>
            <Time>2026-03-07T14:01:55.000Z</Time>
            <Position>
              <LatitudeDegrees>37.3685159</LatitudeDegrees>
              <LongitudeDegrees>-121.8481092</LongitudeDegrees>
            </Position>
            <AltitudeMeters>26.4</AltitudeMeters>
            <DistanceMeters>4763.68</DistanceMeters>
            <HeartRateBpm><Value>134</Value></HeartRateBpm>
            <Cadence>164</Cadence>
          </Trackpoint>
          <Trackpoint>
            <Time>2026-03-07T14:02:00.000Z</Time>
            <Position>
              <LatitudeDegrees>37.3685951</LatitudeDegrees>
              <LongitudeDegrees>-121.8480095</LongitudeDegrees>
            </Position>
            <AltitudeMeters>26.3</AltitudeMeters>
            <DistanceMeters>4776.12</DistanceMeters>
            <HeartRateBpm><Value>134</Value></HeartRateBpm>
            <Cadence>164</Cadence>
          </Trackpoint>
          <Trackpoint>
            <Time>2026-03-07T14:02:05.000Z</Time>
            <Position>
              <LatitudeDegrees>37.3686742</LatitudeDegrees>
              <LongitudeDegrees>-121.8479097</LongitudeDegrees>
            </Position>
            <AltitudeMeters>26.2</AltitudeMeters>
            <DistanceMeters>4788.56</DistanceMeters>
            <HeartRateBpm><Value>134</Value></HeartRateBpm>
            <Cadence>164</Cadence>
          </Trackpoint>
          <Trackpoint>
            <Time>2026-03-07T14:02:10.000Z</Time>
            <Position>
              <LatitudeDegrees>37.3687534</LatitudeDegrees>
              <LongitudeDegrees>-121.8478100</LongitudeDegrees>
            </Position>
            <AltitudeMeters>26.2</AltitudeMeters>
            <DistanceMeters>4801.00</DistanceMeters>
            <HeartRateBpm><Value>134</Value></HeartRateBpm>
            <Cadence>164</Cadence>
          </Trackpoint>
          <Trackpoint>
            <Time>2026-03-07T14:02:15.000Z</Time>
            <Position>
              <LatitudeDegrees>37.3688325</LatitudeDegrees>
              <LongitudeDegrees>-121.8477103</LongitudeDegrees>
            </Position>
            <AltitudeMeters>26.1</AltitudeMeters>
            <DistanceMeters>4813.43</DistanceMeters>
            <HeartRateBpm><Value>134</Value></HeartRateBpm>
            <Cadence>164</Cadence>
          </Trackpoint>
          <Trackpoint>
            <Time>2026-03-07T14:02:20.000Z</Time>
            <Position>
              <LatitudeDegrees>37.3689117</LatitudeDegrees>
              <LongitudeDegrees>-121.8476106</LongitudeDegrees>
            </Position>
            <AltitudeMeters>26</AltitudeMeters>
            <DistanceMeters>4825.87</DistanceMeters>
            <HeartRateBpm><Value>134</Value></HeartRateBpm>
            <Cadence>164</Cadence>
          </Trackpoint>
          <Trackpoint>
            <Time>2026-03-07T14:02:25.000Z</Time>
            <Position>
              <LatitudeDegrees>37.3689908</LatitudeDegrees>
              <LongitudeDegrees>-121.8475109</LongitudeDegrees>
            </Position>
            <AltitudeMeters>26</AltitudeMeters>
            <DistanceMeters>4838.31</DistanceMeters>
            <HeartRateBpm><Value>134</Value></HeartRateBpm>
            <Cadence>164</Cadence>
          </Trackpoint>
          <Trackpoint>
            <Time>2026-03-07T14:02:30.000Z</Time>
            <Position>
              <LatitudeDegrees>37.3690700</LatitudeDegrees>
              <LongitudeDegrees>-121.8474112</LongitudeDegrees>
            </Position>
            <AltitudeMeters>25.9</AltitudeMeters>
            <DistanceMeters>4850.75</DistanceMeters>
            <HeartRateBpm><Value>134</Value></HeartRateBpm>
            <Cadence>164</Cadence>
          </Trackpoint>
          <Trackpoint>
            <Time>2026-03-07T14:02:35.000Z</Time>
            <Position>
              <LatitudeDegrees>37.3691491</LatitudeDegrees>
              <LongitudeDegrees>-121.8473114</LongitudeDegrees>
            </Position>
            <AltitudeMeters>25.8</AltitudeMeters>
            <DistanceMeters>4863.18</DistanceMeters>
            <HeartRateBpm><Value>134</Value></HeartRateBpm>
            <Cadence>164</Cadence>
          </Trackpoint>
          <Trackpoint>
            <Time>2026-03-07T14:02:40.000Z</Time>
            <Position>
              <LatitudeDegrees>37.3692283</LatitudeDegrees>
              <LongitudeDegrees>-121.8472117</LongitudeDegrees>
            </Position>
            <AltitudeMeters>25.8</AltitudeMeters>
            <DistanceMeters>4875.62</DistanceMeters>
            <HeartRateBpm><Value>134</Value></HeartRateBpm>
            <Cadence>164</Cadence>
          </Trackpoint>
          <Trackpoint>
            <Time>2026-03-07T14:02:45.000Z</Time>
            <Position>
              <LatitudeDegrees>37.3693075</LatitudeDegrees>
              <LongitudeDegrees>-121.8471120</LongitudeDegrees>
            </Position>
            <AltitudeMeters>25.7</AltitudeMeters>
            <DistanceMeters>4888.06</DistanceMeters>
            <HeartRateBpm><Value>134</Value></HeartRateBpm>
            <Cadence>164</Cadence>
          </Trackpoint>
          <Trackpoint>
            <Time>2026-03-07T14:02:50.000Z</Time>
            <Position>
              <LatitudeDegrees>37.3693866</LatitudeDegrees>
              <LongitudeDegrees>-121.8470123</LongitudeDegrees>
            </Position>
            <AltitudeMeters>25.6</AltitudeMeters>
            <DistanceMeters>4900.50</DistanceMeters>
            <HeartRateBpm><Value>134</Value></HeartRateBpm>
            <Cadence>164</Cadence>
          </Trackpoint>
          <Trackpoint>
            <Time>2026-03-07T14:02:55.000Z</Time>
            <Position>
              <LatitudeDegrees>37.3694658</LatitudeDegrees>
              <LongitudeDegrees>-121.8469126</LongitudeDegrees>
            </Position>
            <AltitudeMeters>25.5</AltitudeMeters>
            <DistanceMeters>4912.94</DistanceMeters>
            <HeartRateBpm><Value>134</Value></HeartRateBpm>
            <Cadence>164</Cadence>
          </Trackpoint>
          <Trackpoint>
            <Time>2026-03-07T14:03:00.000Z</Time>
            <Position>
              <LatitudeDegrees>37.3695449</LatitudeDegrees>
              <LongitudeDegrees>-121.8468129</LongitudeDegrees>
            </Position>
            <AltitudeMeters>25.5</AltitudeMeters>
            <DistanceMeters>4925.37</DistanceMeters>
            <HeartRateBpm><Value>134</Value></HeartRateBpm>
            <Cadence>164</Cadence>
          </Trackpoint>
          <Trackpoint>
            <Time>2026-03-07T14:03:05.000Z</Time>
            <Position>
              <LatitudeDegrees>37.3696241</LatitudeDegrees>
              <LongitudeDegrees>-121.8467132</LongitudeDegrees>
            </Position>
            <AltitudeMeters>25.4</AltitudeMeters>
            <DistanceMeters>4937.81</DistanceMeters>
            <HeartRateBpm><Value>134</Value></HeartRateBpm>
            <Cadence>164</Cadence>
          </Trackpoint>
          <Trackpoint>
            <Time>2026-03-07T14:03:10.000Z</Time>
            <Position>
              <LatitudeDegrees>37.3697032</LatitudeDegrees>
              <LongitudeDegrees>-121.8466134</LongitudeDegrees>
            </Position>
            <AltitudeMeters>25.3</AltitudeMeters>
            <DistanceMeters>4950.25</DistanceMeters>
            <HeartRateBpm><Value>134</Value></HeartRateBpm>
            <Cadence>164</Cadence>
          </Trackpoint>
          <Trackpoint>
            <Time>2026-03-07T14:03:15.000Z</Time>
            <Position>
              <LatitudeDegrees>37.3697824</LatitudeDegrees>
              <LongitudeDegrees>-121.8465137</LongitudeDegrees>
            </Position>
            <AltitudeMeters>25.2</AltitudeMeters>
            <DistanceMeters>4962.69</DistanceMeters>
            <HeartRateBpm><Value>134</Value></HeartRateBpm>
            <Cadence>164</Cadence>
          </Trackpoint>
          <Trackpoint>
            <Time>2026-03-07T14:03:20.000Z</Time>
            <Position>
              <LatitudeDegrees>37.3698615</LatitudeDegrees>
              <LongitudeDegrees>-121.8464140</LongitudeDegrees>
            </Position>
            <AltitudeMeters>25.2</AltitudeMeters>
            <DistanceMeters>4975.12</DistanceMeters>
            <HeartRateBpm><Value>134</Value></HeartRateBpm>
            <Cadence>164</Cadence>
          </Trackpoint>
          <Trackpoint>
            <Time>2026-03-07T14:03:25.000Z</Time>
            <Position>
              <LatitudeDegrees>37.3699407</LatitudeDegrees>
              <LongitudeDegrees>-121.8463143</LongitudeDegrees>
            </Position>
            <AltitudeMeters>25.1</AltitudeMeters>
            <DistanceMeters>4987.56</DistanceMeters>
            <HeartRateBpm><Value>134</Value></HeartRateBpm>
            <Cadence>164</Cadence>
          </Trackpoint>
          <Trackpoint>
            <Time>2026-03-07T14:03:30.000Z</Time>
            <Position>
              <LatitudeDegrees>37.3700198</LatitudeDegrees>
              <LongitudeDegrees>-121.8462146</LongitudeDegrees>
            </Position>
            <AltitudeMeters>25</AltitudeMeters>
            <DistanceMeters>5000.00</DistanceMeters>
            <HeartRateBpm><Value>134</Value></HeartRateBpm>
            <Cadence>164</Cadence>
          </Trackpoint>
          <Trackpoint>
            <Time>2026-03-07T14:03:35.000Z</Time>
            <Position>
              <LatitudeDegrees>37.3700990</LatitudeDegrees>
              <LongitudeDegrees>-121.8461149</LongitudeDegrees>
            </Position>
            <AltitudeMeters>24.9</AltitudeMeters>
            <DistanceMeters>5012.44</DistanceMeters>
            <HeartRateBpm><Value>134</Value></HeartRateBpm>
            <Cadence>164</Cadence>
          </Trackpoint>
          <Trackpoint>
            <Time>2026-03-07T14:03:40.000Z</Time>
            <Position>
              <LatitudeDegrees>37.3701781</LatitudeDegrees>
              <LongitudeDegrees>-121.8460152</LongitudeDegrees>
            </Position>
            <AltitudeMeters>24.8</AltitudeMeters>
            <DistanceMeters>5024.88</DistanceMeters>
            <HeartRateBpm><Value>134</Value></HeartRateBpm>
            <Cadence>164</Cadence>
          </Trackpoint>
          <Trackpoint>
            <Time>2026-03-07T14:03:45.000Z</Time>
            <Position>
              <LatitudeDegrees>37.3702573</LatitudeDegrees>
              <LongitudeDegrees>-121.8459154</LongitudeDegrees>
            </Position>
            <AltitudeMeters>24.8</AltitudeMeters>
            <DistanceMeters>5037.31</DistanceMeters>
            <HeartRateBpm><Value>134</Value></HeartRateBpm>
            <Cadence>164</Cadence>
          </Trackpoint>
          <Trackpoint>
            <Time>2026-03-07T14:03:50.000Z</Time>
            <Position>
              <LatitudeDegrees>37.3703365</LatitudeDegrees>
              <LongitudeDegrees>-121.8458157</LongitudeDegrees>
            </Position>
            <AltitudeMeters>24.7</AltitudeMeters>
            <DistanceMeters>5049.75</DistanceMeters>
            <HeartRateBpm><Value>134</Value></HeartRateBpm>
            <Cadence>164</Cadence>
          </Trackpoint>
          <Trackpoint>
            <Time>2026-03-07T14:03:55.000Z</Time>
            <Position>
              <LatitudeDegrees>37.3704156</LatitudeDegrees>
              <LongitudeDegrees>-121.8457160</LongitudeDegrees>
            </Position>
            <AltitudeMeters>24.6</AltitudeMeters>
            <DistanceMeters>5062.19</DistanceMeters>
            <HeartRateBpm><Value>134</Value></HeartRateBpm>
            <Cadence>164</Cadence>
          </Trackpoint>
          <Trackpoint>
            <Time>2026-03-07T14:04:00.000Z</Time>
            <Position>
              <LatitudeDegrees>37.3704948</LatitudeDegrees>
              <LongitudeDegrees>-121.8456163</LongitudeDegrees>
            </Position>
            <AltitudeMeters>24.5</AltitudeMeters>
            <DistanceMeters>5074.63</DistanceMeters>
            <HeartRateBpm><Value>134</Value></HeartRateBpm>
            <Cadence>164</Cadence>
          </Trackpoint>
          <Trackpoint>
            <Time>2026-03-07T14:04:05.000Z</Time>
            <Position>
              <LatitudeDegrees>37.3705739</LatitudeDegrees>
              <LongitudeDegrees>-121.8455166</LongitudeDegrees>
            </Position>
            <AltitudeMeters>24.5</AltitudeMeters>
            <DistanceMeters>5087.06</DistanceMeters>
            <HeartRateBpm><Value>134</Value></HeartRateBpm>
            <Cadence>164</Cadence>
          </Trackpoint>
          <Trackpoint>
            <Time>2026-03-07T14:04:10.000Z</Time>
            <Position>
              <LatitudeDegrees>37.3706531</LatitudeDegrees>
              <LongitudeDegrees>-121.8454169</LongitudeDegrees>
            </Position>
            <AltitudeMeters>24.4</AltitudeMeters>
            <DistanceMeters>5099.50</DistanceMeters>
            <HeartRateBpm><Value>134</Value></HeartRateBpm>
            <Cadence>164</Cadence>
          </Trackpoint>
          <Trackpoint>
            <Time>2026-03-07T14:04:15.000Z</Time>
            <Position>
              <LatitudeDegrees>37.3707322</LatitudeDegrees>
              <LongitudeDegrees>-121.8453171</LongitudeDegrees>
            </Position>
            <AltitudeMeters>24.3</AltitudeMeters>
            <DistanceMeters>5111.94</DistanceMeters>
            <HeartRateBpm><Value>134</Value></HeartRateBpm>
            <Cadence>164</Cadence>
          </Trackpoint>
          <Trackpoint>
            <Time>2026-03-07T14:04:20.000Z</Time>
            <Position>
              <LatitudeDegrees>37.3708114</LatitudeDegrees>
              <LongitudeDegrees>-121.8452174</LongitudeDegrees>
            </Position>
            <AltitudeMeters>24.2</AltitudeMeters>
            <DistanceMeters>5124.38</DistanceMeters>
            <HeartRateBpm><Value>134</Value></HeartRateBpm>
            <Cadence>164</Cadence>
          </Trackpoint>
          <Trackpoint>
            <Time>2026-03-07T14:04:25.000Z</Time>
            <Position>
              <LatitudeDegrees>37.3708905</LatitudeDegrees>
              <LongitudeDegrees>-121.8451177</LongitudeDegrees>
            </Position>
            <AltitudeMeters>24.2</AltitudeMeters>
            <DistanceMeters>5136.82</DistanceMeters>
            <HeartRateBpm><Value>134</Value></HeartRateBpm>
            <Cadence>164</Cadence>
          </Trackpoint>
          <Trackpoint>
            <Time>2026-03-07T14:04:30.000Z</Time>
            <Position>
              <LatitudeDegrees>37.3709697</LatitudeDegrees>
              <LongitudeDegrees>-121.8450180</LongitudeDegrees>
            </Position>
            <AltitudeMeters>24.1</AltitudeMeters>
            <DistanceMeters>5149.25</DistanceMeters>
            <HeartRateBpm><Value>134</Value></HeartRateBpm>
            <Cadence>164</Cadence>
          </Trackpoint>
          <Trackpoint>
            <Time>2026-03-07T14:04:35.000Z</Time>
            <Position>
              <LatitudeDegrees>37.3710488</LatitudeDegrees>
              <LongitudeDegrees>-121.8449183</LongitudeDegrees>
            </Position>
            <AltitudeMeters>24</AltitudeMeters>
            <DistanceMeters>5161.69</DistanceMeters>
            <HeartRateBpm><Value>134</Value></HeartRateBpm>
            <Cadence>164</Cadence>
          </Trackpoint>
          <Trackpoint>
            <Time>2026-03-07T14:04:40.000Z</Time>
            <Position>
              <LatitudeDegrees>37.3711280</LatitudeDegrees>
              <LongitudeDegrees>-121.8448186</LongitudeDegrees>
            </Position>
            <AltitudeMeters>24</AltitudeMeters>
            <DistanceMeters>5174.13</DistanceMeters>
            <HeartRateBpm><Value>134</Value></HeartRateBpm>
            <Cadence>164</Cadence>
          </Trackpoint>
          <Trackpoint>
            <Time>2026-03-07T14:04:45.000Z</Time>
            <Position>
              <LatitudeDegrees>37.3712071</LatitudeDegrees>
              <LongitudeDegrees>-121.8447189</LongitudeDegrees>
            </Position>
            <AltitudeMeters>23.9</AltitudeMeters>
            <DistanceMeters>5186.57</DistanceMeters>
            <HeartRateBpm><Value>134</Value></HeartRateBpm>
            <Cadence>164</Cadence>
          </Trackpoint>
          <Trackpoint>
            <Time>2026-03-07T14:04:50.000Z</Time>
            <Position>
              <LatitudeDegrees>37.3712863</LatitudeDegrees>
              <LongitudeDegrees>-121.8446191</LongitudeDegrees>
            </Position>
            <AltitudeMeters>23.8</AltitudeMeters>
            <DistanceMeters>5199.00</DistanceMeters>
            <HeartRateBpm><Value>134</Value></HeartRateBpm>
            <Cadence>164</Cadence>
          </Trackpoint>
          <Trackpoint>
            <Time>2026-03-07T14:04:55.000Z</Time>
            <Position>
              <LatitudeDegrees>37.3713655</LatitudeDegrees>
              <LongitudeDegrees>-121.8445194</LongitudeDegrees>
            </Position>
            <AltitudeMeters>23.8</AltitudeMeters>
            <DistanceMeters>5211.44</DistanceMeters>
            <HeartRateBpm><Value>134</Value></HeartRateBpm>
            <Cadence>164</Cadence>
          </Trackpoint>
          <Trackpoint>
            <Time>2026-03-07T14:05:00.000Z</Time>
            <Position>
              <LatitudeDegrees>37.3714446</LatitudeDegrees>
              <LongitudeDegrees>-121.8444197</LongitudeDegrees>
            </Position>
            <AltitudeMeters>23.7</AltitudeMeters>
            <DistanceMeters>5223.88</DistanceMeters>
            <HeartRateBpm><Value>134</Value></HeartRateBpm>
            <Cadence>164</Cadence>
          </Trackpoint>
          <Trackpoint>
            <Time>2026-03-07T14:05:05.000Z</Time>
            <Position>
              <LatitudeDegrees>37.3715238</LatitudeDegrees>
              <LongitudeDegrees>-121.8443200</LongitudeDegrees>
            </Position>
            <AltitudeMeters>23.6</AltitudeMeters>
            <DistanceMeters>5236.32</DistanceMeters>
            <HeartRateBpm><Value>134</Value></HeartRateBpm>
            <Cadence>164</Cadence>
          </Trackpoint>
          <Trackpoint>
            <Time>2026-03-07T14:05:10.000Z</Time>
            <Position>
              <LatitudeDegrees>37.3716029</LatitudeDegrees>
              <LongitudeDegrees>-121.8442203</LongitudeDegrees>
            </Position>
            <AltitudeMeters>23.6</AltitudeMeters>
            <DistanceMeters>5248.76</DistanceMeters>
            <HeartRateBpm><Value>134</Value></HeartRateBpm>
            <Cadence>164</Cadence>
          </Trackpoint>
          <Trackpoint>
            <Time>2026-03-07T14:05:15.000Z</Time>
            <Position>
              <LatitudeDegrees>37.3716821</LatitudeDegrees>
              <LongitudeDegrees>-121.8441206</LongitudeDegrees>
            </Position>
            <AltitudeMeters>23.5</AltitudeMeters>
            <DistanceMeters>5261.19</DistanceMeters>
            <HeartRateBpm><Value>134</Value></HeartRateBpm>
            <Cadence>164</Cadence>
          </Trackpoint>
          <Trackpoint>
            <Time>2026-03-07T14:05:20.000Z</Time>
            <Position>
              <LatitudeDegrees>37.3717612</LatitudeDegrees>
              <LongitudeDegrees>-121.8440209</LongitudeDegrees>
            </Position>
            <AltitudeMeters>23.5</AltitudeMeters>
            <DistanceMeters>5273.63</DistanceMeters>
            <HeartRateBpm><Value>134</Value></HeartRateBpm>
            <Cadence>164</Cadence>
          </Trackpoint>
          <Trackpoint>
            <Time>2026-03-07T14:05:25.000Z</Time>
            <Position>
              <LatitudeDegrees>37.3718404</LatitudeDegrees>
              <LongitudeDegrees>-121.8439211</LongitudeDegrees>
            </Position>
            <AltitudeMeters>23.4</AltitudeMeters>
            <DistanceMeters>5286.07</DistanceMeters>
            <HeartRateBpm><Value>134</Value></HeartRateBpm>
            <Cadence>164</Cadence>
          </Trackpoint>
          <Trackpoint>
            <Time>2026-03-07T14:05:30.000Z</Time>
            <Position>
              <LatitudeDegrees>37.3719195</LatitudeDegrees>
              <LongitudeDegrees>-121.8438214</LongitudeDegrees>
            </Position>
            <AltitudeMeters>23.4</AltitudeMeters>
            <DistanceMeters>5298.51</DistanceMeters>
            <HeartRateBpm><Value>134</Value></HeartRateBpm>
            <Cadence>164</Cadence>
          </Trackpoint>
          <Trackpoint>
            <Time>2026-03-07T14:05:35.000Z</Time>
            <Position>
              <LatitudeDegrees>37.3719987</LatitudeDegrees>
              <LongitudeDegrees>-121.8437217</LongitudeDegrees>
            </Position>
            <AltitudeMeters>23.3</AltitudeMeters>
            <DistanceMeters>5310.95</DistanceMeters>
            <HeartRateBpm><Value>134</Value></HeartRateBpm>
            <Cadence>164</Cadence>
          </Trackpoint>
          <Trackpoint>
            <Time>2026-03-07T14:05:40.000Z</Time>
            <Position>
              <LatitudeDegrees>37.3720778</LatitudeDegrees>
              <LongitudeDegrees>-121.8436220</LongitudeDegrees>
            </Position>
            <AltitudeMeters>23.3</AltitudeMeters>
            <DistanceMeters>5323.38</DistanceMeters>
            <HeartRateBpm><Value>134</Value></HeartRateBpm>
            <Cadence>164</Cadence>
          </Trackpoint>
          <Trackpoint>
            <Time>2026-03-07T14:05:45.000Z</Time>
            <Position>
              <LatitudeDegrees>37.3721570</LatitudeDegrees>
              <LongitudeDegrees>-121.8435223</LongitudeDegrees>
            </Position>
            <AltitudeMeters>23.3</AltitudeMeters>
            <DistanceMeters>5335.82</DistanceMeters>
            <HeartRateBpm><Value>134</Value></HeartRateBpm>
            <Cadence>164</Cadence>
          </Trackpoint>
          <Trackpoint>
            <Time>2026-03-07T14:05:50.000Z</Time>
            <Position>
              <LatitudeDegrees>37.3722361</LatitudeDegrees>
              <LongitudeDegrees>-121.8434226</LongitudeDegrees>
            </Position>
            <AltitudeMeters>23.2</AltitudeMeters>
            <DistanceMeters>5348.26</DistanceMeters>
            <HeartRateBpm><Value>134</Value></HeartRateBpm>
            <Cadence>164</Cadence>
          </Trackpoint>
          <Trackpoint>
            <Time>2026-03-07T14:05:55.000Z</Time>
            <Position>
              <LatitudeDegrees>37.3723153</LatitudeDegrees>
              <LongitudeDegrees>-121.8433228</LongitudeDegrees>
            </Position>
            <AltitudeMeters>23.2</AltitudeMeters>
            <DistanceMeters>5360.70</DistanceMeters>
            <HeartRateBpm><Value>134</Value></HeartRateBpm>
            <Cadence>164</Cadence>
          </Trackpoint>
          <Trackpoint>
            <Time>2026-03-07T14:06:00.000Z</Time>
            <Position>
              <LatitudeDegrees>37.3723945</LatitudeDegrees>
              <LongitudeDegrees>-121.8432231</LongitudeDegrees>
            </Position>
            <AltitudeMeters>23.2</AltitudeMeters>
            <DistanceMeters>5373.13</DistanceMeters>
            <HeartRateBpm><Value>134</Value></HeartRateBpm>
            <Cadence>164</Cadence>
          </Trackpoint>
          <Trackpoint>
            <Time>2026-03-07T14:06:05.000Z</Time>
            <Position>
              <LatitudeDegrees>37.3724736</LatitudeDegrees>
              <LongitudeDegrees>-121.8431234</LongitudeDegrees>
            </Position>
            <AltitudeMeters>23.1</AltitudeMeters>
            <DistanceMeters>5385.57</DistanceMeters>
            <HeartRateBpm><Value>134</Value></HeartRateBpm>
            <Cadence>164</Cadence>
          </Trackpoint>
          <Trackpoint>
            <Time>2026-03-07T14:06:10.000Z</Time>
            <Position>
              <LatitudeDegrees>37.3725528</LatitudeDegrees>
              <LongitudeDegrees>-121.8430237</LongitudeDegrees>
            </Position>
            <AltitudeMeters>23.1</AltitudeMeters>
            <DistanceMeters>5398.01</DistanceMeters>
            <HeartRateBpm><Value>134</Value></HeartRateBpm>
            <Cadence>164</Cadence>
          </Trackpoint>
          <Trackpoint>
            <Time>2026-03-07T14:06:15.000Z</Time>
            <Position>
              <LatitudeDegrees>37.3726319</LatitudeDegrees>
              <LongitudeDegrees>-121.8429240</LongitudeDegrees>
            </Position>
            <AltitudeMeters>23.1</AltitudeMeters>
            <DistanceMeters>5410.45</DistanceMeters>
            <HeartRateBpm><Value>134</Value></HeartRateBpm>
            <Cadence>164</Cadence>
          </Trackpoint>
          <Trackpoint>
            <Time>2026-03-07T14:06:20.000Z</Time>
            <Position>
              <LatitudeDegrees>37.3727111</LatitudeDegrees>
              <LongitudeDegrees>-121.8428243</LongitudeDegrees>
            </Position>
            <AltitudeMeters>23.1</AltitudeMeters>
            <DistanceMeters>5422.89</DistanceMeters>
            <HeartRateBpm><Value>134</Value></HeartRateBpm>
            <Cadence>164</Cadence>
          </Trackpoint>
          <Trackpoint>
            <Time>2026-03-07T14:06:25.000Z</Time>
            <Position>
              <LatitudeDegrees>37.3727902</LatitudeDegrees>
              <LongitudeDegrees>-121.8427246</LongitudeDegrees>
            </Position>
            <AltitudeMeters>23</AltitudeMeters>
            <DistanceMeters>5435.32</DistanceMeters>
            <HeartRateBpm><Value>134</Value></HeartRateBpm>
            <Cadence>164</Cadence>
          </Trackpoint>
          <Trackpoint>
            <Time>2026-03-07T14:06:30.000Z</Time>
            <Position>
              <LatitudeDegrees>37.3728694</LatitudeDegrees>
              <LongitudeDegrees>-121.8426248</LongitudeDegrees>
            </Position>
            <AltitudeMeters>23</AltitudeMeters>
            <DistanceMeters>5447.76</DistanceMeters>
            <HeartRateBpm><Value>134</Value></HeartRateBpm>
            <Cadence>164</Cadence>
          </Trackpoint>
          <Trackpoint>
            <Time>2026-03-07T14:06:35.000Z</Time>
            <Position>
              <LatitudeDegrees>37.3729485</LatitudeDegrees>
              <LongitudeDegrees>-121.8425251</LongitudeDegrees>
            </Position>
            <AltitudeMeters>23</AltitudeMeters>
            <DistanceMeters>5460.20</DistanceMeters>
            <HeartRateBpm><Value>134</Value></HeartRateBpm>
            <Cadence>164</Cadence>
          </Trackpoint>
          <Trackpoint>
            <Time>2026-03-07T14:06:40.000Z</Time>
            <Position>
              <LatitudeDegrees>37.3730277</LatitudeDegrees>
              <LongitudeDegrees>-121.8424254</LongitudeDegrees>
            </Position>
            <AltitudeMeters>23</AltitudeMeters>
            <DistanceMeters>5472.64</DistanceMeters>
            <HeartRateBpm><Value>134</Value></HeartRateBpm>
            <Cadence>164</Cadence>
          </Trackpoint>
          <Trackpoint>
            <Time>2026-03-07T14:06:45.000Z</Time>
            <Position>
              <LatitudeDegrees>37.3731068</LatitudeDegrees>
              <LongitudeDegrees>-121.8423257</LongitudeDegrees>
            </Position>
            <AltitudeMeters>23</AltitudeMeters>
            <DistanceMeters>5485.07</DistanceMeters>
            <HeartRateBpm><Value>134</Value></HeartRateBpm>
            <Cadence>164</Cadence>
          </Trackpoint>
          <Trackpoint>
            <Time>2026-03-07T14:06:50.000Z</Time>
            <Position>
              <LatitudeDegrees>37.3731860</LatitudeDegrees>
              <LongitudeDegrees>-121.8422260</LongitudeDegrees>
            </Position>
            <AltitudeMeters>23</AltitudeMeters>
            <DistanceMeters>5497.51</DistanceMeters>
            <HeartRateBpm><Value>134</Value></HeartRateBpm>
            <Cadence>164</Cadence>
          </Trackpoint>
          <Trackpoint>
            <Time>2026-03-07T14:06:55.000Z</Time>
            <Position>
              <LatitudeDegrees>37.3732651</LatitudeDegrees>
              <LongitudeDegrees>-121.8421263</LongitudeDegrees>
            </Position>
            <AltitudeMeters>23</AltitudeMeters>
            <DistanceMeters>5509.95</DistanceMeters>
            <HeartRateBpm><Value>134</Value></HeartRateBpm>
            <Cadence>164</Cadence>
          </Trackpoint>
          <Trackpoint>
            <Time>2026-03-07T14:07:00.000Z</Time>
            <Position>
              <LatitudeDegrees>37.3733443</LatitudeDegrees>
              <LongitudeDegrees>-121.8420266</LongitudeDegrees>
            </Position>
            <AltitudeMeters>23</AltitudeMeters>
            <DistanceMeters>5522.39</DistanceMeters>
            <HeartRateBpm><Value>134</Value></HeartRateBpm>
            <Cadence>164</Cadence>
          </Trackpoint>
          <Trackpoint>
            <Time>2026-03-07T14:07:05.000Z</Time>
            <Position>
              <LatitudeDegrees>37.3734235</LatitudeDegrees>
              <LongitudeDegrees>-121.8419268</LongitudeDegrees>
            </Position>
            <AltitudeMeters>23</AltitudeMeters>
            <DistanceMeters>5534.83</DistanceMeters>
            <HeartRateBpm><Value>134</Value></HeartRateBpm>
            <Cadence>164</Cadence>
          </Trackpoint>
          <Trackpoint>
            <Time>2026-03-07T14:07:10.000Z</Time>
            <Position>
              <LatitudeDegrees>37.3735026</LatitudeDegrees>
              <LongitudeDegrees>-121.8418271</LongitudeDegrees>
            </Position>
            <AltitudeMeters>23</AltitudeMeters>
            <DistanceMeters>5547.26</DistanceMeters>
            <HeartRateBpm><Value>134</Value></HeartRateBpm>
            <Cadence>164</Cadence>
          </Trackpoint>
          <Trackpoint>
            <Time>2026-03-07T14:07:15.000Z</Time>
            <Position>
              <LatitudeDegrees>37.3735818</LatitudeDegrees>
              <LongitudeDegrees>-121.8417274</LongitudeDegrees>
            </Position>
            <AltitudeMeters>23</AltitudeMeters>
            <DistanceMeters>5559.70</DistanceMeters>
            <HeartRateBpm><Value>134</Value></HeartRateBpm>
            <Cadence>164</Cadence>
          </Trackpoint>
          <Trackpoint>
            <Time>2026-03-07T14:07:20.000Z</Time>
            <Position>
              <LatitudeDegrees>37.3736609</LatitudeDegrees>
              <LongitudeDegrees>-121.8416277</LongitudeDegrees>
            </Position>
            <AltitudeMeters>23.1</AltitudeMeters>
            <DistanceMeters>5572.14</DistanceMeters>
            <HeartRateBpm><Value>134</Value></HeartRateBpm>
            <Cadence>164</Cadence>
          </Trackpoint>
          <Trackpoint>
            <Time>2026-03-07T14:07:25.000Z</Time>
            <Position>
              <LatitudeDegrees>37.3737401</LatitudeDegrees>
              <LongitudeDegrees>-121.8415280</LongitudeDegrees>
            </Position>
            <AltitudeMeters>23.1</AltitudeMeters>
            <DistanceMeters>5584.58</DistanceMeters>
            <HeartRateBpm><Value>134</Value></HeartRateBpm>
            <Cadence>164</Cadence>
          </Trackpoint>
          <Trackpoint>
            <Time>2026-03-07T14:07:30.000Z</Time>
            <Position>
              <LatitudeDegrees>37.3738192</LatitudeDegrees>
              <LongitudeDegrees>-121.8414283</LongitudeDegrees>
            </Position>
            <AltitudeMeters>23.1</AltitudeMeters>
            <DistanceMeters>5597.01</DistanceMeters>
            <HeartRateBpm><Value>134</Value></HeartRateBpm>
            <Cadence>164</Cadence>
          </Trackpoint>
          <Trackpoint>
            <Time>2026-03-07T14:07:35.000Z</Time>
            <Position>
              <LatitudeDegrees>37.3738984</LatitudeDegrees>
              <LongitudeDegrees>-121.8413285</LongitudeDegrees>
            </Position>
            <AltitudeMeters>23.1</AltitudeMeters>
            <DistanceMeters>5609.45</DistanceMeters>
            <HeartRateBpm><Value>134</Value></HeartRateBpm>
            <Cadence>164</Cadence>
          </Trackpoint>
          <Trackpoint>
            <Time>2026-03-07T14:07:40.000Z</Time>
            <Position>
              <LatitudeDegrees>37.3739775</LatitudeDegrees>
              <LongitudeDegrees>-121.8412288</LongitudeDegrees>
            </Position>
            <AltitudeMeters>23.1</AltitudeMeters>
            <DistanceMeters>5621.89</DistanceMeters>
            <HeartRateBpm><Value>134</Value></HeartRateBpm>
            <Cadence>164</Cadence>
          </Trackpoint>
          <Trackpoint>
            <Time>2026-03-07T14:07:45.000Z</Time>
            <Position>
              <LatitudeDegrees>37.3740567</LatitudeDegrees>
              <LongitudeDegrees>-121.8411291</LongitudeDegrees>
            </Position>
            <AltitudeMeters>23.2</AltitudeMeters>
            <DistanceMeters>5634.33</DistanceMeters>
            <HeartRateBpm><Value>134</Value></HeartRateBpm>
            <Cadence>164</Cadence>
          </Trackpoint>
          <Trackpoint>
            <Time>2026-03-07T14:07:50.000Z</Time>
            <Position>
              <LatitudeDegrees>37.3741358</LatitudeDegrees>
              <LongitudeDegrees>-121.8410294</LongitudeDegrees>
            </Position>
            <AltitudeMeters>23.2</AltitudeMeters>
            <DistanceMeters>5646.77</DistanceMeters>
            <HeartRateBpm><Value>134</Value></HeartRateBpm>
            <Cadence>164</Cadence>
          </Trackpoint>
          <Trackpoint>
            <Time>2026-03-07T14:07:55.000Z</Time>
            <Position>
              <LatitudeDegrees>37.3742150</LatitudeDegrees>
              <LongitudeDegrees>-121.8409297</LongitudeDegrees>
            </Position>
            <AltitudeMeters>23.2</AltitudeMeters>
            <DistanceMeters>5659.20</DistanceMeters>
            <HeartRateBpm><Value>134</Value></HeartRateBpm>
            <Cadence>164</Cadence>
          </Trackpoint>
          <Trackpoint>
            <Time>2026-03-07T14:08:00.000Z</Time>
            <Position>
              <LatitudeDegrees>37.3742941</LatitudeDegrees>
              <LongitudeDegrees>-121.8408300</LongitudeDegrees>
            </Position>
            <AltitudeMeters>23.3</AltitudeMeters>
            <DistanceMeters>5671.64</DistanceMeters>
            <HeartRateBpm><Value>134</Value></HeartRateBpm>
            <Cadence>164</Cadence>
          </Trackpoint>
          <Trackpoint>
            <Time>2026-03-07T14:08:05.000Z</Time>
            <Position>
              <LatitudeDegrees>37.3743733</LatitudeDegrees>
              <LongitudeDegrees>-121.8407303</LongitudeDegrees>
            </Position>
            <AltitudeMeters>23.3</AltitudeMeters>
            <DistanceMeters>5684.08</DistanceMeters>
            <HeartRateBpm><Value>134</Value></HeartRateBpm>
            <Cadence>164</Cadence>
          </Trackpoint>
          <Trackpoint>
            <Time>2026-03-07T14:08:10.000Z</Time>
            <Position>
              <LatitudeDegrees>37.3744525</LatitudeDegrees>
              <LongitudeDegrees>-121.8406305</LongitudeDegrees>
            </Position>
            <AltitudeMeters>23.4</AltitudeMeters>
            <DistanceMeters>5696.52</DistanceMeters>
            <HeartRateBpm><Value>134</Value></HeartRateBpm>
            <Cadence>164</Cadence>
          </Trackpoint>
          <Trackpoint>
            <Time>2026-03-07T14:08:15.000Z</Time>
            <Position>
              <LatitudeDegrees>37.3745316</LatitudeDegrees>
              <LongitudeDegrees>-121.8405308</LongitudeDegrees>
            </Position>
            <AltitudeMeters>23.4</AltitudeMeters>
            <DistanceMeters>5708.96</DistanceMeters>
            <HeartRateBpm><Value>134</Value></HeartRateBpm>
            <Cadence>164</Cadence>
          </Trackpoint>
          <Trackpoint>
            <Time>2026-03-07T14:08:20.000Z</Time>
            <Position>
              <LatitudeDegrees>37.3746108</LatitudeDegrees>
              <LongitudeDegrees>-121.8404311</LongitudeDegrees>
            </Position>
            <AltitudeMeters>23.5</AltitudeMeters>
            <DistanceMeters>5721.39</DistanceMeters>
            <HeartRateBpm><Value>134</Value></HeartRateBpm>
            <Cadence>164</Cadence>
          </Trackpoint>
          <Trackpoint>
            <Time>2026-03-07T14:08:25.000Z</Time>
            <Position>
              <LatitudeDegrees>37.3746899</LatitudeDegrees>
              <LongitudeDegrees>-121.8403314</LongitudeDegrees>
            </Position>
            <AltitudeMeters>23.5</AltitudeMeters>
            <DistanceMeters>5733.83</DistanceMeters>
            <HeartRateBpm><Value>134</Value></HeartRateBpm>
            <Cadence>164</Cadence>
          </Trackpoint>
          <Trackpoint>
            <Time>2026-03-07T14:08:30.000Z</Time>
            <Position>
              <LatitudeDegrees>37.3747691</LatitudeDegrees>
              <LongitudeDegrees>-121.8402317</LongitudeDegrees>
            </Position>
            <AltitudeMeters>23.6</AltitudeMeters>
            <DistanceMeters>5746.27</DistanceMeters>
            <HeartRateBpm><Value>134</Value></HeartRateBpm>
            <Cadence>164</Cadence>
          </Trackpoint>
          <Trackpoint>
            <Time>2026-03-07T14:08:35.000Z</Time>
            <Position>
              <LatitudeDegrees>37.3748482</LatitudeDegrees>
              <LongitudeDegrees>-121.8401320</LongitudeDegrees>
            </Position>
            <AltitudeMeters>23.6</AltitudeMeters>
            <DistanceMeters>5758.71</DistanceMeters>
            <HeartRateBpm><Value>134</Value></HeartRateBpm>
            <Cadence>164</Cadence>
          </Trackpoint>
          <Trackpoint>
            <Time>2026-03-07T14:08:40.000Z</Time>
            <Position>
              <LatitudeDegrees>37.3749274</LatitudeDegrees>
              <LongitudeDegrees>-121.8400323</LongitudeDegrees>
            </Position>
            <AltitudeMeters>23.7</AltitudeMeters>
            <DistanceMeters>5771.14</DistanceMeters>
            <HeartRateBpm><Value>134</Value></HeartRateBpm>
            <Cadence>164</Cadence>
          </Trackpoint>
          <Trackpoint>
            <Time>2026-03-07T14:08:45.000Z</Time>
            <Position>
              <LatitudeDegrees>37.3750065</LatitudeDegrees>
              <LongitudeDegrees>-121.8399325</LongitudeDegrees>
            </Position>
            <AltitudeMeters>23.7</AltitudeMeters>
            <DistanceMeters>5783.58</DistanceMeters>
            <HeartRateBpm><Value>134</Value></HeartRateBpm>
            <Cadence>164</Cadence>
          </Trackpoint>
          <Trackpoint>
            <Time>2026-03-07T14:08:50.000Z</Time>
            <Position>
              <LatitudeDegrees>37.3750857</LatitudeDegrees>
              <LongitudeDegrees>-121.8398328</LongitudeDegrees>
            </Position>
            <AltitudeMeters>23.8</AltitudeMeters>
            <DistanceMeters>5796.02</DistanceMeters>
            <HeartRateBpm><Value>134</Value></HeartRateBpm>
            <Cadence>164</Cadence>
          </Trackpoint>
          <Trackpoint>
            <Time>2026-03-07T14:08:55.000Z</Time>
            <Position>
              <LatitudeDegrees>37.3751648</LatitudeDegrees>
              <LongitudeDegrees>-121.8397331</LongitudeDegrees>
            </Position>
            <AltitudeMeters>23.9</AltitudeMeters>
            <DistanceMeters>5808.46</DistanceMeters>
            <HeartRateBpm><Value>134</Value></HeartRateBpm>
            <Cadence>164</Cadence>
          </Trackpoint>
          <Trackpoint>
            <Time>2026-03-07T14:09:00.000Z</Time>
            <Position>
              <LatitudeDegrees>37.3752440</LatitudeDegrees>
              <LongitudeDegrees>-121.8396334</LongitudeDegrees>
            </Position>
            <AltitudeMeters>23.9</AltitudeMeters>
            <DistanceMeters>5820.90</DistanceMeters>
            <HeartRateBpm><Value>134</Value></HeartRateBpm>
            <Cadence>164</Cadence>
          </Trackpoint>
          <Trackpoint>
            <Time>2026-03-07T14:09:05.000Z</Time>
            <Position>
              <LatitudeDegrees>37.3753231</LatitudeDegrees>
              <LongitudeDegrees>-121.8395337</LongitudeDegrees>
            </Position>
            <AltitudeMeters>24</AltitudeMeters>
            <DistanceMeters>5833.33</DistanceMeters>
            <HeartRateBpm><Value>134</Value></HeartRateBpm>
            <Cadence>164</Cadence>
          </Trackpoint>
          <Trackpoint>
            <Time>2026-03-07T14:09:10.000Z</Time>
            <Position>
              <LatitudeDegrees>37.3754023</LatitudeDegrees>
              <LongitudeDegrees>-121.8394340</LongitudeDegrees>
            </Position>
            <AltitudeMeters>24.1</AltitudeMeters>
            <DistanceMeters>5845.77</DistanceMeters>
            <HeartRateBpm><Value>134</Value></HeartRateBpm>
            <Cadence>164</Cadence>
          </Trackpoint>
          <Trackpoint>
            <Time>2026-03-07T14:09:15.000Z</Time>
            <Position>
              <LatitudeDegrees>37.3754815</LatitudeDegrees>
              <LongitudeDegrees>-121.8393342</LongitudeDegrees>
            </Position>
            <AltitudeMeters>24.1</AltitudeMeters>
            <DistanceMeters>5858.21</DistanceMeters>
            <HeartRateBpm><Value>134</Value></HeartRateBpm>
            <Cadence>164</Cadence>
          </Trackpoint>
          <Trackpoint>
            <Time>2026-03-07T14:09:20.000Z</Time>
            <Position>
              <LatitudeDegrees>37.3755606</LatitudeDegrees>
              <LongitudeDegrees>-121.8392345</LongitudeDegrees>
            </Position>
            <AltitudeMeters>24.2</AltitudeMeters>
            <DistanceMeters>5870.65</DistanceMeters>
            <HeartRateBpm><Value>134</Value></HeartRateBpm>
            <Cadence>164</Cadence>
          </Trackpoint>
          <Trackpoint>
            <Time>2026-03-07T14:09:25.000Z</Time>
            <Position>
              <LatitudeDegrees>37.3756398</LatitudeDegrees>
              <LongitudeDegrees>-121.8391348</LongitudeDegrees>
            </Position>
            <AltitudeMeters>24.3</AltitudeMeters>
            <DistanceMeters>5883.08</DistanceMeters>
            <HeartRateBpm><Value>134</Value></HeartRateBpm>
            <Cadence>164</Cadence>
          </Trackpoint>
          <Trackpoint>
            <Time>2026-03-07T14:09:30.000Z</Time>
            <Position>
              <LatitudeDegrees>37.3757189</LatitudeDegrees>
              <LongitudeDegrees>-121.8390351</LongitudeDegrees>
            </Position>
            <AltitudeMeters>24.4</AltitudeMeters>
            <DistanceMeters>5895.52</DistanceMeters>
            <HeartRateBpm><Value>134</Value></HeartRateBpm>
            <Cadence>164</Cadence>
          </Trackpoint>
          <Trackpoint>
            <Time>2026-03-07T14:09:35.000Z</Time>
            <Position>
              <LatitudeDegrees>37.3757981</LatitudeDegrees>
              <LongitudeDegrees>-121.8389354</LongitudeDegrees>
            </Position>
            <AltitudeMeters>24.4</AltitudeMeters>
            <DistanceMeters>5907.96</DistanceMeters>
            <HeartRateBpm><Value>134</Value></HeartRateBpm>
            <Cadence>164</Cadence>
          </Trackpoint>
          <Trackpoint>
            <Time>2026-03-07T14:09:40.000Z</Time>
            <Position>
              <LatitudeDegrees>37.3758772</LatitudeDegrees>
              <LongitudeDegrees>-121.8388357</LongitudeDegrees>
            </Position>
            <AltitudeMeters>24.5</AltitudeMeters>
            <DistanceMeters>5920.40</DistanceMeters>
            <HeartRateBpm><Value>134</Value></HeartRateBpm>
            <Cadence>164</Cadence>
          </Trackpoint>
          <Trackpoint>
            <Time>2026-03-07T14:09:45.000Z</Time>
            <Position>
              <LatitudeDegrees>37.3759564</LatitudeDegrees>
              <LongitudeDegrees>-121.8387360</LongitudeDegrees>
            </Position>
            <AltitudeMeters>24.6</AltitudeMeters>
            <DistanceMeters>5932.84</DistanceMeters>
            <HeartRateBpm><Value>134</Value></HeartRateBpm>
            <Cadence>164</Cadence>
          </Trackpoint>
          <Trackpoint>
            <Time>2026-03-07T14:09:50.000Z</Time>
            <Position>
              <LatitudeDegrees>37.3760355</LatitudeDegrees>
              <LongitudeDegrees>-121.8386362</LongitudeDegrees>
            </Position>
            <AltitudeMeters>24.7</AltitudeMeters>
            <DistanceMeters>5945.27</DistanceMeters>
            <HeartRateBpm><Value>134</Value></HeartRateBpm>
            <Cadence>164</Cadence>
          </Trackpoint>
          <Trackpoint>
            <Time>2026-03-07T14:09:55.000Z</Time>
            <Position>
              <LatitudeDegrees>37.3761147</LatitudeDegrees>
              <LongitudeDegrees>-121.8385365</LongitudeDegrees>
            </Position>
            <AltitudeMeters>24.7</AltitudeMeters>
            <DistanceMeters>5957.71</DistanceMeters>
            <HeartRateBpm><Value>134</Value></HeartRateBpm>
            <Cadence>164</Cadence>
          </Trackpoint>
          <Trackpoint>
            <Time>2026-03-07T14:10:00.000Z</Time>
            <Position>
              <LatitudeDegrees>37.3761938</LatitudeDegrees>
              <LongitudeDegrees>-121.8384368</LongitudeDegrees>
            </Position>
            <AltitudeMeters>24.8</AltitudeMeters>
            <DistanceMeters>5970.15</DistanceMeters>
            <HeartRateBpm><Value>134</Value></HeartRateBpm>
            <Cadence>164</Cadence>
          </Trackpoint>
          <Trackpoint>
            <Time>2026-03-07T14:10:05.000Z</Time>
            <Position>
              <LatitudeDegrees>37.3762730</LatitudeDegrees>
              <LongitudeDegrees>-121.8383371</LongitudeDegrees>
            </Position>
            <AltitudeMeters>24.9</AltitudeMeters>
            <DistanceMeters>5982.59</DistanceMeters>
            <HeartRateBpm><Value>134</Value></HeartRateBpm>
            <Cadence>164</Cadence>
          </Trackpoint>
          <Trackpoint>
            <Time>2026-03-07T14:10:10.000Z</Time>
            <Position>
              <LatitudeDegrees>37.3763521</LatitudeDegrees>
              <LongitudeDegrees>-121.8382374</LongitudeDegrees>
            </Position>
            <AltitudeMeters>25</AltitudeMeters>
            <DistanceMeters>5995.02</DistanceMeters>
            <HeartRateBpm><Value>134</Value></HeartRateBpm>
            <Cadence>164</Cadence>
          </Trackpoint>
          <Trackpoint>
            <Time>2026-03-07T14:10:15.000Z</Time>
            <Position>
              <LatitudeDegrees>37.3764313</LatitudeDegrees>
              <LongitudeDegrees>-121.8381377</LongitudeDegrees>
            </Position>
            <AltitudeMeters>25</AltitudeMeters>
            <DistanceMeters>6007.46</DistanceMeters>
            <HeartRateBpm><Value>134</Value></HeartRateBpm>
            <Cadence>164</Cadence>
          </Trackpoint>
          <Trackpoint>
            <Time>2026-03-07T14:10:20.000Z</Time>
            <Position>
              <LatitudeDegrees>37.3765105</LatitudeDegrees>
              <LongitudeDegrees>-121.8380380</LongitudeDegrees>
            </Position>
            <AltitudeMeters>25.1</AltitudeMeters>
            <DistanceMeters>6019.90</DistanceMeters>
            <HeartRateBpm><Value>134</Value></HeartRateBpm>
            <Cadence>164</Cadence>
          </Trackpoint>
          <Trackpoint>
            <Time>2026-03-07T14:10:25.000Z</Time>
            <Position>
              <LatitudeDegrees>37.3765896</LatitudeDegrees>
              <LongitudeDegrees>-121.8379382</LongitudeDegrees>
            </Position>
            <AltitudeMeters>25.2</AltitudeMeters>
            <DistanceMeters>6032.34</DistanceMeters>
            <HeartRateBpm><Value>134</Value></HeartRateBpm>
            <Cadence>164</Cadence>
          </Trackpoint>
          <Trackpoint>
            <Time>2026-03-07T14:10:30.000Z</Time>
            <Position>
              <LatitudeDegrees>37.3766688</LatitudeDegrees>
              <LongitudeDegrees>-121.8378385</LongitudeDegrees>
            </Position>
            <AltitudeMeters>25.3</AltitudeMeters>
            <DistanceMeters>6044.78</DistanceMeters>
            <HeartRateBpm><Value>134</Value></HeartRateBpm>
            <Cadence>164</Cadence>
          </Trackpoint>
          <Trackpoint>
            <Time>2026-03-07T14:10:35.000Z</Time>
            <Position>
              <LatitudeDegrees>37.3767479</LatitudeDegrees>
              <LongitudeDegrees>-121.8377388</LongitudeDegrees>
            </Position>
            <AltitudeMeters>25.4</AltitudeMeters>
            <DistanceMeters>6057.21</DistanceMeters>
            <HeartRateBpm><Value>134</Value></HeartRateBpm>
            <Cadence>164</Cadence>
          </Trackpoint>
          <Trackpoint>
            <Time>2026-03-07T14:10:40.000Z</Time>
            <Position>
              <LatitudeDegrees>37.3768271</LatitudeDegrees>
              <LongitudeDegrees>-121.8376391</LongitudeDegrees>
            </Position>
            <AltitudeMeters>25.4</AltitudeMeters>
            <DistanceMeters>6069.65</DistanceMeters>
            <HeartRateBpm><Value>134</Value></HeartRateBpm>
            <Cadence>164</Cadence>
          </Trackpoint>
          <Trackpoint>
            <Time>2026-03-07T14:10:45.000Z</Time>
            <Position>
              <LatitudeDegrees>37.3769062</LatitudeDegrees>
              <LongitudeDegrees>-121.8375394</LongitudeDegrees>
            </Position>
            <AltitudeMeters>25.5</AltitudeMeters>
            <DistanceMeters>6082.09</DistanceMeters>
            <HeartRateBpm><Value>134</Value></HeartRateBpm>
            <Cadence>164</Cadence>
          </Trackpoint>
          <Trackpoint>
            <Time>2026-03-07T14:10:50.000Z</Time>
            <Position>
              <LatitudeDegrees>37.3769854</LatitudeDegrees>
              <LongitudeDegrees>-121.8374397</LongitudeDegrees>
            </Position>
            <AltitudeMeters>25.6</AltitudeMeters>
            <DistanceMeters>6094.53</DistanceMeters>
            <HeartRateBpm><Value>134</Value></HeartRateBpm>
            <Cadence>164</Cadence>
          </Trackpoint>
          <Trackpoint>
            <Time>2026-03-07T14:10:55.000Z</Time>
            <Position>
              <LatitudeDegrees>37.3770645</LatitudeDegrees>
              <LongitudeDegrees>-121.8373399</LongitudeDegrees>
            </Position>
            <AltitudeMeters>25.7</AltitudeMeters>
            <DistanceMeters>6106.97</DistanceMeters>
            <HeartRateBpm><Value>134</Value></HeartRateBpm>
            <Cadence>164</Cadence>
          </Trackpoint>
          <Trackpoint>
            <Time>2026-03-07T14:11:00.000Z</Time>
            <Position>
              <LatitudeDegrees>37.3771437</LatitudeDegrees>
              <LongitudeDegrees>-121.8372402</LongitudeDegrees>
            </Position>
            <AltitudeMeters>25.7</AltitudeMeters>
            <DistanceMeters>6119.40</DistanceMeters>
            <HeartRateBpm><Value>134</Value></HeartRateBpm>
            <Cadence>164</Cadence>
          </Trackpoint>
          <Trackpoint>
            <Time>2026-03-07T14:11:05.000Z</Time>
            <Position>
              <LatitudeDegrees>37.3772228</LatitudeDegrees>
              <LongitudeDegrees>-121.8371405</LongitudeDegrees>
            </Position>
            <AltitudeMeters>25.8</AltitudeMeters>
            <DistanceMeters>6131.84</DistanceMeters>
            <HeartRateBpm><Value>134</Value></HeartRateBpm>
            <Cadence>164</Cadence>
          </Trackpoint>
          <Trackpoint>
            <Time>2026-03-07T14:11:10.000Z</Time>
            <Position>
              <LatitudeDegrees>37.3773020</LatitudeDegrees>
              <LongitudeDegrees>-121.8370408</LongitudeDegrees>
            </Position>
            <AltitudeMeters>25.9</AltitudeMeters>
            <DistanceMeters>6144.28</DistanceMeters>
            <HeartRateBpm><Value>134</Value></HeartRateBpm>
            <Cadence>164</Cadence>
          </Trackpoint>
          <Trackpoint>
            <Time>2026-03-07T14:11:15.000Z</Time>
            <Position>
              <LatitudeDegrees>37.3773811</LatitudeDegrees>
              <LongitudeDegrees>-121.8369411</LongitudeDegrees>
            </Position>
            <AltitudeMeters>25.9</AltitudeMeters>
            <DistanceMeters>6156.72</DistanceMeters>
            <HeartRateBpm><Value>134</Value></HeartRateBpm>
            <Cadence>164</Cadence>
          </Trackpoint>
          <Trackpoint>
            <Time>2026-03-07T14:11:20.000Z</Time>
            <Position>
              <LatitudeDegrees>37.3774603</LatitudeDegrees>
              <LongitudeDegrees>-121.8368414</LongitudeDegrees>
            </Position>
            <AltitudeMeters>26</AltitudeMeters>
            <DistanceMeters>6169.15</DistanceMeters>
            <HeartRateBpm><Value>134</Value></HeartRateBpm>
            <Cadence>164</Cadence>
          </Trackpoint>
          <Trackpoint>
            <Time>2026-03-07T14:11:25.000Z</Time>
            <Position>
              <LatitudeDegrees>37.3775395</LatitudeDegrees>
              <LongitudeDegrees>-121.8367417</LongitudeDegrees>
            </Position>
            <AltitudeMeters>26.1</AltitudeMeters>
            <DistanceMeters>6181.59</DistanceMeters>
            <HeartRateBpm><Value>134</Value></HeartRateBpm>
            <Cadence>164</Cadence>
          </Trackpoint>
          <Trackpoint>
            <Time>2026-03-07T14:11:30.000Z</Time>
            <Position>
              <LatitudeDegrees>37.3776186</LatitudeDegrees>
              <LongitudeDegrees>-121.8366419</LongitudeDegrees>
            </Position>
            <AltitudeMeters>26.1</AltitudeMeters>
            <DistanceMeters>6194.03</DistanceMeters>
            <HeartRateBpm><Value>134</Value></HeartRateBpm>
            <Cadence>164</Cadence>
          </Trackpoint>
          <Trackpoint>
            <Time>2026-03-07T14:11:35.000Z</Time>
            <Position>
              <LatitudeDegrees>37.3776978</LatitudeDegrees>
              <LongitudeDegrees>-121.8365422</LongitudeDegrees>
            </Position>
            <AltitudeMeters>26.2</AltitudeMeters>
            <DistanceMeters>6206.47</DistanceMeters>
            <HeartRateBpm><Value>134</Value></HeartRateBpm>
            <Cadence>164</Cadence>
          </Trackpoint>
          <Trackpoint>
            <Time>2026-03-07T14:11:40.000Z</Time>
            <Position>
              <LatitudeDegrees>37.3777769</LatitudeDegrees>
              <LongitudeDegrees>-121.8364425</LongitudeDegrees>
            </Position>
            <AltitudeMeters>26.3</AltitudeMeters>
            <DistanceMeters>6218.91</DistanceMeters>
            <HeartRateBpm><Value>134</Value></HeartRateBpm>
            <Cadence>164</Cadence>
          </Trackpoint>
          <Trackpoint>
            <Time>2026-03-07T14:11:45.000Z</Time>
            <Position>
              <LatitudeDegrees>37.3778561</LatitudeDegrees>
              <LongitudeDegrees>-121.8363428</LongitudeDegrees>
            </Position>
            <AltitudeMeters>26.3</AltitudeMeters>
            <DistanceMeters>6231.34</DistanceMeters>
            <HeartRateBpm><Value>134</Value></HeartRateBpm>
            <Cadence>164</Cadence>
          </Trackpoint>
          <Trackpoint>
            <Time>2026-03-07T14:11:50.000Z</Time>
            <Position>
              <LatitudeDegrees>37.3779352</LatitudeDegrees>
              <LongitudeDegrees>-121.8362431</LongitudeDegrees>
            </Position>
            <AltitudeMeters>26.4</AltitudeMeters>
            <DistanceMeters>6243.78</DistanceMeters>
            <HeartRateBpm><Value>134</Value></HeartRateBpm>
            <Cadence>164</Cadence>
          </Trackpoint>
          <Trackpoint>
            <Time>2026-03-07T14:11:55.000Z</Time>
            <Position>
              <LatitudeDegrees>37.3780144</LatitudeDegrees>
              <LongitudeDegrees>-121.8361434</LongitudeDegrees>
            </Position>
            <AltitudeMeters>26.4</AltitudeMeters>
            <DistanceMeters>6256.22</DistanceMeters>
            <HeartRateBpm><Value>134</Value></HeartRateBpm>
            <Cadence>164</Cadence>
          </Trackpoint>
          <Trackpoint>
            <Time>2026-03-07T14:12:00.000Z</Time>
            <Position>
              <LatitudeDegrees>37.3780935</LatitudeDegrees>
              <LongitudeDegrees>-121.8360437</LongitudeDegrees>
            </Position>
            <AltitudeMeters>26.5</AltitudeMeters>
            <DistanceMeters>6268.66</DistanceMeters>
            <HeartRateBpm><Value>134</Value></HeartRateBpm>
            <Cadence>164</Cadence>
          </Trackpoint>
          <Trackpoint>
            <Time>2026-03-07T14:12:05.000Z</Time>
            <Position>
              <LatitudeDegrees>37.3781727</LatitudeDegrees>
              <LongitudeDegrees>-121.8359439</LongitudeDegrees>
            </Position>
            <AltitudeMeters>26.5</AltitudeMeters>
            <DistanceMeters>6281.09</DistanceMeters>
            <HeartRateBpm><Value>134</Value></HeartRateBpm>
            <Cadence>164</Cadence>
          </Trackpoint>
          <Trackpoint>
            <Time>2026-03-07T14:12:10.000Z</Time>
            <Position>
              <LatitudeDegrees>37.3782518</LatitudeDegrees>
              <LongitudeDegrees>-121.8358442</LongitudeDegrees>
            </Position>
            <AltitudeMeters>26.6</AltitudeMeters>
            <DistanceMeters>6293.53</DistanceMeters>
            <HeartRateBpm><Value>134</Value></HeartRateBpm>
            <Cadence>164</Cadence>
          </Trackpoint>
          <Trackpoint>
            <Time>2026-03-07T14:12:15.000Z</Time>
            <Position>
              <LatitudeDegrees>37.3783310</LatitudeDegrees>
              <LongitudeDegrees>-121.8357445</LongitudeDegrees>
            </Position>
            <AltitudeMeters>26.6</AltitudeMeters>
            <DistanceMeters>6305.97</DistanceMeters>
            <HeartRateBpm><Value>134</Value></HeartRateBpm>
            <Cadence>164</Cadence>
          </Trackpoint>
          <Trackpoint>
            <Time>2026-03-07T14:12:20.000Z</Time>
            <Position>
              <LatitudeDegrees>37.3784101</LatitudeDegrees>
              <LongitudeDegrees>-121.8356448</LongitudeDegrees>
            </Position>
            <AltitudeMeters>26.7</AltitudeMeters>
            <DistanceMeters>6318.41</DistanceMeters>
            <HeartRateBpm><Value>134</Value></HeartRateBpm>
            <Cadence>164</Cadence>
          </Trackpoint>
          <Trackpoint>
            <Time>2026-03-07T14:12:25.000Z</Time>
            <Position>
              <LatitudeDegrees>37.3784893</LatitudeDegrees>
              <LongitudeDegrees>-121.8355451</LongitudeDegrees>
            </Position>
            <AltitudeMeters>26.7</AltitudeMeters>
            <DistanceMeters>6330.85</DistanceMeters>
            <HeartRateBpm><Value>134</Value></HeartRateBpm>
            <Cadence>164</Cadence>
          </Trackpoint>
          <Trackpoint>
            <Time>2026-03-07T14:12:30.000Z</Time>
            <Position>
              <LatitudeDegrees>37.3785684</LatitudeDegrees>
              <LongitudeDegrees>-121.8354454</LongitudeDegrees>
            </Position>
            <AltitudeMeters>26.8</AltitudeMeters>
            <DistanceMeters>6343.28</DistanceMeters>
            <HeartRateBpm><Value>134</Value></HeartRateBpm>
            <Cadence>164</Cadence>
          </Trackpoint>
          <Trackpoint>
            <Time>2026-03-07T14:12:35.000Z</Time>
            <Position>
              <LatitudeDegrees>37.3786476</LatitudeDegrees>
              <LongitudeDegrees>-121.8353456</LongitudeDegrees>
            </Position>
            <AltitudeMeters>26.8</AltitudeMeters>
            <DistanceMeters>6355.72</DistanceMeters>
            <HeartRateBpm><Value>134</Value></HeartRateBpm>
            <Cadence>164</Cadence>
          </Trackpoint>
          <Trackpoint>
            <Time>2026-03-07T14:12:40.000Z</Time>
            <Position>
              <LatitudeDegrees>37.3787268</LatitudeDegrees>
              <LongitudeDegrees>-121.8352459</LongitudeDegrees>
            </Position>
            <AltitudeMeters>26.8</AltitudeMeters>
            <DistanceMeters>6368.16</DistanceMeters>
            <HeartRateBpm><Value>134</Value></HeartRateBpm>
            <Cadence>164</Cadence>
          </Trackpoint>
          <Trackpoint>
            <Time>2026-03-07T14:12:45.000Z</Time>
            <Position>
              <LatitudeDegrees>37.3788059</LatitudeDegrees>
              <LongitudeDegrees>-121.8351462</LongitudeDegrees>
            </Position>
            <AltitudeMeters>26.9</AltitudeMeters>
            <DistanceMeters>6380.60</DistanceMeters>
            <HeartRateBpm><Value>134</Value></HeartRateBpm>
            <Cadence>164</Cadence>
          </Trackpoint>
          <Trackpoint>
            <Time>2026-03-07T14:12:50.000Z</Time>
            <Position>
              <LatitudeDegrees>37.3788851</LatitudeDegrees>
              <LongitudeDegrees>-121.8350465</LongitudeDegrees>
            </Position>
            <AltitudeMeters>26.9</AltitudeMeters>
            <DistanceMeters>6393.03</DistanceMeters>
            <HeartRateBpm><Value>134</Value></HeartRateBpm>
            <Cadence>164</Cadence>
          </Trackpoint>
          <Trackpoint>
            <Time>2026-03-07T14:12:55.000Z</Time>
            <Position>
              <LatitudeDegrees>37.3789642</LatitudeDegrees>
              <LongitudeDegrees>-121.8349468</LongitudeDegrees>
            </Position>
            <AltitudeMeters>26.9</AltitudeMeters>
            <DistanceMeters>6405.47</DistanceMeters>
            <HeartRateBpm><Value>134</Value></HeartRateBpm>
            <Cadence>164</Cadence>
          </Trackpoint>
          <Trackpoint>
            <Time>2026-03-07T14:13:00.000Z</Time>
            <Position>
              <LatitudeDegrees>37.3790434</LatitudeDegrees>
              <LongitudeDegrees>-121.8348471</LongitudeDegrees>
            </Position>
            <AltitudeMeters>26.9</AltitudeMeters>
            <DistanceMeters>6417.91</DistanceMeters>
            <HeartRateBpm><Value>134</Value></HeartRateBpm>
            <Cadence>164</Cadence>
          </Trackpoint>
          <Trackpoint>
            <Time>2026-03-07T14:13:05.000Z</Time>
            <Position>
              <LatitudeDegrees>37.3791225</LatitudeDegrees>
              <LongitudeDegrees>-121.8347474</LongitudeDegrees>
            </Position>
            <AltitudeMeters>27</AltitudeMeters>
            <DistanceMeters>6430.35</DistanceMeters>
            <HeartRateBpm><Value>134</Value></HeartRateBpm>
            <Cadence>164</Cadence>
          </Trackpoint>
          <Trackpoint>
            <Time>2026-03-07T14:13:10.000Z</Time>
            <Position>
              <LatitudeDegrees>37.3792017</LatitudeDegrees>
              <LongitudeDegrees>-121.8346476</LongitudeDegrees>
            </Position>
            <AltitudeMeters>27</AltitudeMeters>
            <DistanceMeters>6442.79</DistanceMeters>
            <HeartRateBpm><Value>134</Value></HeartRateBpm>
            <Cadence>164</Cadence>
          </Trackpoint>
          <Trackpoint>
            <Time>2026-03-07T14:13:15.000Z</Time>
            <Position>
              <LatitudeDegrees>37.3792808</LatitudeDegrees>
              <LongitudeDegrees>-121.8345479</LongitudeDegrees>
            </Position>
            <AltitudeMeters>27</AltitudeMeters>
            <DistanceMeters>6455.22</DistanceMeters>
            <HeartRateBpm><Value>134</Value></HeartRateBpm>
            <Cadence>164</Cadence>
          </Trackpoint>
          <Trackpoint>
            <Time>2026-03-07T14:13:20.000Z</Time>
            <Position>
              <LatitudeDegrees>37.3793600</LatitudeDegrees>
              <LongitudeDegrees>-121.8344482</LongitudeDegrees>
            </Position>
            <AltitudeMeters>27</AltitudeMeters>
            <DistanceMeters>6467.66</DistanceMeters>
            <HeartRateBpm><Value>134</Value></HeartRateBpm>
            <Cadence>164</Cadence>
          </Trackpoint>
          <Trackpoint>
            <Time>2026-03-07T14:13:25.000Z</Time>
            <Position>
              <LatitudeDegrees>37.3794391</LatitudeDegrees>
              <LongitudeDegrees>-121.8343485</LongitudeDegrees>
            </Position>
            <AltitudeMeters>27</AltitudeMeters>
            <DistanceMeters>6480.10</DistanceMeters>
            <HeartRateBpm><Value>134</Value></HeartRateBpm>
            <Cadence>164</Cadence>
          </Trackpoint>
          <Trackpoint>
            <Time>2026-03-07T14:13:30.000Z</Time>
            <Position>
              <LatitudeDegrees>37.3795183</LatitudeDegrees>
              <LongitudeDegrees>-121.8342488</LongitudeDegrees>
            </Position>
            <AltitudeMeters>27</AltitudeMeters>
            <DistanceMeters>6492.54</DistanceMeters>
            <HeartRateBpm><Value>134</Value></HeartRateBpm>
            <Cadence>164</Cadence>
          </Trackpoint>
          <Trackpoint>
            <Time>2026-03-07T14:13:35.000Z</Time>
            <Position>
              <LatitudeDegrees>37.3795974</LatitudeDegrees>
              <LongitudeDegrees>-121.8341491</LongitudeDegrees>
            </Position>
            <AltitudeMeters>27</AltitudeMeters>
            <DistanceMeters>6504.98</DistanceMeters>
            <HeartRateBpm><Value>134</Value></HeartRateBpm>
            <Cadence>164</Cadence>
          </Trackpoint>
          <Trackpoint>
            <Time>2026-03-07T14:13:40.000Z</Time>
            <Position>
              <LatitudeDegrees>37.3796766</LatitudeDegrees>
              <LongitudeDegrees>-121.8340494</LongitudeDegrees>
            </Position>
            <AltitudeMeters>27</AltitudeMeters>
            <DistanceMeters>6517.41</DistanceMeters>
            <HeartRateBpm><Value>134</Value></HeartRateBpm>
            <Cadence>164</Cadence>
          </Trackpoint>
          <Trackpoint>
            <Time>2026-03-07T14:13:45.000Z</Time>
            <Position>
              <LatitudeDegrees>37.3797558</LatitudeDegrees>
              <LongitudeDegrees>-121.8339496</LongitudeDegrees>
            </Position>
            <AltitudeMeters>27</AltitudeMeters>
            <DistanceMeters>6529.85</DistanceMeters>
            <HeartRateBpm><Value>134</Value></HeartRateBpm>
            <Cadence>164</Cadence>
          </Trackpoint>
          <Trackpoint>
            <Time>2026-03-07T14:13:50.000Z</Time>
            <Position>
              <LatitudeDegrees>37.3798349</LatitudeDegrees>
              <LongitudeDegrees>-121.8338499</LongitudeDegrees>
            </Position>
            <AltitudeMeters>27</AltitudeMeters>
            <DistanceMeters>6542.29</DistanceMeters>
            <HeartRateBpm><Value>134</Value></HeartRateBpm>
            <Cadence>164</Cadence>
          </Trackpoint>
          <Trackpoint>
            <Time>2026-03-07T14:13:55.000Z</Time>
            <Position>
              <LatitudeDegrees>37.3799141</LatitudeDegrees>
              <LongitudeDegrees>-121.8337502</LongitudeDegrees>
            </Position>
            <AltitudeMeters>27</AltitudeMeters>
            <DistanceMeters>6554.73</DistanceMeters>
            <HeartRateBpm><Value>134</Value></HeartRateBpm>
            <Cadence>164</Cadence>
          </Trackpoint>
          <Trackpoint>
            <Time>2026-03-07T14:14:00.000Z</Time>
            <Position>
              <LatitudeDegrees>37.3799932</LatitudeDegrees>
              <LongitudeDegrees>-121.8336505</LongitudeDegrees>
            </Position>
            <AltitudeMeters>27</AltitudeMeters>
            <DistanceMeters>6567.16</DistanceMeters>
            <HeartRateBpm><Value>134</Value></HeartRateBpm>
            <Cadence>164</Cadence>
          </Trackpoint>
          <Trackpoint>
            <Time>2026-03-07T14:14:05.000Z</Time>
            <Position>
              <LatitudeDegrees>37.3800724</LatitudeDegrees>
              <LongitudeDegrees>-121.8335508</LongitudeDegrees>
            </Position>
            <AltitudeMeters>26.9</AltitudeMeters>
            <DistanceMeters>6579.60</DistanceMeters>
            <HeartRateBpm><Value>134</Value></HeartRateBpm>
            <Cadence>164</Cadence>
          </Trackpoint>
          <Trackpoint>
            <Time>2026-03-07T14:14:10.000Z</Time>
            <Position>
              <LatitudeDegrees>37.3801515</LatitudeDegrees>
              <LongitudeDegrees>-121.8334511</LongitudeDegrees>
            </Position>
            <AltitudeMeters>26.9</AltitudeMeters>
            <DistanceMeters>6592.04</DistanceMeters>
            <HeartRateBpm><Value>134</Value></HeartRateBpm>
            <Cadence>164</Cadence>
          </Trackpoint>
          <Trackpoint>
            <Time>2026-03-07T14:14:15.000Z</Time>
            <Position>
              <LatitudeDegrees>37.3802307</LatitudeDegrees>
              <LongitudeDegrees>-121.8333514</LongitudeDegrees>
            </Position>
            <AltitudeMeters>26.9</AltitudeMeters>
            <DistanceMeters>6604.48</DistanceMeters>
            <HeartRateBpm><Value>134</Value></HeartRateBpm>
            <Cadence>164</Cadence>
          </Trackpoint>
          <Trackpoint>
            <Time>2026-03-07T14:14:20.000Z</Time>
            <Position>
              <LatitudeDegrees>37.3803098</LatitudeDegrees>
              <LongitudeDegrees>-121.8332516</LongitudeDegrees>
            </Position>
            <AltitudeMeters>26.9</AltitudeMeters>
            <DistanceMeters>6616.92</DistanceMeters>
            <HeartRateBpm><Value>134</Value></HeartRateBpm>
            <Cadence>164</Cadence>
          </Trackpoint>
          <Trackpoint>
            <Time>2026-03-07T14:14:25.000Z</Time>
            <Position>
              <LatitudeDegrees>37.3803890</LatitudeDegrees>
              <LongitudeDegrees>-121.8331519</LongitudeDegrees>
            </Position>
            <AltitudeMeters>26.8</AltitudeMeters>
            <DistanceMeters>6629.35</DistanceMeters>
            <HeartRateBpm><Value>134</Value></HeartRateBpm>
            <Cadence>164</Cadence>
          </Trackpoint>
          <Trackpoint>
            <Time>2026-03-07T14:14:30.000Z</Time>
            <Position>
              <LatitudeDegrees>37.3804681</LatitudeDegrees>
              <LongitudeDegrees>-121.8330522</LongitudeDegrees>
            </Position>
            <AltitudeMeters>26.8</AltitudeMeters>
            <DistanceMeters>6641.79</DistanceMeters>
            <HeartRateBpm><Value>134</Value></HeartRateBpm>
            <Cadence>164</Cadence>
          </Trackpoint>
          <Trackpoint>
            <Time>2026-03-07T14:14:35.000Z</Time>
            <Position>
              <LatitudeDegrees>37.3805473</LatitudeDegrees>
              <LongitudeDegrees>-121.8329525</LongitudeDegrees>
            </Position>
            <AltitudeMeters>26.8</AltitudeMeters>
            <DistanceMeters>6654.23</DistanceMeters>
            <HeartRateBpm><Value>134</Value></HeartRateBpm>
            <Cadence>164</Cadence>
          </Trackpoint>
          <Trackpoint>
            <Time>2026-03-07T14:14:40.000Z</Time>
            <Position>
              <LatitudeDegrees>37.3806264</LatitudeDegrees>
              <LongitudeDegrees>-121.8328528</LongitudeDegrees>
            </Position>
            <AltitudeMeters>26.7</AltitudeMeters>
            <DistanceMeters>6666.67</DistanceMeters>
            <HeartRateBpm><Value>134</Value></HeartRateBpm>
            <Cadence>164</Cadence>
          </Trackpoint>
          <Trackpoint>
            <Time>2026-03-07T14:14:45.000Z</Time>
            <Position>
              <LatitudeDegrees>37.3807056</LatitudeDegrees>
              <LongitudeDegrees>-121.8327531</LongitudeDegrees>
            </Position>
            <AltitudeMeters>26.7</AltitudeMeters>
            <DistanceMeters>6679.10</DistanceMeters>
            <HeartRateBpm><Value>134</Value></HeartRateBpm>
            <Cadence>164</Cadence>
          </Trackpoint>
          <Trackpoint>
            <Time>2026-03-07T14:14:50.000Z</Time>
            <Position>
              <LatitudeDegrees>37.3807848</LatitudeDegrees>
              <LongitudeDegrees>-121.8326533</LongitudeDegrees>
            </Position>
            <AltitudeMeters>26.6</AltitudeMeters>
            <DistanceMeters>6691.54</DistanceMeters>
            <HeartRateBpm><Value>134</Value></HeartRateBpm>
            <Cadence>164</Cadence>
          </Trackpoint>
          <Trackpoint>
            <Time>2026-03-07T14:14:55.000Z</Time>
            <Position>
              <LatitudeDegrees>37.3808639</LatitudeDegrees>
              <LongitudeDegrees>-121.8325536</LongitudeDegrees>
            </Position>
            <AltitudeMeters>26.6</AltitudeMeters>
            <DistanceMeters>6703.98</DistanceMeters>
            <HeartRateBpm><Value>134</Value></HeartRateBpm>
            <Cadence>164</Cadence>
          </Trackpoint>
          <Trackpoint>
            <Time>2026-03-07T14:15:00.000Z</Time>
            <Position>
              <LatitudeDegrees>37.3809431</LatitudeDegrees>
              <LongitudeDegrees>-121.8324539</LongitudeDegrees>
            </Position>
            <AltitudeMeters>26.6</AltitudeMeters>
            <DistanceMeters>6716.42</DistanceMeters>
            <HeartRateBpm><Value>134</Value></HeartRateBpm>
            <Cadence>164</Cadence>
          </Trackpoint>
          <Trackpoint>
            <Time>2026-03-07T14:15:05.000Z</Time>
            <Position>
              <LatitudeDegrees>37.3810222</LatitudeDegrees>
              <LongitudeDegrees>-121.8323542</LongitudeDegrees>
            </Position>
            <AltitudeMeters>26.5</AltitudeMeters>
            <DistanceMeters>6728.86</DistanceMeters>
            <HeartRateBpm><Value>134</Value></HeartRateBpm>
            <Cadence>164</Cadence>
          </Trackpoint>
          <Trackpoint>
            <Time>2026-03-07T14:15:10.000Z</Time>
            <Position>
              <LatitudeDegrees>37.3811014</LatitudeDegrees>
              <LongitudeDegrees>-121.8322545</LongitudeDegrees>
            </Position>
            <AltitudeMeters>26.5</AltitudeMeters>
            <DistanceMeters>6741.29</DistanceMeters>
            <HeartRateBpm><Value>134</Value></HeartRateBpm>
            <Cadence>164</Cadence>
          </Trackpoint>
          <Trackpoint>
            <Time>2026-03-07T14:15:15.000Z</Time>
            <Position>
              <LatitudeDegrees>37.3811805</LatitudeDegrees>
              <LongitudeDegrees>-121.8321548</LongitudeDegrees>
            </Position>
            <AltitudeMeters>26.4</AltitudeMeters>
            <DistanceMeters>6753.73</DistanceMeters>
            <HeartRateBpm><Value>134</Value></HeartRateBpm>
            <Cadence>164</Cadence>
          </Trackpoint>
          <Trackpoint>
            <Time>2026-03-07T14:15:20.000Z</Time>
            <Position>
              <LatitudeDegrees>37.3812597</LatitudeDegrees>
              <LongitudeDegrees>-121.8320551</LongitudeDegrees>
            </Position>
            <AltitudeMeters>26.3</AltitudeMeters>
            <DistanceMeters>6766.17</DistanceMeters>
            <HeartRateBpm><Value>134</Value></HeartRateBpm>
            <Cadence>164</Cadence>
          </Trackpoint>
          <Trackpoint>
            <Time>2026-03-07T14:15:25.000Z</Time>
            <Position>
              <LatitudeDegrees>37.3813388</LatitudeDegrees>
              <LongitudeDegrees>-121.8319553</LongitudeDegrees>
            </Position>
            <AltitudeMeters>26.3</AltitudeMeters>
            <DistanceMeters>6778.61</DistanceMeters>
            <HeartRateBpm><Value>134</Value></HeartRateBpm>
            <Cadence>164</Cadence>
          </Trackpoint>
          <Trackpoint>
            <Time>2026-03-07T14:15:30.000Z</Time>
            <Position>
              <LatitudeDegrees>37.3814180</LatitudeDegrees>
              <LongitudeDegrees>-121.8318556</LongitudeDegrees>
            </Position>
            <AltitudeMeters>26.2</AltitudeMeters>
            <DistanceMeters>6791.04</DistanceMeters>
            <HeartRateBpm><Value>134</Value></HeartRateBpm>
            <Cadence>164</Cadence>
          </Trackpoint>
          <Trackpoint>
            <Time>2026-03-07T14:15:35.000Z</Time>
            <Position>
              <LatitudeDegrees>37.3814971</LatitudeDegrees>
              <LongitudeDegrees>-121.8317559</LongitudeDegrees>
            </Position>
            <AltitudeMeters>26.2</AltitudeMeters>
            <DistanceMeters>6803.48</DistanceMeters>
            <HeartRateBpm><Value>134</Value></HeartRateBpm>
            <Cadence>164</Cadence>
          </Trackpoint>
          <Trackpoint>
            <Time>2026-03-07T14:15:40.000Z</Time>
            <Position>
              <LatitudeDegrees>37.3815763</LatitudeDegrees>
              <LongitudeDegrees>-121.8316562</LongitudeDegrees>
            </Position>
            <AltitudeMeters>26.1</AltitudeMeters>
            <DistanceMeters>6815.92</DistanceMeters>
            <HeartRateBpm><Value>134</Value></HeartRateBpm>
            <Cadence>164</Cadence>
          </Trackpoint>
          <Trackpoint>
            <Time>2026-03-07T14:15:45.000Z</Time>
            <Position>
              <LatitudeDegrees>37.3816554</LatitudeDegrees>
              <LongitudeDegrees>-121.8315565</LongitudeDegrees>
            </Position>
            <AltitudeMeters>26</AltitudeMeters>
            <DistanceMeters>6828.36</DistanceMeters>
            <HeartRateBpm><Value>134</Value></HeartRateBpm>
            <Cadence>164</Cadence>
          </Trackpoint>
          <Trackpoint>
            <Time>2026-03-07T14:15:50.000Z</Time>
            <Position>
              <LatitudeDegrees>37.3817346</LatitudeDegrees>
              <LongitudeDegrees>-121.8314568</LongitudeDegrees>
            </Position>
            <AltitudeMeters>26</AltitudeMeters>
            <DistanceMeters>6840.80</DistanceMeters>
            <HeartRateBpm><Value>134</Value></HeartRateBpm>
            <Cadence>164</Cadence>
          </Trackpoint>
          <Trackpoint>
            <Time>2026-03-07T14:15:55.000Z</Time>
            <Position>
              <LatitudeDegrees>37.3818138</LatitudeDegrees>
              <LongitudeDegrees>-121.8313571</LongitudeDegrees>
            </Position>
            <AltitudeMeters>25.9</AltitudeMeters>
            <DistanceMeters>6853.23</DistanceMeters>
            <HeartRateBpm><Value>134</Value></HeartRateBpm>
            <Cadence>164</Cadence>
          </Trackpoint>
          <Trackpoint>
            <Time>2026-03-07T14:16:00.000Z</Time>
            <Position>
              <LatitudeDegrees>37.3818929</LatitudeDegrees>
              <LongitudeDegrees>-121.8312573</LongitudeDegrees>
            </Position>
            <AltitudeMeters>25.8</AltitudeMeters>
            <DistanceMeters>6865.67</DistanceMeters>
            <HeartRateBpm><Value>134</Value></HeartRateBpm>
            <Cadence>164</Cadence>
          </Trackpoint>
          <Trackpoint>
            <Time>2026-03-07T14:16:05.000Z</Time>
            <Position>
              <LatitudeDegrees>37.3819721</LatitudeDegrees>
              <LongitudeDegrees>-121.8311576</LongitudeDegrees>
            </Position>
            <AltitudeMeters>25.7</AltitudeMeters>
            <DistanceMeters>6878.11</DistanceMeters>
            <HeartRateBpm><Value>134</Value></HeartRateBpm>
            <Cadence>164</Cadence>
          </Trackpoint>
          <Trackpoint>
            <Time>2026-03-07T14:16:10.000Z</Time>
            <Position>
              <LatitudeDegrees>37.3820512</LatitudeDegrees>
              <LongitudeDegrees>-121.8310579</LongitudeDegrees>
            </Position>
            <AltitudeMeters>25.7</AltitudeMeters>
            <DistanceMeters>6890.55</DistanceMeters>
            <HeartRateBpm><Value>134</Value></HeartRateBpm>
            <Cadence>164</Cadence>
          </Trackpoint>
          <Trackpoint>
            <Time>2026-03-07T14:16:15.000Z</Time>
            <Position>
              <LatitudeDegrees>37.3821304</LatitudeDegrees>
              <LongitudeDegrees>-121.8309582</LongitudeDegrees>
            </Position>
            <AltitudeMeters>25.6</AltitudeMeters>
            <DistanceMeters>6902.99</DistanceMeters>
            <HeartRateBpm><Value>134</Value></HeartRateBpm>
            <Cadence>164</Cadence>
          </Trackpoint>
          <Trackpoint>
            <Time>2026-03-07T14:16:20.000Z</Time>
            <Position>
              <LatitudeDegrees>37.3822095</LatitudeDegrees>
              <LongitudeDegrees>-121.8308585</LongitudeDegrees>
            </Position>
            <AltitudeMeters>25.5</AltitudeMeters>
            <DistanceMeters>6915.42</DistanceMeters>
            <HeartRateBpm><Value>134</Value></HeartRateBpm>
            <Cadence>164</Cadence>
          </Trackpoint>
          <Trackpoint>
            <Time>2026-03-07T14:16:25.000Z</Time>
            <Position>
              <LatitudeDegrees>37.3822887</LatitudeDegrees>
              <LongitudeDegrees>-121.8307588</LongitudeDegrees>
            </Position>
            <AltitudeMeters>25.4</AltitudeMeters>
            <DistanceMeters>6927.86</DistanceMeters>
            <HeartRateBpm><Value>134</Value></HeartRateBpm>
            <Cadence>164</Cadence>
          </Trackpoint>
          <Trackpoint>
            <Time>2026-03-07T14:16:30.000Z</Time>
            <Position>
              <LatitudeDegrees>37.3823678</LatitudeDegrees>
              <LongitudeDegrees>-121.8306590</LongitudeDegrees>
            </Position>
            <AltitudeMeters>25.4</AltitudeMeters>
            <DistanceMeters>6940.30</DistanceMeters>
            <HeartRateBpm><Value>134</Value></HeartRateBpm>
            <Cadence>164</Cadence>
          </Trackpoint>
          <Trackpoint>
            <Time>2026-03-07T14:16:35.000Z</Time>
            <Position>
              <LatitudeDegrees>37.3824470</LatitudeDegrees>
              <LongitudeDegrees>-121.8305593</LongitudeDegrees>
            </Position>
            <AltitudeMeters>25.3</AltitudeMeters>
            <DistanceMeters>6952.74</DistanceMeters>
            <HeartRateBpm><Value>134</Value></HeartRateBpm>
            <Cadence>164</Cadence>
          </Trackpoint>
          <Trackpoint>
            <Time>2026-03-07T14:16:40.000Z</Time>
            <Position>
              <LatitudeDegrees>37.3825261</LatitudeDegrees>
              <LongitudeDegrees>-121.8304596</LongitudeDegrees>
            </Position>
            <AltitudeMeters>25.2</AltitudeMeters>
            <DistanceMeters>6965.17</DistanceMeters>
            <HeartRateBpm><Value>134</Value></HeartRateBpm>
            <Cadence>164</Cadence>
          </Trackpoint>
          <Trackpoint>
            <Time>2026-03-07T14:16:45.000Z</Time>
            <Position>
              <LatitudeDegrees>37.3826053</LatitudeDegrees>
              <LongitudeDegrees>-121.8303599</LongitudeDegrees>
            </Position>
            <AltitudeMeters>25.1</AltitudeMeters>
            <DistanceMeters>6977.61</DistanceMeters>
            <HeartRateBpm><Value>134</Value></HeartRateBpm>
            <Cadence>164</Cadence>
          </Trackpoint>
          <Trackpoint>
            <Time>2026-03-07T14:16:50.000Z</Time>
            <Position>
              <LatitudeDegrees>37.3826844</LatitudeDegrees>
              <LongitudeDegrees>-121.8302602</LongitudeDegrees>
            </Position>
            <AltitudeMeters>25.1</AltitudeMeters>
            <DistanceMeters>6990.05</DistanceMeters>
            <HeartRateBpm><Value>134</Value></HeartRateBpm>
            <Cadence>164</Cadence>
          </Trackpoint>
          <Trackpoint>
            <Time>2026-03-07T14:16:55.000Z</Time>
            <Position>
              <LatitudeDegrees>37.3827636</LatitudeDegrees>
              <LongitudeDegrees>-121.8301605</LongitudeDegrees>
            </Position>
            <AltitudeMeters>25</AltitudeMeters>
            <DistanceMeters>7002.49</DistanceMeters>
            <HeartRateBpm><Value>134</Value></HeartRateBpm>
            <Cadence>164</Cadence>
          </Trackpoint>
          <Trackpoint>
            <Time>2026-03-07T14:17:00.000Z</Time>
            <Position>
              <LatitudeDegrees>37.3828428</LatitudeDegrees>
              <LongitudeDegrees>-121.8300608</LongitudeDegrees>
            </Position>
            <AltitudeMeters>24.9</AltitudeMeters>
            <DistanceMeters>7014.93</DistanceMeters>
            <HeartRateBpm><Value>134</Value></HeartRateBpm>
            <Cadence>164</Cadence>
          </Trackpoint>
          <Trackpoint>
            <Time>2026-03-07T14:17:05.000Z</Time>
            <Position>
              <LatitudeDegrees>37.3829219</LatitudeDegrees>
              <LongitudeDegrees>-121.8299610</LongitudeDegrees>
            </Position>
            <AltitudeMeters>24.8</AltitudeMeters>
            <DistanceMeters>7027.36</DistanceMeters>
            <HeartRateBpm><Value>134</Value></HeartRateBpm>
            <Cadence>164</Cadence>
          </Trackpoint>
          <Trackpoint>
            <Time>2026-03-07T14:17:10.000Z</Time>
            <Position>
              <LatitudeDegrees>37.3830011</LatitudeDegrees>
              <LongitudeDegrees>-121.8298613</LongitudeDegrees>
            </Position>
            <AltitudeMeters>24.8</AltitudeMeters>
            <DistanceMeters>7039.80</DistanceMeters>
            <HeartRateBpm><Value>134</Value></HeartRateBpm>
            <Cadence>164</Cadence>
          </Trackpoint>
          <Trackpoint>
            <Time>2026-03-07T14:17:15.000Z</Time>
            <Position>
              <LatitudeDegrees>37.3830802</LatitudeDegrees>
              <LongitudeDegrees>-121.8297616</LongitudeDegrees>
            </Position>
            <AltitudeMeters>24.7</AltitudeMeters>
            <DistanceMeters>7052.24</DistanceMeters>
            <HeartRateBpm><Value>134</Value></HeartRateBpm>
            <Cadence>164</Cadence>
          </Trackpoint>
          <Trackpoint>
            <Time>2026-03-07T14:17:20.000Z</Time>
            <Position>
              <LatitudeDegrees>37.3831594</LatitudeDegrees>
              <LongitudeDegrees>-121.8296619</LongitudeDegrees>
            </Position>
            <AltitudeMeters>24.6</AltitudeMeters>
            <DistanceMeters>7064.68</DistanceMeters>
            <HeartRateBpm><Value>134</Value></HeartRateBpm>
            <Cadence>164</Cadence>
          </Trackpoint>
          <Trackpoint>
            <Time>2026-03-07T14:17:25.000Z</Time>
            <Position>
              <LatitudeDegrees>37.3832385</LatitudeDegrees>
              <LongitudeDegrees>-121.8295622</LongitudeDegrees>
            </Position>
            <AltitudeMeters>24.5</AltitudeMeters>
            <DistanceMeters>7077.11</DistanceMeters>
            <HeartRateBpm><Value>134</Value></HeartRateBpm>
            <Cadence>164</Cadence>
          </Trackpoint>
          <Trackpoint>
            <Time>2026-03-07T14:17:30.000Z</Time>
            <Position>
              <LatitudeDegrees>37.3833177</LatitudeDegrees>
              <LongitudeDegrees>-121.8294625</LongitudeDegrees>
            </Position>
            <AltitudeMeters>24.4</AltitudeMeters>
            <DistanceMeters>7089.55</DistanceMeters>
            <HeartRateBpm><Value>134</Value></HeartRateBpm>
            <Cadence>164</Cadence>
          </Trackpoint>
          <Trackpoint>
            <Time>2026-03-07T14:17:35.000Z</Time>
            <Position>
              <LatitudeDegrees>37.3833968</LatitudeDegrees>
              <LongitudeDegrees>-121.8293628</LongitudeDegrees>
            </Position>
            <AltitudeMeters>24.4</AltitudeMeters>
            <DistanceMeters>7101.99</DistanceMeters>
            <HeartRateBpm><Value>134</Value></HeartRateBpm>
            <Cadence>164</Cadence>
          </Trackpoint>
          <Trackpoint>
            <Time>2026-03-07T14:17:40.000Z</Time>
            <Position>
              <LatitudeDegrees>37.3834760</LatitudeDegrees>
              <LongitudeDegrees>-121.8292630</LongitudeDegrees>
            </Position>
            <AltitudeMeters>24.3</AltitudeMeters>
            <DistanceMeters>7114.43</DistanceMeters>
            <HeartRateBpm><Value>134</Value></HeartRateBpm>
            <Cadence>164</Cadence>
          </Trackpoint>
          <Trackpoint>
            <Time>2026-03-07T14:17:45.000Z</Time>
            <Position>
              <LatitudeDegrees>37.3835551</LatitudeDegrees>
              <LongitudeDegrees>-121.8291633</LongitudeDegrees>
            </Position>
            <AltitudeMeters>24.2</AltitudeMeters>
            <DistanceMeters>7126.87</DistanceMeters>
            <HeartRateBpm><Value>134</Value></HeartRateBpm>
            <Cadence>164</Cadence>
          </Trackpoint>
          <Trackpoint>
            <Time>2026-03-07T14:17:50.000Z</Time>
            <Position>
              <LatitudeDegrees>37.3836343</LatitudeDegrees>
              <LongitudeDegrees>-121.8290636</LongitudeDegrees>
            </Position>
            <AltitudeMeters>24.2</AltitudeMeters>
            <DistanceMeters>7139.30</DistanceMeters>
            <HeartRateBpm><Value>134</Value></HeartRateBpm>
            <Cadence>164</Cadence>
          </Trackpoint>
          <Trackpoint>
            <Time>2026-03-07T14:17:55.000Z</Time>
            <Position>
              <LatitudeDegrees>37.3837134</LatitudeDegrees>
              <LongitudeDegrees>-121.8289639</LongitudeDegrees>
            </Position>
            <AltitudeMeters>24.1</AltitudeMeters>
            <DistanceMeters>7151.74</DistanceMeters>
            <HeartRateBpm><Value>134</Value></HeartRateBpm>
            <Cadence>164</Cadence>
          </Trackpoint>
          <Trackpoint>
            <Time>2026-03-07T14:18:00.000Z</Time>
            <Position>
              <LatitudeDegrees>37.3837926</LatitudeDegrees>
              <LongitudeDegrees>-121.8288642</LongitudeDegrees>
            </Position>
            <AltitudeMeters>24</AltitudeMeters>
            <DistanceMeters>7164.18</DistanceMeters>
            <HeartRateBpm><Value>134</Value></HeartRateBpm>
            <Cadence>164</Cadence>
          </Trackpoint>
          <Trackpoint>
            <Time>2026-03-07T14:18:05.000Z</Time>
            <Position>
              <LatitudeDegrees>37.3838718</LatitudeDegrees>
              <LongitudeDegrees>-121.8287645</LongitudeDegrees>
            </Position>
            <AltitudeMeters>23.9</AltitudeMeters>
            <DistanceMeters>7176.62</DistanceMeters>
            <HeartRateBpm><Value>134</Value></HeartRateBpm>
            <Cadence>164</Cadence>
          </Trackpoint>
          <Trackpoint>
            <Time>2026-03-07T14:18:10.000Z</Time>
            <Position>
              <LatitudeDegrees>37.3839509</LatitudeDegrees>
              <LongitudeDegrees>-121.8286647</LongitudeDegrees>
            </Position>
            <AltitudeMeters>23.9</AltitudeMeters>
            <DistanceMeters>7189.05</DistanceMeters>
            <HeartRateBpm><Value>134</Value></HeartRateBpm>
            <Cadence>164</Cadence>
          </Trackpoint>
          <Trackpoint>
            <Time>2026-03-07T14:18:15.000Z</Time>
            <Position>
              <LatitudeDegrees>37.3840301</LatitudeDegrees>
              <LongitudeDegrees>-121.8285650</LongitudeDegrees>
            </Position>
            <AltitudeMeters>23.8</AltitudeMeters>
            <DistanceMeters>7201.49</DistanceMeters>
            <HeartRateBpm><Value>134</Value></HeartRateBpm>
            <Cadence>164</Cadence>
          </Trackpoint>
          <Trackpoint>
            <Time>2026-03-07T14:18:20.000Z</Time>
            <Position>
              <LatitudeDegrees>37.3841092</LatitudeDegrees>
              <LongitudeDegrees>-121.8284653</LongitudeDegrees>
            </Position>
            <AltitudeMeters>23.8</AltitudeMeters>
            <DistanceMeters>7213.93</DistanceMeters>
            <HeartRateBpm><Value>134</Value></HeartRateBpm>
            <Cadence>164</Cadence>
          </Trackpoint>
          <Trackpoint>
            <Time>2026-03-07T14:18:25.000Z</Time>
            <Position>
              <LatitudeDegrees>37.3841884</LatitudeDegrees>
              <LongitudeDegrees>-121.8283656</LongitudeDegrees>
            </Position>
            <AltitudeMeters>23.7</AltitudeMeters>
            <DistanceMeters>7226.37</DistanceMeters>
            <HeartRateBpm><Value>134</Value></HeartRateBpm>
            <Cadence>164</Cadence>
          </Trackpoint>
          <Trackpoint>
            <Time>2026-03-07T14:18:30.000Z</Time>
            <Position>
              <LatitudeDegrees>37.3842675</LatitudeDegrees>
              <LongitudeDegrees>-121.8282659</LongitudeDegrees>
            </Position>
            <AltitudeMeters>23.6</AltitudeMeters>
            <DistanceMeters>7238.81</DistanceMeters>
            <HeartRateBpm><Value>134</Value></HeartRateBpm>
            <Cadence>164</Cadence>
          </Trackpoint>
          <Trackpoint>
            <Time>2026-03-07T14:18:35.000Z</Time>
            <Position>
              <LatitudeDegrees>37.3843467</LatitudeDegrees>
              <LongitudeDegrees>-121.8281662</LongitudeDegrees>
            </Position>
            <AltitudeMeters>23.6</AltitudeMeters>
            <DistanceMeters>7251.24</DistanceMeters>
            <HeartRateBpm><Value>134</Value></HeartRateBpm>
            <Cadence>164</Cadence>
          </Trackpoint>
          <Trackpoint>
            <Time>2026-03-07T14:18:40.000Z</Time>
            <Position>
              <LatitudeDegrees>37.3844258</LatitudeDegrees>
              <LongitudeDegrees>-121.8280665</LongitudeDegrees>
            </Position>
            <AltitudeMeters>23.5</AltitudeMeters>
            <DistanceMeters>7263.68</DistanceMeters>
            <HeartRateBpm><Value>134</Value></HeartRateBpm>
            <Cadence>164</Cadence>
          </Trackpoint>
          <Trackpoint>
            <Time>2026-03-07T14:18:45.000Z</Time>
            <Position>
              <LatitudeDegrees>37.3845050</LatitudeDegrees>
              <LongitudeDegrees>-121.8279667</LongitudeDegrees>
            </Position>
            <AltitudeMeters>23.5</AltitudeMeters>
            <DistanceMeters>7276.12</DistanceMeters>
            <HeartRateBpm><Value>134</Value></HeartRateBpm>
            <Cadence>164</Cadence>
          </Trackpoint>
          <Trackpoint>
            <Time>2026-03-07T14:18:50.000Z</Time>
            <Position>
              <LatitudeDegrees>37.3845841</LatitudeDegrees>
              <LongitudeDegrees>-121.8278670</LongitudeDegrees>
            </Position>
            <AltitudeMeters>23.4</AltitudeMeters>
            <DistanceMeters>7288.56</DistanceMeters>
            <HeartRateBpm><Value>134</Value></HeartRateBpm>
            <Cadence>164</Cadence>
          </Trackpoint>
          <Trackpoint>
            <Time>2026-03-07T14:18:55.000Z</Time>
            <Position>
              <LatitudeDegrees>37.3846633</LatitudeDegrees>
              <LongitudeDegrees>-121.8277673</LongitudeDegrees>
            </Position>
            <AltitudeMeters>23.4</AltitudeMeters>
            <DistanceMeters>7301.00</DistanceMeters>
            <HeartRateBpm><Value>134</Value></HeartRateBpm>
            <Cadence>164</Cadence>
          </Trackpoint>
          <Trackpoint>
            <Time>2026-03-07T14:19:00.000Z</Time>
            <Position>
              <LatitudeDegrees>37.3847424</LatitudeDegrees>
              <LongitudeDegrees>-121.8276676</LongitudeDegrees>
            </Position>
            <AltitudeMeters>23.3</AltitudeMeters>
            <DistanceMeters>7313.43</DistanceMeters>
            <HeartRateBpm><Value>134</Value></HeartRateBpm>
            <Cadence>164</Cadence>
          </Trackpoint>
          <Trackpoint>
            <Time>2026-03-07T14:19:05.000Z</Time>
            <Position>
              <LatitudeDegrees>37.3848216</LatitudeDegrees>
              <LongitudeDegrees>-121.8275679</LongitudeDegrees>
            </Position>
            <AltitudeMeters>23.3</AltitudeMeters>
            <DistanceMeters>7325.87</DistanceMeters>
            <HeartRateBpm><Value>134</Value></HeartRateBpm>
            <Cadence>164</Cadence>
          </Trackpoint>
          <Trackpoint>
            <Time>2026-03-07T14:19:10.000Z</Time>
            <Position>
              <LatitudeDegrees>37.3849008</LatitudeDegrees>
              <LongitudeDegrees>-121.8274682</LongitudeDegrees>
            </Position>
            <AltitudeMeters>23.3</AltitudeMeters>
            <DistanceMeters>7338.31</DistanceMeters>
            <HeartRateBpm><Value>134</Value></HeartRateBpm>
            <Cadence>164</Cadence>
          </Trackpoint>
          <Trackpoint>
            <Time>2026-03-07T14:19:15.000Z</Time>
            <Position>
              <LatitudeDegrees>37.3849799</LatitudeDegrees>
              <LongitudeDegrees>-121.8273685</LongitudeDegrees>
            </Position>
            <AltitudeMeters>23.2</AltitudeMeters>
            <DistanceMeters>7350.75</DistanceMeters>
            <HeartRateBpm><Value>134</Value></HeartRateBpm>
            <Cadence>164</Cadence>
          </Trackpoint>
          <Trackpoint>
            <Time>2026-03-07T14:19:20.000Z</Time>
            <Position>
              <LatitudeDegrees>37.3850591</LatitudeDegrees>
              <LongitudeDegrees>-121.8272687</LongitudeDegrees>
            </Position>
            <AltitudeMeters>23.2</AltitudeMeters>
            <DistanceMeters>7363.18</DistanceMeters>
            <HeartRateBpm><Value>134</Value></HeartRateBpm>
            <Cadence>164</Cadence>
          </Trackpoint>
          <Trackpoint>
            <Time>2026-03-07T14:19:25.000Z</Time>
            <Position>
              <LatitudeDegrees>37.3851382</LatitudeDegrees>
              <LongitudeDegrees>-121.8271690</LongitudeDegrees>
            </Position>
            <AltitudeMeters>23.2</AltitudeMeters>
            <DistanceMeters>7375.62</DistanceMeters>
            <HeartRateBpm><Value>134</Value></HeartRateBpm>
            <Cadence>164</Cadence>
          </Trackpoint>
          <Trackpoint>
            <Time>2026-03-07T14:19:30.000Z</Time>
            <Position>
              <LatitudeDegrees>37.3852174</LatitudeDegrees>
              <LongitudeDegrees>-121.8270693</LongitudeDegrees>
            </Position>
            <AltitudeMeters>23.1</AltitudeMeters>
            <DistanceMeters>7388.06</DistanceMeters>
            <HeartRateBpm><Value>134</Value></HeartRateBpm>
            <Cadence>164</Cadence>
          </Trackpoint>
          <Trackpoint>
            <Time>2026-03-07T14:19:35.000Z</Time>
            <Position>
              <LatitudeDegrees>37.3852965</LatitudeDegrees>
              <LongitudeDegrees>-121.8269696</LongitudeDegrees>
            </Position>
            <AltitudeMeters>23.1</AltitudeMeters>
            <DistanceMeters>7400.50</DistanceMeters>
            <HeartRateBpm><Value>134</Value></HeartRateBpm>
            <Cadence>164</Cadence>
          </Trackpoint>
          <Trackpoint>
            <Time>2026-03-07T14:19:40.000Z</Time>
            <Position>
              <LatitudeDegrees>37.3853757</LatitudeDegrees>
              <LongitudeDegrees>-121.8268699</LongitudeDegrees>
            </Position>
            <AltitudeMeters>23.1</AltitudeMeters>
            <DistanceMeters>7412.94</DistanceMeters>
            <HeartRateBpm><Value>134</Value></HeartRateBpm>
            <Cadence>164</Cadence>
          </Trackpoint>
          <Trackpoint>
            <Time>2026-03-07T14:19:45.000Z</Time>
            <Position>
              <LatitudeDegrees>37.3854548</LatitudeDegrees>
              <LongitudeDegrees>-121.8267702</LongitudeDegrees>
            </Position>
            <AltitudeMeters>23.1</AltitudeMeters>
            <DistanceMeters>7425.37</DistanceMeters>
            <HeartRateBpm><Value>134</Value></HeartRateBpm>
            <Cadence>164</Cadence>
          </Trackpoint>
          <Trackpoint>
            <Time>2026-03-07T14:19:50.000Z</Time>
            <Position>
              <LatitudeDegrees>37.3855340</LatitudeDegrees>
              <LongitudeDegrees>-121.8266704</LongitudeDegrees>
            </Position>
            <AltitudeMeters>23</AltitudeMeters>
            <DistanceMeters>7437.81</DistanceMeters>
            <HeartRateBpm><Value>134</Value></HeartRateBpm>
            <Cadence>164</Cadence>
          </Trackpoint>
          <Trackpoint>
            <Time>2026-03-07T14:19:55.000Z</Time>
            <Position>
              <LatitudeDegrees>37.3856131</LatitudeDegrees>
              <LongitudeDegrees>-121.8265707</LongitudeDegrees>
            </Position>
            <AltitudeMeters>23</AltitudeMeters>
            <DistanceMeters>7450.25</DistanceMeters>
            <HeartRateBpm><Value>134</Value></HeartRateBpm>
            <Cadence>164</Cadence>
          </Trackpoint>
          <Trackpoint>
            <Time>2026-03-07T14:20:00.000Z</Time>
            <Position>
              <LatitudeDegrees>37.3856923</LatitudeDegrees>
              <LongitudeDegrees>-121.8264710</LongitudeDegrees>
            </Position>
            <AltitudeMeters>23</AltitudeMeters>
            <DistanceMeters>7462.69</DistanceMeters>
            <HeartRateBpm><Value>134</Value></HeartRateBpm>
            <Cadence>164</Cadence>
          </Trackpoint>
          <Trackpoint>
            <Time>2026-03-07T14:20:05.000Z</Time>
            <Position>
              <LatitudeDegrees>37.3857714</LatitudeDegrees>
              <LongitudeDegrees>-121.8263713</LongitudeDegrees>
            </Position>
            <AltitudeMeters>23</AltitudeMeters>
            <DistanceMeters>7475.12</DistanceMeters>
            <HeartRateBpm><Value>134</Value></HeartRateBpm>
            <Cadence>164</Cadence>
          </Trackpoint>
          <Trackpoint>
            <Time>2026-03-07T14:20:10.000Z</Time>
            <Position>
              <LatitudeDegrees>37.3858506</LatitudeDegrees>
              <LongitudeDegrees>-121.8262716</LongitudeDegrees>
            </Position>
            <AltitudeMeters>23</AltitudeMeters>
            <DistanceMeters>7487.56</DistanceMeters>
            <HeartRateBpm><Value>134</Value></HeartRateBpm>
            <Cadence>164</Cadence>
          </Trackpoint>
          <Trackpoint>
            <Time>2026-03-07T14:20:15.000Z</Time>
            <Position>
              <LatitudeDegrees>37.3859298</LatitudeDegrees>
              <LongitudeDegrees>-121.8261719</LongitudeDegrees>
            </Position>
            <AltitudeMeters>23</AltitudeMeters>
            <DistanceMeters>7500.00</DistanceMeters>
            <HeartRateBpm><Value>134</Value></HeartRateBpm>
            <Cadence>164</Cadence>
          </Trackpoint>
          <Trackpoint>
            <Time>2026-03-07T14:20:20.000Z</Time>
            <Position>
              <LatitudeDegrees>37.3860089</LatitudeDegrees>
              <LongitudeDegrees>-121.8260722</LongitudeDegrees>
            </Position>
            <AltitudeMeters>23</AltitudeMeters>
            <DistanceMeters>7512.44</DistanceMeters>
            <HeartRateBpm><Value>134</Value></HeartRateBpm>
            <Cadence>164</Cadence>
          </Trackpoint>
          <Trackpoint>
            <Time>2026-03-07T14:20:25.000Z</Time>
            <Position>
              <LatitudeDegrees>37.3860881</LatitudeDegrees>
              <LongitudeDegrees>-121.8259724</LongitudeDegrees>
            </Position>
            <AltitudeMeters>23</AltitudeMeters>
            <DistanceMeters>7524.88</DistanceMeters>
            <HeartRateBpm><Value>134</Value></HeartRateBpm>
            <Cadence>164</Cadence>
          </Trackpoint>
          <Trackpoint>
            <Time>2026-03-07T14:20:30.000Z</Time>
            <Position>
              <LatitudeDegrees>37.3861672</LatitudeDegrees>
              <LongitudeDegrees>-121.8258727</LongitudeDegrees>
            </Position>
            <AltitudeMeters>23</AltitudeMeters>
            <DistanceMeters>7537.31</DistanceMeters>
            <HeartRateBpm><Value>134</Value></HeartRateBpm>
            <Cadence>164</Cadence>
          </Trackpoint>
          <Trackpoint>
            <Time>2026-03-07T14:20:35.000Z</Time>
            <Position>
              <LatitudeDegrees>37.3862464</LatitudeDegrees>
              <LongitudeDegrees>-121.8257730</LongitudeDegrees>
            </Position>
            <AltitudeMeters>23</AltitudeMeters>
            <DistanceMeters>7549.75</DistanceMeters>
            <HeartRateBpm><Value>134</Value></HeartRateBpm>
            <Cadence>164</Cadence>
          </Trackpoint>
          <Trackpoint>
            <Time>2026-03-07T14:20:40.000Z</Time>
            <Position>
              <LatitudeDegrees>37.3863255</LatitudeDegrees>
              <LongitudeDegrees>-121.8256733</LongitudeDegrees>
            </Position>
            <AltitudeMeters>23</AltitudeMeters>
            <DistanceMeters>7562.19</DistanceMeters>
            <HeartRateBpm><Value>134</Value></HeartRateBpm>
            <Cadence>164</Cadence>
          </Trackpoint>
          <Trackpoint>
            <Time>2026-03-07T14:20:45.000Z</Time>
            <Position>
              <LatitudeDegrees>37.3864047</LatitudeDegrees>
              <LongitudeDegrees>-121.8255736</LongitudeDegrees>
            </Position>
            <AltitudeMeters>23.1</AltitudeMeters>
            <DistanceMeters>7574.63</DistanceMeters>
            <HeartRateBpm><Value>134</Value></HeartRateBpm>
            <Cadence>164</Cadence>
          </Trackpoint>
          <Trackpoint>
            <Time>2026-03-07T14:20:50.000Z</Time>
            <Position>
              <LatitudeDegrees>37.3864838</LatitudeDegrees>
              <LongitudeDegrees>-121.8254739</LongitudeDegrees>
            </Position>
            <AltitudeMeters>23.1</AltitudeMeters>
            <DistanceMeters>7587.06</DistanceMeters>
            <HeartRateBpm><Value>134</Value></HeartRateBpm>
            <Cadence>164</Cadence>
          </Trackpoint>
          <Trackpoint>
            <Time>2026-03-07T14:20:55.000Z</Time>
            <Position>
              <LatitudeDegrees>37.3865630</LatitudeDegrees>
              <LongitudeDegrees>-121.8253742</LongitudeDegrees>
            </Position>
            <AltitudeMeters>23.1</AltitudeMeters>
            <DistanceMeters>7599.50</DistanceMeters>
            <HeartRateBpm><Value>134</Value></HeartRateBpm>
            <Cadence>164</Cadence>
          </Trackpoint>
          <Trackpoint>
            <Time>2026-03-07T14:21:00.000Z</Time>
            <Position>
              <LatitudeDegrees>37.3866421</LatitudeDegrees>
              <LongitudeDegrees>-121.8252744</LongitudeDegrees>
            </Position>
            <AltitudeMeters>23.1</AltitudeMeters>
            <DistanceMeters>7611.94</DistanceMeters>
            <HeartRateBpm><Value>134</Value></HeartRateBpm>
            <Cadence>164</Cadence>
          </Trackpoint>
          <Trackpoint>
            <Time>2026-03-07T14:21:05.000Z</Time>
            <Position>
              <LatitudeDegrees>37.3867213</LatitudeDegrees>
              <LongitudeDegrees>-121.8251747</LongitudeDegrees>
            </Position>
            <AltitudeMeters>23.2</AltitudeMeters>
            <DistanceMeters>7624.38</DistanceMeters>
            <HeartRateBpm><Value>134</Value></HeartRateBpm>
            <Cadence>164</Cadence>
          </Trackpoint>
          <Trackpoint>
            <Time>2026-03-07T14:21:10.000Z</Time>
            <Position>
              <LatitudeDegrees>37.3868004</LatitudeDegrees>
              <LongitudeDegrees>-121.8250750</LongitudeDegrees>
            </Position>
            <AltitudeMeters>23.2</AltitudeMeters>
            <DistanceMeters>7636.82</DistanceMeters>
            <HeartRateBpm><Value>134</Value></HeartRateBpm>
            <Cadence>164</Cadence>
          </Trackpoint>
          <Trackpoint>
            <Time>2026-03-07T14:21:15.000Z</Time>
            <Position>
              <LatitudeDegrees>37.3868796</LatitudeDegrees>
              <LongitudeDegrees>-121.8249753</LongitudeDegrees>
            </Position>
            <AltitudeMeters>23.2</AltitudeMeters>
            <DistanceMeters>7649.25</DistanceMeters>
            <HeartRateBpm><Value>134</Value></HeartRateBpm>
            <Cadence>164</Cadence>
          </Trackpoint>
          <Trackpoint>
            <Time>2026-03-07T14:21:20.000Z</Time>
            <Position>
              <LatitudeDegrees>37.3869588</LatitudeDegrees>
              <LongitudeDegrees>-121.8248756</LongitudeDegrees>
            </Position>
            <AltitudeMeters>23.3</AltitudeMeters>
            <DistanceMeters>7661.69</DistanceMeters>
            <HeartRateBpm><Value>134</Value></HeartRateBpm>
            <Cadence>164</Cadence>
          </Trackpoint>
          <Trackpoint>
            <Time>2026-03-07T14:21:25.000Z</Time>
            <Position>
              <LatitudeDegrees>37.3870379</LatitudeDegrees>
              <LongitudeDegrees>-121.8247759</LongitudeDegrees>
            </Position>
            <AltitudeMeters>23.3</AltitudeMeters>
            <DistanceMeters>7674.13</DistanceMeters>
            <HeartRateBpm><Value>134</Value></HeartRateBpm>
            <Cadence>164</Cadence>
          </Trackpoint>
          <Trackpoint>
            <Time>2026-03-07T14:21:30.000Z</Time>
            <Position>
              <LatitudeDegrees>37.3871171</LatitudeDegrees>
              <LongitudeDegrees>-121.8246761</LongitudeDegrees>
            </Position>
            <AltitudeMeters>23.3</AltitudeMeters>
            <DistanceMeters>7686.57</DistanceMeters>
            <HeartRateBpm><Value>134</Value></HeartRateBpm>
            <Cadence>164</Cadence>
          </Trackpoint>
          <Trackpoint>
            <Time>2026-03-07T14:21:35.000Z</Time>
            <Position>
              <LatitudeDegrees>37.3871962</LatitudeDegrees>
              <LongitudeDegrees>-121.8245764</LongitudeDegrees>
            </Position>
            <AltitudeMeters>23.4</AltitudeMeters>
            <DistanceMeters>7699.00</DistanceMeters>
            <HeartRateBpm><Value>134</Value></HeartRateBpm>
            <Cadence>164</Cadence>
          </Trackpoint>
          <Trackpoint>
            <Time>2026-03-07T14:21:40.000Z</Time>
            <Position>
              <LatitudeDegrees>37.3872754</LatitudeDegrees>
              <LongitudeDegrees>-121.8244767</LongitudeDegrees>
            </Position>
            <AltitudeMeters>23.4</AltitudeMeters>
            <DistanceMeters>7711.44</DistanceMeters>
            <HeartRateBpm><Value>134</Value></HeartRateBpm>
            <Cadence>164</Cadence>
          </Trackpoint>
          <Trackpoint>
            <Time>2026-03-07T14:21:45.000Z</Time>
            <Position>
              <LatitudeDegrees>37.3873545</LatitudeDegrees>
              <LongitudeDegrees>-121.8243770</LongitudeDegrees>
            </Position>
            <AltitudeMeters>23.5</AltitudeMeters>
            <DistanceMeters>7723.88</DistanceMeters>
            <HeartRateBpm><Value>134</Value></HeartRateBpm>
            <Cadence>164</Cadence>
          </Trackpoint>
          <Trackpoint>
            <Time>2026-03-07T14:21:50.000Z</Time>
            <Position>
              <LatitudeDegrees>37.3874337</LatitudeDegrees>
              <LongitudeDegrees>-121.8242773</LongitudeDegrees>
            </Position>
            <AltitudeMeters>23.5</AltitudeMeters>
            <DistanceMeters>7736.32</DistanceMeters>
            <HeartRateBpm><Value>134</Value></HeartRateBpm>
            <Cadence>164</Cadence>
          </Trackpoint>
          <Trackpoint>
            <Time>2026-03-07T14:21:55.000Z</Time>
            <Position>
              <LatitudeDegrees>37.3875128</LatitudeDegrees>
              <LongitudeDegrees>-121.8241776</LongitudeDegrees>
            </Position>
            <AltitudeMeters>23.6</AltitudeMeters>
            <DistanceMeters>7748.76</DistanceMeters>
            <HeartRateBpm><Value>134</Value></HeartRateBpm>
            <Cadence>164</Cadence>
          </Trackpoint>
          <Trackpoint>
            <Time>2026-03-07T14:22:00.000Z</Time>
            <Position>
              <LatitudeDegrees>37.3875920</LatitudeDegrees>
              <LongitudeDegrees>-121.8240779</LongitudeDegrees>
            </Position>
            <AltitudeMeters>23.6</AltitudeMeters>
            <DistanceMeters>7761.19</DistanceMeters>
            <HeartRateBpm><Value>134</Value></HeartRateBpm>
            <Cadence>164</Cadence>
          </Trackpoint>
          <Trackpoint>
            <Time>2026-03-07T14:22:05.000Z</Time>
            <Position>
              <LatitudeDegrees>37.3876711</LatitudeDegrees>
              <LongitudeDegrees>-121.8239781</LongitudeDegrees>
            </Position>
            <AltitudeMeters>23.7</AltitudeMeters>
            <DistanceMeters>7773.63</DistanceMeters>
            <HeartRateBpm><Value>134</Value></HeartRateBpm>
            <Cadence>164</Cadence>
          </Trackpoint>
          <Trackpoint>
            <Time>2026-03-07T14:22:10.000Z</Time>
            <Position>
              <LatitudeDegrees>37.3877503</LatitudeDegrees>
              <LongitudeDegrees>-121.8238784</LongitudeDegrees>
            </Position>
            <AltitudeMeters>23.8</AltitudeMeters>
            <DistanceMeters>7786.07</DistanceMeters>
            <HeartRateBpm><Value>134</Value></HeartRateBpm>
            <Cadence>164</Cadence>
          </Trackpoint>
          <Trackpoint>
            <Time>2026-03-07T14:22:15.000Z</Time>
            <Position>
              <LatitudeDegrees>37.3878294</LatitudeDegrees>
              <LongitudeDegrees>-121.8237787</LongitudeDegrees>
            </Position>
            <AltitudeMeters>23.8</AltitudeMeters>
            <DistanceMeters>7798.51</DistanceMeters>
            <HeartRateBpm><Value>134</Value></HeartRateBpm>
            <Cadence>164</Cadence>
          </Trackpoint>
          <Trackpoint>
            <Time>2026-03-07T14:22:20.000Z</Time>
            <Position>
              <LatitudeDegrees>37.3879086</LatitudeDegrees>
              <LongitudeDegrees>-121.8236790</LongitudeDegrees>
            </Position>
            <AltitudeMeters>23.9</AltitudeMeters>
            <DistanceMeters>7810.95</DistanceMeters>
            <HeartRateBpm><Value>134</Value></HeartRateBpm>
            <Cadence>164</Cadence>
          </Trackpoint>
          <Trackpoint>
            <Time>2026-03-07T14:22:25.000Z</Time>
            <Position>
              <LatitudeDegrees>37.3879878</LatitudeDegrees>
              <LongitudeDegrees>-121.8235793</LongitudeDegrees>
            </Position>
            <AltitudeMeters>23.9</AltitudeMeters>
            <DistanceMeters>7823.38</DistanceMeters>
            <HeartRateBpm><Value>134</Value></HeartRateBpm>
            <Cadence>164</Cadence>
          </Trackpoint>
          <Trackpoint>
            <Time>2026-03-07T14:22:30.000Z</Time>
            <Position>
              <LatitudeDegrees>37.3880669</LatitudeDegrees>
              <LongitudeDegrees>-121.8234796</LongitudeDegrees>
            </Position>
            <AltitudeMeters>24</AltitudeMeters>
            <DistanceMeters>7835.82</DistanceMeters>
            <HeartRateBpm><Value>134</Value></HeartRateBpm>
            <Cadence>164</Cadence>
          </Trackpoint>
          <Trackpoint>
            <Time>2026-03-07T14:22:35.000Z</Time>
            <Position>
              <LatitudeDegrees>37.3881461</LatitudeDegrees>
              <LongitudeDegrees>-121.8233799</LongitudeDegrees>
            </Position>
            <AltitudeMeters>24.1</AltitudeMeters>
            <DistanceMeters>7848.26</DistanceMeters>
            <HeartRateBpm><Value>134</Value></HeartRateBpm>
            <Cadence>164</Cadence>
          </Trackpoint>
          <Trackpoint>
            <Time>2026-03-07T14:22:40.000Z</Time>
            <Position>
              <LatitudeDegrees>37.3882252</LatitudeDegrees>
              <LongitudeDegrees>-121.8232801</LongitudeDegrees>
            </Position>
            <AltitudeMeters>24.2</AltitudeMeters>
            <DistanceMeters>7860.70</DistanceMeters>
            <HeartRateBpm><Value>134</Value></HeartRateBpm>
            <Cadence>164</Cadence>
          </Trackpoint>
          <Trackpoint>
            <Time>2026-03-07T14:22:45.000Z</Time>
            <Position>
              <LatitudeDegrees>37.3883044</LatitudeDegrees>
              <LongitudeDegrees>-121.8231804</LongitudeDegrees>
            </Position>
            <AltitudeMeters>24.2</AltitudeMeters>
            <DistanceMeters>7873.13</DistanceMeters>
            <HeartRateBpm><Value>134</Value></HeartRateBpm>
            <Cadence>164</Cadence>
          </Trackpoint>
          <Trackpoint>
            <Time>2026-03-07T14:22:50.000Z</Time>
            <Position>
              <LatitudeDegrees>37.3883835</LatitudeDegrees>
              <LongitudeDegrees>-121.8230807</LongitudeDegrees>
            </Position>
            <AltitudeMeters>24.3</AltitudeMeters>
            <DistanceMeters>7885.57</DistanceMeters>
            <HeartRateBpm><Value>134</Value></HeartRateBpm>
            <Cadence>164</Cadence>
          </Trackpoint>
          <Trackpoint>
            <Time>2026-03-07T14:22:55.000Z</Time>
            <Position>
              <LatitudeDegrees>37.3884627</LatitudeDegrees>
              <LongitudeDegrees>-121.8229810</LongitudeDegrees>
            </Position>
            <AltitudeMeters>24.4</AltitudeMeters>
            <DistanceMeters>7898.01</DistanceMeters>
            <HeartRateBpm><Value>134</Value></HeartRateBpm>
            <Cadence>164</Cadence>
          </Trackpoint>
          <Trackpoint>
            <Time>2026-03-07T14:23:00.000Z</Time>
            <Position>
              <LatitudeDegrees>37.3885418</LatitudeDegrees>
              <LongitudeDegrees>-121.8228813</LongitudeDegrees>
            </Position>
            <AltitudeMeters>24.4</AltitudeMeters>
            <DistanceMeters>7910.45</DistanceMeters>
            <HeartRateBpm><Value>134</Value></HeartRateBpm>
            <Cadence>164</Cadence>
          </Trackpoint>
          <Trackpoint>
            <Time>2026-03-07T14:23:05.000Z</Time>
            <Position>
              <LatitudeDegrees>37.3886210</LatitudeDegrees>
              <LongitudeDegrees>-121.8227816</LongitudeDegrees>
            </Position>
            <AltitudeMeters>24.5</AltitudeMeters>
            <DistanceMeters>7922.89</DistanceMeters>
            <HeartRateBpm><Value>134</Value></HeartRateBpm>
            <Cadence>164</Cadence>
          </Trackpoint>
          <Trackpoint>
            <Time>2026-03-07T14:23:10.000Z</Time>
            <Position>
              <LatitudeDegrees>37.3887001</LatitudeDegrees>
              <LongitudeDegrees>-121.8226818</LongitudeDegrees>
            </Position>
            <AltitudeMeters>24.6</AltitudeMeters>
            <DistanceMeters>7935.32</DistanceMeters>
            <HeartRateBpm><Value>134</Value></HeartRateBpm>
            <Cadence>164</Cadence>
          </Trackpoint>
          <Trackpoint>
            <Time>2026-03-07T14:23:15.000Z</Time>
            <Position>
              <LatitudeDegrees>37.3887793</LatitudeDegrees>
              <LongitudeDegrees>-121.8225821</LongitudeDegrees>
            </Position>
            <AltitudeMeters>24.7</AltitudeMeters>
            <DistanceMeters>7947.76</DistanceMeters>
            <HeartRateBpm><Value>134</Value></HeartRateBpm>
            <Cadence>164</Cadence>
          </Trackpoint>
          <Trackpoint>
            <Time>2026-03-07T14:23:20.000Z</Time>
            <Position>
              <LatitudeDegrees>37.3888584</LatitudeDegrees>
              <LongitudeDegrees>-121.8224824</LongitudeDegrees>
            </Position>
            <AltitudeMeters>24.8</AltitudeMeters>
            <DistanceMeters>7960.20</DistanceMeters>
            <HeartRateBpm><Value>134</Value></HeartRateBpm>
            <Cadence>164</Cadence>
          </Trackpoint>
          <Trackpoint>
            <Time>2026-03-07T14:23:25.000Z</Time>
            <Position>
              <LatitudeDegrees>37.3889376</LatitudeDegrees>
              <LongitudeDegrees>-121.8223827</LongitudeDegrees>
            </Position>
            <AltitudeMeters>24.8</AltitudeMeters>
            <DistanceMeters>7972.64</DistanceMeters>
            <HeartRateBpm><Value>134</Value></HeartRateBpm>
            <Cadence>164</Cadence>
          </Trackpoint>
          <Trackpoint>
            <Time>2026-03-07T14:23:30.000Z</Time>
            <Position>
              <LatitudeDegrees>37.3890168</LatitudeDegrees>
              <LongitudeDegrees>-121.8222830</LongitudeDegrees>
            </Position>
            <AltitudeMeters>24.9</AltitudeMeters>
            <DistanceMeters>7985.07</DistanceMeters>
            <HeartRateBpm><Value>134</Value></HeartRateBpm>
            <Cadence>164</Cadence>
          </Trackpoint>
          <Trackpoint>
            <Time>2026-03-07T14:23:35.000Z</Time>
            <Position>
              <LatitudeDegrees>37.3890959</LatitudeDegrees>
              <LongitudeDegrees>-121.8221833</LongitudeDegrees>
            </Position>
            <AltitudeMeters>25</AltitudeMeters>
            <DistanceMeters>7997.51</DistanceMeters>
            <HeartRateBpm><Value>134</Value></HeartRateBpm>
            <Cadence>164</Cadence>
          </Trackpoint>
          <Trackpoint>
            <Time>2026-03-07T14:23:36.000Z</Time>
            <Position>
              <LatitudeDegrees>37.3891117</LatitudeDegrees>
              <LongitudeDegrees>-121.8221633</LongitudeDegrees>
            </Position>
            <AltitudeMeters>25</AltitudeMeters>
            <DistanceMeters>8000.00</DistanceMeters>
            <HeartRateBpm><Value>134</Value></HeartRateBpm>
            <Cadence>164</Cadence>
          </Trackpoint>
        </Track>
      </Lap>
      <Lap StartTime="2026-03-07T14:23:36.000Z">
        <TotalTimeSeconds>3256</TotalTimeSeconds>
        <DistanceMeters>8000</DistanceMeters>
        <AverageHeartRateBpm><Value>140</Value></AverageHeartRateBpm>
        <MaximumHeartRateBpm><Value>153</Value></MaximumHeartRateBpm>
        <Intensity>Active</Intensity>
        <TriggerMethod>Manual</TriggerMethod>
        <Track>
          <Trackpoint>
            <Time>2026-03-07T14:23:36.000Z</Time>
            <Position>
              <LatitudeDegrees>37.3891117</LatitudeDegrees>
              <LongitudeDegrees>-121.8221633</LongitudeDegrees>
            </Position>
            <AltitudeMeters>25</AltitudeMeters>
            <DistanceMeters>8000.00</DistanceMeters>
            <HeartRateBpm><Value>132</Value></HeartRateBpm>
            <Cadence>166</Cadence>
          </Trackpoint>
          <Trackpoint>
            <Time>2026-03-07T14:23:41.000Z</Time>
            <Position>
              <LatitudeDegrees>37.3890336</LatitudeDegrees>
              <LongitudeDegrees>-121.8222618</LongitudeDegrees>
            </Position>
            <AltitudeMeters>25.1</AltitudeMeters>
            <DistanceMeters>8012.29</DistanceMeters>
            <HeartRateBpm><Value>132</Value></HeartRateBpm>
            <Cadence>166</Cadence>
          </Trackpoint>
          <Trackpoint>
            <Time>2026-03-07T14:23:46.000Z</Time>
            <Position>
              <LatitudeDegrees>37.3889554</LatitudeDegrees>
              <LongitudeDegrees>-121.8223603</LongitudeDegrees>
            </Position>
            <AltitudeMeters>25.2</AltitudeMeters>
            <DistanceMeters>8024.57</DistanceMeters>
            <HeartRateBpm><Value>132</Value></HeartRateBpm>
            <Cadence>166</Cadence>
          </Trackpoint>
          <Trackpoint>
            <Time>2026-03-07T14:23:51.000Z</Time>
            <Position>
              <LatitudeDegrees>37.3888772</LatitudeDegrees>
              <LongitudeDegrees>-121.8224588</LongitudeDegrees>
            </Position>
            <AltitudeMeters>25.2</AltitudeMeters>
            <DistanceMeters>8036.86</DistanceMeters>
            <HeartRateBpm><Value>132</Value></HeartRateBpm>
            <Cadence>166</Cadence>
          </Trackpoint>
          <Trackpoint>
            <Time>2026-03-07T14:23:56.000Z</Time>
            <Position>
              <LatitudeDegrees>37.3887990</LatitudeDegrees>
              <LongitudeDegrees>-121.8225573</LongitudeDegrees>
            </Position>
            <AltitudeMeters>25.3</AltitudeMeters>
            <DistanceMeters>8049.14</DistanceMeters>
            <HeartRateBpm><Value>132</Value></HeartRateBpm>
            <Cadence>166</Cadence>
          </Trackpoint>
          <Trackpoint>
            <Time>2026-03-07T14:24:01.000Z</Time>
            <Position>
              <LatitudeDegrees>37.3887208</LatitudeDegrees>
              <LongitudeDegrees>-121.8226558</LongitudeDegrees>
            </Position>
            <AltitudeMeters>25.4</AltitudeMeters>
            <DistanceMeters>8061.43</DistanceMeters>
            <HeartRateBpm><Value>132</Value></HeartRateBpm>
            <Cadence>166</Cadence>
          </Trackpoint>
          <Trackpoint>
            <Time>2026-03-07T14:24:06.000Z</Time>
            <Position>
              <LatitudeDegrees>37.3886427</LatitudeDegrees>
              <LongitudeDegrees>-121.8227543</LongitudeDegrees>
            </Position>
            <AltitudeMeters>25.5</AltitudeMeters>
            <DistanceMeters>8073.71</DistanceMeters>
            <HeartRateBpm><Value>132</Value></HeartRateBpm>
            <Cadence>166</Cadence>
          </Trackpoint>
          <Trackpoint>
            <Time>2026-03-07T14:24:11.000Z</Time>
            <Position>
              <LatitudeDegrees>37.3885645</LatitudeDegrees>
              <LongitudeDegrees>-121.8228528</LongitudeDegrees>
            </Position>
            <AltitudeMeters>25.5</AltitudeMeters>
            <DistanceMeters>8086.00</DistanceMeters>
            <HeartRateBpm><Value>133</Value></HeartRateBpm>
            <Cadence>166</Cadence>
          </Trackpoint>
          <Trackpoint>
            <Time>2026-03-07T14:24:16.000Z</Time>
            <Position>
              <LatitudeDegrees>37.3884863</LatitudeDegrees>
              <LongitudeDegrees>-121.8229513</LongitudeDegrees>
            </Position>
            <AltitudeMeters>25.6</AltitudeMeters>
            <DistanceMeters>8098.28</DistanceMeters>
            <HeartRateBpm><Value>133</Value></HeartRateBpm>
            <Cadence>166</Cadence>
          </Trackpoint>
          <Trackpoint>
            <Time>2026-03-07T14:24:21.000Z</Time>
            <Position>
              <LatitudeDegrees>37.3884081</LatitudeDegrees>
              <LongitudeDegrees>-121.8230497</LongitudeDegrees>
            </Position>
            <AltitudeMeters>25.7</AltitudeMeters>
            <DistanceMeters>8110.57</DistanceMeters>
            <HeartRateBpm><Value>133</Value></HeartRateBpm>
            <Cadence>166</Cadence>
          </Trackpoint>
          <Trackpoint>
            <Time>2026-03-07T14:24:26.000Z</Time>
            <Position>
              <LatitudeDegrees>37.3883299</LatitudeDegrees>
              <LongitudeDegrees>-121.8231482</LongitudeDegrees>
            </Position>
            <AltitudeMeters>25.8</AltitudeMeters>
            <DistanceMeters>8122.85</DistanceMeters>
            <HeartRateBpm><Value>133</Value></HeartRateBpm>
            <Cadence>166</Cadence>
          </Trackpoint>
          <Trackpoint>
            <Time>2026-03-07T14:24:31.000Z</Time>
            <Position>
              <LatitudeDegrees>37.3882517</LatitudeDegrees>
              <LongitudeDegrees>-121.8232467</LongitudeDegrees>
            </Position>
            <AltitudeMeters>25.8</AltitudeMeters>
            <DistanceMeters>8135.14</DistanceMeters>
            <HeartRateBpm><Value>133</Value></HeartRateBpm>
            <Cadence>166</Cadence>
          </Trackpoint>
          <Trackpoint>
            <Time>2026-03-07T14:24:36.000Z</Time>
            <Position>
              <LatitudeDegrees>37.3881736</LatitudeDegrees>
              <LongitudeDegrees>-121.8233452</LongitudeDegrees>
            </Position>
            <AltitudeMeters>25.9</AltitudeMeters>
            <DistanceMeters>8147.42</DistanceMeters>
            <HeartRateBpm><Value>133</Value></HeartRateBpm>
            <Cadence>166</Cadence>
          </Trackpoint>
          <Trackpoint>
            <Time>2026-03-07T14:24:41.000Z</Time>
            <Position>
              <LatitudeDegrees>37.3880954</LatitudeDegrees>
              <LongitudeDegrees>-121.8234437</LongitudeDegrees>
            </Position>
            <AltitudeMeters>26</AltitudeMeters>
            <DistanceMeters>8159.71</DistanceMeters>
            <HeartRateBpm><Value>133</Value></HeartRateBpm>
            <Cadence>166</Cadence>
          </Trackpoint>
          <Trackpoint>
            <Time>2026-03-07T14:24:46.000Z</Time>
            <Position>
              <LatitudeDegrees>37.3880172</LatitudeDegrees>
              <LongitudeDegrees>-121.8235422</LongitudeDegrees>
            </Position>
            <AltitudeMeters>26</AltitudeMeters>
            <DistanceMeters>8171.99</DistanceMeters>
            <HeartRateBpm><Value>133</Value></HeartRateBpm>
            <Cadence>166</Cadence>
          </Trackpoint>
          <Trackpoint>
            <Time>2026-03-07T14:24:51.000Z</Time>
            <Position>
              <LatitudeDegrees>37.3879390</LatitudeDegrees>
              <LongitudeDegrees>-121.8236407</LongitudeDegrees>
            </Position>
            <AltitudeMeters>26.1</AltitudeMeters>
            <DistanceMeters>8184.28</DistanceMeters>
            <HeartRateBpm><Value>133</Value></HeartRateBpm>
            <Cadence>166</Cadence>
          </Trackpoint>
          <Trackpoint>
            <Time>2026-03-07T14:24:56.000Z</Time>
            <Position>
              <LatitudeDegrees>37.3878608</LatitudeDegrees>
              <LongitudeDegrees>-121.8237392</LongitudeDegrees>
            </Position>
            <AltitudeMeters>26.2</AltitudeMeters>
            <DistanceMeters>8196.56</DistanceMeters>
            <HeartRateBpm><Value>133</Value></HeartRateBpm>
            <Cadence>166</Cadence>
          </Trackpoint>
          <Trackpoint>
            <Time>2026-03-07T14:25:01.000Z</Time>
            <Position>
              <LatitudeDegrees>37.3877827</LatitudeDegrees>
              <LongitudeDegrees>-121.8238377</LongitudeDegrees>
            </Position>
            <AltitudeMeters>26.2</AltitudeMeters>
            <DistanceMeters>8208.85</DistanceMeters>
            <HeartRateBpm><Value>133</Value></HeartRateBpm>
            <Cadence>166</Cadence>
          </Trackpoint>
          <Trackpoint>
            <Time>2026-03-07T14:25:06.000Z</Time>
            <Position>
              <LatitudeDegrees>37.3877045</LatitudeDegrees>
              <LongitudeDegrees>-121.8239361</LongitudeDegrees>
            </Position>
            <AltitudeMeters>26.3</AltitudeMeters>
            <DistanceMeters>8221.13</DistanceMeters>
            <HeartRateBpm><Value>133</Value></HeartRateBpm>
            <Cadence>166</Cadence>
          </Trackpoint>
          <Trackpoint>
            <Time>2026-03-07T14:25:11.000Z</Time>
            <Position>
              <LatitudeDegrees>37.3876263</LatitudeDegrees>
              <LongitudeDegrees>-121.8240346</LongitudeDegrees>
            </Position>
            <AltitudeMeters>26.3</AltitudeMeters>
            <DistanceMeters>8233.42</DistanceMeters>
            <HeartRateBpm><Value>134</Value></HeartRateBpm>
            <Cadence>166</Cadence>
          </Trackpoint>
          <Trackpoint>
            <Time>2026-03-07T14:25:16.000Z</Time>
            <Position>
              <LatitudeDegrees>37.3875481</LatitudeDegrees>
              <LongitudeDegrees>-121.8241331</LongitudeDegrees>
            </Position>
            <AltitudeMeters>26.4</AltitudeMeters>
            <DistanceMeters>8245.70</DistanceMeters>
            <HeartRateBpm><Value>134</Value></HeartRateBpm>
            <Cadence>166</Cadence>
          </Trackpoint>
          <Trackpoint>
            <Time>2026-03-07T14:25:21.000Z</Time>
            <Position>
              <LatitudeDegrees>37.3874699</LatitudeDegrees>
              <LongitudeDegrees>-121.8242316</LongitudeDegrees>
            </Position>
            <AltitudeMeters>26.4</AltitudeMeters>
            <DistanceMeters>8257.99</DistanceMeters>
            <HeartRateBpm><Value>134</Value></HeartRateBpm>
            <Cadence>166</Cadence>
          </Trackpoint>
          <Trackpoint>
            <Time>2026-03-07T14:25:26.000Z</Time>
            <Position>
              <LatitudeDegrees>37.3873917</LatitudeDegrees>
              <LongitudeDegrees>-121.8243301</LongitudeDegrees>
            </Position>
            <AltitudeMeters>26.5</AltitudeMeters>
            <DistanceMeters>8270.27</DistanceMeters>
            <HeartRateBpm><Value>134</Value></HeartRateBpm>
            <Cadence>166</Cadence>
          </Trackpoint>
          <Trackpoint>
            <Time>2026-03-07T14:25:31.000Z</Time>
            <Position>
              <LatitudeDegrees>37.3873136</LatitudeDegrees>
              <LongitudeDegrees>-121.8244286</LongitudeDegrees>
            </Position>
            <AltitudeMeters>26.6</AltitudeMeters>
            <DistanceMeters>8282.56</DistanceMeters>
            <HeartRateBpm><Value>134</Value></HeartRateBpm>
            <Cadence>166</Cadence>
          </Trackpoint>
          <Trackpoint>
            <Time>2026-03-07T14:25:36.000Z</Time>
            <Position>
              <LatitudeDegrees>37.3872354</LatitudeDegrees>
              <LongitudeDegrees>-121.8245271</LongitudeDegrees>
            </Position>
            <AltitudeMeters>26.6</AltitudeMeters>
            <DistanceMeters>8294.84</DistanceMeters>
            <HeartRateBpm><Value>134</Value></HeartRateBpm>
            <Cadence>166</Cadence>
          </Trackpoint>
          <Trackpoint>
            <Time>2026-03-07T14:25:41.000Z</Time>
            <Position>
              <LatitudeDegrees>37.3871572</LatitudeDegrees>
              <LongitudeDegrees>-121.8246256</LongitudeDegrees>
            </Position>
            <AltitudeMeters>26.6</AltitudeMeters>
            <DistanceMeters>8307.13</DistanceMeters>
            <HeartRateBpm><Value>134</Value></HeartRateBpm>
            <Cadence>166</Cadence>
          </Trackpoint>
          <Trackpoint>
            <Time>2026-03-07T14:25:46.000Z</Time>
            <Position>
              <LatitudeDegrees>37.3870790</LatitudeDegrees>
              <LongitudeDegrees>-121.8247241</LongitudeDegrees>
            </Position>
            <AltitudeMeters>26.7</AltitudeMeters>
            <DistanceMeters>8319.41</DistanceMeters>
            <HeartRateBpm><Value>134</Value></HeartRateBpm>
            <Cadence>166</Cadence>
          </Trackpoint>
          <Trackpoint>
            <Time>2026-03-07T14:25:51.000Z</Time>
            <Position>
              <LatitudeDegrees>37.3870008</LatitudeDegrees>
              <LongitudeDegrees>-121.8248226</LongitudeDegrees>
            </Position>
            <AltitudeMeters>26.7</AltitudeMeters>
            <DistanceMeters>8331.70</DistanceMeters>
            <HeartRateBpm><Value>134</Value></HeartRateBpm>
            <Cadence>166</Cadence>
          </Trackpoint>
          <Trackpoint>
            <Time>2026-03-07T14:25:56.000Z</Time>
            <Position>
              <LatitudeDegrees>37.3869227</LatitudeDegrees>
              <LongitudeDegrees>-121.8249210</LongitudeDegrees>
            </Position>
            <AltitudeMeters>26.8</AltitudeMeters>
            <DistanceMeters>8343.98</DistanceMeters>
            <HeartRateBpm><Value>134</Value></HeartRateBpm>
            <Cadence>166</Cadence>
          </Trackpoint>
          <Trackpoint>
            <Time>2026-03-07T14:26:01.000Z</Time>
            <Position>
              <LatitudeDegrees>37.3868445</LatitudeDegrees>
              <LongitudeDegrees>-121.8250195</LongitudeDegrees>
            </Position>
            <AltitudeMeters>26.8</AltitudeMeters>
            <DistanceMeters>8356.27</DistanceMeters>
            <HeartRateBpm><Value>134</Value></HeartRateBpm>
            <Cadence>166</Cadence>
          </Trackpoint>
          <Trackpoint>
            <Time>2026-03-07T14:26:06.000Z</Time>
            <Position>
              <LatitudeDegrees>37.3867663</LatitudeDegrees>
              <LongitudeDegrees>-121.8251180</LongitudeDegrees>
            </Position>
            <AltitudeMeters>26.8</AltitudeMeters>
            <DistanceMeters>8368.55</DistanceMeters>
            <HeartRateBpm><Value>134</Value></HeartRateBpm>
            <Cadence>166</Cadence>
          </Trackpoint>
          <Trackpoint>
            <Time>2026-03-07T14:26:11.000Z</Time>
            <Position>
              <LatitudeDegrees>37.3866881</LatitudeDegrees>
              <LongitudeDegrees>-121.8252165</LongitudeDegrees>
            </Position>
            <AltitudeMeters>26.9</AltitudeMeters>
            <DistanceMeters>8380.84</DistanceMeters>
            <HeartRateBpm><Value>135</Value></HeartRateBpm>
            <Cadence>166</Cadence>
          </Trackpoint>
          <Trackpoint>
            <Time>2026-03-07T14:26:16.000Z</Time>
            <Position>
              <LatitudeDegrees>37.3866099</LatitudeDegrees>
              <LongitudeDegrees>-121.8253150</LongitudeDegrees>
            </Position>
            <AltitudeMeters>26.9</AltitudeMeters>
            <DistanceMeters>8393.12</DistanceMeters>
            <HeartRateBpm><Value>135</Value></HeartRateBpm>
            <Cadence>166</Cadence>
          </Trackpoint>
          <Trackpoint>
            <Time>2026-03-07T14:26:21.000Z</Time>
            <Position>
              <LatitudeDegrees>37.3865318</LatitudeDegrees>
              <LongitudeDegrees>-121.8254135</LongitudeDegrees>
            </Position>
            <AltitudeMeters>26.9</AltitudeMeters>
            <DistanceMeters>8405.41</DistanceMeters>
            <HeartRateBpm><Value>135</Value></HeartRateBpm>
            <Cadence>166</Cadence>
          </Trackpoint>
          <Trackpoint>
            <Time>2026-03-07T14:26:26.000Z</Time>
            <Position>
              <LatitudeDegrees>37.3864536</LatitudeDegrees>
              <LongitudeDegrees>-121.8255120</LongitudeDegrees>
            </Position>
            <AltitudeMeters>26.9</AltitudeMeters>
            <DistanceMeters>8417.69</DistanceMeters>
            <HeartRateBpm><Value>135</Value></HeartRateBpm>
            <Cadence>166</Cadence>
          </Trackpoint>
          <Trackpoint>
            <Time>2026-03-07T14:26:31.000Z</Time>
            <Position>
              <LatitudeDegrees>37.3863754</LatitudeDegrees>
              <LongitudeDegrees>-121.8256105</LongitudeDegrees>
            </Position>
            <AltitudeMeters>27</AltitudeMeters>
            <DistanceMeters>8429.98</DistanceMeters>
            <HeartRateBpm><Value>135</Value></HeartRateBpm>
            <Cadence>166</Cadence>
          </Trackpoint>
          <Trackpoint>
            <Time>2026-03-07T14:26:36.000Z</Time>
            <Position>
              <LatitudeDegrees>37.3862972</LatitudeDegrees>
              <LongitudeDegrees>-121.8257090</LongitudeDegrees>
            </Position>
            <AltitudeMeters>27</AltitudeMeters>
            <DistanceMeters>8442.26</DistanceMeters>
            <HeartRateBpm><Value>135</Value></HeartRateBpm>
            <Cadence>166</Cadence>
          </Trackpoint>
          <Trackpoint>
            <Time>2026-03-07T14:26:41.000Z</Time>
            <Position>
              <LatitudeDegrees>37.3862190</LatitudeDegrees>
              <LongitudeDegrees>-121.8258075</LongitudeDegrees>
            </Position>
            <AltitudeMeters>27</AltitudeMeters>
            <DistanceMeters>8454.55</DistanceMeters>
            <HeartRateBpm><Value>135</Value></HeartRateBpm>
            <Cadence>166</Cadence>
          </Trackpoint>
          <Trackpoint>
            <Time>2026-03-07T14:26:46.000Z</Time>
            <Position>
              <LatitudeDegrees>37.3861408</LatitudeDegrees>
              <LongitudeDegrees>-121.8259059</LongitudeDegrees>
            </Position>
            <AltitudeMeters>27</AltitudeMeters>
            <DistanceMeters>8466.83</DistanceMeters>
            <HeartRateBpm><Value>135</Value></HeartRateBpm>
            <Cadence>166</Cadence>
          </Trackpoint>
          <Trackpoint>
            <Time>2026-03-07T14:26:51.000Z</Time>
            <Position>
              <LatitudeDegrees>37.3860627</LatitudeDegrees>
              <LongitudeDegrees>-121.8260044</LongitudeDegrees>
            </Position>
            <AltitudeMeters>27</AltitudeMeters>
            <DistanceMeters>8479.12</DistanceMeters>
            <HeartRateBpm><Value>135</Value></HeartRateBpm>
            <Cadence>166</Cadence>
          </Trackpoint>
          <Trackpoint>
            <Time>2026-03-07T14:26:56.000Z</Time>
            <Position>
              <LatitudeDegrees>37.3859845</LatitudeDegrees>
              <LongitudeDegrees>-121.8261029</LongitudeDegrees>
            </Position>
            <AltitudeMeters>27</AltitudeMeters>
            <DistanceMeters>8491.40</DistanceMeters>
            <HeartRateBpm><Value>135</Value></HeartRateBpm>
            <Cadence>166</Cadence>
          </Trackpoint>
          <Trackpoint>
            <Time>2026-03-07T14:27:01.000Z</Time>
            <Position>
              <LatitudeDegrees>37.3859063</LatitudeDegrees>
              <LongitudeDegrees>-121.8262014</LongitudeDegrees>
            </Position>
            <AltitudeMeters>27</AltitudeMeters>
            <DistanceMeters>8503.69</DistanceMeters>
            <HeartRateBpm><Value>135</Value></HeartRateBpm>
            <Cadence>166</Cadence>
          </Trackpoint>
          <Trackpoint>
            <Time>2026-03-07T14:27:06.000Z</Time>
            <Position>
              <LatitudeDegrees>37.3858281</LatitudeDegrees>
              <LongitudeDegrees>-121.8262999</LongitudeDegrees>
            </Position>
            <AltitudeMeters>27</AltitudeMeters>
            <DistanceMeters>8515.97</DistanceMeters>
            <HeartRateBpm><Value>135</Value></HeartRateBpm>
            <Cadence>166</Cadence>
          </Trackpoint>
          <Trackpoint>
            <Time>2026-03-07T14:27:11.000Z</Time>
            <Position>
              <LatitudeDegrees>37.3857499</LatitudeDegrees>
              <LongitudeDegrees>-121.8263984</LongitudeDegrees>
            </Position>
            <AltitudeMeters>27</AltitudeMeters>
            <DistanceMeters>8528.26</DistanceMeters>
            <HeartRateBpm><Value>136</Value></HeartRateBpm>
            <Cadence>166</Cadence>
          </Trackpoint>
          <Trackpoint>
            <Time>2026-03-07T14:27:16.000Z</Time>
            <Position>
              <LatitudeDegrees>37.3856718</LatitudeDegrees>
              <LongitudeDegrees>-121.8264969</LongitudeDegrees>
            </Position>
            <AltitudeMeters>27</AltitudeMeters>
            <DistanceMeters>8540.54</DistanceMeters>
            <HeartRateBpm><Value>136</Value></HeartRateBpm>
            <Cadence>166</Cadence>
          </Trackpoint>
          <Trackpoint>
            <Time>2026-03-07T14:27:21.000Z</Time>
            <Position>
              <LatitudeDegrees>37.3855936</LatitudeDegrees>
              <LongitudeDegrees>-121.8265954</LongitudeDegrees>
            </Position>
            <AltitudeMeters>27</AltitudeMeters>
            <DistanceMeters>8552.83</DistanceMeters>
            <HeartRateBpm><Value>136</Value></HeartRateBpm>
            <Cadence>166</Cadence>
          </Trackpoint>
          <Trackpoint>
            <Time>2026-03-07T14:27:26.000Z</Time>
            <Position>
              <LatitudeDegrees>37.3855154</LatitudeDegrees>
              <LongitudeDegrees>-121.8266939</LongitudeDegrees>
            </Position>
            <AltitudeMeters>27</AltitudeMeters>
            <DistanceMeters>8565.11</DistanceMeters>
            <HeartRateBpm><Value>136</Value></HeartRateBpm>
            <Cadence>166</Cadence>
          </Trackpoint>
          <Trackpoint>
            <Time>2026-03-07T14:27:31.000Z</Time>
            <Position>
              <LatitudeDegrees>37.3854372</LatitudeDegrees>
              <LongitudeDegrees>-121.8267924</LongitudeDegrees>
            </Position>
            <AltitudeMeters>26.9</AltitudeMeters>
            <DistanceMeters>8577.40</DistanceMeters>
            <HeartRateBpm><Value>136</Value></HeartRateBpm>
            <Cadence>166</Cadence>
          </Trackpoint>
          <Trackpoint>
            <Time>2026-03-07T14:27:36.000Z</Time>
            <Position>
              <LatitudeDegrees>37.3853590</LatitudeDegrees>
              <LongitudeDegrees>-121.8268908</LongitudeDegrees>
            </Position>
            <AltitudeMeters>26.9</AltitudeMeters>
            <DistanceMeters>8589.68</DistanceMeters>
            <HeartRateBpm><Value>136</Value></HeartRateBpm>
            <Cadence>166</Cadence>
          </Trackpoint>
          <Trackpoint>
            <Time>2026-03-07T14:27:41.000Z</Time>
            <Position>
              <LatitudeDegrees>37.3852808</LatitudeDegrees>
              <LongitudeDegrees>-121.8269893</LongitudeDegrees>
            </Position>
            <AltitudeMeters>26.9</AltitudeMeters>
            <DistanceMeters>8601.97</DistanceMeters>
            <HeartRateBpm><Value>136</Value></HeartRateBpm>
            <Cadence>166</Cadence>
          </Trackpoint>
          <Trackpoint>
            <Time>2026-03-07T14:27:46.000Z</Time>
            <Position>
              <LatitudeDegrees>37.3852027</LatitudeDegrees>
              <LongitudeDegrees>-121.8270878</LongitudeDegrees>
            </Position>
            <AltitudeMeters>26.9</AltitudeMeters>
            <DistanceMeters>8614.25</DistanceMeters>
            <HeartRateBpm><Value>136</Value></HeartRateBpm>
            <Cadence>166</Cadence>
          </Trackpoint>
          <Trackpoint>
            <Time>2026-03-07T14:27:51.000Z</Time>
            <Position>
              <LatitudeDegrees>37.3851245</LatitudeDegrees>
              <LongitudeDegrees>-121.8271863</LongitudeDegrees>
            </Position>
            <AltitudeMeters>26.8</AltitudeMeters>
            <DistanceMeters>8626.54</DistanceMeters>
            <HeartRateBpm><Value>136</Value></HeartRateBpm>
            <Cadence>166</Cadence>
          </Trackpoint>
          <Trackpoint>
            <Time>2026-03-07T14:27:56.000Z</Time>
            <Position>
              <LatitudeDegrees>37.3850463</LatitudeDegrees>
              <LongitudeDegrees>-121.8272848</LongitudeDegrees>
            </Position>
            <AltitudeMeters>26.8</AltitudeMeters>
            <DistanceMeters>8638.82</DistanceMeters>
            <HeartRateBpm><Value>136</Value></HeartRateBpm>
            <Cadence>166</Cadence>
          </Trackpoint>
          <Trackpoint>
            <Time>2026-03-07T14:28:01.000Z</Time>
            <Position>
              <LatitudeDegrees>37.3849681</LatitudeDegrees>
              <LongitudeDegrees>-121.8273833</LongitudeDegrees>
            </Position>
            <AltitudeMeters>26.8</AltitudeMeters>
            <DistanceMeters>8651.11</DistanceMeters>
            <HeartRateBpm><Value>136</Value></HeartRateBpm>
            <Cadence>166</Cadence>
          </Trackpoint>
          <Trackpoint>
            <Time>2026-03-07T14:28:06.000Z</Time>
            <Position>
              <LatitudeDegrees>37.3848899</LatitudeDegrees>
              <LongitudeDegrees>-121.8274818</LongitudeDegrees>
            </Position>
            <AltitudeMeters>26.7</AltitudeMeters>
            <DistanceMeters>8663.39</DistanceMeters>
            <HeartRateBpm><Value>136</Value></HeartRateBpm>
            <Cadence>166</Cadence>
          </Trackpoint>
          <Trackpoint>
            <Time>2026-03-07T14:28:11.000Z</Time>
            <Position>
              <LatitudeDegrees>37.3848118</LatitudeDegrees>
              <LongitudeDegrees>-121.8275803</LongitudeDegrees>
            </Position>
            <AltitudeMeters>26.7</AltitudeMeters>
            <DistanceMeters>8675.68</DistanceMeters>
            <HeartRateBpm><Value>137</Value></HeartRateBpm>
            <Cadence>166</Cadence>
          </Trackpoint>
          <Trackpoint>
            <Time>2026-03-07T14:28:16.000Z</Time>
            <Position>
              <LatitudeDegrees>37.3847336</LatitudeDegrees>
              <LongitudeDegrees>-121.8276788</LongitudeDegrees>
            </Position>
            <AltitudeMeters>26.7</AltitudeMeters>
            <DistanceMeters>8687.96</DistanceMeters>
            <HeartRateBpm><Value>137</Value></HeartRateBpm>
            <Cadence>166</Cadence>
          </Trackpoint>
          <Trackpoint>
            <Time>2026-03-07T14:28:21.000Z</Time>
            <Position>
              <LatitudeDegrees>37.3846554</LatitudeDegrees>
              <LongitudeDegrees>-121.8277773</LongitudeDegrees>
            </Position>
            <AltitudeMeters>26.6</AltitudeMeters>
            <DistanceMeters>8700.25</DistanceMeters>
            <HeartRateBpm><Value>137</Value></HeartRateBpm>
            <Cadence>166</Cadence>
          </Trackpoint>
          <Trackpoint>
            <Time>2026-03-07T14:28:26.000Z</Time>
            <Position>
              <LatitudeDegrees>37.3845772</LatitudeDegrees>
              <LongitudeDegrees>-121.8278757</LongitudeDegrees>
            </Position>
            <AltitudeMeters>26.6</AltitudeMeters>
            <DistanceMeters>8712.53</DistanceMeters>
            <HeartRateBpm><Value>137</Value></HeartRateBpm>
            <Cadence>166</Cadence>
          </Trackpoint>
          <Trackpoint>
            <Time>2026-03-07T14:28:31.000Z</Time>
            <Position>
              <LatitudeDegrees>37.3844990</LatitudeDegrees>
              <LongitudeDegrees>-121.8279742</LongitudeDegrees>
            </Position>
            <AltitudeMeters>26.5</AltitudeMeters>
            <DistanceMeters>8724.82</DistanceMeters>
            <HeartRateBpm><Value>137</Value></HeartRateBpm>
            <Cadence>166</Cadence>
          </Trackpoint>
          <Trackpoint>
            <Time>2026-03-07T14:28:36.000Z</Time>
            <Position>
              <LatitudeDegrees>37.3844209</LatitudeDegrees>
              <LongitudeDegrees>-121.8280727</LongitudeDegrees>
            </Position>
            <AltitudeMeters>26.5</AltitudeMeters>
            <DistanceMeters>8737.10</DistanceMeters>
            <HeartRateBpm><Value>137</Value></HeartRateBpm>
            <Cadence>166</Cadence>
          </Trackpoint>
          <Trackpoint>
            <Time>2026-03-07T14:28:41.000Z</Time>
            <Position>
              <LatitudeDegrees>37.3843427</LatitudeDegrees>
              <LongitudeDegrees>-121.8281712</LongitudeDegrees>
            </Position>
            <AltitudeMeters>26.4</AltitudeMeters>
            <DistanceMeters>8749.39</DistanceMeters>
            <HeartRateBpm><Value>137</Value></HeartRateBpm>
            <Cadence>166</Cadence>
          </Trackpoint>
          <Trackpoint>
            <Time>2026-03-07T14:28:46.000Z</Time>
            <Position>
              <LatitudeDegrees>37.3842645</LatitudeDegrees>
              <LongitudeDegrees>-121.8282697</LongitudeDegrees>
            </Position>
            <AltitudeMeters>26.4</AltitudeMeters>
            <DistanceMeters>8761.67</DistanceMeters>
            <HeartRateBpm><Value>137</Value></HeartRateBpm>
            <Cadence>166</Cadence>
          </Trackpoint>
          <Trackpoint>
            <Time>2026-03-07T14:28:51.000Z</Time>
            <Position>
              <LatitudeDegrees>37.3841863</LatitudeDegrees>
              <LongitudeDegrees>-121.8283682</LongitudeDegrees>
            </Position>
            <AltitudeMeters>26.3</AltitudeMeters>
            <DistanceMeters>8773.96</DistanceMeters>
            <HeartRateBpm><Value>137</Value></HeartRateBpm>
            <Cadence>166</Cadence>
          </Trackpoint>
          <Trackpoint>
            <Time>2026-03-07T14:28:56.000Z</Time>
            <Position>
              <LatitudeDegrees>37.3841081</LatitudeDegrees>
              <LongitudeDegrees>-121.8284667</LongitudeDegrees>
            </Position>
            <AltitudeMeters>26.2</AltitudeMeters>
            <DistanceMeters>8786.24</DistanceMeters>
            <HeartRateBpm><Value>137</Value></HeartRateBpm>
            <Cadence>166</Cadence>
          </Trackpoint>
          <Trackpoint>
            <Time>2026-03-07T14:29:01.000Z</Time>
            <Position>
              <LatitudeDegrees>37.3840299</LatitudeDegrees>
              <LongitudeDegrees>-121.8285652</LongitudeDegrees>
            </Position>
            <AltitudeMeters>26.2</AltitudeMeters>
            <DistanceMeters>8798.53</DistanceMeters>
            <HeartRateBpm><Value>137</Value></HeartRateBpm>
            <Cadence>166</Cadence>
          </Trackpoint>
          <Trackpoint>
            <Time>2026-03-07T14:29:06.000Z</Time>
            <Position>
              <LatitudeDegrees>37.3839518</LatitudeDegrees>
              <LongitudeDegrees>-121.8286637</LongitudeDegrees>
            </Position>
            <AltitudeMeters>26.1</AltitudeMeters>
            <DistanceMeters>8810.81</DistanceMeters>
            <HeartRateBpm><Value>137</Value></HeartRateBpm>
            <Cadence>166</Cadence>
          </Trackpoint>
          <Trackpoint>
            <Time>2026-03-07T14:29:11.000Z</Time>
            <Position>
              <LatitudeDegrees>37.3838736</LatitudeDegrees>
              <LongitudeDegrees>-121.8287622</LongitudeDegrees>
            </Position>
            <AltitudeMeters>26.1</AltitudeMeters>
            <DistanceMeters>8823.10</DistanceMeters>
            <HeartRateBpm><Value>137</Value></HeartRateBpm>
            <Cadence>166</Cadence>
          </Trackpoint>
          <Trackpoint>
            <Time>2026-03-07T14:29:16.000Z</Time>
            <Position>
              <LatitudeDegrees>37.3837954</LatitudeDegrees>
              <LongitudeDegrees>-121.8288606</LongitudeDegrees>
            </Position>
            <AltitudeMeters>26</AltitudeMeters>
            <DistanceMeters>8835.38</DistanceMeters>
            <HeartRateBpm><Value>138</Value></HeartRateBpm>
            <Cadence>166</Cadence>
          </Trackpoint>
          <Trackpoint>
            <Time>2026-03-07T14:29:21.000Z</Time>
            <Position>
              <LatitudeDegrees>37.3837172</LatitudeDegrees>
              <LongitudeDegrees>-121.8289591</LongitudeDegrees>
            </Position>
            <AltitudeMeters>25.9</AltitudeMeters>
            <DistanceMeters>8847.67</DistanceMeters>
            <HeartRateBpm><Value>138</Value></HeartRateBpm>
            <Cadence>166</Cadence>
          </Trackpoint>
          <Trackpoint>
            <Time>2026-03-07T14:29:26.000Z</Time>
            <Position>
              <LatitudeDegrees>37.3836390</LatitudeDegrees>
              <LongitudeDegrees>-121.8290576</LongitudeDegrees>
            </Position>
            <AltitudeMeters>25.9</AltitudeMeters>
            <DistanceMeters>8859.95</DistanceMeters>
            <HeartRateBpm><Value>138</Value></HeartRateBpm>
            <Cadence>166</Cadence>
          </Trackpoint>
          <Trackpoint>
            <Time>2026-03-07T14:29:31.000Z</Time>
            <Position>
              <LatitudeDegrees>37.3835609</LatitudeDegrees>
              <LongitudeDegrees>-121.8291561</LongitudeDegrees>
            </Position>
            <AltitudeMeters>25.8</AltitudeMeters>
            <DistanceMeters>8872.24</DistanceMeters>
            <HeartRateBpm><Value>138</Value></HeartRateBpm>
            <Cadence>166</Cadence>
          </Trackpoint>
          <Trackpoint>
            <Time>2026-03-07T14:29:36.000Z</Time>
            <Position>
              <LatitudeDegrees>37.3834827</LatitudeDegrees>
              <LongitudeDegrees>-121.8292546</LongitudeDegrees>
            </Position>
            <AltitudeMeters>25.7</AltitudeMeters>
            <DistanceMeters>8884.52</DistanceMeters>
            <HeartRateBpm><Value>138</Value></HeartRateBpm>
            <Cadence>166</Cadence>
          </Trackpoint>
          <Trackpoint>
            <Time>2026-03-07T14:29:41.000Z</Time>
            <Position>
              <LatitudeDegrees>37.3834045</LatitudeDegrees>
              <LongitudeDegrees>-121.8293531</LongitudeDegrees>
            </Position>
            <AltitudeMeters>25.6</AltitudeMeters>
            <DistanceMeters>8896.81</DistanceMeters>
            <HeartRateBpm><Value>138</Value></HeartRateBpm>
            <Cadence>166</Cadence>
          </Trackpoint>
          <Trackpoint>
            <Time>2026-03-07T14:29:46.000Z</Time>
            <Position>
              <LatitudeDegrees>37.3833263</LatitudeDegrees>
              <LongitudeDegrees>-121.8294516</LongitudeDegrees>
            </Position>
            <AltitudeMeters>25.6</AltitudeMeters>
            <DistanceMeters>8909.09</DistanceMeters>
            <HeartRateBpm><Value>138</Value></HeartRateBpm>
            <Cadence>166</Cadence>
          </Trackpoint>
          <Trackpoint>
            <Time>2026-03-07T14:29:51.000Z</Time>
            <Position>
              <LatitudeDegrees>37.3832481</LatitudeDegrees>
              <LongitudeDegrees>-121.8295501</LongitudeDegrees>
            </Position>
            <AltitudeMeters>25.5</AltitudeMeters>
            <DistanceMeters>8921.38</DistanceMeters>
            <HeartRateBpm><Value>138</Value></HeartRateBpm>
            <Cadence>166</Cadence>
          </Trackpoint>
          <Trackpoint>
            <Time>2026-03-07T14:29:56.000Z</Time>
            <Position>
              <LatitudeDegrees>37.3831700</LatitudeDegrees>
              <LongitudeDegrees>-121.8296486</LongitudeDegrees>
            </Position>
            <AltitudeMeters>25.4</AltitudeMeters>
            <DistanceMeters>8933.66</DistanceMeters>
            <HeartRateBpm><Value>138</Value></HeartRateBpm>
            <Cadence>166</Cadence>
          </Trackpoint>
          <Trackpoint>
            <Time>2026-03-07T14:30:01.000Z</Time>
            <Position>
              <LatitudeDegrees>37.3830918</LatitudeDegrees>
              <LongitudeDegrees>-121.8297471</LongitudeDegrees>
            </Position>
            <AltitudeMeters>25.3</AltitudeMeters>
            <DistanceMeters>8945.95</DistanceMeters>
            <HeartRateBpm><Value>138</Value></HeartRateBpm>
            <Cadence>166</Cadence>
          </Trackpoint>
          <Trackpoint>
            <Time>2026-03-07T14:30:06.000Z</Time>
            <Position>
              <LatitudeDegrees>37.3830136</LatitudeDegrees>
              <LongitudeDegrees>-121.8298455</LongitudeDegrees>
            </Position>
            <AltitudeMeters>25.3</AltitudeMeters>
            <DistanceMeters>8958.23</DistanceMeters>
            <HeartRateBpm><Value>138</Value></HeartRateBpm>
            <Cadence>166</Cadence>
          </Trackpoint>
          <Trackpoint>
            <Time>2026-03-07T14:30:11.000Z</Time>
            <Position>
              <LatitudeDegrees>37.3829354</LatitudeDegrees>
              <LongitudeDegrees>-121.8299440</LongitudeDegrees>
            </Position>
            <AltitudeMeters>25.2</AltitudeMeters>
            <DistanceMeters>8970.52</DistanceMeters>
            <HeartRateBpm><Value>138</Value></HeartRateBpm>
            <Cadence>166</Cadence>
          </Trackpoint>
          <Trackpoint>
            <Time>2026-03-07T14:30:16.000Z</Time>
            <Position>
              <LatitudeDegrees>37.3828572</LatitudeDegrees>
              <LongitudeDegrees>-121.8300425</LongitudeDegrees>
            </Position>
            <AltitudeMeters>25.1</AltitudeMeters>
            <DistanceMeters>8982.80</DistanceMeters>
            <HeartRateBpm><Value>139</Value></HeartRateBpm>
            <Cadence>166</Cadence>
          </Trackpoint>
          <Trackpoint>
            <Time>2026-03-07T14:30:21.000Z</Time>
            <Position>
              <LatitudeDegrees>37.3827790</LatitudeDegrees>
              <LongitudeDegrees>-121.8301410</LongitudeDegrees>
            </Position>
            <AltitudeMeters>25</AltitudeMeters>
            <DistanceMeters>8995.09</DistanceMeters>
            <HeartRateBpm><Value>139</Value></HeartRateBpm>
            <Cadence>166</Cadence>
          </Trackpoint>
          <Trackpoint>
            <Time>2026-03-07T14:30:26.000Z</Time>
            <Position>
              <LatitudeDegrees>37.3827009</LatitudeDegrees>
              <LongitudeDegrees>-121.8302395</LongitudeDegrees>
            </Position>
            <AltitudeMeters>25</AltitudeMeters>
            <DistanceMeters>9007.37</DistanceMeters>
            <HeartRateBpm><Value>139</Value></HeartRateBpm>
            <Cadence>166</Cadence>
          </Trackpoint>
          <Trackpoint>
            <Time>2026-03-07T14:30:31.000Z</Time>
            <Position>
              <LatitudeDegrees>37.3826227</LatitudeDegrees>
              <LongitudeDegrees>-121.8303380</LongitudeDegrees>
            </Position>
            <AltitudeMeters>24.9</AltitudeMeters>
            <DistanceMeters>9019.66</DistanceMeters>
            <HeartRateBpm><Value>139</Value></HeartRateBpm>
            <Cadence>166</Cadence>
          </Trackpoint>
          <Trackpoint>
            <Time>2026-03-07T14:30:36.000Z</Time>
            <Position>
              <LatitudeDegrees>37.3825445</LatitudeDegrees>
              <LongitudeDegrees>-121.8304365</LongitudeDegrees>
            </Position>
            <AltitudeMeters>24.8</AltitudeMeters>
            <DistanceMeters>9031.94</DistanceMeters>
            <HeartRateBpm><Value>139</Value></HeartRateBpm>
            <Cadence>166</Cadence>
          </Trackpoint>
          <Trackpoint>
            <Time>2026-03-07T14:30:41.000Z</Time>
            <Position>
              <LatitudeDegrees>37.3824663</LatitudeDegrees>
              <LongitudeDegrees>-121.8305350</LongitudeDegrees>
            </Position>
            <AltitudeMeters>24.7</AltitudeMeters>
            <DistanceMeters>9044.23</DistanceMeters>
            <HeartRateBpm><Value>139</Value></HeartRateBpm>
            <Cadence>166</Cadence>
          </Trackpoint>
          <Trackpoint>
            <Time>2026-03-07T14:30:46.000Z</Time>
            <Position>
              <LatitudeDegrees>37.3823881</LatitudeDegrees>
              <LongitudeDegrees>-121.8306335</LongitudeDegrees>
            </Position>
            <AltitudeMeters>24.6</AltitudeMeters>
            <DistanceMeters>9056.51</DistanceMeters>
            <HeartRateBpm><Value>139</Value></HeartRateBpm>
            <Cadence>166</Cadence>
          </Trackpoint>
          <Trackpoint>
            <Time>2026-03-07T14:30:51.000Z</Time>
            <Position>
              <LatitudeDegrees>37.3823100</LatitudeDegrees>
              <LongitudeDegrees>-121.8307320</LongitudeDegrees>
            </Position>
            <AltitudeMeters>24.6</AltitudeMeters>
            <DistanceMeters>9068.80</DistanceMeters>
            <HeartRateBpm><Value>139</Value></HeartRateBpm>
            <Cadence>166</Cadence>
          </Trackpoint>
          <Trackpoint>
            <Time>2026-03-07T14:30:56.000Z</Time>
            <Position>
              <LatitudeDegrees>37.3822318</LatitudeDegrees>
              <LongitudeDegrees>-121.8308304</LongitudeDegrees>
            </Position>
            <AltitudeMeters>24.5</AltitudeMeters>
            <DistanceMeters>9081.08</DistanceMeters>
            <HeartRateBpm><Value>139</Value></HeartRateBpm>
            <Cadence>166</Cadence>
          </Trackpoint>
          <Trackpoint>
            <Time>2026-03-07T14:31:01.000Z</Time>
            <Position>
              <LatitudeDegrees>37.3821536</LatitudeDegrees>
              <LongitudeDegrees>-121.8309289</LongitudeDegrees>
            </Position>
            <AltitudeMeters>24.4</AltitudeMeters>
            <DistanceMeters>9093.37</DistanceMeters>
            <HeartRateBpm><Value>139</Value></HeartRateBpm>
            <Cadence>166</Cadence>
          </Trackpoint>
          <Trackpoint>
            <Time>2026-03-07T14:31:06.000Z</Time>
            <Position>
              <LatitudeDegrees>37.3820754</LatitudeDegrees>
              <LongitudeDegrees>-121.8310274</LongitudeDegrees>
            </Position>
            <AltitudeMeters>24.3</AltitudeMeters>
            <DistanceMeters>9105.65</DistanceMeters>
            <HeartRateBpm><Value>139</Value></HeartRateBpm>
            <Cadence>166</Cadence>
          </Trackpoint>
          <Trackpoint>
            <Time>2026-03-07T14:31:11.000Z</Time>
            <Position>
              <LatitudeDegrees>37.3819972</LatitudeDegrees>
              <LongitudeDegrees>-121.8311259</LongitudeDegrees>
            </Position>
            <AltitudeMeters>24.3</AltitudeMeters>
            <DistanceMeters>9117.94</DistanceMeters>
            <HeartRateBpm><Value>139</Value></HeartRateBpm>
            <Cadence>166</Cadence>
          </Trackpoint>
          <Trackpoint>
            <Time>2026-03-07T14:31:16.000Z</Time>
            <Position>
              <LatitudeDegrees>37.3819190</LatitudeDegrees>
              <LongitudeDegrees>-121.8312244</LongitudeDegrees>
            </Position>
            <AltitudeMeters>24.2</AltitudeMeters>
            <DistanceMeters>9130.22</DistanceMeters>
            <HeartRateBpm><Value>140</Value></HeartRateBpm>
            <Cadence>166</Cadence>
          </Trackpoint>
          <Trackpoint>
            <Time>2026-03-07T14:31:21.000Z</Time>
            <Position>
              <LatitudeDegrees>37.3818409</LatitudeDegrees>
              <LongitudeDegrees>-121.8313229</LongitudeDegrees>
            </Position>
            <AltitudeMeters>24.1</AltitudeMeters>
            <DistanceMeters>9142.51</DistanceMeters>
            <HeartRateBpm><Value>140</Value></HeartRateBpm>
            <Cadence>166</Cadence>
          </Trackpoint>
          <Trackpoint>
            <Time>2026-03-07T14:31:26.000Z</Time>
            <Position>
              <LatitudeDegrees>37.3817627</LatitudeDegrees>
              <LongitudeDegrees>-121.8314214</LongitudeDegrees>
            </Position>
            <AltitudeMeters>24.1</AltitudeMeters>
            <DistanceMeters>9154.79</DistanceMeters>
            <HeartRateBpm><Value>140</Value></HeartRateBpm>
            <Cadence>166</Cadence>
          </Trackpoint>
          <Trackpoint>
            <Time>2026-03-07T14:31:31.000Z</Time>
            <Position>
              <LatitudeDegrees>37.3816845</LatitudeDegrees>
              <LongitudeDegrees>-121.8315199</LongitudeDegrees>
            </Position>
            <AltitudeMeters>24</AltitudeMeters>
            <DistanceMeters>9167.08</DistanceMeters>
            <HeartRateBpm><Value>140</Value></HeartRateBpm>
            <Cadence>166</Cadence>
          </Trackpoint>
          <Trackpoint>
            <Time>2026-03-07T14:31:36.000Z</Time>
            <Position>
              <LatitudeDegrees>37.3816063</LatitudeDegrees>
              <LongitudeDegrees>-121.8316184</LongitudeDegrees>
            </Position>
            <AltitudeMeters>23.9</AltitudeMeters>
            <DistanceMeters>9179.36</DistanceMeters>
            <HeartRateBpm><Value>140</Value></HeartRateBpm>
            <Cadence>166</Cadence>
          </Trackpoint>
          <Trackpoint>
            <Time>2026-03-07T14:31:41.000Z</Time>
            <Position>
              <LatitudeDegrees>37.3815281</LatitudeDegrees>
              <LongitudeDegrees>-121.8317169</LongitudeDegrees>
            </Position>
            <AltitudeMeters>23.9</AltitudeMeters>
            <DistanceMeters>9191.65</DistanceMeters>
            <HeartRateBpm><Value>140</Value></HeartRateBpm>
            <Cadence>166</Cadence>
          </Trackpoint>
          <Trackpoint>
            <Time>2026-03-07T14:31:46.000Z</Time>
            <Position>
              <LatitudeDegrees>37.3814500</LatitudeDegrees>
              <LongitudeDegrees>-121.8318153</LongitudeDegrees>
            </Position>
            <AltitudeMeters>23.8</AltitudeMeters>
            <DistanceMeters>9203.93</DistanceMeters>
            <HeartRateBpm><Value>140</Value></HeartRateBpm>
            <Cadence>166</Cadence>
          </Trackpoint>
          <Trackpoint>
            <Time>2026-03-07T14:31:51.000Z</Time>
            <Position>
              <LatitudeDegrees>37.3813718</LatitudeDegrees>
              <LongitudeDegrees>-121.8319138</LongitudeDegrees>
            </Position>
            <AltitudeMeters>23.7</AltitudeMeters>
            <DistanceMeters>9216.22</DistanceMeters>
            <HeartRateBpm><Value>140</Value></HeartRateBpm>
            <Cadence>166</Cadence>
          </Trackpoint>
          <Trackpoint>
            <Time>2026-03-07T14:31:56.000Z</Time>
            <Position>
              <LatitudeDegrees>37.3812936</LatitudeDegrees>
              <LongitudeDegrees>-121.8320123</LongitudeDegrees>
            </Position>
            <AltitudeMeters>23.7</AltitudeMeters>
            <DistanceMeters>9228.50</DistanceMeters>
            <HeartRateBpm><Value>140</Value></HeartRateBpm>
            <Cadence>166</Cadence>
          </Trackpoint>
          <Trackpoint>
            <Time>2026-03-07T14:32:01.000Z</Time>
            <Position>
              <LatitudeDegrees>37.3812154</LatitudeDegrees>
              <LongitudeDegrees>-121.8321108</LongitudeDegrees>
            </Position>
            <AltitudeMeters>23.6</AltitudeMeters>
            <DistanceMeters>9240.79</DistanceMeters>
            <HeartRateBpm><Value>140</Value></HeartRateBpm>
            <Cadence>166</Cadence>
          </Trackpoint>
          <Trackpoint>
            <Time>2026-03-07T14:32:06.000Z</Time>
            <Position>
              <LatitudeDegrees>37.3811372</LatitudeDegrees>
              <LongitudeDegrees>-121.8322093</LongitudeDegrees>
            </Position>
            <AltitudeMeters>23.6</AltitudeMeters>
            <DistanceMeters>9253.07</DistanceMeters>
            <HeartRateBpm><Value>140</Value></HeartRateBpm>
            <Cadence>166</Cadence>
          </Trackpoint>
          <Trackpoint>
            <Time>2026-03-07T14:32:11.000Z</Time>
            <Position>
              <LatitudeDegrees>37.3810591</LatitudeDegrees>
              <LongitudeDegrees>-121.8323078</LongitudeDegrees>
            </Position>
            <AltitudeMeters>23.5</AltitudeMeters>
            <DistanceMeters>9265.36</DistanceMeters>
            <HeartRateBpm><Value>140</Value></HeartRateBpm>
            <Cadence>166</Cadence>
          </Trackpoint>
          <Trackpoint>
            <Time>2026-03-07T14:32:16.000Z</Time>
            <Position>
              <LatitudeDegrees>37.3809809</LatitudeDegrees>
              <LongitudeDegrees>-121.8324063</LongitudeDegrees>
            </Position>
            <AltitudeMeters>23.5</AltitudeMeters>
            <DistanceMeters>9277.64</DistanceMeters>
            <HeartRateBpm><Value>140</Value></HeartRateBpm>
            <Cadence>166</Cadence>
          </Trackpoint>
          <Trackpoint>
            <Time>2026-03-07T14:32:21.000Z</Time>
            <Position>
              <LatitudeDegrees>37.3809027</LatitudeDegrees>
              <LongitudeDegrees>-121.8325048</LongitudeDegrees>
            </Position>
            <AltitudeMeters>23.4</AltitudeMeters>
            <DistanceMeters>9289.93</DistanceMeters>
            <HeartRateBpm><Value>140</Value></HeartRateBpm>
            <Cadence>166</Cadence>
          </Trackpoint>
          <Trackpoint>
            <Time>2026-03-07T14:32:26.000Z</Time>
            <Position>
              <LatitudeDegrees>37.3808245</LatitudeDegrees>
              <LongitudeDegrees>-121.8326033</LongitudeDegrees>
            </Position>
            <AltitudeMeters>23.4</AltitudeMeters>
            <DistanceMeters>9302.21</DistanceMeters>
            <HeartRateBpm><Value>140</Value></HeartRateBpm>
            <Cadence>166</Cadence>
          </Trackpoint>
          <Trackpoint>
            <Time>2026-03-07T14:32:31.000Z</Time>
            <Position>
              <LatitudeDegrees>37.3807463</LatitudeDegrees>
              <LongitudeDegrees>-121.8327018</LongitudeDegrees>
            </Position>
            <AltitudeMeters>23.3</AltitudeMeters>
            <DistanceMeters>9314.50</DistanceMeters>
            <HeartRateBpm><Value>140</Value></HeartRateBpm>
            <Cadence>166</Cadence>
          </Trackpoint>
          <Trackpoint>
            <Time>2026-03-07T14:32:36.000Z</Time>
            <Position>
              <LatitudeDegrees>37.3806681</LatitudeDegrees>
              <LongitudeDegrees>-121.8328002</LongitudeDegrees>
            </Position>
            <AltitudeMeters>23.3</AltitudeMeters>
            <DistanceMeters>9326.78</DistanceMeters>
            <HeartRateBpm><Value>140</Value></HeartRateBpm>
            <Cadence>166</Cadence>
          </Trackpoint>
          <Trackpoint>
            <Time>2026-03-07T14:32:41.000Z</Time>
            <Position>
              <LatitudeDegrees>37.3805900</LatitudeDegrees>
              <LongitudeDegrees>-121.8328987</LongitudeDegrees>
            </Position>
            <AltitudeMeters>23.3</AltitudeMeters>
            <DistanceMeters>9339.07</DistanceMeters>
            <HeartRateBpm><Value>140</Value></HeartRateBpm>
            <Cadence>166</Cadence>
          </Trackpoint>
          <Trackpoint>
            <Time>2026-03-07T14:32:46.000Z</Time>
            <Position>
              <LatitudeDegrees>37.3805118</LatitudeDegrees>
              <LongitudeDegrees>-121.8329972</LongitudeDegrees>
            </Position>
            <AltitudeMeters>23.2</AltitudeMeters>
            <DistanceMeters>9351.35</DistanceMeters>
            <HeartRateBpm><Value>140</Value></HeartRateBpm>
            <Cadence>166</Cadence>
          </Trackpoint>
          <Trackpoint>
            <Time>2026-03-07T14:32:51.000Z</Time>
            <Position>
              <LatitudeDegrees>37.3804336</LatitudeDegrees>
              <LongitudeDegrees>-121.8330957</LongitudeDegrees>
            </Position>
            <AltitudeMeters>23.2</AltitudeMeters>
            <DistanceMeters>9363.64</DistanceMeters>
            <HeartRateBpm><Value>140</Value></HeartRateBpm>
            <Cadence>166</Cadence>
          </Trackpoint>
          <Trackpoint>
            <Time>2026-03-07T14:32:56.000Z</Time>
            <Position>
              <LatitudeDegrees>37.3803554</LatitudeDegrees>
              <LongitudeDegrees>-121.8331942</LongitudeDegrees>
            </Position>
            <AltitudeMeters>23.2</AltitudeMeters>
            <DistanceMeters>9375.92</DistanceMeters>
            <HeartRateBpm><Value>140</Value></HeartRateBpm>
            <Cadence>166</Cadence>
          </Trackpoint>
          <Trackpoint>
            <Time>2026-03-07T14:33:01.000Z</Time>
            <Position>
              <LatitudeDegrees>37.3802772</LatitudeDegrees>
              <LongitudeDegrees>-121.8332927</LongitudeDegrees>
            </Position>
            <AltitudeMeters>23.1</AltitudeMeters>
            <DistanceMeters>9388.21</DistanceMeters>
            <HeartRateBpm><Value>140</Value></HeartRateBpm>
            <Cadence>166</Cadence>
          </Trackpoint>
          <Trackpoint>
            <Time>2026-03-07T14:33:06.000Z</Time>
            <Position>
              <LatitudeDegrees>37.3801991</LatitudeDegrees>
              <LongitudeDegrees>-121.8333912</LongitudeDegrees>
            </Position>
            <AltitudeMeters>23.1</AltitudeMeters>
            <DistanceMeters>9400.49</DistanceMeters>
            <HeartRateBpm><Value>140</Value></HeartRateBpm>
            <Cadence>166</Cadence>
          </Trackpoint>
          <Trackpoint>
            <Time>2026-03-07T14:33:11.000Z</Time>
            <Position>
              <LatitudeDegrees>37.3801209</LatitudeDegrees>
              <LongitudeDegrees>-121.8334897</LongitudeDegrees>
            </Position>
            <AltitudeMeters>23.1</AltitudeMeters>
            <DistanceMeters>9412.78</DistanceMeters>
            <HeartRateBpm><Value>140</Value></HeartRateBpm>
            <Cadence>166</Cadence>
          </Trackpoint>
          <Trackpoint>
            <Time>2026-03-07T14:33:16.000Z</Time>
            <Position>
              <LatitudeDegrees>37.3800427</LatitudeDegrees>
              <LongitudeDegrees>-121.8335882</LongitudeDegrees>
            </Position>
            <AltitudeMeters>23.1</AltitudeMeters>
            <DistanceMeters>9425.06</DistanceMeters>
            <HeartRateBpm><Value>140</Value></HeartRateBpm>
            <Cadence>166</Cadence>
          </Trackpoint>
          <Trackpoint>
            <Time>2026-03-07T14:33:21.000Z</Time>
            <Position>
              <LatitudeDegrees>37.3799645</LatitudeDegrees>
              <LongitudeDegrees>-121.8336867</LongitudeDegrees>
            </Position>
            <AltitudeMeters>23</AltitudeMeters>
            <DistanceMeters>9437.35</DistanceMeters>
            <HeartRateBpm><Value>140</Value></HeartRateBpm>
            <Cadence>166</Cadence>
          </Trackpoint>
          <Trackpoint>
            <Time>2026-03-07T14:33:26.000Z</Time>
            <Position>
              <LatitudeDegrees>37.3798863</LatitudeDegrees>
              <LongitudeDegrees>-121.8337851</LongitudeDegrees>
            </Position>
            <AltitudeMeters>23</AltitudeMeters>
            <DistanceMeters>9449.63</DistanceMeters>
            <HeartRateBpm><Value>140</Value></HeartRateBpm>
            <Cadence>166</Cadence>
          </Trackpoint>
          <Trackpoint>
            <Time>2026-03-07T14:33:31.000Z</Time>
            <Position>
              <LatitudeDegrees>37.3798082</LatitudeDegrees>
              <LongitudeDegrees>-121.8338836</LongitudeDegrees>
            </Position>
            <AltitudeMeters>23</AltitudeMeters>
            <DistanceMeters>9461.92</DistanceMeters>
            <HeartRateBpm><Value>140</Value></HeartRateBpm>
            <Cadence>166</Cadence>
          </Trackpoint>
          <Trackpoint>
            <Time>2026-03-07T14:33:36.000Z</Time>
            <Position>
              <LatitudeDegrees>37.3797300</LatitudeDegrees>
              <LongitudeDegrees>-121.8339821</LongitudeDegrees>
            </Position>
            <AltitudeMeters>23</AltitudeMeters>
            <DistanceMeters>9474.20</DistanceMeters>
            <HeartRateBpm><Value>140</Value></HeartRateBpm>
            <Cadence>166</Cadence>
          </Trackpoint>
          <Trackpoint>
            <Time>2026-03-07T14:33:41.000Z</Time>
            <Position>
              <LatitudeDegrees>37.3796518</LatitudeDegrees>
              <LongitudeDegrees>-121.8340806</LongitudeDegrees>
            </Position>
            <AltitudeMeters>23</AltitudeMeters>
            <DistanceMeters>9486.49</DistanceMeters>
            <HeartRateBpm><Value>140</Value></HeartRateBpm>
            <Cadence>166</Cadence>
          </Trackpoint>
          <Trackpoint>
            <Time>2026-03-07T14:33:46.000Z</Time>
            <Position>
              <LatitudeDegrees>37.3795736</LatitudeDegrees>
              <LongitudeDegrees>-121.8341791</LongitudeDegrees>
            </Position>
            <AltitudeMeters>23</AltitudeMeters>
            <DistanceMeters>9498.77</DistanceMeters>
            <HeartRateBpm><Value>140</Value></HeartRateBpm>
            <Cadence>166</Cadence>
          </Trackpoint>
          <Trackpoint>
            <Time>2026-03-07T14:33:51.000Z</Time>
            <Position>
              <LatitudeDegrees>37.3794954</LatitudeDegrees>
              <LongitudeDegrees>-121.8342776</LongitudeDegrees>
            </Position>
            <AltitudeMeters>23</AltitudeMeters>
            <DistanceMeters>9511.06</DistanceMeters>
            <HeartRateBpm><Value>140</Value></HeartRateBpm>
            <Cadence>166</Cadence>
          </Trackpoint>
          <Trackpoint>
            <Time>2026-03-07T14:33:56.000Z</Time>
            <Position>
              <LatitudeDegrees>37.3794172</LatitudeDegrees>
              <LongitudeDegrees>-121.8343761</LongitudeDegrees>
            </Position>
            <AltitudeMeters>23</AltitudeMeters>
            <DistanceMeters>9523.34</DistanceMeters>
            <HeartRateBpm><Value>140</Value></HeartRateBpm>
            <Cadence>166</Cadence>
          </Trackpoint>
          <Trackpoint>
            <Time>2026-03-07T14:34:01.000Z</Time>
            <Position>
              <LatitudeDegrees>37.3793391</LatitudeDegrees>
              <LongitudeDegrees>-121.8344746</LongitudeDegrees>
            </Position>
            <AltitudeMeters>23</AltitudeMeters>
            <DistanceMeters>9535.63</DistanceMeters>
            <HeartRateBpm><Value>140</Value></HeartRateBpm>
            <Cadence>166</Cadence>
          </Trackpoint>
          <Trackpoint>
            <Time>2026-03-07T14:34:06.000Z</Time>
            <Position>
              <LatitudeDegrees>37.3792609</LatitudeDegrees>
              <LongitudeDegrees>-121.8345731</LongitudeDegrees>
            </Position>
            <AltitudeMeters>23</AltitudeMeters>
            <DistanceMeters>9547.91</DistanceMeters>
            <HeartRateBpm><Value>140</Value></HeartRateBpm>
            <Cadence>166</Cadence>
          </Trackpoint>
          <Trackpoint>
            <Time>2026-03-07T14:34:11.000Z</Time>
            <Position>
              <LatitudeDegrees>37.3791827</LatitudeDegrees>
              <LongitudeDegrees>-121.8346716</LongitudeDegrees>
            </Position>
            <AltitudeMeters>23</AltitudeMeters>
            <DistanceMeters>9560.20</DistanceMeters>
            <HeartRateBpm><Value>140</Value></HeartRateBpm>
            <Cadence>166</Cadence>
          </Trackpoint>
          <Trackpoint>
            <Time>2026-03-07T14:34:16.000Z</Time>
            <Position>
              <LatitudeDegrees>37.3791045</LatitudeDegrees>
              <LongitudeDegrees>-121.8347700</LongitudeDegrees>
            </Position>
            <AltitudeMeters>23.1</AltitudeMeters>
            <DistanceMeters>9572.48</DistanceMeters>
            <HeartRateBpm><Value>140</Value></HeartRateBpm>
            <Cadence>166</Cadence>
          </Trackpoint>
          <Trackpoint>
            <Time>2026-03-07T14:34:21.000Z</Time>
            <Position>
              <LatitudeDegrees>37.3790263</LatitudeDegrees>
              <LongitudeDegrees>-121.8348685</LongitudeDegrees>
            </Position>
            <AltitudeMeters>23.1</AltitudeMeters>
            <DistanceMeters>9584.77</DistanceMeters>
            <HeartRateBpm><Value>140</Value></HeartRateBpm>
            <Cadence>166</Cadence>
          </Trackpoint>
          <Trackpoint>
            <Time>2026-03-07T14:34:26.000Z</Time>
            <Position>
              <LatitudeDegrees>37.3789482</LatitudeDegrees>
              <LongitudeDegrees>-121.8349670</LongitudeDegrees>
            </Position>
            <AltitudeMeters>23.1</AltitudeMeters>
            <DistanceMeters>9597.05</DistanceMeters>
            <HeartRateBpm><Value>140</Value></HeartRateBpm>
            <Cadence>166</Cadence>
          </Trackpoint>
          <Trackpoint>
            <Time>2026-03-07T14:34:31.000Z</Time>
            <Position>
              <LatitudeDegrees>37.3788700</LatitudeDegrees>
              <LongitudeDegrees>-121.8350655</LongitudeDegrees>
            </Position>
            <AltitudeMeters>23.1</AltitudeMeters>
            <DistanceMeters>9609.34</DistanceMeters>
            <HeartRateBpm><Value>140</Value></HeartRateBpm>
            <Cadence>166</Cadence>
          </Trackpoint>
          <Trackpoint>
            <Time>2026-03-07T14:34:36.000Z</Time>
            <Position>
              <LatitudeDegrees>37.3787918</LatitudeDegrees>
              <LongitudeDegrees>-121.8351640</LongitudeDegrees>
            </Position>
            <AltitudeMeters>23.1</AltitudeMeters>
            <DistanceMeters>9621.62</DistanceMeters>
            <HeartRateBpm><Value>140</Value></HeartRateBpm>
            <Cadence>166</Cadence>
          </Trackpoint>
          <Trackpoint>
            <Time>2026-03-07T14:34:41.000Z</Time>
            <Position>
              <LatitudeDegrees>37.3787136</LatitudeDegrees>
              <LongitudeDegrees>-121.8352625</LongitudeDegrees>
            </Position>
            <AltitudeMeters>23.2</AltitudeMeters>
            <DistanceMeters>9633.91</DistanceMeters>
            <HeartRateBpm><Value>140</Value></HeartRateBpm>
            <Cadence>166</Cadence>
          </Trackpoint>
          <Trackpoint>
            <Time>2026-03-07T14:34:46.000Z</Time>
            <Position>
              <LatitudeDegrees>37.3786354</LatitudeDegrees>
              <LongitudeDegrees>-121.8353610</LongitudeDegrees>
            </Position>
            <AltitudeMeters>23.2</AltitudeMeters>
            <DistanceMeters>9646.19</DistanceMeters>
            <HeartRateBpm><Value>140</Value></HeartRateBpm>
            <Cadence>166</Cadence>
          </Trackpoint>
          <Trackpoint>
            <Time>2026-03-07T14:34:51.000Z</Time>
            <Position>
              <LatitudeDegrees>37.3785572</LatitudeDegrees>
              <LongitudeDegrees>-121.8354595</LongitudeDegrees>
            </Position>
            <AltitudeMeters>23.2</AltitudeMeters>
            <DistanceMeters>9658.48</DistanceMeters>
            <HeartRateBpm><Value>140</Value></HeartRateBpm>
            <Cadence>166</Cadence>
          </Trackpoint>
          <Trackpoint>
            <Time>2026-03-07T14:34:56.000Z</Time>
            <Position>
              <LatitudeDegrees>37.3784791</LatitudeDegrees>
              <LongitudeDegrees>-121.8355580</LongitudeDegrees>
            </Position>
            <AltitudeMeters>23.3</AltitudeMeters>
            <DistanceMeters>9670.76</DistanceMeters>
            <HeartRateBpm><Value>140</Value></HeartRateBpm>
            <Cadence>166</Cadence>
          </Trackpoint>
          <Trackpoint>
            <Time>2026-03-07T14:35:01.000Z</Time>
            <Position>
              <LatitudeDegrees>37.3784009</LatitudeDegrees>
              <LongitudeDegrees>-121.8356565</LongitudeDegrees>
            </Position>
            <AltitudeMeters>23.3</AltitudeMeters>
            <DistanceMeters>9683.05</DistanceMeters>
            <HeartRateBpm><Value>140</Value></HeartRateBpm>
            <Cadence>166</Cadence>
          </Trackpoint>
          <Trackpoint>
            <Time>2026-03-07T14:35:06.000Z</Time>
            <Position>
              <LatitudeDegrees>37.3783227</LatitudeDegrees>
              <LongitudeDegrees>-121.8357549</LongitudeDegrees>
            </Position>
            <AltitudeMeters>23.4</AltitudeMeters>
            <DistanceMeters>9695.33</DistanceMeters>
            <HeartRateBpm><Value>140</Value></HeartRateBpm>
            <Cadence>166</Cadence>
          </Trackpoint>
          <Trackpoint>
            <Time>2026-03-07T14:35:11.000Z</Time>
            <Position>
              <LatitudeDegrees>37.3782445</LatitudeDegrees>
              <LongitudeDegrees>-121.8358534</LongitudeDegrees>
            </Position>
            <AltitudeMeters>23.4</AltitudeMeters>
            <DistanceMeters>9707.62</DistanceMeters>
            <HeartRateBpm><Value>140</Value></HeartRateBpm>
            <Cadence>166</Cadence>
          </Trackpoint>
          <Trackpoint>
            <Time>2026-03-07T14:35:16.000Z</Time>
            <Position>
              <LatitudeDegrees>37.3781663</LatitudeDegrees>
              <LongitudeDegrees>-121.8359519</LongitudeDegrees>
            </Position>
            <AltitudeMeters>23.5</AltitudeMeters>
            <DistanceMeters>9719.90</DistanceMeters>
            <HeartRateBpm><Value>140</Value></HeartRateBpm>
            <Cadence>166</Cadence>
          </Trackpoint>
          <Trackpoint>
            <Time>2026-03-07T14:35:21.000Z</Time>
            <Position>
              <LatitudeDegrees>37.3780882</LatitudeDegrees>
              <LongitudeDegrees>-121.8360504</LongitudeDegrees>
            </Position>
            <AltitudeMeters>23.5</AltitudeMeters>
            <DistanceMeters>9732.19</DistanceMeters>
            <HeartRateBpm><Value>140</Value></HeartRateBpm>
            <Cadence>166</Cadence>
          </Trackpoint>
          <Trackpoint>
            <Time>2026-03-07T14:35:26.000Z</Time>
            <Position>
              <LatitudeDegrees>37.3780100</LatitudeDegrees>
              <LongitudeDegrees>-121.8361489</LongitudeDegrees>
            </Position>
            <AltitudeMeters>23.6</AltitudeMeters>
            <DistanceMeters>9744.47</DistanceMeters>
            <HeartRateBpm><Value>140</Value></HeartRateBpm>
            <Cadence>166</Cadence>
          </Trackpoint>
          <Trackpoint>
            <Time>2026-03-07T14:35:31.000Z</Time>
            <Position>
              <LatitudeDegrees>37.3779318</LatitudeDegrees>
              <LongitudeDegrees>-121.8362474</LongitudeDegrees>
            </Position>
            <AltitudeMeters>23.6</AltitudeMeters>
            <DistanceMeters>9756.76</DistanceMeters>
            <HeartRateBpm><Value>140</Value></HeartRateBpm>
            <Cadence>166</Cadence>
          </Trackpoint>
          <Trackpoint>
            <Time>2026-03-07T14:35:36.000Z</Time>
            <Position>
              <LatitudeDegrees>37.3778536</LatitudeDegrees>
              <LongitudeDegrees>-121.8363459</LongitudeDegrees>
            </Position>
            <AltitudeMeters>23.7</AltitudeMeters>
            <DistanceMeters>9769.04</DistanceMeters>
            <HeartRateBpm><Value>140</Value></HeartRateBpm>
            <Cadence>166</Cadence>
          </Trackpoint>
          <Trackpoint>
            <Time>2026-03-07T14:35:41.000Z</Time>
            <Position>
              <LatitudeDegrees>37.3777754</LatitudeDegrees>
              <LongitudeDegrees>-121.8364444</LongitudeDegrees>
            </Position>
            <AltitudeMeters>23.7</AltitudeMeters>
            <DistanceMeters>9781.33</DistanceMeters>
            <HeartRateBpm><Value>140</Value></HeartRateBpm>
            <Cadence>166</Cadence>
          </Trackpoint>
          <Trackpoint>
            <Time>2026-03-07T14:35:46.000Z</Time>
            <Position>
              <LatitudeDegrees>37.3776973</LatitudeDegrees>
              <LongitudeDegrees>-121.8365429</LongitudeDegrees>
            </Position>
            <AltitudeMeters>23.8</AltitudeMeters>
            <DistanceMeters>9793.61</DistanceMeters>
            <HeartRateBpm><Value>140</Value></HeartRateBpm>
            <Cadence>166</Cadence>
          </Trackpoint>
          <Trackpoint>
            <Time>2026-03-07T14:35:51.000Z</Time>
            <Position>
              <LatitudeDegrees>37.3776191</LatitudeDegrees>
              <LongitudeDegrees>-121.8366414</LongitudeDegrees>
            </Position>
            <AltitudeMeters>23.9</AltitudeMeters>
            <DistanceMeters>9805.90</DistanceMeters>
            <HeartRateBpm><Value>140</Value></HeartRateBpm>
            <Cadence>166</Cadence>
          </Trackpoint>
          <Trackpoint>
            <Time>2026-03-07T14:35:56.000Z</Time>
            <Position>
              <LatitudeDegrees>37.3775409</LatitudeDegrees>
              <LongitudeDegrees>-121.8367398</LongitudeDegrees>
            </Position>
            <AltitudeMeters>23.9</AltitudeMeters>
            <DistanceMeters>9818.18</DistanceMeters>
            <HeartRateBpm><Value>140</Value></HeartRateBpm>
            <Cadence>166</Cadence>
          </Trackpoint>
          <Trackpoint>
            <Time>2026-03-07T14:36:01.000Z</Time>
            <Position>
              <LatitudeDegrees>37.3774627</LatitudeDegrees>
              <LongitudeDegrees>-121.8368383</LongitudeDegrees>
            </Position>
            <AltitudeMeters>24</AltitudeMeters>
            <DistanceMeters>9830.47</DistanceMeters>
            <HeartRateBpm><Value>140</Value></HeartRateBpm>
            <Cadence>166</Cadence>
          </Trackpoint>
          <Trackpoint>
            <Time>2026-03-07T14:36:06.000Z</Time>
            <Position>
              <LatitudeDegrees>37.3773845</LatitudeDegrees>
              <LongitudeDegrees>-121.8369368</LongitudeDegrees>
            </Position>
            <AltitudeMeters>24.1</AltitudeMeters>
            <DistanceMeters>9842.75</DistanceMeters>
            <HeartRateBpm><Value>140</Value></HeartRateBpm>
            <Cadence>166</Cadence>
          </Trackpoint>
          <Trackpoint>
            <Time>2026-03-07T14:36:11.000Z</Time>
            <Position>
              <LatitudeDegrees>37.3773063</LatitudeDegrees>
              <LongitudeDegrees>-121.8370353</LongitudeDegrees>
            </Position>
            <AltitudeMeters>24.1</AltitudeMeters>
            <DistanceMeters>9855.04</DistanceMeters>
            <HeartRateBpm><Value>140</Value></HeartRateBpm>
            <Cadence>166</Cadence>
          </Trackpoint>
          <Trackpoint>
            <Time>2026-03-07T14:36:16.000Z</Time>
            <Position>
              <LatitudeDegrees>37.3772282</LatitudeDegrees>
              <LongitudeDegrees>-121.8371338</LongitudeDegrees>
            </Position>
            <AltitudeMeters>24.2</AltitudeMeters>
            <DistanceMeters>9867.32</DistanceMeters>
            <HeartRateBpm><Value>140</Value></HeartRateBpm>
            <Cadence>166</Cadence>
          </Trackpoint>
          <Trackpoint>
            <Time>2026-03-07T14:36:21.000Z</Time>
            <Position>
              <LatitudeDegrees>37.3771500</LatitudeDegrees>
              <LongitudeDegrees>-121.8372323</LongitudeDegrees>
            </Position>
            <AltitudeMeters>24.3</AltitudeMeters>
            <DistanceMeters>9879.61</DistanceMeters>
            <HeartRateBpm><Value>140</Value></HeartRateBpm>
            <Cadence>166</Cadence>
          </Trackpoint>
          <Trackpoint>
            <Time>2026-03-07T14:36:26.000Z</Time>
            <Position>
              <LatitudeDegrees>37.3770718</LatitudeDegrees>
              <LongitudeDegrees>-121.8373308</LongitudeDegrees>
            </Position>
            <AltitudeMeters>24.3</AltitudeMeters>
            <DistanceMeters>9891.89</DistanceMeters>
            <HeartRateBpm><Value>140</Value></HeartRateBpm>
            <Cadence>166</Cadence>
          </Trackpoint>
          <Trackpoint>
            <Time>2026-03-07T14:36:31.000Z</Time>
            <Position>
              <LatitudeDegrees>37.3769936</LatitudeDegrees>
              <LongitudeDegrees>-121.8374293</LongitudeDegrees>
            </Position>
            <AltitudeMeters>24.4</AltitudeMeters>
            <DistanceMeters>9904.18</DistanceMeters>
            <HeartRateBpm><Value>140</Value></HeartRateBpm>
            <Cadence>166</Cadence>
          </Trackpoint>
          <Trackpoint>
            <Time>2026-03-07T14:36:36.000Z</Time>
            <Position>
              <LatitudeDegrees>37.3769154</LatitudeDegrees>
              <LongitudeDegrees>-121.8375278</LongitudeDegrees>
            </Position>
            <AltitudeMeters>24.5</AltitudeMeters>
            <DistanceMeters>9916.46</DistanceMeters>
            <HeartRateBpm><Value>140</Value></HeartRateBpm>
            <Cadence>166</Cadence>
          </Trackpoint>
          <Trackpoint>
            <Time>2026-03-07T14:36:41.000Z</Time>
            <Position>
              <LatitudeDegrees>37.3768373</LatitudeDegrees>
              <LongitudeDegrees>-121.8376263</LongitudeDegrees>
            </Position>
            <AltitudeMeters>24.6</AltitudeMeters>
            <DistanceMeters>9928.75</DistanceMeters>
            <HeartRateBpm><Value>140</Value></HeartRateBpm>
            <Cadence>166</Cadence>
          </Trackpoint>
          <Trackpoint>
            <Time>2026-03-07T14:36:46.000Z</Time>
            <Position>
              <LatitudeDegrees>37.3767591</LatitudeDegrees>
              <LongitudeDegrees>-121.8377247</LongitudeDegrees>
            </Position>
            <AltitudeMeters>24.6</AltitudeMeters>
            <DistanceMeters>9941.03</DistanceMeters>
            <HeartRateBpm><Value>140</Value></HeartRateBpm>
            <Cadence>166</Cadence>
          </Trackpoint>
          <Trackpoint>
            <Time>2026-03-07T14:36:51.000Z</Time>
            <Position>
              <LatitudeDegrees>37.3766809</LatitudeDegrees>
              <LongitudeDegrees>-121.8378232</LongitudeDegrees>
            </Position>
            <AltitudeMeters>24.7</AltitudeMeters>
            <DistanceMeters>9953.32</DistanceMeters>
            <HeartRateBpm><Value>140</Value></HeartRateBpm>
            <Cadence>166</Cadence>
          </Trackpoint>
          <Trackpoint>
            <Time>2026-03-07T14:36:56.000Z</Time>
            <Position>
              <LatitudeDegrees>37.3766027</LatitudeDegrees>
              <LongitudeDegrees>-121.8379217</LongitudeDegrees>
            </Position>
            <AltitudeMeters>24.8</AltitudeMeters>
            <DistanceMeters>9965.60</DistanceMeters>
            <HeartRateBpm><Value>140</Value></HeartRateBpm>
            <Cadence>166</Cadence>
          </Trackpoint>
          <Trackpoint>
            <Time>2026-03-07T14:37:01.000Z</Time>
            <Position>
              <LatitudeDegrees>37.3765245</LatitudeDegrees>
              <LongitudeDegrees>-121.8380202</LongitudeDegrees>
            </Position>
            <AltitudeMeters>24.9</AltitudeMeters>
            <DistanceMeters>9977.89</DistanceMeters>
            <HeartRateBpm><Value>140</Value></HeartRateBpm>
            <Cadence>166</Cadence>
          </Trackpoint>
          <Trackpoint>
            <Time>2026-03-07T14:37:06.000Z</Time>
            <Position>
              <LatitudeDegrees>37.3764463</LatitudeDegrees>
              <LongitudeDegrees>-121.8381187</LongitudeDegrees>
            </Position>
            <AltitudeMeters>24.9</AltitudeMeters>
            <DistanceMeters>9990.17</DistanceMeters>
            <HeartRateBpm><Value>140</Value></HeartRateBpm>
            <Cadence>166</Cadence>
          </Trackpoint>
          <Trackpoint>
            <Time>2026-03-07T14:37:11.000Z</Time>
            <Position>
              <LatitudeDegrees>37.3763682</LatitudeDegrees>
              <LongitudeDegrees>-121.8382172</LongitudeDegrees>
            </Position>
            <AltitudeMeters>25</AltitudeMeters>
            <DistanceMeters>10002.46</DistanceMeters>
            <HeartRateBpm><Value>140</Value></HeartRateBpm>
            <Cadence>166</Cadence>
          </Trackpoint>
          <Trackpoint>
            <Time>2026-03-07T14:37:16.000Z</Time>
            <Position>
              <LatitudeDegrees>37.3762900</LatitudeDegrees>
              <LongitudeDegrees>-121.8383157</LongitudeDegrees>
            </Position>
            <AltitudeMeters>25.1</AltitudeMeters>
            <DistanceMeters>10014.74</DistanceMeters>
            <HeartRateBpm><Value>140</Value></HeartRateBpm>
            <Cadence>166</Cadence>
          </Trackpoint>
          <Trackpoint>
            <Time>2026-03-07T14:37:21.000Z</Time>
            <Position>
              <LatitudeDegrees>37.3762118</LatitudeDegrees>
              <LongitudeDegrees>-121.8384142</LongitudeDegrees>
            </Position>
            <AltitudeMeters>25.2</AltitudeMeters>
            <DistanceMeters>10027.03</DistanceMeters>
            <HeartRateBpm><Value>140</Value></HeartRateBpm>
            <Cadence>166</Cadence>
          </Trackpoint>
          <Trackpoint>
            <Time>2026-03-07T14:37:26.000Z</Time>
            <Position>
              <LatitudeDegrees>37.3761336</LatitudeDegrees>
              <LongitudeDegrees>-121.8385127</LongitudeDegrees>
            </Position>
            <AltitudeMeters>25.2</AltitudeMeters>
            <DistanceMeters>10039.31</DistanceMeters>
            <HeartRateBpm><Value>140</Value></HeartRateBpm>
            <Cadence>166</Cadence>
          </Trackpoint>
          <Trackpoint>
            <Time>2026-03-07T14:37:31.000Z</Time>
            <Position>
              <LatitudeDegrees>37.3760554</LatitudeDegrees>
              <LongitudeDegrees>-121.8386112</LongitudeDegrees>
            </Position>
            <AltitudeMeters>25.3</AltitudeMeters>
            <DistanceMeters>10051.60</DistanceMeters>
            <HeartRateBpm><Value>140</Value></HeartRateBpm>
            <Cadence>166</Cadence>
          </Trackpoint>
          <Trackpoint>
            <Time>2026-03-07T14:37:36.000Z</Time>
            <Position>
              <LatitudeDegrees>37.3759773</LatitudeDegrees>
              <LongitudeDegrees>-121.8387096</LongitudeDegrees>
            </Position>
            <AltitudeMeters>25.4</AltitudeMeters>
            <DistanceMeters>10063.88</DistanceMeters>
            <HeartRateBpm><Value>140</Value></HeartRateBpm>
            <Cadence>166</Cadence>
          </Trackpoint>
          <Trackpoint>
            <Time>2026-03-07T14:37:41.000Z</Time>
            <Position>
              <LatitudeDegrees>37.3758991</LatitudeDegrees>
              <LongitudeDegrees>-121.8388081</LongitudeDegrees>
            </Position>
            <AltitudeMeters>25.5</AltitudeMeters>
            <DistanceMeters>10076.17</DistanceMeters>
            <HeartRateBpm><Value>140</Value></HeartRateBpm>
            <Cadence>166</Cadence>
          </Trackpoint>
          <Trackpoint>
            <Time>2026-03-07T14:37:46.000Z</Time>
            <Position>
              <LatitudeDegrees>37.3758209</LatitudeDegrees>
              <LongitudeDegrees>-121.8389066</LongitudeDegrees>
            </Position>
            <AltitudeMeters>25.5</AltitudeMeters>
            <DistanceMeters>10088.45</DistanceMeters>
            <HeartRateBpm><Value>140</Value></HeartRateBpm>
            <Cadence>166</Cadence>
          </Trackpoint>
          <Trackpoint>
            <Time>2026-03-07T14:37:51.000Z</Time>
            <Position>
              <LatitudeDegrees>37.3757427</LatitudeDegrees>
              <LongitudeDegrees>-121.8390051</LongitudeDegrees>
            </Position>
            <AltitudeMeters>25.6</AltitudeMeters>
            <DistanceMeters>10100.74</DistanceMeters>
            <HeartRateBpm><Value>140</Value></HeartRateBpm>
            <Cadence>166</Cadence>
          </Trackpoint>
          <Trackpoint>
            <Time>2026-03-07T14:37:56.000Z</Time>
            <Position>
              <LatitudeDegrees>37.3756645</LatitudeDegrees>
              <LongitudeDegrees>-121.8391036</LongitudeDegrees>
            </Position>
            <AltitudeMeters>25.7</AltitudeMeters>
            <DistanceMeters>10113.02</DistanceMeters>
            <HeartRateBpm><Value>140</Value></HeartRateBpm>
            <Cadence>166</Cadence>
          </Trackpoint>
          <Trackpoint>
            <Time>2026-03-07T14:38:01.000Z</Time>
            <Position>
              <LatitudeDegrees>37.3755864</LatitudeDegrees>
              <LongitudeDegrees>-121.8392021</LongitudeDegrees>
            </Position>
            <AltitudeMeters>25.8</AltitudeMeters>
            <DistanceMeters>10125.31</DistanceMeters>
            <HeartRateBpm><Value>140</Value></HeartRateBpm>
            <Cadence>166</Cadence>
          </Trackpoint>
          <Trackpoint>
            <Time>2026-03-07T14:38:06.000Z</Time>
            <Position>
              <LatitudeDegrees>37.3755082</LatitudeDegrees>
              <LongitudeDegrees>-121.8393006</LongitudeDegrees>
            </Position>
            <AltitudeMeters>25.8</AltitudeMeters>
            <DistanceMeters>10137.59</DistanceMeters>
            <HeartRateBpm><Value>140</Value></HeartRateBpm>
            <Cadence>166</Cadence>
          </Trackpoint>
          <Trackpoint>
            <Time>2026-03-07T14:38:11.000Z</Time>
            <Position>
              <LatitudeDegrees>37.3754300</LatitudeDegrees>
              <LongitudeDegrees>-121.8393991</LongitudeDegrees>
            </Position>
            <AltitudeMeters>25.9</AltitudeMeters>
            <DistanceMeters>10149.88</DistanceMeters>
            <HeartRateBpm><Value>140</Value></HeartRateBpm>
            <Cadence>166</Cadence>
          </Trackpoint>
          <Trackpoint>
            <Time>2026-03-07T14:38:16.000Z</Time>
            <Position>
              <LatitudeDegrees>37.3753518</LatitudeDegrees>
              <LongitudeDegrees>-121.8394976</LongitudeDegrees>
            </Position>
            <AltitudeMeters>26</AltitudeMeters>
            <DistanceMeters>10162.16</DistanceMeters>
            <HeartRateBpm><Value>140</Value></HeartRateBpm>
            <Cadence>166</Cadence>
          </Trackpoint>
          <Trackpoint>
            <Time>2026-03-07T14:38:21.000Z</Time>
            <Position>
              <LatitudeDegrees>37.3752736</LatitudeDegrees>
              <LongitudeDegrees>-121.8395961</LongitudeDegrees>
            </Position>
            <AltitudeMeters>26</AltitudeMeters>
            <DistanceMeters>10174.45</DistanceMeters>
            <HeartRateBpm><Value>140</Value></HeartRateBpm>
            <Cadence>166</Cadence>
          </Trackpoint>
          <Trackpoint>
            <Time>2026-03-07T14:38:26.000Z</Time>
            <Position>
              <LatitudeDegrees>37.3751954</LatitudeDegrees>
              <LongitudeDegrees>-121.8396945</LongitudeDegrees>
            </Position>
            <AltitudeMeters>26.1</AltitudeMeters>
            <DistanceMeters>10186.73</DistanceMeters>
            <HeartRateBpm><Value>140</Value></HeartRateBpm>
            <Cadence>166</Cadence>
          </Trackpoint>
          <Trackpoint>
            <Time>2026-03-07T14:38:31.000Z</Time>
            <Position>
              <LatitudeDegrees>37.3751173</LatitudeDegrees>
              <LongitudeDegrees>-121.8397930</LongitudeDegrees>
            </Position>
            <AltitudeMeters>26.2</AltitudeMeters>
            <DistanceMeters>10199.02</DistanceMeters>
            <HeartRateBpm><Value>140</Value></HeartRateBpm>
            <Cadence>166</Cadence>
          </Trackpoint>
          <Trackpoint>
            <Time>2026-03-07T14:38:36.000Z</Time>
            <Position>
              <LatitudeDegrees>37.3750391</LatitudeDegrees>
              <LongitudeDegrees>-121.8398915</LongitudeDegrees>
            </Position>
            <AltitudeMeters>26.2</AltitudeMeters>
            <DistanceMeters>10211.30</DistanceMeters>
            <HeartRateBpm><Value>140</Value></HeartRateBpm>
            <Cadence>166</Cadence>
          </Trackpoint>
          <Trackpoint>
            <Time>2026-03-07T14:38:41.000Z</Time>
            <Position>
              <LatitudeDegrees>37.3749609</LatitudeDegrees>
              <LongitudeDegrees>-121.8399900</LongitudeDegrees>
            </Position>
            <AltitudeMeters>26.3</AltitudeMeters>
            <DistanceMeters>10223.59</DistanceMeters>
            <HeartRateBpm><Value>140</Value></HeartRateBpm>
            <Cadence>166</Cadence>
          </Trackpoint>
          <Trackpoint>
            <Time>2026-03-07T14:38:46.000Z</Time>
            <Position>
              <LatitudeDegrees>37.3748827</LatitudeDegrees>
              <LongitudeDegrees>-121.8400885</LongitudeDegrees>
            </Position>
            <AltitudeMeters>26.4</AltitudeMeters>
            <DistanceMeters>10235.87</DistanceMeters>
            <HeartRateBpm><Value>140</Value></HeartRateBpm>
            <Cadence>166</Cadence>
          </Trackpoint>
          <Trackpoint>
            <Time>2026-03-07T14:38:51.000Z</Time>
            <Position>
              <LatitudeDegrees>37.3748045</LatitudeDegrees>
              <LongitudeDegrees>-121.8401870</LongitudeDegrees>
            </Position>
            <AltitudeMeters>26.4</AltitudeMeters>
            <DistanceMeters>10248.16</DistanceMeters>
            <HeartRateBpm><Value>140</Value></HeartRateBpm>
            <Cadence>166</Cadence>
          </Trackpoint>
          <Trackpoint>
            <Time>2026-03-07T14:38:56.000Z</Time>
            <Position>
              <LatitudeDegrees>37.3747264</LatitudeDegrees>
              <LongitudeDegrees>-121.8402855</LongitudeDegrees>
            </Position>
            <AltitudeMeters>26.5</AltitudeMeters>
            <DistanceMeters>10260.44</DistanceMeters>
            <HeartRateBpm><Value>140</Value></HeartRateBpm>
            <Cadence>166</Cadence>
          </Trackpoint>
          <Trackpoint>
            <Time>2026-03-07T14:39:01.000Z</Time>
            <Position>
              <LatitudeDegrees>37.3746482</LatitudeDegrees>
              <LongitudeDegrees>-121.8403840</LongitudeDegrees>
            </Position>
            <AltitudeMeters>26.5</AltitudeMeters>
            <DistanceMeters>10272.73</DistanceMeters>
            <HeartRateBpm><Value>140</Value></HeartRateBpm>
            <Cadence>166</Cadence>
          </Trackpoint>
          <Trackpoint>
            <Time>2026-03-07T14:39:06.000Z</Time>
            <Position>
              <LatitudeDegrees>37.3745700</LatitudeDegrees>
              <LongitudeDegrees>-121.8404825</LongitudeDegrees>
            </Position>
            <AltitudeMeters>26.6</AltitudeMeters>
            <DistanceMeters>10285.01</DistanceMeters>
            <HeartRateBpm><Value>140</Value></HeartRateBpm>
            <Cadence>166</Cadence>
          </Trackpoint>
          <Trackpoint>
            <Time>2026-03-07T14:39:11.000Z</Time>
            <Position>
              <LatitudeDegrees>37.3744918</LatitudeDegrees>
              <LongitudeDegrees>-121.8405810</LongitudeDegrees>
            </Position>
            <AltitudeMeters>26.6</AltitudeMeters>
            <DistanceMeters>10297.30</DistanceMeters>
            <HeartRateBpm><Value>140</Value></HeartRateBpm>
            <Cadence>166</Cadence>
          </Trackpoint>
          <Trackpoint>
            <Time>2026-03-07T14:39:16.000Z</Time>
            <Position>
              <LatitudeDegrees>37.3744136</LatitudeDegrees>
              <LongitudeDegrees>-121.8406794</LongitudeDegrees>
            </Position>
            <AltitudeMeters>26.7</AltitudeMeters>
            <DistanceMeters>10309.58</DistanceMeters>
            <HeartRateBpm><Value>140</Value></HeartRateBpm>
            <Cadence>166</Cadence>
          </Trackpoint>
          <Trackpoint>
            <Time>2026-03-07T14:39:21.000Z</Time>
            <Position>
              <LatitudeDegrees>37.3743355</LatitudeDegrees>
              <LongitudeDegrees>-121.8407779</LongitudeDegrees>
            </Position>
            <AltitudeMeters>26.7</AltitudeMeters>
            <DistanceMeters>10321.87</DistanceMeters>
            <HeartRateBpm><Value>140</Value></HeartRateBpm>
            <Cadence>166</Cadence>
          </Trackpoint>
          <Trackpoint>
            <Time>2026-03-07T14:39:26.000Z</Time>
            <Position>
              <LatitudeDegrees>37.3742573</LatitudeDegrees>
              <LongitudeDegrees>-121.8408764</LongitudeDegrees>
            </Position>
            <AltitudeMeters>26.7</AltitudeMeters>
            <DistanceMeters>10334.15</DistanceMeters>
            <HeartRateBpm><Value>140</Value></HeartRateBpm>
            <Cadence>166</Cadence>
          </Trackpoint>
          <Trackpoint>
            <Time>2026-03-07T14:39:31.000Z</Time>
            <Position>
              <LatitudeDegrees>37.3741791</LatitudeDegrees>
              <LongitudeDegrees>-121.8409749</LongitudeDegrees>
            </Position>
            <AltitudeMeters>26.8</AltitudeMeters>
            <DistanceMeters>10346.44</DistanceMeters>
            <HeartRateBpm><Value>140</Value></HeartRateBpm>
            <Cadence>166</Cadence>
          </Trackpoint>
          <Trackpoint>
            <Time>2026-03-07T14:39:36.000Z</Time>
            <Position>
              <LatitudeDegrees>37.3741009</LatitudeDegrees>
              <LongitudeDegrees>-121.8410734</LongitudeDegrees>
            </Position>
            <AltitudeMeters>26.8</AltitudeMeters>
            <DistanceMeters>10358.72</DistanceMeters>
            <HeartRateBpm><Value>140</Value></HeartRateBpm>
            <Cadence>166</Cadence>
          </Trackpoint>
          <Trackpoint>
            <Time>2026-03-07T14:39:41.000Z</Time>
            <Position>
              <LatitudeDegrees>37.3740227</LatitudeDegrees>
              <LongitudeDegrees>-121.8411719</LongitudeDegrees>
            </Position>
            <AltitudeMeters>26.8</AltitudeMeters>
            <DistanceMeters>10371.01</DistanceMeters>
            <HeartRateBpm><Value>140</Value></HeartRateBpm>
            <Cadence>166</Cadence>
          </Trackpoint>
          <Trackpoint>
            <Time>2026-03-07T14:39:46.000Z</Time>
            <Position>
              <LatitudeDegrees>37.3739445</LatitudeDegrees>
              <LongitudeDegrees>-121.8412704</LongitudeDegrees>
            </Position>
            <AltitudeMeters>26.9</AltitudeMeters>
            <DistanceMeters>10383.29</DistanceMeters>
            <HeartRateBpm><Value>140</Value></HeartRateBpm>
            <Cadence>166</Cadence>
          </Trackpoint>
          <Trackpoint>
            <Time>2026-03-07T14:39:51.000Z</Time>
            <Position>
              <LatitudeDegrees>37.3738664</LatitudeDegrees>
              <LongitudeDegrees>-121.8413689</LongitudeDegrees>
            </Position>
            <AltitudeMeters>26.9</AltitudeMeters>
            <DistanceMeters>10395.58</DistanceMeters>
            <HeartRateBpm><Value>140</Value></HeartRateBpm>
            <Cadence>166</Cadence>
          </Trackpoint>
          <Trackpoint>
            <Time>2026-03-07T14:39:56.000Z</Time>
            <Position>
              <LatitudeDegrees>37.3737882</LatitudeDegrees>
              <LongitudeDegrees>-121.8414674</LongitudeDegrees>
            </Position>
            <AltitudeMeters>26.9</AltitudeMeters>
            <DistanceMeters>10407.86</DistanceMeters>
            <HeartRateBpm><Value>140</Value></HeartRateBpm>
            <Cadence>166</Cadence>
          </Trackpoint>
          <Trackpoint>
            <Time>2026-03-07T14:40:01.000Z</Time>
            <Position>
              <LatitudeDegrees>37.3737100</LatitudeDegrees>
              <LongitudeDegrees>-121.8415659</LongitudeDegrees>
            </Position>
            <AltitudeMeters>26.9</AltitudeMeters>
            <DistanceMeters>10420.15</DistanceMeters>
            <HeartRateBpm><Value>140</Value></HeartRateBpm>
            <Cadence>166</Cadence>
          </Trackpoint>
          <Trackpoint>
            <Time>2026-03-07T14:40:06.000Z</Time>
            <Position>
              <LatitudeDegrees>37.3736318</LatitudeDegrees>
              <LongitudeDegrees>-121.8416643</LongitudeDegrees>
            </Position>
            <AltitudeMeters>27</AltitudeMeters>
            <DistanceMeters>10432.43</DistanceMeters>
            <HeartRateBpm><Value>140</Value></HeartRateBpm>
            <Cadence>166</Cadence>
          </Trackpoint>
          <Trackpoint>
            <Time>2026-03-07T14:40:11.000Z</Time>
            <Position>
              <LatitudeDegrees>37.3735536</LatitudeDegrees>
              <LongitudeDegrees>-121.8417628</LongitudeDegrees>
            </Position>
            <AltitudeMeters>27</AltitudeMeters>
            <DistanceMeters>10444.72</DistanceMeters>
            <HeartRateBpm><Value>140</Value></HeartRateBpm>
            <Cadence>166</Cadence>
          </Trackpoint>
          <Trackpoint>
            <Time>2026-03-07T14:40:16.000Z</Time>
            <Position>
              <LatitudeDegrees>37.3734755</LatitudeDegrees>
              <LongitudeDegrees>-121.8418613</LongitudeDegrees>
            </Position>
            <AltitudeMeters>27</AltitudeMeters>
            <DistanceMeters>10457.00</DistanceMeters>
            <HeartRateBpm><Value>140</Value></HeartRateBpm>
            <Cadence>166</Cadence>
          </Trackpoint>
          <Trackpoint>
            <Time>2026-03-07T14:40:21.000Z</Time>
            <Position>
              <LatitudeDegrees>37.3733973</LatitudeDegrees>
              <LongitudeDegrees>-121.8419598</LongitudeDegrees>
            </Position>
            <AltitudeMeters>27</AltitudeMeters>
            <DistanceMeters>10469.29</DistanceMeters>
            <HeartRateBpm><Value>140</Value></HeartRateBpm>
            <Cadence>166</Cadence>
          </Trackpoint>
          <Trackpoint>
            <Time>2026-03-07T14:40:26.000Z</Time>
            <Position>
              <LatitudeDegrees>37.3733191</LatitudeDegrees>
              <LongitudeDegrees>-121.8420583</LongitudeDegrees>
            </Position>
            <AltitudeMeters>27</AltitudeMeters>
            <DistanceMeters>10481.57</DistanceMeters>
            <HeartRateBpm><Value>140</Value></HeartRateBpm>
            <Cadence>166</Cadence>
          </Trackpoint>
          <Trackpoint>
            <Time>2026-03-07T14:40:31.000Z</Time>
            <Position>
              <LatitudeDegrees>37.3732409</LatitudeDegrees>
              <LongitudeDegrees>-121.8421568</LongitudeDegrees>
            </Position>
            <AltitudeMeters>27</AltitudeMeters>
            <DistanceMeters>10493.86</DistanceMeters>
            <HeartRateBpm><Value>140</Value></HeartRateBpm>
            <Cadence>166</Cadence>
          </Trackpoint>
          <Trackpoint>
            <Time>2026-03-07T14:40:36.000Z</Time>
            <Position>
              <LatitudeDegrees>37.3731627</LatitudeDegrees>
              <LongitudeDegrees>-121.8422553</LongitudeDegrees>
            </Position>
            <AltitudeMeters>27</AltitudeMeters>
            <DistanceMeters>10506.14</DistanceMeters>
            <HeartRateBpm><Value>140</Value></HeartRateBpm>
            <Cadence>166</Cadence>
          </Trackpoint>
          <Trackpoint>
            <Time>2026-03-07T14:40:41.000Z</Time>
            <Position>
              <LatitudeDegrees>37.3730845</LatitudeDegrees>
              <LongitudeDegrees>-121.8423538</LongitudeDegrees>
            </Position>
            <AltitudeMeters>27</AltitudeMeters>
            <DistanceMeters>10518.43</DistanceMeters>
            <HeartRateBpm><Value>140</Value></HeartRateBpm>
            <Cadence>166</Cadence>
          </Trackpoint>
          <Trackpoint>
            <Time>2026-03-07T14:40:46.000Z</Time>
            <Position>
              <LatitudeDegrees>37.3730064</LatitudeDegrees>
              <LongitudeDegrees>-121.8424523</LongitudeDegrees>
            </Position>
            <AltitudeMeters>27</AltitudeMeters>
            <DistanceMeters>10530.71</DistanceMeters>
            <HeartRateBpm><Value>140</Value></HeartRateBpm>
            <Cadence>166</Cadence>
          </Trackpoint>
          <Trackpoint>
            <Time>2026-03-07T14:40:51.000Z</Time>
            <Position>
              <LatitudeDegrees>37.3729282</LatitudeDegrees>
              <LongitudeDegrees>-121.8425508</LongitudeDegrees>
            </Position>
            <AltitudeMeters>27</AltitudeMeters>
            <DistanceMeters>10543.00</DistanceMeters>
            <HeartRateBpm><Value>140</Value></HeartRateBpm>
            <Cadence>166</Cadence>
          </Trackpoint>
          <Trackpoint>
            <Time>2026-03-07T14:40:56.000Z</Time>
            <Position>
              <LatitudeDegrees>37.3728500</LatitudeDegrees>
              <LongitudeDegrees>-121.8426492</LongitudeDegrees>
            </Position>
            <AltitudeMeters>27</AltitudeMeters>
            <DistanceMeters>10555.28</DistanceMeters>
            <HeartRateBpm><Value>140</Value></HeartRateBpm>
            <Cadence>166</Cadence>
          </Trackpoint>
          <Trackpoint>
            <Time>2026-03-07T14:41:01.000Z</Time>
            <Position>
              <LatitudeDegrees>37.3727718</LatitudeDegrees>
              <LongitudeDegrees>-121.8427477</LongitudeDegrees>
            </Position>
            <AltitudeMeters>27</AltitudeMeters>
            <DistanceMeters>10567.57</DistanceMeters>
            <HeartRateBpm><Value>140</Value></HeartRateBpm>
            <Cadence>166</Cadence>
          </Trackpoint>
          <Trackpoint>
            <Time>2026-03-07T14:41:06.000Z</Time>
            <Position>
              <LatitudeDegrees>37.3726936</LatitudeDegrees>
              <LongitudeDegrees>-121.8428462</LongitudeDegrees>
            </Position>
            <AltitudeMeters>26.9</AltitudeMeters>
            <DistanceMeters>10579.85</DistanceMeters>
            <HeartRateBpm><Value>140</Value></HeartRateBpm>
            <Cadence>166</Cadence>
          </Trackpoint>
          <Trackpoint>
            <Time>2026-03-07T14:41:11.000Z</Time>
            <Position>
              <LatitudeDegrees>37.3726155</LatitudeDegrees>
              <LongitudeDegrees>-121.8429447</LongitudeDegrees>
            </Position>
            <AltitudeMeters>26.9</AltitudeMeters>
            <DistanceMeters>10592.14</DistanceMeters>
            <HeartRateBpm><Value>140</Value></HeartRateBpm>
            <Cadence>166</Cadence>
          </Trackpoint>
          <Trackpoint>
            <Time>2026-03-07T14:41:16.000Z</Time>
            <Position>
              <LatitudeDegrees>37.3725373</LatitudeDegrees>
              <LongitudeDegrees>-121.8430432</LongitudeDegrees>
            </Position>
            <AltitudeMeters>26.9</AltitudeMeters>
            <DistanceMeters>10604.42</DistanceMeters>
            <HeartRateBpm><Value>140</Value></HeartRateBpm>
            <Cadence>166</Cadence>
          </Trackpoint>
          <Trackpoint>
            <Time>2026-03-07T14:41:21.000Z</Time>
            <Position>
              <LatitudeDegrees>37.3724591</LatitudeDegrees>
              <LongitudeDegrees>-121.8431417</LongitudeDegrees>
            </Position>
            <AltitudeMeters>26.9</AltitudeMeters>
            <DistanceMeters>10616.71</DistanceMeters>
            <HeartRateBpm><Value>140</Value></HeartRateBpm>
            <Cadence>166</Cadence>
          </Trackpoint>
          <Trackpoint>
            <Time>2026-03-07T14:41:26.000Z</Time>
            <Position>
              <LatitudeDegrees>37.3723809</LatitudeDegrees>
              <LongitudeDegrees>-121.8432402</LongitudeDegrees>
            </Position>
            <AltitudeMeters>26.8</AltitudeMeters>
            <DistanceMeters>10628.99</DistanceMeters>
            <HeartRateBpm><Value>140</Value></HeartRateBpm>
            <Cadence>166</Cadence>
          </Trackpoint>
          <Trackpoint>
            <Time>2026-03-07T14:41:31.000Z</Time>
            <Position>
              <LatitudeDegrees>37.3723027</LatitudeDegrees>
              <LongitudeDegrees>-121.8433387</LongitudeDegrees>
            </Position>
            <AltitudeMeters>26.8</AltitudeMeters>
            <DistanceMeters>10641.28</DistanceMeters>
            <HeartRateBpm><Value>140</Value></HeartRateBpm>
            <Cadence>166</Cadence>
          </Trackpoint>
          <Trackpoint>
            <Time>2026-03-07T14:41:36.000Z</Time>
            <Position>
              <LatitudeDegrees>37.3722246</LatitudeDegrees>
              <LongitudeDegrees>-121.8434372</LongitudeDegrees>
            </Position>
            <AltitudeMeters>26.8</AltitudeMeters>
            <DistanceMeters>10653.56</DistanceMeters>
            <HeartRateBpm><Value>140</Value></HeartRateBpm>
            <Cadence>166</Cadence>
          </Trackpoint>
          <Trackpoint>
            <Time>2026-03-07T14:41:41.000Z</Time>
            <Position>
              <LatitudeDegrees>37.3721464</LatitudeDegrees>
              <LongitudeDegrees>-121.8435357</LongitudeDegrees>
            </Position>
            <AltitudeMeters>26.7</AltitudeMeters>
            <DistanceMeters>10665.85</DistanceMeters>
            <HeartRateBpm><Value>140</Value></HeartRateBpm>
            <Cadence>166</Cadence>
          </Trackpoint>
          <Trackpoint>
            <Time>2026-03-07T14:41:46.000Z</Time>
            <Position>
              <LatitudeDegrees>37.3720682</LatitudeDegrees>
              <LongitudeDegrees>-121.8436341</LongitudeDegrees>
            </Position>
            <AltitudeMeters>26.7</AltitudeMeters>
            <DistanceMeters>10678.13</DistanceMeters>
            <HeartRateBpm><Value>140</Value></HeartRateBpm>
            <Cadence>166</Cadence>
          </Trackpoint>
          <Trackpoint>
            <Time>2026-03-07T14:41:51.000Z</Time>
            <Position>
              <LatitudeDegrees>37.3719900</LatitudeDegrees>
              <LongitudeDegrees>-121.8437326</LongitudeDegrees>
            </Position>
            <AltitudeMeters>26.7</AltitudeMeters>
            <DistanceMeters>10690.42</DistanceMeters>
            <HeartRateBpm><Value>140</Value></HeartRateBpm>
            <Cadence>166</Cadence>
          </Trackpoint>
          <Trackpoint>
            <Time>2026-03-07T14:41:56.000Z</Time>
            <Position>
              <LatitudeDegrees>37.3719118</LatitudeDegrees>
              <LongitudeDegrees>-121.8438311</LongitudeDegrees>
            </Position>
            <AltitudeMeters>26.6</AltitudeMeters>
            <DistanceMeters>10702.70</DistanceMeters>
            <HeartRateBpm><Value>140</Value></HeartRateBpm>
            <Cadence>166</Cadence>
          </Trackpoint>
          <Trackpoint>
            <Time>2026-03-07T14:42:01.000Z</Time>
            <Position>
              <LatitudeDegrees>37.3718336</LatitudeDegrees>
              <LongitudeDegrees>-121.8439296</LongitudeDegrees>
            </Position>
            <AltitudeMeters>26.6</AltitudeMeters>
            <DistanceMeters>10714.99</DistanceMeters>
            <HeartRateBpm><Value>140</Value></HeartRateBpm>
            <Cadence>166</Cadence>
          </Trackpoint>
          <Trackpoint>
            <Time>2026-03-07T14:42:06.000Z</Time>
            <Position>
              <LatitudeDegrees>37.3717555</LatitudeDegrees>
              <LongitudeDegrees>-121.8440281</LongitudeDegrees>
            </Position>
            <AltitudeMeters>26.5</AltitudeMeters>
            <DistanceMeters>10727.27</DistanceMeters>
            <HeartRateBpm><Value>140</Value></HeartRateBpm>
            <Cadence>166</Cadence>
          </Trackpoint>
          <Trackpoint>
            <Time>2026-03-07T14:42:11.000Z</Time>
            <Position>
              <LatitudeDegrees>37.3716773</LatitudeDegrees>
              <LongitudeDegrees>-121.8441266</LongitudeDegrees>
            </Position>
            <AltitudeMeters>26.5</AltitudeMeters>
            <DistanceMeters>10739.56</DistanceMeters>
            <HeartRateBpm><Value>140</Value></HeartRateBpm>
            <Cadence>166</Cadence>
          </Trackpoint>
          <Trackpoint>
            <Time>2026-03-07T14:42:16.000Z</Time>
            <Position>
              <LatitudeDegrees>37.3715991</LatitudeDegrees>
              <LongitudeDegrees>-121.8442251</LongitudeDegrees>
            </Position>
            <AltitudeMeters>26.4</AltitudeMeters>
            <DistanceMeters>10751.84</DistanceMeters>
            <HeartRateBpm><Value>140</Value></HeartRateBpm>
            <Cadence>166</Cadence>
          </Trackpoint>
          <Trackpoint>
            <Time>2026-03-07T14:42:21.000Z</Time>
            <Position>
              <LatitudeDegrees>37.3715209</LatitudeDegrees>
              <LongitudeDegrees>-121.8443236</LongitudeDegrees>
            </Position>
            <AltitudeMeters>26.4</AltitudeMeters>
            <DistanceMeters>10764.13</DistanceMeters>
            <HeartRateBpm><Value>140</Value></HeartRateBpm>
            <Cadence>166</Cadence>
          </Trackpoint>
          <Trackpoint>
            <Time>2026-03-07T14:42:26.000Z</Time>
            <Position>
              <LatitudeDegrees>37.3714427</LatitudeDegrees>
              <LongitudeDegrees>-121.8444221</LongitudeDegrees>
            </Position>
            <AltitudeMeters>26.3</AltitudeMeters>
            <DistanceMeters>10776.41</DistanceMeters>
            <HeartRateBpm><Value>140</Value></HeartRateBpm>
            <Cadence>166</Cadence>
          </Trackpoint>
          <Trackpoint>
            <Time>2026-03-07T14:42:31.000Z</Time>
            <Position>
              <LatitudeDegrees>37.3713646</LatitudeDegrees>
              <LongitudeDegrees>-121.8445206</LongitudeDegrees>
            </Position>
            <AltitudeMeters>26.2</AltitudeMeters>
            <DistanceMeters>10788.70</DistanceMeters>
            <HeartRateBpm><Value>140</Value></HeartRateBpm>
            <Cadence>166</Cadence>
          </Trackpoint>
          <Trackpoint>
            <Time>2026-03-07T14:42:36.000Z</Time>
            <Position>
              <LatitudeDegrees>37.3712864</LatitudeDegrees>
              <LongitudeDegrees>-121.8446190</LongitudeDegrees>
            </Position>
            <AltitudeMeters>26.2</AltitudeMeters>
            <DistanceMeters>10800.98</DistanceMeters>
            <HeartRateBpm><Value>140</Value></HeartRateBpm>
            <Cadence>166</Cadence>
          </Trackpoint>
          <Trackpoint>
            <Time>2026-03-07T14:42:41.000Z</Time>
            <Position>
              <LatitudeDegrees>37.3712082</LatitudeDegrees>
              <LongitudeDegrees>-121.8447175</LongitudeDegrees>
            </Position>
            <AltitudeMeters>26.1</AltitudeMeters>
            <DistanceMeters>10813.27</DistanceMeters>
            <HeartRateBpm><Value>140</Value></HeartRateBpm>
            <Cadence>166</Cadence>
          </Trackpoint>
          <Trackpoint>
            <Time>2026-03-07T14:42:46.000Z</Time>
            <Position>
              <LatitudeDegrees>37.3711300</LatitudeDegrees>
              <LongitudeDegrees>-121.8448160</LongitudeDegrees>
            </Position>
            <AltitudeMeters>26</AltitudeMeters>
            <DistanceMeters>10825.55</DistanceMeters>
            <HeartRateBpm><Value>140</Value></HeartRateBpm>
            <Cadence>166</Cadence>
          </Trackpoint>
          <Trackpoint>
            <Time>2026-03-07T14:42:51.000Z</Time>
            <Position>
              <LatitudeDegrees>37.3710518</LatitudeDegrees>
              <LongitudeDegrees>-121.8449145</LongitudeDegrees>
            </Position>
            <AltitudeMeters>26</AltitudeMeters>
            <DistanceMeters>10837.84</DistanceMeters>
            <HeartRateBpm><Value>140</Value></HeartRateBpm>
            <Cadence>166</Cadence>
          </Trackpoint>
          <Trackpoint>
            <Time>2026-03-07T14:42:56.000Z</Time>
            <Position>
              <LatitudeDegrees>37.3709737</LatitudeDegrees>
              <LongitudeDegrees>-121.8450130</LongitudeDegrees>
            </Position>
            <AltitudeMeters>25.9</AltitudeMeters>
            <DistanceMeters>10850.12</DistanceMeters>
            <HeartRateBpm><Value>140</Value></HeartRateBpm>
            <Cadence>166</Cadence>
          </Trackpoint>
          <Trackpoint>
            <Time>2026-03-07T14:43:01.000Z</Time>
            <Position>
              <LatitudeDegrees>37.3708955</LatitudeDegrees>
              <LongitudeDegrees>-121.8451115</LongitudeDegrees>
            </Position>
            <AltitudeMeters>25.8</AltitudeMeters>
            <DistanceMeters>10862.41</DistanceMeters>
            <HeartRateBpm><Value>140</Value></HeartRateBpm>
            <Cadence>166</Cadence>
          </Trackpoint>
          <Trackpoint>
            <Time>2026-03-07T14:43:06.000Z</Time>
            <Position>
              <LatitudeDegrees>37.3708173</LatitudeDegrees>
              <LongitudeDegrees>-121.8452100</LongitudeDegrees>
            </Position>
            <AltitudeMeters>25.8</AltitudeMeters>
            <DistanceMeters>10874.69</DistanceMeters>
            <HeartRateBpm><Value>140</Value></HeartRateBpm>
            <Cadence>166</Cadence>
          </Trackpoint>
          <Trackpoint>
            <Time>2026-03-07T14:43:11.000Z</Time>
            <Position>
              <LatitudeDegrees>37.3707391</LatitudeDegrees>
              <LongitudeDegrees>-121.8453085</LongitudeDegrees>
            </Position>
            <AltitudeMeters>25.7</AltitudeMeters>
            <DistanceMeters>10886.98</DistanceMeters>
            <HeartRateBpm><Value>140</Value></HeartRateBpm>
            <Cadence>166</Cadence>
          </Trackpoint>
          <Trackpoint>
            <Time>2026-03-07T14:43:16.000Z</Time>
            <Position>
              <LatitudeDegrees>37.3706609</LatitudeDegrees>
              <LongitudeDegrees>-121.8454070</LongitudeDegrees>
            </Position>
            <AltitudeMeters>25.6</AltitudeMeters>
            <DistanceMeters>10899.26</DistanceMeters>
            <HeartRateBpm><Value>140</Value></HeartRateBpm>
            <Cadence>166</Cadence>
          </Trackpoint>
          <Trackpoint>
            <Time>2026-03-07T14:43:21.000Z</Time>
            <Position>
              <LatitudeDegrees>37.3705827</LatitudeDegrees>
              <LongitudeDegrees>-121.8455055</LongitudeDegrees>
            </Position>
            <AltitudeMeters>25.5</AltitudeMeters>
            <DistanceMeters>10911.55</DistanceMeters>
            <HeartRateBpm><Value>140</Value></HeartRateBpm>
            <Cadence>166</Cadence>
          </Trackpoint>
          <Trackpoint>
            <Time>2026-03-07T14:43:26.000Z</Time>
            <Position>
              <LatitudeDegrees>37.3705046</LatitudeDegrees>
              <LongitudeDegrees>-121.8456039</LongitudeDegrees>
            </Position>
            <AltitudeMeters>25.5</AltitudeMeters>
            <DistanceMeters>10923.83</DistanceMeters>
            <HeartRateBpm><Value>140</Value></HeartRateBpm>
            <Cadence>166</Cadence>
          </Trackpoint>
          <Trackpoint>
            <Time>2026-03-07T14:43:31.000Z</Time>
            <Position>
              <LatitudeDegrees>37.3704264</LatitudeDegrees>
              <LongitudeDegrees>-121.8457024</LongitudeDegrees>
            </Position>
            <AltitudeMeters>25.4</AltitudeMeters>
            <DistanceMeters>10936.12</DistanceMeters>
            <HeartRateBpm><Value>140</Value></HeartRateBpm>
            <Cadence>166</Cadence>
          </Trackpoint>
          <Trackpoint>
            <Time>2026-03-07T14:43:36.000Z</Time>
            <Position>
              <LatitudeDegrees>37.3703482</LatitudeDegrees>
              <LongitudeDegrees>-121.8458009</LongitudeDegrees>
            </Position>
            <AltitudeMeters>25.3</AltitudeMeters>
            <DistanceMeters>10948.40</DistanceMeters>
            <HeartRateBpm><Value>140</Value></HeartRateBpm>
            <Cadence>166</Cadence>
          </Trackpoint>
          <Trackpoint>
            <Time>2026-03-07T14:43:41.000Z</Time>
            <Position>
              <LatitudeDegrees>37.3702700</LatitudeDegrees>
              <LongitudeDegrees>-121.8458994</LongitudeDegrees>
            </Position>
            <AltitudeMeters>25.2</AltitudeMeters>
            <DistanceMeters>10960.69</DistanceMeters>
            <HeartRateBpm><Value>140</Value></HeartRateBpm>
            <Cadence>166</Cadence>
          </Trackpoint>
          <Trackpoint>
            <Time>2026-03-07T14:43:46.000Z</Time>
            <Position>
              <LatitudeDegrees>37.3701918</LatitudeDegrees>
              <LongitudeDegrees>-121.8459979</LongitudeDegrees>
            </Position>
            <AltitudeMeters>25.2</AltitudeMeters>
            <DistanceMeters>10972.97</DistanceMeters>
            <HeartRateBpm><Value>140</Value></HeartRateBpm>
            <Cadence>166</Cadence>
          </Trackpoint>
          <Trackpoint>
            <Time>2026-03-07T14:43:51.000Z</Time>
            <Position>
              <LatitudeDegrees>37.3701137</LatitudeDegrees>
              <LongitudeDegrees>-121.8460964</LongitudeDegrees>
            </Position>
            <AltitudeMeters>25.1</AltitudeMeters>
            <DistanceMeters>10985.26</DistanceMeters>
            <HeartRateBpm><Value>140</Value></HeartRateBpm>
            <Cadence>166</Cadence>
          </Trackpoint>
          <Trackpoint>
            <Time>2026-03-07T14:43:56.000Z</Time>
            <Position>
              <LatitudeDegrees>37.3700355</LatitudeDegrees>
              <LongitudeDegrees>-121.8461949</LongitudeDegrees>
            </Position>
            <AltitudeMeters>25</AltitudeMeters>
            <DistanceMeters>10997.54</DistanceMeters>
            <HeartRateBpm><Value>140</Value></HeartRateBpm>
            <Cadence>166</Cadence>
          </Trackpoint>
          <Trackpoint>
            <Time>2026-03-07T14:44:01.000Z</Time>
            <Position>
              <LatitudeDegrees>37.3699573</LatitudeDegrees>
              <LongitudeDegrees>-121.8462934</LongitudeDegrees>
            </Position>
            <AltitudeMeters>24.9</AltitudeMeters>
            <DistanceMeters>11009.83</DistanceMeters>
            <HeartRateBpm><Value>140</Value></HeartRateBpm>
            <Cadence>166</Cadence>
          </Trackpoint>
          <Trackpoint>
            <Time>2026-03-07T14:44:06.000Z</Time>
            <Position>
              <LatitudeDegrees>37.3698791</LatitudeDegrees>
              <LongitudeDegrees>-121.8463919</LongitudeDegrees>
            </Position>
            <AltitudeMeters>24.9</AltitudeMeters>
            <DistanceMeters>11022.11</DistanceMeters>
            <HeartRateBpm><Value>140</Value></HeartRateBpm>
            <Cadence>166</Cadence>
          </Trackpoint>
          <Trackpoint>
            <Time>2026-03-07T14:44:11.000Z</Time>
            <Position>
              <LatitudeDegrees>37.3698009</LatitudeDegrees>
              <LongitudeDegrees>-121.8464904</LongitudeDegrees>
            </Position>
            <AltitudeMeters>24.8</AltitudeMeters>
            <DistanceMeters>11034.40</DistanceMeters>
            <HeartRateBpm><Value>140</Value></HeartRateBpm>
            <Cadence>166</Cadence>
          </Trackpoint>
          <Trackpoint>
            <Time>2026-03-07T14:44:16.000Z</Time>
            <Position>
              <LatitudeDegrees>37.3697227</LatitudeDegrees>
              <LongitudeDegrees>-121.8465888</LongitudeDegrees>
            </Position>
            <AltitudeMeters>24.7</AltitudeMeters>
            <DistanceMeters>11046.68</DistanceMeters>
            <HeartRateBpm><Value>140</Value></HeartRateBpm>
            <Cadence>166</Cadence>
          </Trackpoint>
          <Trackpoint>
            <Time>2026-03-07T14:44:21.000Z</Time>
            <Position>
              <LatitudeDegrees>37.3696446</LatitudeDegrees>
              <LongitudeDegrees>-121.8466873</LongitudeDegrees>
            </Position>
            <AltitudeMeters>24.6</AltitudeMeters>
            <DistanceMeters>11058.97</DistanceMeters>
            <HeartRateBpm><Value>140</Value></HeartRateBpm>
            <Cadence>166</Cadence>
          </Trackpoint>
          <Trackpoint>
            <Time>2026-03-07T14:44:26.000Z</Time>
            <Position>
              <LatitudeDegrees>37.3695664</LatitudeDegrees>
              <LongitudeDegrees>-121.8467858</LongitudeDegrees>
            </Position>
            <AltitudeMeters>24.6</AltitudeMeters>
            <DistanceMeters>11071.25</DistanceMeters>
            <HeartRateBpm><Value>140</Value></HeartRateBpm>
            <Cadence>166</Cadence>
          </Trackpoint>
          <Trackpoint>
            <Time>2026-03-07T14:44:31.000Z</Time>
            <Position>
              <LatitudeDegrees>37.3694882</LatitudeDegrees>
              <LongitudeDegrees>-121.8468843</LongitudeDegrees>
            </Position>
            <AltitudeMeters>24.5</AltitudeMeters>
            <DistanceMeters>11083.54</DistanceMeters>
            <HeartRateBpm><Value>140</Value></HeartRateBpm>
            <Cadence>166</Cadence>
          </Trackpoint>
          <Trackpoint>
            <Time>2026-03-07T14:44:36.000Z</Time>
            <Position>
              <LatitudeDegrees>37.3694100</LatitudeDegrees>
              <LongitudeDegrees>-121.8469828</LongitudeDegrees>
            </Position>
            <AltitudeMeters>24.4</AltitudeMeters>
            <DistanceMeters>11095.82</DistanceMeters>
            <HeartRateBpm><Value>140</Value></HeartRateBpm>
            <Cadence>166</Cadence>
          </Trackpoint>
          <Trackpoint>
            <Time>2026-03-07T14:44:41.000Z</Time>
            <Position>
              <LatitudeDegrees>37.3693318</LatitudeDegrees>
              <LongitudeDegrees>-121.8470813</LongitudeDegrees>
            </Position>
            <AltitudeMeters>24.3</AltitudeMeters>
            <DistanceMeters>11108.11</DistanceMeters>
            <HeartRateBpm><Value>140</Value></HeartRateBpm>
            <Cadence>166</Cadence>
          </Trackpoint>
          <Trackpoint>
            <Time>2026-03-07T14:44:46.000Z</Time>
            <Position>
              <LatitudeDegrees>37.3692537</LatitudeDegrees>
              <LongitudeDegrees>-121.8471798</LongitudeDegrees>
            </Position>
            <AltitudeMeters>24.3</AltitudeMeters>
            <DistanceMeters>11120.39</DistanceMeters>
            <HeartRateBpm><Value>140</Value></HeartRateBpm>
            <Cadence>166</Cadence>
          </Trackpoint>
          <Trackpoint>
            <Time>2026-03-07T14:44:51.000Z</Time>
            <Position>
              <LatitudeDegrees>37.3691755</LatitudeDegrees>
              <LongitudeDegrees>-121.8472783</LongitudeDegrees>
            </Position>
            <AltitudeMeters>24.2</AltitudeMeters>
            <DistanceMeters>11132.68</DistanceMeters>
            <HeartRateBpm><Value>140</Value></HeartRateBpm>
            <Cadence>166</Cadence>
          </Trackpoint>
          <Trackpoint>
            <Time>2026-03-07T14:44:56.000Z</Time>
            <Position>
              <LatitudeDegrees>37.3690973</LatitudeDegrees>
              <LongitudeDegrees>-121.8473768</LongitudeDegrees>
            </Position>
            <AltitudeMeters>24.1</AltitudeMeters>
            <DistanceMeters>11144.96</DistanceMeters>
            <HeartRateBpm><Value>140</Value></HeartRateBpm>
            <Cadence>166</Cadence>
          </Trackpoint>
          <Trackpoint>
            <Time>2026-03-07T14:45:01.000Z</Time>
            <Position>
              <LatitudeDegrees>37.3690191</LatitudeDegrees>
              <LongitudeDegrees>-121.8474753</LongitudeDegrees>
            </Position>
            <AltitudeMeters>24.1</AltitudeMeters>
            <DistanceMeters>11157.25</DistanceMeters>
            <HeartRateBpm><Value>140</Value></HeartRateBpm>
            <Cadence>166</Cadence>
          </Trackpoint>
          <Trackpoint>
            <Time>2026-03-07T14:45:06.000Z</Time>
            <Position>
              <LatitudeDegrees>37.3689409</LatitudeDegrees>
              <LongitudeDegrees>-121.8475737</LongitudeDegrees>
            </Position>
            <AltitudeMeters>24</AltitudeMeters>
            <DistanceMeters>11169.53</DistanceMeters>
            <HeartRateBpm><Value>140</Value></HeartRateBpm>
            <Cadence>166</Cadence>
          </Trackpoint>
          <Trackpoint>
            <Time>2026-03-07T14:45:11.000Z</Time>
            <Position>
              <LatitudeDegrees>37.3688628</LatitudeDegrees>
              <LongitudeDegrees>-121.8476722</LongitudeDegrees>
            </Position>
            <AltitudeMeters>23.9</AltitudeMeters>
            <DistanceMeters>11181.82</DistanceMeters>
            <HeartRateBpm><Value>140</Value></HeartRateBpm>
            <Cadence>166</Cadence>
          </Trackpoint>
          <Trackpoint>
            <Time>2026-03-07T14:45:16.000Z</Time>
            <Position>
              <LatitudeDegrees>37.3687846</LatitudeDegrees>
              <LongitudeDegrees>-121.8477707</LongitudeDegrees>
            </Position>
            <AltitudeMeters>23.9</AltitudeMeters>
            <DistanceMeters>11194.10</DistanceMeters>
            <HeartRateBpm><Value>140</Value></HeartRateBpm>
            <Cadence>166</Cadence>
          </Trackpoint>
          <Trackpoint>
            <Time>2026-03-07T14:45:21.000Z</Time>
            <Position>
              <LatitudeDegrees>37.3687064</LatitudeDegrees>
              <LongitudeDegrees>-121.8478692</LongitudeDegrees>
            </Position>
            <AltitudeMeters>23.8</AltitudeMeters>
            <DistanceMeters>11206.39</DistanceMeters>
            <HeartRateBpm><Value>140</Value></HeartRateBpm>
            <Cadence>166</Cadence>
          </Trackpoint>
          <Trackpoint>
            <Time>2026-03-07T14:45:26.000Z</Time>
            <Position>
              <LatitudeDegrees>37.3686282</LatitudeDegrees>
              <LongitudeDegrees>-121.8479677</LongitudeDegrees>
            </Position>
            <AltitudeMeters>23.7</AltitudeMeters>
            <DistanceMeters>11218.67</DistanceMeters>
            <HeartRateBpm><Value>140</Value></HeartRateBpm>
            <Cadence>166</Cadence>
          </Trackpoint>
          <Trackpoint>
            <Time>2026-03-07T14:45:31.000Z</Time>
            <Position>
              <LatitudeDegrees>37.3685500</LatitudeDegrees>
              <LongitudeDegrees>-121.8480662</LongitudeDegrees>
            </Position>
            <AltitudeMeters>23.7</AltitudeMeters>
            <DistanceMeters>11230.96</DistanceMeters>
            <HeartRateBpm><Value>140</Value></HeartRateBpm>
            <Cadence>166</Cadence>
          </Trackpoint>
          <Trackpoint>
            <Time>2026-03-07T14:45:36.000Z</Time>
            <Position>
              <LatitudeDegrees>37.3684718</LatitudeDegrees>
              <LongitudeDegrees>-121.8481647</LongitudeDegrees>
            </Position>
            <AltitudeMeters>23.6</AltitudeMeters>
            <DistanceMeters>11243.24</DistanceMeters>
            <HeartRateBpm><Value>140</Value></HeartRateBpm>
            <Cadence>166</Cadence>
          </Trackpoint>
          <Trackpoint>
            <Time>2026-03-07T14:45:41.000Z</Time>
            <Position>
              <LatitudeDegrees>37.3683937</LatitudeDegrees>
              <LongitudeDegrees>-121.8482632</LongitudeDegrees>
            </Position>
            <AltitudeMeters>23.6</AltitudeMeters>
            <DistanceMeters>11255.53</DistanceMeters>
            <HeartRateBpm><Value>140</Value></HeartRateBpm>
            <Cadence>166</Cadence>
          </Trackpoint>
          <Trackpoint>
            <Time>2026-03-07T14:45:46.000Z</Time>
            <Position>
              <LatitudeDegrees>37.3683155</LatitudeDegrees>
              <LongitudeDegrees>-121.8483617</LongitudeDegrees>
            </Position>
            <AltitudeMeters>23.5</AltitudeMeters>
            <DistanceMeters>11267.81</DistanceMeters>
            <HeartRateBpm><Value>140</Value></HeartRateBpm>
            <Cadence>166</Cadence>
          </Trackpoint>
          <Trackpoint>
            <Time>2026-03-07T14:45:51.000Z</Time>
            <Position>
              <LatitudeDegrees>37.3682373</LatitudeDegrees>
              <LongitudeDegrees>-121.8484602</LongitudeDegrees>
            </Position>
            <AltitudeMeters>23.5</AltitudeMeters>
            <DistanceMeters>11280.10</DistanceMeters>
            <HeartRateBpm><Value>140</Value></HeartRateBpm>
            <Cadence>166</Cadence>
          </Trackpoint>
          <Trackpoint>
            <Time>2026-03-07T14:45:56.000Z</Time>
            <Position>
              <LatitudeDegrees>37.3681591</LatitudeDegrees>
              <LongitudeDegrees>-121.8485586</LongitudeDegrees>
            </Position>
            <AltitudeMeters>23.4</AltitudeMeters>
            <DistanceMeters>11292.38</DistanceMeters>
            <HeartRateBpm><Value>140</Value></HeartRateBpm>
            <Cadence>166</Cadence>
          </Trackpoint>
          <Trackpoint>
            <Time>2026-03-07T14:46:01.000Z</Time>
            <Position>
              <LatitudeDegrees>37.3680809</LatitudeDegrees>
              <LongitudeDegrees>-121.8486571</LongitudeDegrees>
            </Position>
            <AltitudeMeters>23.4</AltitudeMeters>
            <DistanceMeters>11304.67</DistanceMeters>
            <HeartRateBpm><Value>140</Value></HeartRateBpm>
            <Cadence>166</Cadence>
          </Trackpoint>
          <Trackpoint>
            <Time>2026-03-07T14:46:06.000Z</Time>
            <Position>
              <LatitudeDegrees>37.3680028</LatitudeDegrees>
              <LongitudeDegrees>-121.8487556</LongitudeDegrees>
            </Position>
            <AltitudeMeters>23.3</AltitudeMeters>
            <DistanceMeters>11316.95</DistanceMeters>
            <HeartRateBpm><Value>140</Value></HeartRateBpm>
            <Cadence>166</Cadence>
          </Trackpoint>
          <Trackpoint>
            <Time>2026-03-07T14:46:11.000Z</Time>
            <Position>
              <LatitudeDegrees>37.3679246</LatitudeDegrees>
              <LongitudeDegrees>-121.8488541</LongitudeDegrees>
            </Position>
            <AltitudeMeters>23.3</AltitudeMeters>
            <DistanceMeters>11329.24</DistanceMeters>
            <HeartRateBpm><Value>140</Value></HeartRateBpm>
            <Cadence>166</Cadence>
          </Trackpoint>
          <Trackpoint>
            <Time>2026-03-07T14:46:16.000Z</Time>
            <Position>
              <LatitudeDegrees>37.3678464</LatitudeDegrees>
              <LongitudeDegrees>-121.8489526</LongitudeDegrees>
            </Position>
            <AltitudeMeters>23.2</AltitudeMeters>
            <DistanceMeters>11341.52</DistanceMeters>
            <HeartRateBpm><Value>140</Value></HeartRateBpm>
            <Cadence>166</Cadence>
          </Trackpoint>
          <Trackpoint>
            <Time>2026-03-07T14:46:21.000Z</Time>
            <Position>
              <LatitudeDegrees>37.3677682</LatitudeDegrees>
              <LongitudeDegrees>-121.8490511</LongitudeDegrees>
            </Position>
            <AltitudeMeters>23.2</AltitudeMeters>
            <DistanceMeters>11353.81</DistanceMeters>
            <HeartRateBpm><Value>140</Value></HeartRateBpm>
            <Cadence>166</Cadence>
          </Trackpoint>
          <Trackpoint>
            <Time>2026-03-07T14:46:26.000Z</Time>
            <Position>
              <LatitudeDegrees>37.3676900</LatitudeDegrees>
              <LongitudeDegrees>-121.8491496</LongitudeDegrees>
            </Position>
            <AltitudeMeters>23.2</AltitudeMeters>
            <DistanceMeters>11366.09</DistanceMeters>
            <HeartRateBpm><Value>140</Value></HeartRateBpm>
            <Cadence>166</Cadence>
          </Trackpoint>
          <Trackpoint>
            <Time>2026-03-07T14:46:31.000Z</Time>
            <Position>
              <LatitudeDegrees>37.3676118</LatitudeDegrees>
              <LongitudeDegrees>-121.8492481</LongitudeDegrees>
            </Position>
            <AltitudeMeters>23.1</AltitudeMeters>
            <DistanceMeters>11378.38</DistanceMeters>
            <HeartRateBpm><Value>140</Value></HeartRateBpm>
            <Cadence>166</Cadence>
          </Trackpoint>
          <Trackpoint>
            <Time>2026-03-07T14:46:36.000Z</Time>
            <Position>
              <LatitudeDegrees>37.3675337</LatitudeDegrees>
              <LongitudeDegrees>-121.8493466</LongitudeDegrees>
            </Position>
            <AltitudeMeters>23.1</AltitudeMeters>
            <DistanceMeters>11390.66</DistanceMeters>
            <HeartRateBpm><Value>140</Value></HeartRateBpm>
            <Cadence>166</Cadence>
          </Trackpoint>
          <Trackpoint>
            <Time>2026-03-07T14:46:41.000Z</Time>
            <Position>
              <LatitudeDegrees>37.3674555</LatitudeDegrees>
              <LongitudeDegrees>-121.8494451</LongitudeDegrees>
            </Position>
            <AltitudeMeters>23.1</AltitudeMeters>
            <DistanceMeters>11402.95</DistanceMeters>
            <HeartRateBpm><Value>140</Value></HeartRateBpm>
            <Cadence>166</Cadence>
          </Trackpoint>
          <Trackpoint>
            <Time>2026-03-07T14:46:46.000Z</Time>
            <Position>
              <LatitudeDegrees>37.3673773</LatitudeDegrees>
              <LongitudeDegrees>-121.8495435</LongitudeDegrees>
            </Position>
            <AltitudeMeters>23.1</AltitudeMeters>
            <DistanceMeters>11415.23</DistanceMeters>
            <HeartRateBpm><Value>140</Value></HeartRateBpm>
            <Cadence>166</Cadence>
          </Trackpoint>
          <Trackpoint>
            <Time>2026-03-07T14:46:51.000Z</Time>
            <Position>
              <LatitudeDegrees>37.3672991</LatitudeDegrees>
              <LongitudeDegrees>-121.8496420</LongitudeDegrees>
            </Position>
            <AltitudeMeters>23.1</AltitudeMeters>
            <DistanceMeters>11427.52</DistanceMeters>
            <HeartRateBpm><Value>140</Value></HeartRateBpm>
            <Cadence>166</Cadence>
          </Trackpoint>
          <Trackpoint>
            <Time>2026-03-07T14:46:56.000Z</Time>
            <Position>
              <LatitudeDegrees>37.3672209</LatitudeDegrees>
              <LongitudeDegrees>-121.8497405</LongitudeDegrees>
            </Position>
            <AltitudeMeters>23</AltitudeMeters>
            <DistanceMeters>11439.80</DistanceMeters>
            <HeartRateBpm><Value>140</Value></HeartRateBpm>
            <Cadence>166</Cadence>
          </Trackpoint>
          <Trackpoint>
            <Time>2026-03-07T14:47:01.000Z</Time>
            <Position>
              <LatitudeDegrees>37.3671428</LatitudeDegrees>
              <LongitudeDegrees>-121.8498390</LongitudeDegrees>
            </Position>
            <AltitudeMeters>23</AltitudeMeters>
            <DistanceMeters>11452.09</DistanceMeters>
            <HeartRateBpm><Value>140</Value></HeartRateBpm>
            <Cadence>166</Cadence>
          </Trackpoint>
          <Trackpoint>
            <Time>2026-03-07T14:47:06.000Z</Time>
            <Position>
              <LatitudeDegrees>37.3670646</LatitudeDegrees>
              <LongitudeDegrees>-121.8499375</LongitudeDegrees>
            </Position>
            <AltitudeMeters>23</AltitudeMeters>
            <DistanceMeters>11464.37</DistanceMeters>
            <HeartRateBpm><Value>140</Value></HeartRateBpm>
            <Cadence>166</Cadence>
          </Trackpoint>
          <Trackpoint>
            <Time>2026-03-07T14:47:11.000Z</Time>
            <Position>
              <LatitudeDegrees>37.3669864</LatitudeDegrees>
              <LongitudeDegrees>-121.8500360</LongitudeDegrees>
            </Position>
            <AltitudeMeters>23</AltitudeMeters>
            <DistanceMeters>11476.66</DistanceMeters>
            <HeartRateBpm><Value>140</Value></HeartRateBpm>
            <Cadence>166</Cadence>
          </Trackpoint>
          <Trackpoint>
            <Time>2026-03-07T14:47:16.000Z</Time>
            <Position>
              <LatitudeDegrees>37.3669082</LatitudeDegrees>
              <LongitudeDegrees>-121.8501345</LongitudeDegrees>
            </Position>
            <AltitudeMeters>23</AltitudeMeters>
            <DistanceMeters>11488.94</DistanceMeters>
            <HeartRateBpm><Value>140</Value></HeartRateBpm>
            <Cadence>166</Cadence>
          </Trackpoint>
          <Trackpoint>
            <Time>2026-03-07T14:47:21.000Z</Time>
            <Position>
              <LatitudeDegrees>37.3668300</LatitudeDegrees>
              <LongitudeDegrees>-121.8502330</LongitudeDegrees>
            </Position>
            <AltitudeMeters>23</AltitudeMeters>
            <DistanceMeters>11501.23</DistanceMeters>
            <HeartRateBpm><Value>140</Value></HeartRateBpm>
            <Cadence>166</Cadence>
          </Trackpoint>
          <Trackpoint>
            <Time>2026-03-07T14:47:26.000Z</Time>
            <Position>
              <LatitudeDegrees>37.3667519</LatitudeDegrees>
              <LongitudeDegrees>-121.8503315</LongitudeDegrees>
            </Position>
            <AltitudeMeters>23</AltitudeMeters>
            <DistanceMeters>11513.51</DistanceMeters>
            <HeartRateBpm><Value>140</Value></HeartRateBpm>
            <Cadence>166</Cadence>
          </Trackpoint>
          <Trackpoint>
            <Time>2026-03-07T14:47:31.000Z</Time>
            <Position>
              <LatitudeDegrees>37.3666737</LatitudeDegrees>
              <LongitudeDegrees>-121.8504300</LongitudeDegrees>
            </Position>
            <AltitudeMeters>23</AltitudeMeters>
            <DistanceMeters>11525.80</DistanceMeters>
            <HeartRateBpm><Value>140</Value></HeartRateBpm>
            <Cadence>166</Cadence>
          </Trackpoint>
          <Trackpoint>
            <Time>2026-03-07T14:47:36.000Z</Time>
            <Position>
              <LatitudeDegrees>37.3665955</LatitudeDegrees>
              <LongitudeDegrees>-121.8505284</LongitudeDegrees>
            </Position>
            <AltitudeMeters>23</AltitudeMeters>
            <DistanceMeters>11538.08</DistanceMeters>
            <HeartRateBpm><Value>140</Value></HeartRateBpm>
            <Cadence>166</Cadence>
          </Trackpoint>
          <Trackpoint>
            <Time>2026-03-07T14:47:41.000Z</Time>
            <Position>
              <LatitudeDegrees>37.3665173</LatitudeDegrees>
              <LongitudeDegrees>-121.8506269</LongitudeDegrees>
            </Position>
            <AltitudeMeters>23</AltitudeMeters>
            <DistanceMeters>11550.37</DistanceMeters>
            <HeartRateBpm><Value>140</Value></HeartRateBpm>
            <Cadence>166</Cadence>
          </Trackpoint>
          <Trackpoint>
            <Time>2026-03-07T14:47:46.000Z</Time>
            <Position>
              <LatitudeDegrees>37.3664391</LatitudeDegrees>
              <LongitudeDegrees>-121.8507254</LongitudeDegrees>
            </Position>
            <AltitudeMeters>23</AltitudeMeters>
            <DistanceMeters>11562.65</DistanceMeters>
            <HeartRateBpm><Value>140</Value></HeartRateBpm>
            <Cadence>166</Cadence>
          </Trackpoint>
          <Trackpoint>
            <Time>2026-03-07T14:47:51.000Z</Time>
            <Position>
              <LatitudeDegrees>37.3663609</LatitudeDegrees>
              <LongitudeDegrees>-121.8508239</LongitudeDegrees>
            </Position>
            <AltitudeMeters>23.1</AltitudeMeters>
            <DistanceMeters>11574.94</DistanceMeters>
            <HeartRateBpm><Value>140</Value></HeartRateBpm>
            <Cadence>166</Cadence>
          </Trackpoint>
          <Trackpoint>
            <Time>2026-03-07T14:47:56.000Z</Time>
            <Position>
              <LatitudeDegrees>37.3662828</LatitudeDegrees>
              <LongitudeDegrees>-121.8509224</LongitudeDegrees>
            </Position>
            <AltitudeMeters>23.1</AltitudeMeters>
            <DistanceMeters>11587.22</DistanceMeters>
            <HeartRateBpm><Value>140</Value></HeartRateBpm>
            <Cadence>166</Cadence>
          </Trackpoint>
          <Trackpoint>
            <Time>2026-03-07T14:48:01.000Z</Time>
            <Position>
              <LatitudeDegrees>37.3662046</LatitudeDegrees>
              <LongitudeDegrees>-121.8510209</LongitudeDegrees>
            </Position>
            <AltitudeMeters>23.1</AltitudeMeters>
            <DistanceMeters>11599.51</DistanceMeters>
            <HeartRateBpm><Value>140</Value></HeartRateBpm>
            <Cadence>166</Cadence>
          </Trackpoint>
          <Trackpoint>
            <Time>2026-03-07T14:48:06.000Z</Time>
            <Position>
              <LatitudeDegrees>37.3661264</LatitudeDegrees>
              <LongitudeDegrees>-121.8511194</LongitudeDegrees>
            </Position>
            <AltitudeMeters>23.1</AltitudeMeters>
            <DistanceMeters>11611.79</DistanceMeters>
            <HeartRateBpm><Value>140</Value></HeartRateBpm>
            <Cadence>166</Cadence>
          </Trackpoint>
          <Trackpoint>
            <Time>2026-03-07T14:48:11.000Z</Time>
            <Position>
              <LatitudeDegrees>37.3660482</LatitudeDegrees>
              <LongitudeDegrees>-121.8512179</LongitudeDegrees>
            </Position>
            <AltitudeMeters>23.2</AltitudeMeters>
            <DistanceMeters>11624.08</DistanceMeters>
            <HeartRateBpm><Value>140</Value></HeartRateBpm>
            <Cadence>166</Cadence>
          </Trackpoint>
          <Trackpoint>
            <Time>2026-03-07T14:48:16.000Z</Time>
            <Position>
              <LatitudeDegrees>37.3659700</LatitudeDegrees>
              <LongitudeDegrees>-121.8513164</LongitudeDegrees>
            </Position>
            <AltitudeMeters>23.2</AltitudeMeters>
            <DistanceMeters>11636.36</DistanceMeters>
            <HeartRateBpm><Value>140</Value></HeartRateBpm>
            <Cadence>166</Cadence>
          </Trackpoint>
          <Trackpoint>
            <Time>2026-03-07T14:48:21.000Z</Time>
            <Position>
              <LatitudeDegrees>37.3658919</LatitudeDegrees>
              <LongitudeDegrees>-121.8514149</LongitudeDegrees>
            </Position>
            <AltitudeMeters>23.2</AltitudeMeters>
            <DistanceMeters>11648.65</DistanceMeters>
            <HeartRateBpm><Value>140</Value></HeartRateBpm>
            <Cadence>166</Cadence>
          </Trackpoint>
          <Trackpoint>
            <Time>2026-03-07T14:48:26.000Z</Time>
            <Position>
              <LatitudeDegrees>37.3658137</LatitudeDegrees>
              <LongitudeDegrees>-121.8515133</LongitudeDegrees>
            </Position>
            <AltitudeMeters>23.3</AltitudeMeters>
            <DistanceMeters>11660.93</DistanceMeters>
            <HeartRateBpm><Value>140</Value></HeartRateBpm>
            <Cadence>166</Cadence>
          </Trackpoint>
          <Trackpoint>
            <Time>2026-03-07T14:48:31.000Z</Time>
            <Position>
              <LatitudeDegrees>37.3657355</LatitudeDegrees>
              <LongitudeDegrees>-121.8516118</LongitudeDegrees>
            </Position>
            <AltitudeMeters>23.3</AltitudeMeters>
            <DistanceMeters>11673.22</DistanceMeters>
            <HeartRateBpm><Value>140</Value></HeartRateBpm>
            <Cadence>166</Cadence>
          </Trackpoint>
          <Trackpoint>
            <Time>2026-03-07T14:48:36.000Z</Time>
            <Position>
              <LatitudeDegrees>37.3656573</LatitudeDegrees>
              <LongitudeDegrees>-121.8517103</LongitudeDegrees>
            </Position>
            <AltitudeMeters>23.3</AltitudeMeters>
            <DistanceMeters>11685.50</DistanceMeters>
            <HeartRateBpm><Value>140</Value></HeartRateBpm>
            <Cadence>166</Cadence>
          </Trackpoint>
          <Trackpoint>
            <Time>2026-03-07T14:48:41.000Z</Time>
            <Position>
              <LatitudeDegrees>37.3655791</LatitudeDegrees>
              <LongitudeDegrees>-121.8518088</LongitudeDegrees>
            </Position>
            <AltitudeMeters>23.4</AltitudeMeters>
            <DistanceMeters>11697.79</DistanceMeters>
            <HeartRateBpm><Value>140</Value></HeartRateBpm>
            <Cadence>166</Cadence>
          </Trackpoint>
          <Trackpoint>
            <Time>2026-03-07T14:48:46.000Z</Time>
            <Position>
              <LatitudeDegrees>37.3655010</LatitudeDegrees>
              <LongitudeDegrees>-121.8519073</LongitudeDegrees>
            </Position>
            <AltitudeMeters>23.4</AltitudeMeters>
            <DistanceMeters>11710.07</DistanceMeters>
            <HeartRateBpm><Value>140</Value></HeartRateBpm>
            <Cadence>166</Cadence>
          </Trackpoint>
          <Trackpoint>
            <Time>2026-03-07T14:48:51.000Z</Time>
            <Position>
              <LatitudeDegrees>37.3654228</LatitudeDegrees>
              <LongitudeDegrees>-121.8520058</LongitudeDegrees>
            </Position>
            <AltitudeMeters>23.5</AltitudeMeters>
            <DistanceMeters>11722.36</DistanceMeters>
            <HeartRateBpm><Value>140</Value></HeartRateBpm>
            <Cadence>166</Cadence>
          </Trackpoint>
          <Trackpoint>
            <Time>2026-03-07T14:48:56.000Z</Time>
            <Position>
              <LatitudeDegrees>37.3653446</LatitudeDegrees>
              <LongitudeDegrees>-121.8521043</LongitudeDegrees>
            </Position>
            <AltitudeMeters>23.5</AltitudeMeters>
            <DistanceMeters>11734.64</DistanceMeters>
            <HeartRateBpm><Value>140</Value></HeartRateBpm>
            <Cadence>166</Cadence>
          </Trackpoint>
          <Trackpoint>
            <Time>2026-03-07T14:49:01.000Z</Time>
            <Position>
              <LatitudeDegrees>37.3652664</LatitudeDegrees>
              <LongitudeDegrees>-121.8522028</LongitudeDegrees>
            </Position>
            <AltitudeMeters>23.6</AltitudeMeters>
            <DistanceMeters>11746.93</DistanceMeters>
            <HeartRateBpm><Value>140</Value></HeartRateBpm>
            <Cadence>166</Cadence>
          </Trackpoint>
          <Trackpoint>
            <Time>2026-03-07T14:49:06.000Z</Time>
            <Position>
              <LatitudeDegrees>37.3651882</LatitudeDegrees>
              <LongitudeDegrees>-121.8523013</LongitudeDegrees>
            </Position>
            <AltitudeMeters>23.6</AltitudeMeters>
            <DistanceMeters>11759.21</DistanceMeters>
            <HeartRateBpm><Value>140</Value></HeartRateBpm>
            <Cadence>166</Cadence>
          </Trackpoint>
          <Trackpoint>
            <Time>2026-03-07T14:49:11.000Z</Time>
            <Position>
              <LatitudeDegrees>37.3651100</LatitudeDegrees>
              <LongitudeDegrees>-121.8523998</LongitudeDegrees>
            </Position>
            <AltitudeMeters>23.7</AltitudeMeters>
            <DistanceMeters>11771.50</DistanceMeters>
            <HeartRateBpm><Value>140</Value></HeartRateBpm>
            <Cadence>166</Cadence>
          </Trackpoint>
          <Trackpoint>
            <Time>2026-03-07T14:49:16.000Z</Time>
            <Position>
              <LatitudeDegrees>37.3650319</LatitudeDegrees>
              <LongitudeDegrees>-121.8524982</LongitudeDegrees>
            </Position>
            <AltitudeMeters>23.7</AltitudeMeters>
            <DistanceMeters>11783.78</DistanceMeters>
            <HeartRateBpm><Value>140</Value></HeartRateBpm>
            <Cadence>166</Cadence>
          </Trackpoint>
          <Trackpoint>
            <Time>2026-03-07T14:49:21.000Z</Time>
            <Position>
              <LatitudeDegrees>37.3649537</LatitudeDegrees>
              <LongitudeDegrees>-121.8525967</LongitudeDegrees>
            </Position>
            <AltitudeMeters>23.8</AltitudeMeters>
            <DistanceMeters>11796.07</DistanceMeters>
            <HeartRateBpm><Value>140</Value></HeartRateBpm>
            <Cadence>166</Cadence>
          </Trackpoint>
          <Trackpoint>
            <Time>2026-03-07T14:49:26.000Z</Time>
            <Position>
              <LatitudeDegrees>37.3648755</LatitudeDegrees>
              <LongitudeDegrees>-121.8526952</LongitudeDegrees>
            </Position>
            <AltitudeMeters>23.9</AltitudeMeters>
            <DistanceMeters>11808.35</DistanceMeters>
            <HeartRateBpm><Value>140</Value></HeartRateBpm>
            <Cadence>166</Cadence>
          </Trackpoint>
          <Trackpoint>
            <Time>2026-03-07T14:49:31.000Z</Time>
            <Position>
              <LatitudeDegrees>37.3647973</LatitudeDegrees>
              <LongitudeDegrees>-121.8527937</LongitudeDegrees>
            </Position>
            <AltitudeMeters>23.9</AltitudeMeters>
            <DistanceMeters>11820.64</DistanceMeters>
            <HeartRateBpm><Value>140</Value></HeartRateBpm>
            <Cadence>166</Cadence>
          </Trackpoint>
          <Trackpoint>
            <Time>2026-03-07T14:49:36.000Z</Time>
            <Position>
              <LatitudeDegrees>37.3647191</LatitudeDegrees>
              <LongitudeDegrees>-121.8528922</LongitudeDegrees>
            </Position>
            <AltitudeMeters>24</AltitudeMeters>
            <DistanceMeters>11832.92</DistanceMeters>
            <HeartRateBpm><Value>140</Value></HeartRateBpm>
            <Cadence>166</Cadence>
          </Trackpoint>
          <Trackpoint>
            <Time>2026-03-07T14:49:41.000Z</Time>
            <Position>
              <LatitudeDegrees>37.3646410</LatitudeDegrees>
              <LongitudeDegrees>-121.8529907</LongitudeDegrees>
            </Position>
            <AltitudeMeters>24.1</AltitudeMeters>
            <DistanceMeters>11845.21</DistanceMeters>
            <HeartRateBpm><Value>140</Value></HeartRateBpm>
            <Cadence>166</Cadence>
          </Trackpoint>
          <Trackpoint>
            <Time>2026-03-07T14:49:46.000Z</Time>
            <Position>
              <LatitudeDegrees>37.3645628</LatitudeDegrees>
              <LongitudeDegrees>-121.8530892</LongitudeDegrees>
            </Position>
            <AltitudeMeters>24.1</AltitudeMeters>
            <DistanceMeters>11857.49</DistanceMeters>
            <HeartRateBpm><Value>140</Value></HeartRateBpm>
            <Cadence>166</Cadence>
          </Trackpoint>
          <Trackpoint>
            <Time>2026-03-07T14:49:51.000Z</Time>
            <Position>
              <LatitudeDegrees>37.3644846</LatitudeDegrees>
              <LongitudeDegrees>-121.8531877</LongitudeDegrees>
            </Position>
            <AltitudeMeters>24.2</AltitudeMeters>
            <DistanceMeters>11869.78</DistanceMeters>
            <HeartRateBpm><Value>140</Value></HeartRateBpm>
            <Cadence>166</Cadence>
          </Trackpoint>
          <Trackpoint>
            <Time>2026-03-07T14:49:56.000Z</Time>
            <Position>
              <LatitudeDegrees>37.3644064</LatitudeDegrees>
              <LongitudeDegrees>-121.8532862</LongitudeDegrees>
            </Position>
            <AltitudeMeters>24.3</AltitudeMeters>
            <DistanceMeters>11882.06</DistanceMeters>
            <HeartRateBpm><Value>140</Value></HeartRateBpm>
            <Cadence>166</Cadence>
          </Trackpoint>
          <Trackpoint>
            <Time>2026-03-07T14:50:01.000Z</Time>
            <Position>
              <LatitudeDegrees>37.3643282</LatitudeDegrees>
              <LongitudeDegrees>-121.8533847</LongitudeDegrees>
            </Position>
            <AltitudeMeters>24.3</AltitudeMeters>
            <DistanceMeters>11894.35</DistanceMeters>
            <HeartRateBpm><Value>140</Value></HeartRateBpm>
            <Cadence>166</Cadence>
          </Trackpoint>
          <Trackpoint>
            <Time>2026-03-07T14:50:06.000Z</Time>
            <Position>
              <LatitudeDegrees>37.3642500</LatitudeDegrees>
              <LongitudeDegrees>-121.8534831</LongitudeDegrees>
            </Position>
            <AltitudeMeters>24.4</AltitudeMeters>
            <DistanceMeters>11906.63</DistanceMeters>
            <HeartRateBpm><Value>140</Value></HeartRateBpm>
            <Cadence>166</Cadence>
          </Trackpoint>
          <Trackpoint>
            <Time>2026-03-07T14:50:11.000Z</Time>
            <Position>
              <LatitudeDegrees>37.3641719</LatitudeDegrees>
              <LongitudeDegrees>-121.8535816</LongitudeDegrees>
            </Position>
            <AltitudeMeters>24.5</AltitudeMeters>
            <DistanceMeters>11918.92</DistanceMeters>
            <HeartRateBpm><Value>140</Value></HeartRateBpm>
            <Cadence>166</Cadence>
          </Trackpoint>
          <Trackpoint>
            <Time>2026-03-07T14:50:16.000Z</Time>
            <Position>
              <LatitudeDegrees>37.3640937</LatitudeDegrees>
              <LongitudeDegrees>-121.8536801</LongitudeDegrees>
            </Position>
            <AltitudeMeters>24.6</AltitudeMeters>
            <DistanceMeters>11931.20</DistanceMeters>
            <HeartRateBpm><Value>140</Value></HeartRateBpm>
            <Cadence>166</Cadence>
          </Trackpoint>
          <Trackpoint>
            <Time>2026-03-07T14:50:21.000Z</Time>
            <Position>
              <LatitudeDegrees>37.3640155</LatitudeDegrees>
              <LongitudeDegrees>-121.8537786</LongitudeDegrees>
            </Position>
            <AltitudeMeters>24.6</AltitudeMeters>
            <DistanceMeters>11943.49</DistanceMeters>
            <HeartRateBpm><Value>140</Value></HeartRateBpm>
            <Cadence>166</Cadence>
          </Trackpoint>
          <Trackpoint>
            <Time>2026-03-07T14:50:26.000Z</Time>
            <Position>
              <LatitudeDegrees>37.3639373</LatitudeDegrees>
              <LongitudeDegrees>-121.8538771</LongitudeDegrees>
            </Position>
            <AltitudeMeters>24.7</AltitudeMeters>
            <DistanceMeters>11955.77</DistanceMeters>
            <HeartRateBpm><Value>140</Value></HeartRateBpm>
            <Cadence>166</Cadence>
          </Trackpoint>
          <Trackpoint>
            <Time>2026-03-07T14:50:31.000Z</Time>
            <Position>
              <LatitudeDegrees>37.3638591</LatitudeDegrees>
              <LongitudeDegrees>-121.8539756</LongitudeDegrees>
            </Position>
            <AltitudeMeters>24.8</AltitudeMeters>
            <DistanceMeters>11968.06</DistanceMeters>
            <HeartRateBpm><Value>140</Value></HeartRateBpm>
            <Cadence>166</Cadence>
          </Trackpoint>
          <Trackpoint>
            <Time>2026-03-07T14:50:36.000Z</Time>
            <Position>
              <LatitudeDegrees>37.3637810</LatitudeDegrees>
              <LongitudeDegrees>-121.8540741</LongitudeDegrees>
            </Position>
            <AltitudeMeters>24.9</AltitudeMeters>
            <DistanceMeters>11980.34</DistanceMeters>
            <HeartRateBpm><Value>140</Value></HeartRateBpm>
            <Cadence>166</Cadence>
          </Trackpoint>
          <Trackpoint>
            <Time>2026-03-07T14:50:41.000Z</Time>
            <Position>
              <LatitudeDegrees>37.3637028</LatitudeDegrees>
              <LongitudeDegrees>-121.8541726</LongitudeDegrees>
            </Position>
            <AltitudeMeters>25</AltitudeMeters>
            <DistanceMeters>11992.63</DistanceMeters>
            <HeartRateBpm><Value>140</Value></HeartRateBpm>
            <Cadence>166</Cadence>
          </Trackpoint>
          <Trackpoint>
            <Time>2026-03-07T14:50:46.000Z</Time>
            <Position>
              <LatitudeDegrees>37.3636246</LatitudeDegrees>
              <LongitudeDegrees>-121.8542711</LongitudeDegrees>
            </Position>
            <AltitudeMeters>25</AltitudeMeters>
            <DistanceMeters>12004.91</DistanceMeters>
            <HeartRateBpm><Value>140</Value></HeartRateBpm>
            <Cadence>166</Cadence>
          </Trackpoint>
          <Trackpoint>
            <Time>2026-03-07T14:50:51.000Z</Time>
            <Position>
              <LatitudeDegrees>37.3635464</LatitudeDegrees>
              <LongitudeDegrees>-121.8543696</LongitudeDegrees>
            </Position>
            <AltitudeMeters>25.1</AltitudeMeters>
            <DistanceMeters>12017.20</DistanceMeters>
            <HeartRateBpm><Value>140</Value></HeartRateBpm>
            <Cadence>166</Cadence>
          </Trackpoint>
          <Trackpoint>
            <Time>2026-03-07T14:50:56.000Z</Time>
            <Position>
              <LatitudeDegrees>37.3634682</LatitudeDegrees>
              <LongitudeDegrees>-121.8544680</LongitudeDegrees>
            </Position>
            <AltitudeMeters>25.2</AltitudeMeters>
            <DistanceMeters>12029.48</DistanceMeters>
            <HeartRateBpm><Value>140</Value></HeartRateBpm>
            <Cadence>166</Cadence>
          </Trackpoint>
          <Trackpoint>
            <Time>2026-03-07T14:51:01.000Z</Time>
            <Position>
              <LatitudeDegrees>37.3633901</LatitudeDegrees>
              <LongitudeDegrees>-121.8545665</LongitudeDegrees>
            </Position>
            <AltitudeMeters>25.3</AltitudeMeters>
            <DistanceMeters>12041.77</DistanceMeters>
            <HeartRateBpm><Value>140</Value></HeartRateBpm>
            <Cadence>166</Cadence>
          </Trackpoint>
          <Trackpoint>
            <Time>2026-03-07T14:51:06.000Z</Time>
            <Position>
              <LatitudeDegrees>37.3633119</LatitudeDegrees>
              <LongitudeDegrees>-121.8546650</LongitudeDegrees>
            </Position>
            <AltitudeMeters>25.3</AltitudeMeters>
            <DistanceMeters>12054.05</DistanceMeters>
            <HeartRateBpm><Value>140</Value></HeartRateBpm>
            <Cadence>166</Cadence>
          </Trackpoint>
          <Trackpoint>
            <Time>2026-03-07T14:51:11.000Z</Time>
            <Position>
              <LatitudeDegrees>37.3632337</LatitudeDegrees>
              <LongitudeDegrees>-121.8547635</LongitudeDegrees>
            </Position>
            <AltitudeMeters>25.4</AltitudeMeters>
            <DistanceMeters>12066.34</DistanceMeters>
            <HeartRateBpm><Value>140</Value></HeartRateBpm>
            <Cadence>166</Cadence>
          </Trackpoint>
          <Trackpoint>
            <Time>2026-03-07T14:51:16.000Z</Time>
            <Position>
              <LatitudeDegrees>37.3631555</LatitudeDegrees>
              <LongitudeDegrees>-121.8548620</LongitudeDegrees>
            </Position>
            <AltitudeMeters>25.5</AltitudeMeters>
            <DistanceMeters>12078.62</DistanceMeters>
            <HeartRateBpm><Value>140</Value></HeartRateBpm>
            <Cadence>166</Cadence>
          </Trackpoint>
          <Trackpoint>
            <Time>2026-03-07T14:51:21.000Z</Time>
            <Position>
              <LatitudeDegrees>37.3630773</LatitudeDegrees>
              <LongitudeDegrees>-121.8549605</LongitudeDegrees>
            </Position>
            <AltitudeMeters>25.6</AltitudeMeters>
            <DistanceMeters>12090.91</DistanceMeters>
            <HeartRateBpm><Value>140</Value></HeartRateBpm>
            <Cadence>166</Cadence>
          </Trackpoint>
          <Trackpoint>
            <Time>2026-03-07T14:51:26.000Z</Time>
            <Position>
              <LatitudeDegrees>37.3629991</LatitudeDegrees>
              <LongitudeDegrees>-121.8550590</LongitudeDegrees>
            </Position>
            <AltitudeMeters>25.6</AltitudeMeters>
            <DistanceMeters>12103.19</DistanceMeters>
            <HeartRateBpm><Value>140</Value></HeartRateBpm>
            <Cadence>166</Cadence>
          </Trackpoint>
          <Trackpoint>
            <Time>2026-03-07T14:51:31.000Z</Time>
            <Position>
              <LatitudeDegrees>37.3629210</LatitudeDegrees>
              <LongitudeDegrees>-121.8551575</LongitudeDegrees>
            </Position>
            <AltitudeMeters>25.7</AltitudeMeters>
            <DistanceMeters>12115.48</DistanceMeters>
            <HeartRateBpm><Value>140</Value></HeartRateBpm>
            <Cadence>166</Cadence>
          </Trackpoint>
          <Trackpoint>
            <Time>2026-03-07T14:51:36.000Z</Time>
            <Position>
              <LatitudeDegrees>37.3628428</LatitudeDegrees>
              <LongitudeDegrees>-121.8552560</LongitudeDegrees>
            </Position>
            <AltitudeMeters>25.8</AltitudeMeters>
            <DistanceMeters>12127.76</DistanceMeters>
            <HeartRateBpm><Value>140</Value></HeartRateBpm>
            <Cadence>166</Cadence>
          </Trackpoint>
          <Trackpoint>
            <Time>2026-03-07T14:51:41.000Z</Time>
            <Position>
              <LatitudeDegrees>37.3627646</LatitudeDegrees>
              <LongitudeDegrees>-121.8553545</LongitudeDegrees>
            </Position>
            <AltitudeMeters>25.9</AltitudeMeters>
            <DistanceMeters>12140.05</DistanceMeters>
            <HeartRateBpm><Value>140</Value></HeartRateBpm>
            <Cadence>166</Cadence>
          </Trackpoint>
          <Trackpoint>
            <Time>2026-03-07T14:51:46.000Z</Time>
            <Position>
              <LatitudeDegrees>37.3626864</LatitudeDegrees>
              <LongitudeDegrees>-121.8554529</LongitudeDegrees>
            </Position>
            <AltitudeMeters>25.9</AltitudeMeters>
            <DistanceMeters>12152.33</DistanceMeters>
            <HeartRateBpm><Value>140</Value></HeartRateBpm>
            <Cadence>166</Cadence>
          </Trackpoint>
          <Trackpoint>
            <Time>2026-03-07T14:51:51.000Z</Time>
            <Position>
              <LatitudeDegrees>37.3626082</LatitudeDegrees>
              <LongitudeDegrees>-121.8555514</LongitudeDegrees>
            </Position>
            <AltitudeMeters>26</AltitudeMeters>
            <DistanceMeters>12164.62</DistanceMeters>
            <HeartRateBpm><Value>140</Value></HeartRateBpm>
            <Cadence>166</Cadence>
          </Trackpoint>
          <Trackpoint>
            <Time>2026-03-07T14:51:56.000Z</Time>
            <Position>
              <LatitudeDegrees>37.3625301</LatitudeDegrees>
              <LongitudeDegrees>-121.8556499</LongitudeDegrees>
            </Position>
            <AltitudeMeters>26.1</AltitudeMeters>
            <DistanceMeters>12176.90</DistanceMeters>
            <HeartRateBpm><Value>140</Value></HeartRateBpm>
            <Cadence>166</Cadence>
          </Trackpoint>
          <Trackpoint>
            <Time>2026-03-07T14:52:01.000Z</Time>
            <Position>
              <LatitudeDegrees>37.3624519</LatitudeDegrees>
              <LongitudeDegrees>-121.8557484</LongitudeDegrees>
            </Position>
            <AltitudeMeters>26.1</AltitudeMeters>
            <DistanceMeters>12189.19</DistanceMeters>
            <HeartRateBpm><Value>140</Value></HeartRateBpm>
            <Cadence>166</Cadence>
          </Trackpoint>
          <Trackpoint>
            <Time>2026-03-07T14:52:06.000Z</Time>
            <Position>
              <LatitudeDegrees>37.3623737</LatitudeDegrees>
              <LongitudeDegrees>-121.8558469</LongitudeDegrees>
            </Position>
            <AltitudeMeters>26.2</AltitudeMeters>
            <DistanceMeters>12201.47</DistanceMeters>
            <HeartRateBpm><Value>140</Value></HeartRateBpm>
            <Cadence>166</Cadence>
          </Trackpoint>
          <Trackpoint>
            <Time>2026-03-07T14:52:11.000Z</Time>
            <Position>
              <LatitudeDegrees>37.3622955</LatitudeDegrees>
              <LongitudeDegrees>-121.8559454</LongitudeDegrees>
            </Position>
            <AltitudeMeters>26.2</AltitudeMeters>
            <DistanceMeters>12213.76</DistanceMeters>
            <HeartRateBpm><Value>140</Value></HeartRateBpm>
            <Cadence>166</Cadence>
          </Trackpoint>
          <Trackpoint>
            <Time>2026-03-07T14:52:16.000Z</Time>
            <Position>
              <LatitudeDegrees>37.3622173</LatitudeDegrees>
              <LongitudeDegrees>-121.8560439</LongitudeDegrees>
            </Position>
            <AltitudeMeters>26.3</AltitudeMeters>
            <DistanceMeters>12226.04</DistanceMeters>
            <HeartRateBpm><Value>140</Value></HeartRateBpm>
            <Cadence>166</Cadence>
          </Trackpoint>
          <Trackpoint>
            <Time>2026-03-07T14:52:21.000Z</Time>
            <Position>
              <LatitudeDegrees>37.3621392</LatitudeDegrees>
              <LongitudeDegrees>-121.8561424</LongitudeDegrees>
            </Position>
            <AltitudeMeters>26.4</AltitudeMeters>
            <DistanceMeters>12238.33</DistanceMeters>
            <HeartRateBpm><Value>140</Value></HeartRateBpm>
            <Cadence>166</Cadence>
          </Trackpoint>
          <Trackpoint>
            <Time>2026-03-07T14:52:26.000Z</Time>
            <Position>
              <LatitudeDegrees>37.3620610</LatitudeDegrees>
              <LongitudeDegrees>-121.8562409</LongitudeDegrees>
            </Position>
            <AltitudeMeters>26.4</AltitudeMeters>
            <DistanceMeters>12250.61</DistanceMeters>
            <HeartRateBpm><Value>140</Value></HeartRateBpm>
            <Cadence>166</Cadence>
          </Trackpoint>
          <Trackpoint>
            <Time>2026-03-07T14:52:31.000Z</Time>
            <Position>
              <LatitudeDegrees>37.3619828</LatitudeDegrees>
              <LongitudeDegrees>-121.8563394</LongitudeDegrees>
            </Position>
            <AltitudeMeters>26.5</AltitudeMeters>
            <DistanceMeters>12262.90</DistanceMeters>
            <HeartRateBpm><Value>140</Value></HeartRateBpm>
            <Cadence>166</Cadence>
          </Trackpoint>
          <Trackpoint>
            <Time>2026-03-07T14:52:36.000Z</Time>
            <Position>
              <LatitudeDegrees>37.3619046</LatitudeDegrees>
              <LongitudeDegrees>-121.8564378</LongitudeDegrees>
            </Position>
            <AltitudeMeters>26.5</AltitudeMeters>
            <DistanceMeters>12275.18</DistanceMeters>
            <HeartRateBpm><Value>140</Value></HeartRateBpm>
            <Cadence>166</Cadence>
          </Trackpoint>
          <Trackpoint>
            <Time>2026-03-07T14:52:41.000Z</Time>
            <Position>
              <LatitudeDegrees>37.3618264</LatitudeDegrees>
              <LongitudeDegrees>-121.8565363</LongitudeDegrees>
            </Position>
            <AltitudeMeters>26.6</AltitudeMeters>
            <DistanceMeters>12287.47</DistanceMeters>
            <HeartRateBpm><Value>140</Value></HeartRateBpm>
            <Cadence>166</Cadence>
          </Trackpoint>
          <Trackpoint>
            <Time>2026-03-07T14:52:46.000Z</Time>
            <Position>
              <LatitudeDegrees>37.3617482</LatitudeDegrees>
              <LongitudeDegrees>-121.8566348</LongitudeDegrees>
            </Position>
            <AltitudeMeters>26.6</AltitudeMeters>
            <DistanceMeters>12299.75</DistanceMeters>
            <HeartRateBpm><Value>140</Value></HeartRateBpm>
            <Cadence>166</Cadence>
          </Trackpoint>
          <Trackpoint>
            <Time>2026-03-07T14:52:51.000Z</Time>
            <Position>
              <LatitudeDegrees>37.3616701</LatitudeDegrees>
              <LongitudeDegrees>-121.8567333</LongitudeDegrees>
            </Position>
            <AltitudeMeters>26.7</AltitudeMeters>
            <DistanceMeters>12312.04</DistanceMeters>
            <HeartRateBpm><Value>140</Value></HeartRateBpm>
            <Cadence>166</Cadence>
          </Trackpoint>
          <Trackpoint>
            <Time>2026-03-07T14:52:56.000Z</Time>
            <Position>
              <LatitudeDegrees>37.3615919</LatitudeDegrees>
              <LongitudeDegrees>-121.8568318</LongitudeDegrees>
            </Position>
            <AltitudeMeters>26.7</AltitudeMeters>
            <DistanceMeters>12324.32</DistanceMeters>
            <HeartRateBpm><Value>140</Value></HeartRateBpm>
            <Cadence>166</Cadence>
          </Trackpoint>
          <Trackpoint>
            <Time>2026-03-07T14:53:01.000Z</Time>
            <Position>
              <LatitudeDegrees>37.3615137</LatitudeDegrees>
              <LongitudeDegrees>-121.8569303</LongitudeDegrees>
            </Position>
            <AltitudeMeters>26.7</AltitudeMeters>
            <DistanceMeters>12336.61</DistanceMeters>
            <HeartRateBpm><Value>140</Value></HeartRateBpm>
            <Cadence>166</Cadence>
          </Trackpoint>
          <Trackpoint>
            <Time>2026-03-07T14:53:06.000Z</Time>
            <Position>
              <LatitudeDegrees>37.3614355</LatitudeDegrees>
              <LongitudeDegrees>-121.8570288</LongitudeDegrees>
            </Position>
            <AltitudeMeters>26.8</AltitudeMeters>
            <DistanceMeters>12348.89</DistanceMeters>
            <HeartRateBpm><Value>140</Value></HeartRateBpm>
            <Cadence>166</Cadence>
          </Trackpoint>
          <Trackpoint>
            <Time>2026-03-07T14:53:11.000Z</Time>
            <Position>
              <LatitudeDegrees>37.3613573</LatitudeDegrees>
              <LongitudeDegrees>-121.8571273</LongitudeDegrees>
            </Position>
            <AltitudeMeters>26.8</AltitudeMeters>
            <DistanceMeters>12361.18</DistanceMeters>
            <HeartRateBpm><Value>140</Value></HeartRateBpm>
            <Cadence>166</Cadence>
          </Trackpoint>
          <Trackpoint>
            <Time>2026-03-07T14:53:16.000Z</Time>
            <Position>
              <LatitudeDegrees>37.3612792</LatitudeDegrees>
              <LongitudeDegrees>-121.8572258</LongitudeDegrees>
            </Position>
            <AltitudeMeters>26.8</AltitudeMeters>
            <DistanceMeters>12373.46</DistanceMeters>
            <HeartRateBpm><Value>140</Value></HeartRateBpm>
            <Cadence>166</Cadence>
          </Trackpoint>
          <Trackpoint>
            <Time>2026-03-07T14:53:21.000Z</Time>
            <Position>
              <LatitudeDegrees>37.3612010</LatitudeDegrees>
              <LongitudeDegrees>-121.8573243</LongitudeDegrees>
            </Position>
            <AltitudeMeters>26.9</AltitudeMeters>
            <DistanceMeters>12385.75</DistanceMeters>
            <HeartRateBpm><Value>140</Value></HeartRateBpm>
            <Cadence>166</Cadence>
          </Trackpoint>
          <Trackpoint>
            <Time>2026-03-07T14:53:26.000Z</Time>
            <Position>
              <LatitudeDegrees>37.3611228</LatitudeDegrees>
              <LongitudeDegrees>-121.8574227</LongitudeDegrees>
            </Position>
            <AltitudeMeters>26.9</AltitudeMeters>
            <DistanceMeters>12398.03</DistanceMeters>
            <HeartRateBpm><Value>140</Value></HeartRateBpm>
            <Cadence>166</Cadence>
          </Trackpoint>
          <Trackpoint>
            <Time>2026-03-07T14:53:31.000Z</Time>
            <Position>
              <LatitudeDegrees>37.3610446</LatitudeDegrees>
              <LongitudeDegrees>-121.8575212</LongitudeDegrees>
            </Position>
            <AltitudeMeters>26.9</AltitudeMeters>
            <DistanceMeters>12410.32</DistanceMeters>
            <HeartRateBpm><Value>140</Value></HeartRateBpm>
            <Cadence>166</Cadence>
          </Trackpoint>
          <Trackpoint>
            <Time>2026-03-07T14:53:36.000Z</Time>
            <Position>
              <LatitudeDegrees>37.3609664</LatitudeDegrees>
              <LongitudeDegrees>-121.8576197</LongitudeDegrees>
            </Position>
            <AltitudeMeters>26.9</AltitudeMeters>
            <DistanceMeters>12422.60</DistanceMeters>
            <HeartRateBpm><Value>140</Value></HeartRateBpm>
            <Cadence>166</Cadence>
          </Trackpoint>
          <Trackpoint>
            <Time>2026-03-07T14:53:41.000Z</Time>
            <Position>
              <LatitudeDegrees>37.3608882</LatitudeDegrees>
              <LongitudeDegrees>-121.8577182</LongitudeDegrees>
            </Position>
            <AltitudeMeters>27</AltitudeMeters>
            <DistanceMeters>12434.89</DistanceMeters>
            <HeartRateBpm><Value>140</Value></HeartRateBpm>
            <Cadence>166</Cadence>
          </Trackpoint>
          <Trackpoint>
            <Time>2026-03-07T14:53:46.000Z</Time>
            <Position>
              <LatitudeDegrees>37.3608101</LatitudeDegrees>
              <LongitudeDegrees>-121.8578167</LongitudeDegrees>
            </Position>
            <AltitudeMeters>27</AltitudeMeters>
            <DistanceMeters>12447.17</DistanceMeters>
            <HeartRateBpm><Value>140</Value></HeartRateBpm>
            <Cadence>166</Cadence>
          </Trackpoint>
          <Trackpoint>
            <Time>2026-03-07T14:53:51.000Z</Time>
            <Position>
              <LatitudeDegrees>37.3607319</LatitudeDegrees>
              <LongitudeDegrees>-121.8579152</LongitudeDegrees>
            </Position>
            <AltitudeMeters>27</AltitudeMeters>
            <DistanceMeters>12459.46</DistanceMeters>
            <HeartRateBpm><Value>140</Value></HeartRateBpm>
            <Cadence>166</Cadence>
          </Trackpoint>
          <Trackpoint>
            <Time>2026-03-07T14:53:56.000Z</Time>
            <Position>
              <LatitudeDegrees>37.3606537</LatitudeDegrees>
              <LongitudeDegrees>-121.8580137</LongitudeDegrees>
            </Position>
            <AltitudeMeters>27</AltitudeMeters>
            <DistanceMeters>12471.74</DistanceMeters>
            <HeartRateBpm><Value>140</Value></HeartRateBpm>
            <Cadence>166</Cadence>
          </Trackpoint>
          <Trackpoint>
            <Time>2026-03-07T14:54:01.000Z</Time>
            <Position>
              <LatitudeDegrees>37.3605755</LatitudeDegrees>
              <LongitudeDegrees>-121.8581122</LongitudeDegrees>
            </Position>
            <AltitudeMeters>27</AltitudeMeters>
            <DistanceMeters>12484.03</DistanceMeters>
            <HeartRateBpm><Value>140</Value></HeartRateBpm>
            <Cadence>166</Cadence>
          </Trackpoint>
          <Trackpoint>
            <Time>2026-03-07T14:54:06.000Z</Time>
            <Position>
              <LatitudeDegrees>37.3604973</LatitudeDegrees>
              <LongitudeDegrees>-121.8582107</LongitudeDegrees>
            </Position>
            <AltitudeMeters>27</AltitudeMeters>
            <DistanceMeters>12496.31</DistanceMeters>
            <HeartRateBpm><Value>140</Value></HeartRateBpm>
            <Cadence>166</Cadence>
          </Trackpoint>
          <Trackpoint>
            <Time>2026-03-07T14:54:11.000Z</Time>
            <Position>
              <LatitudeDegrees>37.3604192</LatitudeDegrees>
              <LongitudeDegrees>-121.8583092</LongitudeDegrees>
            </Position>
            <AltitudeMeters>27</AltitudeMeters>
            <DistanceMeters>12508.60</DistanceMeters>
            <HeartRateBpm><Value>140</Value></HeartRateBpm>
            <Cadence>166</Cadence>
          </Trackpoint>
          <Trackpoint>
            <Time>2026-03-07T14:54:16.000Z</Time>
            <Position>
              <LatitudeDegrees>37.3603410</LatitudeDegrees>
              <LongitudeDegrees>-121.8584076</LongitudeDegrees>
            </Position>
            <AltitudeMeters>27</AltitudeMeters>
            <DistanceMeters>12520.88</DistanceMeters>
            <HeartRateBpm><Value>140</Value></HeartRateBpm>
            <Cadence>166</Cadence>
          </Trackpoint>
          <Trackpoint>
            <Time>2026-03-07T14:54:21.000Z</Time>
            <Position>
              <LatitudeDegrees>37.3602628</LatitudeDegrees>
              <LongitudeDegrees>-121.8585061</LongitudeDegrees>
            </Position>
            <AltitudeMeters>27</AltitudeMeters>
            <DistanceMeters>12533.17</DistanceMeters>
            <HeartRateBpm><Value>140</Value></HeartRateBpm>
            <Cadence>166</Cadence>
          </Trackpoint>
          <Trackpoint>
            <Time>2026-03-07T14:54:26.000Z</Time>
            <Position>
              <LatitudeDegrees>37.3601846</LatitudeDegrees>
              <LongitudeDegrees>-121.8586046</LongitudeDegrees>
            </Position>
            <AltitudeMeters>27</AltitudeMeters>
            <DistanceMeters>12545.45</DistanceMeters>
            <HeartRateBpm><Value>140</Value></HeartRateBpm>
            <Cadence>166</Cadence>
          </Trackpoint>
          <Trackpoint>
            <Time>2026-03-07T14:54:31.000Z</Time>
            <Position>
              <LatitudeDegrees>37.3601064</LatitudeDegrees>
              <LongitudeDegrees>-121.8587031</LongitudeDegrees>
            </Position>
            <AltitudeMeters>27</AltitudeMeters>
            <DistanceMeters>12557.74</DistanceMeters>
            <HeartRateBpm><Value>140</Value></HeartRateBpm>
            <Cadence>166</Cadence>
          </Trackpoint>
          <Trackpoint>
            <Time>2026-03-07T14:54:36.000Z</Time>
            <Position>
              <LatitudeDegrees>37.3600283</LatitudeDegrees>
              <LongitudeDegrees>-121.8588016</LongitudeDegrees>
            </Position>
            <AltitudeMeters>27</AltitudeMeters>
            <DistanceMeters>12570.02</DistanceMeters>
            <HeartRateBpm><Value>140</Value></HeartRateBpm>
            <Cadence>166</Cadence>
          </Trackpoint>
          <Trackpoint>
            <Time>2026-03-07T14:54:41.000Z</Time>
            <Position>
              <LatitudeDegrees>37.3599501</LatitudeDegrees>
              <LongitudeDegrees>-121.8589001</LongitudeDegrees>
            </Position>
            <AltitudeMeters>26.9</AltitudeMeters>
            <DistanceMeters>12582.31</DistanceMeters>
            <HeartRateBpm><Value>140</Value></HeartRateBpm>
            <Cadence>166</Cadence>
          </Trackpoint>
          <Trackpoint>
            <Time>2026-03-07T14:54:46.000Z</Time>
            <Position>
              <LatitudeDegrees>37.3598719</LatitudeDegrees>
              <LongitudeDegrees>-121.8589986</LongitudeDegrees>
            </Position>
            <AltitudeMeters>26.9</AltitudeMeters>
            <DistanceMeters>12594.59</DistanceMeters>
            <HeartRateBpm><Value>140</Value></HeartRateBpm>
            <Cadence>166</Cadence>
          </Trackpoint>
          <Trackpoint>
            <Time>2026-03-07T14:54:51.000Z</Time>
            <Position>
              <LatitudeDegrees>37.3597937</LatitudeDegrees>
              <LongitudeDegrees>-121.8590971</LongitudeDegrees>
            </Position>
            <AltitudeMeters>26.9</AltitudeMeters>
            <DistanceMeters>12606.88</DistanceMeters>
            <HeartRateBpm><Value>140</Value></HeartRateBpm>
            <Cadence>166</Cadence>
          </Trackpoint>
          <Trackpoint>
            <Time>2026-03-07T14:54:56.000Z</Time>
            <Position>
              <LatitudeDegrees>37.3597155</LatitudeDegrees>
              <LongitudeDegrees>-121.8591956</LongitudeDegrees>
            </Position>
            <AltitudeMeters>26.9</AltitudeMeters>
            <DistanceMeters>12619.16</DistanceMeters>
            <HeartRateBpm><Value>140</Value></HeartRateBpm>
            <Cadence>166</Cadence>
          </Trackpoint>
          <Trackpoint>
            <Time>2026-03-07T14:55:01.000Z</Time>
            <Position>
              <LatitudeDegrees>37.3596373</LatitudeDegrees>
              <LongitudeDegrees>-121.8592940</LongitudeDegrees>
            </Position>
            <AltitudeMeters>26.8</AltitudeMeters>
            <DistanceMeters>12631.45</DistanceMeters>
            <HeartRateBpm><Value>140</Value></HeartRateBpm>
            <Cadence>166</Cadence>
          </Trackpoint>
          <Trackpoint>
            <Time>2026-03-07T14:55:06.000Z</Time>
            <Position>
              <LatitudeDegrees>37.3595592</LatitudeDegrees>
              <LongitudeDegrees>-121.8593925</LongitudeDegrees>
            </Position>
            <AltitudeMeters>26.8</AltitudeMeters>
            <DistanceMeters>12643.73</DistanceMeters>
            <HeartRateBpm><Value>140</Value></HeartRateBpm>
            <Cadence>166</Cadence>
          </Trackpoint>
          <Trackpoint>
            <Time>2026-03-07T14:55:11.000Z</Time>
            <Position>
              <LatitudeDegrees>37.3594810</LatitudeDegrees>
              <LongitudeDegrees>-121.8594910</LongitudeDegrees>
            </Position>
            <AltitudeMeters>26.8</AltitudeMeters>
            <DistanceMeters>12656.02</DistanceMeters>
            <HeartRateBpm><Value>140</Value></HeartRateBpm>
            <Cadence>166</Cadence>
          </Trackpoint>
          <Trackpoint>
            <Time>2026-03-07T14:55:16.000Z</Time>
            <Position>
              <LatitudeDegrees>37.3594028</LatitudeDegrees>
              <LongitudeDegrees>-121.8595895</LongitudeDegrees>
            </Position>
            <AltitudeMeters>26.7</AltitudeMeters>
            <DistanceMeters>12668.30</DistanceMeters>
            <HeartRateBpm><Value>140</Value></HeartRateBpm>
            <Cadence>166</Cadence>
          </Trackpoint>
          <Trackpoint>
            <Time>2026-03-07T14:55:21.000Z</Time>
            <Position>
              <LatitudeDegrees>37.3593246</LatitudeDegrees>
              <LongitudeDegrees>-121.8596880</LongitudeDegrees>
            </Position>
            <AltitudeMeters>26.7</AltitudeMeters>
            <DistanceMeters>12680.59</DistanceMeters>
            <HeartRateBpm><Value>140</Value></HeartRateBpm>
            <Cadence>166</Cadence>
          </Trackpoint>
          <Trackpoint>
            <Time>2026-03-07T14:55:26.000Z</Time>
            <Position>
              <LatitudeDegrees>37.3592464</LatitudeDegrees>
              <LongitudeDegrees>-121.8597865</LongitudeDegrees>
            </Position>
            <AltitudeMeters>26.6</AltitudeMeters>
            <DistanceMeters>12692.87</DistanceMeters>
            <HeartRateBpm><Value>140</Value></HeartRateBpm>
            <Cadence>166</Cadence>
          </Trackpoint>
          <Trackpoint>
            <Time>2026-03-07T14:55:31.000Z</Time>
            <Position>
              <LatitudeDegrees>37.3591683</LatitudeDegrees>
              <LongitudeDegrees>-121.8598850</LongitudeDegrees>
            </Position>
            <AltitudeMeters>26.6</AltitudeMeters>
            <DistanceMeters>12705.16</DistanceMeters>
            <HeartRateBpm><Value>140</Value></HeartRateBpm>
            <Cadence>166</Cadence>
          </Trackpoint>
          <Trackpoint>
            <Time>2026-03-07T14:55:36.000Z</Time>
            <Position>
              <LatitudeDegrees>37.3590901</LatitudeDegrees>
              <LongitudeDegrees>-121.8599835</LongitudeDegrees>
            </Position>
            <AltitudeMeters>26.6</AltitudeMeters>
            <DistanceMeters>12717.44</DistanceMeters>
            <HeartRateBpm><Value>140</Value></HeartRateBpm>
            <Cadence>166</Cadence>
          </Trackpoint>
          <Trackpoint>
            <Time>2026-03-07T14:55:41.000Z</Time>
            <Position>
              <LatitudeDegrees>37.3590119</LatitudeDegrees>
              <LongitudeDegrees>-121.8600820</LongitudeDegrees>
            </Position>
            <AltitudeMeters>26.5</AltitudeMeters>
            <DistanceMeters>12729.73</DistanceMeters>
            <HeartRateBpm><Value>140</Value></HeartRateBpm>
            <Cadence>166</Cadence>
          </Trackpoint>
          <Trackpoint>
            <Time>2026-03-07T14:55:46.000Z</Time>
            <Position>
              <LatitudeDegrees>37.3589337</LatitudeDegrees>
              <LongitudeDegrees>-121.8601805</LongitudeDegrees>
            </Position>
            <AltitudeMeters>26.4</AltitudeMeters>
            <DistanceMeters>12742.01</DistanceMeters>
            <HeartRateBpm><Value>140</Value></HeartRateBpm>
            <Cadence>166</Cadence>
          </Trackpoint>
          <Trackpoint>
            <Time>2026-03-07T14:55:51.000Z</Time>
            <Position>
              <LatitudeDegrees>37.3588555</LatitudeDegrees>
              <LongitudeDegrees>-121.8602789</LongitudeDegrees>
            </Position>
            <AltitudeMeters>26.4</AltitudeMeters>
            <DistanceMeters>12754.30</DistanceMeters>
            <HeartRateBpm><Value>140</Value></HeartRateBpm>
            <Cadence>166</Cadence>
          </Trackpoint>
          <Trackpoint>
            <Time>2026-03-07T14:55:56.000Z</Time>
            <Position>
              <LatitudeDegrees>37.3587773</LatitudeDegrees>
              <LongitudeDegrees>-121.8603774</LongitudeDegrees>
            </Position>
            <AltitudeMeters>26.3</AltitudeMeters>
            <DistanceMeters>12766.58</DistanceMeters>
            <HeartRateBpm><Value>140</Value></HeartRateBpm>
            <Cadence>166</Cadence>
          </Trackpoint>
          <Trackpoint>
            <Time>2026-03-07T14:56:01.000Z</Time>
            <Position>
              <LatitudeDegrees>37.3586992</LatitudeDegrees>
              <LongitudeDegrees>-121.8604759</LongitudeDegrees>
            </Position>
            <AltitudeMeters>26.3</AltitudeMeters>
            <DistanceMeters>12778.87</DistanceMeters>
            <HeartRateBpm><Value>140</Value></HeartRateBpm>
            <Cadence>166</Cadence>
          </Trackpoint>
          <Trackpoint>
            <Time>2026-03-07T14:56:06.000Z</Time>
            <Position>
              <LatitudeDegrees>37.3586210</LatitudeDegrees>
              <LongitudeDegrees>-121.8605744</LongitudeDegrees>
            </Position>
            <AltitudeMeters>26.2</AltitudeMeters>
            <DistanceMeters>12791.15</DistanceMeters>
            <HeartRateBpm><Value>140</Value></HeartRateBpm>
            <Cadence>166</Cadence>
          </Trackpoint>
          <Trackpoint>
            <Time>2026-03-07T14:56:11.000Z</Time>
            <Position>
              <LatitudeDegrees>37.3585428</LatitudeDegrees>
              <LongitudeDegrees>-121.8606729</LongitudeDegrees>
            </Position>
            <AltitudeMeters>26.2</AltitudeMeters>
            <DistanceMeters>12803.44</DistanceMeters>
            <HeartRateBpm><Value>140</Value></HeartRateBpm>
            <Cadence>166</Cadence>
          </Trackpoint>
          <Trackpoint>
            <Time>2026-03-07T14:56:16.000Z</Time>
            <Position>
              <LatitudeDegrees>37.3584646</LatitudeDegrees>
              <LongitudeDegrees>-121.8607714</LongitudeDegrees>
            </Position>
            <AltitudeMeters>26.1</AltitudeMeters>
            <DistanceMeters>12815.72</DistanceMeters>
            <HeartRateBpm><Value>140</Value></HeartRateBpm>
            <Cadence>166</Cadence>
          </Trackpoint>
          <Trackpoint>
            <Time>2026-03-07T14:56:21.000Z</Time>
            <Position>
              <LatitudeDegrees>37.3583864</LatitudeDegrees>
              <LongitudeDegrees>-121.8608699</LongitudeDegrees>
            </Position>
            <AltitudeMeters>26</AltitudeMeters>
            <DistanceMeters>12828.01</DistanceMeters>
            <HeartRateBpm><Value>140</Value></HeartRateBpm>
            <Cadence>166</Cadence>
          </Trackpoint>
          <Trackpoint>
            <Time>2026-03-07T14:56:26.000Z</Time>
            <Position>
              <LatitudeDegrees>37.3583083</LatitudeDegrees>
              <LongitudeDegrees>-121.8609684</LongitudeDegrees>
            </Position>
            <AltitudeMeters>26</AltitudeMeters>
            <DistanceMeters>12840.29</DistanceMeters>
            <HeartRateBpm><Value>140</Value></HeartRateBpm>
            <Cadence>166</Cadence>
          </Trackpoint>
          <Trackpoint>
            <Time>2026-03-07T14:56:31.000Z</Time>
            <Position>
              <LatitudeDegrees>37.3582301</LatitudeDegrees>
              <LongitudeDegrees>-121.8610669</LongitudeDegrees>
            </Position>
            <AltitudeMeters>25.9</AltitudeMeters>
            <DistanceMeters>12852.58</DistanceMeters>
            <HeartRateBpm><Value>140</Value></HeartRateBpm>
            <Cadence>166</Cadence>
          </Trackpoint>
          <Trackpoint>
            <Time>2026-03-07T14:56:36.000Z</Time>
            <Position>
              <LatitudeDegrees>37.3581519</LatitudeDegrees>
              <LongitudeDegrees>-121.8611654</LongitudeDegrees>
            </Position>
            <AltitudeMeters>25.8</AltitudeMeters>
            <DistanceMeters>12864.86</DistanceMeters>
            <HeartRateBpm><Value>140</Value></HeartRateBpm>
            <Cadence>166</Cadence>
          </Trackpoint>
          <Trackpoint>
            <Time>2026-03-07T14:56:41.000Z</Time>
            <Position>
              <LatitudeDegrees>37.3580737</LatitudeDegrees>
              <LongitudeDegrees>-121.8612638</LongitudeDegrees>
            </Position>
            <AltitudeMeters>25.8</AltitudeMeters>
            <DistanceMeters>12877.15</DistanceMeters>
            <HeartRateBpm><Value>140</Value></HeartRateBpm>
            <Cadence>166</Cadence>
          </Trackpoint>
          <Trackpoint>
            <Time>2026-03-07T14:56:46.000Z</Time>
            <Position>
              <LatitudeDegrees>37.3579955</LatitudeDegrees>
              <LongitudeDegrees>-121.8613623</LongitudeDegrees>
            </Position>
            <AltitudeMeters>25.7</AltitudeMeters>
            <DistanceMeters>12889.43</DistanceMeters>
            <HeartRateBpm><Value>140</Value></HeartRateBpm>
            <Cadence>166</Cadence>
          </Trackpoint>
          <Trackpoint>
            <Time>2026-03-07T14:56:51.000Z</Time>
            <Position>
              <LatitudeDegrees>37.3579174</LatitudeDegrees>
              <LongitudeDegrees>-121.8614608</LongitudeDegrees>
            </Position>
            <AltitudeMeters>25.6</AltitudeMeters>
            <DistanceMeters>12901.72</DistanceMeters>
            <HeartRateBpm><Value>140</Value></HeartRateBpm>
            <Cadence>166</Cadence>
          </Trackpoint>
          <Trackpoint>
            <Time>2026-03-07T14:56:56.000Z</Time>
            <Position>
              <LatitudeDegrees>37.3578392</LatitudeDegrees>
              <LongitudeDegrees>-121.8615593</LongitudeDegrees>
            </Position>
            <AltitudeMeters>25.5</AltitudeMeters>
            <DistanceMeters>12914.00</DistanceMeters>
            <HeartRateBpm><Value>140</Value></HeartRateBpm>
            <Cadence>166</Cadence>
          </Trackpoint>
          <Trackpoint>
            <Time>2026-03-07T14:57:01.000Z</Time>
            <Position>
              <LatitudeDegrees>37.3577610</LatitudeDegrees>
              <LongitudeDegrees>-121.8616578</LongitudeDegrees>
            </Position>
            <AltitudeMeters>25.5</AltitudeMeters>
            <DistanceMeters>12926.29</DistanceMeters>
            <HeartRateBpm><Value>140</Value></HeartRateBpm>
            <Cadence>166</Cadence>
          </Trackpoint>
          <Trackpoint>
            <Time>2026-03-07T14:57:06.000Z</Time>
            <Position>
              <LatitudeDegrees>37.3576828</LatitudeDegrees>
              <LongitudeDegrees>-121.8617563</LongitudeDegrees>
            </Position>
            <AltitudeMeters>25.4</AltitudeMeters>
            <DistanceMeters>12938.57</DistanceMeters>
            <HeartRateBpm><Value>140</Value></HeartRateBpm>
            <Cadence>166</Cadence>
          </Trackpoint>
          <Trackpoint>
            <Time>2026-03-07T14:57:11.000Z</Time>
            <Position>
              <LatitudeDegrees>37.3576046</LatitudeDegrees>
              <LongitudeDegrees>-121.8618548</LongitudeDegrees>
            </Position>
            <AltitudeMeters>25.3</AltitudeMeters>
            <DistanceMeters>12950.86</DistanceMeters>
            <HeartRateBpm><Value>140</Value></HeartRateBpm>
            <Cadence>166</Cadence>
          </Trackpoint>
          <Trackpoint>
            <Time>2026-03-07T14:57:16.000Z</Time>
            <Position>
              <LatitudeDegrees>37.3575264</LatitudeDegrees>
              <LongitudeDegrees>-121.8619533</LongitudeDegrees>
            </Position>
            <AltitudeMeters>25.2</AltitudeMeters>
            <DistanceMeters>12963.14</DistanceMeters>
            <HeartRateBpm><Value>140</Value></HeartRateBpm>
            <Cadence>166</Cadence>
          </Trackpoint>
          <Trackpoint>
            <Time>2026-03-07T14:57:21.000Z</Time>
            <Position>
              <LatitudeDegrees>37.3574483</LatitudeDegrees>
              <LongitudeDegrees>-121.8620518</LongitudeDegrees>
            </Position>
            <AltitudeMeters>25.2</AltitudeMeters>
            <DistanceMeters>12975.43</DistanceMeters>
            <HeartRateBpm><Value>140</Value></HeartRateBpm>
            <Cadence>166</Cadence>
          </Trackpoint>
          <Trackpoint>
            <Time>2026-03-07T14:57:26.000Z</Time>
            <Position>
              <LatitudeDegrees>37.3573701</LatitudeDegrees>
              <LongitudeDegrees>-121.8621503</LongitudeDegrees>
            </Position>
            <AltitudeMeters>25.1</AltitudeMeters>
            <DistanceMeters>12987.71</DistanceMeters>
            <HeartRateBpm><Value>140</Value></HeartRateBpm>
            <Cadence>166</Cadence>
          </Trackpoint>
          <Trackpoint>
            <Time>2026-03-07T14:57:31.000Z</Time>
            <Position>
              <LatitudeDegrees>37.3572919</LatitudeDegrees>
              <LongitudeDegrees>-121.8622487</LongitudeDegrees>
            </Position>
            <AltitudeMeters>25</AltitudeMeters>
            <DistanceMeters>13000.00</DistanceMeters>
            <HeartRateBpm><Value>140</Value></HeartRateBpm>
            <Cadence>166</Cadence>
          </Trackpoint>
          <Trackpoint>
            <Time>2026-03-07T14:57:36.000Z</Time>
            <Position>
              <LatitudeDegrees>37.3572137</LatitudeDegrees>
              <LongitudeDegrees>-121.8623472</LongitudeDegrees>
            </Position>
            <AltitudeMeters>24.9</AltitudeMeters>
            <DistanceMeters>13012.29</DistanceMeters>
            <HeartRateBpm><Value>140</Value></HeartRateBpm>
            <Cadence>166</Cadence>
          </Trackpoint>
          <Trackpoint>
            <Time>2026-03-07T14:57:41.000Z</Time>
            <Position>
              <LatitudeDegrees>37.3571355</LatitudeDegrees>
              <LongitudeDegrees>-121.8624457</LongitudeDegrees>
            </Position>
            <AltitudeMeters>24.8</AltitudeMeters>
            <DistanceMeters>13024.57</DistanceMeters>
            <HeartRateBpm><Value>140</Value></HeartRateBpm>
            <Cadence>166</Cadence>
          </Trackpoint>
          <Trackpoint>
            <Time>2026-03-07T14:57:46.000Z</Time>
            <Position>
              <LatitudeDegrees>37.3570574</LatitudeDegrees>
              <LongitudeDegrees>-121.8625442</LongitudeDegrees>
            </Position>
            <AltitudeMeters>24.8</AltitudeMeters>
            <DistanceMeters>13036.86</DistanceMeters>
            <HeartRateBpm><Value>140</Value></HeartRateBpm>
            <Cadence>166</Cadence>
          </Trackpoint>
          <Trackpoint>
            <Time>2026-03-07T14:57:51.000Z</Time>
            <Position>
              <LatitudeDegrees>37.3569792</LatitudeDegrees>
              <LongitudeDegrees>-121.8626427</LongitudeDegrees>
            </Position>
            <AltitudeMeters>24.7</AltitudeMeters>
            <DistanceMeters>13049.14</DistanceMeters>
            <HeartRateBpm><Value>140</Value></HeartRateBpm>
            <Cadence>166</Cadence>
          </Trackpoint>
          <Trackpoint>
            <Time>2026-03-07T14:57:56.000Z</Time>
            <Position>
              <LatitudeDegrees>37.3569010</LatitudeDegrees>
              <LongitudeDegrees>-121.8627412</LongitudeDegrees>
            </Position>
            <AltitudeMeters>24.6</AltitudeMeters>
            <DistanceMeters>13061.43</DistanceMeters>
            <HeartRateBpm><Value>140</Value></HeartRateBpm>
            <Cadence>166</Cadence>
          </Trackpoint>
          <Trackpoint>
            <Time>2026-03-07T14:58:01.000Z</Time>
            <Position>
              <LatitudeDegrees>37.3568228</LatitudeDegrees>
              <LongitudeDegrees>-121.8628397</LongitudeDegrees>
            </Position>
            <AltitudeMeters>24.5</AltitudeMeters>
            <DistanceMeters>13073.71</DistanceMeters>
            <HeartRateBpm><Value>140</Value></HeartRateBpm>
            <Cadence>166</Cadence>
          </Trackpoint>
          <Trackpoint>
            <Time>2026-03-07T14:58:06.000Z</Time>
            <Position>
              <LatitudeDegrees>37.3567446</LatitudeDegrees>
              <LongitudeDegrees>-121.8629382</LongitudeDegrees>
            </Position>
            <AltitudeMeters>24.5</AltitudeMeters>
            <DistanceMeters>13086.00</DistanceMeters>
            <HeartRateBpm><Value>140</Value></HeartRateBpm>
            <Cadence>166</Cadence>
          </Trackpoint>
          <Trackpoint>
            <Time>2026-03-07T14:58:11.000Z</Time>
            <Position>
              <LatitudeDegrees>37.3566665</LatitudeDegrees>
              <LongitudeDegrees>-121.8630367</LongitudeDegrees>
            </Position>
            <AltitudeMeters>24.4</AltitudeMeters>
            <DistanceMeters>13098.28</DistanceMeters>
            <HeartRateBpm><Value>140</Value></HeartRateBpm>
            <Cadence>166</Cadence>
          </Trackpoint>
          <Trackpoint>
            <Time>2026-03-07T14:58:16.000Z</Time>
            <Position>
              <LatitudeDegrees>37.3565883</LatitudeDegrees>
              <LongitudeDegrees>-121.8631352</LongitudeDegrees>
            </Position>
            <AltitudeMeters>24.3</AltitudeMeters>
            <DistanceMeters>13110.57</DistanceMeters>
            <HeartRateBpm><Value>140</Value></HeartRateBpm>
            <Cadence>166</Cadence>
          </Trackpoint>
          <Trackpoint>
            <Time>2026-03-07T14:58:21.000Z</Time>
            <Position>
              <LatitudeDegrees>37.3565101</LatitudeDegrees>
              <LongitudeDegrees>-121.8632336</LongitudeDegrees>
            </Position>
            <AltitudeMeters>24.2</AltitudeMeters>
            <DistanceMeters>13122.85</DistanceMeters>
            <HeartRateBpm><Value>140</Value></HeartRateBpm>
            <Cadence>166</Cadence>
          </Trackpoint>
          <Trackpoint>
            <Time>2026-03-07T14:58:26.000Z</Time>
            <Position>
              <LatitudeDegrees>37.3564319</LatitudeDegrees>
              <LongitudeDegrees>-121.8633321</LongitudeDegrees>
            </Position>
            <AltitudeMeters>24.2</AltitudeMeters>
            <DistanceMeters>13135.14</DistanceMeters>
            <HeartRateBpm><Value>140</Value></HeartRateBpm>
            <Cadence>166</Cadence>
          </Trackpoint>
          <Trackpoint>
            <Time>2026-03-07T14:58:31.000Z</Time>
            <Position>
              <LatitudeDegrees>37.3563537</LatitudeDegrees>
              <LongitudeDegrees>-121.8634306</LongitudeDegrees>
            </Position>
            <AltitudeMeters>24.1</AltitudeMeters>
            <DistanceMeters>13147.42</DistanceMeters>
            <HeartRateBpm><Value>140</Value></HeartRateBpm>
            <Cadence>166</Cadence>
          </Trackpoint>
          <Trackpoint>
            <Time>2026-03-07T14:58:36.000Z</Time>
            <Position>
              <LatitudeDegrees>37.3562755</LatitudeDegrees>
              <LongitudeDegrees>-121.8635291</LongitudeDegrees>
            </Position>
            <AltitudeMeters>24</AltitudeMeters>
            <DistanceMeters>13159.71</DistanceMeters>
            <HeartRateBpm><Value>140</Value></HeartRateBpm>
            <Cadence>166</Cadence>
          </Trackpoint>
          <Trackpoint>
            <Time>2026-03-07T14:58:41.000Z</Time>
            <Position>
              <LatitudeDegrees>37.3561974</LatitudeDegrees>
              <LongitudeDegrees>-121.8636276</LongitudeDegrees>
            </Position>
            <AltitudeMeters>24</AltitudeMeters>
            <DistanceMeters>13171.99</DistanceMeters>
            <HeartRateBpm><Value>140</Value></HeartRateBpm>
            <Cadence>166</Cadence>
          </Trackpoint>
          <Trackpoint>
            <Time>2026-03-07T14:58:46.000Z</Time>
            <Position>
              <LatitudeDegrees>37.3561192</LatitudeDegrees>
              <LongitudeDegrees>-121.8637261</LongitudeDegrees>
            </Position>
            <AltitudeMeters>23.9</AltitudeMeters>
            <DistanceMeters>13184.28</DistanceMeters>
            <HeartRateBpm><Value>140</Value></HeartRateBpm>
            <Cadence>166</Cadence>
          </Trackpoint>
          <Trackpoint>
            <Time>2026-03-07T14:58:51.000Z</Time>
            <Position>
              <LatitudeDegrees>37.3560410</LatitudeDegrees>
              <LongitudeDegrees>-121.8638246</LongitudeDegrees>
            </Position>
            <AltitudeMeters>23.8</AltitudeMeters>
            <DistanceMeters>13196.56</DistanceMeters>
            <HeartRateBpm><Value>140</Value></HeartRateBpm>
            <Cadence>166</Cadence>
          </Trackpoint>
          <Trackpoint>
            <Time>2026-03-07T14:58:56.000Z</Time>
            <Position>
              <LatitudeDegrees>37.3559628</LatitudeDegrees>
              <LongitudeDegrees>-121.8639231</LongitudeDegrees>
            </Position>
            <AltitudeMeters>23.8</AltitudeMeters>
            <DistanceMeters>13208.85</DistanceMeters>
            <HeartRateBpm><Value>140</Value></HeartRateBpm>
            <Cadence>166</Cadence>
          </Trackpoint>
          <Trackpoint>
            <Time>2026-03-07T14:59:01.000Z</Time>
            <Position>
              <LatitudeDegrees>37.3558846</LatitudeDegrees>
              <LongitudeDegrees>-121.8640216</LongitudeDegrees>
            </Position>
            <AltitudeMeters>23.7</AltitudeMeters>
            <DistanceMeters>13221.13</DistanceMeters>
            <HeartRateBpm><Value>140</Value></HeartRateBpm>
            <Cadence>166</Cadence>
          </Trackpoint>
          <Trackpoint>
            <Time>2026-03-07T14:59:06.000Z</Time>
            <Position>
              <LatitudeDegrees>37.3558065</LatitudeDegrees>
              <LongitudeDegrees>-121.8641201</LongitudeDegrees>
            </Position>
            <AltitudeMeters>23.7</AltitudeMeters>
            <DistanceMeters>13233.42</DistanceMeters>
            <HeartRateBpm><Value>140</Value></HeartRateBpm>
            <Cadence>166</Cadence>
          </Trackpoint>
          <Trackpoint>
            <Time>2026-03-07T14:59:11.000Z</Time>
            <Position>
              <LatitudeDegrees>37.3557283</LatitudeDegrees>
              <LongitudeDegrees>-121.8642185</LongitudeDegrees>
            </Position>
            <AltitudeMeters>23.6</AltitudeMeters>
            <DistanceMeters>13245.70</DistanceMeters>
            <HeartRateBpm><Value>140</Value></HeartRateBpm>
            <Cadence>166</Cadence>
          </Trackpoint>
          <Trackpoint>
            <Time>2026-03-07T14:59:16.000Z</Time>
            <Position>
              <LatitudeDegrees>37.3556501</LatitudeDegrees>
              <LongitudeDegrees>-121.8643170</LongitudeDegrees>
            </Position>
            <AltitudeMeters>23.6</AltitudeMeters>
            <DistanceMeters>13257.99</DistanceMeters>
            <HeartRateBpm><Value>140</Value></HeartRateBpm>
            <Cadence>166</Cadence>
          </Trackpoint>
          <Trackpoint>
            <Time>2026-03-07T14:59:21.000Z</Time>
            <Position>
              <LatitudeDegrees>37.3555719</LatitudeDegrees>
              <LongitudeDegrees>-121.8644155</LongitudeDegrees>
            </Position>
            <AltitudeMeters>23.5</AltitudeMeters>
            <DistanceMeters>13270.27</DistanceMeters>
            <HeartRateBpm><Value>140</Value></HeartRateBpm>
            <Cadence>166</Cadence>
          </Trackpoint>
          <Trackpoint>
            <Time>2026-03-07T14:59:26.000Z</Time>
            <Position>
              <LatitudeDegrees>37.3554937</LatitudeDegrees>
              <LongitudeDegrees>-121.8645140</LongitudeDegrees>
            </Position>
            <AltitudeMeters>23.4</AltitudeMeters>
            <DistanceMeters>13282.56</DistanceMeters>
            <HeartRateBpm><Value>140</Value></HeartRateBpm>
            <Cadence>166</Cadence>
          </Trackpoint>
          <Trackpoint>
            <Time>2026-03-07T14:59:31.000Z</Time>
            <Position>
              <LatitudeDegrees>37.3554155</LatitudeDegrees>
              <LongitudeDegrees>-121.8646125</LongitudeDegrees>
            </Position>
            <AltitudeMeters>23.4</AltitudeMeters>
            <DistanceMeters>13294.84</DistanceMeters>
            <HeartRateBpm><Value>140</Value></HeartRateBpm>
            <Cadence>166</Cadence>
          </Trackpoint>
          <Trackpoint>
            <Time>2026-03-07T14:59:36.000Z</Time>
            <Position>
              <LatitudeDegrees>37.3553374</LatitudeDegrees>
              <LongitudeDegrees>-121.8647110</LongitudeDegrees>
            </Position>
            <AltitudeMeters>23.4</AltitudeMeters>
            <DistanceMeters>13307.13</DistanceMeters>
            <HeartRateBpm><Value>140</Value></HeartRateBpm>
            <Cadence>166</Cadence>
          </Trackpoint>
          <Trackpoint>
            <Time>2026-03-07T14:59:41.000Z</Time>
            <Position>
              <LatitudeDegrees>37.3552592</LatitudeDegrees>
              <LongitudeDegrees>-121.8648095</LongitudeDegrees>
            </Position>
            <AltitudeMeters>23.3</AltitudeMeters>
            <DistanceMeters>13319.41</DistanceMeters>
            <HeartRateBpm><Value>140</Value></HeartRateBpm>
            <Cadence>166</Cadence>
          </Trackpoint>
          <Trackpoint>
            <Time>2026-03-07T14:59:46.000Z</Time>
            <Position>
              <LatitudeDegrees>37.3551810</LatitudeDegrees>
              <LongitudeDegrees>-121.8649080</LongitudeDegrees>
            </Position>
            <AltitudeMeters>23.3</AltitudeMeters>
            <DistanceMeters>13331.70</DistanceMeters>
            <HeartRateBpm><Value>140</Value></HeartRateBpm>
            <Cadence>166</Cadence>
          </Trackpoint>
          <Trackpoint>
            <Time>2026-03-07T14:59:51.000Z</Time>
            <Position>
              <LatitudeDegrees>37.3551028</LatitudeDegrees>
              <LongitudeDegrees>-121.8650065</LongitudeDegrees>
            </Position>
            <AltitudeMeters>23.2</AltitudeMeters>
            <DistanceMeters>13343.98</DistanceMeters>
            <HeartRateBpm><Value>140</Value></HeartRateBpm>
            <Cadence>166</Cadence>
          </Trackpoint>
          <Trackpoint>
            <Time>2026-03-07T14:59:56.000Z</Time>
            <Position>
              <LatitudeDegrees>37.3550246</LatitudeDegrees>
              <LongitudeDegrees>-121.8651050</LongitudeDegrees>
            </Position>
            <AltitudeMeters>23.2</AltitudeMeters>
            <DistanceMeters>13356.27</DistanceMeters>
            <HeartRateBpm><Value>140</Value></HeartRateBpm>
            <Cadence>166</Cadence>
          </Trackpoint>
          <Trackpoint>
            <Time>2026-03-07T15:00:01.000Z</Time>
            <Position>
              <LatitudeDegrees>37.3549465</LatitudeDegrees>
              <LongitudeDegrees>-121.8652034</LongitudeDegrees>
            </Position>
            <AltitudeMeters>23.2</AltitudeMeters>
            <DistanceMeters>13368.55</DistanceMeters>
            <HeartRateBpm><Value>140</Value></HeartRateBpm>
            <Cadence>166</Cadence>
          </Trackpoint>
          <Trackpoint>
            <Time>2026-03-07T15:00:06.000Z</Time>
            <Position>
              <LatitudeDegrees>37.3548683</LatitudeDegrees>
              <LongitudeDegrees>-121.8653019</LongitudeDegrees>
            </Position>
            <AltitudeMeters>23.1</AltitudeMeters>
            <DistanceMeters>13380.84</DistanceMeters>
            <HeartRateBpm><Value>140</Value></HeartRateBpm>
            <Cadence>166</Cadence>
          </Trackpoint>
          <Trackpoint>
            <Time>2026-03-07T15:00:11.000Z</Time>
            <Position>
              <LatitudeDegrees>37.3547901</LatitudeDegrees>
              <LongitudeDegrees>-121.8654004</LongitudeDegrees>
            </Position>
            <AltitudeMeters>23.1</AltitudeMeters>
            <DistanceMeters>13393.12</DistanceMeters>
            <HeartRateBpm><Value>140</Value></HeartRateBpm>
            <Cadence>166</Cadence>
          </Trackpoint>
          <Trackpoint>
            <Time>2026-03-07T15:00:16.000Z</Time>
            <Position>
              <LatitudeDegrees>37.3547119</LatitudeDegrees>
              <LongitudeDegrees>-121.8654989</LongitudeDegrees>
            </Position>
            <AltitudeMeters>23.1</AltitudeMeters>
            <DistanceMeters>13405.41</DistanceMeters>
            <HeartRateBpm><Value>140</Value></HeartRateBpm>
            <Cadence>166</Cadence>
          </Trackpoint>
          <Trackpoint>
            <Time>2026-03-07T15:00:21.000Z</Time>
            <Position>
              <LatitudeDegrees>37.3546337</LatitudeDegrees>
              <LongitudeDegrees>-121.8655974</LongitudeDegrees>
            </Position>
            <AltitudeMeters>23.1</AltitudeMeters>
            <DistanceMeters>13417.69</DistanceMeters>
            <HeartRateBpm><Value>140</Value></HeartRateBpm>
            <Cadence>166</Cadence>
          </Trackpoint>
          <Trackpoint>
            <Time>2026-03-07T15:00:26.000Z</Time>
            <Position>
              <LatitudeDegrees>37.3545556</LatitudeDegrees>
              <LongitudeDegrees>-121.8656959</LongitudeDegrees>
            </Position>
            <AltitudeMeters>23</AltitudeMeters>
            <DistanceMeters>13429.98</DistanceMeters>
            <HeartRateBpm><Value>140</Value></HeartRateBpm>
            <Cadence>166</Cadence>
          </Trackpoint>
          <Trackpoint>
            <Time>2026-03-07T15:00:31.000Z</Time>
            <Position>
              <LatitudeDegrees>37.3544774</LatitudeDegrees>
              <LongitudeDegrees>-121.8657944</LongitudeDegrees>
            </Position>
            <AltitudeMeters>23</AltitudeMeters>
            <DistanceMeters>13442.26</DistanceMeters>
            <HeartRateBpm><Value>140</Value></HeartRateBpm>
            <Cadence>166</Cadence>
          </Trackpoint>
          <Trackpoint>
            <Time>2026-03-07T15:00:36.000Z</Time>
            <Position>
              <LatitudeDegrees>37.3543992</LatitudeDegrees>
              <LongitudeDegrees>-121.8658929</LongitudeDegrees>
            </Position>
            <AltitudeMeters>23</AltitudeMeters>
            <DistanceMeters>13454.55</DistanceMeters>
            <HeartRateBpm><Value>140</Value></HeartRateBpm>
            <Cadence>166</Cadence>
          </Trackpoint>
          <Trackpoint>
            <Time>2026-03-07T15:00:41.000Z</Time>
            <Position>
              <LatitudeDegrees>37.3543210</LatitudeDegrees>
              <LongitudeDegrees>-121.8659914</LongitudeDegrees>
            </Position>
            <AltitudeMeters>23</AltitudeMeters>
            <DistanceMeters>13466.83</DistanceMeters>
            <HeartRateBpm><Value>140</Value></HeartRateBpm>
            <Cadence>166</Cadence>
          </Trackpoint>
          <Trackpoint>
            <Time>2026-03-07T15:00:46.000Z</Time>
            <Position>
              <LatitudeDegrees>37.3542428</LatitudeDegrees>
              <LongitudeDegrees>-121.8660899</LongitudeDegrees>
            </Position>
            <AltitudeMeters>23</AltitudeMeters>
            <DistanceMeters>13479.12</DistanceMeters>
            <HeartRateBpm><Value>140</Value></HeartRateBpm>
            <Cadence>166</Cadence>
          </Trackpoint>
          <Trackpoint>
            <Time>2026-03-07T15:00:51.000Z</Time>
            <Position>
              <LatitudeDegrees>37.3541646</LatitudeDegrees>
              <LongitudeDegrees>-121.8661883</LongitudeDegrees>
            </Position>
            <AltitudeMeters>23</AltitudeMeters>
            <DistanceMeters>13491.40</DistanceMeters>
            <HeartRateBpm><Value>140</Value></HeartRateBpm>
            <Cadence>166</Cadence>
          </Trackpoint>
          <Trackpoint>
            <Time>2026-03-07T15:00:56.000Z</Time>
            <Position>
              <LatitudeDegrees>37.3540865</LatitudeDegrees>
              <LongitudeDegrees>-121.8662868</LongitudeDegrees>
            </Position>
            <AltitudeMeters>23</AltitudeMeters>
            <DistanceMeters>13503.69</DistanceMeters>
            <HeartRateBpm><Value>140</Value></HeartRateBpm>
            <Cadence>166</Cadence>
          </Trackpoint>
          <Trackpoint>
            <Time>2026-03-07T15:01:01.000Z</Time>
            <Position>
              <LatitudeDegrees>37.3540083</LatitudeDegrees>
              <LongitudeDegrees>-121.8663853</LongitudeDegrees>
            </Position>
            <AltitudeMeters>23</AltitudeMeters>
            <DistanceMeters>13515.97</DistanceMeters>
            <HeartRateBpm><Value>140</Value></HeartRateBpm>
            <Cadence>166</Cadence>
          </Trackpoint>
          <Trackpoint>
            <Time>2026-03-07T15:01:06.000Z</Time>
            <Position>
              <LatitudeDegrees>37.3539301</LatitudeDegrees>
              <LongitudeDegrees>-121.8664838</LongitudeDegrees>
            </Position>
            <AltitudeMeters>23</AltitudeMeters>
            <DistanceMeters>13528.26</DistanceMeters>
            <HeartRateBpm><Value>140</Value></HeartRateBpm>
            <Cadence>166</Cadence>
          </Trackpoint>
          <Trackpoint>
            <Time>2026-03-07T15:01:11.000Z</Time>
            <Position>
              <LatitudeDegrees>37.3538519</LatitudeDegrees>
              <LongitudeDegrees>-121.8665823</LongitudeDegrees>
            </Position>
            <AltitudeMeters>23</AltitudeMeters>
            <DistanceMeters>13540.54</DistanceMeters>
            <HeartRateBpm><Value>140</Value></HeartRateBpm>
            <Cadence>166</Cadence>
          </Trackpoint>
          <Trackpoint>
            <Time>2026-03-07T15:01:16.000Z</Time>
            <Position>
              <LatitudeDegrees>37.3537737</LatitudeDegrees>
              <LongitudeDegrees>-121.8666808</LongitudeDegrees>
            </Position>
            <AltitudeMeters>23</AltitudeMeters>
            <DistanceMeters>13552.83</DistanceMeters>
            <HeartRateBpm><Value>140</Value></HeartRateBpm>
            <Cadence>166</Cadence>
          </Trackpoint>
          <Trackpoint>
            <Time>2026-03-07T15:01:21.000Z</Time>
            <Position>
              <LatitudeDegrees>37.3536956</LatitudeDegrees>
              <LongitudeDegrees>-121.8667793</LongitudeDegrees>
            </Position>
            <AltitudeMeters>23</AltitudeMeters>
            <DistanceMeters>13565.11</DistanceMeters>
            <HeartRateBpm><Value>140</Value></HeartRateBpm>
            <Cadence>166</Cadence>
          </Trackpoint>
          <Trackpoint>
            <Time>2026-03-07T15:01:26.000Z</Time>
            <Position>
              <LatitudeDegrees>37.3536174</LatitudeDegrees>
              <LongitudeDegrees>-121.8668778</LongitudeDegrees>
            </Position>
            <AltitudeMeters>23.1</AltitudeMeters>
            <DistanceMeters>13577.40</DistanceMeters>
            <HeartRateBpm><Value>140</Value></HeartRateBpm>
            <Cadence>166</Cadence>
          </Trackpoint>
          <Trackpoint>
            <Time>2026-03-07T15:01:31.000Z</Time>
            <Position>
              <LatitudeDegrees>37.3535392</LatitudeDegrees>
              <LongitudeDegrees>-121.8669763</LongitudeDegrees>
            </Position>
            <AltitudeMeters>23.1</AltitudeMeters>
            <DistanceMeters>13589.68</DistanceMeters>
            <HeartRateBpm><Value>140</Value></HeartRateBpm>
            <Cadence>166</Cadence>
          </Trackpoint>
          <Trackpoint>
            <Time>2026-03-07T15:01:36.000Z</Time>
            <Position>
              <LatitudeDegrees>37.3534610</LatitudeDegrees>
              <LongitudeDegrees>-121.8670748</LongitudeDegrees>
            </Position>
            <AltitudeMeters>23.1</AltitudeMeters>
            <DistanceMeters>13601.97</DistanceMeters>
            <HeartRateBpm><Value>140</Value></HeartRateBpm>
            <Cadence>166</Cadence>
          </Trackpoint>
          <Trackpoint>
            <Time>2026-03-07T15:01:41.000Z</Time>
            <Position>
              <LatitudeDegrees>37.3533828</LatitudeDegrees>
              <LongitudeDegrees>-121.8671732</LongitudeDegrees>
            </Position>
            <AltitudeMeters>23.1</AltitudeMeters>
            <DistanceMeters>13614.25</DistanceMeters>
            <HeartRateBpm><Value>140</Value></HeartRateBpm>
            <Cadence>166</Cadence>
          </Trackpoint>
          <Trackpoint>
            <Time>2026-03-07T15:01:46.000Z</Time>
            <Position>
              <LatitudeDegrees>37.3533046</LatitudeDegrees>
              <LongitudeDegrees>-121.8672717</LongitudeDegrees>
            </Position>
            <AltitudeMeters>23.2</AltitudeMeters>
            <DistanceMeters>13626.54</DistanceMeters>
            <HeartRateBpm><Value>140</Value></HeartRateBpm>
            <Cadence>166</Cadence>
          </Trackpoint>
          <Trackpoint>
            <Time>2026-03-07T15:01:51.000Z</Time>
            <Position>
              <LatitudeDegrees>37.3532265</LatitudeDegrees>
              <LongitudeDegrees>-121.8673702</LongitudeDegrees>
            </Position>
            <AltitudeMeters>23.2</AltitudeMeters>
            <DistanceMeters>13638.82</DistanceMeters>
            <HeartRateBpm><Value>140</Value></HeartRateBpm>
            <Cadence>166</Cadence>
          </Trackpoint>
          <Trackpoint>
            <Time>2026-03-07T15:01:56.000Z</Time>
            <Position>
              <LatitudeDegrees>37.3531483</LatitudeDegrees>
              <LongitudeDegrees>-121.8674687</LongitudeDegrees>
            </Position>
            <AltitudeMeters>23.2</AltitudeMeters>
            <DistanceMeters>13651.11</DistanceMeters>
            <HeartRateBpm><Value>140</Value></HeartRateBpm>
            <Cadence>166</Cadence>
          </Trackpoint>
          <Trackpoint>
            <Time>2026-03-07T15:02:01.000Z</Time>
            <Position>
              <LatitudeDegrees>37.3530701</LatitudeDegrees>
              <LongitudeDegrees>-121.8675672</LongitudeDegrees>
            </Position>
            <AltitudeMeters>23.3</AltitudeMeters>
            <DistanceMeters>13663.39</DistanceMeters>
            <HeartRateBpm><Value>140</Value></HeartRateBpm>
            <Cadence>166</Cadence>
          </Trackpoint>
          <Trackpoint>
            <Time>2026-03-07T15:02:06.000Z</Time>
            <Position>
              <LatitudeDegrees>37.3529919</LatitudeDegrees>
              <LongitudeDegrees>-121.8676657</LongitudeDegrees>
            </Position>
            <AltitudeMeters>23.3</AltitudeMeters>
            <DistanceMeters>13675.68</DistanceMeters>
            <HeartRateBpm><Value>140</Value></HeartRateBpm>
            <Cadence>166</Cadence>
          </Trackpoint>
          <Trackpoint>
            <Time>2026-03-07T15:02:11.000Z</Time>
            <Position>
              <LatitudeDegrees>37.3529137</LatitudeDegrees>
              <LongitudeDegrees>-121.8677642</LongitudeDegrees>
            </Position>
            <AltitudeMeters>23.3</AltitudeMeters>
            <DistanceMeters>13687.96</DistanceMeters>
            <HeartRateBpm><Value>140</Value></HeartRateBpm>
            <Cadence>166</Cadence>
          </Trackpoint>
          <Trackpoint>
            <Time>2026-03-07T15:02:16.000Z</Time>
            <Position>
              <LatitudeDegrees>37.3528356</LatitudeDegrees>
              <LongitudeDegrees>-121.8678627</LongitudeDegrees>
            </Position>
            <AltitudeMeters>23.4</AltitudeMeters>
            <DistanceMeters>13700.25</DistanceMeters>
            <HeartRateBpm><Value>140</Value></HeartRateBpm>
            <Cadence>166</Cadence>
          </Trackpoint>
          <Trackpoint>
            <Time>2026-03-07T15:02:21.000Z</Time>
            <Position>
              <LatitudeDegrees>37.3527574</LatitudeDegrees>
              <LongitudeDegrees>-121.8679612</LongitudeDegrees>
            </Position>
            <AltitudeMeters>23.4</AltitudeMeters>
            <DistanceMeters>13712.53</DistanceMeters>
            <HeartRateBpm><Value>140</Value></HeartRateBpm>
            <Cadence>166</Cadence>
          </Trackpoint>
          <Trackpoint>
            <Time>2026-03-07T15:02:26.000Z</Time>
            <Position>
              <LatitudeDegrees>37.3526792</LatitudeDegrees>
              <LongitudeDegrees>-121.8680597</LongitudeDegrees>
            </Position>
            <AltitudeMeters>23.5</AltitudeMeters>
            <DistanceMeters>13724.82</DistanceMeters>
            <HeartRateBpm><Value>140</Value></HeartRateBpm>
            <Cadence>166</Cadence>
          </Trackpoint>
          <Trackpoint>
            <Time>2026-03-07T15:02:31.000Z</Time>
            <Position>
              <LatitudeDegrees>37.3526010</LatitudeDegrees>
              <LongitudeDegrees>-121.8681581</LongitudeDegrees>
            </Position>
            <AltitudeMeters>23.5</AltitudeMeters>
            <DistanceMeters>13737.10</DistanceMeters>
            <HeartRateBpm><Value>140</Value></HeartRateBpm>
            <Cadence>166</Cadence>
          </Trackpoint>
          <Trackpoint>
            <Time>2026-03-07T15:02:36.000Z</Time>
            <Position>
              <LatitudeDegrees>37.3525228</LatitudeDegrees>
              <LongitudeDegrees>-121.8682566</LongitudeDegrees>
            </Position>
            <AltitudeMeters>23.6</AltitudeMeters>
            <DistanceMeters>13749.39</DistanceMeters>
            <HeartRateBpm><Value>140</Value></HeartRateBpm>
            <Cadence>166</Cadence>
          </Trackpoint>
          <Trackpoint>
            <Time>2026-03-07T15:02:41.000Z</Time>
            <Position>
              <LatitudeDegrees>37.3524447</LatitudeDegrees>
              <LongitudeDegrees>-121.8683551</LongitudeDegrees>
            </Position>
            <AltitudeMeters>23.6</AltitudeMeters>
            <DistanceMeters>13761.67</DistanceMeters>
            <HeartRateBpm><Value>140</Value></HeartRateBpm>
            <Cadence>166</Cadence>
          </Trackpoint>
          <Trackpoint>
            <Time>2026-03-07T15:02:46.000Z</Time>
            <Position>
              <LatitudeDegrees>37.3523665</LatitudeDegrees>
              <LongitudeDegrees>-121.8684536</LongitudeDegrees>
            </Position>
            <AltitudeMeters>23.7</AltitudeMeters>
            <DistanceMeters>13773.96</DistanceMeters>
            <HeartRateBpm><Value>140</Value></HeartRateBpm>
            <Cadence>166</Cadence>
          </Trackpoint>
          <Trackpoint>
            <Time>2026-03-07T15:02:51.000Z</Time>
            <Position>
              <LatitudeDegrees>37.3522883</LatitudeDegrees>
              <LongitudeDegrees>-121.8685521</LongitudeDegrees>
            </Position>
            <AltitudeMeters>23.8</AltitudeMeters>
            <DistanceMeters>13786.24</DistanceMeters>
            <HeartRateBpm><Value>140</Value></HeartRateBpm>
            <Cadence>166</Cadence>
          </Trackpoint>
          <Trackpoint>
            <Time>2026-03-07T15:02:56.000Z</Time>
            <Position>
              <LatitudeDegrees>37.3522101</LatitudeDegrees>
              <LongitudeDegrees>-121.8686506</LongitudeDegrees>
            </Position>
            <AltitudeMeters>23.8</AltitudeMeters>
            <DistanceMeters>13798.53</DistanceMeters>
            <HeartRateBpm><Value>140</Value></HeartRateBpm>
            <Cadence>166</Cadence>
          </Trackpoint>
          <Trackpoint>
            <Time>2026-03-07T15:03:01.000Z</Time>
            <Position>
              <LatitudeDegrees>37.3521319</LatitudeDegrees>
              <LongitudeDegrees>-121.8687491</LongitudeDegrees>
            </Position>
            <AltitudeMeters>23.9</AltitudeMeters>
            <DistanceMeters>13810.81</DistanceMeters>
            <HeartRateBpm><Value>140</Value></HeartRateBpm>
            <Cadence>166</Cadence>
          </Trackpoint>
          <Trackpoint>
            <Time>2026-03-07T15:03:06.000Z</Time>
            <Position>
              <LatitudeDegrees>37.3520537</LatitudeDegrees>
              <LongitudeDegrees>-121.8688476</LongitudeDegrees>
            </Position>
            <AltitudeMeters>23.9</AltitudeMeters>
            <DistanceMeters>13823.10</DistanceMeters>
            <HeartRateBpm><Value>140</Value></HeartRateBpm>
            <Cadence>166</Cadence>
          </Trackpoint>
          <Trackpoint>
            <Time>2026-03-07T15:03:11.000Z</Time>
            <Position>
              <LatitudeDegrees>37.3519756</LatitudeDegrees>
              <LongitudeDegrees>-121.8689461</LongitudeDegrees>
            </Position>
            <AltitudeMeters>24</AltitudeMeters>
            <DistanceMeters>13835.38</DistanceMeters>
            <HeartRateBpm><Value>140</Value></HeartRateBpm>
            <Cadence>166</Cadence>
          </Trackpoint>
          <Trackpoint>
            <Time>2026-03-07T15:03:16.000Z</Time>
            <Position>
              <LatitudeDegrees>37.3518974</LatitudeDegrees>
              <LongitudeDegrees>-121.8690446</LongitudeDegrees>
            </Position>
            <AltitudeMeters>24.1</AltitudeMeters>
            <DistanceMeters>13847.67</DistanceMeters>
            <HeartRateBpm><Value>140</Value></HeartRateBpm>
            <Cadence>166</Cadence>
          </Trackpoint>
          <Trackpoint>
            <Time>2026-03-07T15:03:21.000Z</Time>
            <Position>
              <LatitudeDegrees>37.3518192</LatitudeDegrees>
              <LongitudeDegrees>-121.8691430</LongitudeDegrees>
            </Position>
            <AltitudeMeters>24.1</AltitudeMeters>
            <DistanceMeters>13859.95</DistanceMeters>
            <HeartRateBpm><Value>140</Value></HeartRateBpm>
            <Cadence>166</Cadence>
          </Trackpoint>
          <Trackpoint>
            <Time>2026-03-07T15:03:26.000Z</Time>
            <Position>
              <LatitudeDegrees>37.3517410</LatitudeDegrees>
              <LongitudeDegrees>-121.8692415</LongitudeDegrees>
            </Position>
            <AltitudeMeters>24.2</AltitudeMeters>
            <DistanceMeters>13872.24</DistanceMeters>
            <HeartRateBpm><Value>140</Value></HeartRateBpm>
            <Cadence>166</Cadence>
          </Trackpoint>
          <Trackpoint>
            <Time>2026-03-07T15:03:31.000Z</Time>
            <Position>
              <LatitudeDegrees>37.3516628</LatitudeDegrees>
              <LongitudeDegrees>-121.8693400</LongitudeDegrees>
            </Position>
            <AltitudeMeters>24.3</AltitudeMeters>
            <DistanceMeters>13884.52</DistanceMeters>
            <HeartRateBpm><Value>140</Value></HeartRateBpm>
            <Cadence>166</Cadence>
          </Trackpoint>
          <Trackpoint>
            <Time>2026-03-07T15:03:36.000Z</Time>
            <Position>
              <LatitudeDegrees>37.3515847</LatitudeDegrees>
              <LongitudeDegrees>-121.8694385</LongitudeDegrees>
            </Position>
            <AltitudeMeters>24.4</AltitudeMeters>
            <DistanceMeters>13896.81</DistanceMeters>
            <HeartRateBpm><Value>140</Value></HeartRateBpm>
            <Cadence>166</Cadence>
          </Trackpoint>
          <Trackpoint>
            <Time>2026-03-07T15:03:41.000Z</Time>
            <Position>
              <LatitudeDegrees>37.3515065</LatitudeDegrees>
              <LongitudeDegrees>-121.8695370</LongitudeDegrees>
            </Position>
            <AltitudeMeters>24.4</AltitudeMeters>
            <DistanceMeters>13909.09</DistanceMeters>
            <HeartRateBpm><Value>140</Value></HeartRateBpm>
            <Cadence>166</Cadence>
          </Trackpoint>
          <Trackpoint>
            <Time>2026-03-07T15:03:46.000Z</Time>
            <Position>
              <LatitudeDegrees>37.3514283</LatitudeDegrees>
              <LongitudeDegrees>-121.8696355</LongitudeDegrees>
            </Position>
            <AltitudeMeters>24.5</AltitudeMeters>
            <DistanceMeters>13921.38</DistanceMeters>
            <HeartRateBpm><Value>140</Value></HeartRateBpm>
            <Cadence>166</Cadence>
          </Trackpoint>
          <Trackpoint>
            <Time>2026-03-07T15:03:51.000Z</Time>
            <Position>
              <LatitudeDegrees>37.3513501</LatitudeDegrees>
              <LongitudeDegrees>-121.8697340</LongitudeDegrees>
            </Position>
            <AltitudeMeters>24.6</AltitudeMeters>
            <DistanceMeters>13933.66</DistanceMeters>
            <HeartRateBpm><Value>140</Value></HeartRateBpm>
            <Cadence>166</Cadence>
          </Trackpoint>
          <Trackpoint>
            <Time>2026-03-07T15:03:56.000Z</Time>
            <Position>
              <LatitudeDegrees>37.3512719</LatitudeDegrees>
              <LongitudeDegrees>-121.8698325</LongitudeDegrees>
            </Position>
            <AltitudeMeters>24.7</AltitudeMeters>
            <DistanceMeters>13945.95</DistanceMeters>
            <HeartRateBpm><Value>140</Value></HeartRateBpm>
            <Cadence>166</Cadence>
          </Trackpoint>
          <Trackpoint>
            <Time>2026-03-07T15:04:01.000Z</Time>
            <Position>
              <LatitudeDegrees>37.3511938</LatitudeDegrees>
              <LongitudeDegrees>-121.8699310</LongitudeDegrees>
            </Position>
            <AltitudeMeters>24.7</AltitudeMeters>
            <DistanceMeters>13958.23</DistanceMeters>
            <HeartRateBpm><Value>140</Value></HeartRateBpm>
            <Cadence>166</Cadence>
          </Trackpoint>
          <Trackpoint>
            <Time>2026-03-07T15:04:06.000Z</Time>
            <Position>
              <LatitudeDegrees>37.3511156</LatitudeDegrees>
              <LongitudeDegrees>-121.8700295</LongitudeDegrees>
            </Position>
            <AltitudeMeters>24.8</AltitudeMeters>
            <DistanceMeters>13970.52</DistanceMeters>
            <HeartRateBpm><Value>140</Value></HeartRateBpm>
            <Cadence>166</Cadence>
          </Trackpoint>
          <Trackpoint>
            <Time>2026-03-07T15:04:11.000Z</Time>
            <Position>
              <LatitudeDegrees>37.3510374</LatitudeDegrees>
              <LongitudeDegrees>-121.8701279</LongitudeDegrees>
            </Position>
            <AltitudeMeters>24.9</AltitudeMeters>
            <DistanceMeters>13982.80</DistanceMeters>
            <HeartRateBpm><Value>140</Value></HeartRateBpm>
            <Cadence>166</Cadence>
          </Trackpoint>
          <Trackpoint>
            <Time>2026-03-07T15:04:16.000Z</Time>
            <Position>
              <LatitudeDegrees>37.3509592</LatitudeDegrees>
              <LongitudeDegrees>-121.8702264</LongitudeDegrees>
            </Position>
            <AltitudeMeters>25</AltitudeMeters>
            <DistanceMeters>13995.09</DistanceMeters>
            <HeartRateBpm><Value>140</Value></HeartRateBpm>
            <Cadence>166</Cadence>
          </Trackpoint>
          <Trackpoint>
            <Time>2026-03-07T15:04:21.000Z</Time>
            <Position>
              <LatitudeDegrees>37.3508810</LatitudeDegrees>
              <LongitudeDegrees>-121.8703249</LongitudeDegrees>
            </Position>
            <AltitudeMeters>25</AltitudeMeters>
            <DistanceMeters>14007.37</DistanceMeters>
            <HeartRateBpm><Value>140</Value></HeartRateBpm>
            <Cadence>166</Cadence>
          </Trackpoint>
          <Trackpoint>
            <Time>2026-03-07T15:04:26.000Z</Time>
            <Position>
              <LatitudeDegrees>37.3508028</LatitudeDegrees>
              <LongitudeDegrees>-121.8704234</LongitudeDegrees>
            </Position>
            <AltitudeMeters>25.1</AltitudeMeters>
            <DistanceMeters>14019.66</DistanceMeters>
            <HeartRateBpm><Value>140</Value></HeartRateBpm>
            <Cadence>166</Cadence>
          </Trackpoint>
          <Trackpoint>
            <Time>2026-03-07T15:04:31.000Z</Time>
            <Position>
              <LatitudeDegrees>37.3507247</LatitudeDegrees>
              <LongitudeDegrees>-121.8705219</LongitudeDegrees>
            </Position>
            <AltitudeMeters>25.2</AltitudeMeters>
            <DistanceMeters>14031.94</DistanceMeters>
            <HeartRateBpm><Value>140</Value></HeartRateBpm>
            <Cadence>166</Cadence>
          </Trackpoint>
          <Trackpoint>
            <Time>2026-03-07T15:04:36.000Z</Time>
            <Position>
              <LatitudeDegrees>37.3506465</LatitudeDegrees>
              <LongitudeDegrees>-121.8706204</LongitudeDegrees>
            </Position>
            <AltitudeMeters>25.3</AltitudeMeters>
            <DistanceMeters>14044.23</DistanceMeters>
            <HeartRateBpm><Value>140</Value></HeartRateBpm>
            <Cadence>166</Cadence>
          </Trackpoint>
          <Trackpoint>
            <Time>2026-03-07T15:04:41.000Z</Time>
            <Position>
              <LatitudeDegrees>37.3505683</LatitudeDegrees>
              <LongitudeDegrees>-121.8707189</LongitudeDegrees>
            </Position>
            <AltitudeMeters>25.4</AltitudeMeters>
            <DistanceMeters>14056.51</DistanceMeters>
            <HeartRateBpm><Value>140</Value></HeartRateBpm>
            <Cadence>166</Cadence>
          </Trackpoint>
          <Trackpoint>
            <Time>2026-03-07T15:04:46.000Z</Time>
            <Position>
              <LatitudeDegrees>37.3504901</LatitudeDegrees>
              <LongitudeDegrees>-121.8708174</LongitudeDegrees>
            </Position>
            <AltitudeMeters>25.4</AltitudeMeters>
            <DistanceMeters>14068.80</DistanceMeters>
            <HeartRateBpm><Value>140</Value></HeartRateBpm>
            <Cadence>166</Cadence>
          </Trackpoint>
          <Trackpoint>
            <Time>2026-03-07T15:04:51.000Z</Time>
            <Position>
              <LatitudeDegrees>37.3504119</LatitudeDegrees>
              <LongitudeDegrees>-121.8709159</LongitudeDegrees>
            </Position>
            <AltitudeMeters>25.5</AltitudeMeters>
            <DistanceMeters>14081.08</DistanceMeters>
            <HeartRateBpm><Value>140</Value></HeartRateBpm>
            <Cadence>166</Cadence>
          </Trackpoint>
          <Trackpoint>
            <Time>2026-03-07T15:04:56.000Z</Time>
            <Position>
              <LatitudeDegrees>37.3503338</LatitudeDegrees>
              <LongitudeDegrees>-121.8710144</LongitudeDegrees>
            </Position>
            <AltitudeMeters>25.6</AltitudeMeters>
            <DistanceMeters>14093.37</DistanceMeters>
            <HeartRateBpm><Value>140</Value></HeartRateBpm>
            <Cadence>166</Cadence>
          </Trackpoint>
          <Trackpoint>
            <Time>2026-03-07T15:05:01.000Z</Time>
            <Position>
              <LatitudeDegrees>37.3502556</LatitudeDegrees>
              <LongitudeDegrees>-121.8711128</LongitudeDegrees>
            </Position>
            <AltitudeMeters>25.7</AltitudeMeters>
            <DistanceMeters>14105.65</DistanceMeters>
            <HeartRateBpm><Value>140</Value></HeartRateBpm>
            <Cadence>166</Cadence>
          </Trackpoint>
          <Trackpoint>
            <Time>2026-03-07T15:05:06.000Z</Time>
            <Position>
              <LatitudeDegrees>37.3501774</LatitudeDegrees>
              <LongitudeDegrees>-121.8712113</LongitudeDegrees>
            </Position>
            <AltitudeMeters>25.7</AltitudeMeters>
            <DistanceMeters>14117.94</DistanceMeters>
            <HeartRateBpm><Value>140</Value></HeartRateBpm>
            <Cadence>166</Cadence>
          </Trackpoint>
          <Trackpoint>
            <Time>2026-03-07T15:05:11.000Z</Time>
            <Position>
              <LatitudeDegrees>37.3500992</LatitudeDegrees>
              <LongitudeDegrees>-121.8713098</LongitudeDegrees>
            </Position>
            <AltitudeMeters>25.8</AltitudeMeters>
            <DistanceMeters>14130.22</DistanceMeters>
            <HeartRateBpm><Value>140</Value></HeartRateBpm>
            <Cadence>166</Cadence>
          </Trackpoint>
          <Trackpoint>
            <Time>2026-03-07T15:05:16.000Z</Time>
            <Position>
              <LatitudeDegrees>37.3500210</LatitudeDegrees>
              <LongitudeDegrees>-121.8714083</LongitudeDegrees>
            </Position>
            <AltitudeMeters>25.9</AltitudeMeters>
            <DistanceMeters>14142.51</DistanceMeters>
            <HeartRateBpm><Value>140</Value></HeartRateBpm>
            <Cadence>166</Cadence>
          </Trackpoint>
          <Trackpoint>
            <Time>2026-03-07T15:05:21.000Z</Time>
            <Position>
              <LatitudeDegrees>37.3499428</LatitudeDegrees>
              <LongitudeDegrees>-121.8715068</LongitudeDegrees>
            </Position>
            <AltitudeMeters>25.9</AltitudeMeters>
            <DistanceMeters>14154.79</DistanceMeters>
            <HeartRateBpm><Value>140</Value></HeartRateBpm>
            <Cadence>166</Cadence>
          </Trackpoint>
          <Trackpoint>
            <Time>2026-03-07T15:05:26.000Z</Time>
            <Position>
              <LatitudeDegrees>37.3498647</LatitudeDegrees>
              <LongitudeDegrees>-121.8716053</LongitudeDegrees>
            </Position>
            <AltitudeMeters>26</AltitudeMeters>
            <DistanceMeters>14167.08</DistanceMeters>
            <HeartRateBpm><Value>140</Value></HeartRateBpm>
            <Cadence>166</Cadence>
          </Trackpoint>
          <Trackpoint>
            <Time>2026-03-07T15:05:31.000Z</Time>
            <Position>
              <LatitudeDegrees>37.3497865</LatitudeDegrees>
              <LongitudeDegrees>-121.8717038</LongitudeDegrees>
            </Position>
            <AltitudeMeters>26.1</AltitudeMeters>
            <DistanceMeters>14179.36</DistanceMeters>
            <HeartRateBpm><Value>140</Value></HeartRateBpm>
            <Cadence>166</Cadence>
          </Trackpoint>
          <Trackpoint>
            <Time>2026-03-07T15:05:36.000Z</Time>
            <Position>
              <LatitudeDegrees>37.3497083</LatitudeDegrees>
              <LongitudeDegrees>-121.8718023</LongitudeDegrees>
            </Position>
            <AltitudeMeters>26.1</AltitudeMeters>
            <DistanceMeters>14191.65</DistanceMeters>
            <HeartRateBpm><Value>140</Value></HeartRateBpm>
            <Cadence>166</Cadence>
          </Trackpoint>
          <Trackpoint>
            <Time>2026-03-07T15:05:41.000Z</Time>
            <Position>
              <LatitudeDegrees>37.3496301</LatitudeDegrees>
              <LongitudeDegrees>-121.8719008</LongitudeDegrees>
            </Position>
            <AltitudeMeters>26.2</AltitudeMeters>
            <DistanceMeters>14203.93</DistanceMeters>
            <HeartRateBpm><Value>140</Value></HeartRateBpm>
            <Cadence>166</Cadence>
          </Trackpoint>
          <Trackpoint>
            <Time>2026-03-07T15:05:46.000Z</Time>
            <Position>
              <LatitudeDegrees>37.3495519</LatitudeDegrees>
              <LongitudeDegrees>-121.8719993</LongitudeDegrees>
            </Position>
            <AltitudeMeters>26.3</AltitudeMeters>
            <DistanceMeters>14216.22</DistanceMeters>
            <HeartRateBpm><Value>140</Value></HeartRateBpm>
            <Cadence>166</Cadence>
          </Trackpoint>
          <Trackpoint>
            <Time>2026-03-07T15:05:51.000Z</Time>
            <Position>
              <LatitudeDegrees>37.3494738</LatitudeDegrees>
              <LongitudeDegrees>-121.8720977</LongitudeDegrees>
            </Position>
            <AltitudeMeters>26.3</AltitudeMeters>
            <DistanceMeters>14228.50</DistanceMeters>
            <HeartRateBpm><Value>140</Value></HeartRateBpm>
            <Cadence>166</Cadence>
          </Trackpoint>
          <Trackpoint>
            <Time>2026-03-07T15:05:56.000Z</Time>
            <Position>
              <LatitudeDegrees>37.3493956</LatitudeDegrees>
              <LongitudeDegrees>-121.8721962</LongitudeDegrees>
            </Position>
            <AltitudeMeters>26.4</AltitudeMeters>
            <DistanceMeters>14240.79</DistanceMeters>
            <HeartRateBpm><Value>140</Value></HeartRateBpm>
            <Cadence>166</Cadence>
          </Trackpoint>
          <Trackpoint>
            <Time>2026-03-07T15:06:01.000Z</Time>
            <Position>
              <LatitudeDegrees>37.3493174</LatitudeDegrees>
              <LongitudeDegrees>-121.8722947</LongitudeDegrees>
            </Position>
            <AltitudeMeters>26.4</AltitudeMeters>
            <DistanceMeters>14253.07</DistanceMeters>
            <HeartRateBpm><Value>140</Value></HeartRateBpm>
            <Cadence>166</Cadence>
          </Trackpoint>
          <Trackpoint>
            <Time>2026-03-07T15:06:06.000Z</Time>
            <Position>
              <LatitudeDegrees>37.3492392</LatitudeDegrees>
              <LongitudeDegrees>-121.8723932</LongitudeDegrees>
            </Position>
            <AltitudeMeters>26.5</AltitudeMeters>
            <DistanceMeters>14265.36</DistanceMeters>
            <HeartRateBpm><Value>140</Value></HeartRateBpm>
            <Cadence>166</Cadence>
          </Trackpoint>
          <Trackpoint>
            <Time>2026-03-07T15:06:11.000Z</Time>
            <Position>
              <LatitudeDegrees>37.3491610</LatitudeDegrees>
              <LongitudeDegrees>-121.8724917</LongitudeDegrees>
            </Position>
            <AltitudeMeters>26.5</AltitudeMeters>
            <DistanceMeters>14277.64</DistanceMeters>
            <HeartRateBpm><Value>140</Value></HeartRateBpm>
            <Cadence>166</Cadence>
          </Trackpoint>
          <Trackpoint>
            <Time>2026-03-07T15:06:16.000Z</Time>
            <Position>
              <LatitudeDegrees>37.3490829</LatitudeDegrees>
              <LongitudeDegrees>-121.8725902</LongitudeDegrees>
            </Position>
            <AltitudeMeters>26.6</AltitudeMeters>
            <DistanceMeters>14289.93</DistanceMeters>
            <HeartRateBpm><Value>140</Value></HeartRateBpm>
            <Cadence>166</Cadence>
          </Trackpoint>
          <Trackpoint>
            <Time>2026-03-07T15:06:21.000Z</Time>
            <Position>
              <LatitudeDegrees>37.3490047</LatitudeDegrees>
              <LongitudeDegrees>-121.8726887</LongitudeDegrees>
            </Position>
            <AltitudeMeters>26.6</AltitudeMeters>
            <DistanceMeters>14302.21</DistanceMeters>
            <HeartRateBpm><Value>140</Value></HeartRateBpm>
            <Cadence>166</Cadence>
          </Trackpoint>
          <Trackpoint>
            <Time>2026-03-07T15:06:26.000Z</Time>
            <Position>
              <LatitudeDegrees>37.3489265</LatitudeDegrees>
              <LongitudeDegrees>-121.8727872</LongitudeDegrees>
            </Position>
            <AltitudeMeters>26.7</AltitudeMeters>
            <DistanceMeters>14314.50</DistanceMeters>
            <HeartRateBpm><Value>140</Value></HeartRateBpm>
            <Cadence>166</Cadence>
          </Trackpoint>
          <Trackpoint>
            <Time>2026-03-07T15:06:31.000Z</Time>
            <Position>
              <LatitudeDegrees>37.3488483</LatitudeDegrees>
              <LongitudeDegrees>-121.8728857</LongitudeDegrees>
            </Position>
            <AltitudeMeters>26.7</AltitudeMeters>
            <DistanceMeters>14326.78</DistanceMeters>
            <HeartRateBpm><Value>140</Value></HeartRateBpm>
            <Cadence>166</Cadence>
          </Trackpoint>
          <Trackpoint>
            <Time>2026-03-07T15:06:36.000Z</Time>
            <Position>
              <LatitudeDegrees>37.3487701</LatitudeDegrees>
              <LongitudeDegrees>-121.8729842</LongitudeDegrees>
            </Position>
            <AltitudeMeters>26.7</AltitudeMeters>
            <DistanceMeters>14339.07</DistanceMeters>
            <HeartRateBpm><Value>140</Value></HeartRateBpm>
            <Cadence>166</Cadence>
          </Trackpoint>
          <Trackpoint>
            <Time>2026-03-07T15:06:41.000Z</Time>
            <Position>
              <LatitudeDegrees>37.3486919</LatitudeDegrees>
              <LongitudeDegrees>-121.8730826</LongitudeDegrees>
            </Position>
            <AltitudeMeters>26.8</AltitudeMeters>
            <DistanceMeters>14351.35</DistanceMeters>
            <HeartRateBpm><Value>140</Value></HeartRateBpm>
            <Cadence>166</Cadence>
          </Trackpoint>
          <Trackpoint>
            <Time>2026-03-07T15:06:46.000Z</Time>
            <Position>
              <LatitudeDegrees>37.3486138</LatitudeDegrees>
              <LongitudeDegrees>-121.8731811</LongitudeDegrees>
            </Position>
            <AltitudeMeters>26.8</AltitudeMeters>
            <DistanceMeters>14363.64</DistanceMeters>
            <HeartRateBpm><Value>140</Value></HeartRateBpm>
            <Cadence>166</Cadence>
          </Trackpoint>
          <Trackpoint>
            <Time>2026-03-07T15:06:51.000Z</Time>
            <Position>
              <LatitudeDegrees>37.3485356</LatitudeDegrees>
              <LongitudeDegrees>-121.8732796</LongitudeDegrees>
            </Position>
            <AltitudeMeters>26.8</AltitudeMeters>
            <DistanceMeters>14375.92</DistanceMeters>
            <HeartRateBpm><Value>140</Value></HeartRateBpm>
            <Cadence>166</Cadence>
          </Trackpoint>
          <Trackpoint>
            <Time>2026-03-07T15:06:56.000Z</Time>
            <Position>
              <LatitudeDegrees>37.3484574</LatitudeDegrees>
              <LongitudeDegrees>-121.8733781</LongitudeDegrees>
            </Position>
            <AltitudeMeters>26.9</AltitudeMeters>
            <DistanceMeters>14388.21</DistanceMeters>
            <HeartRateBpm><Value>140</Value></HeartRateBpm>
            <Cadence>166</Cadence>
          </Trackpoint>
          <Trackpoint>
            <Time>2026-03-07T15:07:01.000Z</Time>
            <Position>
              <LatitudeDegrees>37.3483792</LatitudeDegrees>
              <LongitudeDegrees>-121.8734766</LongitudeDegrees>
            </Position>
            <AltitudeMeters>26.9</AltitudeMeters>
            <DistanceMeters>14400.49</DistanceMeters>
            <HeartRateBpm><Value>140</Value></HeartRateBpm>
            <Cadence>166</Cadence>
          </Trackpoint>
          <Trackpoint>
            <Time>2026-03-07T15:07:06.000Z</Time>
            <Position>
              <LatitudeDegrees>37.3483010</LatitudeDegrees>
              <LongitudeDegrees>-121.8735751</LongitudeDegrees>
            </Position>
            <AltitudeMeters>26.9</AltitudeMeters>
            <DistanceMeters>14412.78</DistanceMeters>
            <HeartRateBpm><Value>140</Value></HeartRateBpm>
            <Cadence>166</Cadence>
          </Trackpoint>
          <Trackpoint>
            <Time>2026-03-07T15:07:11.000Z</Time>
            <Position>
              <LatitudeDegrees>37.3482229</LatitudeDegrees>
              <LongitudeDegrees>-121.8736736</LongitudeDegrees>
            </Position>
            <AltitudeMeters>26.9</AltitudeMeters>
            <DistanceMeters>14425.06</DistanceMeters>
            <HeartRateBpm><Value>140</Value></HeartRateBpm>
            <Cadence>166</Cadence>
          </Trackpoint>
          <Trackpoint>
            <Time>2026-03-07T15:07:16.000Z</Time>
            <Position>
              <LatitudeDegrees>37.3481447</LatitudeDegrees>
              <LongitudeDegrees>-121.8737721</LongitudeDegrees>
            </Position>
            <AltitudeMeters>27</AltitudeMeters>
            <DistanceMeters>14437.35</DistanceMeters>
            <HeartRateBpm><Value>140</Value></HeartRateBpm>
            <Cadence>166</Cadence>
          </Trackpoint>
          <Trackpoint>
            <Time>2026-03-07T15:07:21.000Z</Time>
            <Position>
              <LatitudeDegrees>37.3480665</LatitudeDegrees>
              <LongitudeDegrees>-121.8738706</LongitudeDegrees>
            </Position>
            <AltitudeMeters>27</AltitudeMeters>
            <DistanceMeters>14449.63</DistanceMeters>
            <HeartRateBpm><Value>140</Value></HeartRateBpm>
            <Cadence>166</Cadence>
          </Trackpoint>
          <Trackpoint>
            <Time>2026-03-07T15:07:26.000Z</Time>
            <Position>
              <LatitudeDegrees>37.3479883</LatitudeDegrees>
              <LongitudeDegrees>-121.8739691</LongitudeDegrees>
            </Position>
            <AltitudeMeters>27</AltitudeMeters>
            <DistanceMeters>14461.92</DistanceMeters>
            <HeartRateBpm><Value>140</Value></HeartRateBpm>
            <Cadence>166</Cadence>
          </Trackpoint>
          <Trackpoint>
            <Time>2026-03-07T15:07:31.000Z</Time>
            <Position>
              <LatitudeDegrees>37.3479101</LatitudeDegrees>
              <LongitudeDegrees>-121.8740675</LongitudeDegrees>
            </Position>
            <AltitudeMeters>27</AltitudeMeters>
            <DistanceMeters>14474.20</DistanceMeters>
            <HeartRateBpm><Value>140</Value></HeartRateBpm>
            <Cadence>166</Cadence>
          </Trackpoint>
          <Trackpoint>
            <Time>2026-03-07T15:07:36.000Z</Time>
            <Position>
              <LatitudeDegrees>37.3478320</LatitudeDegrees>
              <LongitudeDegrees>-121.8741660</LongitudeDegrees>
            </Position>
            <AltitudeMeters>27</AltitudeMeters>
            <DistanceMeters>14486.49</DistanceMeters>
            <HeartRateBpm><Value>140</Value></HeartRateBpm>
            <Cadence>166</Cadence>
          </Trackpoint>
          <Trackpoint>
            <Time>2026-03-07T15:07:41.000Z</Time>
            <Position>
              <LatitudeDegrees>37.3477538</LatitudeDegrees>
              <LongitudeDegrees>-121.8742645</LongitudeDegrees>
            </Position>
            <AltitudeMeters>27</AltitudeMeters>
            <DistanceMeters>14498.77</DistanceMeters>
            <HeartRateBpm><Value>140</Value></HeartRateBpm>
            <Cadence>166</Cadence>
          </Trackpoint>
          <Trackpoint>
            <Time>2026-03-07T15:07:46.000Z</Time>
            <Position>
              <LatitudeDegrees>37.3476756</LatitudeDegrees>
              <LongitudeDegrees>-121.8743630</LongitudeDegrees>
            </Position>
            <AltitudeMeters>27</AltitudeMeters>
            <DistanceMeters>14511.06</DistanceMeters>
            <HeartRateBpm><Value>140</Value></HeartRateBpm>
            <Cadence>166</Cadence>
          </Trackpoint>
          <Trackpoint>
            <Time>2026-03-07T15:07:51.000Z</Time>
            <Position>
              <LatitudeDegrees>37.3475974</LatitudeDegrees>
              <LongitudeDegrees>-121.8744615</LongitudeDegrees>
            </Position>
            <AltitudeMeters>27</AltitudeMeters>
            <DistanceMeters>14523.34</DistanceMeters>
            <HeartRateBpm><Value>140</Value></HeartRateBpm>
            <Cadence>166</Cadence>
          </Trackpoint>
          <Trackpoint>
            <Time>2026-03-07T15:07:56.000Z</Time>
            <Position>
              <LatitudeDegrees>37.3475192</LatitudeDegrees>
              <LongitudeDegrees>-121.8745600</LongitudeDegrees>
            </Position>
            <AltitudeMeters>27</AltitudeMeters>
            <DistanceMeters>14535.63</DistanceMeters>
            <HeartRateBpm><Value>140</Value></HeartRateBpm>
            <Cadence>166</Cadence>
          </Trackpoint>
          <Trackpoint>
            <Time>2026-03-07T15:08:01.000Z</Time>
            <Position>
              <LatitudeDegrees>37.3474410</LatitudeDegrees>
              <LongitudeDegrees>-121.8746585</LongitudeDegrees>
            </Position>
            <AltitudeMeters>27</AltitudeMeters>
            <DistanceMeters>14547.91</DistanceMeters>
            <HeartRateBpm><Value>140</Value></HeartRateBpm>
            <Cadence>166</Cadence>
          </Trackpoint>
          <Trackpoint>
            <Time>2026-03-07T15:08:06.000Z</Time>
            <Position>
              <LatitudeDegrees>37.3473629</LatitudeDegrees>
              <LongitudeDegrees>-121.8747570</LongitudeDegrees>
            </Position>
            <AltitudeMeters>27</AltitudeMeters>
            <DistanceMeters>14560.20</DistanceMeters>
            <HeartRateBpm><Value>140</Value></HeartRateBpm>
            <Cadence>166</Cadence>
          </Trackpoint>
          <Trackpoint>
            <Time>2026-03-07T15:08:11.000Z</Time>
            <Position>
              <LatitudeDegrees>37.3472847</LatitudeDegrees>
              <LongitudeDegrees>-121.8748555</LongitudeDegrees>
            </Position>
            <AltitudeMeters>26.9</AltitudeMeters>
            <DistanceMeters>14572.48</DistanceMeters>
            <HeartRateBpm><Value>140</Value></HeartRateBpm>
            <Cadence>166</Cadence>
          </Trackpoint>
          <Trackpoint>
            <Time>2026-03-07T15:08:16.000Z</Time>
            <Position>
              <LatitudeDegrees>37.3472065</LatitudeDegrees>
              <LongitudeDegrees>-121.8749540</LongitudeDegrees>
            </Position>
            <AltitudeMeters>26.9</AltitudeMeters>
            <DistanceMeters>14584.77</DistanceMeters>
            <HeartRateBpm><Value>140</Value></HeartRateBpm>
            <Cadence>166</Cadence>
          </Trackpoint>
          <Trackpoint>
            <Time>2026-03-07T15:08:21.000Z</Time>
            <Position>
              <LatitudeDegrees>37.3471283</LatitudeDegrees>
              <LongitudeDegrees>-121.8750524</LongitudeDegrees>
            </Position>
            <AltitudeMeters>26.9</AltitudeMeters>
            <DistanceMeters>14597.05</DistanceMeters>
            <HeartRateBpm><Value>140</Value></HeartRateBpm>
            <Cadence>166</Cadence>
          </Trackpoint>
          <Trackpoint>
            <Time>2026-03-07T15:08:26.000Z</Time>
            <Position>
              <LatitudeDegrees>37.3470501</LatitudeDegrees>
              <LongitudeDegrees>-121.8751509</LongitudeDegrees>
            </Position>
            <AltitudeMeters>26.9</AltitudeMeters>
            <DistanceMeters>14609.34</DistanceMeters>
            <HeartRateBpm><Value>140</Value></HeartRateBpm>
            <Cadence>166</Cadence>
          </Trackpoint>
          <Trackpoint>
            <Time>2026-03-07T15:08:31.000Z</Time>
            <Position>
              <LatitudeDegrees>37.3469720</LatitudeDegrees>
              <LongitudeDegrees>-121.8752494</LongitudeDegrees>
            </Position>
            <AltitudeMeters>26.9</AltitudeMeters>
            <DistanceMeters>14621.62</DistanceMeters>
            <HeartRateBpm><Value>140</Value></HeartRateBpm>
            <Cadence>166</Cadence>
          </Trackpoint>
          <Trackpoint>
            <Time>2026-03-07T15:08:36.000Z</Time>
            <Position>
              <LatitudeDegrees>37.3468938</LatitudeDegrees>
              <LongitudeDegrees>-121.8753479</LongitudeDegrees>
            </Position>
            <AltitudeMeters>26.8</AltitudeMeters>
            <DistanceMeters>14633.91</DistanceMeters>
            <HeartRateBpm><Value>140</Value></HeartRateBpm>
            <Cadence>166</Cadence>
          </Trackpoint>
          <Trackpoint>
            <Time>2026-03-07T15:08:41.000Z</Time>
            <Position>
              <LatitudeDegrees>37.3468156</LatitudeDegrees>
              <LongitudeDegrees>-121.8754464</LongitudeDegrees>
            </Position>
            <AltitudeMeters>26.8</AltitudeMeters>
            <DistanceMeters>14646.19</DistanceMeters>
            <HeartRateBpm><Value>140</Value></HeartRateBpm>
            <Cadence>166</Cadence>
          </Trackpoint>
          <Trackpoint>
            <Time>2026-03-07T15:08:46.000Z</Time>
            <Position>
              <LatitudeDegrees>37.3467374</LatitudeDegrees>
              <LongitudeDegrees>-121.8755449</LongitudeDegrees>
            </Position>
            <AltitudeMeters>26.8</AltitudeMeters>
            <DistanceMeters>14658.48</DistanceMeters>
            <HeartRateBpm><Value>140</Value></HeartRateBpm>
            <Cadence>166</Cadence>
          </Trackpoint>
          <Trackpoint>
            <Time>2026-03-07T15:08:51.000Z</Time>
            <Position>
              <LatitudeDegrees>37.3466592</LatitudeDegrees>
              <LongitudeDegrees>-121.8756434</LongitudeDegrees>
            </Position>
            <AltitudeMeters>26.7</AltitudeMeters>
            <DistanceMeters>14670.76</DistanceMeters>
            <HeartRateBpm><Value>140</Value></HeartRateBpm>
            <Cadence>166</Cadence>
          </Trackpoint>
          <Trackpoint>
            <Time>2026-03-07T15:08:56.000Z</Time>
            <Position>
              <LatitudeDegrees>37.3465810</LatitudeDegrees>
              <LongitudeDegrees>-121.8757419</LongitudeDegrees>
            </Position>
            <AltitudeMeters>26.7</AltitudeMeters>
            <DistanceMeters>14683.05</DistanceMeters>
            <HeartRateBpm><Value>140</Value></HeartRateBpm>
            <Cadence>166</Cadence>
          </Trackpoint>
          <Trackpoint>
            <Time>2026-03-07T15:09:01.000Z</Time>
            <Position>
              <LatitudeDegrees>37.3465029</LatitudeDegrees>
              <LongitudeDegrees>-121.8758404</LongitudeDegrees>
            </Position>
            <AltitudeMeters>26.6</AltitudeMeters>
            <DistanceMeters>14695.33</DistanceMeters>
            <HeartRateBpm><Value>140</Value></HeartRateBpm>
            <Cadence>166</Cadence>
          </Trackpoint>
          <Trackpoint>
            <Time>2026-03-07T15:09:06.000Z</Time>
            <Position>
              <LatitudeDegrees>37.3464247</LatitudeDegrees>
              <LongitudeDegrees>-121.8759389</LongitudeDegrees>
            </Position>
            <AltitudeMeters>26.6</AltitudeMeters>
            <DistanceMeters>14707.62</DistanceMeters>
            <HeartRateBpm><Value>140</Value></HeartRateBpm>
            <Cadence>166</Cadence>
          </Trackpoint>
          <Trackpoint>
            <Time>2026-03-07T15:09:11.000Z</Time>
            <Position>
              <LatitudeDegrees>37.3463465</LatitudeDegrees>
              <LongitudeDegrees>-121.8760373</LongitudeDegrees>
            </Position>
            <AltitudeMeters>26.5</AltitudeMeters>
            <DistanceMeters>14719.90</DistanceMeters>
            <HeartRateBpm><Value>140</Value></HeartRateBpm>
            <Cadence>166</Cadence>
          </Trackpoint>
          <Trackpoint>
            <Time>2026-03-07T15:09:16.000Z</Time>
            <Position>
              <LatitudeDegrees>37.3462683</LatitudeDegrees>
              <LongitudeDegrees>-121.8761358</LongitudeDegrees>
            </Position>
            <AltitudeMeters>26.5</AltitudeMeters>
            <DistanceMeters>14732.19</DistanceMeters>
            <HeartRateBpm><Value>140</Value></HeartRateBpm>
            <Cadence>166</Cadence>
          </Trackpoint>
          <Trackpoint>
            <Time>2026-03-07T15:09:21.000Z</Time>
            <Position>
              <LatitudeDegrees>37.3461901</LatitudeDegrees>
              <LongitudeDegrees>-121.8762343</LongitudeDegrees>
            </Position>
            <AltitudeMeters>26.4</AltitudeMeters>
            <DistanceMeters>14744.47</DistanceMeters>
            <HeartRateBpm><Value>140</Value></HeartRateBpm>
            <Cadence>166</Cadence>
          </Trackpoint>
          <Trackpoint>
            <Time>2026-03-07T15:09:26.000Z</Time>
            <Position>
              <LatitudeDegrees>37.3461120</LatitudeDegrees>
              <LongitudeDegrees>-121.8763328</LongitudeDegrees>
            </Position>
            <AltitudeMeters>26.4</AltitudeMeters>
            <DistanceMeters>14756.76</DistanceMeters>
            <HeartRateBpm><Value>140</Value></HeartRateBpm>
            <Cadence>166</Cadence>
          </Trackpoint>
          <Trackpoint>
            <Time>2026-03-07T15:09:31.000Z</Time>
            <Position>
              <LatitudeDegrees>37.3460338</LatitudeDegrees>
              <LongitudeDegrees>-121.8764313</LongitudeDegrees>
            </Position>
            <AltitudeMeters>26.3</AltitudeMeters>
            <DistanceMeters>14769.04</DistanceMeters>
            <HeartRateBpm><Value>140</Value></HeartRateBpm>
            <Cadence>166</Cadence>
          </Trackpoint>
          <Trackpoint>
            <Time>2026-03-07T15:09:36.000Z</Time>
            <Position>
              <LatitudeDegrees>37.3459556</LatitudeDegrees>
              <LongitudeDegrees>-121.8765298</LongitudeDegrees>
            </Position>
            <AltitudeMeters>26.3</AltitudeMeters>
            <DistanceMeters>14781.33</DistanceMeters>
            <HeartRateBpm><Value>140</Value></HeartRateBpm>
            <Cadence>166</Cadence>
          </Trackpoint>
          <Trackpoint>
            <Time>2026-03-07T15:09:41.000Z</Time>
            <Position>
              <LatitudeDegrees>37.3458774</LatitudeDegrees>
              <LongitudeDegrees>-121.8766283</LongitudeDegrees>
            </Position>
            <AltitudeMeters>26.2</AltitudeMeters>
            <DistanceMeters>14793.61</DistanceMeters>
            <HeartRateBpm><Value>140</Value></HeartRateBpm>
            <Cadence>166</Cadence>
          </Trackpoint>
          <Trackpoint>
            <Time>2026-03-07T15:09:46.000Z</Time>
            <Position>
              <LatitudeDegrees>37.3457992</LatitudeDegrees>
              <LongitudeDegrees>-121.8767268</LongitudeDegrees>
            </Position>
            <AltitudeMeters>26.1</AltitudeMeters>
            <DistanceMeters>14805.90</DistanceMeters>
            <HeartRateBpm><Value>140</Value></HeartRateBpm>
            <Cadence>166</Cadence>
          </Trackpoint>
          <Trackpoint>
            <Time>2026-03-07T15:09:51.000Z</Time>
            <Position>
              <LatitudeDegrees>37.3457211</LatitudeDegrees>
              <LongitudeDegrees>-121.8768253</LongitudeDegrees>
            </Position>
            <AltitudeMeters>26.1</AltitudeMeters>
            <DistanceMeters>14818.18</DistanceMeters>
            <HeartRateBpm><Value>140</Value></HeartRateBpm>
            <Cadence>166</Cadence>
          </Trackpoint>
          <Trackpoint>
            <Time>2026-03-07T15:09:56.000Z</Time>
            <Position>
              <LatitudeDegrees>37.3456429</LatitudeDegrees>
              <LongitudeDegrees>-121.8769238</LongitudeDegrees>
            </Position>
            <AltitudeMeters>26</AltitudeMeters>
            <DistanceMeters>14830.47</DistanceMeters>
            <HeartRateBpm><Value>140</Value></HeartRateBpm>
            <Cadence>166</Cadence>
          </Trackpoint>
          <Trackpoint>
            <Time>2026-03-07T15:10:01.000Z</Time>
            <Position>
              <LatitudeDegrees>37.3455647</LatitudeDegrees>
              <LongitudeDegrees>-121.8770222</LongitudeDegrees>
            </Position>
            <AltitudeMeters>25.9</AltitudeMeters>
            <DistanceMeters>14842.75</DistanceMeters>
            <HeartRateBpm><Value>140</Value></HeartRateBpm>
            <Cadence>166</Cadence>
          </Trackpoint>
          <Trackpoint>
            <Time>2026-03-07T15:10:06.000Z</Time>
            <Position>
              <LatitudeDegrees>37.3454865</LatitudeDegrees>
              <LongitudeDegrees>-121.8771207</LongitudeDegrees>
            </Position>
            <AltitudeMeters>25.9</AltitudeMeters>
            <DistanceMeters>14855.04</DistanceMeters>
            <HeartRateBpm><Value>140</Value></HeartRateBpm>
            <Cadence>166</Cadence>
          </Trackpoint>
          <Trackpoint>
            <Time>2026-03-07T15:10:11.000Z</Time>
            <Position>
              <LatitudeDegrees>37.3454083</LatitudeDegrees>
              <LongitudeDegrees>-121.8772192</LongitudeDegrees>
            </Position>
            <AltitudeMeters>25.8</AltitudeMeters>
            <DistanceMeters>14867.32</DistanceMeters>
            <HeartRateBpm><Value>140</Value></HeartRateBpm>
            <Cadence>166</Cadence>
          </Trackpoint>
          <Trackpoint>
            <Time>2026-03-07T15:10:16.000Z</Time>
            <Position>
              <LatitudeDegrees>37.3453301</LatitudeDegrees>
              <LongitudeDegrees>-121.8773177</LongitudeDegrees>
            </Position>
            <AltitudeMeters>25.7</AltitudeMeters>
            <DistanceMeters>14879.61</DistanceMeters>
            <HeartRateBpm><Value>140</Value></HeartRateBpm>
            <Cadence>166</Cadence>
          </Trackpoint>
          <Trackpoint>
            <Time>2026-03-07T15:10:21.000Z</Time>
            <Position>
              <LatitudeDegrees>37.3452520</LatitudeDegrees>
              <LongitudeDegrees>-121.8774162</LongitudeDegrees>
            </Position>
            <AltitudeMeters>25.7</AltitudeMeters>
            <DistanceMeters>14891.89</DistanceMeters>
            <HeartRateBpm><Value>140</Value></HeartRateBpm>
            <Cadence>166</Cadence>
          </Trackpoint>
          <Trackpoint>
            <Time>2026-03-07T15:10:26.000Z</Time>
            <Position>
              <LatitudeDegrees>37.3451738</LatitudeDegrees>
              <LongitudeDegrees>-121.8775147</LongitudeDegrees>
            </Position>
            <AltitudeMeters>25.6</AltitudeMeters>
            <DistanceMeters>14904.18</DistanceMeters>
            <HeartRateBpm><Value>140</Value></HeartRateBpm>
            <Cadence>166</Cadence>
          </Trackpoint>
          <Trackpoint>
            <Time>2026-03-07T15:10:31.000Z</Time>
            <Position>
              <LatitudeDegrees>37.3450956</LatitudeDegrees>
              <LongitudeDegrees>-121.8776132</LongitudeDegrees>
            </Position>
            <AltitudeMeters>25.5</AltitudeMeters>
            <DistanceMeters>14916.46</DistanceMeters>
            <HeartRateBpm><Value>140</Value></HeartRateBpm>
            <Cadence>166</Cadence>
          </Trackpoint>
          <Trackpoint>
            <Time>2026-03-07T15:10:36.000Z</Time>
            <Position>
              <LatitudeDegrees>37.3450174</LatitudeDegrees>
              <LongitudeDegrees>-121.8777117</LongitudeDegrees>
            </Position>
            <AltitudeMeters>25.4</AltitudeMeters>
            <DistanceMeters>14928.75</DistanceMeters>
            <HeartRateBpm><Value>140</Value></HeartRateBpm>
            <Cadence>166</Cadence>
          </Trackpoint>
          <Trackpoint>
            <Time>2026-03-07T15:10:41.000Z</Time>
            <Position>
              <LatitudeDegrees>37.3449392</LatitudeDegrees>
              <LongitudeDegrees>-121.8778102</LongitudeDegrees>
            </Position>
            <AltitudeMeters>25.4</AltitudeMeters>
            <DistanceMeters>14941.03</DistanceMeters>
            <HeartRateBpm><Value>140</Value></HeartRateBpm>
            <Cadence>166</Cadence>
          </Trackpoint>
          <Trackpoint>
            <Time>2026-03-07T15:10:46.000Z</Time>
            <Position>
              <LatitudeDegrees>37.3448611</LatitudeDegrees>
              <LongitudeDegrees>-121.8779087</LongitudeDegrees>
            </Position>
            <AltitudeMeters>25.3</AltitudeMeters>
            <DistanceMeters>14953.32</DistanceMeters>
            <HeartRateBpm><Value>140</Value></HeartRateBpm>
            <Cadence>166</Cadence>
          </Trackpoint>
          <Trackpoint>
            <Time>2026-03-07T15:10:51.000Z</Time>
            <Position>
              <LatitudeDegrees>37.3447829</LatitudeDegrees>
              <LongitudeDegrees>-121.8780071</LongitudeDegrees>
            </Position>
            <AltitudeMeters>25.2</AltitudeMeters>
            <DistanceMeters>14965.60</DistanceMeters>
            <HeartRateBpm><Value>140</Value></HeartRateBpm>
            <Cadence>166</Cadence>
          </Trackpoint>
          <Trackpoint>
            <Time>2026-03-07T15:10:56.000Z</Time>
            <Position>
              <LatitudeDegrees>37.3447047</LatitudeDegrees>
              <LongitudeDegrees>-121.8781056</LongitudeDegrees>
            </Position>
            <AltitudeMeters>25.1</AltitudeMeters>
            <DistanceMeters>14977.89</DistanceMeters>
            <HeartRateBpm><Value>140</Value></HeartRateBpm>
            <Cadence>166</Cadence>
          </Trackpoint>
          <Trackpoint>
            <Time>2026-03-07T15:11:01.000Z</Time>
            <Position>
              <LatitudeDegrees>37.3446265</LatitudeDegrees>
              <LongitudeDegrees>-121.8782041</LongitudeDegrees>
            </Position>
            <AltitudeMeters>25.1</AltitudeMeters>
            <DistanceMeters>14990.17</DistanceMeters>
            <HeartRateBpm><Value>140</Value></HeartRateBpm>
            <Cadence>166</Cadence>
          </Trackpoint>
          <Trackpoint>
            <Time>2026-03-07T15:11:06.000Z</Time>
            <Position>
              <LatitudeDegrees>37.3445483</LatitudeDegrees>
              <LongitudeDegrees>-121.8783026</LongitudeDegrees>
            </Position>
            <AltitudeMeters>25</AltitudeMeters>
            <DistanceMeters>15002.46</DistanceMeters>
            <HeartRateBpm><Value>140</Value></HeartRateBpm>
            <Cadence>166</Cadence>
          </Trackpoint>
          <Trackpoint>
            <Time>2026-03-07T15:11:11.000Z</Time>
            <Position>
              <LatitudeDegrees>37.3444701</LatitudeDegrees>
              <LongitudeDegrees>-121.8784011</LongitudeDegrees>
            </Position>
            <AltitudeMeters>24.9</AltitudeMeters>
            <DistanceMeters>15014.74</DistanceMeters>
            <HeartRateBpm><Value>140</Value></HeartRateBpm>
            <Cadence>166</Cadence>
          </Trackpoint>
          <Trackpoint>
            <Time>2026-03-07T15:11:16.000Z</Time>
            <Position>
              <LatitudeDegrees>37.3443920</LatitudeDegrees>
              <LongitudeDegrees>-121.8784996</LongitudeDegrees>
            </Position>
            <AltitudeMeters>24.8</AltitudeMeters>
            <DistanceMeters>15027.03</DistanceMeters>
            <HeartRateBpm><Value>140</Value></HeartRateBpm>
            <Cadence>166</Cadence>
          </Trackpoint>
          <Trackpoint>
            <Time>2026-03-07T15:11:21.000Z</Time>
            <Position>
              <LatitudeDegrees>37.3443138</LatitudeDegrees>
              <LongitudeDegrees>-121.8785981</LongitudeDegrees>
            </Position>
            <AltitudeMeters>24.8</AltitudeMeters>
            <DistanceMeters>15039.31</DistanceMeters>
            <HeartRateBpm><Value>140</Value></HeartRateBpm>
            <Cadence>166</Cadence>
          </Trackpoint>
          <Trackpoint>
            <Time>2026-03-07T15:11:26.000Z</Time>
            <Position>
              <LatitudeDegrees>37.3442356</LatitudeDegrees>
              <LongitudeDegrees>-121.8786966</LongitudeDegrees>
            </Position>
            <AltitudeMeters>24.7</AltitudeMeters>
            <DistanceMeters>15051.60</DistanceMeters>
            <HeartRateBpm><Value>140</Value></HeartRateBpm>
            <Cadence>166</Cadence>
          </Trackpoint>
          <Trackpoint>
            <Time>2026-03-07T15:11:31.000Z</Time>
            <Position>
              <LatitudeDegrees>37.3441574</LatitudeDegrees>
              <LongitudeDegrees>-121.8787951</LongitudeDegrees>
            </Position>
            <AltitudeMeters>24.6</AltitudeMeters>
            <DistanceMeters>15063.88</DistanceMeters>
            <HeartRateBpm><Value>140</Value></HeartRateBpm>
            <Cadence>166</Cadence>
          </Trackpoint>
          <Trackpoint>
            <Time>2026-03-07T15:11:36.000Z</Time>
            <Position>
              <LatitudeDegrees>37.3440792</LatitudeDegrees>
              <LongitudeDegrees>-121.8788936</LongitudeDegrees>
            </Position>
            <AltitudeMeters>24.5</AltitudeMeters>
            <DistanceMeters>15076.17</DistanceMeters>
            <HeartRateBpm><Value>140</Value></HeartRateBpm>
            <Cadence>166</Cadence>
          </Trackpoint>
          <Trackpoint>
            <Time>2026-03-07T15:11:41.000Z</Time>
            <Position>
              <LatitudeDegrees>37.3440011</LatitudeDegrees>
              <LongitudeDegrees>-121.8789920</LongitudeDegrees>
            </Position>
            <AltitudeMeters>24.5</AltitudeMeters>
            <DistanceMeters>15088.45</DistanceMeters>
            <HeartRateBpm><Value>140</Value></HeartRateBpm>
            <Cadence>166</Cadence>
          </Trackpoint>
          <Trackpoint>
            <Time>2026-03-07T15:11:46.000Z</Time>
            <Position>
              <LatitudeDegrees>37.3439229</LatitudeDegrees>
              <LongitudeDegrees>-121.8790905</LongitudeDegrees>
            </Position>
            <AltitudeMeters>24.4</AltitudeMeters>
            <DistanceMeters>15100.74</DistanceMeters>
            <HeartRateBpm><Value>140</Value></HeartRateBpm>
            <Cadence>166</Cadence>
          </Trackpoint>
          <Trackpoint>
            <Time>2026-03-07T15:11:51.000Z</Time>
            <Position>
              <LatitudeDegrees>37.3438447</LatitudeDegrees>
              <LongitudeDegrees>-121.8791890</LongitudeDegrees>
            </Position>
            <AltitudeMeters>24.3</AltitudeMeters>
            <DistanceMeters>15113.02</DistanceMeters>
            <HeartRateBpm><Value>140</Value></HeartRateBpm>
            <Cadence>166</Cadence>
          </Trackpoint>
          <Trackpoint>
            <Time>2026-03-07T15:11:56.000Z</Time>
            <Position>
              <LatitudeDegrees>37.3437665</LatitudeDegrees>
              <LongitudeDegrees>-121.8792875</LongitudeDegrees>
            </Position>
            <AltitudeMeters>24.2</AltitudeMeters>
            <DistanceMeters>15125.31</DistanceMeters>
            <HeartRateBpm><Value>140</Value></HeartRateBpm>
            <Cadence>166</Cadence>
          </Trackpoint>
          <Trackpoint>
            <Time>2026-03-07T15:12:01.000Z</Time>
            <Position>
              <LatitudeDegrees>37.3436883</LatitudeDegrees>
              <LongitudeDegrees>-121.8793860</LongitudeDegrees>
            </Position>
            <AltitudeMeters>24.2</AltitudeMeters>
            <DistanceMeters>15137.59</DistanceMeters>
            <HeartRateBpm><Value>140</Value></HeartRateBpm>
            <Cadence>166</Cadence>
          </Trackpoint>
          <Trackpoint>
            <Time>2026-03-07T15:12:06.000Z</Time>
            <Position>
              <LatitudeDegrees>37.3436102</LatitudeDegrees>
              <LongitudeDegrees>-121.8794845</LongitudeDegrees>
            </Position>
            <AltitudeMeters>24.1</AltitudeMeters>
            <DistanceMeters>15149.88</DistanceMeters>
            <HeartRateBpm><Value>140</Value></HeartRateBpm>
            <Cadence>166</Cadence>
          </Trackpoint>
          <Trackpoint>
            <Time>2026-03-07T15:12:11.000Z</Time>
            <Position>
              <LatitudeDegrees>37.3435320</LatitudeDegrees>
              <LongitudeDegrees>-121.8795830</LongitudeDegrees>
            </Position>
            <AltitudeMeters>24</AltitudeMeters>
            <DistanceMeters>15162.16</DistanceMeters>
            <HeartRateBpm><Value>140</Value></HeartRateBpm>
            <Cadence>166</Cadence>
          </Trackpoint>
          <Trackpoint>
            <Time>2026-03-07T15:12:16.000Z</Time>
            <Position>
              <LatitudeDegrees>37.3434538</LatitudeDegrees>
              <LongitudeDegrees>-121.8796815</LongitudeDegrees>
            </Position>
            <AltitudeMeters>24</AltitudeMeters>
            <DistanceMeters>15174.45</DistanceMeters>
            <HeartRateBpm><Value>140</Value></HeartRateBpm>
            <Cadence>166</Cadence>
          </Trackpoint>
          <Trackpoint>
            <Time>2026-03-07T15:12:21.000Z</Time>
            <Position>
              <LatitudeDegrees>37.3433756</LatitudeDegrees>
              <LongitudeDegrees>-121.8797800</LongitudeDegrees>
            </Position>
            <AltitudeMeters>23.9</AltitudeMeters>
            <DistanceMeters>15186.73</DistanceMeters>
            <HeartRateBpm><Value>140</Value></HeartRateBpm>
            <Cadence>166</Cadence>
          </Trackpoint>
          <Trackpoint>
            <Time>2026-03-07T15:12:26.000Z</Time>
            <Position>
              <LatitudeDegrees>37.3432974</LatitudeDegrees>
              <LongitudeDegrees>-121.8798785</LongitudeDegrees>
            </Position>
            <AltitudeMeters>23.8</AltitudeMeters>
            <DistanceMeters>15199.02</DistanceMeters>
            <HeartRateBpm><Value>140</Value></HeartRateBpm>
            <Cadence>166</Cadence>
          </Trackpoint>
          <Trackpoint>
            <Time>2026-03-07T15:12:31.000Z</Time>
            <Position>
              <LatitudeDegrees>37.3432192</LatitudeDegrees>
              <LongitudeDegrees>-121.8799769</LongitudeDegrees>
            </Position>
            <AltitudeMeters>23.8</AltitudeMeters>
            <DistanceMeters>15211.30</DistanceMeters>
            <HeartRateBpm><Value>140</Value></HeartRateBpm>
            <Cadence>166</Cadence>
          </Trackpoint>
          <Trackpoint>
            <Time>2026-03-07T15:12:36.000Z</Time>
            <Position>
              <LatitudeDegrees>37.3431411</LatitudeDegrees>
              <LongitudeDegrees>-121.8800754</LongitudeDegrees>
            </Position>
            <AltitudeMeters>23.7</AltitudeMeters>
            <DistanceMeters>15223.59</DistanceMeters>
            <HeartRateBpm><Value>140</Value></HeartRateBpm>
            <Cadence>166</Cadence>
          </Trackpoint>
          <Trackpoint>
            <Time>2026-03-07T15:12:41.000Z</Time>
            <Position>
              <LatitudeDegrees>37.3430629</LatitudeDegrees>
              <LongitudeDegrees>-121.8801739</LongitudeDegrees>
            </Position>
            <AltitudeMeters>23.6</AltitudeMeters>
            <DistanceMeters>15235.87</DistanceMeters>
            <HeartRateBpm><Value>140</Value></HeartRateBpm>
            <Cadence>166</Cadence>
          </Trackpoint>
          <Trackpoint>
            <Time>2026-03-07T15:12:46.000Z</Time>
            <Position>
              <LatitudeDegrees>37.3429847</LatitudeDegrees>
              <LongitudeDegrees>-121.8802724</LongitudeDegrees>
            </Position>
            <AltitudeMeters>23.6</AltitudeMeters>
            <DistanceMeters>15248.16</DistanceMeters>
            <HeartRateBpm><Value>140</Value></HeartRateBpm>
            <Cadence>166</Cadence>
          </Trackpoint>
          <Trackpoint>
            <Time>2026-03-07T15:12:51.000Z</Time>
            <Position>
              <LatitudeDegrees>37.3429065</LatitudeDegrees>
              <LongitudeDegrees>-121.8803709</LongitudeDegrees>
            </Position>
            <AltitudeMeters>23.5</AltitudeMeters>
            <DistanceMeters>15260.44</DistanceMeters>
            <HeartRateBpm><Value>140</Value></HeartRateBpm>
            <Cadence>166</Cadence>
          </Trackpoint>
          <Trackpoint>
            <Time>2026-03-07T15:12:56.000Z</Time>
            <Position>
              <LatitudeDegrees>37.3428283</LatitudeDegrees>
              <LongitudeDegrees>-121.8804694</LongitudeDegrees>
            </Position>
            <AltitudeMeters>23.5</AltitudeMeters>
            <DistanceMeters>15272.73</DistanceMeters>
            <HeartRateBpm><Value>140</Value></HeartRateBpm>
            <Cadence>166</Cadence>
          </Trackpoint>
          <Trackpoint>
            <Time>2026-03-07T15:13:01.000Z</Time>
            <Position>
              <LatitudeDegrees>37.3427502</LatitudeDegrees>
              <LongitudeDegrees>-121.8805679</LongitudeDegrees>
            </Position>
            <AltitudeMeters>23.4</AltitudeMeters>
            <DistanceMeters>15285.01</DistanceMeters>
            <HeartRateBpm><Value>140</Value></HeartRateBpm>
            <Cadence>166</Cadence>
          </Trackpoint>
          <Trackpoint>
            <Time>2026-03-07T15:13:06.000Z</Time>
            <Position>
              <LatitudeDegrees>37.3426720</LatitudeDegrees>
              <LongitudeDegrees>-121.8806664</LongitudeDegrees>
            </Position>
            <AltitudeMeters>23.4</AltitudeMeters>
            <DistanceMeters>15297.30</DistanceMeters>
            <HeartRateBpm><Value>140</Value></HeartRateBpm>
            <Cadence>166</Cadence>
          </Trackpoint>
          <Trackpoint>
            <Time>2026-03-07T15:13:11.000Z</Time>
            <Position>
              <LatitudeDegrees>37.3425938</LatitudeDegrees>
              <LongitudeDegrees>-121.8807649</LongitudeDegrees>
            </Position>
            <AltitudeMeters>23.3</AltitudeMeters>
            <DistanceMeters>15309.58</DistanceMeters>
            <HeartRateBpm><Value>140</Value></HeartRateBpm>
            <Cadence>166</Cadence>
          </Trackpoint>
          <Trackpoint>
            <Time>2026-03-07T15:13:16.000Z</Time>
            <Position>
              <LatitudeDegrees>37.3425156</LatitudeDegrees>
              <LongitudeDegrees>-121.8808634</LongitudeDegrees>
            </Position>
            <AltitudeMeters>23.3</AltitudeMeters>
            <DistanceMeters>15321.87</DistanceMeters>
            <HeartRateBpm><Value>140</Value></HeartRateBpm>
            <Cadence>166</Cadence>
          </Trackpoint>
          <Trackpoint>
            <Time>2026-03-07T15:13:21.000Z</Time>
            <Position>
              <LatitudeDegrees>37.3424374</LatitudeDegrees>
              <LongitudeDegrees>-121.8809618</LongitudeDegrees>
            </Position>
            <AltitudeMeters>23.3</AltitudeMeters>
            <DistanceMeters>15334.15</DistanceMeters>
            <HeartRateBpm><Value>140</Value></HeartRateBpm>
            <Cadence>166</Cadence>
          </Trackpoint>
          <Trackpoint>
            <Time>2026-03-07T15:13:26.000Z</Time>
            <Position>
              <LatitudeDegrees>37.3423593</LatitudeDegrees>
              <LongitudeDegrees>-121.8810603</LongitudeDegrees>
            </Position>
            <AltitudeMeters>23.2</AltitudeMeters>
            <DistanceMeters>15346.44</DistanceMeters>
            <HeartRateBpm><Value>140</Value></HeartRateBpm>
            <Cadence>166</Cadence>
          </Trackpoint>
          <Trackpoint>
            <Time>2026-03-07T15:13:31.000Z</Time>
            <Position>
              <LatitudeDegrees>37.3422811</LatitudeDegrees>
              <LongitudeDegrees>-121.8811588</LongitudeDegrees>
            </Position>
            <AltitudeMeters>23.2</AltitudeMeters>
            <DistanceMeters>15358.72</DistanceMeters>
            <HeartRateBpm><Value>140</Value></HeartRateBpm>
            <Cadence>166</Cadence>
          </Trackpoint>
          <Trackpoint>
            <Time>2026-03-07T15:13:36.000Z</Time>
            <Position>
              <LatitudeDegrees>37.3422029</LatitudeDegrees>
              <LongitudeDegrees>-121.8812573</LongitudeDegrees>
            </Position>
            <AltitudeMeters>23.2</AltitudeMeters>
            <DistanceMeters>15371.01</DistanceMeters>
            <HeartRateBpm><Value>140</Value></HeartRateBpm>
            <Cadence>166</Cadence>
          </Trackpoint>
          <Trackpoint>
            <Time>2026-03-07T15:13:41.000Z</Time>
            <Position>
              <LatitudeDegrees>37.3421247</LatitudeDegrees>
              <LongitudeDegrees>-121.8813558</LongitudeDegrees>
            </Position>
            <AltitudeMeters>23.1</AltitudeMeters>
            <DistanceMeters>15383.29</DistanceMeters>
            <HeartRateBpm><Value>140</Value></HeartRateBpm>
            <Cadence>166</Cadence>
          </Trackpoint>
          <Trackpoint>
            <Time>2026-03-07T15:13:46.000Z</Time>
            <Position>
              <LatitudeDegrees>37.3420465</LatitudeDegrees>
              <LongitudeDegrees>-121.8814543</LongitudeDegrees>
            </Position>
            <AltitudeMeters>23.1</AltitudeMeters>
            <DistanceMeters>15395.58</DistanceMeters>
            <HeartRateBpm><Value>140</Value></HeartRateBpm>
            <Cadence>166</Cadence>
          </Trackpoint>
          <Trackpoint>
            <Time>2026-03-07T15:13:51.000Z</Time>
            <Position>
              <LatitudeDegrees>37.3419683</LatitudeDegrees>
              <LongitudeDegrees>-121.8815528</LongitudeDegrees>
            </Position>
            <AltitudeMeters>23.1</AltitudeMeters>
            <DistanceMeters>15407.86</DistanceMeters>
            <HeartRateBpm><Value>140</Value></HeartRateBpm>
            <Cadence>166</Cadence>
          </Trackpoint>
          <Trackpoint>
            <Time>2026-03-07T15:13:56.000Z</Time>
            <Position>
              <LatitudeDegrees>37.3418902</LatitudeDegrees>
              <LongitudeDegrees>-121.8816513</LongitudeDegrees>
            </Position>
            <AltitudeMeters>23.1</AltitudeMeters>
            <DistanceMeters>15420.15</DistanceMeters>
            <HeartRateBpm><Value>140</Value></HeartRateBpm>
            <Cadence>166</Cadence>
          </Trackpoint>
          <Trackpoint>
            <Time>2026-03-07T15:14:01.000Z</Time>
            <Position>
              <LatitudeDegrees>37.3418120</LatitudeDegrees>
              <LongitudeDegrees>-121.8817498</LongitudeDegrees>
            </Position>
            <AltitudeMeters>23</AltitudeMeters>
            <DistanceMeters>15432.43</DistanceMeters>
            <HeartRateBpm><Value>140</Value></HeartRateBpm>
            <Cadence>166</Cadence>
          </Trackpoint>
          <Trackpoint>
            <Time>2026-03-07T15:14:06.000Z</Time>
            <Position>
              <LatitudeDegrees>37.3417338</LatitudeDegrees>
              <LongitudeDegrees>-121.8818483</LongitudeDegrees>
            </Position>
            <AltitudeMeters>23</AltitudeMeters>
            <DistanceMeters>15444.72</DistanceMeters>
            <HeartRateBpm><Value>140</Value></HeartRateBpm>
            <Cadence>166</Cadence>
          </Trackpoint>
          <Trackpoint>
            <Time>2026-03-07T15:14:11.000Z</Time>
            <Position>
              <LatitudeDegrees>37.3416556</LatitudeDegrees>
              <LongitudeDegrees>-121.8819467</LongitudeDegrees>
            </Position>
            <AltitudeMeters>23</AltitudeMeters>
            <DistanceMeters>15457.00</DistanceMeters>
            <HeartRateBpm><Value>140</Value></HeartRateBpm>
            <Cadence>166</Cadence>
          </Trackpoint>
          <Trackpoint>
            <Time>2026-03-07T15:14:16.000Z</Time>
            <Position>
              <LatitudeDegrees>37.3415774</LatitudeDegrees>
              <LongitudeDegrees>-121.8820452</LongitudeDegrees>
            </Position>
            <AltitudeMeters>23</AltitudeMeters>
            <DistanceMeters>15469.29</DistanceMeters>
            <HeartRateBpm><Value>140</Value></HeartRateBpm>
            <Cadence>166</Cadence>
          </Trackpoint>
          <Trackpoint>
            <Time>2026-03-07T15:14:21.000Z</Time>
            <Position>
              <LatitudeDegrees>37.3414993</LatitudeDegrees>
              <LongitudeDegrees>-121.8821437</LongitudeDegrees>
            </Position>
            <AltitudeMeters>23</AltitudeMeters>
            <DistanceMeters>15481.57</DistanceMeters>
            <HeartRateBpm><Value>140</Value></HeartRateBpm>
            <Cadence>166</Cadence>
          </Trackpoint>
          <Trackpoint>
            <Time>2026-03-07T15:14:26.000Z</Time>
            <Position>
              <LatitudeDegrees>37.3414211</LatitudeDegrees>
              <LongitudeDegrees>-121.8822422</LongitudeDegrees>
            </Position>
            <AltitudeMeters>23</AltitudeMeters>
            <DistanceMeters>15493.86</DistanceMeters>
            <HeartRateBpm><Value>140</Value></HeartRateBpm>
            <Cadence>166</Cadence>
          </Trackpoint>
          <Trackpoint>
            <Time>2026-03-07T15:14:31.000Z</Time>
            <Position>
              <LatitudeDegrees>37.3413429</LatitudeDegrees>
              <LongitudeDegrees>-121.8823407</LongitudeDegrees>
            </Position>
            <AltitudeMeters>23</AltitudeMeters>
            <DistanceMeters>15506.14</DistanceMeters>
            <HeartRateBpm><Value>140</Value></HeartRateBpm>
            <Cadence>166</Cadence>
          </Trackpoint>
          <Trackpoint>
            <Time>2026-03-07T15:14:36.000Z</Time>
            <Position>
              <LatitudeDegrees>37.3412647</LatitudeDegrees>
              <LongitudeDegrees>-121.8824392</LongitudeDegrees>
            </Position>
            <AltitudeMeters>23</AltitudeMeters>
            <DistanceMeters>15518.43</DistanceMeters>
            <HeartRateBpm><Value>140</Value></HeartRateBpm>
            <Cadence>166</Cadence>
          </Trackpoint>
          <Trackpoint>
            <Time>2026-03-07T15:14:41.000Z</Time>
            <Position>
              <LatitudeDegrees>37.3411865</LatitudeDegrees>
              <LongitudeDegrees>-121.8825377</LongitudeDegrees>
            </Position>
            <AltitudeMeters>23</AltitudeMeters>
            <DistanceMeters>15530.71</DistanceMeters>
            <HeartRateBpm><Value>140</Value></HeartRateBpm>
            <Cadence>166</Cadence>
          </Trackpoint>
          <Trackpoint>
            <Time>2026-03-07T15:14:46.000Z</Time>
            <Position>
              <LatitudeDegrees>37.3411083</LatitudeDegrees>
              <LongitudeDegrees>-121.8826362</LongitudeDegrees>
            </Position>
            <AltitudeMeters>23</AltitudeMeters>
            <DistanceMeters>15543.00</DistanceMeters>
            <HeartRateBpm><Value>140</Value></HeartRateBpm>
            <Cadence>166</Cadence>
          </Trackpoint>
          <Trackpoint>
            <Time>2026-03-07T15:14:51.000Z</Time>
            <Position>
              <LatitudeDegrees>37.3410302</LatitudeDegrees>
              <LongitudeDegrees>-121.8827347</LongitudeDegrees>
            </Position>
            <AltitudeMeters>23</AltitudeMeters>
            <DistanceMeters>15555.28</DistanceMeters>
            <HeartRateBpm><Value>140</Value></HeartRateBpm>
            <Cadence>166</Cadence>
          </Trackpoint>
          <Trackpoint>
            <Time>2026-03-07T15:14:56.000Z</Time>
            <Position>
              <LatitudeDegrees>37.3409520</LatitudeDegrees>
              <LongitudeDegrees>-121.8828332</LongitudeDegrees>
            </Position>
            <AltitudeMeters>23</AltitudeMeters>
            <DistanceMeters>15567.57</DistanceMeters>
            <HeartRateBpm><Value>140</Value></HeartRateBpm>
            <Cadence>166</Cadence>
          </Trackpoint>
          <Trackpoint>
            <Time>2026-03-07T15:15:01.000Z</Time>
            <Position>
              <LatitudeDegrees>37.3408738</LatitudeDegrees>
              <LongitudeDegrees>-121.8829316</LongitudeDegrees>
            </Position>
            <AltitudeMeters>23.1</AltitudeMeters>
            <DistanceMeters>15579.85</DistanceMeters>
            <HeartRateBpm><Value>140</Value></HeartRateBpm>
            <Cadence>166</Cadence>
          </Trackpoint>
          <Trackpoint>
            <Time>2026-03-07T15:15:06.000Z</Time>
            <Position>
              <LatitudeDegrees>37.3407956</LatitudeDegrees>
              <LongitudeDegrees>-121.8830301</LongitudeDegrees>
            </Position>
            <AltitudeMeters>23.1</AltitudeMeters>
            <DistanceMeters>15592.14</DistanceMeters>
            <HeartRateBpm><Value>140</Value></HeartRateBpm>
            <Cadence>166</Cadence>
          </Trackpoint>
          <Trackpoint>
            <Time>2026-03-07T15:15:11.000Z</Time>
            <Position>
              <LatitudeDegrees>37.3407174</LatitudeDegrees>
              <LongitudeDegrees>-121.8831286</LongitudeDegrees>
            </Position>
            <AltitudeMeters>23.1</AltitudeMeters>
            <DistanceMeters>15604.42</DistanceMeters>
            <HeartRateBpm><Value>140</Value></HeartRateBpm>
            <Cadence>166</Cadence>
          </Trackpoint>
          <Trackpoint>
            <Time>2026-03-07T15:15:16.000Z</Time>
            <Position>
              <LatitudeDegrees>37.3406393</LatitudeDegrees>
              <LongitudeDegrees>-121.8832271</LongitudeDegrees>
            </Position>
            <AltitudeMeters>23.1</AltitudeMeters>
            <DistanceMeters>15616.71</DistanceMeters>
            <HeartRateBpm><Value>140</Value></HeartRateBpm>
            <Cadence>166</Cadence>
          </Trackpoint>
          <Trackpoint>
            <Time>2026-03-07T15:15:21.000Z</Time>
            <Position>
              <LatitudeDegrees>37.3405611</LatitudeDegrees>
              <LongitudeDegrees>-121.8833256</LongitudeDegrees>
            </Position>
            <AltitudeMeters>23.2</AltitudeMeters>
            <DistanceMeters>15628.99</DistanceMeters>
            <HeartRateBpm><Value>140</Value></HeartRateBpm>
            <Cadence>166</Cadence>
          </Trackpoint>
          <Trackpoint>
            <Time>2026-03-07T15:15:26.000Z</Time>
            <Position>
              <LatitudeDegrees>37.3404829</LatitudeDegrees>
              <LongitudeDegrees>-121.8834241</LongitudeDegrees>
            </Position>
            <AltitudeMeters>23.2</AltitudeMeters>
            <DistanceMeters>15641.28</DistanceMeters>
            <HeartRateBpm><Value>140</Value></HeartRateBpm>
            <Cadence>166</Cadence>
          </Trackpoint>
          <Trackpoint>
            <Time>2026-03-07T15:15:31.000Z</Time>
            <Position>
              <LatitudeDegrees>37.3404047</LatitudeDegrees>
              <LongitudeDegrees>-121.8835226</LongitudeDegrees>
            </Position>
            <AltitudeMeters>23.2</AltitudeMeters>
            <DistanceMeters>15653.56</DistanceMeters>
            <HeartRateBpm><Value>140</Value></HeartRateBpm>
            <Cadence>166</Cadence>
          </Trackpoint>
          <Trackpoint>
            <Time>2026-03-07T15:15:36.000Z</Time>
            <Position>
              <LatitudeDegrees>37.3403265</LatitudeDegrees>
              <LongitudeDegrees>-121.8836211</LongitudeDegrees>
            </Position>
            <AltitudeMeters>23.3</AltitudeMeters>
            <DistanceMeters>15665.85</DistanceMeters>
            <HeartRateBpm><Value>140</Value></HeartRateBpm>
            <Cadence>166</Cadence>
          </Trackpoint>
          <Trackpoint>
            <Time>2026-03-07T15:15:41.000Z</Time>
            <Position>
              <LatitudeDegrees>37.3402484</LatitudeDegrees>
              <LongitudeDegrees>-121.8837196</LongitudeDegrees>
            </Position>
            <AltitudeMeters>23.3</AltitudeMeters>
            <DistanceMeters>15678.13</DistanceMeters>
            <HeartRateBpm><Value>140</Value></HeartRateBpm>
            <Cadence>166</Cadence>
          </Trackpoint>
          <Trackpoint>
            <Time>2026-03-07T15:15:46.000Z</Time>
            <Position>
              <LatitudeDegrees>37.3401702</LatitudeDegrees>
              <LongitudeDegrees>-121.8838181</LongitudeDegrees>
            </Position>
            <AltitudeMeters>23.3</AltitudeMeters>
            <DistanceMeters>15690.42</DistanceMeters>
            <HeartRateBpm><Value>140</Value></HeartRateBpm>
            <Cadence>166</Cadence>
          </Trackpoint>
          <Trackpoint>
            <Time>2026-03-07T15:15:51.000Z</Time>
            <Position>
              <LatitudeDegrees>37.3400920</LatitudeDegrees>
              <LongitudeDegrees>-121.8839165</LongitudeDegrees>
            </Position>
            <AltitudeMeters>23.4</AltitudeMeters>
            <DistanceMeters>15702.70</DistanceMeters>
            <HeartRateBpm><Value>140</Value></HeartRateBpm>
            <Cadence>166</Cadence>
          </Trackpoint>
          <Trackpoint>
            <Time>2026-03-07T15:15:56.000Z</Time>
            <Position>
              <LatitudeDegrees>37.3400138</LatitudeDegrees>
              <LongitudeDegrees>-121.8840150</LongitudeDegrees>
            </Position>
            <AltitudeMeters>23.4</AltitudeMeters>
            <DistanceMeters>15714.99</DistanceMeters>
            <HeartRateBpm><Value>140</Value></HeartRateBpm>
            <Cadence>166</Cadence>
          </Trackpoint>
          <Trackpoint>
            <Time>2026-03-07T15:16:01.000Z</Time>
            <Position>
              <LatitudeDegrees>37.3399356</LatitudeDegrees>
              <LongitudeDegrees>-121.8841135</LongitudeDegrees>
            </Position>
            <AltitudeMeters>23.5</AltitudeMeters>
            <DistanceMeters>15727.27</DistanceMeters>
            <HeartRateBpm><Value>140</Value></HeartRateBpm>
            <Cadence>166</Cadence>
          </Trackpoint>
          <Trackpoint>
            <Time>2026-03-07T15:16:06.000Z</Time>
            <Position>
              <LatitudeDegrees>37.3398574</LatitudeDegrees>
              <LongitudeDegrees>-121.8842120</LongitudeDegrees>
            </Position>
            <AltitudeMeters>23.5</AltitudeMeters>
            <DistanceMeters>15739.56</DistanceMeters>
            <HeartRateBpm><Value>140</Value></HeartRateBpm>
            <Cadence>166</Cadence>
          </Trackpoint>
          <Trackpoint>
            <Time>2026-03-07T15:16:11.000Z</Time>
            <Position>
              <LatitudeDegrees>37.3397793</LatitudeDegrees>
              <LongitudeDegrees>-121.8843105</LongitudeDegrees>
            </Position>
            <AltitudeMeters>23.6</AltitudeMeters>
            <DistanceMeters>15751.84</DistanceMeters>
            <HeartRateBpm><Value>140</Value></HeartRateBpm>
            <Cadence>166</Cadence>
          </Trackpoint>
          <Trackpoint>
            <Time>2026-03-07T15:16:16.000Z</Time>
            <Position>
              <LatitudeDegrees>37.3397011</LatitudeDegrees>
              <LongitudeDegrees>-121.8844090</LongitudeDegrees>
            </Position>
            <AltitudeMeters>23.6</AltitudeMeters>
            <DistanceMeters>15764.13</DistanceMeters>
            <HeartRateBpm><Value>140</Value></HeartRateBpm>
            <Cadence>166</Cadence>
          </Trackpoint>
          <Trackpoint>
            <Time>2026-03-07T15:16:21.000Z</Time>
            <Position>
              <LatitudeDegrees>37.3396229</LatitudeDegrees>
              <LongitudeDegrees>-121.8845075</LongitudeDegrees>
            </Position>
            <AltitudeMeters>23.7</AltitudeMeters>
            <DistanceMeters>15776.41</DistanceMeters>
            <HeartRateBpm><Value>140</Value></HeartRateBpm>
            <Cadence>166</Cadence>
          </Trackpoint>
          <Trackpoint>
            <Time>2026-03-07T15:16:26.000Z</Time>
            <Position>
              <LatitudeDegrees>37.3395447</LatitudeDegrees>
              <LongitudeDegrees>-121.8846060</LongitudeDegrees>
            </Position>
            <AltitudeMeters>23.8</AltitudeMeters>
            <DistanceMeters>15788.70</DistanceMeters>
            <HeartRateBpm><Value>140</Value></HeartRateBpm>
            <Cadence>166</Cadence>
          </Trackpoint>
          <Trackpoint>
            <Time>2026-03-07T15:16:31.000Z</Time>
            <Position>
              <LatitudeDegrees>37.3394665</LatitudeDegrees>
              <LongitudeDegrees>-121.8847045</LongitudeDegrees>
            </Position>
            <AltitudeMeters>23.8</AltitudeMeters>
            <DistanceMeters>15800.98</DistanceMeters>
            <HeartRateBpm><Value>140</Value></HeartRateBpm>
            <Cadence>166</Cadence>
          </Trackpoint>
          <Trackpoint>
            <Time>2026-03-07T15:16:36.000Z</Time>
            <Position>
              <LatitudeDegrees>37.3393884</LatitudeDegrees>
              <LongitudeDegrees>-121.8848030</LongitudeDegrees>
            </Position>
            <AltitudeMeters>23.9</AltitudeMeters>
            <DistanceMeters>15813.27</DistanceMeters>
            <HeartRateBpm><Value>140</Value></HeartRateBpm>
            <Cadence>166</Cadence>
          </Trackpoint>
          <Trackpoint>
            <Time>2026-03-07T15:16:41.000Z</Time>
            <Position>
              <LatitudeDegrees>37.3393102</LatitudeDegrees>
              <LongitudeDegrees>-121.8849014</LongitudeDegrees>
            </Position>
            <AltitudeMeters>24</AltitudeMeters>
            <DistanceMeters>15825.55</DistanceMeters>
            <HeartRateBpm><Value>140</Value></HeartRateBpm>
            <Cadence>166</Cadence>
          </Trackpoint>
          <Trackpoint>
            <Time>2026-03-07T15:16:46.000Z</Time>
            <Position>
              <LatitudeDegrees>37.3392320</LatitudeDegrees>
              <LongitudeDegrees>-121.8849999</LongitudeDegrees>
            </Position>
            <AltitudeMeters>24</AltitudeMeters>
            <DistanceMeters>15837.84</DistanceMeters>
            <HeartRateBpm><Value>140</Value></HeartRateBpm>
            <Cadence>166</Cadence>
          </Trackpoint>
          <Trackpoint>
            <Time>2026-03-07T15:16:51.000Z</Time>
            <Position>
              <LatitudeDegrees>37.3391538</LatitudeDegrees>
              <LongitudeDegrees>-121.8850984</LongitudeDegrees>
            </Position>
            <AltitudeMeters>24.1</AltitudeMeters>
            <DistanceMeters>15850.12</DistanceMeters>
            <HeartRateBpm><Value>140</Value></HeartRateBpm>
            <Cadence>166</Cadence>
          </Trackpoint>
          <Trackpoint>
            <Time>2026-03-07T15:16:56.000Z</Time>
            <Position>
              <LatitudeDegrees>37.3390756</LatitudeDegrees>
              <LongitudeDegrees>-121.8851969</LongitudeDegrees>
            </Position>
            <AltitudeMeters>24.2</AltitudeMeters>
            <DistanceMeters>15862.41</DistanceMeters>
            <HeartRateBpm><Value>140</Value></HeartRateBpm>
            <Cadence>166</Cadence>
          </Trackpoint>
          <Trackpoint>
            <Time>2026-03-07T15:17:01.000Z</Time>
            <Position>
              <LatitudeDegrees>37.3389975</LatitudeDegrees>
              <LongitudeDegrees>-121.8852954</LongitudeDegrees>
            </Position>
            <AltitudeMeters>24.2</AltitudeMeters>
            <DistanceMeters>15874.69</DistanceMeters>
            <HeartRateBpm><Value>140</Value></HeartRateBpm>
            <Cadence>166</Cadence>
          </Trackpoint>
          <Trackpoint>
            <Time>2026-03-07T15:17:06.000Z</Time>
            <Position>
              <LatitudeDegrees>37.3389193</LatitudeDegrees>
              <LongitudeDegrees>-121.8853939</LongitudeDegrees>
            </Position>
            <AltitudeMeters>24.3</AltitudeMeters>
            <DistanceMeters>15886.98</DistanceMeters>
            <HeartRateBpm><Value>140</Value></HeartRateBpm>
            <Cadence>166</Cadence>
          </Trackpoint>
          <Trackpoint>
            <Time>2026-03-07T15:17:11.000Z</Time>
            <Position>
              <LatitudeDegrees>37.3388411</LatitudeDegrees>
              <LongitudeDegrees>-121.8854924</LongitudeDegrees>
            </Position>
            <AltitudeMeters>24.4</AltitudeMeters>
            <DistanceMeters>15899.26</DistanceMeters>
            <HeartRateBpm><Value>140</Value></HeartRateBpm>
            <Cadence>166</Cadence>
          </Trackpoint>
          <Trackpoint>
            <Time>2026-03-07T15:17:16.000Z</Time>
            <Position>
              <LatitudeDegrees>37.3387629</LatitudeDegrees>
              <LongitudeDegrees>-121.8855909</LongitudeDegrees>
            </Position>
            <AltitudeMeters>24.5</AltitudeMeters>
            <DistanceMeters>15911.55</DistanceMeters>
            <HeartRateBpm><Value>140</Value></HeartRateBpm>
            <Cadence>166</Cadence>
          </Trackpoint>
          <Trackpoint>
            <Time>2026-03-07T15:17:21.000Z</Time>
            <Position>
              <LatitudeDegrees>37.3386847</LatitudeDegrees>
              <LongitudeDegrees>-121.8856894</LongitudeDegrees>
            </Position>
            <AltitudeMeters>24.5</AltitudeMeters>
            <DistanceMeters>15923.83</DistanceMeters>
            <HeartRateBpm><Value>140</Value></HeartRateBpm>
            <Cadence>166</Cadence>
          </Trackpoint>
          <Trackpoint>
            <Time>2026-03-07T15:17:26.000Z</Time>
            <Position>
              <LatitudeDegrees>37.3386065</LatitudeDegrees>
              <LongitudeDegrees>-121.8857879</LongitudeDegrees>
            </Position>
            <AltitudeMeters>24.6</AltitudeMeters>
            <DistanceMeters>15936.12</DistanceMeters>
            <HeartRateBpm><Value>140</Value></HeartRateBpm>
            <Cadence>166</Cadence>
          </Trackpoint>
          <Trackpoint>
            <Time>2026-03-07T15:17:31.000Z</Time>
            <Position>
              <LatitudeDegrees>37.3385284</LatitudeDegrees>
              <LongitudeDegrees>-121.8858863</LongitudeDegrees>
            </Position>
            <AltitudeMeters>24.7</AltitudeMeters>
            <DistanceMeters>15948.40</DistanceMeters>
            <HeartRateBpm><Value>140</Value></HeartRateBpm>
            <Cadence>166</Cadence>
          </Trackpoint>
          <Trackpoint>
            <Time>2026-03-07T15:17:36.000Z</Time>
            <Position>
              <LatitudeDegrees>37.3384502</LatitudeDegrees>
              <LongitudeDegrees>-121.8859848</LongitudeDegrees>
            </Position>
            <AltitudeMeters>24.8</AltitudeMeters>
            <DistanceMeters>15960.69</DistanceMeters>
            <HeartRateBpm><Value>140</Value></HeartRateBpm>
            <Cadence>166</Cadence>
          </Trackpoint>
          <Trackpoint>
            <Time>2026-03-07T15:17:41.000Z</Time>
            <Position>
              <LatitudeDegrees>37.3383720</LatitudeDegrees>
              <LongitudeDegrees>-121.8860833</LongitudeDegrees>
            </Position>
            <AltitudeMeters>24.8</AltitudeMeters>
            <DistanceMeters>15972.97</DistanceMeters>
            <HeartRateBpm><Value>140</Value></HeartRateBpm>
            <Cadence>166</Cadence>
          </Trackpoint>
          <Trackpoint>
            <Time>2026-03-07T15:17:46.000Z</Time>
            <Position>
              <LatitudeDegrees>37.3382938</LatitudeDegrees>
              <LongitudeDegrees>-121.8861818</LongitudeDegrees>
            </Position>
            <AltitudeMeters>24.9</AltitudeMeters>
            <DistanceMeters>15985.26</DistanceMeters>
            <HeartRateBpm><Value>140</Value></HeartRateBpm>
            <Cadence>166</Cadence>
          </Trackpoint>
          <Trackpoint>
            <Time>2026-03-07T15:17:51.000Z</Time>
            <Position>
              <LatitudeDegrees>37.3382156</LatitudeDegrees>
              <LongitudeDegrees>-121.8862803</LongitudeDegrees>
            </Position>
            <AltitudeMeters>25</AltitudeMeters>
            <DistanceMeters>15997.54</DistanceMeters>
            <HeartRateBpm><Value>140</Value></HeartRateBpm>
            <Cadence>166</Cadence>
          </Trackpoint>
          <Trackpoint>
            <Time>2026-03-07T15:17:52.000Z</Time>
            <Position>
              <LatitudeDegrees>37.3382000</LatitudeDegrees>
              <LongitudeDegrees>-121.8863000</LongitudeDegrees>
            </Position>
            <AltitudeMeters>25</AltitudeMeters>
            <DistanceMeters>16000.00</DistanceMeters>
            <HeartRateBpm><Value>140</Value></HeartRateBpm>
            <Cadence>166</Cadence>
          </Trackpoint>
        </Track>
      </Lap>
    </Activity>
  </Activities>
</TrainingCenterDatabase>