<?xml version="1.0" encoding="UTF-8"?>
<TrainingCenterDatabase
  xmlns="http://www.garmin.com/xmlschemas/TrainingCenterDatabase/v2"
  xmlns:xsi="http://www.w3.org/2001/XMLSchema-instance"
  xsi:schemaLocation="http://www.garmin.com/xmlschemas/TrainingCenterDatabase/v2 https://www.garmin.com/xmlschemas/TrainingCenterDatabasev2.xsd">
  <Activities>
    <Activity Sport="Running">
      <Id>2026-04-30T13:30:00.000Z</Id>
      <Lap StartTime="2026-04-30T13:30:00.000Z">
        <TotalTimeSeconds>794</TotalTimeSeconds>
        <DistanceMeters>2000</DistanceMeters>
        <AverageHeartRateBpm><Value>139</Value></AverageHeartRateBpm>
        <MaximumHeartRateBpm><Value>151</Value></MaximumHeartRateBpm>
        <Intensity>Active</Intensity>
        <TriggerMethod>Manual</TriggerMethod>
        <Track>
          <Trackpoint>
            <Time>2026-04-30T13:30:00.000Z</Time>
            <Position>
              <LatitudeDegrees>37.3382000</LatitudeDegrees>
              <LongitudeDegrees>-121.8863000</LongitudeDegrees>
            </Position>
            <AltitudeMeters>25</AltitudeMeters>
            <DistanceMeters>0.00</DistanceMeters>
            <HeartRateBpm><Value>131</Value></HeartRateBpm>
            <Cadence>172</Cadence>
          </Trackpoint>
          <Trackpoint>
            <Time>2026-04-30T13:30:05.000Z</Time>
            <Position>
              <LatitudeDegrees>37.3382802</LatitudeDegrees>
              <LongitudeDegrees>-121.8861990</LongitudeDegrees>
            </Position>
            <AltitudeMeters>25.1</AltitudeMeters>
            <DistanceMeters>12.59</DistanceMeters>
            <HeartRateBpm><Value>131</Value></HeartRateBpm>
            <Cadence>172</Cadence>
          </Trackpoint>
          <Trackpoint>
            <Time>2026-04-30T13:30:10.000Z</Time>
            <Position>
              <LatitudeDegrees>37.3383603</LatitudeDegrees>
              <LongitudeDegrees>-121.8860981</LongitudeDegrees>
            </Position>
            <AltitudeMeters>25.2</AltitudeMeters>
            <DistanceMeters>25.19</DistanceMeters>
            <HeartRateBpm><Value>132</Value></HeartRateBpm>
            <Cadence>172</Cadence>
          </Trackpoint>
          <Trackpoint>
            <Time>2026-04-30T13:30:15.000Z</Time>
            <Position>
              <LatitudeDegrees>37.3384405</LatitudeDegrees>
              <LongitudeDegrees>-121.8859971</LongitudeDegrees>
            </Position>
            <AltitudeMeters>25.2</AltitudeMeters>
            <DistanceMeters>37.78</DistanceMeters>
            <HeartRateBpm><Value>132</Value></HeartRateBpm>
            <Cadence>172</Cadence>
          </Trackpoint>
          <Trackpoint>
            <Time>2026-04-30T13:30:20.000Z</Time>
            <Position>
              <LatitudeDegrees>37.3385206</LatitudeDegrees>
              <LongitudeDegrees>-121.8858961</LongitudeDegrees>
            </Position>
            <AltitudeMeters>25.3</AltitudeMeters>
            <DistanceMeters>50.38</DistanceMeters>
            <HeartRateBpm><Value>132</Value></HeartRateBpm>
            <Cadence>172</Cadence>
          </Trackpoint>
          <Trackpoint>
            <Time>2026-04-30T13:30:25.000Z</Time>
            <Position>
              <LatitudeDegrees>37.3386008</LatitudeDegrees>
              <LongitudeDegrees>-121.8857951</LongitudeDegrees>
            </Position>
            <AltitudeMeters>25.4</AltitudeMeters>
            <DistanceMeters>62.97</DistanceMeters>
            <HeartRateBpm><Value>133</Value></HeartRateBpm>
            <Cadence>172</Cadence>
          </Trackpoint>
          <Trackpoint>
            <Time>2026-04-30T13:30:30.000Z</Time>
            <Position>
              <LatitudeDegrees>37.3386809</LatitudeDegrees>
              <LongitudeDegrees>-121.8856942</LongitudeDegrees>
            </Position>
            <AltitudeMeters>25.5</AltitudeMeters>
            <DistanceMeters>75.57</DistanceMeters>
            <HeartRateBpm><Value>133</Value></HeartRateBpm>
            <Cadence>172</Cadence>
          </Trackpoint>
          <Trackpoint>
            <Time>2026-04-30T13:30:35.000Z</Time>
            <Position>
              <LatitudeDegrees>37.3387611</LatitudeDegrees>
              <LongitudeDegrees>-121.8855932</LongitudeDegrees>
            </Position>
            <AltitudeMeters>25.5</AltitudeMeters>
            <DistanceMeters>88.16</DistanceMeters>
            <HeartRateBpm><Value>133</Value></HeartRateBpm>
            <Cadence>172</Cadence>
          </Trackpoint>
          <Trackpoint>
            <Time>2026-04-30T13:30:40.000Z</Time>
            <Position>
              <LatitudeDegrees>37.3388412</LatitudeDegrees>
              <LongitudeDegrees>-121.8854922</LongitudeDegrees>
            </Position>
            <AltitudeMeters>25.6</AltitudeMeters>
            <DistanceMeters>100.76</DistanceMeters>
            <HeartRateBpm><Value>134</Value></HeartRateBpm>
            <Cadence>172</Cadence>
          </Trackpoint>
          <Trackpoint>
            <Time>2026-04-30T13:30:45.000Z</Time>
            <Position>
              <LatitudeDegrees>37.3389214</LatitudeDegrees>
              <LongitudeDegrees>-121.8853913</LongitudeDegrees>
            </Position>
            <AltitudeMeters>25.7</AltitudeMeters>
            <DistanceMeters>113.35</DistanceMeters>
            <HeartRateBpm><Value>134</Value></HeartRateBpm>
            <Cadence>172</Cadence>
          </Trackpoint>
          <Trackpoint>
            <Time>2026-04-30T13:30:50.000Z</Time>
            <Position>
              <LatitudeDegrees>37.3390015</LatitudeDegrees>
              <LongitudeDegrees>-121.8852903</LongitudeDegrees>
            </Position>
            <AltitudeMeters>25.8</AltitudeMeters>
            <DistanceMeters>125.94</DistanceMeters>
            <HeartRateBpm><Value>134</Value></HeartRateBpm>
            <Cadence>172</Cadence>
          </Trackpoint>
          <Trackpoint>
            <Time>2026-04-30T13:30:55.000Z</Time>
            <Position>
              <LatitudeDegrees>37.3390817</LatitudeDegrees>
              <LongitudeDegrees>-121.8851893</LongitudeDegrees>
            </Position>
            <AltitudeMeters>25.8</AltitudeMeters>
            <DistanceMeters>138.54</DistanceMeters>
            <HeartRateBpm><Value>135</Value></HeartRateBpm>
            <Cadence>172</Cadence>
          </Trackpoint>
          <Trackpoint>
            <Time>2026-04-30T13:31:00.000Z</Time>
            <Position>
              <LatitudeDegrees>37.3391618</LatitudeDegrees>
              <LongitudeDegrees>-121.8850884</LongitudeDegrees>
            </Position>
            <AltitudeMeters>25.9</AltitudeMeters>
            <DistanceMeters>151.13</DistanceMeters>
            <HeartRateBpm><Value>135</Value></HeartRateBpm>
            <Cadence>172</Cadence>
          </Trackpoint>
          <Trackpoint>
            <Time>2026-04-30T13:31:05.000Z</Time>
            <Position>
              <LatitudeDegrees>37.3392420</LatitudeDegrees>
              <LongitudeDegrees>-121.8849874</LongitudeDegrees>
            </Position>
            <AltitudeMeters>26</AltitudeMeters>
            <DistanceMeters>163.73</DistanceMeters>
            <HeartRateBpm><Value>135</Value></HeartRateBpm>
            <Cadence>172</Cadence>
          </Trackpoint>
          <Trackpoint>
            <Time>2026-04-30T13:31:10.000Z</Time>
            <Position>
              <LatitudeDegrees>37.3393221</LatitudeDegrees>
              <LongitudeDegrees>-121.8848864</LongitudeDegrees>
            </Position>
            <AltitudeMeters>26.1</AltitudeMeters>
            <DistanceMeters>176.32</DistanceMeters>
            <HeartRateBpm><Value>136</Value></HeartRateBpm>
            <Cadence>172</Cadence>
          </Trackpoint>
          <Trackpoint>
            <Time>2026-04-30T13:31:15.000Z</Time>
            <Position>
              <LatitudeDegrees>37.3394023</LatitudeDegrees>
              <LongitudeDegrees>-121.8847854</LongitudeDegrees>
            </Position>
            <AltitudeMeters>26.1</AltitudeMeters>
            <DistanceMeters>188.92</DistanceMeters>
            <HeartRateBpm><Value>136</Value></HeartRateBpm>
            <Cadence>172</Cadence>
          </Trackpoint>
          <Trackpoint>
            <Time>2026-04-30T13:31:20.000Z</Time>
            <Position>
              <LatitudeDegrees>37.3394824</LatitudeDegrees>
              <LongitudeDegrees>-121.8846845</LongitudeDegrees>
            </Position>
            <AltitudeMeters>26.2</AltitudeMeters>
            <DistanceMeters>201.51</DistanceMeters>
            <HeartRateBpm><Value>136</Value></HeartRateBpm>
            <Cadence>172</Cadence>
          </Trackpoint>
          <Trackpoint>
            <Time>2026-04-30T13:31:25.000Z</Time>
            <Position>
              <LatitudeDegrees>37.3395626</LatitudeDegrees>
              <LongitudeDegrees>-121.8845835</LongitudeDegrees>
            </Position>
            <AltitudeMeters>26.2</AltitudeMeters>
            <DistanceMeters>214.11</DistanceMeters>
            <HeartRateBpm><Value>137</Value></HeartRateBpm>
            <Cadence>172</Cadence>
          </Trackpoint>
          <Trackpoint>
            <Time>2026-04-30T13:31:30.000Z</Time>
            <Position>
              <LatitudeDegrees>37.3396427</LatitudeDegrees>
              <LongitudeDegrees>-121.8844825</LongitudeDegrees>
            </Position>
            <AltitudeMeters>26.3</AltitudeMeters>
            <DistanceMeters>226.70</DistanceMeters>
            <HeartRateBpm><Value>137</Value></HeartRateBpm>
            <Cadence>172</Cadence>
          </Trackpoint>
          <Trackpoint>
            <Time>2026-04-30T13:31:35.000Z</Time>
            <Position>
              <LatitudeDegrees>37.3397229</LatitudeDegrees>
              <LongitudeDegrees>-121.8843816</LongitudeDegrees>
            </Position>
            <AltitudeMeters>26.4</AltitudeMeters>
            <DistanceMeters>239.29</DistanceMeters>
            <HeartRateBpm><Value>137</Value></HeartRateBpm>
            <Cadence>172</Cadence>
          </Trackpoint>
          <Trackpoint>
            <Time>2026-04-30T13:31:40.000Z</Time>
            <Position>
              <LatitudeDegrees>37.3398030</LatitudeDegrees>
              <LongitudeDegrees>-121.8842806</LongitudeDegrees>
            </Position>
            <AltitudeMeters>26.4</AltitudeMeters>
            <DistanceMeters>251.89</DistanceMeters>
            <HeartRateBpm><Value>138</Value></HeartRateBpm>
            <Cadence>172</Cadence>
          </Trackpoint>
          <Trackpoint>
            <Time>2026-04-30T13:31:45.000Z</Time>
            <Position>
              <LatitudeDegrees>37.3398832</LatitudeDegrees>
              <LongitudeDegrees>-121.8841796</LongitudeDegrees>
            </Position>
            <AltitudeMeters>26.5</AltitudeMeters>
            <DistanceMeters>264.48</DistanceMeters>
            <HeartRateBpm><Value>138</Value></HeartRateBpm>
            <Cadence>172</Cadence>
          </Trackpoint>
          <Trackpoint>
            <Time>2026-04-30T13:31:50.000Z</Time>
            <Position>
              <LatitudeDegrees>37.3399633</LatitudeDegrees>
              <LongitudeDegrees>-121.8840786</LongitudeDegrees>
            </Position>
            <AltitudeMeters>26.5</AltitudeMeters>
            <DistanceMeters>277.08</DistanceMeters>
            <HeartRateBpm><Value>138</Value></HeartRateBpm>
            <Cadence>172</Cadence>
          </Trackpoint>
          <Trackpoint>
            <Time>2026-04-30T13:31:55.000Z</Time>
            <Position>
              <LatitudeDegrees>37.3400435</LatitudeDegrees>
              <LongitudeDegrees>-121.8839777</LongitudeDegrees>
            </Position>
            <AltitudeMeters>26.6</AltitudeMeters>
            <DistanceMeters>289.67</DistanceMeters>
            <HeartRateBpm><Value>139</Value></HeartRateBpm>
            <Cadence>172</Cadence>
          </Trackpoint>
          <Trackpoint>
            <Time>2026-04-30T13:32:00.000Z</Time>
            <Position>
              <LatitudeDegrees>37.3401236</LatitudeDegrees>
              <LongitudeDegrees>-121.8838767</LongitudeDegrees>
            </Position>
            <AltitudeMeters>26.6</AltitudeMeters>
            <DistanceMeters>302.27</DistanceMeters>
            <HeartRateBpm><Value>139</Value></HeartRateBpm>
            <Cadence>172</Cadence>
          </Trackpoint>
          <Trackpoint>
            <Time>2026-04-30T13:32:05.000Z</Time>
            <Position>
              <LatitudeDegrees>37.3402038</LatitudeDegrees>
              <LongitudeDegrees>-121.8837757</LongitudeDegrees>
            </Position>
            <AltitudeMeters>26.7</AltitudeMeters>
            <DistanceMeters>314.86</DistanceMeters>
            <HeartRateBpm><Value>139</Value></HeartRateBpm>
            <Cadence>172</Cadence>
          </Trackpoint>
          <Trackpoint>
            <Time>2026-04-30T13:32:10.000Z</Time>
            <Position>
              <LatitudeDegrees>37.3402839</LatitudeDegrees>
              <LongitudeDegrees>-121.8836748</LongitudeDegrees>
            </Position>
            <AltitudeMeters>26.7</AltitudeMeters>
            <DistanceMeters>327.46</DistanceMeters>
            <HeartRateBpm><Value>139</Value></HeartRateBpm>
            <Cadence>172</Cadence>
          </Trackpoint>
          <Trackpoint>
            <Time>2026-04-30T13:32:15.000Z</Time>
            <Position>
              <LatitudeDegrees>37.3403641</LatitudeDegrees>
              <LongitudeDegrees>-121.8835738</LongitudeDegrees>
            </Position>
            <AltitudeMeters>26.8</AltitudeMeters>
            <DistanceMeters>340.05</DistanceMeters>
            <HeartRateBpm><Value>139</Value></HeartRateBpm>
            <Cadence>172</Cadence>
          </Trackpoint>
          <Trackpoint>
            <Time>2026-04-30T13:32:20.000Z</Time>
            <Position>
              <LatitudeDegrees>37.3404442</LatitudeDegrees>
              <LongitudeDegrees>-121.8834728</LongitudeDegrees>
            </Position>
            <AltitudeMeters>26.8</AltitudeMeters>
            <DistanceMeters>352.64</DistanceMeters>
            <HeartRateBpm><Value>139</Value></HeartRateBpm>
            <Cadence>172</Cadence>
          </Trackpoint>
          <Trackpoint>
            <Time>2026-04-30T13:32:25.000Z</Time>
            <Position>
              <LatitudeDegrees>37.3405244</LatitudeDegrees>
              <LongitudeDegrees>-121.8833718</LongitudeDegrees>
            </Position>
            <AltitudeMeters>26.8</AltitudeMeters>
            <DistanceMeters>365.24</DistanceMeters>
            <HeartRateBpm><Value>139</Value></HeartRateBpm>
            <Cadence>172</Cadence>
          </Trackpoint>
          <Trackpoint>
            <Time>2026-04-30T13:32:30.000Z</Time>
            <Position>
              <LatitudeDegrees>37.3406045</LatitudeDegrees>
              <LongitudeDegrees>-121.8832709</LongitudeDegrees>
            </Position>
            <AltitudeMeters>26.9</AltitudeMeters>
            <DistanceMeters>377.83</DistanceMeters>
            <HeartRateBpm><Value>139</Value></HeartRateBpm>
            <Cadence>172</Cadence>
          </Trackpoint>
          <Trackpoint>
            <Time>2026-04-30T13:32:35.000Z</Time>
            <Position>
              <LatitudeDegrees>37.3406847</LatitudeDegrees>
              <LongitudeDegrees>-121.8831699</LongitudeDegrees>
            </Position>
            <AltitudeMeters>26.9</AltitudeMeters>
            <DistanceMeters>390.43</DistanceMeters>
            <HeartRateBpm><Value>139</Value></HeartRateBpm>
            <Cadence>172</Cadence>
          </Trackpoint>
          <Trackpoint>
            <Time>2026-04-30T13:32:40.000Z</Time>
            <Position>
              <LatitudeDegrees>37.3407648</LatitudeDegrees>
              <LongitudeDegrees>-121.8830689</LongitudeDegrees>
            </Position>
            <AltitudeMeters>26.9</AltitudeMeters>
            <DistanceMeters>403.02</DistanceMeters>
            <HeartRateBpm><Value>139</Value></HeartRateBpm>
            <Cadence>172</Cadence>
          </Trackpoint>
          <Trackpoint>
            <Time>2026-04-30T13:32:45.000Z</Time>
            <Position>
              <LatitudeDegrees>37.3408450</LatitudeDegrees>
              <LongitudeDegrees>-121.8829680</LongitudeDegrees>
            </Position>
            <AltitudeMeters>26.9</AltitudeMeters>
            <DistanceMeters>415.62</DistanceMeters>
            <HeartRateBpm><Value>139</Value></HeartRateBpm>
            <Cadence>172</Cadence>
          </Trackpoint>
          <Trackpoint>
            <Time>2026-04-30T13:32:50.000Z</Time>
            <Position>
              <LatitudeDegrees>37.3409251</LatitudeDegrees>
              <LongitudeDegrees>-121.8828670</LongitudeDegrees>
            </Position>
            <AltitudeMeters>26.9</AltitudeMeters>
            <DistanceMeters>428.21</DistanceMeters>
            <HeartRateBpm><Value>139</Value></HeartRateBpm>
            <Cadence>172</Cadence>
          </Trackpoint>
          <Trackpoint>
            <Time>2026-04-30T13:32:55.000Z</Time>
            <Position>
              <LatitudeDegrees>37.3410053</LatitudeDegrees>
              <LongitudeDegrees>-121.8827660</LongitudeDegrees>
            </Position>
            <AltitudeMeters>27</AltitudeMeters>
            <DistanceMeters>440.81</DistanceMeters>
            <HeartRateBpm><Value>139</Value></HeartRateBpm>
            <Cadence>172</Cadence>
          </Trackpoint>
          <Trackpoint>
            <Time>2026-04-30T13:33:00.000Z</Time>
            <Position>
              <LatitudeDegrees>37.3410854</LatitudeDegrees>
              <LongitudeDegrees>-121.8826651</LongitudeDegrees>
            </Position>
            <AltitudeMeters>27</AltitudeMeters>
            <DistanceMeters>453.40</DistanceMeters>
            <HeartRateBpm><Value>139</Value></HeartRateBpm>
            <Cadence>172</Cadence>
          </Trackpoint>
          <Trackpoint>
            <Time>2026-04-30T13:33:05.000Z</Time>
            <Position>
              <LatitudeDegrees>37.3411656</LatitudeDegrees>
              <LongitudeDegrees>-121.8825641</LongitudeDegrees>
            </Position>
            <AltitudeMeters>27</AltitudeMeters>
            <DistanceMeters>465.99</DistanceMeters>
            <HeartRateBpm><Value>139</Value></HeartRateBpm>
            <Cadence>172</Cadence>
          </Trackpoint>
          <Trackpoint>
            <Time>2026-04-30T13:33:10.000Z</Time>
            <Position>
              <LatitudeDegrees>37.3412457</LatitudeDegrees>
              <LongitudeDegrees>-121.8824631</LongitudeDegrees>
            </Position>
            <AltitudeMeters>27</AltitudeMeters>
            <DistanceMeters>478.59</DistanceMeters>
            <HeartRateBpm><Value>139</Value></HeartRateBpm>
            <Cadence>172</Cadence>
          </Trackpoint>
          <Trackpoint>
            <Time>2026-04-30T13:33:15.000Z</Time>
            <Position>
              <LatitudeDegrees>37.3413259</LatitudeDegrees>
              <LongitudeDegrees>-121.8823621</LongitudeDegrees>
            </Position>
            <AltitudeMeters>27</AltitudeMeters>
            <DistanceMeters>491.18</DistanceMeters>
            <HeartRateBpm><Value>139</Value></HeartRateBpm>
            <Cadence>172</Cadence>
          </Trackpoint>
          <Trackpoint>
            <Time>2026-04-30T13:33:20.000Z</Time>
            <Position>
              <LatitudeDegrees>37.3414060</LatitudeDegrees>
              <LongitudeDegrees>-121.8822612</LongitudeDegrees>
            </Position>
            <AltitudeMeters>27</AltitudeMeters>
            <DistanceMeters>503.78</DistanceMeters>
            <HeartRateBpm><Value>139</Value></HeartRateBpm>
            <Cadence>172</Cadence>
          </Trackpoint>
          <Trackpoint>
            <Time>2026-04-30T13:33:25.000Z</Time>
            <Position>
              <LatitudeDegrees>37.3414862</LatitudeDegrees>
              <LongitudeDegrees>-121.8821602</LongitudeDegrees>
            </Position>
            <AltitudeMeters>27</AltitudeMeters>
            <DistanceMeters>516.37</DistanceMeters>
            <HeartRateBpm><Value>139</Value></HeartRateBpm>
            <Cadence>172</Cadence>
          </Trackpoint>
          <Trackpoint>
            <Time>2026-04-30T13:33:30.000Z</Time>
            <Position>
              <LatitudeDegrees>37.3415663</LatitudeDegrees>
              <LongitudeDegrees>-121.8820592</LongitudeDegrees>
            </Position>
            <AltitudeMeters>27</AltitudeMeters>
            <DistanceMeters>528.97</DistanceMeters>
            <HeartRateBpm><Value>139</Value></HeartRateBpm>
            <Cadence>172</Cadence>
          </Trackpoint>
          <Trackpoint>
            <Time>2026-04-30T13:33:35.000Z</Time>
            <Position>
              <LatitudeDegrees>37.3416465</LatitudeDegrees>
              <LongitudeDegrees>-121.8819583</LongitudeDegrees>
            </Position>
            <AltitudeMeters>27</AltitudeMeters>
            <DistanceMeters>541.56</DistanceMeters>
            <HeartRateBpm><Value>139</Value></HeartRateBpm>
            <Cadence>172</Cadence>
          </Trackpoint>
          <Trackpoint>
            <Time>2026-04-30T13:33:40.000Z</Time>
            <Position>
              <LatitudeDegrees>37.3417266</LatitudeDegrees>
              <LongitudeDegrees>-121.8818573</LongitudeDegrees>
            </Position>
            <AltitudeMeters>27</AltitudeMeters>
            <DistanceMeters>554.16</DistanceMeters>
            <HeartRateBpm><Value>139</Value></HeartRateBpm>
            <Cadence>172</Cadence>
          </Trackpoint>
          <Trackpoint>
            <Time>2026-04-30T13:33:45.000Z</Time>
            <Position>
              <LatitudeDegrees>37.3418068</LatitudeDegrees>
              <LongitudeDegrees>-121.8817563</LongitudeDegrees>
            </Position>
            <AltitudeMeters>27</AltitudeMeters>
            <DistanceMeters>566.75</DistanceMeters>
            <HeartRateBpm><Value>139</Value></HeartRateBpm>
            <Cadence>172</Cadence>
          </Trackpoint>
          <Trackpoint>
            <Time>2026-04-30T13:33:50.000Z</Time>
            <Position>
              <LatitudeDegrees>37.3418869</LatitudeDegrees>
              <LongitudeDegrees>-121.8816553</LongitudeDegrees>
            </Position>
            <AltitudeMeters>26.9</AltitudeMeters>
            <DistanceMeters>579.35</DistanceMeters>
            <HeartRateBpm><Value>139</Value></HeartRateBpm>
            <Cadence>172</Cadence>
          </Trackpoint>
          <Trackpoint>
            <Time>2026-04-30T13:33:55.000Z</Time>
            <Position>
              <LatitudeDegrees>37.3419671</LatitudeDegrees>
              <LongitudeDegrees>-121.8815544</LongitudeDegrees>
            </Position>
            <AltitudeMeters>26.9</AltitudeMeters>
            <DistanceMeters>591.94</DistanceMeters>
            <HeartRateBpm><Value>139</Value></HeartRateBpm>
            <Cadence>172</Cadence>
          </Trackpoint>
          <Trackpoint>
            <Time>2026-04-30T13:34:00.000Z</Time>
            <Position>
              <LatitudeDegrees>37.3420472</LatitudeDegrees>
              <LongitudeDegrees>-121.8814534</LongitudeDegrees>
            </Position>
            <AltitudeMeters>26.9</AltitudeMeters>
            <DistanceMeters>604.53</DistanceMeters>
            <HeartRateBpm><Value>139</Value></HeartRateBpm>
            <Cadence>172</Cadence>
          </Trackpoint>
          <Trackpoint>
            <Time>2026-04-30T13:34:05.000Z</Time>
            <Position>
              <LatitudeDegrees>37.3421274</LatitudeDegrees>
              <LongitudeDegrees>-121.8813524</LongitudeDegrees>
            </Position>
            <AltitudeMeters>26.9</AltitudeMeters>
            <DistanceMeters>617.13</DistanceMeters>
            <HeartRateBpm><Value>139</Value></HeartRateBpm>
            <Cadence>172</Cadence>
          </Trackpoint>
          <Trackpoint>
            <Time>2026-04-30T13:34:10.000Z</Time>
            <Position>
              <LatitudeDegrees>37.3422075</LatitudeDegrees>
              <LongitudeDegrees>-121.8812515</LongitudeDegrees>
            </Position>
            <AltitudeMeters>26.8</AltitudeMeters>
            <DistanceMeters>629.72</DistanceMeters>
            <HeartRateBpm><Value>139</Value></HeartRateBpm>
            <Cadence>172</Cadence>
          </Trackpoint>
          <Trackpoint>
            <Time>2026-04-30T13:34:15.000Z</Time>
            <Position>
              <LatitudeDegrees>37.3422877</LatitudeDegrees>
              <LongitudeDegrees>-121.8811505</LongitudeDegrees>
            </Position>
            <AltitudeMeters>26.8</AltitudeMeters>
            <DistanceMeters>642.32</DistanceMeters>
            <HeartRateBpm><Value>139</Value></HeartRateBpm>
            <Cadence>172</Cadence>
          </Trackpoint>
          <Trackpoint>
            <Time>2026-04-30T13:34:20.000Z</Time>
            <Position>
              <LatitudeDegrees>37.3423678</LatitudeDegrees>
              <LongitudeDegrees>-121.8810495</LongitudeDegrees>
            </Position>
            <AltitudeMeters>26.8</AltitudeMeters>
            <DistanceMeters>654.91</DistanceMeters>
            <HeartRateBpm><Value>139</Value></HeartRateBpm>
            <Cadence>172</Cadence>
          </Trackpoint>
          <Trackpoint>
            <Time>2026-04-30T13:34:25.000Z</Time>
            <Position>
              <LatitudeDegrees>37.3424480</LatitudeDegrees>
              <LongitudeDegrees>-121.8809485</LongitudeDegrees>
            </Position>
            <AltitudeMeters>26.7</AltitudeMeters>
            <DistanceMeters>667.51</DistanceMeters>
            <HeartRateBpm><Value>139</Value></HeartRateBpm>
            <Cadence>172</Cadence>
          </Trackpoint>
          <Trackpoint>
            <Time>2026-04-30T13:34:30.000Z</Time>
            <Position>
              <LatitudeDegrees>37.3425281</LatitudeDegrees>
              <LongitudeDegrees>-121.8808476</LongitudeDegrees>
            </Position>
            <AltitudeMeters>26.7</AltitudeMeters>
            <DistanceMeters>680.10</DistanceMeters>
            <HeartRateBpm><Value>139</Value></HeartRateBpm>
            <Cadence>172</Cadence>
          </Trackpoint>
          <Trackpoint>
            <Time>2026-04-30T13:34:35.000Z</Time>
            <Position>
              <LatitudeDegrees>37.3426083</LatitudeDegrees>
              <LongitudeDegrees>-121.8807466</LongitudeDegrees>
            </Position>
            <AltitudeMeters>26.6</AltitudeMeters>
            <DistanceMeters>692.70</DistanceMeters>
            <HeartRateBpm><Value>139</Value></HeartRateBpm>
            <Cadence>172</Cadence>
          </Trackpoint>
          <Trackpoint>
            <Time>2026-04-30T13:34:40.000Z</Time>
            <Position>
              <LatitudeDegrees>37.3426884</LatitudeDegrees>
              <LongitudeDegrees>-121.8806456</LongitudeDegrees>
            </Position>
            <AltitudeMeters>26.6</AltitudeMeters>
            <DistanceMeters>705.29</DistanceMeters>
            <HeartRateBpm><Value>139</Value></HeartRateBpm>
            <Cadence>172</Cadence>
          </Trackpoint>
          <Trackpoint>
            <Time>2026-04-30T13:34:45.000Z</Time>
            <Position>
              <LatitudeDegrees>37.3427686</LatitudeDegrees>
              <LongitudeDegrees>-121.8805447</LongitudeDegrees>
            </Position>
            <AltitudeMeters>26.5</AltitudeMeters>
            <DistanceMeters>717.88</DistanceMeters>
            <HeartRateBpm><Value>139</Value></HeartRateBpm>
            <Cadence>172</Cadence>
          </Trackpoint>
          <Trackpoint>
            <Time>2026-04-30T13:34:50.000Z</Time>
            <Position>
              <LatitudeDegrees>37.3428487</LatitudeDegrees>
              <LongitudeDegrees>-121.8804437</LongitudeDegrees>
            </Position>
            <AltitudeMeters>26.5</AltitudeMeters>
            <DistanceMeters>730.48</DistanceMeters>
            <HeartRateBpm><Value>139</Value></HeartRateBpm>
            <Cadence>172</Cadence>
          </Trackpoint>
          <Trackpoint>
            <Time>2026-04-30T13:34:55.000Z</Time>
            <Position>
              <LatitudeDegrees>37.3429289</LatitudeDegrees>
              <LongitudeDegrees>-121.8803427</LongitudeDegrees>
            </Position>
            <AltitudeMeters>26.4</AltitudeMeters>
            <DistanceMeters>743.07</DistanceMeters>
            <HeartRateBpm><Value>139</Value></HeartRateBpm>
            <Cadence>172</Cadence>
          </Trackpoint>
          <Trackpoint>
            <Time>2026-04-30T13:35:00.000Z</Time>
            <Position>
              <LatitudeDegrees>37.3430090</LatitudeDegrees>
              <LongitudeDegrees>-121.8802418</LongitudeDegrees>
            </Position>
            <AltitudeMeters>26.4</AltitudeMeters>
            <DistanceMeters>755.67</DistanceMeters>
            <HeartRateBpm><Value>139</Value></HeartRateBpm>
            <Cadence>172</Cadence>
          </Trackpoint>
          <Trackpoint>
            <Time>2026-04-30T13:35:05.000Z</Time>
            <Position>
              <LatitudeDegrees>37.3430892</LatitudeDegrees>
              <LongitudeDegrees>-121.8801408</LongitudeDegrees>
            </Position>
            <AltitudeMeters>26.3</AltitudeMeters>
            <DistanceMeters>768.26</DistanceMeters>
            <HeartRateBpm><Value>139</Value></HeartRateBpm>
            <Cadence>172</Cadence>
          </Trackpoint>
          <Trackpoint>
            <Time>2026-04-30T13:35:10.000Z</Time>
            <Position>
              <LatitudeDegrees>37.3431693</LatitudeDegrees>
              <LongitudeDegrees>-121.8800398</LongitudeDegrees>
            </Position>
            <AltitudeMeters>26.3</AltitudeMeters>
            <DistanceMeters>780.86</DistanceMeters>
            <HeartRateBpm><Value>139</Value></HeartRateBpm>
            <Cadence>172</Cadence>
          </Trackpoint>
          <Trackpoint>
            <Time>2026-04-30T13:35:15.000Z</Time>
            <Position>
              <LatitudeDegrees>37.3432495</LatitudeDegrees>
              <LongitudeDegrees>-121.8799388</LongitudeDegrees>
            </Position>
            <AltitudeMeters>26.2</AltitudeMeters>
            <DistanceMeters>793.45</DistanceMeters>
            <HeartRateBpm><Value>139</Value></HeartRateBpm>
            <Cadence>172</Cadence>
          </Trackpoint>
          <Trackpoint>
            <Time>2026-04-30T13:35:20.000Z</Time>
            <Position>
              <LatitudeDegrees>37.3433296</LatitudeDegrees>
              <LongitudeDegrees>-121.8798379</LongitudeDegrees>
            </Position>
            <AltitudeMeters>26.1</AltitudeMeters>
            <DistanceMeters>806.05</DistanceMeters>
            <HeartRateBpm><Value>139</Value></HeartRateBpm>
            <Cadence>172</Cadence>
          </Trackpoint>
          <Trackpoint>
            <Time>2026-04-30T13:35:25.000Z</Time>
            <Position>
              <LatitudeDegrees>37.3434098</LatitudeDegrees>
              <LongitudeDegrees>-121.8797369</LongitudeDegrees>
            </Position>
            <AltitudeMeters>26.1</AltitudeMeters>
            <DistanceMeters>818.64</DistanceMeters>
            <HeartRateBpm><Value>139</Value></HeartRateBpm>
            <Cadence>172</Cadence>
          </Trackpoint>
          <Trackpoint>
            <Time>2026-04-30T13:35:30.000Z</Time>
            <Position>
              <LatitudeDegrees>37.3434899</LatitudeDegrees>
              <LongitudeDegrees>-121.8796359</LongitudeDegrees>
            </Position>
            <AltitudeMeters>26</AltitudeMeters>
            <DistanceMeters>831.23</DistanceMeters>
            <HeartRateBpm><Value>139</Value></HeartRateBpm>
            <Cadence>172</Cadence>
          </Trackpoint>
          <Trackpoint>
            <Time>2026-04-30T13:35:35.000Z</Time>
            <Position>
              <LatitudeDegrees>37.3435701</LatitudeDegrees>
              <LongitudeDegrees>-121.8795350</LongitudeDegrees>
            </Position>
            <AltitudeMeters>25.9</AltitudeMeters>
            <DistanceMeters>843.83</DistanceMeters>
            <HeartRateBpm><Value>139</Value></HeartRateBpm>
            <Cadence>172</Cadence>
          </Trackpoint>
          <Trackpoint>
            <Time>2026-04-30T13:35:40.000Z</Time>
            <Position>
              <LatitudeDegrees>37.3436502</LatitudeDegrees>
              <LongitudeDegrees>-121.8794340</LongitudeDegrees>
            </Position>
            <AltitudeMeters>25.9</AltitudeMeters>
            <DistanceMeters>856.42</DistanceMeters>
            <HeartRateBpm><Value>139</Value></HeartRateBpm>
            <Cadence>172</Cadence>
          </Trackpoint>
          <Trackpoint>
            <Time>2026-04-30T13:35:45.000Z</Time>
            <Position>
              <LatitudeDegrees>37.3437304</LatitudeDegrees>
              <LongitudeDegrees>-121.8793330</LongitudeDegrees>
            </Position>
            <AltitudeMeters>25.8</AltitudeMeters>
            <DistanceMeters>869.02</DistanceMeters>
            <HeartRateBpm><Value>139</Value></HeartRateBpm>
            <Cadence>172</Cadence>
          </Trackpoint>
          <Trackpoint>
            <Time>2026-04-30T13:35:50.000Z</Time>
            <Position>
              <LatitudeDegrees>37.3438106</LatitudeDegrees>
              <LongitudeDegrees>-121.8792320</LongitudeDegrees>
            </Position>
            <AltitudeMeters>25.7</AltitudeMeters>
            <DistanceMeters>881.61</DistanceMeters>
            <HeartRateBpm><Value>139</Value></HeartRateBpm>
            <Cadence>172</Cadence>
          </Trackpoint>
          <Trackpoint>
            <Time>2026-04-30T13:35:55.000Z</Time>
            <Position>
              <LatitudeDegrees>37.3438907</LatitudeDegrees>
              <LongitudeDegrees>-121.8791311</LongitudeDegrees>
            </Position>
            <AltitudeMeters>25.7</AltitudeMeters>
            <DistanceMeters>894.21</DistanceMeters>
            <HeartRateBpm><Value>139</Value></HeartRateBpm>
            <Cadence>172</Cadence>
          </Trackpoint>
          <Trackpoint>
            <Time>2026-04-30T13:36:00.000Z</Time>
            <Position>
              <LatitudeDegrees>37.3439709</LatitudeDegrees>
              <LongitudeDegrees>-121.8790301</LongitudeDegrees>
            </Position>
            <AltitudeMeters>25.6</AltitudeMeters>
            <DistanceMeters>906.80</DistanceMeters>
            <HeartRateBpm><Value>139</Value></HeartRateBpm>
            <Cadence>172</Cadence>
          </Trackpoint>
          <Trackpoint>
            <Time>2026-04-30T13:36:05.000Z</Time>
            <Position>
              <LatitudeDegrees>37.3440510</LatitudeDegrees>
              <LongitudeDegrees>-121.8789291</LongitudeDegrees>
            </Position>
            <AltitudeMeters>25.5</AltitudeMeters>
            <DistanceMeters>919.40</DistanceMeters>
            <HeartRateBpm><Value>139</Value></HeartRateBpm>
            <Cadence>172</Cadence>
          </Trackpoint>
          <Trackpoint>
            <Time>2026-04-30T13:36:10.000Z</Time>
            <Position>
              <LatitudeDegrees>37.3441312</LatitudeDegrees>
              <LongitudeDegrees>-121.8788282</LongitudeDegrees>
            </Position>
            <AltitudeMeters>25.4</AltitudeMeters>
            <DistanceMeters>931.99</DistanceMeters>
            <HeartRateBpm><Value>139</Value></HeartRateBpm>
            <Cadence>172</Cadence>
          </Trackpoint>
          <Trackpoint>
            <Time>2026-04-30T13:36:15.000Z</Time>
            <Position>
              <LatitudeDegrees>37.3442113</LatitudeDegrees>
              <LongitudeDegrees>-121.8787272</LongitudeDegrees>
            </Position>
            <AltitudeMeters>25.3</AltitudeMeters>
            <DistanceMeters>944.58</DistanceMeters>
            <HeartRateBpm><Value>139</Value></HeartRateBpm>
            <Cadence>172</Cadence>
          </Trackpoint>
          <Trackpoint>
            <Time>2026-04-30T13:36:20.000Z</Time>
            <Position>
              <LatitudeDegrees>37.3442915</LatitudeDegrees>
              <LongitudeDegrees>-121.8786262</LongitudeDegrees>
            </Position>
            <AltitudeMeters>25.3</AltitudeMeters>
            <DistanceMeters>957.18</DistanceMeters>
            <HeartRateBpm><Value>139</Value></HeartRateBpm>
            <Cadence>172</Cadence>
          </Trackpoint>
          <Trackpoint>
            <Time>2026-04-30T13:36:25.000Z</Time>
            <Position>
              <LatitudeDegrees>37.3443716</LatitudeDegrees>
              <LongitudeDegrees>-121.8785252</LongitudeDegrees>
            </Position>
            <AltitudeMeters>25.2</AltitudeMeters>
            <DistanceMeters>969.77</DistanceMeters>
            <HeartRateBpm><Value>139</Value></HeartRateBpm>
            <Cadence>172</Cadence>
          </Trackpoint>
          <Trackpoint>
            <Time>2026-04-30T13:36:30.000Z</Time>
            <Position>
              <LatitudeDegrees>37.3444518</LatitudeDegrees>
              <LongitudeDegrees>-121.8784243</LongitudeDegrees>
            </Position>
            <AltitudeMeters>25.1</AltitudeMeters>
            <DistanceMeters>982.37</DistanceMeters>
            <HeartRateBpm><Value>139</Value></HeartRateBpm>
            <Cadence>172</Cadence>
          </Trackpoint>
          <Trackpoint>
            <Time>2026-04-30T13:36:35.000Z</Time>
            <Position>
              <LatitudeDegrees>37.3445319</LatitudeDegrees>
              <LongitudeDegrees>-121.8783233</LongitudeDegrees>
            </Position>
            <AltitudeMeters>25</AltitudeMeters>
            <DistanceMeters>994.96</DistanceMeters>
            <HeartRateBpm><Value>139</Value></HeartRateBpm>
            <Cadence>172</Cadence>
          </Trackpoint>
          <Trackpoint>
            <Time>2026-04-30T13:36:40.000Z</Time>
            <Position>
              <LatitudeDegrees>37.3446121</LatitudeDegrees>
              <LongitudeDegrees>-121.8782223</LongitudeDegrees>
            </Position>
            <AltitudeMeters>25</AltitudeMeters>
            <DistanceMeters>1007.56</DistanceMeters>
            <HeartRateBpm><Value>139</Value></HeartRateBpm>
            <Cadence>172</Cadence>
          </Trackpoint>
          <Trackpoint>
            <Time>2026-04-30T13:36:45.000Z</Time>
            <Position>
              <LatitudeDegrees>37.3446922</LatitudeDegrees>
              <LongitudeDegrees>-121.8781214</LongitudeDegrees>
            </Position>
            <AltitudeMeters>24.9</AltitudeMeters>
            <DistanceMeters>1020.15</DistanceMeters>
            <HeartRateBpm><Value>139</Value></HeartRateBpm>
            <Cadence>172</Cadence>
          </Trackpoint>
          <Trackpoint>
            <Time>2026-04-30T13:36:50.000Z</Time>
            <Position>
              <LatitudeDegrees>37.3447724</LatitudeDegrees>
              <LongitudeDegrees>-121.8780204</LongitudeDegrees>
            </Position>
            <AltitudeMeters>24.8</AltitudeMeters>
            <DistanceMeters>1032.75</DistanceMeters>
            <HeartRateBpm><Value>139</Value></HeartRateBpm>
            <Cadence>172</Cadence>
          </Trackpoint>
          <Trackpoint>
            <Time>2026-04-30T13:36:55.000Z</Time>
            <Position>
              <LatitudeDegrees>37.3448525</LatitudeDegrees>
              <LongitudeDegrees>-121.8779194</LongitudeDegrees>
            </Position>
            <AltitudeMeters>24.7</AltitudeMeters>
            <DistanceMeters>1045.34</DistanceMeters>
            <HeartRateBpm><Value>139</Value></HeartRateBpm>
            <Cadence>172</Cadence>
          </Trackpoint>
          <Trackpoint>
            <Time>2026-04-30T13:37:00.000Z</Time>
            <Position>
              <LatitudeDegrees>37.3449327</LatitudeDegrees>
              <LongitudeDegrees>-121.8778185</LongitudeDegrees>
            </Position>
            <AltitudeMeters>24.6</AltitudeMeters>
            <DistanceMeters>1057.93</DistanceMeters>
            <HeartRateBpm><Value>139</Value></HeartRateBpm>
            <Cadence>172</Cadence>
          </Trackpoint>
          <Trackpoint>
            <Time>2026-04-30T13:37:05.000Z</Time>
            <Position>
              <LatitudeDegrees>37.3450128</LatitudeDegrees>
              <LongitudeDegrees>-121.8777175</LongitudeDegrees>
            </Position>
            <AltitudeMeters>24.6</AltitudeMeters>
            <DistanceMeters>1070.53</DistanceMeters>
            <HeartRateBpm><Value>139</Value></HeartRateBpm>
            <Cadence>172</Cadence>
          </Trackpoint>
          <Trackpoint>
            <Time>2026-04-30T13:37:10.000Z</Time>
            <Position>
              <LatitudeDegrees>37.3450930</LatitudeDegrees>
              <LongitudeDegrees>-121.8776165</LongitudeDegrees>
            </Position>
            <AltitudeMeters>24.5</AltitudeMeters>
            <DistanceMeters>1083.12</DistanceMeters>
            <HeartRateBpm><Value>139</Value></HeartRateBpm>
            <Cadence>172</Cadence>
          </Trackpoint>
          <Trackpoint>
            <Time>2026-04-30T13:37:15.000Z</Time>
            <Position>
              <LatitudeDegrees>37.3451731</LatitudeDegrees>
              <LongitudeDegrees>-121.8775155</LongitudeDegrees>
            </Position>
            <AltitudeMeters>24.4</AltitudeMeters>
            <DistanceMeters>1095.72</DistanceMeters>
            <HeartRateBpm><Value>139</Value></HeartRateBpm>
            <Cadence>172</Cadence>
          </Trackpoint>
          <Trackpoint>
            <Time>2026-04-30T13:37:20.000Z</Time>
            <Position>
              <LatitudeDegrees>37.3452533</LatitudeDegrees>
              <LongitudeDegrees>-121.8774146</LongitudeDegrees>
            </Position>
            <AltitudeMeters>24.3</AltitudeMeters>
            <DistanceMeters>1108.31</DistanceMeters>
            <HeartRateBpm><Value>139</Value></HeartRateBpm>
            <Cadence>172</Cadence>
          </Trackpoint>
          <Trackpoint>
            <Time>2026-04-30T13:37:25.000Z</Time>
            <Position>
              <LatitudeDegrees>37.3453334</LatitudeDegrees>
              <LongitudeDegrees>-121.8773136</LongitudeDegrees>
            </Position>
            <AltitudeMeters>24.3</AltitudeMeters>
            <DistanceMeters>1120.91</DistanceMeters>
            <HeartRateBpm><Value>139</Value></HeartRateBpm>
            <Cadence>172</Cadence>
          </Trackpoint>
          <Trackpoint>
            <Time>2026-04-30T13:37:30.000Z</Time>
            <Position>
              <LatitudeDegrees>37.3454136</LatitudeDegrees>
              <LongitudeDegrees>-121.8772126</LongitudeDegrees>
            </Position>
            <AltitudeMeters>24.2</AltitudeMeters>
            <DistanceMeters>1133.50</DistanceMeters>
            <HeartRateBpm><Value>139</Value></HeartRateBpm>
            <Cadence>172</Cadence>
          </Trackpoint>
          <Trackpoint>
            <Time>2026-04-30T13:37:35.000Z</Time>
            <Position>
              <LatitudeDegrees>37.3454937</LatitudeDegrees>
              <LongitudeDegrees>-121.8771117</LongitudeDegrees>
            </Position>
            <AltitudeMeters>24.1</AltitudeMeters>
            <DistanceMeters>1146.10</DistanceMeters>
            <HeartRateBpm><Value>139</Value></HeartRateBpm>
            <Cadence>172</Cadence>
          </Trackpoint>
          <Trackpoint>
            <Time>2026-04-30T13:37:40.000Z</Time>
            <Position>
              <LatitudeDegrees>37.3455739</LatitudeDegrees>
              <LongitudeDegrees>-121.8770107</LongitudeDegrees>
            </Position>
            <AltitudeMeters>24</AltitudeMeters>
            <DistanceMeters>1158.69</DistanceMeters>
            <HeartRateBpm><Value>139</Value></HeartRateBpm>
            <Cadence>172</Cadence>
          </Trackpoint>
          <Trackpoint>
            <Time>2026-04-30T13:37:45.000Z</Time>
            <Position>
              <LatitudeDegrees>37.3456540</LatitudeDegrees>
              <LongitudeDegrees>-121.8769097</LongitudeDegrees>
            </Position>
            <AltitudeMeters>24</AltitudeMeters>
            <DistanceMeters>1171.28</DistanceMeters>
            <HeartRateBpm><Value>139</Value></HeartRateBpm>
            <Cadence>172</Cadence>
          </Trackpoint>
          <Trackpoint>
            <Time>2026-04-30T13:37:50.000Z</Time>
            <Position>
              <LatitudeDegrees>37.3457342</LatitudeDegrees>
              <LongitudeDegrees>-121.8768087</LongitudeDegrees>
            </Position>
            <AltitudeMeters>23.9</AltitudeMeters>
            <DistanceMeters>1183.88</DistanceMeters>
            <HeartRateBpm><Value>139</Value></HeartRateBpm>
            <Cadence>172</Cadence>
          </Trackpoint>
          <Trackpoint>
            <Time>2026-04-30T13:37:55.000Z</Time>
            <Position>
              <LatitudeDegrees>37.3458143</LatitudeDegrees>
              <LongitudeDegrees>-121.8767078</LongitudeDegrees>
            </Position>
            <AltitudeMeters>23.8</AltitudeMeters>
            <DistanceMeters>1196.47</DistanceMeters>
            <HeartRateBpm><Value>139</Value></HeartRateBpm>
            <Cadence>172</Cadence>
          </Trackpoint>
          <Trackpoint>
            <Time>2026-04-30T13:38:00.000Z</Time>
            <Position>
              <LatitudeDegrees>37.3458945</LatitudeDegrees>
              <LongitudeDegrees>-121.8766068</LongitudeDegrees>
            </Position>
            <AltitudeMeters>23.8</AltitudeMeters>
            <DistanceMeters>1209.07</DistanceMeters>
            <HeartRateBpm><Value>139</Value></HeartRateBpm>
            <Cadence>172</Cadence>
          </Trackpoint>
          <Trackpoint>
            <Time>2026-04-30T13:38:05.000Z</Time>
            <Position>
              <LatitudeDegrees>37.3459746</LatitudeDegrees>
              <LongitudeDegrees>-121.8765058</LongitudeDegrees>
            </Position>
            <AltitudeMeters>23.7</AltitudeMeters>
            <DistanceMeters>1221.66</DistanceMeters>
            <HeartRateBpm><Value>139</Value></HeartRateBpm>
            <Cadence>172</Cadence>
          </Trackpoint>
          <Trackpoint>
            <Time>2026-04-30T13:38:10.000Z</Time>
            <Position>
              <LatitudeDegrees>37.3460548</LatitudeDegrees>
              <LongitudeDegrees>-121.8764049</LongitudeDegrees>
            </Position>
            <AltitudeMeters>23.7</AltitudeMeters>
            <DistanceMeters>1234.26</DistanceMeters>
            <HeartRateBpm><Value>139</Value></HeartRateBpm>
            <Cadence>172</Cadence>
          </Trackpoint>
          <Trackpoint>
            <Time>2026-04-30T13:38:15.000Z</Time>
            <Position>
              <LatitudeDegrees>37.3461349</LatitudeDegrees>
              <LongitudeDegrees>-121.8763039</LongitudeDegrees>
            </Position>
            <AltitudeMeters>23.6</AltitudeMeters>
            <DistanceMeters>1246.85</DistanceMeters>
            <HeartRateBpm><Value>139</Value></HeartRateBpm>
            <Cadence>172</Cadence>
          </Trackpoint>
          <Trackpoint>
            <Time>2026-04-30T13:38:20.000Z</Time>
            <Position>
              <LatitudeDegrees>37.3462151</LatitudeDegrees>
              <LongitudeDegrees>-121.8762029</LongitudeDegrees>
            </Position>
            <AltitudeMeters>23.5</AltitudeMeters>
            <DistanceMeters>1259.45</DistanceMeters>
            <HeartRateBpm><Value>139</Value></HeartRateBpm>
            <Cadence>172</Cadence>
          </Trackpoint>
          <Trackpoint>
            <Time>2026-04-30T13:38:25.000Z</Time>
            <Position>
              <LatitudeDegrees>37.3462952</LatitudeDegrees>
              <LongitudeDegrees>-121.8761019</LongitudeDegrees>
            </Position>
            <AltitudeMeters>23.5</AltitudeMeters>
            <DistanceMeters>1272.04</DistanceMeters>
            <HeartRateBpm><Value>139</Value></HeartRateBpm>
            <Cadence>172</Cadence>
          </Trackpoint>
          <Trackpoint>
            <Time>2026-04-30T13:38:30.000Z</Time>
            <Position>
              <LatitudeDegrees>37.3463754</LatitudeDegrees>
              <LongitudeDegrees>-121.8760010</LongitudeDegrees>
            </Position>
            <AltitudeMeters>23.4</AltitudeMeters>
            <DistanceMeters>1284.63</DistanceMeters>
            <HeartRateBpm><Value>139</Value></HeartRateBpm>
            <Cadence>172</Cadence>
          </Trackpoint>
          <Trackpoint>
            <Time>2026-04-30T13:38:35.000Z</Time>
            <Position>
              <LatitudeDegrees>37.3464555</LatitudeDegrees>
              <LongitudeDegrees>-121.8759000</LongitudeDegrees>
            </Position>
            <AltitudeMeters>23.4</AltitudeMeters>
            <DistanceMeters>1297.23</DistanceMeters>
            <HeartRateBpm><Value>139</Value></HeartRateBpm>
            <Cadence>172</Cadence>
          </Trackpoint>
          <Trackpoint>
            <Time>2026-04-30T13:38:40.000Z</Time>
            <Position>
              <LatitudeDegrees>37.3465357</LatitudeDegrees>
              <LongitudeDegrees>-121.8757990</LongitudeDegrees>
            </Position>
            <AltitudeMeters>23.3</AltitudeMeters>
            <DistanceMeters>1309.82</DistanceMeters>
            <HeartRateBpm><Value>139</Value></HeartRateBpm>
            <Cadence>172</Cadence>
          </Trackpoint>
          <Trackpoint>
            <Time>2026-04-30T13:38:45.000Z</Time>
            <Position>
              <LatitudeDegrees>37.3466158</LatitudeDegrees>
              <LongitudeDegrees>-121.8756981</LongitudeDegrees>
            </Position>
            <AltitudeMeters>23.3</AltitudeMeters>
            <DistanceMeters>1322.42</DistanceMeters>
            <HeartRateBpm><Value>139</Value></HeartRateBpm>
            <Cadence>172</Cadence>
          </Trackpoint>
          <Trackpoint>
            <Time>2026-04-30T13:38:50.000Z</Time>
            <Position>
              <LatitudeDegrees>37.3466960</LatitudeDegrees>
              <LongitudeDegrees>-121.8755971</LongitudeDegrees>
            </Position>
            <AltitudeMeters>23.3</AltitudeMeters>
            <DistanceMeters>1335.01</DistanceMeters>
            <HeartRateBpm><Value>139</Value></HeartRateBpm>
            <Cadence>172</Cadence>
          </Trackpoint>
          <Trackpoint>
            <Time>2026-04-30T13:38:55.000Z</Time>
            <Position>
              <LatitudeDegrees>37.3467761</LatitudeDegrees>
              <LongitudeDegrees>-121.8754961</LongitudeDegrees>
            </Position>
            <AltitudeMeters>23.2</AltitudeMeters>
            <DistanceMeters>1347.61</DistanceMeters>
            <HeartRateBpm><Value>139</Value></HeartRateBpm>
            <Cadence>172</Cadence>
          </Trackpoint>
          <Trackpoint>
            <Time>2026-04-30T13:39:00.000Z</Time>
            <Position>
              <LatitudeDegrees>37.3468563</LatitudeDegrees>
              <LongitudeDegrees>-121.8753952</LongitudeDegrees>
            </Position>
            <AltitudeMeters>23.2</AltitudeMeters>
            <DistanceMeters>1360.20</DistanceMeters>
            <HeartRateBpm><Value>139</Value></HeartRateBpm>
            <Cadence>172</Cadence>
          </Trackpoint>
          <Trackpoint>
            <Time>2026-04-30T13:39:05.000Z</Time>
            <Position>
              <LatitudeDegrees>37.3469364</LatitudeDegrees>
              <LongitudeDegrees>-121.8752942</LongitudeDegrees>
            </Position>
            <AltitudeMeters>23.2</AltitudeMeters>
            <DistanceMeters>1372.80</DistanceMeters>
            <HeartRateBpm><Value>139</Value></HeartRateBpm>
            <Cadence>172</Cadence>
          </Trackpoint>
          <Trackpoint>
            <Time>2026-04-30T13:39:10.000Z</Time>
            <Position>
              <LatitudeDegrees>37.3470166</LatitudeDegrees>
              <LongitudeDegrees>-121.8751932</LongitudeDegrees>
            </Position>
            <AltitudeMeters>23.1</AltitudeMeters>
            <DistanceMeters>1385.39</DistanceMeters>
            <HeartRateBpm><Value>139</Value></HeartRateBpm>
            <Cadence>172</Cadence>
          </Trackpoint>
          <Trackpoint>
            <Time>2026-04-30T13:39:15.000Z</Time>
            <Position>
              <LatitudeDegrees>37.3470967</LatitudeDegrees>
              <LongitudeDegrees>-121.8750922</LongitudeDegrees>
            </Position>
            <AltitudeMeters>23.1</AltitudeMeters>
            <DistanceMeters>1397.98</DistanceMeters>
            <HeartRateBpm><Value>139</Value></HeartRateBpm>
            <Cadence>172</Cadence>
          </Trackpoint>
          <Trackpoint>
            <Time>2026-04-30T13:39:20.000Z</Time>
            <Position>
              <LatitudeDegrees>37.3471769</LatitudeDegrees>
              <LongitudeDegrees>-121.8749913</LongitudeDegrees>
            </Position>
            <AltitudeMeters>23.1</AltitudeMeters>
            <DistanceMeters>1410.58</DistanceMeters>
            <HeartRateBpm><Value>139</Value></HeartRateBpm>
            <Cadence>172</Cadence>
          </Trackpoint>
          <Trackpoint>
            <Time>2026-04-30T13:39:25.000Z</Time>
            <Position>
              <LatitudeDegrees>37.3472570</LatitudeDegrees>
              <LongitudeDegrees>-121.8748903</LongitudeDegrees>
            </Position>
            <AltitudeMeters>23.1</AltitudeMeters>
            <DistanceMeters>1423.17</DistanceMeters>
            <HeartRateBpm><Value>139</Value></HeartRateBpm>
            <Cadence>172</Cadence>
          </Trackpoint>
          <Trackpoint>
            <Time>2026-04-30T13:39:30.000Z</Time>
            <Position>
              <LatitudeDegrees>37.3473372</LatitudeDegrees>
              <LongitudeDegrees>-121.8747893</LongitudeDegrees>
            </Position>
            <AltitudeMeters>23</AltitudeMeters>
            <DistanceMeters>1435.77</DistanceMeters>
            <HeartRateBpm><Value>139</Value></HeartRateBpm>
            <Cadence>172</Cadence>
          </Trackpoint>
          <Trackpoint>
            <Time>2026-04-30T13:39:35.000Z</Time>
            <Position>
              <LatitudeDegrees>37.3474173</LatitudeDegrees>
              <LongitudeDegrees>-121.8746884</LongitudeDegrees>
            </Position>
            <AltitudeMeters>23</AltitudeMeters>
            <DistanceMeters>1448.36</DistanceMeters>
            <HeartRateBpm><Value>139</Value></HeartRateBpm>
            <Cadence>172</Cadence>
          </Trackpoint>
          <Trackpoint>
            <Time>2026-04-30T13:39:40.000Z</Time>
            <Position>
              <LatitudeDegrees>37.3474975</LatitudeDegrees>
              <LongitudeDegrees>-121.8745874</LongitudeDegrees>
            </Position>
            <AltitudeMeters>23</AltitudeMeters>
            <DistanceMeters>1460.96</DistanceMeters>
            <HeartRateBpm><Value>139</Value></HeartRateBpm>
            <Cadence>172</Cadence>
          </Trackpoint>
          <Trackpoint>
            <Time>2026-04-30T13:39:45.000Z</Time>
            <Position>
              <LatitudeDegrees>37.3475776</LatitudeDegrees>
              <LongitudeDegrees>-121.8744864</LongitudeDegrees>
            </Position>
            <AltitudeMeters>23</AltitudeMeters>
            <DistanceMeters>1473.55</DistanceMeters>
            <HeartRateBpm><Value>139</Value></HeartRateBpm>
            <Cadence>172</Cadence>
          </Trackpoint>
          <Trackpoint>
            <Time>2026-04-30T13:39:50.000Z</Time>
            <Position>
              <LatitudeDegrees>37.3476578</LatitudeDegrees>
              <LongitudeDegrees>-121.8743854</LongitudeDegrees>
            </Position>
            <AltitudeMeters>23</AltitudeMeters>
            <DistanceMeters>1486.15</DistanceMeters>
            <HeartRateBpm><Value>139</Value></HeartRateBpm>
            <Cadence>172</Cadence>
          </Trackpoint>
          <Trackpoint>
            <Time>2026-04-30T13:39:55.000Z</Time>
            <Position>
              <LatitudeDegrees>37.3477379</LatitudeDegrees>
              <LongitudeDegrees>-121.8742845</LongitudeDegrees>
            </Position>
            <AltitudeMeters>23</AltitudeMeters>
            <DistanceMeters>1498.74</DistanceMeters>
            <HeartRateBpm><Value>139</Value></HeartRateBpm>
            <Cadence>172</Cadence>
          </Trackpoint>
          <Trackpoint>
            <Time>2026-04-30T13:40:00.000Z</Time>
            <Position>
              <LatitudeDegrees>37.3478181</LatitudeDegrees>
              <LongitudeDegrees>-121.8741835</LongitudeDegrees>
            </Position>
            <AltitudeMeters>23</AltitudeMeters>
            <DistanceMeters>1511.34</DistanceMeters>
            <HeartRateBpm><Value>139</Value></HeartRateBpm>
            <Cadence>172</Cadence>
          </Trackpoint>
          <Trackpoint>
            <Time>2026-04-30T13:40:05.000Z</Time>
            <Position>
              <LatitudeDegrees>37.3478982</LatitudeDegrees>
              <LongitudeDegrees>-121.8740825</LongitudeDegrees>
            </Position>
            <AltitudeMeters>23</AltitudeMeters>
            <DistanceMeters>1523.93</DistanceMeters>
            <HeartRateBpm><Value>139</Value></HeartRateBpm>
            <Cadence>172</Cadence>
          </Trackpoint>
          <Trackpoint>
            <Time>2026-04-30T13:40:10.000Z</Time>
            <Position>
              <LatitudeDegrees>37.3479784</LatitudeDegrees>
              <LongitudeDegrees>-121.8739816</LongitudeDegrees>
            </Position>
            <AltitudeMeters>23</AltitudeMeters>
            <DistanceMeters>1536.52</DistanceMeters>
            <HeartRateBpm><Value>139</Value></HeartRateBpm>
            <Cadence>172</Cadence>
          </Trackpoint>
          <Trackpoint>
            <Time>2026-04-30T13:40:15.000Z</Time>
            <Position>
              <LatitudeDegrees>37.3480585</LatitudeDegrees>
              <LongitudeDegrees>-121.8738806</LongitudeDegrees>
            </Position>
            <AltitudeMeters>23</AltitudeMeters>
            <DistanceMeters>1549.12</DistanceMeters>
            <HeartRateBpm><Value>139</Value></HeartRateBpm>
            <Cadence>172</Cadence>
          </Trackpoint>
          <Trackpoint>
            <Time>2026-04-30T13:40:20.000Z</Time>
            <Position>
              <LatitudeDegrees>37.3481387</LatitudeDegrees>
              <LongitudeDegrees>-121.8737796</LongitudeDegrees>
            </Position>
            <AltitudeMeters>23</AltitudeMeters>
            <DistanceMeters>1561.71</DistanceMeters>
            <HeartRateBpm><Value>139</Value></HeartRateBpm>
            <Cadence>172</Cadence>
          </Trackpoint>
          <Trackpoint>
            <Time>2026-04-30T13:40:25.000Z</Time>
            <Position>
              <LatitudeDegrees>37.3482188</LatitudeDegrees>
              <LongitudeDegrees>-121.8736786</LongitudeDegrees>
            </Position>
            <AltitudeMeters>23.1</AltitudeMeters>
            <DistanceMeters>1574.31</DistanceMeters>
            <HeartRateBpm><Value>139</Value></HeartRateBpm>
            <Cadence>172</Cadence>
          </Trackpoint>
          <Trackpoint>
            <Time>2026-04-30T13:40:30.000Z</Time>
            <Position>
              <LatitudeDegrees>37.3482990</LatitudeDegrees>
              <LongitudeDegrees>-121.8735777</LongitudeDegrees>
            </Position>
            <AltitudeMeters>23.1</AltitudeMeters>
            <DistanceMeters>1586.90</DistanceMeters>
            <HeartRateBpm><Value>139</Value></HeartRateBpm>
            <Cadence>172</Cadence>
          </Trackpoint>
          <Trackpoint>
            <Time>2026-04-30T13:40:35.000Z</Time>
            <Position>
              <LatitudeDegrees>37.3483791</LatitudeDegrees>
              <LongitudeDegrees>-121.8734767</LongitudeDegrees>
            </Position>
            <AltitudeMeters>23.1</AltitudeMeters>
            <DistanceMeters>1599.50</DistanceMeters>
            <HeartRateBpm><Value>139</Value></HeartRateBpm>
            <Cadence>172</Cadence>
          </Trackpoint>
          <Trackpoint>
            <Time>2026-04-30T13:40:40.000Z</Time>
            <Position>
              <LatitudeDegrees>37.3484593</LatitudeDegrees>
              <LongitudeDegrees>-121.8733757</LongitudeDegrees>
            </Position>
            <AltitudeMeters>23.1</AltitudeMeters>
            <DistanceMeters>1612.09</DistanceMeters>
            <HeartRateBpm><Value>139</Value></HeartRateBpm>
            <Cadence>172</Cadence>
          </Trackpoint>
          <Trackpoint>
            <Time>2026-04-30T13:40:45.000Z</Time>
            <Position>
              <LatitudeDegrees>37.3485394</LatitudeDegrees>
              <LongitudeDegrees>-121.8732748</LongitudeDegrees>
            </Position>
            <AltitudeMeters>23.2</AltitudeMeters>
            <DistanceMeters>1624.69</DistanceMeters>
            <HeartRateBpm><Value>139</Value></HeartRateBpm>
            <Cadence>172</Cadence>
          </Trackpoint>
          <Trackpoint>
            <Time>2026-04-30T13:40:50.000Z</Time>
            <Position>
              <LatitudeDegrees>37.3486196</LatitudeDegrees>
              <LongitudeDegrees>-121.8731738</LongitudeDegrees>
            </Position>
            <AltitudeMeters>23.2</AltitudeMeters>
            <DistanceMeters>1637.28</DistanceMeters>
            <HeartRateBpm><Value>139</Value></HeartRateBpm>
            <Cadence>172</Cadence>
          </Trackpoint>
          <Trackpoint>
            <Time>2026-04-30T13:40:55.000Z</Time>
            <Position>
              <LatitudeDegrees>37.3486997</LatitudeDegrees>
              <LongitudeDegrees>-121.8730728</LongitudeDegrees>
            </Position>
            <AltitudeMeters>23.2</AltitudeMeters>
            <DistanceMeters>1649.87</DistanceMeters>
            <HeartRateBpm><Value>139</Value></HeartRateBpm>
            <Cadence>172</Cadence>
          </Trackpoint>
          <Trackpoint>
            <Time>2026-04-30T13:41:00.000Z</Time>
            <Position>
              <LatitudeDegrees>37.3487799</LatitudeDegrees>
              <LongitudeDegrees>-121.8729719</LongitudeDegrees>
            </Position>
            <AltitudeMeters>23.3</AltitudeMeters>
            <DistanceMeters>1662.47</DistanceMeters>
            <HeartRateBpm><Value>139</Value></HeartRateBpm>
            <Cadence>172</Cadence>
          </Trackpoint>
          <Trackpoint>
            <Time>2026-04-30T13:41:05.000Z</Time>
            <Position>
              <LatitudeDegrees>37.3488600</LatitudeDegrees>
              <LongitudeDegrees>-121.8728709</LongitudeDegrees>
            </Position>
            <AltitudeMeters>23.3</AltitudeMeters>
            <DistanceMeters>1675.06</DistanceMeters>
            <HeartRateBpm><Value>139</Value></HeartRateBpm>
            <Cadence>172</Cadence>
          </Trackpoint>
          <Trackpoint>
            <Time>2026-04-30T13:41:10.000Z</Time>
            <Position>
              <LatitudeDegrees>37.3489402</LatitudeDegrees>
              <LongitudeDegrees>-121.8727699</LongitudeDegrees>
            </Position>
            <AltitudeMeters>23.3</AltitudeMeters>
            <DistanceMeters>1687.66</DistanceMeters>
            <HeartRateBpm><Value>139</Value></HeartRateBpm>
            <Cadence>172</Cadence>
          </Trackpoint>
          <Trackpoint>
            <Time>2026-04-30T13:41:15.000Z</Time>
            <Position>
              <LatitudeDegrees>37.3490203</LatitudeDegrees>
              <LongitudeDegrees>-121.8726689</LongitudeDegrees>
            </Position>
            <AltitudeMeters>23.4</AltitudeMeters>
            <DistanceMeters>1700.25</DistanceMeters>
            <HeartRateBpm><Value>139</Value></HeartRateBpm>
            <Cadence>172</Cadence>
          </Trackpoint>
          <Trackpoint>
            <Time>2026-04-30T13:41:20.000Z</Time>
            <Position>
              <LatitudeDegrees>37.3491005</LatitudeDegrees>
              <LongitudeDegrees>-121.8725680</LongitudeDegrees>
            </Position>
            <AltitudeMeters>23.4</AltitudeMeters>
            <DistanceMeters>1712.85</DistanceMeters>
            <HeartRateBpm><Value>139</Value></HeartRateBpm>
            <Cadence>172</Cadence>
          </Trackpoint>
          <Trackpoint>
            <Time>2026-04-30T13:41:25.000Z</Time>
            <Position>
              <LatitudeDegrees>37.3491806</LatitudeDegrees>
              <LongitudeDegrees>-121.8724670</LongitudeDegrees>
            </Position>
            <AltitudeMeters>23.5</AltitudeMeters>
            <DistanceMeters>1725.44</DistanceMeters>
            <HeartRateBpm><Value>139</Value></HeartRateBpm>
            <Cadence>172</Cadence>
          </Trackpoint>
          <Trackpoint>
            <Time>2026-04-30T13:41:30.000Z</Time>
            <Position>
              <LatitudeDegrees>37.3492608</LatitudeDegrees>
              <LongitudeDegrees>-121.8723660</LongitudeDegrees>
            </Position>
            <AltitudeMeters>23.5</AltitudeMeters>
            <DistanceMeters>1738.04</DistanceMeters>
            <HeartRateBpm><Value>139</Value></HeartRateBpm>
            <Cadence>172</Cadence>
          </Trackpoint>
          <Trackpoint>
            <Time>2026-04-30T13:41:35.000Z</Time>
            <Position>
              <LatitudeDegrees>37.3493410</LatitudeDegrees>
              <LongitudeDegrees>-121.8722651</LongitudeDegrees>
            </Position>
            <AltitudeMeters>23.6</AltitudeMeters>
            <DistanceMeters>1750.63</DistanceMeters>
            <HeartRateBpm><Value>139</Value></HeartRateBpm>
            <Cadence>172</Cadence>
          </Trackpoint>
          <Trackpoint>
            <Time>2026-04-30T13:41:40.000Z</Time>
            <Position>
              <LatitudeDegrees>37.3494211</LatitudeDegrees>
              <LongitudeDegrees>-121.8721641</LongitudeDegrees>
            </Position>
            <AltitudeMeters>23.6</AltitudeMeters>
            <DistanceMeters>1763.22</DistanceMeters>
            <HeartRateBpm><Value>139</Value></HeartRateBpm>
            <Cadence>172</Cadence>
          </Trackpoint>
          <Trackpoint>
            <Time>2026-04-30T13:41:45.000Z</Time>
            <Position>
              <LatitudeDegrees>37.3495013</LatitudeDegrees>
              <LongitudeDegrees>-121.8720631</LongitudeDegrees>
            </Position>
            <AltitudeMeters>23.7</AltitudeMeters>
            <DistanceMeters>1775.82</DistanceMeters>
            <HeartRateBpm><Value>139</Value></HeartRateBpm>
            <Cadence>172</Cadence>
          </Trackpoint>
          <Trackpoint>
            <Time>2026-04-30T13:41:50.000Z</Time>
            <Position>
              <LatitudeDegrees>37.3495814</LatitudeDegrees>
              <LongitudeDegrees>-121.8719621</LongitudeDegrees>
            </Position>
            <AltitudeMeters>23.8</AltitudeMeters>
            <DistanceMeters>1788.41</DistanceMeters>
            <HeartRateBpm><Value>139</Value></HeartRateBpm>
            <Cadence>172</Cadence>
          </Trackpoint>
          <Trackpoint>
            <Time>2026-04-30T13:41:55.000Z</Time>
            <Position>
              <LatitudeDegrees>37.3496616</LatitudeDegrees>
              <LongitudeDegrees>-121.8718612</LongitudeDegrees>
            </Position>
            <AltitudeMeters>23.8</AltitudeMeters>
            <DistanceMeters>1801.01</DistanceMeters>
            <HeartRateBpm><Value>139</Value></HeartRateBpm>
            <Cadence>172</Cadence>
          </Trackpoint>
          <Trackpoint>
            <Time>2026-04-30T13:42:00.000Z</Time>
            <Position>
              <LatitudeDegrees>37.3497417</LatitudeDegrees>
              <LongitudeDegrees>-121.8717602</LongitudeDegrees>
            </Position>
            <AltitudeMeters>23.9</AltitudeMeters>
            <DistanceMeters>1813.60</DistanceMeters>
            <HeartRateBpm><Value>139</Value></HeartRateBpm>
            <Cadence>172</Cadence>
          </Trackpoint>
          <Trackpoint>
            <Time>2026-04-30T13:42:05.000Z</Time>
            <Position>
              <LatitudeDegrees>37.3498219</LatitudeDegrees>
              <LongitudeDegrees>-121.8716592</LongitudeDegrees>
            </Position>
            <AltitudeMeters>24</AltitudeMeters>
            <DistanceMeters>1826.20</DistanceMeters>
            <HeartRateBpm><Value>139</Value></HeartRateBpm>
            <Cadence>172</Cadence>
          </Trackpoint>
          <Trackpoint>
            <Time>2026-04-30T13:42:10.000Z</Time>
            <Position>
              <LatitudeDegrees>37.3499020</LatitudeDegrees>
              <LongitudeDegrees>-121.8715583</LongitudeDegrees>
            </Position>
            <AltitudeMeters>24</AltitudeMeters>
            <DistanceMeters>1838.79</DistanceMeters>
            <HeartRateBpm><Value>139</Value></HeartRateBpm>
            <Cadence>172</Cadence>
          </Trackpoint>
          <Trackpoint>
            <Time>2026-04-30T13:42:15.000Z</Time>
            <Position>
              <LatitudeDegrees>37.3499822</LatitudeDegrees>
              <LongitudeDegrees>-121.8714573</LongitudeDegrees>
            </Position>
            <AltitudeMeters>24.1</AltitudeMeters>
            <DistanceMeters>1851.39</DistanceMeters>
            <HeartRateBpm><Value>139</Value></HeartRateBpm>
            <Cadence>172</Cadence>
          </Trackpoint>
          <Trackpoint>
            <Time>2026-04-30T13:42:20.000Z</Time>
            <Position>
              <LatitudeDegrees>37.3500623</LatitudeDegrees>
              <LongitudeDegrees>-121.8713563</LongitudeDegrees>
            </Position>
            <AltitudeMeters>24.2</AltitudeMeters>
            <DistanceMeters>1863.98</DistanceMeters>
            <HeartRateBpm><Value>139</Value></HeartRateBpm>
            <Cadence>172</Cadence>
          </Trackpoint>
          <Trackpoint>
            <Time>2026-04-30T13:42:25.000Z</Time>
            <Position>
              <LatitudeDegrees>37.3501425</LatitudeDegrees>
              <LongitudeDegrees>-121.8712553</LongitudeDegrees>
            </Position>
            <AltitudeMeters>24.2</AltitudeMeters>
            <DistanceMeters>1876.57</DistanceMeters>
            <HeartRateBpm><Value>139</Value></HeartRateBpm>
            <Cadence>172</Cadence>
          </Trackpoint>
          <Trackpoint>
            <Time>2026-04-30T13:42:30.000Z</Time>
            <Position>
              <LatitudeDegrees>37.3502226</LatitudeDegrees>
              <LongitudeDegrees>-121.8711544</LongitudeDegrees>
            </Position>
            <AltitudeMeters>24.3</AltitudeMeters>
            <DistanceMeters>1889.17</DistanceMeters>
            <HeartRateBpm><Value>139</Value></HeartRateBpm>
            <Cadence>172</Cadence>
          </Trackpoint>
          <Trackpoint>
            <Time>2026-04-30T13:42:35.000Z</Time>
            <Position>
              <LatitudeDegrees>37.3503028</LatitudeDegrees>
              <LongitudeDegrees>-121.8710534</LongitudeDegrees>
            </Position>
            <AltitudeMeters>24.4</AltitudeMeters>
            <DistanceMeters>1901.76</DistanceMeters>
            <HeartRateBpm><Value>139</Value></HeartRateBpm>
            <Cadence>172</Cadence>
          </Trackpoint>
          <Trackpoint>
            <Time>2026-04-30T13:42:40.000Z</Time>
            <Position>
              <LatitudeDegrees>37.3503829</LatitudeDegrees>
              <LongitudeDegrees>-121.8709524</LongitudeDegrees>
            </Position>
            <AltitudeMeters>24.5</AltitudeMeters>
            <DistanceMeters>1914.36</DistanceMeters>
            <HeartRateBpm><Value>139</Value></HeartRateBpm>
            <Cadence>172</Cadence>
          </Trackpoint>
          <Trackpoint>
            <Time>2026-04-30T13:42:45.000Z</Time>
            <Position>
              <LatitudeDegrees>37.3504631</LatitudeDegrees>
              <LongitudeDegrees>-121.8708515</LongitudeDegrees>
            </Position>
            <AltitudeMeters>24.5</AltitudeMeters>
            <DistanceMeters>1926.95</DistanceMeters>
            <HeartRateBpm><Value>139</Value></HeartRateBpm>
            <Cadence>172</Cadence>
          </Trackpoint>
          <Trackpoint>
            <Time>2026-04-30T13:42:50.000Z</Time>
            <Position>
              <LatitudeDegrees>37.3505432</LatitudeDegrees>
              <LongitudeDegrees>-121.8707505</LongitudeDegrees>
            </Position>
            <AltitudeMeters>24.6</AltitudeMeters>
            <DistanceMeters>1939.55</DistanceMeters>
            <HeartRateBpm><Value>139</Value></HeartRateBpm>
            <Cadence>172</Cadence>
          </Trackpoint>
          <Trackpoint>
            <Time>2026-04-30T13:42:55.000Z</Time>
            <Position>
              <LatitudeDegrees>37.3506234</LatitudeDegrees>
              <LongitudeDegrees>-121.8706495</LongitudeDegrees>
            </Position>
            <AltitudeMeters>24.7</AltitudeMeters>
            <DistanceMeters>1952.14</DistanceMeters>
            <HeartRateBpm><Value>139</Value></HeartRateBpm>
            <Cadence>172</Cadence>
          </Trackpoint>
          <Trackpoint>
            <Time>2026-04-30T13:43:00.000Z</Time>
            <Position>
              <LatitudeDegrees>37.3507035</LatitudeDegrees>
              <LongitudeDegrees>-121.8705486</LongitudeDegrees>
            </Position>
            <AltitudeMeters>24.8</AltitudeMeters>
            <DistanceMeters>1964.74</DistanceMeters>
            <HeartRateBpm><Value>139</Value></HeartRateBpm>
            <Cadence>172</Cadence>
          </Trackpoint>
          <Trackpoint>
            <Time>2026-04-30T13:43:05.000Z</Time>
            <Position>
              <LatitudeDegrees>37.3507837</LatitudeDegrees>
              <LongitudeDegrees>-121.8704476</LongitudeDegrees>
            </Position>
            <AltitudeMeters>24.9</AltitudeMeters>
            <DistanceMeters>1977.33</DistanceMeters>
            <HeartRateBpm><Value>139</Value></HeartRateBpm>
            <Cadence>172</Cadence>
          </Trackpoint>
          <Trackpoint>
            <Time>2026-04-30T13:43:10.000Z</Time>
            <Position>
              <LatitudeDegrees>37.3508638</LatitudeDegrees>
              <LongitudeDegrees>-121.8703466</LongitudeDegrees>
            </Position>
            <AltitudeMeters>24.9</AltitudeMeters>
            <DistanceMeters>1989.92</DistanceMeters>
            <HeartRateBpm><Value>139</Value></HeartRateBpm>
            <Cadence>172</Cadence>
          </Trackpoint>
          <Trackpoint>
            <Time>2026-04-30T13:43:14.000Z</Time>
            <Position>
              <LatitudeDegrees>37.3509279</LatitudeDegrees>
              <LongitudeDegrees>-121.8702658</LongitudeDegrees>
            </Position>
            <AltitudeMeters>25</AltitudeMeters>
            <DistanceMeters>2000.00</DistanceMeters>
            <HeartRateBpm><Value>139</Value></HeartRateBpm>
            <Cadence>172</Cadence>
          </Trackpoint>
        </Track>
      </Lap>
      <Lap StartTime="2026-04-30T13:43:14.000Z">
        <TotalTimeSeconds>978</TotalTimeSeconds>
        <DistanceMeters>3000</DistanceMeters>
        <AverageHeartRateBpm><Value>168</Value></AverageHeartRateBpm>
        <MaximumHeartRateBpm><Value>172</Value></MaximumHeartRateBpm>
        <Intensity>Active</Intensity>
        <TriggerMethod>Manual</TriggerMethod>
        <Track>
          <Trackpoint>
            <Time>2026-04-30T13:43:14.000Z</Time>
            <Position>
              <LatitudeDegrees>37.3509279</LatitudeDegrees>
              <LongitudeDegrees>-121.8702658</LongitudeDegrees>
            </Position>
            <AltitudeMeters>25</AltitudeMeters>
            <DistanceMeters>2000.00</DistanceMeters>
            <HeartRateBpm><Value>160</Value></HeartRateBpm>
            <Cadence>178</Cadence>
          </Trackpoint>
          <Trackpoint>
            <Time>2026-04-30T13:43:19.000Z</Time>
            <Position>
              <LatitudeDegrees>37.3510255</LatitudeDegrees>
              <LongitudeDegrees>-121.8701429</LongitudeDegrees>
            </Position>
            <AltitudeMeters>25.1</AltitudeMeters>
            <DistanceMeters>2015.34</DistanceMeters>
            <HeartRateBpm><Value>160</Value></HeartRateBpm>
            <Cadence>178</Cadence>
          </Trackpoint>
          <Trackpoint>
            <Time>2026-04-30T13:43:24.000Z</Time>
            <Position>
              <LatitudeDegrees>37.3511231</LatitudeDegrees>
              <LongitudeDegrees>-121.8700199</LongitudeDegrees>
            </Position>
            <AltitudeMeters>25.2</AltitudeMeters>
            <DistanceMeters>2030.67</DistanceMeters>
            <HeartRateBpm><Value>161</Value></HeartRateBpm>
            <Cadence>178</Cadence>
          </Trackpoint>
          <Trackpoint>
            <Time>2026-04-30T13:43:29.000Z</Time>
            <Position>
              <LatitudeDegrees>37.3512208</LatitudeDegrees>
              <LongitudeDegrees>-121.8698969</LongitudeDegrees>
            </Position>
            <AltitudeMeters>25.3</AltitudeMeters>
            <DistanceMeters>2046.01</DistanceMeters>
            <HeartRateBpm><Value>161</Value></HeartRateBpm>
            <Cadence>178</Cadence>
          </Trackpoint>
          <Trackpoint>
            <Time>2026-04-30T13:43:34.000Z</Time>
            <Position>
              <LatitudeDegrees>37.3513184</LatitudeDegrees>
              <LongitudeDegrees>-121.8697740</LongitudeDegrees>
            </Position>
            <AltitudeMeters>25.4</AltitudeMeters>
            <DistanceMeters>2061.35</DistanceMeters>
            <HeartRateBpm><Value>161</Value></HeartRateBpm>
            <Cadence>178</Cadence>
          </Trackpoint>
          <Trackpoint>
            <Time>2026-04-30T13:43:39.000Z</Time>
            <Position>
              <LatitudeDegrees>37.3514160</LatitudeDegrees>
              <LongitudeDegrees>-121.8696510</LongitudeDegrees>
            </Position>
            <AltitudeMeters>25.5</AltitudeMeters>
            <DistanceMeters>2076.69</DistanceMeters>
            <HeartRateBpm><Value>161</Value></HeartRateBpm>
            <Cadence>178</Cadence>
          </Trackpoint>
          <Trackpoint>
            <Time>2026-04-30T13:43:44.000Z</Time>
            <Position>
              <LatitudeDegrees>37.3515136</LatitudeDegrees>
              <LongitudeDegrees>-121.8695281</LongitudeDegrees>
            </Position>
            <AltitudeMeters>25.6</AltitudeMeters>
            <DistanceMeters>2092.02</DistanceMeters>
            <HeartRateBpm><Value>162</Value></HeartRateBpm>
            <Cadence>178</Cadence>
          </Trackpoint>
          <Trackpoint>
            <Time>2026-04-30T13:43:49.000Z</Time>
            <Position>
              <LatitudeDegrees>37.3516112</LatitudeDegrees>
              <LongitudeDegrees>-121.8694051</LongitudeDegrees>
            </Position>
            <AltitudeMeters>25.7</AltitudeMeters>
            <DistanceMeters>2107.36</DistanceMeters>
            <HeartRateBpm><Value>162</Value></HeartRateBpm>
            <Cadence>178</Cadence>
          </Trackpoint>
          <Trackpoint>
            <Time>2026-04-30T13:43:54.000Z</Time>
            <Position>
              <LatitudeDegrees>37.3517088</LatitudeDegrees>
              <LongitudeDegrees>-121.8692821</LongitudeDegrees>
            </Position>
            <AltitudeMeters>25.8</AltitudeMeters>
            <DistanceMeters>2122.70</DistanceMeters>
            <HeartRateBpm><Value>162</Value></HeartRateBpm>
            <Cadence>178</Cadence>
          </Trackpoint>
          <Trackpoint>
            <Time>2026-04-30T13:43:59.000Z</Time>
            <Position>
              <LatitudeDegrees>37.3518064</LatitudeDegrees>
              <LongitudeDegrees>-121.8691592</LongitudeDegrees>
            </Position>
            <AltitudeMeters>25.8</AltitudeMeters>
            <DistanceMeters>2138.04</DistanceMeters>
            <HeartRateBpm><Value>162</Value></HeartRateBpm>
            <Cadence>178</Cadence>
          </Trackpoint>
          <Trackpoint>
            <Time>2026-04-30T13:44:04.000Z</Time>
            <Position>
              <LatitudeDegrees>37.3519040</LatitudeDegrees>
              <LongitudeDegrees>-121.8690362</LongitudeDegrees>
            </Position>
            <AltitudeMeters>25.9</AltitudeMeters>
            <DistanceMeters>2153.37</DistanceMeters>
            <HeartRateBpm><Value>163</Value></HeartRateBpm>
            <Cadence>178</Cadence>
          </Trackpoint>
          <Trackpoint>
            <Time>2026-04-30T13:44:09.000Z</Time>
            <Position>
              <LatitudeDegrees>37.3520016</LatitudeDegrees>
              <LongitudeDegrees>-121.8689133</LongitudeDegrees>
            </Position>
            <AltitudeMeters>26</AltitudeMeters>
            <DistanceMeters>2168.71</DistanceMeters>
            <HeartRateBpm><Value>163</Value></HeartRateBpm>
            <Cadence>178</Cadence>
          </Trackpoint>
          <Trackpoint>
            <Time>2026-04-30T13:44:14.000Z</Time>
            <Position>
              <LatitudeDegrees>37.3520992</LatitudeDegrees>
              <LongitudeDegrees>-121.8687903</LongitudeDegrees>
            </Position>
            <AltitudeMeters>26.1</AltitudeMeters>
            <DistanceMeters>2184.05</DistanceMeters>
            <HeartRateBpm><Value>163</Value></HeartRateBpm>
            <Cadence>178</Cadence>
          </Trackpoint>
          <Trackpoint>
            <Time>2026-04-30T13:44:19.000Z</Time>
            <Position>
              <LatitudeDegrees>37.3521968</LatitudeDegrees>
              <LongitudeDegrees>-121.8686673</LongitudeDegrees>
            </Position>
            <AltitudeMeters>26.2</AltitudeMeters>
            <DistanceMeters>2199.39</DistanceMeters>
            <HeartRateBpm><Value>164</Value></HeartRateBpm>
            <Cadence>178</Cadence>
          </Trackpoint>
          <Trackpoint>
            <Time>2026-04-30T13:44:24.000Z</Time>
            <Position>
              <LatitudeDegrees>37.3522944</LatitudeDegrees>
              <LongitudeDegrees>-121.8685444</LongitudeDegrees>
            </Position>
            <AltitudeMeters>26.2</AltitudeMeters>
            <DistanceMeters>2214.72</DistanceMeters>
            <HeartRateBpm><Value>164</Value></HeartRateBpm>
            <Cadence>178</Cadence>
          </Trackpoint>
          <Trackpoint>
            <Time>2026-04-30T13:44:29.000Z</Time>
            <Position>
              <LatitudeDegrees>37.3523920</LatitudeDegrees>
              <LongitudeDegrees>-121.8684214</LongitudeDegrees>
            </Position>
            <AltitudeMeters>26.3</AltitudeMeters>
            <DistanceMeters>2230.06</DistanceMeters>
            <HeartRateBpm><Value>164</Value></HeartRateBpm>
            <Cadence>178</Cadence>
          </Trackpoint>
          <Trackpoint>
            <Time>2026-04-30T13:44:34.000Z</Time>
            <Position>
              <LatitudeDegrees>37.3524896</LatitudeDegrees>
              <LongitudeDegrees>-121.8682985</LongitudeDegrees>
            </Position>
            <AltitudeMeters>26.4</AltitudeMeters>
            <DistanceMeters>2245.40</DistanceMeters>
            <HeartRateBpm><Value>164</Value></HeartRateBpm>
            <Cadence>178</Cadence>
          </Trackpoint>
          <Trackpoint>
            <Time>2026-04-30T13:44:39.000Z</Time>
            <Position>
              <LatitudeDegrees>37.3525873</LatitudeDegrees>
              <LongitudeDegrees>-121.8681755</LongitudeDegrees>
            </Position>
            <AltitudeMeters>26.5</AltitudeMeters>
            <DistanceMeters>2260.74</DistanceMeters>
            <HeartRateBpm><Value>165</Value></HeartRateBpm>
            <Cadence>178</Cadence>
          </Trackpoint>
          <Trackpoint>
            <Time>2026-04-30T13:44:44.000Z</Time>
            <Position>
              <LatitudeDegrees>37.3526849</LatitudeDegrees>
              <LongitudeDegrees>-121.8680525</LongitudeDegrees>
            </Position>
            <AltitudeMeters>26.5</AltitudeMeters>
            <DistanceMeters>2276.07</DistanceMeters>
            <HeartRateBpm><Value>165</Value></HeartRateBpm>
            <Cadence>178</Cadence>
          </Trackpoint>
          <Trackpoint>
            <Time>2026-04-30T13:44:49.000Z</Time>
            <Position>
              <LatitudeDegrees>37.3527825</LatitudeDegrees>
              <LongitudeDegrees>-121.8679296</LongitudeDegrees>
            </Position>
            <AltitudeMeters>26.6</AltitudeMeters>
            <DistanceMeters>2291.41</DistanceMeters>
            <HeartRateBpm><Value>165</Value></HeartRateBpm>
            <Cadence>178</Cadence>
          </Trackpoint>
          <Trackpoint>
            <Time>2026-04-30T13:44:54.000Z</Time>
            <Position>
              <LatitudeDegrees>37.3528801</LatitudeDegrees>
              <LongitudeDegrees>-121.8678066</LongitudeDegrees>
            </Position>
            <AltitudeMeters>26.6</AltitudeMeters>
            <DistanceMeters>2306.75</DistanceMeters>
            <HeartRateBpm><Value>165</Value></HeartRateBpm>
            <Cadence>178</Cadence>
          </Trackpoint>
          <Trackpoint>
            <Time>2026-04-30T13:44:59.000Z</Time>
            <Position>
              <LatitudeDegrees>37.3529777</LatitudeDegrees>
              <LongitudeDegrees>-121.8676836</LongitudeDegrees>
            </Position>
            <AltitudeMeters>26.7</AltitudeMeters>
            <DistanceMeters>2322.09</DistanceMeters>
            <HeartRateBpm><Value>166</Value></HeartRateBpm>
            <Cadence>178</Cadence>
          </Trackpoint>
          <Trackpoint>
            <Time>2026-04-30T13:45:04.000Z</Time>
            <Position>
              <LatitudeDegrees>37.3530753</LatitudeDegrees>
              <LongitudeDegrees>-121.8675607</LongitudeDegrees>
            </Position>
            <AltitudeMeters>26.7</AltitudeMeters>
            <DistanceMeters>2337.42</DistanceMeters>
            <HeartRateBpm><Value>166</Value></HeartRateBpm>
            <Cadence>178</Cadence>
          </Trackpoint>
          <Trackpoint>
            <Time>2026-04-30T13:45:09.000Z</Time>
            <Position>
              <LatitudeDegrees>37.3531729</LatitudeDegrees>
              <LongitudeDegrees>-121.8674377</LongitudeDegrees>
            </Position>
            <AltitudeMeters>26.8</AltitudeMeters>
            <DistanceMeters>2352.76</DistanceMeters>
            <HeartRateBpm><Value>166</Value></HeartRateBpm>
            <Cadence>178</Cadence>
          </Trackpoint>
          <Trackpoint>
            <Time>2026-04-30T13:45:14.000Z</Time>
            <Position>
              <LatitudeDegrees>37.3532705</LatitudeDegrees>
              <LongitudeDegrees>-121.8673148</LongitudeDegrees>
            </Position>
            <AltitudeMeters>26.8</AltitudeMeters>
            <DistanceMeters>2368.10</DistanceMeters>
            <HeartRateBpm><Value>167</Value></HeartRateBpm>
            <Cadence>178</Cadence>
          </Trackpoint>
          <Trackpoint>
            <Time>2026-04-30T13:45:19.000Z</Time>
            <Position>
              <LatitudeDegrees>37.3533681</LatitudeDegrees>
              <LongitudeDegrees>-121.8671918</LongitudeDegrees>
            </Position>
            <AltitudeMeters>26.9</AltitudeMeters>
            <DistanceMeters>2383.44</DistanceMeters>
            <HeartRateBpm><Value>167</Value></HeartRateBpm>
            <Cadence>178</Cadence>
          </Trackpoint>
          <Trackpoint>
            <Time>2026-04-30T13:45:24.000Z</Time>
            <Position>
              <LatitudeDegrees>37.3534657</LatitudeDegrees>
              <LongitudeDegrees>-121.8670688</LongitudeDegrees>
            </Position>
            <AltitudeMeters>26.9</AltitudeMeters>
            <DistanceMeters>2398.77</DistanceMeters>
            <HeartRateBpm><Value>167</Value></HeartRateBpm>
            <Cadence>178</Cadence>
          </Trackpoint>
          <Trackpoint>
            <Time>2026-04-30T13:45:29.000Z</Time>
            <Position>
              <LatitudeDegrees>37.3535633</LatitudeDegrees>
              <LongitudeDegrees>-121.8669459</LongitudeDegrees>
            </Position>
            <AltitudeMeters>26.9</AltitudeMeters>
            <DistanceMeters>2414.11</DistanceMeters>
            <HeartRateBpm><Value>167</Value></HeartRateBpm>
            <Cadence>178</Cadence>
          </Trackpoint>
          <Trackpoint>
            <Time>2026-04-30T13:45:34.000Z</Time>
            <Position>
              <LatitudeDegrees>37.3536609</LatitudeDegrees>
              <LongitudeDegrees>-121.8668229</LongitudeDegrees>
            </Position>
            <AltitudeMeters>27</AltitudeMeters>
            <DistanceMeters>2429.45</DistanceMeters>
            <HeartRateBpm><Value>168</Value></HeartRateBpm>
            <Cadence>178</Cadence>
          </Trackpoint>
          <Trackpoint>
            <Time>2026-04-30T13:45:39.000Z</Time>
            <Position>
              <LatitudeDegrees>37.3537585</LatitudeDegrees>
              <LongitudeDegrees>-121.8667000</LongitudeDegrees>
            </Position>
            <AltitudeMeters>27</AltitudeMeters>
            <DistanceMeters>2444.79</DistanceMeters>
            <HeartRateBpm><Value>168</Value></HeartRateBpm>
            <Cadence>178</Cadence>
          </Trackpoint>
          <Trackpoint>
            <Time>2026-04-30T13:45:44.000Z</Time>
            <Position>
              <LatitudeDegrees>37.3538561</LatitudeDegrees>
              <LongitudeDegrees>-121.8665770</LongitudeDegrees>
            </Position>
            <AltitudeMeters>27</AltitudeMeters>
            <DistanceMeters>2460.12</DistanceMeters>
            <HeartRateBpm><Value>168</Value></HeartRateBpm>
            <Cadence>178</Cadence>
          </Trackpoint>
          <Trackpoint>
            <Time>2026-04-30T13:45:49.000Z</Time>
            <Position>
              <LatitudeDegrees>37.3539537</LatitudeDegrees>
              <LongitudeDegrees>-121.8664540</LongitudeDegrees>
            </Position>
            <AltitudeMeters>27</AltitudeMeters>
            <DistanceMeters>2475.46</DistanceMeters>
            <HeartRateBpm><Value>168</Value></HeartRateBpm>
            <Cadence>178</Cadence>
          </Trackpoint>
          <Trackpoint>
            <Time>2026-04-30T13:45:54.000Z</Time>
            <Position>
              <LatitudeDegrees>37.3540514</LatitudeDegrees>
              <LongitudeDegrees>-121.8663311</LongitudeDegrees>
            </Position>
            <AltitudeMeters>27</AltitudeMeters>
            <DistanceMeters>2490.80</DistanceMeters>
            <HeartRateBpm><Value>168</Value></HeartRateBpm>
            <Cadence>178</Cadence>
          </Trackpoint>
          <Trackpoint>
            <Time>2026-04-30T13:45:59.000Z</Time>
            <Position>
              <LatitudeDegrees>37.3540709</LatitudeDegrees>
              <LongitudeDegrees>-121.8663065</LongitudeDegrees>
            </Position>
            <AltitudeMeters>27</AltitudeMeters>
            <DistanceMeters>2506.13</DistanceMeters>
            <HeartRateBpm><Value>168</Value></HeartRateBpm>
            <Cadence>178</Cadence>
          </Trackpoint>
          <Trackpoint>
            <Time>2026-04-30T13:46:04.000Z</Time>
            <Position>
              <LatitudeDegrees>37.3539733</LatitudeDegrees>
              <LongitudeDegrees>-121.8664294</LongitudeDegrees>
            </Position>
            <AltitudeMeters>27</AltitudeMeters>
            <DistanceMeters>2521.47</DistanceMeters>
            <HeartRateBpm><Value>168</Value></HeartRateBpm>
            <Cadence>178</Cadence>
          </Trackpoint>
          <Trackpoint>
            <Time>2026-04-30T13:46:09.000Z</Time>
            <Position>
              <LatitudeDegrees>37.3538757</LatitudeDegrees>
              <LongitudeDegrees>-121.8665524</LongitudeDegrees>
            </Position>
            <AltitudeMeters>27</AltitudeMeters>
            <DistanceMeters>2536.81</DistanceMeters>
            <HeartRateBpm><Value>168</Value></HeartRateBpm>
            <Cadence>178</Cadence>
          </Trackpoint>
          <Trackpoint>
            <Time>2026-04-30T13:46:14.000Z</Time>
            <Position>
              <LatitudeDegrees>37.3537781</LatitudeDegrees>
              <LongitudeDegrees>-121.8666754</LongitudeDegrees>
            </Position>
            <AltitudeMeters>27</AltitudeMeters>
            <DistanceMeters>2552.15</DistanceMeters>
            <HeartRateBpm><Value>168</Value></HeartRateBpm>
            <Cadence>178</Cadence>
          </Trackpoint>
          <Trackpoint>
            <Time>2026-04-30T13:46:19.000Z</Time>
            <Position>
              <LatitudeDegrees>37.3536804</LatitudeDegrees>
              <LongitudeDegrees>-121.8667983</LongitudeDegrees>
            </Position>
            <AltitudeMeters>27</AltitudeMeters>
            <DistanceMeters>2567.48</DistanceMeters>
            <HeartRateBpm><Value>168</Value></HeartRateBpm>
            <Cadence>178</Cadence>
          </Trackpoint>
          <Trackpoint>
            <Time>2026-04-30T13:46:24.000Z</Time>
            <Position>
              <LatitudeDegrees>37.3535828</LatitudeDegrees>
              <LongitudeDegrees>-121.8669213</LongitudeDegrees>
            </Position>
            <AltitudeMeters>26.9</AltitudeMeters>
            <DistanceMeters>2582.82</DistanceMeters>
            <HeartRateBpm><Value>168</Value></HeartRateBpm>
            <Cadence>178</Cadence>
          </Trackpoint>
          <Trackpoint>
            <Time>2026-04-30T13:46:29.000Z</Time>
            <Position>
              <LatitudeDegrees>37.3534852</LatitudeDegrees>
              <LongitudeDegrees>-121.8670442</LongitudeDegrees>
            </Position>
            <AltitudeMeters>26.9</AltitudeMeters>
            <DistanceMeters>2598.16</DistanceMeters>
            <HeartRateBpm><Value>168</Value></HeartRateBpm>
            <Cadence>178</Cadence>
          </Trackpoint>
          <Trackpoint>
            <Time>2026-04-30T13:46:34.000Z</Time>
            <Position>
              <LatitudeDegrees>37.3533876</LatitudeDegrees>
              <LongitudeDegrees>-121.8671672</LongitudeDegrees>
            </Position>
            <AltitudeMeters>26.9</AltitudeMeters>
            <DistanceMeters>2613.50</DistanceMeters>
            <HeartRateBpm><Value>168</Value></HeartRateBpm>
            <Cadence>178</Cadence>
          </Trackpoint>
          <Trackpoint>
            <Time>2026-04-30T13:46:39.000Z</Time>
            <Position>
              <LatitudeDegrees>37.3532900</LatitudeDegrees>
              <LongitudeDegrees>-121.8672902</LongitudeDegrees>
            </Position>
            <AltitudeMeters>26.8</AltitudeMeters>
            <DistanceMeters>2628.83</DistanceMeters>
            <HeartRateBpm><Value>168</Value></HeartRateBpm>
            <Cadence>178</Cadence>
          </Trackpoint>
          <Trackpoint>
            <Time>2026-04-30T13:46:44.000Z</Time>
            <Position>
              <LatitudeDegrees>37.3531924</LatitudeDegrees>
              <LongitudeDegrees>-121.8674131</LongitudeDegrees>
            </Position>
            <AltitudeMeters>26.8</AltitudeMeters>
            <DistanceMeters>2644.17</DistanceMeters>
            <HeartRateBpm><Value>168</Value></HeartRateBpm>
            <Cadence>178</Cadence>
          </Trackpoint>
          <Trackpoint>
            <Time>2026-04-30T13:46:49.000Z</Time>
            <Position>
              <LatitudeDegrees>37.3530948</LatitudeDegrees>
              <LongitudeDegrees>-121.8675361</LongitudeDegrees>
            </Position>
            <AltitudeMeters>26.8</AltitudeMeters>
            <DistanceMeters>2659.51</DistanceMeters>
            <HeartRateBpm><Value>168</Value></HeartRateBpm>
            <Cadence>178</Cadence>
          </Trackpoint>
          <Trackpoint>
            <Time>2026-04-30T13:46:54.000Z</Time>
            <Position>
              <LatitudeDegrees>37.3529972</LatitudeDegrees>
              <LongitudeDegrees>-121.8676591</LongitudeDegrees>
            </Position>
            <AltitudeMeters>26.7</AltitudeMeters>
            <DistanceMeters>2674.85</DistanceMeters>
            <HeartRateBpm><Value>168</Value></HeartRateBpm>
            <Cadence>178</Cadence>
          </Trackpoint>
          <Trackpoint>
            <Time>2026-04-30T13:46:59.000Z</Time>
            <Position>
              <LatitudeDegrees>37.3528996</LatitudeDegrees>
              <LongitudeDegrees>-121.8677820</LongitudeDegrees>
            </Position>
            <AltitudeMeters>26.7</AltitudeMeters>
            <DistanceMeters>2690.18</DistanceMeters>
            <HeartRateBpm><Value>168</Value></HeartRateBpm>
            <Cadence>178</Cadence>
          </Trackpoint>
          <Trackpoint>
            <Time>2026-04-30T13:47:04.000Z</Time>
            <Position>
              <LatitudeDegrees>37.3528020</LatitudeDegrees>
              <LongitudeDegrees>-121.8679050</LongitudeDegrees>
            </Position>
            <AltitudeMeters>26.6</AltitudeMeters>
            <DistanceMeters>2705.52</DistanceMeters>
            <HeartRateBpm><Value>168</Value></HeartRateBpm>
            <Cadence>178</Cadence>
          </Trackpoint>
          <Trackpoint>
            <Time>2026-04-30T13:47:09.000Z</Time>
            <Position>
              <LatitudeDegrees>37.3527044</LatitudeDegrees>
              <LongitudeDegrees>-121.8680279</LongitudeDegrees>
            </Position>
            <AltitudeMeters>26.5</AltitudeMeters>
            <DistanceMeters>2720.86</DistanceMeters>
            <HeartRateBpm><Value>168</Value></HeartRateBpm>
            <Cadence>178</Cadence>
          </Trackpoint>
          <Trackpoint>
            <Time>2026-04-30T13:47:14.000Z</Time>
            <Position>
              <LatitudeDegrees>37.3526068</LatitudeDegrees>
              <LongitudeDegrees>-121.8681509</LongitudeDegrees>
            </Position>
            <AltitudeMeters>26.5</AltitudeMeters>
            <DistanceMeters>2736.20</DistanceMeters>
            <HeartRateBpm><Value>168</Value></HeartRateBpm>
            <Cadence>178</Cadence>
          </Trackpoint>
          <Trackpoint>
            <Time>2026-04-30T13:47:19.000Z</Time>
            <Position>
              <LatitudeDegrees>37.3525092</LatitudeDegrees>
              <LongitudeDegrees>-121.8682739</LongitudeDegrees>
            </Position>
            <AltitudeMeters>26.4</AltitudeMeters>
            <DistanceMeters>2751.53</DistanceMeters>
            <HeartRateBpm><Value>168</Value></HeartRateBpm>
            <Cadence>178</Cadence>
          </Trackpoint>
          <Trackpoint>
            <Time>2026-04-30T13:47:24.000Z</Time>
            <Position>
              <LatitudeDegrees>37.3524116</LatitudeDegrees>
              <LongitudeDegrees>-121.8683968</LongitudeDegrees>
            </Position>
            <AltitudeMeters>26.3</AltitudeMeters>
            <DistanceMeters>2766.87</DistanceMeters>
            <HeartRateBpm><Value>168</Value></HeartRateBpm>
            <Cadence>178</Cadence>
          </Trackpoint>
          <Trackpoint>
            <Time>2026-04-30T13:47:29.000Z</Time>
            <Position>
              <LatitudeDegrees>37.3523140</LatitudeDegrees>
              <LongitudeDegrees>-121.8685198</LongitudeDegrees>
            </Position>
            <AltitudeMeters>26.3</AltitudeMeters>
            <DistanceMeters>2782.21</DistanceMeters>
            <HeartRateBpm><Value>168</Value></HeartRateBpm>
            <Cadence>178</Cadence>
          </Trackpoint>
          <Trackpoint>
            <Time>2026-04-30T13:47:34.000Z</Time>
            <Position>
              <LatitudeDegrees>37.3522163</LatitudeDegrees>
              <LongitudeDegrees>-121.8686427</LongitudeDegrees>
            </Position>
            <AltitudeMeters>26.2</AltitudeMeters>
            <DistanceMeters>2797.55</DistanceMeters>
            <HeartRateBpm><Value>168</Value></HeartRateBpm>
            <Cadence>178</Cadence>
          </Trackpoint>
          <Trackpoint>
            <Time>2026-04-30T13:47:39.000Z</Time>
            <Position>
              <LatitudeDegrees>37.3521187</LatitudeDegrees>
              <LongitudeDegrees>-121.8687657</LongitudeDegrees>
            </Position>
            <AltitudeMeters>26.1</AltitudeMeters>
            <DistanceMeters>2812.88</DistanceMeters>
            <HeartRateBpm><Value>168</Value></HeartRateBpm>
            <Cadence>178</Cadence>
          </Trackpoint>
          <Trackpoint>
            <Time>2026-04-30T13:47:44.000Z</Time>
            <Position>
              <LatitudeDegrees>37.3520211</LatitudeDegrees>
              <LongitudeDegrees>-121.8688887</LongitudeDegrees>
            </Position>
            <AltitudeMeters>26</AltitudeMeters>
            <DistanceMeters>2828.22</DistanceMeters>
            <HeartRateBpm><Value>168</Value></HeartRateBpm>
            <Cadence>178</Cadence>
          </Trackpoint>
          <Trackpoint>
            <Time>2026-04-30T13:47:49.000Z</Time>
            <Position>
              <LatitudeDegrees>37.3519235</LatitudeDegrees>
              <LongitudeDegrees>-121.8690116</LongitudeDegrees>
            </Position>
            <AltitudeMeters>25.9</AltitudeMeters>
            <DistanceMeters>2843.56</DistanceMeters>
            <HeartRateBpm><Value>168</Value></HeartRateBpm>
            <Cadence>178</Cadence>
          </Trackpoint>
          <Trackpoint>
            <Time>2026-04-30T13:47:54.000Z</Time>
            <Position>
              <LatitudeDegrees>37.3518259</LatitudeDegrees>
              <LongitudeDegrees>-121.8691346</LongitudeDegrees>
            </Position>
            <AltitudeMeters>25.9</AltitudeMeters>
            <DistanceMeters>2858.90</DistanceMeters>
            <HeartRateBpm><Value>168</Value></HeartRateBpm>
            <Cadence>178</Cadence>
          </Trackpoint>
          <Trackpoint>
            <Time>2026-04-30T13:47:59.000Z</Time>
            <Position>
              <LatitudeDegrees>37.3517283</LatitudeDegrees>
              <LongitudeDegrees>-121.8692575</LongitudeDegrees>
            </Position>
            <AltitudeMeters>25.8</AltitudeMeters>
            <DistanceMeters>2874.23</DistanceMeters>
            <HeartRateBpm><Value>168</Value></HeartRateBpm>
            <Cadence>178</Cadence>
          </Trackpoint>
          <Trackpoint>
            <Time>2026-04-30T13:48:04.000Z</Time>
            <Position>
              <LatitudeDegrees>37.3516307</LatitudeDegrees>
              <LongitudeDegrees>-121.8693805</LongitudeDegrees>
            </Position>
            <AltitudeMeters>25.7</AltitudeMeters>
            <DistanceMeters>2889.57</DistanceMeters>
            <HeartRateBpm><Value>168</Value></HeartRateBpm>
            <Cadence>178</Cadence>
          </Trackpoint>
          <Trackpoint>
            <Time>2026-04-30T13:48:09.000Z</Time>
            <Position>
              <LatitudeDegrees>37.3515331</LatitudeDegrees>
              <LongitudeDegrees>-121.8695035</LongitudeDegrees>
            </Position>
            <AltitudeMeters>25.6</AltitudeMeters>
            <DistanceMeters>2904.91</DistanceMeters>
            <HeartRateBpm><Value>168</Value></HeartRateBpm>
            <Cadence>178</Cadence>
          </Trackpoint>
          <Trackpoint>
            <Time>2026-04-30T13:48:14.000Z</Time>
            <Position>
              <LatitudeDegrees>37.3514355</LatitudeDegrees>
              <LongitudeDegrees>-121.8696264</LongitudeDegrees>
            </Position>
            <AltitudeMeters>25.5</AltitudeMeters>
            <DistanceMeters>2920.25</DistanceMeters>
            <HeartRateBpm><Value>168</Value></HeartRateBpm>
            <Cadence>178</Cadence>
          </Trackpoint>
          <Trackpoint>
            <Time>2026-04-30T13:48:19.000Z</Time>
            <Position>
              <LatitudeDegrees>37.3513379</LatitudeDegrees>
              <LongitudeDegrees>-121.8697494</LongitudeDegrees>
            </Position>
            <AltitudeMeters>25.4</AltitudeMeters>
            <DistanceMeters>2935.58</DistanceMeters>
            <HeartRateBpm><Value>168</Value></HeartRateBpm>
            <Cadence>178</Cadence>
          </Trackpoint>
          <Trackpoint>
            <Time>2026-04-30T13:48:24.000Z</Time>
            <Position>
              <LatitudeDegrees>37.3512403</LatitudeDegrees>
              <LongitudeDegrees>-121.8698724</LongitudeDegrees>
            </Position>
            <AltitudeMeters>25.3</AltitudeMeters>
            <DistanceMeters>2950.92</DistanceMeters>
            <HeartRateBpm><Value>168</Value></HeartRateBpm>
            <Cadence>178</Cadence>
          </Trackpoint>
          <Trackpoint>
            <Time>2026-04-30T13:48:29.000Z</Time>
            <Position>
              <LatitudeDegrees>37.3511427</LatitudeDegrees>
              <LongitudeDegrees>-121.8699953</LongitudeDegrees>
            </Position>
            <AltitudeMeters>25.2</AltitudeMeters>
            <DistanceMeters>2966.26</DistanceMeters>
            <HeartRateBpm><Value>168</Value></HeartRateBpm>
            <Cadence>178</Cadence>
          </Trackpoint>
          <Trackpoint>
            <Time>2026-04-30T13:48:34.000Z</Time>
            <Position>
              <LatitudeDegrees>37.3510451</LatitudeDegrees>
              <LongitudeDegrees>-121.8701183</LongitudeDegrees>
            </Position>
            <AltitudeMeters>25.1</AltitudeMeters>
            <DistanceMeters>2981.60</DistanceMeters>
            <HeartRateBpm><Value>168</Value></HeartRateBpm>
            <Cadence>178</Cadence>
          </Trackpoint>
          <Trackpoint>
            <Time>2026-04-30T13:48:39.000Z</Time>
            <Position>
              <LatitudeDegrees>37.3509475</LatitudeDegrees>
              <LongitudeDegrees>-121.8702412</LongitudeDegrees>
            </Position>
            <AltitudeMeters>25</AltitudeMeters>
            <DistanceMeters>2996.93</DistanceMeters>
            <HeartRateBpm><Value>168</Value></HeartRateBpm>
            <Cadence>178</Cadence>
          </Trackpoint>
          <Trackpoint>
            <Time>2026-04-30T13:48:44.000Z</Time>
            <Position>
              <LatitudeDegrees>37.3508498</LatitudeDegrees>
              <LongitudeDegrees>-121.8703642</LongitudeDegrees>
            </Position>
            <AltitudeMeters>24.9</AltitudeMeters>
            <DistanceMeters>3012.27</DistanceMeters>
            <HeartRateBpm><Value>168</Value></HeartRateBpm>
            <Cadence>178</Cadence>
          </Trackpoint>
          <Trackpoint>
            <Time>2026-04-30T13:48:49.000Z</Time>
            <Position>
              <LatitudeDegrees>37.3507522</LatitudeDegrees>
              <LongitudeDegrees>-121.8704872</LongitudeDegrees>
            </Position>
            <AltitudeMeters>24.8</AltitudeMeters>
            <DistanceMeters>3027.61</DistanceMeters>
            <HeartRateBpm><Value>168</Value></HeartRateBpm>
            <Cadence>178</Cadence>
          </Trackpoint>
          <Trackpoint>
            <Time>2026-04-30T13:48:54.000Z</Time>
            <Position>
              <LatitudeDegrees>37.3506546</LatitudeDegrees>
              <LongitudeDegrees>-121.8706101</LongitudeDegrees>
            </Position>
            <AltitudeMeters>24.7</AltitudeMeters>
            <DistanceMeters>3042.94</DistanceMeters>
            <HeartRateBpm><Value>168</Value></HeartRateBpm>
            <Cadence>178</Cadence>
          </Trackpoint>
          <Trackpoint>
            <Time>2026-04-30T13:48:59.000Z</Time>
            <Position>
              <LatitudeDegrees>37.3505570</LatitudeDegrees>
              <LongitudeDegrees>-121.8707331</LongitudeDegrees>
            </Position>
            <AltitudeMeters>24.6</AltitudeMeters>
            <DistanceMeters>3058.28</DistanceMeters>
            <HeartRateBpm><Value>168</Value></HeartRateBpm>
            <Cadence>178</Cadence>
          </Trackpoint>
          <Trackpoint>
            <Time>2026-04-30T13:49:04.000Z</Time>
            <Position>
              <LatitudeDegrees>37.3504594</LatitudeDegrees>
              <LongitudeDegrees>-121.8708560</LongitudeDegrees>
            </Position>
            <AltitudeMeters>24.5</AltitudeMeters>
            <DistanceMeters>3073.62</DistanceMeters>
            <HeartRateBpm><Value>168</Value></HeartRateBpm>
            <Cadence>178</Cadence>
          </Trackpoint>
          <Trackpoint>
            <Time>2026-04-30T13:49:09.000Z</Time>
            <Position>
              <LatitudeDegrees>37.3503618</LatitudeDegrees>
              <LongitudeDegrees>-121.8709790</LongitudeDegrees>
            </Position>
            <AltitudeMeters>24.4</AltitudeMeters>
            <DistanceMeters>3088.96</DistanceMeters>
            <HeartRateBpm><Value>168</Value></HeartRateBpm>
            <Cadence>178</Cadence>
          </Trackpoint>
          <Trackpoint>
            <Time>2026-04-30T13:49:14.000Z</Time>
            <Position>
              <LatitudeDegrees>37.3502642</LatitudeDegrees>
              <LongitudeDegrees>-121.8711020</LongitudeDegrees>
            </Position>
            <AltitudeMeters>24.4</AltitudeMeters>
            <DistanceMeters>3104.29</DistanceMeters>
            <HeartRateBpm><Value>168</Value></HeartRateBpm>
            <Cadence>178</Cadence>
          </Trackpoint>
          <Trackpoint>
            <Time>2026-04-30T13:49:19.000Z</Time>
            <Position>
              <LatitudeDegrees>37.3501666</LatitudeDegrees>
              <LongitudeDegrees>-121.8712249</LongitudeDegrees>
            </Position>
            <AltitudeMeters>24.3</AltitudeMeters>
            <DistanceMeters>3119.63</DistanceMeters>
            <HeartRateBpm><Value>168</Value></HeartRateBpm>
            <Cadence>178</Cadence>
          </Trackpoint>
          <Trackpoint>
            <Time>2026-04-30T13:49:24.000Z</Time>
            <Position>
              <LatitudeDegrees>37.3500690</LatitudeDegrees>
              <LongitudeDegrees>-121.8713479</LongitudeDegrees>
            </Position>
            <AltitudeMeters>24.2</AltitudeMeters>
            <DistanceMeters>3134.97</DistanceMeters>
            <HeartRateBpm><Value>168</Value></HeartRateBpm>
            <Cadence>178</Cadence>
          </Trackpoint>
          <Trackpoint>
            <Time>2026-04-30T13:49:29.000Z</Time>
            <Position>
              <LatitudeDegrees>37.3499714</LatitudeDegrees>
              <LongitudeDegrees>-121.8714709</LongitudeDegrees>
            </Position>
            <AltitudeMeters>24.1</AltitudeMeters>
            <DistanceMeters>3150.31</DistanceMeters>
            <HeartRateBpm><Value>168</Value></HeartRateBpm>
            <Cadence>178</Cadence>
          </Trackpoint>
          <Trackpoint>
            <Time>2026-04-30T13:49:34.000Z</Time>
            <Position>
              <LatitudeDegrees>37.3498738</LatitudeDegrees>
              <LongitudeDegrees>-121.8715938</LongitudeDegrees>
            </Position>
            <AltitudeMeters>24</AltitudeMeters>
            <DistanceMeters>3165.64</DistanceMeters>
            <HeartRateBpm><Value>168</Value></HeartRateBpm>
            <Cadence>178</Cadence>
          </Trackpoint>
          <Trackpoint>
            <Time>2026-04-30T13:49:39.000Z</Time>
            <Position>
              <LatitudeDegrees>37.3497762</LatitudeDegrees>
              <LongitudeDegrees>-121.8717168</LongitudeDegrees>
            </Position>
            <AltitudeMeters>23.9</AltitudeMeters>
            <DistanceMeters>3180.98</DistanceMeters>
            <HeartRateBpm><Value>168</Value></HeartRateBpm>
            <Cadence>178</Cadence>
          </Trackpoint>
          <Trackpoint>
            <Time>2026-04-30T13:49:44.000Z</Time>
            <Position>
              <LatitudeDegrees>37.3496786</LatitudeDegrees>
              <LongitudeDegrees>-121.8718397</LongitudeDegrees>
            </Position>
            <AltitudeMeters>23.8</AltitudeMeters>
            <DistanceMeters>3196.32</DistanceMeters>
            <HeartRateBpm><Value>168</Value></HeartRateBpm>
            <Cadence>178</Cadence>
          </Trackpoint>
          <Trackpoint>
            <Time>2026-04-30T13:49:49.000Z</Time>
            <Position>
              <LatitudeDegrees>37.3495810</LatitudeDegrees>
              <LongitudeDegrees>-121.8719627</LongitudeDegrees>
            </Position>
            <AltitudeMeters>23.8</AltitudeMeters>
            <DistanceMeters>3211.66</DistanceMeters>
            <HeartRateBpm><Value>168</Value></HeartRateBpm>
            <Cadence>178</Cadence>
          </Trackpoint>
          <Trackpoint>
            <Time>2026-04-30T13:49:54.000Z</Time>
            <Position>
              <LatitudeDegrees>37.3494834</LatitudeDegrees>
              <LongitudeDegrees>-121.8720857</LongitudeDegrees>
            </Position>
            <AltitudeMeters>23.7</AltitudeMeters>
            <DistanceMeters>3226.99</DistanceMeters>
            <HeartRateBpm><Value>168</Value></HeartRateBpm>
            <Cadence>178</Cadence>
          </Trackpoint>
          <Trackpoint>
            <Time>2026-04-30T13:49:59.000Z</Time>
            <Position>
              <LatitudeDegrees>37.3493857</LatitudeDegrees>
              <LongitudeDegrees>-121.8722086</LongitudeDegrees>
            </Position>
            <AltitudeMeters>23.6</AltitudeMeters>
            <DistanceMeters>3242.33</DistanceMeters>
            <HeartRateBpm><Value>168</Value></HeartRateBpm>
            <Cadence>178</Cadence>
          </Trackpoint>
          <Trackpoint>
            <Time>2026-04-30T13:50:04.000Z</Time>
            <Position>
              <LatitudeDegrees>37.3492881</LatitudeDegrees>
              <LongitudeDegrees>-121.8723316</LongitudeDegrees>
            </Position>
            <AltitudeMeters>23.6</AltitudeMeters>
            <DistanceMeters>3257.67</DistanceMeters>
            <HeartRateBpm><Value>168</Value></HeartRateBpm>
            <Cadence>178</Cadence>
          </Trackpoint>
          <Trackpoint>
            <Time>2026-04-30T13:50:09.000Z</Time>
            <Position>
              <LatitudeDegrees>37.3491905</LatitudeDegrees>
              <LongitudeDegrees>-121.8724545</LongitudeDegrees>
            </Position>
            <AltitudeMeters>23.5</AltitudeMeters>
            <DistanceMeters>3273.01</DistanceMeters>
            <HeartRateBpm><Value>168</Value></HeartRateBpm>
            <Cadence>178</Cadence>
          </Trackpoint>
          <Trackpoint>
            <Time>2026-04-30T13:50:14.000Z</Time>
            <Position>
              <LatitudeDegrees>37.3490929</LatitudeDegrees>
              <LongitudeDegrees>-121.8725775</LongitudeDegrees>
            </Position>
            <AltitudeMeters>23.4</AltitudeMeters>
            <DistanceMeters>3288.34</DistanceMeters>
            <HeartRateBpm><Value>168</Value></HeartRateBpm>
            <Cadence>178</Cadence>
          </Trackpoint>
          <Trackpoint>
            <Time>2026-04-30T13:50:19.000Z</Time>
            <Position>
              <LatitudeDegrees>37.3489953</LatitudeDegrees>
              <LongitudeDegrees>-121.8727005</LongitudeDegrees>
            </Position>
            <AltitudeMeters>23.4</AltitudeMeters>
            <DistanceMeters>3303.68</DistanceMeters>
            <HeartRateBpm><Value>168</Value></HeartRateBpm>
            <Cadence>178</Cadence>
          </Trackpoint>
          <Trackpoint>
            <Time>2026-04-30T13:50:24.000Z</Time>
            <Position>
              <LatitudeDegrees>37.3488977</LatitudeDegrees>
              <LongitudeDegrees>-121.8728234</LongitudeDegrees>
            </Position>
            <AltitudeMeters>23.3</AltitudeMeters>
            <DistanceMeters>3319.02</DistanceMeters>
            <HeartRateBpm><Value>168</Value></HeartRateBpm>
            <Cadence>178</Cadence>
          </Trackpoint>
          <Trackpoint>
            <Time>2026-04-30T13:50:29.000Z</Time>
            <Position>
              <LatitudeDegrees>37.3488001</LatitudeDegrees>
              <LongitudeDegrees>-121.8729464</LongitudeDegrees>
            </Position>
            <AltitudeMeters>23.3</AltitudeMeters>
            <DistanceMeters>3334.36</DistanceMeters>
            <HeartRateBpm><Value>168</Value></HeartRateBpm>
            <Cadence>178</Cadence>
          </Trackpoint>
          <Trackpoint>
            <Time>2026-04-30T13:50:34.000Z</Time>
            <Position>
              <LatitudeDegrees>37.3487025</LatitudeDegrees>
              <LongitudeDegrees>-121.8730694</LongitudeDegrees>
            </Position>
            <AltitudeMeters>23.2</AltitudeMeters>
            <DistanceMeters>3349.69</DistanceMeters>
            <HeartRateBpm><Value>168</Value></HeartRateBpm>
            <Cadence>178</Cadence>
          </Trackpoint>
          <Trackpoint>
            <Time>2026-04-30T13:50:39.000Z</Time>
            <Position>
              <LatitudeDegrees>37.3486049</LatitudeDegrees>
              <LongitudeDegrees>-121.8731923</LongitudeDegrees>
            </Position>
            <AltitudeMeters>23.2</AltitudeMeters>
            <DistanceMeters>3365.03</DistanceMeters>
            <HeartRateBpm><Value>168</Value></HeartRateBpm>
            <Cadence>178</Cadence>
          </Trackpoint>
          <Trackpoint>
            <Time>2026-04-30T13:50:44.000Z</Time>
            <Position>
              <LatitudeDegrees>37.3485073</LatitudeDegrees>
              <LongitudeDegrees>-121.8733153</LongitudeDegrees>
            </Position>
            <AltitudeMeters>23.1</AltitudeMeters>
            <DistanceMeters>3380.37</DistanceMeters>
            <HeartRateBpm><Value>168</Value></HeartRateBpm>
            <Cadence>178</Cadence>
          </Trackpoint>
          <Trackpoint>
            <Time>2026-04-30T13:50:49.000Z</Time>
            <Position>
              <LatitudeDegrees>37.3484097</LatitudeDegrees>
              <LongitudeDegrees>-121.8734382</LongitudeDegrees>
            </Position>
            <AltitudeMeters>23.1</AltitudeMeters>
            <DistanceMeters>3395.71</DistanceMeters>
            <HeartRateBpm><Value>168</Value></HeartRateBpm>
            <Cadence>178</Cadence>
          </Trackpoint>
          <Trackpoint>
            <Time>2026-04-30T13:50:54.000Z</Time>
            <Position>
              <LatitudeDegrees>37.3483121</LatitudeDegrees>
              <LongitudeDegrees>-121.8735612</LongitudeDegrees>
            </Position>
            <AltitudeMeters>23.1</AltitudeMeters>
            <DistanceMeters>3411.04</DistanceMeters>
            <HeartRateBpm><Value>168</Value></HeartRateBpm>
            <Cadence>178</Cadence>
          </Trackpoint>
          <Trackpoint>
            <Time>2026-04-30T13:50:59.000Z</Time>
            <Position>
              <LatitudeDegrees>37.3482145</LatitudeDegrees>
              <LongitudeDegrees>-121.8736842</LongitudeDegrees>
            </Position>
            <AltitudeMeters>23.1</AltitudeMeters>
            <DistanceMeters>3426.38</DistanceMeters>
            <HeartRateBpm><Value>168</Value></HeartRateBpm>
            <Cadence>178</Cadence>
          </Trackpoint>
          <Trackpoint>
            <Time>2026-04-30T13:51:04.000Z</Time>
            <Position>
              <LatitudeDegrees>37.3481169</LatitudeDegrees>
              <LongitudeDegrees>-121.8738071</LongitudeDegrees>
            </Position>
            <AltitudeMeters>23</AltitudeMeters>
            <DistanceMeters>3441.72</DistanceMeters>
            <HeartRateBpm><Value>168</Value></HeartRateBpm>
            <Cadence>178</Cadence>
          </Trackpoint>
          <Trackpoint>
            <Time>2026-04-30T13:51:09.000Z</Time>
            <Position>
              <LatitudeDegrees>37.3480193</LatitudeDegrees>
              <LongitudeDegrees>-121.8739301</LongitudeDegrees>
            </Position>
            <AltitudeMeters>23</AltitudeMeters>
            <DistanceMeters>3457.06</DistanceMeters>
            <HeartRateBpm><Value>168</Value></HeartRateBpm>
            <Cadence>178</Cadence>
          </Trackpoint>
          <Trackpoint>
            <Time>2026-04-30T13:51:14.000Z</Time>
            <Position>
              <LatitudeDegrees>37.3479216</LatitudeDegrees>
              <LongitudeDegrees>-121.8740530</LongitudeDegrees>
            </Position>
            <AltitudeMeters>23</AltitudeMeters>
            <DistanceMeters>3472.39</DistanceMeters>
            <HeartRateBpm><Value>168</Value></HeartRateBpm>
            <Cadence>178</Cadence>
          </Trackpoint>
          <Trackpoint>
            <Time>2026-04-30T13:51:19.000Z</Time>
            <Position>
              <LatitudeDegrees>37.3478240</LatitudeDegrees>
              <LongitudeDegrees>-121.8741760</LongitudeDegrees>
            </Position>
            <AltitudeMeters>23</AltitudeMeters>
            <DistanceMeters>3487.73</DistanceMeters>
            <HeartRateBpm><Value>168</Value></HeartRateBpm>
            <Cadence>178</Cadence>
          </Trackpoint>
          <Trackpoint>
            <Time>2026-04-30T13:51:24.000Z</Time>
            <Position>
              <LatitudeDegrees>37.3477264</LatitudeDegrees>
              <LongitudeDegrees>-121.8742990</LongitudeDegrees>
            </Position>
            <AltitudeMeters>23</AltitudeMeters>
            <DistanceMeters>3503.07</DistanceMeters>
            <HeartRateBpm><Value>168</Value></HeartRateBpm>
            <Cadence>178</Cadence>
          </Trackpoint>
          <Trackpoint>
            <Time>2026-04-30T13:51:29.000Z</Time>
            <Position>
              <LatitudeDegrees>37.3476288</LatitudeDegrees>
              <LongitudeDegrees>-121.8744219</LongitudeDegrees>
            </Position>
            <AltitudeMeters>23</AltitudeMeters>
            <DistanceMeters>3518.40</DistanceMeters>
            <HeartRateBpm><Value>168</Value></HeartRateBpm>
            <Cadence>178</Cadence>
          </Trackpoint>
          <Trackpoint>
            <Time>2026-04-30T13:51:34.000Z</Time>
            <Position>
              <LatitudeDegrees>37.3475312</LatitudeDegrees>
              <LongitudeDegrees>-121.8745449</LongitudeDegrees>
            </Position>
            <AltitudeMeters>23</AltitudeMeters>
            <DistanceMeters>3533.74</DistanceMeters>
            <HeartRateBpm><Value>168</Value></HeartRateBpm>
            <Cadence>178</Cadence>
          </Trackpoint>
          <Trackpoint>
            <Time>2026-04-30T13:51:39.000Z</Time>
            <Position>
              <LatitudeDegrees>37.3474336</LatitudeDegrees>
              <LongitudeDegrees>-121.8746679</LongitudeDegrees>
            </Position>
            <AltitudeMeters>23</AltitudeMeters>
            <DistanceMeters>3549.08</DistanceMeters>
            <HeartRateBpm><Value>168</Value></HeartRateBpm>
            <Cadence>178</Cadence>
          </Trackpoint>
          <Trackpoint>
            <Time>2026-04-30T13:51:44.000Z</Time>
            <Position>
              <LatitudeDegrees>37.3473360</LatitudeDegrees>
              <LongitudeDegrees>-121.8747908</LongitudeDegrees>
            </Position>
            <AltitudeMeters>23</AltitudeMeters>
            <DistanceMeters>3564.42</DistanceMeters>
            <HeartRateBpm><Value>168</Value></HeartRateBpm>
            <Cadence>178</Cadence>
          </Trackpoint>
          <Trackpoint>
            <Time>2026-04-30T13:51:49.000Z</Time>
            <Position>
              <LatitudeDegrees>37.3472384</LatitudeDegrees>
              <LongitudeDegrees>-121.8749138</LongitudeDegrees>
            </Position>
            <AltitudeMeters>23.1</AltitudeMeters>
            <DistanceMeters>3579.75</DistanceMeters>
            <HeartRateBpm><Value>168</Value></HeartRateBpm>
            <Cadence>178</Cadence>
          </Trackpoint>
          <Trackpoint>
            <Time>2026-04-30T13:51:54.000Z</Time>
            <Position>
              <LatitudeDegrees>37.3471408</LatitudeDegrees>
              <LongitudeDegrees>-121.8750367</LongitudeDegrees>
            </Position>
            <AltitudeMeters>23.1</AltitudeMeters>
            <DistanceMeters>3595.09</DistanceMeters>
            <HeartRateBpm><Value>168</Value></HeartRateBpm>
            <Cadence>178</Cadence>
          </Trackpoint>
          <Trackpoint>
            <Time>2026-04-30T13:51:59.000Z</Time>
            <Position>
              <LatitudeDegrees>37.3470432</LatitudeDegrees>
              <LongitudeDegrees>-121.8751597</LongitudeDegrees>
            </Position>
            <AltitudeMeters>23.1</AltitudeMeters>
            <DistanceMeters>3610.43</DistanceMeters>
            <HeartRateBpm><Value>168</Value></HeartRateBpm>
            <Cadence>178</Cadence>
          </Trackpoint>
          <Trackpoint>
            <Time>2026-04-30T13:52:04.000Z</Time>
            <Position>
              <LatitudeDegrees>37.3469456</LatitudeDegrees>
              <LongitudeDegrees>-121.8752827</LongitudeDegrees>
            </Position>
            <AltitudeMeters>23.2</AltitudeMeters>
            <DistanceMeters>3625.77</DistanceMeters>
            <HeartRateBpm><Value>168</Value></HeartRateBpm>
            <Cadence>178</Cadence>
          </Trackpoint>
          <Trackpoint>
            <Time>2026-04-30T13:52:09.000Z</Time>
            <Position>
              <LatitudeDegrees>37.3468480</LatitudeDegrees>
              <LongitudeDegrees>-121.8754056</LongitudeDegrees>
            </Position>
            <AltitudeMeters>23.2</AltitudeMeters>
            <DistanceMeters>3641.10</DistanceMeters>
            <HeartRateBpm><Value>168</Value></HeartRateBpm>
            <Cadence>178</Cadence>
          </Trackpoint>
          <Trackpoint>
            <Time>2026-04-30T13:52:14.000Z</Time>
            <Position>
              <LatitudeDegrees>37.3467504</LatitudeDegrees>
              <LongitudeDegrees>-121.8755286</LongitudeDegrees>
            </Position>
            <AltitudeMeters>23.2</AltitudeMeters>
            <DistanceMeters>3656.44</DistanceMeters>
            <HeartRateBpm><Value>168</Value></HeartRateBpm>
            <Cadence>178</Cadence>
          </Trackpoint>
          <Trackpoint>
            <Time>2026-04-30T13:52:19.000Z</Time>
            <Position>
              <LatitudeDegrees>37.3466528</LatitudeDegrees>
              <LongitudeDegrees>-121.8756515</LongitudeDegrees>
            </Position>
            <AltitudeMeters>23.3</AltitudeMeters>
            <DistanceMeters>3671.78</DistanceMeters>
            <HeartRateBpm><Value>168</Value></HeartRateBpm>
            <Cadence>178</Cadence>
          </Trackpoint>
          <Trackpoint>
            <Time>2026-04-30T13:52:24.000Z</Time>
            <Position>
              <LatitudeDegrees>37.3465551</LatitudeDegrees>
              <LongitudeDegrees>-121.8757745</LongitudeDegrees>
            </Position>
            <AltitudeMeters>23.3</AltitudeMeters>
            <DistanceMeters>3687.12</DistanceMeters>
            <HeartRateBpm><Value>168</Value></HeartRateBpm>
            <Cadence>178</Cadence>
          </Trackpoint>
          <Trackpoint>
            <Time>2026-04-30T13:52:29.000Z</Time>
            <Position>
              <LatitudeDegrees>37.3464575</LatitudeDegrees>
              <LongitudeDegrees>-121.8758975</LongitudeDegrees>
            </Position>
            <AltitudeMeters>23.4</AltitudeMeters>
            <DistanceMeters>3702.45</DistanceMeters>
            <HeartRateBpm><Value>168</Value></HeartRateBpm>
            <Cadence>178</Cadence>
          </Trackpoint>
          <Trackpoint>
            <Time>2026-04-30T13:52:34.000Z</Time>
            <Position>
              <LatitudeDegrees>37.3463599</LatitudeDegrees>
              <LongitudeDegrees>-121.8760204</LongitudeDegrees>
            </Position>
            <AltitudeMeters>23.5</AltitudeMeters>
            <DistanceMeters>3717.79</DistanceMeters>
            <HeartRateBpm><Value>168</Value></HeartRateBpm>
            <Cadence>178</Cadence>
          </Trackpoint>
          <Trackpoint>
            <Time>2026-04-30T13:52:39.000Z</Time>
            <Position>
              <LatitudeDegrees>37.3462623</LatitudeDegrees>
              <LongitudeDegrees>-121.8761434</LongitudeDegrees>
            </Position>
            <AltitudeMeters>23.5</AltitudeMeters>
            <DistanceMeters>3733.13</DistanceMeters>
            <HeartRateBpm><Value>168</Value></HeartRateBpm>
            <Cadence>178</Cadence>
          </Trackpoint>
          <Trackpoint>
            <Time>2026-04-30T13:52:44.000Z</Time>
            <Position>
              <LatitudeDegrees>37.3461647</LatitudeDegrees>
              <LongitudeDegrees>-121.8762663</LongitudeDegrees>
            </Position>
            <AltitudeMeters>23.6</AltitudeMeters>
            <DistanceMeters>3748.47</DistanceMeters>
            <HeartRateBpm><Value>168</Value></HeartRateBpm>
            <Cadence>178</Cadence>
          </Trackpoint>
          <Trackpoint>
            <Time>2026-04-30T13:52:49.000Z</Time>
            <Position>
              <LatitudeDegrees>37.3460671</LatitudeDegrees>
              <LongitudeDegrees>-121.8763893</LongitudeDegrees>
            </Position>
            <AltitudeMeters>23.6</AltitudeMeters>
            <DistanceMeters>3763.80</DistanceMeters>
            <HeartRateBpm><Value>168</Value></HeartRateBpm>
            <Cadence>178</Cadence>
          </Trackpoint>
          <Trackpoint>
            <Time>2026-04-30T13:52:54.000Z</Time>
            <Position>
              <LatitudeDegrees>37.3459695</LatitudeDegrees>
              <LongitudeDegrees>-121.8765123</LongitudeDegrees>
            </Position>
            <AltitudeMeters>23.7</AltitudeMeters>
            <DistanceMeters>3779.14</DistanceMeters>
            <HeartRateBpm><Value>168</Value></HeartRateBpm>
            <Cadence>178</Cadence>
          </Trackpoint>
          <Trackpoint>
            <Time>2026-04-30T13:52:59.000Z</Time>
            <Position>
              <LatitudeDegrees>37.3458719</LatitudeDegrees>
              <LongitudeDegrees>-121.8766352</LongitudeDegrees>
            </Position>
            <AltitudeMeters>23.8</AltitudeMeters>
            <DistanceMeters>3794.48</DistanceMeters>
            <HeartRateBpm><Value>168</Value></HeartRateBpm>
            <Cadence>178</Cadence>
          </Trackpoint>
          <Trackpoint>
            <Time>2026-04-30T13:53:04.000Z</Time>
            <Position>
              <LatitudeDegrees>37.3457743</LatitudeDegrees>
              <LongitudeDegrees>-121.8767582</LongitudeDegrees>
            </Position>
            <AltitudeMeters>23.9</AltitudeMeters>
            <DistanceMeters>3809.82</DistanceMeters>
            <HeartRateBpm><Value>168</Value></HeartRateBpm>
            <Cadence>178</Cadence>
          </Trackpoint>
          <Trackpoint>
            <Time>2026-04-30T13:53:09.000Z</Time>
            <Position>
              <LatitudeDegrees>37.3456767</LatitudeDegrees>
              <LongitudeDegrees>-121.8768812</LongitudeDegrees>
            </Position>
            <AltitudeMeters>24</AltitudeMeters>
            <DistanceMeters>3825.15</DistanceMeters>
            <HeartRateBpm><Value>168</Value></HeartRateBpm>
            <Cadence>178</Cadence>
          </Trackpoint>
          <Trackpoint>
            <Time>2026-04-30T13:53:14.000Z</Time>
            <Position>
              <LatitudeDegrees>37.3455791</LatitudeDegrees>
              <LongitudeDegrees>-121.8770041</LongitudeDegrees>
            </Position>
            <AltitudeMeters>24</AltitudeMeters>
            <DistanceMeters>3840.49</DistanceMeters>
            <HeartRateBpm><Value>168</Value></HeartRateBpm>
            <Cadence>178</Cadence>
          </Trackpoint>
          <Trackpoint>
            <Time>2026-04-30T13:53:19.000Z</Time>
            <Position>
              <LatitudeDegrees>37.3454815</LatitudeDegrees>
              <LongitudeDegrees>-121.8771271</LongitudeDegrees>
            </Position>
            <AltitudeMeters>24.1</AltitudeMeters>
            <DistanceMeters>3855.83</DistanceMeters>
            <HeartRateBpm><Value>168</Value></HeartRateBpm>
            <Cadence>178</Cadence>
          </Trackpoint>
          <Trackpoint>
            <Time>2026-04-30T13:53:24.000Z</Time>
            <Position>
              <LatitudeDegrees>37.3453839</LatitudeDegrees>
              <LongitudeDegrees>-121.8772500</LongitudeDegrees>
            </Position>
            <AltitudeMeters>24.2</AltitudeMeters>
            <DistanceMeters>3871.17</DistanceMeters>
            <HeartRateBpm><Value>168</Value></HeartRateBpm>
            <Cadence>178</Cadence>
          </Trackpoint>
          <Trackpoint>
            <Time>2026-04-30T13:53:29.000Z</Time>
            <Position>
              <LatitudeDegrees>37.3452863</LatitudeDegrees>
              <LongitudeDegrees>-121.8773730</LongitudeDegrees>
            </Position>
            <AltitudeMeters>24.3</AltitudeMeters>
            <DistanceMeters>3886.50</DistanceMeters>
            <HeartRateBpm><Value>168</Value></HeartRateBpm>
            <Cadence>178</Cadence>
          </Trackpoint>
          <Trackpoint>
            <Time>2026-04-30T13:53:34.000Z</Time>
            <Position>
              <LatitudeDegrees>37.3451887</LatitudeDegrees>
              <LongitudeDegrees>-121.8774960</LongitudeDegrees>
            </Position>
            <AltitudeMeters>24.4</AltitudeMeters>
            <DistanceMeters>3901.84</DistanceMeters>
            <HeartRateBpm><Value>168</Value></HeartRateBpm>
            <Cadence>178</Cadence>
          </Trackpoint>
          <Trackpoint>
            <Time>2026-04-30T13:53:39.000Z</Time>
            <Position>
              <LatitudeDegrees>37.3450910</LatitudeDegrees>
              <LongitudeDegrees>-121.8776189</LongitudeDegrees>
            </Position>
            <AltitudeMeters>24.5</AltitudeMeters>
            <DistanceMeters>3917.18</DistanceMeters>
            <HeartRateBpm><Value>168</Value></HeartRateBpm>
            <Cadence>178</Cadence>
          </Trackpoint>
          <Trackpoint>
            <Time>2026-04-30T13:53:44.000Z</Time>
            <Position>
              <LatitudeDegrees>37.3449934</LatitudeDegrees>
              <LongitudeDegrees>-121.8777419</LongitudeDegrees>
            </Position>
            <AltitudeMeters>24.6</AltitudeMeters>
            <DistanceMeters>3932.52</DistanceMeters>
            <HeartRateBpm><Value>168</Value></HeartRateBpm>
            <Cadence>178</Cadence>
          </Trackpoint>
          <Trackpoint>
            <Time>2026-04-30T13:53:49.000Z</Time>
            <Position>
              <LatitudeDegrees>37.3448958</LatitudeDegrees>
              <LongitudeDegrees>-121.8778648</LongitudeDegrees>
            </Position>
            <AltitudeMeters>24.7</AltitudeMeters>
            <DistanceMeters>3947.85</DistanceMeters>
            <HeartRateBpm><Value>168</Value></HeartRateBpm>
            <Cadence>178</Cadence>
          </Trackpoint>
          <Trackpoint>
            <Time>2026-04-30T13:53:54.000Z</Time>
            <Position>
              <LatitudeDegrees>37.3447982</LatitudeDegrees>
              <LongitudeDegrees>-121.8779878</LongitudeDegrees>
            </Position>
            <AltitudeMeters>24.8</AltitudeMeters>
            <DistanceMeters>3963.19</DistanceMeters>
            <HeartRateBpm><Value>168</Value></HeartRateBpm>
            <Cadence>178</Cadence>
          </Trackpoint>
          <Trackpoint>
            <Time>2026-04-30T13:53:59.000Z</Time>
            <Position>
              <LatitudeDegrees>37.3447006</LatitudeDegrees>
              <LongitudeDegrees>-121.8781108</LongitudeDegrees>
            </Position>
            <AltitudeMeters>24.9</AltitudeMeters>
            <DistanceMeters>3978.53</DistanceMeters>
            <HeartRateBpm><Value>168</Value></HeartRateBpm>
            <Cadence>178</Cadence>
          </Trackpoint>
          <Trackpoint>
            <Time>2026-04-30T13:54:04.000Z</Time>
            <Position>
              <LatitudeDegrees>37.3446030</LatitudeDegrees>
              <LongitudeDegrees>-121.8782337</LongitudeDegrees>
            </Position>
            <AltitudeMeters>25</AltitudeMeters>
            <DistanceMeters>3993.87</DistanceMeters>
            <HeartRateBpm><Value>168</Value></HeartRateBpm>
            <Cadence>178</Cadence>
          </Trackpoint>
          <Trackpoint>
            <Time>2026-04-30T13:54:09.000Z</Time>
            <Position>
              <LatitudeDegrees>37.3445054</LatitudeDegrees>
              <LongitudeDegrees>-121.8783567</LongitudeDegrees>
            </Position>
            <AltitudeMeters>25.1</AltitudeMeters>
            <DistanceMeters>4009.20</DistanceMeters>
            <HeartRateBpm><Value>168</Value></HeartRateBpm>
            <Cadence>178</Cadence>
          </Trackpoint>
          <Trackpoint>
            <Time>2026-04-30T13:54:14.000Z</Time>
            <Position>
              <LatitudeDegrees>37.3444078</LatitudeDegrees>
              <LongitudeDegrees>-121.8784797</LongitudeDegrees>
            </Position>
            <AltitudeMeters>25.2</AltitudeMeters>
            <DistanceMeters>4024.54</DistanceMeters>
            <HeartRateBpm><Value>168</Value></HeartRateBpm>
            <Cadence>178</Cadence>
          </Trackpoint>
          <Trackpoint>
            <Time>2026-04-30T13:54:19.000Z</Time>
            <Position>
              <LatitudeDegrees>37.3443102</LatitudeDegrees>
              <LongitudeDegrees>-121.8786026</LongitudeDegrees>
            </Position>
            <AltitudeMeters>25.2</AltitudeMeters>
            <DistanceMeters>4039.88</DistanceMeters>
            <HeartRateBpm><Value>168</Value></HeartRateBpm>
            <Cadence>178</Cadence>
          </Trackpoint>
          <Trackpoint>
            <Time>2026-04-30T13:54:24.000Z</Time>
            <Position>
              <LatitudeDegrees>37.3442126</LatitudeDegrees>
              <LongitudeDegrees>-121.8787256</LongitudeDegrees>
            </Position>
            <AltitudeMeters>25.3</AltitudeMeters>
            <DistanceMeters>4055.21</DistanceMeters>
            <HeartRateBpm><Value>168</Value></HeartRateBpm>
            <Cadence>178</Cadence>
          </Trackpoint>
          <Trackpoint>
            <Time>2026-04-30T13:54:29.000Z</Time>
            <Position>
              <LatitudeDegrees>37.3441150</LatitudeDegrees>
              <LongitudeDegrees>-121.8788485</LongitudeDegrees>
            </Position>
            <AltitudeMeters>25.4</AltitudeMeters>
            <DistanceMeters>4070.55</DistanceMeters>
            <HeartRateBpm><Value>168</Value></HeartRateBpm>
            <Cadence>178</Cadence>
          </Trackpoint>
          <Trackpoint>
            <Time>2026-04-30T13:54:34.000Z</Time>
            <Position>
              <LatitudeDegrees>37.3440174</LatitudeDegrees>
              <LongitudeDegrees>-121.8789715</LongitudeDegrees>
            </Position>
            <AltitudeMeters>25.5</AltitudeMeters>
            <DistanceMeters>4085.89</DistanceMeters>
            <HeartRateBpm><Value>168</Value></HeartRateBpm>
            <Cadence>178</Cadence>
          </Trackpoint>
          <Trackpoint>
            <Time>2026-04-30T13:54:39.000Z</Time>
            <Position>
              <LatitudeDegrees>37.3439198</LatitudeDegrees>
              <LongitudeDegrees>-121.8790945</LongitudeDegrees>
            </Position>
            <AltitudeMeters>25.6</AltitudeMeters>
            <DistanceMeters>4101.23</DistanceMeters>
            <HeartRateBpm><Value>168</Value></HeartRateBpm>
            <Cadence>178</Cadence>
          </Trackpoint>
          <Trackpoint>
            <Time>2026-04-30T13:54:44.000Z</Time>
            <Position>
              <LatitudeDegrees>37.3438222</LatitudeDegrees>
              <LongitudeDegrees>-121.8792174</LongitudeDegrees>
            </Position>
            <AltitudeMeters>25.7</AltitudeMeters>
            <DistanceMeters>4116.56</DistanceMeters>
            <HeartRateBpm><Value>168</Value></HeartRateBpm>
            <Cadence>178</Cadence>
          </Trackpoint>
          <Trackpoint>
            <Time>2026-04-30T13:54:49.000Z</Time>
            <Position>
              <LatitudeDegrees>37.3437245</LatitudeDegrees>
              <LongitudeDegrees>-121.8793404</LongitudeDegrees>
            </Position>
            <AltitudeMeters>25.8</AltitudeMeters>
            <DistanceMeters>4131.90</DistanceMeters>
            <HeartRateBpm><Value>168</Value></HeartRateBpm>
            <Cadence>178</Cadence>
          </Trackpoint>
          <Trackpoint>
            <Time>2026-04-30T13:54:54.000Z</Time>
            <Position>
              <LatitudeDegrees>37.3436269</LatitudeDegrees>
              <LongitudeDegrees>-121.8794633</LongitudeDegrees>
            </Position>
            <AltitudeMeters>25.9</AltitudeMeters>
            <DistanceMeters>4147.24</DistanceMeters>
            <HeartRateBpm><Value>168</Value></HeartRateBpm>
            <Cadence>178</Cadence>
          </Trackpoint>
          <Trackpoint>
            <Time>2026-04-30T13:54:59.000Z</Time>
            <Position>
              <LatitudeDegrees>37.3435293</LatitudeDegrees>
              <LongitudeDegrees>-121.8795863</LongitudeDegrees>
            </Position>
            <AltitudeMeters>26</AltitudeMeters>
            <DistanceMeters>4162.58</DistanceMeters>
            <HeartRateBpm><Value>168</Value></HeartRateBpm>
            <Cadence>178</Cadence>
          </Trackpoint>
          <Trackpoint>
            <Time>2026-04-30T13:55:04.000Z</Time>
            <Position>
              <LatitudeDegrees>37.3434317</LatitudeDegrees>
              <LongitudeDegrees>-121.8797093</LongitudeDegrees>
            </Position>
            <AltitudeMeters>26.1</AltitudeMeters>
            <DistanceMeters>4177.91</DistanceMeters>
            <HeartRateBpm><Value>168</Value></HeartRateBpm>
            <Cadence>178</Cadence>
          </Trackpoint>
          <Trackpoint>
            <Time>2026-04-30T13:55:09.000Z</Time>
            <Position>
              <LatitudeDegrees>37.3433341</LatitudeDegrees>
              <LongitudeDegrees>-121.8798322</LongitudeDegrees>
            </Position>
            <AltitudeMeters>26.1</AltitudeMeters>
            <DistanceMeters>4193.25</DistanceMeters>
            <HeartRateBpm><Value>168</Value></HeartRateBpm>
            <Cadence>178</Cadence>
          </Trackpoint>
          <Trackpoint>
            <Time>2026-04-30T13:55:14.000Z</Time>
            <Position>
              <LatitudeDegrees>37.3432365</LatitudeDegrees>
              <LongitudeDegrees>-121.8799552</LongitudeDegrees>
            </Position>
            <AltitudeMeters>26.2</AltitudeMeters>
            <DistanceMeters>4208.59</DistanceMeters>
            <HeartRateBpm><Value>168</Value></HeartRateBpm>
            <Cadence>178</Cadence>
          </Trackpoint>
          <Trackpoint>
            <Time>2026-04-30T13:55:19.000Z</Time>
            <Position>
              <LatitudeDegrees>37.3431389</LatitudeDegrees>
              <LongitudeDegrees>-121.8800782</LongitudeDegrees>
            </Position>
            <AltitudeMeters>26.3</AltitudeMeters>
            <DistanceMeters>4223.93</DistanceMeters>
            <HeartRateBpm><Value>168</Value></HeartRateBpm>
            <Cadence>178</Cadence>
          </Trackpoint>
          <Trackpoint>
            <Time>2026-04-30T13:55:24.000Z</Time>
            <Position>
              <LatitudeDegrees>37.3430413</LatitudeDegrees>
              <LongitudeDegrees>-121.8802011</LongitudeDegrees>
            </Position>
            <AltitudeMeters>26.4</AltitudeMeters>
            <DistanceMeters>4239.26</DistanceMeters>
            <HeartRateBpm><Value>168</Value></HeartRateBpm>
            <Cadence>178</Cadence>
          </Trackpoint>
          <Trackpoint>
            <Time>2026-04-30T13:55:29.000Z</Time>
            <Position>
              <LatitudeDegrees>37.3429437</LatitudeDegrees>
              <LongitudeDegrees>-121.8803241</LongitudeDegrees>
            </Position>
            <AltitudeMeters>26.4</AltitudeMeters>
            <DistanceMeters>4254.60</DistanceMeters>
            <HeartRateBpm><Value>168</Value></HeartRateBpm>
            <Cadence>178</Cadence>
          </Trackpoint>
          <Trackpoint>
            <Time>2026-04-30T13:55:34.000Z</Time>
            <Position>
              <LatitudeDegrees>37.3428461</LatitudeDegrees>
              <LongitudeDegrees>-121.8804470</LongitudeDegrees>
            </Position>
            <AltitudeMeters>26.5</AltitudeMeters>
            <DistanceMeters>4269.94</DistanceMeters>
            <HeartRateBpm><Value>168</Value></HeartRateBpm>
            <Cadence>178</Cadence>
          </Trackpoint>
          <Trackpoint>
            <Time>2026-04-30T13:55:39.000Z</Time>
            <Position>
              <LatitudeDegrees>37.3427485</LatitudeDegrees>
              <LongitudeDegrees>-121.8805700</LongitudeDegrees>
            </Position>
            <AltitudeMeters>26.6</AltitudeMeters>
            <DistanceMeters>4285.28</DistanceMeters>
            <HeartRateBpm><Value>168</Value></HeartRateBpm>
            <Cadence>178</Cadence>
          </Trackpoint>
          <Trackpoint>
            <Time>2026-04-30T13:55:44.000Z</Time>
            <Position>
              <LatitudeDegrees>37.3426509</LatitudeDegrees>
              <LongitudeDegrees>-121.8806930</LongitudeDegrees>
            </Position>
            <AltitudeMeters>26.6</AltitudeMeters>
            <DistanceMeters>4300.61</DistanceMeters>
            <HeartRateBpm><Value>168</Value></HeartRateBpm>
            <Cadence>178</Cadence>
          </Trackpoint>
          <Trackpoint>
            <Time>2026-04-30T13:55:49.000Z</Time>
            <Position>
              <LatitudeDegrees>37.3425533</LatitudeDegrees>
              <LongitudeDegrees>-121.8808159</LongitudeDegrees>
            </Position>
            <AltitudeMeters>26.7</AltitudeMeters>
            <DistanceMeters>4315.95</DistanceMeters>
            <HeartRateBpm><Value>168</Value></HeartRateBpm>
            <Cadence>178</Cadence>
          </Trackpoint>
          <Trackpoint>
            <Time>2026-04-30T13:55:54.000Z</Time>
            <Position>
              <LatitudeDegrees>37.3424557</LatitudeDegrees>
              <LongitudeDegrees>-121.8809389</LongitudeDegrees>
            </Position>
            <AltitudeMeters>26.7</AltitudeMeters>
            <DistanceMeters>4331.29</DistanceMeters>
            <HeartRateBpm><Value>168</Value></HeartRateBpm>
            <Cadence>178</Cadence>
          </Trackpoint>
          <Trackpoint>
            <Time>2026-04-30T13:55:59.000Z</Time>
            <Position>
              <LatitudeDegrees>37.3423581</LatitudeDegrees>
              <LongitudeDegrees>-121.8810618</LongitudeDegrees>
            </Position>
            <AltitudeMeters>26.8</AltitudeMeters>
            <DistanceMeters>4346.63</DistanceMeters>
            <HeartRateBpm><Value>168</Value></HeartRateBpm>
            <Cadence>178</Cadence>
          </Trackpoint>
          <Trackpoint>
            <Time>2026-04-30T13:56:04.000Z</Time>
            <Position>
              <LatitudeDegrees>37.3422604</LatitudeDegrees>
              <LongitudeDegrees>-121.8811848</LongitudeDegrees>
            </Position>
            <AltitudeMeters>26.8</AltitudeMeters>
            <DistanceMeters>4361.96</DistanceMeters>
            <HeartRateBpm><Value>168</Value></HeartRateBpm>
            <Cadence>178</Cadence>
          </Trackpoint>
          <Trackpoint>
            <Time>2026-04-30T13:56:09.000Z</Time>
            <Position>
              <LatitudeDegrees>37.3421628</LatitudeDegrees>
              <LongitudeDegrees>-121.8813078</LongitudeDegrees>
            </Position>
            <AltitudeMeters>26.9</AltitudeMeters>
            <DistanceMeters>4377.30</DistanceMeters>
            <HeartRateBpm><Value>168</Value></HeartRateBpm>
            <Cadence>178</Cadence>
          </Trackpoint>
          <Trackpoint>
            <Time>2026-04-30T13:56:14.000Z</Time>
            <Position>
              <LatitudeDegrees>37.3420652</LatitudeDegrees>
              <LongitudeDegrees>-121.8814307</LongitudeDegrees>
            </Position>
            <AltitudeMeters>26.9</AltitudeMeters>
            <DistanceMeters>4392.64</DistanceMeters>
            <HeartRateBpm><Value>168</Value></HeartRateBpm>
            <Cadence>178</Cadence>
          </Trackpoint>
          <Trackpoint>
            <Time>2026-04-30T13:56:19.000Z</Time>
            <Position>
              <LatitudeDegrees>37.3419676</LatitudeDegrees>
              <LongitudeDegrees>-121.8815537</LongitudeDegrees>
            </Position>
            <AltitudeMeters>26.9</AltitudeMeters>
            <DistanceMeters>4407.98</DistanceMeters>
            <HeartRateBpm><Value>168</Value></HeartRateBpm>
            <Cadence>178</Cadence>
          </Trackpoint>
          <Trackpoint>
            <Time>2026-04-30T13:56:24.000Z</Time>
            <Position>
              <LatitudeDegrees>37.3418700</LatitudeDegrees>
              <LongitudeDegrees>-121.8816767</LongitudeDegrees>
            </Position>
            <AltitudeMeters>26.9</AltitudeMeters>
            <DistanceMeters>4423.31</DistanceMeters>
            <HeartRateBpm><Value>168</Value></HeartRateBpm>
            <Cadence>178</Cadence>
          </Trackpoint>
          <Trackpoint>
            <Time>2026-04-30T13:56:29.000Z</Time>
            <Position>
              <LatitudeDegrees>37.3417724</LatitudeDegrees>
              <LongitudeDegrees>-121.8817996</LongitudeDegrees>
            </Position>
            <AltitudeMeters>27</AltitudeMeters>
            <DistanceMeters>4438.65</DistanceMeters>
            <HeartRateBpm><Value>168</Value></HeartRateBpm>
            <Cadence>178</Cadence>
          </Trackpoint>
          <Trackpoint>
            <Time>2026-04-30T13:56:34.000Z</Time>
            <Position>
              <LatitudeDegrees>37.3416748</LatitudeDegrees>
              <LongitudeDegrees>-121.8819226</LongitudeDegrees>
            </Position>
            <AltitudeMeters>27</AltitudeMeters>
            <DistanceMeters>4453.99</DistanceMeters>
            <HeartRateBpm><Value>168</Value></HeartRateBpm>
            <Cadence>178</Cadence>
          </Trackpoint>
          <Trackpoint>
            <Time>2026-04-30T13:56:39.000Z</Time>
            <Position>
              <LatitudeDegrees>37.3415772</LatitudeDegrees>
              <LongitudeDegrees>-121.8820455</LongitudeDegrees>
            </Position>
            <AltitudeMeters>27</AltitudeMeters>
            <DistanceMeters>4469.33</DistanceMeters>
            <HeartRateBpm><Value>168</Value></HeartRateBpm>
            <Cadence>178</Cadence>
          </Trackpoint>
          <Trackpoint>
            <Time>2026-04-30T13:56:44.000Z</Time>
            <Position>
              <LatitudeDegrees>37.3414796</LatitudeDegrees>
              <LongitudeDegrees>-121.8821685</LongitudeDegrees>
            </Position>
            <AltitudeMeters>27</AltitudeMeters>
            <DistanceMeters>4484.66</DistanceMeters>
            <HeartRateBpm><Value>168</Value></HeartRateBpm>
            <Cadence>178</Cadence>
          </Trackpoint>
          <Trackpoint>
            <Time>2026-04-30T13:56:49.000Z</Time>
            <Position>
              <LatitudeDegrees>37.3413820</LatitudeDegrees>
              <LongitudeDegrees>-121.8822915</LongitudeDegrees>
            </Position>
            <AltitudeMeters>27</AltitudeMeters>
            <DistanceMeters>4500.00</DistanceMeters>
            <HeartRateBpm><Value>168</Value></HeartRateBpm>
            <Cadence>178</Cadence>
          </Trackpoint>
          <Trackpoint>
            <Time>2026-04-30T13:56:54.000Z</Time>
            <Position>
              <LatitudeDegrees>37.3412844</LatitudeDegrees>
              <LongitudeDegrees>-121.8824144</LongitudeDegrees>
            </Position>
            <AltitudeMeters>27</AltitudeMeters>
            <DistanceMeters>4515.34</DistanceMeters>
            <HeartRateBpm><Value>168</Value></HeartRateBpm>
            <Cadence>178</Cadence>
          </Trackpoint>
          <Trackpoint>
            <Time>2026-04-30T13:56:59.000Z</Time>
            <Position>
              <LatitudeDegrees>37.3411868</LatitudeDegrees>
              <LongitudeDegrees>-121.8825374</LongitudeDegrees>
            </Position>
            <AltitudeMeters>27</AltitudeMeters>
            <DistanceMeters>4530.67</DistanceMeters>
            <HeartRateBpm><Value>168</Value></HeartRateBpm>
            <Cadence>178</Cadence>
          </Trackpoint>
          <Trackpoint>
            <Time>2026-04-30T13:57:04.000Z</Time>
            <Position>
              <LatitudeDegrees>37.3410892</LatitudeDegrees>
              <LongitudeDegrees>-121.8826603</LongitudeDegrees>
            </Position>
            <AltitudeMeters>27</AltitudeMeters>
            <DistanceMeters>4546.01</DistanceMeters>
            <HeartRateBpm><Value>168</Value></HeartRateBpm>
            <Cadence>178</Cadence>
          </Trackpoint>
          <Trackpoint>
            <Time>2026-04-30T13:57:09.000Z</Time>
            <Position>
              <LatitudeDegrees>37.3409916</LatitudeDegrees>
              <LongitudeDegrees>-121.8827833</LongitudeDegrees>
            </Position>
            <AltitudeMeters>27</AltitudeMeters>
            <DistanceMeters>4561.35</DistanceMeters>
            <HeartRateBpm><Value>168</Value></HeartRateBpm>
            <Cadence>178</Cadence>
          </Trackpoint>
          <Trackpoint>
            <Time>2026-04-30T13:57:14.000Z</Time>
            <Position>
              <LatitudeDegrees>37.3408939</LatitudeDegrees>
              <LongitudeDegrees>-121.8829063</LongitudeDegrees>
            </Position>
            <AltitudeMeters>26.9</AltitudeMeters>
            <DistanceMeters>4576.69</DistanceMeters>
            <HeartRateBpm><Value>168</Value></HeartRateBpm>
            <Cadence>178</Cadence>
          </Trackpoint>
          <Trackpoint>
            <Time>2026-04-30T13:57:19.000Z</Time>
            <Position>
              <LatitudeDegrees>37.3407963</LatitudeDegrees>
              <LongitudeDegrees>-121.8830292</LongitudeDegrees>
            </Position>
            <AltitudeMeters>26.9</AltitudeMeters>
            <DistanceMeters>4592.02</DistanceMeters>
            <HeartRateBpm><Value>168</Value></HeartRateBpm>
            <Cadence>178</Cadence>
          </Trackpoint>
          <Trackpoint>
            <Time>2026-04-30T13:57:24.000Z</Time>
            <Position>
              <LatitudeDegrees>37.3406987</LatitudeDegrees>
              <LongitudeDegrees>-121.8831522</LongitudeDegrees>
            </Position>
            <AltitudeMeters>26.9</AltitudeMeters>
            <DistanceMeters>4607.36</DistanceMeters>
            <HeartRateBpm><Value>168</Value></HeartRateBpm>
            <Cadence>178</Cadence>
          </Trackpoint>
          <Trackpoint>
            <Time>2026-04-30T13:57:29.000Z</Time>
            <Position>
              <LatitudeDegrees>37.3406011</LatitudeDegrees>
              <LongitudeDegrees>-121.8832751</LongitudeDegrees>
            </Position>
            <AltitudeMeters>26.9</AltitudeMeters>
            <DistanceMeters>4622.70</DistanceMeters>
            <HeartRateBpm><Value>168</Value></HeartRateBpm>
            <Cadence>178</Cadence>
          </Trackpoint>
          <Trackpoint>
            <Time>2026-04-30T13:57:34.000Z</Time>
            <Position>
              <LatitudeDegrees>37.3405035</LatitudeDegrees>
              <LongitudeDegrees>-121.8833981</LongitudeDegrees>
            </Position>
            <AltitudeMeters>26.8</AltitudeMeters>
            <DistanceMeters>4638.04</DistanceMeters>
            <HeartRateBpm><Value>168</Value></HeartRateBpm>
            <Cadence>178</Cadence>
          </Trackpoint>
          <Trackpoint>
            <Time>2026-04-30T13:57:39.000Z</Time>
            <Position>
              <LatitudeDegrees>37.3404059</LatitudeDegrees>
              <LongitudeDegrees>-121.8835211</LongitudeDegrees>
            </Position>
            <AltitudeMeters>26.8</AltitudeMeters>
            <DistanceMeters>4653.37</DistanceMeters>
            <HeartRateBpm><Value>168</Value></HeartRateBpm>
            <Cadence>178</Cadence>
          </Trackpoint>
          <Trackpoint>
            <Time>2026-04-30T13:57:44.000Z</Time>
            <Position>
              <LatitudeDegrees>37.3403083</LatitudeDegrees>
              <LongitudeDegrees>-121.8836440</LongitudeDegrees>
            </Position>
            <AltitudeMeters>26.7</AltitudeMeters>
            <DistanceMeters>4668.71</DistanceMeters>
            <HeartRateBpm><Value>168</Value></HeartRateBpm>
            <Cadence>178</Cadence>
          </Trackpoint>
          <Trackpoint>
            <Time>2026-04-30T13:57:49.000Z</Time>
            <Position>
              <LatitudeDegrees>37.3402107</LatitudeDegrees>
              <LongitudeDegrees>-121.8837670</LongitudeDegrees>
            </Position>
            <AltitudeMeters>26.7</AltitudeMeters>
            <DistanceMeters>4684.05</DistanceMeters>
            <HeartRateBpm><Value>168</Value></HeartRateBpm>
            <Cadence>178</Cadence>
          </Trackpoint>
          <Trackpoint>
            <Time>2026-04-30T13:57:54.000Z</Time>
            <Position>
              <LatitudeDegrees>37.3401131</LatitudeDegrees>
              <LongitudeDegrees>-121.8838900</LongitudeDegrees>
            </Position>
            <AltitudeMeters>26.6</AltitudeMeters>
            <DistanceMeters>4699.39</DistanceMeters>
            <HeartRateBpm><Value>168</Value></HeartRateBpm>
            <Cadence>178</Cadence>
          </Trackpoint>
          <Trackpoint>
            <Time>2026-04-30T13:57:59.000Z</Time>
            <Position>
              <LatitudeDegrees>37.3400155</LatitudeDegrees>
              <LongitudeDegrees>-121.8840129</LongitudeDegrees>
            </Position>
            <AltitudeMeters>26.6</AltitudeMeters>
            <DistanceMeters>4714.72</DistanceMeters>
            <HeartRateBpm><Value>168</Value></HeartRateBpm>
            <Cadence>178</Cadence>
          </Trackpoint>
          <Trackpoint>
            <Time>2026-04-30T13:58:04.000Z</Time>
            <Position>
              <LatitudeDegrees>37.3399179</LatitudeDegrees>
              <LongitudeDegrees>-121.8841359</LongitudeDegrees>
            </Position>
            <AltitudeMeters>26.5</AltitudeMeters>
            <DistanceMeters>4730.06</DistanceMeters>
            <HeartRateBpm><Value>168</Value></HeartRateBpm>
            <Cadence>178</Cadence>
          </Trackpoint>
          <Trackpoint>
            <Time>2026-04-30T13:58:09.000Z</Time>
            <Position>
              <LatitudeDegrees>37.3398203</LatitudeDegrees>
              <LongitudeDegrees>-121.8842588</LongitudeDegrees>
            </Position>
            <AltitudeMeters>26.4</AltitudeMeters>
            <DistanceMeters>4745.40</DistanceMeters>
            <HeartRateBpm><Value>168</Value></HeartRateBpm>
            <Cadence>178</Cadence>
          </Trackpoint>
          <Trackpoint>
            <Time>2026-04-30T13:58:14.000Z</Time>
            <Position>
              <LatitudeDegrees>37.3397227</LatitudeDegrees>
              <LongitudeDegrees>-121.8843818</LongitudeDegrees>
            </Position>
            <AltitudeMeters>26.4</AltitudeMeters>
            <DistanceMeters>4760.74</DistanceMeters>
            <HeartRateBpm><Value>168</Value></HeartRateBpm>
            <Cadence>178</Cadence>
          </Trackpoint>
          <Trackpoint>
            <Time>2026-04-30T13:58:19.000Z</Time>
            <Position>
              <LatitudeDegrees>37.3396251</LatitudeDegrees>
              <LongitudeDegrees>-121.8845048</LongitudeDegrees>
            </Position>
            <AltitudeMeters>26.3</AltitudeMeters>
            <DistanceMeters>4776.07</DistanceMeters>
            <HeartRateBpm><Value>168</Value></HeartRateBpm>
            <Cadence>178</Cadence>
          </Trackpoint>
          <Trackpoint>
            <Time>2026-04-30T13:58:24.000Z</Time>
            <Position>
              <LatitudeDegrees>37.3395275</LatitudeDegrees>
              <LongitudeDegrees>-121.8846277</LongitudeDegrees>
            </Position>
            <AltitudeMeters>26.2</AltitudeMeters>
            <DistanceMeters>4791.41</DistanceMeters>
            <HeartRateBpm><Value>168</Value></HeartRateBpm>
            <Cadence>178</Cadence>
          </Trackpoint>
          <Trackpoint>
            <Time>2026-04-30T13:58:29.000Z</Time>
            <Position>
              <LatitudeDegrees>37.3394298</LatitudeDegrees>
              <LongitudeDegrees>-121.8847507</LongitudeDegrees>
            </Position>
            <AltitudeMeters>26.1</AltitudeMeters>
            <DistanceMeters>4806.75</DistanceMeters>
            <HeartRateBpm><Value>168</Value></HeartRateBpm>
            <Cadence>178</Cadence>
          </Trackpoint>
          <Trackpoint>
            <Time>2026-04-30T13:58:34.000Z</Time>
            <Position>
              <LatitudeDegrees>37.3393322</LatitudeDegrees>
              <LongitudeDegrees>-121.8848736</LongitudeDegrees>
            </Position>
            <AltitudeMeters>26.1</AltitudeMeters>
            <DistanceMeters>4822.09</DistanceMeters>
            <HeartRateBpm><Value>168</Value></HeartRateBpm>
            <Cadence>178</Cadence>
          </Trackpoint>
          <Trackpoint>
            <Time>2026-04-30T13:58:39.000Z</Time>
            <Position>
              <LatitudeDegrees>37.3392346</LatitudeDegrees>
              <LongitudeDegrees>-121.8849966</LongitudeDegrees>
            </Position>
            <AltitudeMeters>26</AltitudeMeters>
            <DistanceMeters>4837.42</DistanceMeters>
            <HeartRateBpm><Value>168</Value></HeartRateBpm>
            <Cadence>178</Cadence>
          </Trackpoint>
          <Trackpoint>
            <Time>2026-04-30T13:58:44.000Z</Time>
            <Position>
              <LatitudeDegrees>37.3391370</LatitudeDegrees>
              <LongitudeDegrees>-121.8851196</LongitudeDegrees>
            </Position>
            <AltitudeMeters>25.9</AltitudeMeters>
            <DistanceMeters>4852.76</DistanceMeters>
            <HeartRateBpm><Value>168</Value></HeartRateBpm>
            <Cadence>178</Cadence>
          </Trackpoint>
          <Trackpoint>
            <Time>2026-04-30T13:58:49.000Z</Time>
            <Position>
              <LatitudeDegrees>37.3390394</LatitudeDegrees>
              <LongitudeDegrees>-121.8852425</LongitudeDegrees>
            </Position>
            <AltitudeMeters>25.8</AltitudeMeters>
            <DistanceMeters>4868.10</DistanceMeters>
            <HeartRateBpm><Value>168</Value></HeartRateBpm>
            <Cadence>178</Cadence>
          </Trackpoint>
          <Trackpoint>
            <Time>2026-04-30T13:58:54.000Z</Time>
            <Position>
              <LatitudeDegrees>37.3389418</LatitudeDegrees>
              <LongitudeDegrees>-121.8853655</LongitudeDegrees>
            </Position>
            <AltitudeMeters>25.7</AltitudeMeters>
            <DistanceMeters>4883.44</DistanceMeters>
            <HeartRateBpm><Value>168</Value></HeartRateBpm>
            <Cadence>178</Cadence>
          </Trackpoint>
          <Trackpoint>
            <Time>2026-04-30T13:58:59.000Z</Time>
            <Position>
              <LatitudeDegrees>37.3388442</LatitudeDegrees>
              <LongitudeDegrees>-121.8854885</LongitudeDegrees>
            </Position>
            <AltitudeMeters>25.6</AltitudeMeters>
            <DistanceMeters>4898.77</DistanceMeters>
            <HeartRateBpm><Value>168</Value></HeartRateBpm>
            <Cadence>178</Cadence>
          </Trackpoint>
          <Trackpoint>
            <Time>2026-04-30T13:59:04.000Z</Time>
            <Position>
              <LatitudeDegrees>37.3387466</LatitudeDegrees>
              <LongitudeDegrees>-121.8856114</LongitudeDegrees>
            </Position>
            <AltitudeMeters>25.5</AltitudeMeters>
            <DistanceMeters>4914.11</DistanceMeters>
            <HeartRateBpm><Value>168</Value></HeartRateBpm>
            <Cadence>178</Cadence>
          </Trackpoint>
          <Trackpoint>
            <Time>2026-04-30T13:59:09.000Z</Time>
            <Position>
              <LatitudeDegrees>37.3386490</LatitudeDegrees>
              <LongitudeDegrees>-121.8857344</LongitudeDegrees>
            </Position>
            <AltitudeMeters>25.4</AltitudeMeters>
            <DistanceMeters>4929.45</DistanceMeters>
            <HeartRateBpm><Value>168</Value></HeartRateBpm>
            <Cadence>178</Cadence>
          </Trackpoint>
          <Trackpoint>
            <Time>2026-04-30T13:59:14.000Z</Time>
            <Position>
              <LatitudeDegrees>37.3385514</LatitudeDegrees>
              <LongitudeDegrees>-121.8858573</LongitudeDegrees>
            </Position>
            <AltitudeMeters>25.3</AltitudeMeters>
            <DistanceMeters>4944.79</DistanceMeters>
            <HeartRateBpm><Value>168</Value></HeartRateBpm>
            <Cadence>178</Cadence>
          </Trackpoint>
          <Trackpoint>
            <Time>2026-04-30T13:59:19.000Z</Time>
            <Position>
              <LatitudeDegrees>37.3384538</LatitudeDegrees>
              <LongitudeDegrees>-121.8859803</LongitudeDegrees>
            </Position>
            <AltitudeMeters>25.2</AltitudeMeters>
            <DistanceMeters>4960.12</DistanceMeters>
            <HeartRateBpm><Value>168</Value></HeartRateBpm>
            <Cadence>178</Cadence>
          </Trackpoint>
          <Trackpoint>
            <Time>2026-04-30T13:59:24.000Z</Time>
            <Position>
              <LatitudeDegrees>37.3383562</LatitudeDegrees>
              <LongitudeDegrees>-121.8861033</LongitudeDegrees>
            </Position>
            <AltitudeMeters>25.2</AltitudeMeters>
            <DistanceMeters>4975.46</DistanceMeters>
            <HeartRateBpm><Value>168</Value></HeartRateBpm>
            <Cadence>178</Cadence>
          </Trackpoint>
          <Trackpoint>
            <Time>2026-04-30T13:59:29.000Z</Time>
            <Position>
              <LatitudeDegrees>37.3382586</LatitudeDegrees>
              <LongitudeDegrees>-121.8862262</LongitudeDegrees>
            </Position>
            <AltitudeMeters>25.1</AltitudeMeters>
            <DistanceMeters>4990.80</DistanceMeters>
            <HeartRateBpm><Value>168</Value></HeartRateBpm>
            <Cadence>178</Cadence>
          </Trackpoint>
          <Trackpoint>
            <Time>2026-04-30T13:59:32.000Z</Time>
            <Position>
              <LatitudeDegrees>37.3382000</LatitudeDegrees>
              <LongitudeDegrees>-121.8863000</LongitudeDegrees>
            </Position>
            <AltitudeMeters>25</AltitudeMeters>
            <DistanceMeters>5000.00</DistanceMeters>
            <HeartRateBpm><Value>168</Value></HeartRateBpm>
            <Cadence>178</Cadence>
          </Trackpoint>
        </Track>
      </Lap>
    </Activity>
  </Activities>
</TrainingCenterDatabase>