<?xml version="1.0" encoding="UTF-8"?>
<TrainingCenterDatabase
  xmlns="http://www.garmin.com/xmlschemas/TrainingCenterDatabase/v2"
  xmlns:xsi="http://www.w3.org/2001/XMLSchema-instance"
  xsi:schemaLocation="http://www.garmin.com/xmlschemas/TrainingCenterDatabase/v2 https://www.garmin.com/xmlschemas/TrainingCenterDatabasev2.xsd">
  <Activities>
    <Activity Sport="Running">
      <Id>2026-03-05T13:30:00.000Z</Id>
      <Lap StartTime="2026-03-05T13:30:00.000Z">
        <TotalTimeSeconds>790</TotalTimeSeconds>
        <DistanceMeters>2000</DistanceMeters>
        <AverageHeartRateBpm><Value>139</Value></AverageHeartRateBpm>
        <MaximumHeartRateBpm><Value>151</Value></MaximumHeartRateBpm>
        <Intensity>Active</Intensity>
        <TriggerMethod>Manual</TriggerMethod>
        <Track>
          <Trackpoint>
            <Time>2026-03-05T13:30:00.000Z</Time>
            <Position>
              <LatitudeDegrees>37.3382000</LatitudeDegrees>
              <LongitudeDegrees>-121.8863000</LongitudeDegrees>
            </Position>
            <AltitudeMeters>25</AltitudeMeters>
            <DistanceMeters>0.00</DistanceMeters>
            <HeartRateBpm><Value>131</Value></HeartRateBpm>
            <Cadence>168</Cadence>
          </Trackpoint>
          <Trackpoint>
            <Time>2026-03-05T13:30:05.000Z</Time>
            <Position>
              <LatitudeDegrees>37.3382806</LatitudeDegrees>
              <LongitudeDegrees>-121.8861985</LongitudeDegrees>
            </Position>
            <AltitudeMeters>25.1</AltitudeMeters>
            <DistanceMeters>12.66</DistanceMeters>
            <HeartRateBpm><Value>131</Value></HeartRateBpm>
            <Cadence>168</Cadence>
          </Trackpoint>
          <Trackpoint>
            <Time>2026-03-05T13:30:10.000Z</Time>
            <Position>
              <LatitudeDegrees>37.3383611</LatitudeDegrees>
              <LongitudeDegrees>-121.8860970</LongitudeDegrees>
            </Position>
            <AltitudeMeters>25.2</AltitudeMeters>
            <DistanceMeters>25.32</DistanceMeters>
            <HeartRateBpm><Value>132</Value></HeartRateBpm>
            <Cadence>168</Cadence>
          </Trackpoint>
          <Trackpoint>
            <Time>2026-03-05T13:30:15.000Z</Time>
            <Position>
              <LatitudeDegrees>37.3384417</LatitudeDegrees>
              <LongitudeDegrees>-121.8859956</LongitudeDegrees>
            </Position>
            <AltitudeMeters>25.2</AltitudeMeters>
            <DistanceMeters>37.97</DistanceMeters>
            <HeartRateBpm><Value>132</Value></HeartRateBpm>
            <Cadence>168</Cadence>
          </Trackpoint>
          <Trackpoint>
            <Time>2026-03-05T13:30:20.000Z</Time>
            <Position>
              <LatitudeDegrees>37.3385222</LatitudeDegrees>
              <LongitudeDegrees>-121.8858941</LongitudeDegrees>
            </Position>
            <AltitudeMeters>25.3</AltitudeMeters>
            <DistanceMeters>50.63</DistanceMeters>
            <HeartRateBpm><Value>132</Value></HeartRateBpm>
            <Cadence>168</Cadence>
          </Trackpoint>
          <Trackpoint>
            <Time>2026-03-05T13:30:25.000Z</Time>
            <Position>
              <LatitudeDegrees>37.3386028</LatitudeDegrees>
              <LongitudeDegrees>-121.8857926</LongitudeDegrees>
            </Position>
            <AltitudeMeters>25.4</AltitudeMeters>
            <DistanceMeters>63.29</DistanceMeters>
            <HeartRateBpm><Value>133</Value></HeartRateBpm>
            <Cadence>168</Cadence>
          </Trackpoint>
          <Trackpoint>
            <Time>2026-03-05T13:30:30.000Z</Time>
            <Position>
              <LatitudeDegrees>37.3386833</LatitudeDegrees>
              <LongitudeDegrees>-121.8856911</LongitudeDegrees>
            </Position>
            <AltitudeMeters>25.5</AltitudeMeters>
            <DistanceMeters>75.95</DistanceMeters>
            <HeartRateBpm><Value>133</Value></HeartRateBpm>
            <Cadence>168</Cadence>
          </Trackpoint>
          <Trackpoint>
            <Time>2026-03-05T13:30:35.000Z</Time>
            <Position>
              <LatitudeDegrees>37.3387639</LatitudeDegrees>
              <LongitudeDegrees>-121.8855896</LongitudeDegrees>
            </Position>
            <AltitudeMeters>25.5</AltitudeMeters>
            <DistanceMeters>88.61</DistanceMeters>
            <HeartRateBpm><Value>133</Value></HeartRateBpm>
            <Cadence>168</Cadence>
          </Trackpoint>
          <Trackpoint>
            <Time>2026-03-05T13:30:40.000Z</Time>
            <Position>
              <LatitudeDegrees>37.3388445</LatitudeDegrees>
              <LongitudeDegrees>-121.8854881</LongitudeDegrees>
            </Position>
            <AltitudeMeters>25.6</AltitudeMeters>
            <DistanceMeters>101.27</DistanceMeters>
            <HeartRateBpm><Value>134</Value></HeartRateBpm>
            <Cadence>168</Cadence>
          </Trackpoint>
          <Trackpoint>
            <Time>2026-03-05T13:30:45.000Z</Time>
            <Position>
              <LatitudeDegrees>37.3389250</LatitudeDegrees>
              <LongitudeDegrees>-121.8853867</LongitudeDegrees>
            </Position>
            <AltitudeMeters>25.7</AltitudeMeters>
            <DistanceMeters>113.92</DistanceMeters>
            <HeartRateBpm><Value>134</Value></HeartRateBpm>
            <Cadence>168</Cadence>
          </Trackpoint>
          <Trackpoint>
            <Time>2026-03-05T13:30:50.000Z</Time>
            <Position>
              <LatitudeDegrees>37.3390056</LatitudeDegrees>
              <LongitudeDegrees>-121.8852852</LongitudeDegrees>
            </Position>
            <AltitudeMeters>25.8</AltitudeMeters>
            <DistanceMeters>126.58</DistanceMeters>
            <HeartRateBpm><Value>134</Value></HeartRateBpm>
            <Cadence>168</Cadence>
          </Trackpoint>
          <Trackpoint>
            <Time>2026-03-05T13:30:55.000Z</Time>
            <Position>
              <LatitudeDegrees>37.3390861</LatitudeDegrees>
              <LongitudeDegrees>-121.8851837</LongitudeDegrees>
            </Position>
            <AltitudeMeters>25.8</AltitudeMeters>
            <DistanceMeters>139.24</DistanceMeters>
            <HeartRateBpm><Value>135</Value></HeartRateBpm>
            <Cadence>168</Cadence>
          </Trackpoint>
          <Trackpoint>
            <Time>2026-03-05T13:31:00.000Z</Time>
            <Position>
              <LatitudeDegrees>37.3391667</LatitudeDegrees>
              <LongitudeDegrees>-121.8850822</LongitudeDegrees>
            </Position>
            <AltitudeMeters>25.9</AltitudeMeters>
            <DistanceMeters>151.90</DistanceMeters>
            <HeartRateBpm><Value>135</Value></HeartRateBpm>
            <Cadence>168</Cadence>
          </Trackpoint>
          <Trackpoint>
            <Time>2026-03-05T13:31:05.000Z</Time>
            <Position>
              <LatitudeDegrees>37.3392472</LatitudeDegrees>
              <LongitudeDegrees>-121.8849807</LongitudeDegrees>
            </Position>
            <AltitudeMeters>26</AltitudeMeters>
            <DistanceMeters>164.56</DistanceMeters>
            <HeartRateBpm><Value>135</Value></HeartRateBpm>
            <Cadence>168</Cadence>
          </Trackpoint>
          <Trackpoint>
            <Time>2026-03-05T13:31:10.000Z</Time>
            <Position>
              <LatitudeDegrees>37.3393278</LatitudeDegrees>
              <LongitudeDegrees>-121.8848793</LongitudeDegrees>
            </Position>
            <AltitudeMeters>26.1</AltitudeMeters>
            <DistanceMeters>177.22</DistanceMeters>
            <HeartRateBpm><Value>136</Value></HeartRateBpm>
            <Cadence>168</Cadence>
          </Trackpoint>
          <Trackpoint>
            <Time>2026-03-05T13:31:15.000Z</Time>
            <Position>
              <LatitudeDegrees>37.3394083</LatitudeDegrees>
              <LongitudeDegrees>-121.8847778</LongitudeDegrees>
            </Position>
            <AltitudeMeters>26.1</AltitudeMeters>
            <DistanceMeters>189.87</DistanceMeters>
            <HeartRateBpm><Value>136</Value></HeartRateBpm>
            <Cadence>168</Cadence>
          </Trackpoint>
          <Trackpoint>
            <Time>2026-03-05T13:31:20.000Z</Time>
            <Position>
              <LatitudeDegrees>37.3394889</LatitudeDegrees>
              <LongitudeDegrees>-121.8846763</LongitudeDegrees>
            </Position>
            <AltitudeMeters>26.2</AltitudeMeters>
            <DistanceMeters>202.53</DistanceMeters>
            <HeartRateBpm><Value>136</Value></HeartRateBpm>
            <Cadence>168</Cadence>
          </Trackpoint>
          <Trackpoint>
            <Time>2026-03-05T13:31:25.000Z</Time>
            <Position>
              <LatitudeDegrees>37.3395695</LatitudeDegrees>
              <LongitudeDegrees>-121.8845748</LongitudeDegrees>
            </Position>
            <AltitudeMeters>26.3</AltitudeMeters>
            <DistanceMeters>215.19</DistanceMeters>
            <HeartRateBpm><Value>137</Value></HeartRateBpm>
            <Cadence>168</Cadence>
          </Trackpoint>
          <Trackpoint>
            <Time>2026-03-05T13:31:30.000Z</Time>
            <Position>
              <LatitudeDegrees>37.3396500</LatitudeDegrees>
              <LongitudeDegrees>-121.8844733</LongitudeDegrees>
            </Position>
            <AltitudeMeters>26.3</AltitudeMeters>
            <DistanceMeters>227.85</DistanceMeters>
            <HeartRateBpm><Value>137</Value></HeartRateBpm>
            <Cadence>168</Cadence>
          </Trackpoint>
          <Trackpoint>
            <Time>2026-03-05T13:31:35.000Z</Time>
            <Position>
              <LatitudeDegrees>37.3397306</LatitudeDegrees>
              <LongitudeDegrees>-121.8843718</LongitudeDegrees>
            </Position>
            <AltitudeMeters>26.4</AltitudeMeters>
            <DistanceMeters>240.51</DistanceMeters>
            <HeartRateBpm><Value>137</Value></HeartRateBpm>
            <Cadence>168</Cadence>
          </Trackpoint>
          <Trackpoint>
            <Time>2026-03-05T13:31:40.000Z</Time>
            <Position>
              <LatitudeDegrees>37.3398111</LatitudeDegrees>
              <LongitudeDegrees>-121.8842704</LongitudeDegrees>
            </Position>
            <AltitudeMeters>26.4</AltitudeMeters>
            <DistanceMeters>253.16</DistanceMeters>
            <HeartRateBpm><Value>138</Value></HeartRateBpm>
            <Cadence>168</Cadence>
          </Trackpoint>
          <Trackpoint>
            <Time>2026-03-05T13:31:45.000Z</Time>
            <Position>
              <LatitudeDegrees>37.3398917</LatitudeDegrees>
              <LongitudeDegrees>-121.8841689</LongitudeDegrees>
            </Position>
            <AltitudeMeters>26.5</AltitudeMeters>
            <DistanceMeters>265.82</DistanceMeters>
            <HeartRateBpm><Value>138</Value></HeartRateBpm>
            <Cadence>168</Cadence>
          </Trackpoint>
          <Trackpoint>
            <Time>2026-03-05T13:31:50.000Z</Time>
            <Position>
              <LatitudeDegrees>37.3399722</LatitudeDegrees>
              <LongitudeDegrees>-121.8840674</LongitudeDegrees>
            </Position>
            <AltitudeMeters>26.5</AltitudeMeters>
            <DistanceMeters>278.48</DistanceMeters>
            <HeartRateBpm><Value>138</Value></HeartRateBpm>
            <Cadence>168</Cadence>
          </Trackpoint>
          <Trackpoint>
            <Time>2026-03-05T13:31:55.000Z</Time>
            <Position>
              <LatitudeDegrees>37.3400528</LatitudeDegrees>
              <LongitudeDegrees>-121.8839659</LongitudeDegrees>
            </Position>
            <AltitudeMeters>26.6</AltitudeMeters>
            <DistanceMeters>291.14</DistanceMeters>
            <HeartRateBpm><Value>139</Value></HeartRateBpm>
            <Cadence>168</Cadence>
          </Trackpoint>
          <Trackpoint>
            <Time>2026-03-05T13:32:00.000Z</Time>
            <Position>
              <LatitudeDegrees>37.3401334</LatitudeDegrees>
              <LongitudeDegrees>-121.8838644</LongitudeDegrees>
            </Position>
            <AltitudeMeters>26.6</AltitudeMeters>
            <DistanceMeters>303.80</DistanceMeters>
            <HeartRateBpm><Value>139</Value></HeartRateBpm>
            <Cadence>168</Cadence>
          </Trackpoint>
          <Trackpoint>
            <Time>2026-03-05T13:32:05.000Z</Time>
            <Position>
              <LatitudeDegrees>37.3402139</LatitudeDegrees>
              <LongitudeDegrees>-121.8837629</LongitudeDegrees>
            </Position>
            <AltitudeMeters>26.7</AltitudeMeters>
            <DistanceMeters>316.46</DistanceMeters>
            <HeartRateBpm><Value>139</Value></HeartRateBpm>
            <Cadence>168</Cadence>
          </Trackpoint>
          <Trackpoint>
            <Time>2026-03-05T13:32:10.000Z</Time>
            <Position>
              <LatitudeDegrees>37.3402945</LatitudeDegrees>
              <LongitudeDegrees>-121.8836615</LongitudeDegrees>
            </Position>
            <AltitudeMeters>26.7</AltitudeMeters>
            <DistanceMeters>329.11</DistanceMeters>
            <HeartRateBpm><Value>139</Value></HeartRateBpm>
            <Cadence>168</Cadence>
          </Trackpoint>
          <Trackpoint>
            <Time>2026-03-05T13:32:15.000Z</Time>
            <Position>
              <LatitudeDegrees>37.3403750</LatitudeDegrees>
              <LongitudeDegrees>-121.8835600</LongitudeDegrees>
            </Position>
            <AltitudeMeters>26.8</AltitudeMeters>
            <DistanceMeters>341.77</DistanceMeters>
            <HeartRateBpm><Value>139</Value></HeartRateBpm>
            <Cadence>168</Cadence>
          </Trackpoint>
          <Trackpoint>
            <Time>2026-03-05T13:32:20.000Z</Time>
            <Position>
              <LatitudeDegrees>37.3404556</LatitudeDegrees>
              <LongitudeDegrees>-121.8834585</LongitudeDegrees>
            </Position>
            <AltitudeMeters>26.8</AltitudeMeters>
            <DistanceMeters>354.43</DistanceMeters>
            <HeartRateBpm><Value>139</Value></HeartRateBpm>
            <Cadence>168</Cadence>
          </Trackpoint>
          <Trackpoint>
            <Time>2026-03-05T13:32:25.000Z</Time>
            <Position>
              <LatitudeDegrees>37.3405361</LatitudeDegrees>
              <LongitudeDegrees>-121.8833570</LongitudeDegrees>
            </Position>
            <AltitudeMeters>26.8</AltitudeMeters>
            <DistanceMeters>367.09</DistanceMeters>
            <HeartRateBpm><Value>139</Value></HeartRateBpm>
            <Cadence>168</Cadence>
          </Trackpoint>
          <Trackpoint>
            <Time>2026-03-05T13:32:30.000Z</Time>
            <Position>
              <LatitudeDegrees>37.3406167</LatitudeDegrees>
              <LongitudeDegrees>-121.8832555</LongitudeDegrees>
            </Position>
            <AltitudeMeters>26.9</AltitudeMeters>
            <DistanceMeters>379.75</DistanceMeters>
            <HeartRateBpm><Value>139</Value></HeartRateBpm>
            <Cadence>168</Cadence>
          </Trackpoint>
          <Trackpoint>
            <Time>2026-03-05T13:32:35.000Z</Time>
            <Position>
              <LatitudeDegrees>37.3406973</LatitudeDegrees>
              <LongitudeDegrees>-121.8831541</LongitudeDegrees>
            </Position>
            <AltitudeMeters>26.9</AltitudeMeters>
            <DistanceMeters>392.41</DistanceMeters>
            <HeartRateBpm><Value>139</Value></HeartRateBpm>
            <Cadence>168</Cadence>
          </Trackpoint>
          <Trackpoint>
            <Time>2026-03-05T13:32:40.000Z</Time>
            <Position>
              <LatitudeDegrees>37.3407778</LatitudeDegrees>
              <LongitudeDegrees>-121.8830526</LongitudeDegrees>
            </Position>
            <AltitudeMeters>26.9</AltitudeMeters>
            <DistanceMeters>405.06</DistanceMeters>
            <HeartRateBpm><Value>139</Value></HeartRateBpm>
            <Cadence>168</Cadence>
          </Trackpoint>
          <Trackpoint>
            <Time>2026-03-05T13:32:45.000Z</Time>
            <Position>
              <LatitudeDegrees>37.3408584</LatitudeDegrees>
              <LongitudeDegrees>-121.8829511</LongitudeDegrees>
            </Position>
            <AltitudeMeters>26.9</AltitudeMeters>
            <DistanceMeters>417.72</DistanceMeters>
            <HeartRateBpm><Value>139</Value></HeartRateBpm>
            <Cadence>168</Cadence>
          </Trackpoint>
          <Trackpoint>
            <Time>2026-03-05T13:32:50.000Z</Time>
            <Position>
              <LatitudeDegrees>37.3409389</LatitudeDegrees>
              <LongitudeDegrees>-121.8828496</LongitudeDegrees>
            </Position>
            <AltitudeMeters>27</AltitudeMeters>
            <DistanceMeters>430.38</DistanceMeters>
            <HeartRateBpm><Value>139</Value></HeartRateBpm>
            <Cadence>168</Cadence>
          </Trackpoint>
          <Trackpoint>
            <Time>2026-03-05T13:32:55.000Z</Time>
            <Position>
              <LatitudeDegrees>37.3410195</LatitudeDegrees>
              <LongitudeDegrees>-121.8827481</LongitudeDegrees>
            </Position>
            <AltitudeMeters>27</AltitudeMeters>
            <DistanceMeters>443.04</DistanceMeters>
            <HeartRateBpm><Value>139</Value></HeartRateBpm>
            <Cadence>168</Cadence>
          </Trackpoint>
          <Trackpoint>
            <Time>2026-03-05T13:33:00.000Z</Time>
            <Position>
              <LatitudeDegrees>37.3411000</LatitudeDegrees>
              <LongitudeDegrees>-121.8826466</LongitudeDegrees>
            </Position>
            <AltitudeMeters>27</AltitudeMeters>
            <DistanceMeters>455.70</DistanceMeters>
            <HeartRateBpm><Value>139</Value></HeartRateBpm>
            <Cadence>168</Cadence>
          </Trackpoint>
          <Trackpoint>
            <Time>2026-03-05T13:33:05.000Z</Time>
            <Position>
              <LatitudeDegrees>37.3411806</LatitudeDegrees>
              <LongitudeDegrees>-121.8825452</LongitudeDegrees>
            </Position>
            <AltitudeMeters>27</AltitudeMeters>
            <DistanceMeters>468.35</DistanceMeters>
            <HeartRateBpm><Value>139</Value></HeartRateBpm>
            <Cadence>168</Cadence>
          </Trackpoint>
          <Trackpoint>
            <Time>2026-03-05T13:33:10.000Z</Time>
            <Position>
              <LatitudeDegrees>37.3412611</LatitudeDegrees>
              <LongitudeDegrees>-121.8824437</LongitudeDegrees>
            </Position>
            <AltitudeMeters>27</AltitudeMeters>
            <DistanceMeters>481.01</DistanceMeters>
            <HeartRateBpm><Value>139</Value></HeartRateBpm>
            <Cadence>168</Cadence>
          </Trackpoint>
          <Trackpoint>
            <Time>2026-03-05T13:33:15.000Z</Time>
            <Position>
              <LatitudeDegrees>37.3413417</LatitudeDegrees>
              <LongitudeDegrees>-121.8823422</LongitudeDegrees>
            </Position>
            <AltitudeMeters>27</AltitudeMeters>
            <DistanceMeters>493.67</DistanceMeters>
            <HeartRateBpm><Value>139</Value></HeartRateBpm>
            <Cadence>168</Cadence>
          </Trackpoint>
          <Trackpoint>
            <Time>2026-03-05T13:33:20.000Z</Time>
            <Position>
              <LatitudeDegrees>37.3414223</LatitudeDegrees>
              <LongitudeDegrees>-121.8822407</LongitudeDegrees>
            </Position>
            <AltitudeMeters>27</AltitudeMeters>
            <DistanceMeters>506.33</DistanceMeters>
            <HeartRateBpm><Value>139</Value></HeartRateBpm>
            <Cadence>168</Cadence>
          </Trackpoint>
          <Trackpoint>
            <Time>2026-03-05T13:33:25.000Z</Time>
            <Position>
              <LatitudeDegrees>37.3415028</LatitudeDegrees>
              <LongitudeDegrees>-121.8821392</LongitudeDegrees>
            </Position>
            <AltitudeMeters>27</AltitudeMeters>
            <DistanceMeters>518.99</DistanceMeters>
            <HeartRateBpm><Value>139</Value></HeartRateBpm>
            <Cadence>168</Cadence>
          </Trackpoint>
          <Trackpoint>
            <Time>2026-03-05T13:33:30.000Z</Time>
            <Position>
              <LatitudeDegrees>37.3415834</LatitudeDegrees>
              <LongitudeDegrees>-121.8820378</LongitudeDegrees>
            </Position>
            <AltitudeMeters>27</AltitudeMeters>
            <DistanceMeters>531.65</DistanceMeters>
            <HeartRateBpm><Value>139</Value></HeartRateBpm>
            <Cadence>168</Cadence>
          </Trackpoint>
          <Trackpoint>
            <Time>2026-03-05T13:33:35.000Z</Time>
            <Position>
              <LatitudeDegrees>37.3416639</LatitudeDegrees>
              <LongitudeDegrees>-121.8819363</LongitudeDegrees>
            </Position>
            <AltitudeMeters>27</AltitudeMeters>
            <DistanceMeters>544.30</DistanceMeters>
            <HeartRateBpm><Value>139</Value></HeartRateBpm>
            <Cadence>168</Cadence>
          </Trackpoint>
          <Trackpoint>
            <Time>2026-03-05T13:33:40.000Z</Time>
            <Position>
              <LatitudeDegrees>37.3417445</LatitudeDegrees>
              <LongitudeDegrees>-121.8818348</LongitudeDegrees>
            </Position>
            <AltitudeMeters>27</AltitudeMeters>
            <DistanceMeters>556.96</DistanceMeters>
            <HeartRateBpm><Value>139</Value></HeartRateBpm>
            <Cadence>168</Cadence>
          </Trackpoint>
          <Trackpoint>
            <Time>2026-03-05T13:33:45.000Z</Time>
            <Position>
              <LatitudeDegrees>37.3418250</LatitudeDegrees>
              <LongitudeDegrees>-121.8817333</LongitudeDegrees>
            </Position>
            <AltitudeMeters>27</AltitudeMeters>
            <DistanceMeters>569.62</DistanceMeters>
            <HeartRateBpm><Value>139</Value></HeartRateBpm>
            <Cadence>168</Cadence>
          </Trackpoint>
          <Trackpoint>
            <Time>2026-03-05T13:33:50.000Z</Time>
            <Position>
              <LatitudeDegrees>37.3419056</LatitudeDegrees>
              <LongitudeDegrees>-121.8816318</LongitudeDegrees>
            </Position>
            <AltitudeMeters>26.9</AltitudeMeters>
            <DistanceMeters>582.28</DistanceMeters>
            <HeartRateBpm><Value>139</Value></HeartRateBpm>
            <Cadence>168</Cadence>
          </Trackpoint>
          <Trackpoint>
            <Time>2026-03-05T13:33:55.000Z</Time>
            <Position>
              <LatitudeDegrees>37.3419862</LatitudeDegrees>
              <LongitudeDegrees>-121.8815303</LongitudeDegrees>
            </Position>
            <AltitudeMeters>26.9</AltitudeMeters>
            <DistanceMeters>594.94</DistanceMeters>
            <HeartRateBpm><Value>139</Value></HeartRateBpm>
            <Cadence>168</Cadence>
          </Trackpoint>
          <Trackpoint>
            <Time>2026-03-05T13:34:00.000Z</Time>
            <Position>
              <LatitudeDegrees>37.3420667</LatitudeDegrees>
              <LongitudeDegrees>-121.8814289</LongitudeDegrees>
            </Position>
            <AltitudeMeters>26.9</AltitudeMeters>
            <DistanceMeters>607.59</DistanceMeters>
            <HeartRateBpm><Value>139</Value></HeartRateBpm>
            <Cadence>168</Cadence>
          </Trackpoint>
          <Trackpoint>
            <Time>2026-03-05T13:34:05.000Z</Time>
            <Position>
              <LatitudeDegrees>37.3421473</LatitudeDegrees>
              <LongitudeDegrees>-121.8813274</LongitudeDegrees>
            </Position>
            <AltitudeMeters>26.9</AltitudeMeters>
            <DistanceMeters>620.25</DistanceMeters>
            <HeartRateBpm><Value>139</Value></HeartRateBpm>
            <Cadence>168</Cadence>
          </Trackpoint>
          <Trackpoint>
            <Time>2026-03-05T13:34:10.000Z</Time>
            <Position>
              <LatitudeDegrees>37.3422278</LatitudeDegrees>
              <LongitudeDegrees>-121.8812259</LongitudeDegrees>
            </Position>
            <AltitudeMeters>26.8</AltitudeMeters>
            <DistanceMeters>632.91</DistanceMeters>
            <HeartRateBpm><Value>139</Value></HeartRateBpm>
            <Cadence>168</Cadence>
          </Trackpoint>
          <Trackpoint>
            <Time>2026-03-05T13:34:15.000Z</Time>
            <Position>
              <LatitudeDegrees>37.3423084</LatitudeDegrees>
              <LongitudeDegrees>-121.8811244</LongitudeDegrees>
            </Position>
            <AltitudeMeters>26.8</AltitudeMeters>
            <DistanceMeters>645.57</DistanceMeters>
            <HeartRateBpm><Value>139</Value></HeartRateBpm>
            <Cadence>168</Cadence>
          </Trackpoint>
          <Trackpoint>
            <Time>2026-03-05T13:34:20.000Z</Time>
            <Position>
              <LatitudeDegrees>37.3423889</LatitudeDegrees>
              <LongitudeDegrees>-121.8810229</LongitudeDegrees>
            </Position>
            <AltitudeMeters>26.8</AltitudeMeters>
            <DistanceMeters>658.23</DistanceMeters>
            <HeartRateBpm><Value>139</Value></HeartRateBpm>
            <Cadence>168</Cadence>
          </Trackpoint>
          <Trackpoint>
            <Time>2026-03-05T13:34:25.000Z</Time>
            <Position>
              <LatitudeDegrees>37.3424695</LatitudeDegrees>
              <LongitudeDegrees>-121.8809215</LongitudeDegrees>
            </Position>
            <AltitudeMeters>26.7</AltitudeMeters>
            <DistanceMeters>670.89</DistanceMeters>
            <HeartRateBpm><Value>139</Value></HeartRateBpm>
            <Cadence>168</Cadence>
          </Trackpoint>
          <Trackpoint>
            <Time>2026-03-05T13:34:30.000Z</Time>
            <Position>
              <LatitudeDegrees>37.3425501</LatitudeDegrees>
              <LongitudeDegrees>-121.8808200</LongitudeDegrees>
            </Position>
            <AltitudeMeters>26.7</AltitudeMeters>
            <DistanceMeters>683.54</DistanceMeters>
            <HeartRateBpm><Value>139</Value></HeartRateBpm>
            <Cadence>168</Cadence>
          </Trackpoint>
          <Trackpoint>
            <Time>2026-03-05T13:34:35.000Z</Time>
            <Position>
              <LatitudeDegrees>37.3426306</LatitudeDegrees>
              <LongitudeDegrees>-121.8807185</LongitudeDegrees>
            </Position>
            <AltitudeMeters>26.6</AltitudeMeters>
            <DistanceMeters>696.20</DistanceMeters>
            <HeartRateBpm><Value>139</Value></HeartRateBpm>
            <Cadence>168</Cadence>
          </Trackpoint>
          <Trackpoint>
            <Time>2026-03-05T13:34:40.000Z</Time>
            <Position>
              <LatitudeDegrees>37.3427112</LatitudeDegrees>
              <LongitudeDegrees>-121.8806170</LongitudeDegrees>
            </Position>
            <AltitudeMeters>26.6</AltitudeMeters>
            <DistanceMeters>708.86</DistanceMeters>
            <HeartRateBpm><Value>139</Value></HeartRateBpm>
            <Cadence>168</Cadence>
          </Trackpoint>
          <Trackpoint>
            <Time>2026-03-05T13:34:45.000Z</Time>
            <Position>
              <LatitudeDegrees>37.3427917</LatitudeDegrees>
              <LongitudeDegrees>-121.8805155</LongitudeDegrees>
            </Position>
            <AltitudeMeters>26.5</AltitudeMeters>
            <DistanceMeters>721.52</DistanceMeters>
            <HeartRateBpm><Value>139</Value></HeartRateBpm>
            <Cadence>168</Cadence>
          </Trackpoint>
          <Trackpoint>
            <Time>2026-03-05T13:34:50.000Z</Time>
            <Position>
              <LatitudeDegrees>37.3428723</LatitudeDegrees>
              <LongitudeDegrees>-121.8804140</LongitudeDegrees>
            </Position>
            <AltitudeMeters>26.5</AltitudeMeters>
            <DistanceMeters>734.18</DistanceMeters>
            <HeartRateBpm><Value>139</Value></HeartRateBpm>
            <Cadence>168</Cadence>
          </Trackpoint>
          <Trackpoint>
            <Time>2026-03-05T13:34:55.000Z</Time>
            <Position>
              <LatitudeDegrees>37.3429528</LatitudeDegrees>
              <LongitudeDegrees>-121.8803126</LongitudeDegrees>
            </Position>
            <AltitudeMeters>26.4</AltitudeMeters>
            <DistanceMeters>746.84</DistanceMeters>
            <HeartRateBpm><Value>139</Value></HeartRateBpm>
            <Cadence>168</Cadence>
          </Trackpoint>
          <Trackpoint>
            <Time>2026-03-05T13:35:00.000Z</Time>
            <Position>
              <LatitudeDegrees>37.3430334</LatitudeDegrees>
              <LongitudeDegrees>-121.8802111</LongitudeDegrees>
            </Position>
            <AltitudeMeters>26.4</AltitudeMeters>
            <DistanceMeters>759.49</DistanceMeters>
            <HeartRateBpm><Value>139</Value></HeartRateBpm>
            <Cadence>168</Cadence>
          </Trackpoint>
          <Trackpoint>
            <Time>2026-03-05T13:35:05.000Z</Time>
            <Position>
              <LatitudeDegrees>37.3431139</LatitudeDegrees>
              <LongitudeDegrees>-121.8801096</LongitudeDegrees>
            </Position>
            <AltitudeMeters>26.3</AltitudeMeters>
            <DistanceMeters>772.15</DistanceMeters>
            <HeartRateBpm><Value>139</Value></HeartRateBpm>
            <Cadence>168</Cadence>
          </Trackpoint>
          <Trackpoint>
            <Time>2026-03-05T13:35:10.000Z</Time>
            <Position>
              <LatitudeDegrees>37.3431945</LatitudeDegrees>
              <LongitudeDegrees>-121.8800081</LongitudeDegrees>
            </Position>
            <AltitudeMeters>26.3</AltitudeMeters>
            <DistanceMeters>784.81</DistanceMeters>
            <HeartRateBpm><Value>139</Value></HeartRateBpm>
            <Cadence>168</Cadence>
          </Trackpoint>
          <Trackpoint>
            <Time>2026-03-05T13:35:15.000Z</Time>
            <Position>
              <LatitudeDegrees>37.3432751</LatitudeDegrees>
              <LongitudeDegrees>-121.8799066</LongitudeDegrees>
            </Position>
            <AltitudeMeters>26.2</AltitudeMeters>
            <DistanceMeters>797.47</DistanceMeters>
            <HeartRateBpm><Value>139</Value></HeartRateBpm>
            <Cadence>168</Cadence>
          </Trackpoint>
          <Trackpoint>
            <Time>2026-03-05T13:35:20.000Z</Time>
            <Position>
              <LatitudeDegrees>37.3433556</LatitudeDegrees>
              <LongitudeDegrees>-121.8798051</LongitudeDegrees>
            </Position>
            <AltitudeMeters>26.1</AltitudeMeters>
            <DistanceMeters>810.13</DistanceMeters>
            <HeartRateBpm><Value>139</Value></HeartRateBpm>
            <Cadence>168</Cadence>
          </Trackpoint>
          <Trackpoint>
            <Time>2026-03-05T13:35:25.000Z</Time>
            <Position>
              <LatitudeDegrees>37.3434362</LatitudeDegrees>
              <LongitudeDegrees>-121.8797037</LongitudeDegrees>
            </Position>
            <AltitudeMeters>26.1</AltitudeMeters>
            <DistanceMeters>822.78</DistanceMeters>
            <HeartRateBpm><Value>139</Value></HeartRateBpm>
            <Cadence>168</Cadence>
          </Trackpoint>
          <Trackpoint>
            <Time>2026-03-05T13:35:30.000Z</Time>
            <Position>
              <LatitudeDegrees>37.3435167</LatitudeDegrees>
              <LongitudeDegrees>-121.8796022</LongitudeDegrees>
            </Position>
            <AltitudeMeters>26</AltitudeMeters>
            <DistanceMeters>835.44</DistanceMeters>
            <HeartRateBpm><Value>139</Value></HeartRateBpm>
            <Cadence>168</Cadence>
          </Trackpoint>
          <Trackpoint>
            <Time>2026-03-05T13:35:35.000Z</Time>
            <Position>
              <LatitudeDegrees>37.3435973</LatitudeDegrees>
              <LongitudeDegrees>-121.8795007</LongitudeDegrees>
            </Position>
            <AltitudeMeters>25.9</AltitudeMeters>
            <DistanceMeters>848.10</DistanceMeters>
            <HeartRateBpm><Value>139</Value></HeartRateBpm>
            <Cadence>168</Cadence>
          </Trackpoint>
          <Trackpoint>
            <Time>2026-03-05T13:35:40.000Z</Time>
            <Position>
              <LatitudeDegrees>37.3436778</LatitudeDegrees>
              <LongitudeDegrees>-121.8793992</LongitudeDegrees>
            </Position>
            <AltitudeMeters>25.8</AltitudeMeters>
            <DistanceMeters>860.76</DistanceMeters>
            <HeartRateBpm><Value>139</Value></HeartRateBpm>
            <Cadence>168</Cadence>
          </Trackpoint>
          <Trackpoint>
            <Time>2026-03-05T13:35:45.000Z</Time>
            <Position>
              <LatitudeDegrees>37.3437584</LatitudeDegrees>
              <LongitudeDegrees>-121.8792977</LongitudeDegrees>
            </Position>
            <AltitudeMeters>25.8</AltitudeMeters>
            <DistanceMeters>873.42</DistanceMeters>
            <HeartRateBpm><Value>139</Value></HeartRateBpm>
            <Cadence>168</Cadence>
          </Trackpoint>
          <Trackpoint>
            <Time>2026-03-05T13:35:50.000Z</Time>
            <Position>
              <LatitudeDegrees>37.3438390</LatitudeDegrees>
              <LongitudeDegrees>-121.8791963</LongitudeDegrees>
            </Position>
            <AltitudeMeters>25.7</AltitudeMeters>
            <DistanceMeters>886.08</DistanceMeters>
            <HeartRateBpm><Value>139</Value></HeartRateBpm>
            <Cadence>168</Cadence>
          </Trackpoint>
          <Trackpoint>
            <Time>2026-03-05T13:35:55.000Z</Time>
            <Position>
              <LatitudeDegrees>37.3439195</LatitudeDegrees>
              <LongitudeDegrees>-121.8790948</LongitudeDegrees>
            </Position>
            <AltitudeMeters>25.6</AltitudeMeters>
            <DistanceMeters>898.73</DistanceMeters>
            <HeartRateBpm><Value>139</Value></HeartRateBpm>
            <Cadence>168</Cadence>
          </Trackpoint>
          <Trackpoint>
            <Time>2026-03-05T13:36:00.000Z</Time>
            <Position>
              <LatitudeDegrees>37.3440001</LatitudeDegrees>
              <LongitudeDegrees>-121.8789933</LongitudeDegrees>
            </Position>
            <AltitudeMeters>25.5</AltitudeMeters>
            <DistanceMeters>911.39</DistanceMeters>
            <HeartRateBpm><Value>139</Value></HeartRateBpm>
            <Cadence>168</Cadence>
          </Trackpoint>
          <Trackpoint>
            <Time>2026-03-05T13:36:05.000Z</Time>
            <Position>
              <LatitudeDegrees>37.3440806</LatitudeDegrees>
              <LongitudeDegrees>-121.8788918</LongitudeDegrees>
            </Position>
            <AltitudeMeters>25.5</AltitudeMeters>
            <DistanceMeters>924.05</DistanceMeters>
            <HeartRateBpm><Value>139</Value></HeartRateBpm>
            <Cadence>168</Cadence>
          </Trackpoint>
          <Trackpoint>
            <Time>2026-03-05T13:36:10.000Z</Time>
            <Position>
              <LatitudeDegrees>37.3441612</LatitudeDegrees>
              <LongitudeDegrees>-121.8787903</LongitudeDegrees>
            </Position>
            <AltitudeMeters>25.4</AltitudeMeters>
            <DistanceMeters>936.71</DistanceMeters>
            <HeartRateBpm><Value>139</Value></HeartRateBpm>
            <Cadence>168</Cadence>
          </Trackpoint>
          <Trackpoint>
            <Time>2026-03-05T13:36:15.000Z</Time>
            <Position>
              <LatitudeDegrees>37.3442417</LatitudeDegrees>
              <LongitudeDegrees>-121.8786888</LongitudeDegrees>
            </Position>
            <AltitudeMeters>25.3</AltitudeMeters>
            <DistanceMeters>949.37</DistanceMeters>
            <HeartRateBpm><Value>139</Value></HeartRateBpm>
            <Cadence>168</Cadence>
          </Trackpoint>
          <Trackpoint>
            <Time>2026-03-05T13:36:20.000Z</Time>
            <Position>
              <LatitudeDegrees>37.3443223</LatitudeDegrees>
              <LongitudeDegrees>-121.8785874</LongitudeDegrees>
            </Position>
            <AltitudeMeters>25.2</AltitudeMeters>
            <DistanceMeters>962.03</DistanceMeters>
            <HeartRateBpm><Value>139</Value></HeartRateBpm>
            <Cadence>168</Cadence>
          </Trackpoint>
          <Trackpoint>
            <Time>2026-03-05T13:36:25.000Z</Time>
            <Position>
              <LatitudeDegrees>37.3444029</LatitudeDegrees>
              <LongitudeDegrees>-121.8784859</LongitudeDegrees>
            </Position>
            <AltitudeMeters>25.2</AltitudeMeters>
            <DistanceMeters>974.68</DistanceMeters>
            <HeartRateBpm><Value>139</Value></HeartRateBpm>
            <Cadence>168</Cadence>
          </Trackpoint>
          <Trackpoint>
            <Time>2026-03-05T13:36:30.000Z</Time>
            <Position>
              <LatitudeDegrees>37.3444834</LatitudeDegrees>
              <LongitudeDegrees>-121.8783844</LongitudeDegrees>
            </Position>
            <AltitudeMeters>25.1</AltitudeMeters>
            <DistanceMeters>987.34</DistanceMeters>
            <HeartRateBpm><Value>139</Value></HeartRateBpm>
            <Cadence>168</Cadence>
          </Trackpoint>
          <Trackpoint>
            <Time>2026-03-05T13:36:35.000Z</Time>
            <Position>
              <LatitudeDegrees>37.3445640</LatitudeDegrees>
              <LongitudeDegrees>-121.8782829</LongitudeDegrees>
            </Position>
            <AltitudeMeters>25</AltitudeMeters>
            <DistanceMeters>1000.00</DistanceMeters>
            <HeartRateBpm><Value>139</Value></HeartRateBpm>
            <Cadence>168</Cadence>
          </Trackpoint>
          <Trackpoint>
            <Time>2026-03-05T13:36:40.000Z</Time>
            <Position>
              <LatitudeDegrees>37.3446445</LatitudeDegrees>
              <LongitudeDegrees>-121.8781814</LongitudeDegrees>
            </Position>
            <AltitudeMeters>24.9</AltitudeMeters>
            <DistanceMeters>1012.66</DistanceMeters>
            <HeartRateBpm><Value>139</Value></HeartRateBpm>
            <Cadence>168</Cadence>
          </Trackpoint>
          <Trackpoint>
            <Time>2026-03-05T13:36:45.000Z</Time>
            <Position>
              <LatitudeDegrees>37.3447251</LatitudeDegrees>
              <LongitudeDegrees>-121.8780800</LongitudeDegrees>
            </Position>
            <AltitudeMeters>24.8</AltitudeMeters>
            <DistanceMeters>1025.32</DistanceMeters>
            <HeartRateBpm><Value>139</Value></HeartRateBpm>
            <Cadence>168</Cadence>
          </Trackpoint>
          <Trackpoint>
            <Time>2026-03-05T13:36:50.000Z</Time>
            <Position>
              <LatitudeDegrees>37.3448056</LatitudeDegrees>
              <LongitudeDegrees>-121.8779785</LongitudeDegrees>
            </Position>
            <AltitudeMeters>24.8</AltitudeMeters>
            <DistanceMeters>1037.97</DistanceMeters>
            <HeartRateBpm><Value>139</Value></HeartRateBpm>
            <Cadence>168</Cadence>
          </Trackpoint>
          <Trackpoint>
            <Time>2026-03-05T13:36:55.000Z</Time>
            <Position>
              <LatitudeDegrees>37.3448862</LatitudeDegrees>
              <LongitudeDegrees>-121.8778770</LongitudeDegrees>
            </Position>
            <AltitudeMeters>24.7</AltitudeMeters>
            <DistanceMeters>1050.63</DistanceMeters>
            <HeartRateBpm><Value>139</Value></HeartRateBpm>
            <Cadence>168</Cadence>
          </Trackpoint>
          <Trackpoint>
            <Time>2026-03-05T13:37:00.000Z</Time>
            <Position>
              <LatitudeDegrees>37.3449668</LatitudeDegrees>
              <LongitudeDegrees>-121.8777755</LongitudeDegrees>
            </Position>
            <AltitudeMeters>24.6</AltitudeMeters>
            <DistanceMeters>1063.29</DistanceMeters>
            <HeartRateBpm><Value>139</Value></HeartRateBpm>
            <Cadence>168</Cadence>
          </Trackpoint>
          <Trackpoint>
            <Time>2026-03-05T13:37:05.000Z</Time>
            <Position>
              <LatitudeDegrees>37.3450473</LatitudeDegrees>
              <LongitudeDegrees>-121.8776740</LongitudeDegrees>
            </Position>
            <AltitudeMeters>24.5</AltitudeMeters>
            <DistanceMeters>1075.95</DistanceMeters>
            <HeartRateBpm><Value>139</Value></HeartRateBpm>
            <Cadence>168</Cadence>
          </Trackpoint>
          <Trackpoint>
            <Time>2026-03-05T13:37:10.000Z</Time>
            <Position>
              <LatitudeDegrees>37.3451279</LatitudeDegrees>
              <LongitudeDegrees>-121.8775725</LongitudeDegrees>
            </Position>
            <AltitudeMeters>24.5</AltitudeMeters>
            <DistanceMeters>1088.61</DistanceMeters>
            <HeartRateBpm><Value>139</Value></HeartRateBpm>
            <Cadence>168</Cadence>
          </Trackpoint>
          <Trackpoint>
            <Time>2026-03-05T13:37:15.000Z</Time>
            <Position>
              <LatitudeDegrees>37.3452084</LatitudeDegrees>
              <LongitudeDegrees>-121.8774711</LongitudeDegrees>
            </Position>
            <AltitudeMeters>24.4</AltitudeMeters>
            <DistanceMeters>1101.27</DistanceMeters>
            <HeartRateBpm><Value>139</Value></HeartRateBpm>
            <Cadence>168</Cadence>
          </Trackpoint>
          <Trackpoint>
            <Time>2026-03-05T13:37:20.000Z</Time>
            <Position>
              <LatitudeDegrees>37.3452890</LatitudeDegrees>
              <LongitudeDegrees>-121.8773696</LongitudeDegrees>
            </Position>
            <AltitudeMeters>24.3</AltitudeMeters>
            <DistanceMeters>1113.92</DistanceMeters>
            <HeartRateBpm><Value>139</Value></HeartRateBpm>
            <Cadence>168</Cadence>
          </Trackpoint>
          <Trackpoint>
            <Time>2026-03-05T13:37:25.000Z</Time>
            <Position>
              <LatitudeDegrees>37.3453695</LatitudeDegrees>
              <LongitudeDegrees>-121.8772681</LongitudeDegrees>
            </Position>
            <AltitudeMeters>24.2</AltitudeMeters>
            <DistanceMeters>1126.58</DistanceMeters>
            <HeartRateBpm><Value>139</Value></HeartRateBpm>
            <Cadence>168</Cadence>
          </Trackpoint>
          <Trackpoint>
            <Time>2026-03-05T13:37:30.000Z</Time>
            <Position>
              <LatitudeDegrees>37.3454501</LatitudeDegrees>
              <LongitudeDegrees>-121.8771666</LongitudeDegrees>
            </Position>
            <AltitudeMeters>24.2</AltitudeMeters>
            <DistanceMeters>1139.24</DistanceMeters>
            <HeartRateBpm><Value>139</Value></HeartRateBpm>
            <Cadence>168</Cadence>
          </Trackpoint>
          <Trackpoint>
            <Time>2026-03-05T13:37:35.000Z</Time>
            <Position>
              <LatitudeDegrees>37.3455306</LatitudeDegrees>
              <LongitudeDegrees>-121.8770651</LongitudeDegrees>
            </Position>
            <AltitudeMeters>24.1</AltitudeMeters>
            <DistanceMeters>1151.90</DistanceMeters>
            <HeartRateBpm><Value>139</Value></HeartRateBpm>
            <Cadence>168</Cadence>
          </Trackpoint>
          <Trackpoint>
            <Time>2026-03-05T13:37:40.000Z</Time>
            <Position>
              <LatitudeDegrees>37.3456112</LatitudeDegrees>
              <LongitudeDegrees>-121.8769636</LongitudeDegrees>
            </Position>
            <AltitudeMeters>24</AltitudeMeters>
            <DistanceMeters>1164.56</DistanceMeters>
            <HeartRateBpm><Value>139</Value></HeartRateBpm>
            <Cadence>168</Cadence>
          </Trackpoint>
          <Trackpoint>
            <Time>2026-03-05T13:37:45.000Z</Time>
            <Position>
              <LatitudeDegrees>37.3456918</LatitudeDegrees>
              <LongitudeDegrees>-121.8768622</LongitudeDegrees>
            </Position>
            <AltitudeMeters>23.9</AltitudeMeters>
            <DistanceMeters>1177.22</DistanceMeters>
            <HeartRateBpm><Value>139</Value></HeartRateBpm>
            <Cadence>168</Cadence>
          </Trackpoint>
          <Trackpoint>
            <Time>2026-03-05T13:37:50.000Z</Time>
            <Position>
              <LatitudeDegrees>37.3457723</LatitudeDegrees>
              <LongitudeDegrees>-121.8767607</LongitudeDegrees>
            </Position>
            <AltitudeMeters>23.9</AltitudeMeters>
            <DistanceMeters>1189.87</DistanceMeters>
            <HeartRateBpm><Value>139</Value></HeartRateBpm>
            <Cadence>168</Cadence>
          </Trackpoint>
          <Trackpoint>
            <Time>2026-03-05T13:37:55.000Z</Time>
            <Position>
              <LatitudeDegrees>37.3458529</LatitudeDegrees>
              <LongitudeDegrees>-121.8766592</LongitudeDegrees>
            </Position>
            <AltitudeMeters>23.8</AltitudeMeters>
            <DistanceMeters>1202.53</DistanceMeters>
            <HeartRateBpm><Value>139</Value></HeartRateBpm>
            <Cadence>168</Cadence>
          </Trackpoint>
          <Trackpoint>
            <Time>2026-03-05T13:38:00.000Z</Time>
            <Position>
              <LatitudeDegrees>37.3459334</LatitudeDegrees>
              <LongitudeDegrees>-121.8765577</LongitudeDegrees>
            </Position>
            <AltitudeMeters>23.7</AltitudeMeters>
            <DistanceMeters>1215.19</DistanceMeters>
            <HeartRateBpm><Value>139</Value></HeartRateBpm>
            <Cadence>168</Cadence>
          </Trackpoint>
          <Trackpoint>
            <Time>2026-03-05T13:38:05.000Z</Time>
            <Position>
              <LatitudeDegrees>37.3460140</LatitudeDegrees>
              <LongitudeDegrees>-121.8764562</LongitudeDegrees>
            </Position>
            <AltitudeMeters>23.7</AltitudeMeters>
            <DistanceMeters>1227.85</DistanceMeters>
            <HeartRateBpm><Value>139</Value></HeartRateBpm>
            <Cadence>168</Cadence>
          </Trackpoint>
          <Trackpoint>
            <Time>2026-03-05T13:38:10.000Z</Time>
            <Position>
              <LatitudeDegrees>37.3460945</LatitudeDegrees>
              <LongitudeDegrees>-121.8763548</LongitudeDegrees>
            </Position>
            <AltitudeMeters>23.6</AltitudeMeters>
            <DistanceMeters>1240.51</DistanceMeters>
            <HeartRateBpm><Value>139</Value></HeartRateBpm>
            <Cadence>168</Cadence>
          </Trackpoint>
          <Trackpoint>
            <Time>2026-03-05T13:38:15.000Z</Time>
            <Position>
              <LatitudeDegrees>37.3461751</LatitudeDegrees>
              <LongitudeDegrees>-121.8762533</LongitudeDegrees>
            </Position>
            <AltitudeMeters>23.6</AltitudeMeters>
            <DistanceMeters>1253.16</DistanceMeters>
            <HeartRateBpm><Value>139</Value></HeartRateBpm>
            <Cadence>168</Cadence>
          </Trackpoint>
          <Trackpoint>
            <Time>2026-03-05T13:38:20.000Z</Time>
            <Position>
              <LatitudeDegrees>37.3462557</LatitudeDegrees>
              <LongitudeDegrees>-121.8761518</LongitudeDegrees>
            </Position>
            <AltitudeMeters>23.5</AltitudeMeters>
            <DistanceMeters>1265.82</DistanceMeters>
            <HeartRateBpm><Value>139</Value></HeartRateBpm>
            <Cadence>168</Cadence>
          </Trackpoint>
          <Trackpoint>
            <Time>2026-03-05T13:38:25.000Z</Time>
            <Position>
              <LatitudeDegrees>37.3463362</LatitudeDegrees>
              <LongitudeDegrees>-121.8760503</LongitudeDegrees>
            </Position>
            <AltitudeMeters>23.5</AltitudeMeters>
            <DistanceMeters>1278.48</DistanceMeters>
            <HeartRateBpm><Value>139</Value></HeartRateBpm>
            <Cadence>168</Cadence>
          </Trackpoint>
          <Trackpoint>
            <Time>2026-03-05T13:38:30.000Z</Time>
            <Position>
              <LatitudeDegrees>37.3464168</LatitudeDegrees>
              <LongitudeDegrees>-121.8759488</LongitudeDegrees>
            </Position>
            <AltitudeMeters>23.4</AltitudeMeters>
            <DistanceMeters>1291.14</DistanceMeters>
            <HeartRateBpm><Value>139</Value></HeartRateBpm>
            <Cadence>168</Cadence>
          </Trackpoint>
          <Trackpoint>
            <Time>2026-03-05T13:38:35.000Z</Time>
            <Position>
              <LatitudeDegrees>37.3464973</LatitudeDegrees>
              <LongitudeDegrees>-121.8758473</LongitudeDegrees>
            </Position>
            <AltitudeMeters>23.4</AltitudeMeters>
            <DistanceMeters>1303.80</DistanceMeters>
            <HeartRateBpm><Value>139</Value></HeartRateBpm>
            <Cadence>168</Cadence>
          </Trackpoint>
          <Trackpoint>
            <Time>2026-03-05T13:38:40.000Z</Time>
            <Position>
              <LatitudeDegrees>37.3465779</LatitudeDegrees>
              <LongitudeDegrees>-121.8757459</LongitudeDegrees>
            </Position>
            <AltitudeMeters>23.3</AltitudeMeters>
            <DistanceMeters>1316.46</DistanceMeters>
            <HeartRateBpm><Value>139</Value></HeartRateBpm>
            <Cadence>168</Cadence>
          </Trackpoint>
          <Trackpoint>
            <Time>2026-03-05T13:38:45.000Z</Time>
            <Position>
              <LatitudeDegrees>37.3466584</LatitudeDegrees>
              <LongitudeDegrees>-121.8756444</LongitudeDegrees>
            </Position>
            <AltitudeMeters>23.3</AltitudeMeters>
            <DistanceMeters>1329.11</DistanceMeters>
            <HeartRateBpm><Value>139</Value></HeartRateBpm>
            <Cadence>168</Cadence>
          </Trackpoint>
          <Trackpoint>
            <Time>2026-03-05T13:38:50.000Z</Time>
            <Position>
              <LatitudeDegrees>37.3467390</LatitudeDegrees>
              <LongitudeDegrees>-121.8755429</LongitudeDegrees>
            </Position>
            <AltitudeMeters>23.2</AltitudeMeters>
            <DistanceMeters>1341.77</DistanceMeters>
            <HeartRateBpm><Value>139</Value></HeartRateBpm>
            <Cadence>168</Cadence>
          </Trackpoint>
          <Trackpoint>
            <Time>2026-03-05T13:38:55.000Z</Time>
            <Position>
              <LatitudeDegrees>37.3468196</LatitudeDegrees>
              <LongitudeDegrees>-121.8754414</LongitudeDegrees>
            </Position>
            <AltitudeMeters>23.2</AltitudeMeters>
            <DistanceMeters>1354.43</DistanceMeters>
            <HeartRateBpm><Value>139</Value></HeartRateBpm>
            <Cadence>168</Cadence>
          </Trackpoint>
          <Trackpoint>
            <Time>2026-03-05T13:39:00.000Z</Time>
            <Position>
              <LatitudeDegrees>37.3469001</LatitudeDegrees>
              <LongitudeDegrees>-121.8753399</LongitudeDegrees>
            </Position>
            <AltitudeMeters>23.2</AltitudeMeters>
            <DistanceMeters>1367.09</DistanceMeters>
            <HeartRateBpm><Value>139</Value></HeartRateBpm>
            <Cadence>168</Cadence>
          </Trackpoint>
          <Trackpoint>
            <Time>2026-03-05T13:39:05.000Z</Time>
            <Position>
              <LatitudeDegrees>37.3469807</LatitudeDegrees>
              <LongitudeDegrees>-121.8752385</LongitudeDegrees>
            </Position>
            <AltitudeMeters>23.1</AltitudeMeters>
            <DistanceMeters>1379.75</DistanceMeters>
            <HeartRateBpm><Value>139</Value></HeartRateBpm>
            <Cadence>168</Cadence>
          </Trackpoint>
          <Trackpoint>
            <Time>2026-03-05T13:39:10.000Z</Time>
            <Position>
              <LatitudeDegrees>37.3470612</LatitudeDegrees>
              <LongitudeDegrees>-121.8751370</LongitudeDegrees>
            </Position>
            <AltitudeMeters>23.1</AltitudeMeters>
            <DistanceMeters>1392.41</DistanceMeters>
            <HeartRateBpm><Value>139</Value></HeartRateBpm>
            <Cadence>168</Cadence>
          </Trackpoint>
          <Trackpoint>
            <Time>2026-03-05T13:39:15.000Z</Time>
            <Position>
              <LatitudeDegrees>37.3471418</LatitudeDegrees>
              <LongitudeDegrees>-121.8750355</LongitudeDegrees>
            </Position>
            <AltitudeMeters>23.1</AltitudeMeters>
            <DistanceMeters>1405.06</DistanceMeters>
            <HeartRateBpm><Value>139</Value></HeartRateBpm>
            <Cadence>168</Cadence>
          </Trackpoint>
          <Trackpoint>
            <Time>2026-03-05T13:39:20.000Z</Time>
            <Position>
              <LatitudeDegrees>37.3472223</LatitudeDegrees>
              <LongitudeDegrees>-121.8749340</LongitudeDegrees>
            </Position>
            <AltitudeMeters>23.1</AltitudeMeters>
            <DistanceMeters>1417.72</DistanceMeters>
            <HeartRateBpm><Value>139</Value></HeartRateBpm>
            <Cadence>168</Cadence>
          </Trackpoint>
          <Trackpoint>
            <Time>2026-03-05T13:39:25.000Z</Time>
            <Position>
              <LatitudeDegrees>37.3473029</LatitudeDegrees>
              <LongitudeDegrees>-121.8748325</LongitudeDegrees>
            </Position>
            <AltitudeMeters>23</AltitudeMeters>
            <DistanceMeters>1430.38</DistanceMeters>
            <HeartRateBpm><Value>139</Value></HeartRateBpm>
            <Cadence>168</Cadence>
          </Trackpoint>
          <Trackpoint>
            <Time>2026-03-05T13:39:30.000Z</Time>
            <Position>
              <LatitudeDegrees>37.3473834</LatitudeDegrees>
              <LongitudeDegrees>-121.8747310</LongitudeDegrees>
            </Position>
            <AltitudeMeters>23</AltitudeMeters>
            <DistanceMeters>1443.04</DistanceMeters>
            <HeartRateBpm><Value>139</Value></HeartRateBpm>
            <Cadence>168</Cadence>
          </Trackpoint>
          <Trackpoint>
            <Time>2026-03-05T13:39:35.000Z</Time>
            <Position>
              <LatitudeDegrees>37.3474640</LatitudeDegrees>
              <LongitudeDegrees>-121.8746296</LongitudeDegrees>
            </Position>
            <AltitudeMeters>23</AltitudeMeters>
            <DistanceMeters>1455.70</DistanceMeters>
            <HeartRateBpm><Value>139</Value></HeartRateBpm>
            <Cadence>168</Cadence>
          </Trackpoint>
          <Trackpoint>
            <Time>2026-03-05T13:39:40.000Z</Time>
            <Position>
              <LatitudeDegrees>37.3475446</LatitudeDegrees>
              <LongitudeDegrees>-121.8745281</LongitudeDegrees>
            </Position>
            <AltitudeMeters>23</AltitudeMeters>
            <DistanceMeters>1468.35</DistanceMeters>
            <HeartRateBpm><Value>139</Value></HeartRateBpm>
            <Cadence>168</Cadence>
          </Trackpoint>
          <Trackpoint>
            <Time>2026-03-05T13:39:45.000Z</Time>
            <Position>
              <LatitudeDegrees>37.3476251</LatitudeDegrees>
              <LongitudeDegrees>-121.8744266</LongitudeDegrees>
            </Position>
            <AltitudeMeters>23</AltitudeMeters>
            <DistanceMeters>1481.01</DistanceMeters>
            <HeartRateBpm><Value>139</Value></HeartRateBpm>
            <Cadence>168</Cadence>
          </Trackpoint>
          <Trackpoint>
            <Time>2026-03-05T13:39:50.000Z</Time>
            <Position>
              <LatitudeDegrees>37.3477057</LatitudeDegrees>
              <LongitudeDegrees>-121.8743251</LongitudeDegrees>
            </Position>
            <AltitudeMeters>23</AltitudeMeters>
            <DistanceMeters>1493.67</DistanceMeters>
            <HeartRateBpm><Value>139</Value></HeartRateBpm>
            <Cadence>168</Cadence>
          </Trackpoint>
          <Trackpoint>
            <Time>2026-03-05T13:39:55.000Z</Time>
            <Position>
              <LatitudeDegrees>37.3477862</LatitudeDegrees>
              <LongitudeDegrees>-121.8742236</LongitudeDegrees>
            </Position>
            <AltitudeMeters>23</AltitudeMeters>
            <DistanceMeters>1506.33</DistanceMeters>
            <HeartRateBpm><Value>139</Value></HeartRateBpm>
            <Cadence>168</Cadence>
          </Trackpoint>
          <Trackpoint>
            <Time>2026-03-05T13:40:00.000Z</Time>
            <Position>
              <LatitudeDegrees>37.3478668</LatitudeDegrees>
              <LongitudeDegrees>-121.8741222</LongitudeDegrees>
            </Position>
            <AltitudeMeters>23</AltitudeMeters>
            <DistanceMeters>1518.99</DistanceMeters>
            <HeartRateBpm><Value>139</Value></HeartRateBpm>
            <Cadence>168</Cadence>
          </Trackpoint>
          <Trackpoint>
            <Time>2026-03-05T13:40:05.000Z</Time>
            <Position>
              <LatitudeDegrees>37.3479473</LatitudeDegrees>
              <LongitudeDegrees>-121.8740207</LongitudeDegrees>
            </Position>
            <AltitudeMeters>23</AltitudeMeters>
            <DistanceMeters>1531.65</DistanceMeters>
            <HeartRateBpm><Value>139</Value></HeartRateBpm>
            <Cadence>168</Cadence>
          </Trackpoint>
          <Trackpoint>
            <Time>2026-03-05T13:40:10.000Z</Time>
            <Position>
              <LatitudeDegrees>37.3480279</LatitudeDegrees>
              <LongitudeDegrees>-121.8739192</LongitudeDegrees>
            </Position>
            <AltitudeMeters>23</AltitudeMeters>
            <DistanceMeters>1544.30</DistanceMeters>
            <HeartRateBpm><Value>139</Value></HeartRateBpm>
            <Cadence>168</Cadence>
          </Trackpoint>
          <Trackpoint>
            <Time>2026-03-05T13:40:15.000Z</Time>
            <Position>
              <LatitudeDegrees>37.3481085</LatitudeDegrees>
              <LongitudeDegrees>-121.8738177</LongitudeDegrees>
            </Position>
            <AltitudeMeters>23</AltitudeMeters>
            <DistanceMeters>1556.96</DistanceMeters>
            <HeartRateBpm><Value>139</Value></HeartRateBpm>
            <Cadence>168</Cadence>
          </Trackpoint>
          <Trackpoint>
            <Time>2026-03-05T13:40:20.000Z</Time>
            <Position>
              <LatitudeDegrees>37.3481890</LatitudeDegrees>
              <LongitudeDegrees>-121.8737162</LongitudeDegrees>
            </Position>
            <AltitudeMeters>23</AltitudeMeters>
            <DistanceMeters>1569.62</DistanceMeters>
            <HeartRateBpm><Value>139</Value></HeartRateBpm>
            <Cadence>168</Cadence>
          </Trackpoint>
          <Trackpoint>
            <Time>2026-03-05T13:40:25.000Z</Time>
            <Position>
              <LatitudeDegrees>37.3482696</LatitudeDegrees>
              <LongitudeDegrees>-121.8736147</LongitudeDegrees>
            </Position>
            <AltitudeMeters>23.1</AltitudeMeters>
            <DistanceMeters>1582.28</DistanceMeters>
            <HeartRateBpm><Value>139</Value></HeartRateBpm>
            <Cadence>168</Cadence>
          </Trackpoint>
          <Trackpoint>
            <Time>2026-03-05T13:40:30.000Z</Time>
            <Position>
              <LatitudeDegrees>37.3483501</LatitudeDegrees>
              <LongitudeDegrees>-121.8735133</LongitudeDegrees>
            </Position>
            <AltitudeMeters>23.1</AltitudeMeters>
            <DistanceMeters>1594.94</DistanceMeters>
            <HeartRateBpm><Value>139</Value></HeartRateBpm>
            <Cadence>168</Cadence>
          </Trackpoint>
          <Trackpoint>
            <Time>2026-03-05T13:40:35.000Z</Time>
            <Position>
              <LatitudeDegrees>37.3484307</LatitudeDegrees>
              <LongitudeDegrees>-121.8734118</LongitudeDegrees>
            </Position>
            <AltitudeMeters>23.1</AltitudeMeters>
            <DistanceMeters>1607.59</DistanceMeters>
            <HeartRateBpm><Value>139</Value></HeartRateBpm>
            <Cadence>168</Cadence>
          </Trackpoint>
          <Trackpoint>
            <Time>2026-03-05T13:40:40.000Z</Time>
            <Position>
              <LatitudeDegrees>37.3485112</LatitudeDegrees>
              <LongitudeDegrees>-121.8733103</LongitudeDegrees>
            </Position>
            <AltitudeMeters>23.1</AltitudeMeters>
            <DistanceMeters>1620.25</DistanceMeters>
            <HeartRateBpm><Value>139</Value></HeartRateBpm>
            <Cadence>168</Cadence>
          </Trackpoint>
          <Trackpoint>
            <Time>2026-03-05T13:40:45.000Z</Time>
            <Position>
              <LatitudeDegrees>37.3485918</LatitudeDegrees>
              <LongitudeDegrees>-121.8732088</LongitudeDegrees>
            </Position>
            <AltitudeMeters>23.2</AltitudeMeters>
            <DistanceMeters>1632.91</DistanceMeters>
            <HeartRateBpm><Value>139</Value></HeartRateBpm>
            <Cadence>168</Cadence>
          </Trackpoint>
          <Trackpoint>
            <Time>2026-03-05T13:40:50.000Z</Time>
            <Position>
              <LatitudeDegrees>37.3486724</LatitudeDegrees>
              <LongitudeDegrees>-121.8731073</LongitudeDegrees>
            </Position>
            <AltitudeMeters>23.2</AltitudeMeters>
            <DistanceMeters>1645.57</DistanceMeters>
            <HeartRateBpm><Value>139</Value></HeartRateBpm>
            <Cadence>168</Cadence>
          </Trackpoint>
          <Trackpoint>
            <Time>2026-03-05T13:40:55.000Z</Time>
            <Position>
              <LatitudeDegrees>37.3487529</LatitudeDegrees>
              <LongitudeDegrees>-121.8730058</LongitudeDegrees>
            </Position>
            <AltitudeMeters>23.2</AltitudeMeters>
            <DistanceMeters>1658.23</DistanceMeters>
            <HeartRateBpm><Value>139</Value></HeartRateBpm>
            <Cadence>168</Cadence>
          </Trackpoint>
          <Trackpoint>
            <Time>2026-03-05T13:41:00.000Z</Time>
            <Position>
              <LatitudeDegrees>37.3488335</LatitudeDegrees>
              <LongitudeDegrees>-121.8729044</LongitudeDegrees>
            </Position>
            <AltitudeMeters>23.3</AltitudeMeters>
            <DistanceMeters>1670.89</DistanceMeters>
            <HeartRateBpm><Value>139</Value></HeartRateBpm>
            <Cadence>168</Cadence>
          </Trackpoint>
          <Trackpoint>
            <Time>2026-03-05T13:41:05.000Z</Time>
            <Position>
              <LatitudeDegrees>37.3489140</LatitudeDegrees>
              <LongitudeDegrees>-121.8728029</LongitudeDegrees>
            </Position>
            <AltitudeMeters>23.3</AltitudeMeters>
            <DistanceMeters>1683.54</DistanceMeters>
            <HeartRateBpm><Value>139</Value></HeartRateBpm>
            <Cadence>168</Cadence>
          </Trackpoint>
          <Trackpoint>
            <Time>2026-03-05T13:41:10.000Z</Time>
            <Position>
              <LatitudeDegrees>37.3489946</LatitudeDegrees>
              <LongitudeDegrees>-121.8727014</LongitudeDegrees>
            </Position>
            <AltitudeMeters>23.4</AltitudeMeters>
            <DistanceMeters>1696.20</DistanceMeters>
            <HeartRateBpm><Value>139</Value></HeartRateBpm>
            <Cadence>168</Cadence>
          </Trackpoint>
          <Trackpoint>
            <Time>2026-03-05T13:41:15.000Z</Time>
            <Position>
              <LatitudeDegrees>37.3490751</LatitudeDegrees>
              <LongitudeDegrees>-121.8725999</LongitudeDegrees>
            </Position>
            <AltitudeMeters>23.4</AltitudeMeters>
            <DistanceMeters>1708.86</DistanceMeters>
            <HeartRateBpm><Value>139</Value></HeartRateBpm>
            <Cadence>168</Cadence>
          </Trackpoint>
          <Trackpoint>
            <Time>2026-03-05T13:41:20.000Z</Time>
            <Position>
              <LatitudeDegrees>37.3491557</LatitudeDegrees>
              <LongitudeDegrees>-121.8724984</LongitudeDegrees>
            </Position>
            <AltitudeMeters>23.5</AltitudeMeters>
            <DistanceMeters>1721.52</DistanceMeters>
            <HeartRateBpm><Value>139</Value></HeartRateBpm>
            <Cadence>168</Cadence>
          </Trackpoint>
          <Trackpoint>
            <Time>2026-03-05T13:41:25.000Z</Time>
            <Position>
              <LatitudeDegrees>37.3492362</LatitudeDegrees>
              <LongitudeDegrees>-121.8723970</LongitudeDegrees>
            </Position>
            <AltitudeMeters>23.5</AltitudeMeters>
            <DistanceMeters>1734.18</DistanceMeters>
            <HeartRateBpm><Value>139</Value></HeartRateBpm>
            <Cadence>168</Cadence>
          </Trackpoint>
          <Trackpoint>
            <Time>2026-03-05T13:41:30.000Z</Time>
            <Position>
              <LatitudeDegrees>37.3493168</LatitudeDegrees>
              <LongitudeDegrees>-121.8722955</LongitudeDegrees>
            </Position>
            <AltitudeMeters>23.6</AltitudeMeters>
            <DistanceMeters>1746.84</DistanceMeters>
            <HeartRateBpm><Value>139</Value></HeartRateBpm>
            <Cadence>168</Cadence>
          </Trackpoint>
          <Trackpoint>
            <Time>2026-03-05T13:41:35.000Z</Time>
            <Position>
              <LatitudeDegrees>37.3493974</LatitudeDegrees>
              <LongitudeDegrees>-121.8721940</LongitudeDegrees>
            </Position>
            <AltitudeMeters>23.6</AltitudeMeters>
            <DistanceMeters>1759.49</DistanceMeters>
            <HeartRateBpm><Value>139</Value></HeartRateBpm>
            <Cadence>168</Cadence>
          </Trackpoint>
          <Trackpoint>
            <Time>2026-03-05T13:41:40.000Z</Time>
            <Position>
              <LatitudeDegrees>37.3494779</LatitudeDegrees>
              <LongitudeDegrees>-121.8720925</LongitudeDegrees>
            </Position>
            <AltitudeMeters>23.7</AltitudeMeters>
            <DistanceMeters>1772.15</DistanceMeters>
            <HeartRateBpm><Value>139</Value></HeartRateBpm>
            <Cadence>168</Cadence>
          </Trackpoint>
          <Trackpoint>
            <Time>2026-03-05T13:41:45.000Z</Time>
            <Position>
              <LatitudeDegrees>37.3495585</LatitudeDegrees>
              <LongitudeDegrees>-121.8719910</LongitudeDegrees>
            </Position>
            <AltitudeMeters>23.7</AltitudeMeters>
            <DistanceMeters>1784.81</DistanceMeters>
            <HeartRateBpm><Value>139</Value></HeartRateBpm>
            <Cadence>168</Cadence>
          </Trackpoint>
          <Trackpoint>
            <Time>2026-03-05T13:41:50.000Z</Time>
            <Position>
              <LatitudeDegrees>37.3496390</LatitudeDegrees>
              <LongitudeDegrees>-121.8718895</LongitudeDegrees>
            </Position>
            <AltitudeMeters>23.8</AltitudeMeters>
            <DistanceMeters>1797.47</DistanceMeters>
            <HeartRateBpm><Value>139</Value></HeartRateBpm>
            <Cadence>168</Cadence>
          </Trackpoint>
          <Trackpoint>
            <Time>2026-03-05T13:41:55.000Z</Time>
            <Position>
              <LatitudeDegrees>37.3497196</LatitudeDegrees>
              <LongitudeDegrees>-121.8717881</LongitudeDegrees>
            </Position>
            <AltitudeMeters>23.9</AltitudeMeters>
            <DistanceMeters>1810.13</DistanceMeters>
            <HeartRateBpm><Value>139</Value></HeartRateBpm>
            <Cadence>168</Cadence>
          </Trackpoint>
          <Trackpoint>
            <Time>2026-03-05T13:42:00.000Z</Time>
            <Position>
              <LatitudeDegrees>37.3498001</LatitudeDegrees>
              <LongitudeDegrees>-121.8716866</LongitudeDegrees>
            </Position>
            <AltitudeMeters>23.9</AltitudeMeters>
            <DistanceMeters>1822.78</DistanceMeters>
            <HeartRateBpm><Value>139</Value></HeartRateBpm>
            <Cadence>168</Cadence>
          </Trackpoint>
          <Trackpoint>
            <Time>2026-03-05T13:42:05.000Z</Time>
            <Position>
              <LatitudeDegrees>37.3498807</LatitudeDegrees>
              <LongitudeDegrees>-121.8715851</LongitudeDegrees>
            </Position>
            <AltitudeMeters>24</AltitudeMeters>
            <DistanceMeters>1835.44</DistanceMeters>
            <HeartRateBpm><Value>139</Value></HeartRateBpm>
            <Cadence>168</Cadence>
          </Trackpoint>
          <Trackpoint>
            <Time>2026-03-05T13:42:10.000Z</Time>
            <Position>
              <LatitudeDegrees>37.3499613</LatitudeDegrees>
              <LongitudeDegrees>-121.8714836</LongitudeDegrees>
            </Position>
            <AltitudeMeters>24.1</AltitudeMeters>
            <DistanceMeters>1848.10</DistanceMeters>
            <HeartRateBpm><Value>139</Value></HeartRateBpm>
            <Cadence>168</Cadence>
          </Trackpoint>
          <Trackpoint>
            <Time>2026-03-05T13:42:15.000Z</Time>
            <Position>
              <LatitudeDegrees>37.3500418</LatitudeDegrees>
              <LongitudeDegrees>-121.8713821</LongitudeDegrees>
            </Position>
            <AltitudeMeters>24.2</AltitudeMeters>
            <DistanceMeters>1860.76</DistanceMeters>
            <HeartRateBpm><Value>139</Value></HeartRateBpm>
            <Cadence>168</Cadence>
          </Trackpoint>
          <Trackpoint>
            <Time>2026-03-05T13:42:20.000Z</Time>
            <Position>
              <LatitudeDegrees>37.3501224</LatitudeDegrees>
              <LongitudeDegrees>-121.8712807</LongitudeDegrees>
            </Position>
            <AltitudeMeters>24.2</AltitudeMeters>
            <DistanceMeters>1873.42</DistanceMeters>
            <HeartRateBpm><Value>139</Value></HeartRateBpm>
            <Cadence>168</Cadence>
          </Trackpoint>
          <Trackpoint>
            <Time>2026-03-05T13:42:25.000Z</Time>
            <Position>
              <LatitudeDegrees>37.3502029</LatitudeDegrees>
              <LongitudeDegrees>-121.8711792</LongitudeDegrees>
            </Position>
            <AltitudeMeters>24.3</AltitudeMeters>
            <DistanceMeters>1886.08</DistanceMeters>
            <HeartRateBpm><Value>139</Value></HeartRateBpm>
            <Cadence>168</Cadence>
          </Trackpoint>
          <Trackpoint>
            <Time>2026-03-05T13:42:30.000Z</Time>
            <Position>
              <LatitudeDegrees>37.3502835</LatitudeDegrees>
              <LongitudeDegrees>-121.8710777</LongitudeDegrees>
            </Position>
            <AltitudeMeters>24.4</AltitudeMeters>
            <DistanceMeters>1898.73</DistanceMeters>
            <HeartRateBpm><Value>139</Value></HeartRateBpm>
            <Cadence>168</Cadence>
          </Trackpoint>
          <Trackpoint>
            <Time>2026-03-05T13:42:35.000Z</Time>
            <Position>
              <LatitudeDegrees>37.3503640</LatitudeDegrees>
              <LongitudeDegrees>-121.8709762</LongitudeDegrees>
            </Position>
            <AltitudeMeters>24.5</AltitudeMeters>
            <DistanceMeters>1911.39</DistanceMeters>
            <HeartRateBpm><Value>139</Value></HeartRateBpm>
            <Cadence>168</Cadence>
          </Trackpoint>
          <Trackpoint>
            <Time>2026-03-05T13:42:40.000Z</Time>
            <Position>
              <LatitudeDegrees>37.3504446</LatitudeDegrees>
              <LongitudeDegrees>-121.8708747</LongitudeDegrees>
            </Position>
            <AltitudeMeters>24.5</AltitudeMeters>
            <DistanceMeters>1924.05</DistanceMeters>
            <HeartRateBpm><Value>139</Value></HeartRateBpm>
            <Cadence>168</Cadence>
          </Trackpoint>
          <Trackpoint>
            <Time>2026-03-05T13:42:45.000Z</Time>
            <Position>
              <LatitudeDegrees>37.3505252</LatitudeDegrees>
              <LongitudeDegrees>-121.8707732</LongitudeDegrees>
            </Position>
            <AltitudeMeters>24.6</AltitudeMeters>
            <DistanceMeters>1936.71</DistanceMeters>
            <HeartRateBpm><Value>139</Value></HeartRateBpm>
            <Cadence>168</Cadence>
          </Trackpoint>
          <Trackpoint>
            <Time>2026-03-05T13:42:50.000Z</Time>
            <Position>
              <LatitudeDegrees>37.3506057</LatitudeDegrees>
              <LongitudeDegrees>-121.8706718</LongitudeDegrees>
            </Position>
            <AltitudeMeters>24.7</AltitudeMeters>
            <DistanceMeters>1949.37</DistanceMeters>
            <HeartRateBpm><Value>139</Value></HeartRateBpm>
            <Cadence>168</Cadence>
          </Trackpoint>
          <Trackpoint>
            <Time>2026-03-05T13:42:55.000Z</Time>
            <Position>
              <LatitudeDegrees>37.3506863</LatitudeDegrees>
              <LongitudeDegrees>-121.8705703</LongitudeDegrees>
            </Position>
            <AltitudeMeters>24.8</AltitudeMeters>
            <DistanceMeters>1962.03</DistanceMeters>
            <HeartRateBpm><Value>139</Value></HeartRateBpm>
            <Cadence>168</Cadence>
          </Trackpoint>
          <Trackpoint>
            <Time>2026-03-05T13:43:00.000Z</Time>
            <Position>
              <LatitudeDegrees>37.3507668</LatitudeDegrees>
              <LongitudeDegrees>-121.8704688</LongitudeDegrees>
            </Position>
            <AltitudeMeters>24.8</AltitudeMeters>
            <DistanceMeters>1974.68</DistanceMeters>
            <HeartRateBpm><Value>139</Value></HeartRateBpm>
            <Cadence>168</Cadence>
          </Trackpoint>
          <Trackpoint>
            <Time>2026-03-05T13:43:05.000Z</Time>
            <Position>
              <LatitudeDegrees>37.3508474</LatitudeDegrees>
              <LongitudeDegrees>-121.8703673</LongitudeDegrees>
            </Position>
            <AltitudeMeters>24.9</AltitudeMeters>
            <DistanceMeters>1987.34</DistanceMeters>
            <HeartRateBpm><Value>139</Value></HeartRateBpm>
            <Cadence>168</Cadence>
          </Trackpoint>
          <Trackpoint>
            <Time>2026-03-05T13:43:10.000Z</Time>
            <Position>
              <LatitudeDegrees>37.3509279</LatitudeDegrees>
              <LongitudeDegrees>-121.8702658</LongitudeDegrees>
            </Position>
            <AltitudeMeters>25</AltitudeMeters>
            <DistanceMeters>2000.00</DistanceMeters>
            <HeartRateBpm><Value>139</Value></HeartRateBpm>
            <Cadence>168</Cadence>
          </Trackpoint>
        </Track>
      </Lap>
      <Lap StartTime="2026-03-05T13:43:10.000Z">
        <TotalTimeSeconds>1944</TotalTimeSeconds>
        <DistanceMeters>6000</DistanceMeters>
        <AverageHeartRateBpm><Value>164</Value></AverageHeartRateBpm>
        <MaximumHeartRateBpm><Value>173</Value></MaximumHeartRateBpm>
        <Intensity>Active</Intensity>
        <TriggerMethod>Manual</TriggerMethod>
        <Track>
          <Trackpoint>
            <Time>2026-03-05T13:43:10.000Z</Time>
            <Position>
              <LatitudeDegrees>37.3509279</LatitudeDegrees>
              <LongitudeDegrees>-121.8702658</LongitudeDegrees>
            </Position>
            <AltitudeMeters>25</AltitudeMeters>
            <DistanceMeters>2000.00</DistanceMeters>
            <HeartRateBpm><Value>156</Value></HeartRateBpm>
            <Cadence>174</Cadence>
          </Trackpoint>
          <Trackpoint>
            <Time>2026-03-05T13:43:15.000Z</Time>
            <Position>
              <LatitudeDegrees>37.3510261</LatitudeDegrees>
              <LongitudeDegrees>-121.8701421</LongitudeDegrees>
            </Position>
            <AltitudeMeters>25.1</AltitudeMeters>
            <DistanceMeters>2015.43</DistanceMeters>
            <HeartRateBpm><Value>156</Value></HeartRateBpm>
            <Cadence>174</Cadence>
          </Trackpoint>
          <Trackpoint>
            <Time>2026-03-05T13:43:20.000Z</Time>
            <Position>
              <LatitudeDegrees>37.3511244</LatitudeDegrees>
              <LongitudeDegrees>-121.8700184</LongitudeDegrees>
            </Position>
            <AltitudeMeters>25.2</AltitudeMeters>
            <DistanceMeters>2030.86</DistanceMeters>
            <HeartRateBpm><Value>156</Value></HeartRateBpm>
            <Cadence>174</Cadence>
          </Trackpoint>
          <Trackpoint>
            <Time>2026-03-05T13:43:25.000Z</Time>
            <Position>
              <LatitudeDegrees>37.3512226</LatitudeDegrees>
              <LongitudeDegrees>-121.8698947</LongitudeDegrees>
            </Position>
            <AltitudeMeters>25.3</AltitudeMeters>
            <DistanceMeters>2046.30</DistanceMeters>
            <HeartRateBpm><Value>156</Value></HeartRateBpm>
            <Cadence>174</Cadence>
          </Trackpoint>
          <Trackpoint>
            <Time>2026-03-05T13:43:30.000Z</Time>
            <Position>
              <LatitudeDegrees>37.3513208</LatitudeDegrees>
              <LongitudeDegrees>-121.8697710</LongitudeDegrees>
            </Position>
            <AltitudeMeters>25.4</AltitudeMeters>
            <DistanceMeters>2061.73</DistanceMeters>
            <HeartRateBpm><Value>157</Value></HeartRateBpm>
            <Cadence>174</Cadence>
          </Trackpoint>
          <Trackpoint>
            <Time>2026-03-05T13:43:35.000Z</Time>
            <Position>
              <LatitudeDegrees>37.3514190</LatitudeDegrees>
              <LongitudeDegrees>-121.8696472</LongitudeDegrees>
            </Position>
            <AltitudeMeters>25.5</AltitudeMeters>
            <DistanceMeters>2077.16</DistanceMeters>
            <HeartRateBpm><Value>157</Value></HeartRateBpm>
            <Cadence>174</Cadence>
          </Trackpoint>
          <Trackpoint>
            <Time>2026-03-05T13:43:40.000Z</Time>
            <Position>
              <LatitudeDegrees>37.3515172</LatitudeDegrees>
              <LongitudeDegrees>-121.8695235</LongitudeDegrees>
            </Position>
            <AltitudeMeters>25.6</AltitudeMeters>
            <DistanceMeters>2092.59</DistanceMeters>
            <HeartRateBpm><Value>157</Value></HeartRateBpm>
            <Cadence>174</Cadence>
          </Trackpoint>
          <Trackpoint>
            <Time>2026-03-05T13:43:45.000Z</Time>
            <Position>
              <LatitudeDegrees>37.3516154</LatitudeDegrees>
              <LongitudeDegrees>-121.8693998</LongitudeDegrees>
            </Position>
            <AltitudeMeters>25.7</AltitudeMeters>
            <DistanceMeters>2108.02</DistanceMeters>
            <HeartRateBpm><Value>157</Value></HeartRateBpm>
            <Cadence>174</Cadence>
          </Trackpoint>
          <Trackpoint>
            <Time>2026-03-05T13:43:50.000Z</Time>
            <Position>
              <LatitudeDegrees>37.3517136</LatitudeDegrees>
              <LongitudeDegrees>-121.8692761</LongitudeDegrees>
            </Position>
            <AltitudeMeters>25.8</AltitudeMeters>
            <DistanceMeters>2123.46</DistanceMeters>
            <HeartRateBpm><Value>157</Value></HeartRateBpm>
            <Cadence>174</Cadence>
          </Trackpoint>
          <Trackpoint>
            <Time>2026-03-05T13:43:55.000Z</Time>
            <Position>
              <LatitudeDegrees>37.3518118</LatitudeDegrees>
              <LongitudeDegrees>-121.8691523</LongitudeDegrees>
            </Position>
            <AltitudeMeters>25.8</AltitudeMeters>
            <DistanceMeters>2138.89</DistanceMeters>
            <HeartRateBpm><Value>157</Value></HeartRateBpm>
            <Cadence>174</Cadence>
          </Trackpoint>
          <Trackpoint>
            <Time>2026-03-05T13:44:00.000Z</Time>
            <Position>
              <LatitudeDegrees>37.3519100</LatitudeDegrees>
              <LongitudeDegrees>-121.8690286</LongitudeDegrees>
            </Position>
            <AltitudeMeters>25.9</AltitudeMeters>
            <DistanceMeters>2154.32</DistanceMeters>
            <HeartRateBpm><Value>157</Value></HeartRateBpm>
            <Cadence>174</Cadence>
          </Trackpoint>
          <Trackpoint>
            <Time>2026-03-05T13:44:05.000Z</Time>
            <Position>
              <LatitudeDegrees>37.3520082</LatitudeDegrees>
              <LongitudeDegrees>-121.8689049</LongitudeDegrees>
            </Position>
            <AltitudeMeters>26</AltitudeMeters>
            <DistanceMeters>2169.75</DistanceMeters>
            <HeartRateBpm><Value>158</Value></HeartRateBpm>
            <Cadence>174</Cadence>
          </Trackpoint>
          <Trackpoint>
            <Time>2026-03-05T13:44:10.000Z</Time>
            <Position>
              <LatitudeDegrees>37.3521064</LatitudeDegrees>
              <LongitudeDegrees>-121.8687812</LongitudeDegrees>
            </Position>
            <AltitudeMeters>26.1</AltitudeMeters>
            <DistanceMeters>2185.19</DistanceMeters>
            <HeartRateBpm><Value>158</Value></HeartRateBpm>
            <Cadence>174</Cadence>
          </Trackpoint>
          <Trackpoint>
            <Time>2026-03-05T13:44:15.000Z</Time>
            <Position>
              <LatitudeDegrees>37.3522047</LatitudeDegrees>
              <LongitudeDegrees>-121.8686575</LongitudeDegrees>
            </Position>
            <AltitudeMeters>26.2</AltitudeMeters>
            <DistanceMeters>2200.62</DistanceMeters>
            <HeartRateBpm><Value>158</Value></HeartRateBpm>
            <Cadence>174</Cadence>
          </Trackpoint>
          <Trackpoint>
            <Time>2026-03-05T13:44:20.000Z</Time>
            <Position>
              <LatitudeDegrees>37.3523029</LatitudeDegrees>
              <LongitudeDegrees>-121.8685337</LongitudeDegrees>
            </Position>
            <AltitudeMeters>26.3</AltitudeMeters>
            <DistanceMeters>2216.05</DistanceMeters>
            <HeartRateBpm><Value>158</Value></HeartRateBpm>
            <Cadence>174</Cadence>
          </Trackpoint>
          <Trackpoint>
            <Time>2026-03-05T13:44:25.000Z</Time>
            <Position>
              <LatitudeDegrees>37.3524011</LatitudeDegrees>
              <LongitudeDegrees>-121.8684100</LongitudeDegrees>
            </Position>
            <AltitudeMeters>26.3</AltitudeMeters>
            <DistanceMeters>2231.48</DistanceMeters>
            <HeartRateBpm><Value>158</Value></HeartRateBpm>
            <Cadence>174</Cadence>
          </Trackpoint>
          <Trackpoint>
            <Time>2026-03-05T13:44:30.000Z</Time>
            <Position>
              <LatitudeDegrees>37.3524993</LatitudeDegrees>
              <LongitudeDegrees>-121.8682863</LongitudeDegrees>
            </Position>
            <AltitudeMeters>26.4</AltitudeMeters>
            <DistanceMeters>2246.91</DistanceMeters>
            <HeartRateBpm><Value>158</Value></HeartRateBpm>
            <Cadence>174</Cadence>
          </Trackpoint>
          <Trackpoint>
            <Time>2026-03-05T13:44:35.000Z</Time>
            <Position>
              <LatitudeDegrees>37.3525975</LatitudeDegrees>
              <LongitudeDegrees>-121.8681626</LongitudeDegrees>
            </Position>
            <AltitudeMeters>26.5</AltitudeMeters>
            <DistanceMeters>2262.35</DistanceMeters>
            <HeartRateBpm><Value>158</Value></HeartRateBpm>
            <Cadence>174</Cadence>
          </Trackpoint>
          <Trackpoint>
            <Time>2026-03-05T13:44:40.000Z</Time>
            <Position>
              <LatitudeDegrees>37.3526957</LatitudeDegrees>
              <LongitudeDegrees>-121.8680389</LongitudeDegrees>
            </Position>
            <AltitudeMeters>26.5</AltitudeMeters>
            <DistanceMeters>2277.78</DistanceMeters>
            <HeartRateBpm><Value>158</Value></HeartRateBpm>
            <Cadence>174</Cadence>
          </Trackpoint>
          <Trackpoint>
            <Time>2026-03-05T13:44:45.000Z</Time>
            <Position>
              <LatitudeDegrees>37.3527939</LatitudeDegrees>
              <LongitudeDegrees>-121.8679151</LongitudeDegrees>
            </Position>
            <AltitudeMeters>26.6</AltitudeMeters>
            <DistanceMeters>2293.21</DistanceMeters>
            <HeartRateBpm><Value>159</Value></HeartRateBpm>
            <Cadence>174</Cadence>
          </Trackpoint>
          <Trackpoint>
            <Time>2026-03-05T13:44:50.000Z</Time>
            <Position>
              <LatitudeDegrees>37.3528921</LatitudeDegrees>
              <LongitudeDegrees>-121.8677914</LongitudeDegrees>
            </Position>
            <AltitudeMeters>26.6</AltitudeMeters>
            <DistanceMeters>2308.64</DistanceMeters>
            <HeartRateBpm><Value>159</Value></HeartRateBpm>
            <Cadence>174</Cadence>
          </Trackpoint>
          <Trackpoint>
            <Time>2026-03-05T13:44:55.000Z</Time>
            <Position>
              <LatitudeDegrees>37.3529903</LatitudeDegrees>
              <LongitudeDegrees>-121.8676677</LongitudeDegrees>
            </Position>
            <AltitudeMeters>26.7</AltitudeMeters>
            <DistanceMeters>2324.07</DistanceMeters>
            <HeartRateBpm><Value>159</Value></HeartRateBpm>
            <Cadence>174</Cadence>
          </Trackpoint>
          <Trackpoint>
            <Time>2026-03-05T13:45:00.000Z</Time>
            <Position>
              <LatitudeDegrees>37.3530885</LatitudeDegrees>
              <LongitudeDegrees>-121.8675440</LongitudeDegrees>
            </Position>
            <AltitudeMeters>26.8</AltitudeMeters>
            <DistanceMeters>2339.51</DistanceMeters>
            <HeartRateBpm><Value>159</Value></HeartRateBpm>
            <Cadence>174</Cadence>
          </Trackpoint>
          <Trackpoint>
            <Time>2026-03-05T13:45:05.000Z</Time>
            <Position>
              <LatitudeDegrees>37.3531868</LatitudeDegrees>
              <LongitudeDegrees>-121.8674203</LongitudeDegrees>
            </Position>
            <AltitudeMeters>26.8</AltitudeMeters>
            <DistanceMeters>2354.94</DistanceMeters>
            <HeartRateBpm><Value>159</Value></HeartRateBpm>
            <Cadence>174</Cadence>
          </Trackpoint>
          <Trackpoint>
            <Time>2026-03-05T13:45:10.000Z</Time>
            <Position>
              <LatitudeDegrees>37.3532850</LatitudeDegrees>
              <LongitudeDegrees>-121.8672965</LongitudeDegrees>
            </Position>
            <AltitudeMeters>26.8</AltitudeMeters>
            <DistanceMeters>2370.37</DistanceMeters>
            <HeartRateBpm><Value>159</Value></HeartRateBpm>
            <Cadence>174</Cadence>
          </Trackpoint>
          <Trackpoint>
            <Time>2026-03-05T13:45:15.000Z</Time>
            <Position>
              <LatitudeDegrees>37.3533832</LatitudeDegrees>
              <LongitudeDegrees>-121.8671728</LongitudeDegrees>
            </Position>
            <AltitudeMeters>26.9</AltitudeMeters>
            <DistanceMeters>2385.80</DistanceMeters>
            <HeartRateBpm><Value>159</Value></HeartRateBpm>
            <Cadence>174</Cadence>
          </Trackpoint>
          <Trackpoint>
            <Time>2026-03-05T13:45:20.000Z</Time>
            <Position>
              <LatitudeDegrees>37.3534814</LatitudeDegrees>
              <LongitudeDegrees>-121.8670491</LongitudeDegrees>
            </Position>
            <AltitudeMeters>26.9</AltitudeMeters>
            <DistanceMeters>2401.23</DistanceMeters>
            <HeartRateBpm><Value>160</Value></HeartRateBpm>
            <Cadence>174</Cadence>
          </Trackpoint>
          <Trackpoint>
            <Time>2026-03-05T13:45:25.000Z</Time>
            <Position>
              <LatitudeDegrees>37.3535796</LatitudeDegrees>
              <LongitudeDegrees>-121.8669254</LongitudeDegrees>
            </Position>
            <AltitudeMeters>26.9</AltitudeMeters>
            <DistanceMeters>2416.67</DistanceMeters>
            <HeartRateBpm><Value>160</Value></HeartRateBpm>
            <Cadence>174</Cadence>
          </Trackpoint>
          <Trackpoint>
            <Time>2026-03-05T13:45:30.000Z</Time>
            <Position>
              <LatitudeDegrees>37.3536778</LatitudeDegrees>
              <LongitudeDegrees>-121.8668017</LongitudeDegrees>
            </Position>
            <AltitudeMeters>27</AltitudeMeters>
            <DistanceMeters>2432.10</DistanceMeters>
            <HeartRateBpm><Value>160</Value></HeartRateBpm>
            <Cadence>174</Cadence>
          </Trackpoint>
          <Trackpoint>
            <Time>2026-03-05T13:45:35.000Z</Time>
            <Position>
              <LatitudeDegrees>37.3537760</LatitudeDegrees>
              <LongitudeDegrees>-121.8666779</LongitudeDegrees>
            </Position>
            <AltitudeMeters>27</AltitudeMeters>
            <DistanceMeters>2447.53</DistanceMeters>
            <HeartRateBpm><Value>160</Value></HeartRateBpm>
            <Cadence>174</Cadence>
          </Trackpoint>
          <Trackpoint>
            <Time>2026-03-05T13:45:40.000Z</Time>
            <Position>
              <LatitudeDegrees>37.3538742</LatitudeDegrees>
              <LongitudeDegrees>-121.8665542</LongitudeDegrees>
            </Position>
            <AltitudeMeters>27</AltitudeMeters>
            <DistanceMeters>2462.96</DistanceMeters>
            <HeartRateBpm><Value>160</Value></HeartRateBpm>
            <Cadence>174</Cadence>
          </Trackpoint>
          <Trackpoint>
            <Time>2026-03-05T13:45:45.000Z</Time>
            <Position>
              <LatitudeDegrees>37.3539724</LatitudeDegrees>
              <LongitudeDegrees>-121.8664305</LongitudeDegrees>
            </Position>
            <AltitudeMeters>27</AltitudeMeters>
            <DistanceMeters>2478.40</DistanceMeters>
            <HeartRateBpm><Value>160</Value></HeartRateBpm>
            <Cadence>174</Cadence>
          </Trackpoint>
          <Trackpoint>
            <Time>2026-03-05T13:45:50.000Z</Time>
            <Position>
              <LatitudeDegrees>37.3540706</LatitudeDegrees>
              <LongitudeDegrees>-121.8663068</LongitudeDegrees>
            </Position>
            <AltitudeMeters>27</AltitudeMeters>
            <DistanceMeters>2493.83</DistanceMeters>
            <HeartRateBpm><Value>160</Value></HeartRateBpm>
            <Cadence>174</Cadence>
          </Trackpoint>
          <Trackpoint>
            <Time>2026-03-05T13:45:55.000Z</Time>
            <Position>
              <LatitudeDegrees>37.3541688</LatitudeDegrees>
              <LongitudeDegrees>-121.8661831</LongitudeDegrees>
            </Position>
            <AltitudeMeters>27</AltitudeMeters>
            <DistanceMeters>2509.26</DistanceMeters>
            <HeartRateBpm><Value>161</Value></HeartRateBpm>
            <Cadence>174</Cadence>
          </Trackpoint>
          <Trackpoint>
            <Time>2026-03-05T13:46:00.000Z</Time>
            <Position>
              <LatitudeDegrees>37.3542671</LatitudeDegrees>
              <LongitudeDegrees>-121.8660593</LongitudeDegrees>
            </Position>
            <AltitudeMeters>27</AltitudeMeters>
            <DistanceMeters>2524.69</DistanceMeters>
            <HeartRateBpm><Value>161</Value></HeartRateBpm>
            <Cadence>174</Cadence>
          </Trackpoint>
          <Trackpoint>
            <Time>2026-03-05T13:46:05.000Z</Time>
            <Position>
              <LatitudeDegrees>37.3543653</LatitudeDegrees>
              <LongitudeDegrees>-121.8659356</LongitudeDegrees>
            </Position>
            <AltitudeMeters>27</AltitudeMeters>
            <DistanceMeters>2540.12</DistanceMeters>
            <HeartRateBpm><Value>161</Value></HeartRateBpm>
            <Cadence>174</Cadence>
          </Trackpoint>
          <Trackpoint>
            <Time>2026-03-05T13:46:10.000Z</Time>
            <Position>
              <LatitudeDegrees>37.3544635</LatitudeDegrees>
              <LongitudeDegrees>-121.8658119</LongitudeDegrees>
            </Position>
            <AltitudeMeters>27</AltitudeMeters>
            <DistanceMeters>2555.56</DistanceMeters>
            <HeartRateBpm><Value>161</Value></HeartRateBpm>
            <Cadence>174</Cadence>
          </Trackpoint>
          <Trackpoint>
            <Time>2026-03-05T13:46:15.000Z</Time>
            <Position>
              <LatitudeDegrees>37.3545617</LatitudeDegrees>
              <LongitudeDegrees>-121.8656882</LongitudeDegrees>
            </Position>
            <AltitudeMeters>27</AltitudeMeters>
            <DistanceMeters>2570.99</DistanceMeters>
            <HeartRateBpm><Value>161</Value></HeartRateBpm>
            <Cadence>174</Cadence>
          </Trackpoint>
          <Trackpoint>
            <Time>2026-03-05T13:46:20.000Z</Time>
            <Position>
              <LatitudeDegrees>37.3546599</LatitudeDegrees>
              <LongitudeDegrees>-121.8655645</LongitudeDegrees>
            </Position>
            <AltitudeMeters>26.9</AltitudeMeters>
            <DistanceMeters>2586.42</DistanceMeters>
            <HeartRateBpm><Value>161</Value></HeartRateBpm>
            <Cadence>174</Cadence>
          </Trackpoint>
          <Trackpoint>
            <Time>2026-03-05T13:46:25.000Z</Time>
            <Position>
              <LatitudeDegrees>37.3547581</LatitudeDegrees>
              <LongitudeDegrees>-121.8654407</LongitudeDegrees>
            </Position>
            <AltitudeMeters>26.9</AltitudeMeters>
            <DistanceMeters>2601.85</DistanceMeters>
            <HeartRateBpm><Value>161</Value></HeartRateBpm>
            <Cadence>174</Cadence>
          </Trackpoint>
          <Trackpoint>
            <Time>2026-03-05T13:46:30.000Z</Time>
            <Position>
              <LatitudeDegrees>37.3548563</LatitudeDegrees>
              <LongitudeDegrees>-121.8653170</LongitudeDegrees>
            </Position>
            <AltitudeMeters>26.9</AltitudeMeters>
            <DistanceMeters>2617.28</DistanceMeters>
            <HeartRateBpm><Value>161</Value></HeartRateBpm>
            <Cadence>174</Cadence>
          </Trackpoint>
          <Trackpoint>
            <Time>2026-03-05T13:46:35.000Z</Time>
            <Position>
              <LatitudeDegrees>37.3549545</LatitudeDegrees>
              <LongitudeDegrees>-121.8651933</LongitudeDegrees>
            </Position>
            <AltitudeMeters>26.8</AltitudeMeters>
            <DistanceMeters>2632.72</DistanceMeters>
            <HeartRateBpm><Value>162</Value></HeartRateBpm>
            <Cadence>174</Cadence>
          </Trackpoint>
          <Trackpoint>
            <Time>2026-03-05T13:46:40.000Z</Time>
            <Position>
              <LatitudeDegrees>37.3550527</LatitudeDegrees>
              <LongitudeDegrees>-121.8650696</LongitudeDegrees>
            </Position>
            <AltitudeMeters>26.8</AltitudeMeters>
            <DistanceMeters>2648.15</DistanceMeters>
            <HeartRateBpm><Value>162</Value></HeartRateBpm>
            <Cadence>174</Cadence>
          </Trackpoint>
          <Trackpoint>
            <Time>2026-03-05T13:46:45.000Z</Time>
            <Position>
              <LatitudeDegrees>37.3551509</LatitudeDegrees>
              <LongitudeDegrees>-121.8649459</LongitudeDegrees>
            </Position>
            <AltitudeMeters>26.7</AltitudeMeters>
            <DistanceMeters>2663.58</DistanceMeters>
            <HeartRateBpm><Value>162</Value></HeartRateBpm>
            <Cadence>174</Cadence>
          </Trackpoint>
          <Trackpoint>
            <Time>2026-03-05T13:46:50.000Z</Time>
            <Position>
              <LatitudeDegrees>37.3552491</LatitudeDegrees>
              <LongitudeDegrees>-121.8648221</LongitudeDegrees>
            </Position>
            <AltitudeMeters>26.7</AltitudeMeters>
            <DistanceMeters>2679.01</DistanceMeters>
            <HeartRateBpm><Value>162</Value></HeartRateBpm>
            <Cadence>174</Cadence>
          </Trackpoint>
          <Trackpoint>
            <Time>2026-03-05T13:46:55.000Z</Time>
            <Position>
              <LatitudeDegrees>37.3553474</LatitudeDegrees>
              <LongitudeDegrees>-121.8646984</LongitudeDegrees>
            </Position>
            <AltitudeMeters>26.6</AltitudeMeters>
            <DistanceMeters>2694.44</DistanceMeters>
            <HeartRateBpm><Value>162</Value></HeartRateBpm>
            <Cadence>174</Cadence>
          </Trackpoint>
          <Trackpoint>
            <Time>2026-03-05T13:47:00.000Z</Time>
            <Position>
              <LatitudeDegrees>37.3554456</LatitudeDegrees>
              <LongitudeDegrees>-121.8645747</LongitudeDegrees>
            </Position>
            <AltitudeMeters>26.6</AltitudeMeters>
            <DistanceMeters>2709.88</DistanceMeters>
            <HeartRateBpm><Value>162</Value></HeartRateBpm>
            <Cadence>174</Cadence>
          </Trackpoint>
          <Trackpoint>
            <Time>2026-03-05T13:47:05.000Z</Time>
            <Position>
              <LatitudeDegrees>37.3555438</LatitudeDegrees>
              <LongitudeDegrees>-121.8644510</LongitudeDegrees>
            </Position>
            <AltitudeMeters>26.5</AltitudeMeters>
            <DistanceMeters>2725.31</DistanceMeters>
            <HeartRateBpm><Value>162</Value></HeartRateBpm>
            <Cadence>174</Cadence>
          </Trackpoint>
          <Trackpoint>
            <Time>2026-03-05T13:47:10.000Z</Time>
            <Position>
              <LatitudeDegrees>37.3556420</LatitudeDegrees>
              <LongitudeDegrees>-121.8643273</LongitudeDegrees>
            </Position>
            <AltitudeMeters>26.5</AltitudeMeters>
            <DistanceMeters>2740.74</DistanceMeters>
            <HeartRateBpm><Value>163</Value></HeartRateBpm>
            <Cadence>174</Cadence>
          </Trackpoint>
          <Trackpoint>
            <Time>2026-03-05T13:47:15.000Z</Time>
            <Position>
              <LatitudeDegrees>37.3557402</LatitudeDegrees>
              <LongitudeDegrees>-121.8642035</LongitudeDegrees>
            </Position>
            <AltitudeMeters>26.4</AltitudeMeters>
            <DistanceMeters>2756.17</DistanceMeters>
            <HeartRateBpm><Value>163</Value></HeartRateBpm>
            <Cadence>174</Cadence>
          </Trackpoint>
          <Trackpoint>
            <Time>2026-03-05T13:47:20.000Z</Time>
            <Position>
              <LatitudeDegrees>37.3558384</LatitudeDegrees>
              <LongitudeDegrees>-121.8640798</LongitudeDegrees>
            </Position>
            <AltitudeMeters>26.3</AltitudeMeters>
            <DistanceMeters>2771.60</DistanceMeters>
            <HeartRateBpm><Value>163</Value></HeartRateBpm>
            <Cadence>174</Cadence>
          </Trackpoint>
          <Trackpoint>
            <Time>2026-03-05T13:47:25.000Z</Time>
            <Position>
              <LatitudeDegrees>37.3559366</LatitudeDegrees>
              <LongitudeDegrees>-121.8639561</LongitudeDegrees>
            </Position>
            <AltitudeMeters>26.2</AltitudeMeters>
            <DistanceMeters>2787.04</DistanceMeters>
            <HeartRateBpm><Value>163</Value></HeartRateBpm>
            <Cadence>174</Cadence>
          </Trackpoint>
          <Trackpoint>
            <Time>2026-03-05T13:47:30.000Z</Time>
            <Position>
              <LatitudeDegrees>37.3560348</LatitudeDegrees>
              <LongitudeDegrees>-121.8638324</LongitudeDegrees>
            </Position>
            <AltitudeMeters>26.2</AltitudeMeters>
            <DistanceMeters>2802.47</DistanceMeters>
            <HeartRateBpm><Value>163</Value></HeartRateBpm>
            <Cadence>174</Cadence>
          </Trackpoint>
          <Trackpoint>
            <Time>2026-03-05T13:47:35.000Z</Time>
            <Position>
              <LatitudeDegrees>37.3561330</LatitudeDegrees>
              <LongitudeDegrees>-121.8637086</LongitudeDegrees>
            </Position>
            <AltitudeMeters>26.1</AltitudeMeters>
            <DistanceMeters>2817.90</DistanceMeters>
            <HeartRateBpm><Value>163</Value></HeartRateBpm>
            <Cadence>174</Cadence>
          </Trackpoint>
          <Trackpoint>
            <Time>2026-03-05T13:47:40.000Z</Time>
            <Position>
              <LatitudeDegrees>37.3562312</LatitudeDegrees>
              <LongitudeDegrees>-121.8635849</LongitudeDegrees>
            </Position>
            <AltitudeMeters>26</AltitudeMeters>
            <DistanceMeters>2833.33</DistanceMeters>
            <HeartRateBpm><Value>163</Value></HeartRateBpm>
            <Cadence>174</Cadence>
          </Trackpoint>
          <Trackpoint>
            <Time>2026-03-05T13:47:45.000Z</Time>
            <Position>
              <LatitudeDegrees>37.3563295</LatitudeDegrees>
              <LongitudeDegrees>-121.8634612</LongitudeDegrees>
            </Position>
            <AltitudeMeters>25.9</AltitudeMeters>
            <DistanceMeters>2848.77</DistanceMeters>
            <HeartRateBpm><Value>164</Value></HeartRateBpm>
            <Cadence>174</Cadence>
          </Trackpoint>
          <Trackpoint>
            <Time>2026-03-05T13:47:50.000Z</Time>
            <Position>
              <LatitudeDegrees>37.3564277</LatitudeDegrees>
              <LongitudeDegrees>-121.8633375</LongitudeDegrees>
            </Position>
            <AltitudeMeters>25.8</AltitudeMeters>
            <DistanceMeters>2864.20</DistanceMeters>
            <HeartRateBpm><Value>164</Value></HeartRateBpm>
            <Cadence>174</Cadence>
          </Trackpoint>
          <Trackpoint>
            <Time>2026-03-05T13:47:55.000Z</Time>
            <Position>
              <LatitudeDegrees>37.3565259</LatitudeDegrees>
              <LongitudeDegrees>-121.8632138</LongitudeDegrees>
            </Position>
            <AltitudeMeters>25.7</AltitudeMeters>
            <DistanceMeters>2879.63</DistanceMeters>
            <HeartRateBpm><Value>164</Value></HeartRateBpm>
            <Cadence>174</Cadence>
          </Trackpoint>
          <Trackpoint>
            <Time>2026-03-05T13:48:00.000Z</Time>
            <Position>
              <LatitudeDegrees>37.3566241</LatitudeDegrees>
              <LongitudeDegrees>-121.8630900</LongitudeDegrees>
            </Position>
            <AltitudeMeters>25.6</AltitudeMeters>
            <DistanceMeters>2895.06</DistanceMeters>
            <HeartRateBpm><Value>164</Value></HeartRateBpm>
            <Cadence>174</Cadence>
          </Trackpoint>
          <Trackpoint>
            <Time>2026-03-05T13:48:05.000Z</Time>
            <Position>
              <LatitudeDegrees>37.3567223</LatitudeDegrees>
              <LongitudeDegrees>-121.8629663</LongitudeDegrees>
            </Position>
            <AltitudeMeters>25.6</AltitudeMeters>
            <DistanceMeters>2910.49</DistanceMeters>
            <HeartRateBpm><Value>164</Value></HeartRateBpm>
            <Cadence>174</Cadence>
          </Trackpoint>
          <Trackpoint>
            <Time>2026-03-05T13:48:10.000Z</Time>
            <Position>
              <LatitudeDegrees>37.3568205</LatitudeDegrees>
              <LongitudeDegrees>-121.8628426</LongitudeDegrees>
            </Position>
            <AltitudeMeters>25.5</AltitudeMeters>
            <DistanceMeters>2925.93</DistanceMeters>
            <HeartRateBpm><Value>164</Value></HeartRateBpm>
            <Cadence>174</Cadence>
          </Trackpoint>
          <Trackpoint>
            <Time>2026-03-05T13:48:15.000Z</Time>
            <Position>
              <LatitudeDegrees>37.3569187</LatitudeDegrees>
              <LongitudeDegrees>-121.8627189</LongitudeDegrees>
            </Position>
            <AltitudeMeters>25.4</AltitudeMeters>
            <DistanceMeters>2941.36</DistanceMeters>
            <HeartRateBpm><Value>164</Value></HeartRateBpm>
            <Cadence>174</Cadence>
          </Trackpoint>
          <Trackpoint>
            <Time>2026-03-05T13:48:20.000Z</Time>
            <Position>
              <LatitudeDegrees>37.3570169</LatitudeDegrees>
              <LongitudeDegrees>-121.8625952</LongitudeDegrees>
            </Position>
            <AltitudeMeters>25.3</AltitudeMeters>
            <DistanceMeters>2956.79</DistanceMeters>
            <HeartRateBpm><Value>164</Value></HeartRateBpm>
            <Cadence>174</Cadence>
          </Trackpoint>
          <Trackpoint>
            <Time>2026-03-05T13:48:25.000Z</Time>
            <Position>
              <LatitudeDegrees>37.3571151</LatitudeDegrees>
              <LongitudeDegrees>-121.8624714</LongitudeDegrees>
            </Position>
            <AltitudeMeters>25.2</AltitudeMeters>
            <DistanceMeters>2972.22</DistanceMeters>
            <HeartRateBpm><Value>164</Value></HeartRateBpm>
            <Cadence>174</Cadence>
          </Trackpoint>
          <Trackpoint>
            <Time>2026-03-05T13:48:30.000Z</Time>
            <Position>
              <LatitudeDegrees>37.3572133</LatitudeDegrees>
              <LongitudeDegrees>-121.8623477</LongitudeDegrees>
            </Position>
            <AltitudeMeters>25.1</AltitudeMeters>
            <DistanceMeters>2987.65</DistanceMeters>
            <HeartRateBpm><Value>164</Value></HeartRateBpm>
            <Cadence>174</Cadence>
          </Trackpoint>
          <Trackpoint>
            <Time>2026-03-05T13:48:35.000Z</Time>
            <Position>
              <LatitudeDegrees>37.3573115</LatitudeDegrees>
              <LongitudeDegrees>-121.8622240</LongitudeDegrees>
            </Position>
            <AltitudeMeters>25</AltitudeMeters>
            <DistanceMeters>3003.09</DistanceMeters>
            <HeartRateBpm><Value>164</Value></HeartRateBpm>
            <Cadence>174</Cadence>
          </Trackpoint>
          <Trackpoint>
            <Time>2026-03-05T13:48:40.000Z</Time>
            <Position>
              <LatitudeDegrees>37.3574098</LatitudeDegrees>
              <LongitudeDegrees>-121.8621003</LongitudeDegrees>
            </Position>
            <AltitudeMeters>24.9</AltitudeMeters>
            <DistanceMeters>3018.52</DistanceMeters>
            <HeartRateBpm><Value>164</Value></HeartRateBpm>
            <Cadence>174</Cadence>
          </Trackpoint>
          <Trackpoint>
            <Time>2026-03-05T13:48:45.000Z</Time>
            <Position>
              <LatitudeDegrees>37.3575080</LatitudeDegrees>
              <LongitudeDegrees>-121.8619766</LongitudeDegrees>
            </Position>
            <AltitudeMeters>24.8</AltitudeMeters>
            <DistanceMeters>3033.95</DistanceMeters>
            <HeartRateBpm><Value>164</Value></HeartRateBpm>
            <Cadence>174</Cadence>
          </Trackpoint>
          <Trackpoint>
            <Time>2026-03-05T13:48:50.000Z</Time>
            <Position>
              <LatitudeDegrees>37.3576062</LatitudeDegrees>
              <LongitudeDegrees>-121.8618528</LongitudeDegrees>
            </Position>
            <AltitudeMeters>24.7</AltitudeMeters>
            <DistanceMeters>3049.38</DistanceMeters>
            <HeartRateBpm><Value>164</Value></HeartRateBpm>
            <Cadence>174</Cadence>
          </Trackpoint>
          <Trackpoint>
            <Time>2026-03-05T13:48:55.000Z</Time>
            <Position>
              <LatitudeDegrees>37.3577044</LatitudeDegrees>
              <LongitudeDegrees>-121.8617291</LongitudeDegrees>
            </Position>
            <AltitudeMeters>24.6</AltitudeMeters>
            <DistanceMeters>3064.81</DistanceMeters>
            <HeartRateBpm><Value>164</Value></HeartRateBpm>
            <Cadence>174</Cadence>
          </Trackpoint>
          <Trackpoint>
            <Time>2026-03-05T13:49:00.000Z</Time>
            <Position>
              <LatitudeDegrees>37.3578026</LatitudeDegrees>
              <LongitudeDegrees>-121.8616054</LongitudeDegrees>
            </Position>
            <AltitudeMeters>24.5</AltitudeMeters>
            <DistanceMeters>3080.25</DistanceMeters>
            <HeartRateBpm><Value>164</Value></HeartRateBpm>
            <Cadence>174</Cadence>
          </Trackpoint>
          <Trackpoint>
            <Time>2026-03-05T13:49:05.000Z</Time>
            <Position>
              <LatitudeDegrees>37.3579008</LatitudeDegrees>
              <LongitudeDegrees>-121.8614817</LongitudeDegrees>
            </Position>
            <AltitudeMeters>24.4</AltitudeMeters>
            <DistanceMeters>3095.68</DistanceMeters>
            <HeartRateBpm><Value>164</Value></HeartRateBpm>
            <Cadence>174</Cadence>
          </Trackpoint>
          <Trackpoint>
            <Time>2026-03-05T13:49:10.000Z</Time>
            <Position>
              <LatitudeDegrees>37.3579990</LatitudeDegrees>
              <LongitudeDegrees>-121.8613580</LongitudeDegrees>
            </Position>
            <AltitudeMeters>24.3</AltitudeMeters>
            <DistanceMeters>3111.11</DistanceMeters>
            <HeartRateBpm><Value>164</Value></HeartRateBpm>
            <Cadence>174</Cadence>
          </Trackpoint>
          <Trackpoint>
            <Time>2026-03-05T13:49:15.000Z</Time>
            <Position>
              <LatitudeDegrees>37.3580972</LatitudeDegrees>
              <LongitudeDegrees>-121.8612342</LongitudeDegrees>
            </Position>
            <AltitudeMeters>24.2</AltitudeMeters>
            <DistanceMeters>3126.54</DistanceMeters>
            <HeartRateBpm><Value>164</Value></HeartRateBpm>
            <Cadence>174</Cadence>
          </Trackpoint>
          <Trackpoint>
            <Time>2026-03-05T13:49:20.000Z</Time>
            <Position>
              <LatitudeDegrees>37.3581954</LatitudeDegrees>
              <LongitudeDegrees>-121.8611105</LongitudeDegrees>
            </Position>
            <AltitudeMeters>24.1</AltitudeMeters>
            <DistanceMeters>3141.98</DistanceMeters>
            <HeartRateBpm><Value>164</Value></HeartRateBpm>
            <Cadence>174</Cadence>
          </Trackpoint>
          <Trackpoint>
            <Time>2026-03-05T13:49:25.000Z</Time>
            <Position>
              <LatitudeDegrees>37.3582936</LatitudeDegrees>
              <LongitudeDegrees>-121.8609868</LongitudeDegrees>
            </Position>
            <AltitudeMeters>24.1</AltitudeMeters>
            <DistanceMeters>3157.41</DistanceMeters>
            <HeartRateBpm><Value>164</Value></HeartRateBpm>
            <Cadence>174</Cadence>
          </Trackpoint>
          <Trackpoint>
            <Time>2026-03-05T13:49:30.000Z</Time>
            <Position>
              <LatitudeDegrees>37.3583918</LatitudeDegrees>
              <LongitudeDegrees>-121.8608631</LongitudeDegrees>
            </Position>
            <AltitudeMeters>24</AltitudeMeters>
            <DistanceMeters>3172.84</DistanceMeters>
            <HeartRateBpm><Value>164</Value></HeartRateBpm>
            <Cadence>174</Cadence>
          </Trackpoint>
          <Trackpoint>
            <Time>2026-03-05T13:49:35.000Z</Time>
            <Position>
              <LatitudeDegrees>37.3584901</LatitudeDegrees>
              <LongitudeDegrees>-121.8607394</LongitudeDegrees>
            </Position>
            <AltitudeMeters>23.9</AltitudeMeters>
            <DistanceMeters>3188.27</DistanceMeters>
            <HeartRateBpm><Value>164</Value></HeartRateBpm>
            <Cadence>174</Cadence>
          </Trackpoint>
          <Trackpoint>
            <Time>2026-03-05T13:49:40.000Z</Time>
            <Position>
              <LatitudeDegrees>37.3585883</LatitudeDegrees>
              <LongitudeDegrees>-121.8606156</LongitudeDegrees>
            </Position>
            <AltitudeMeters>23.8</AltitudeMeters>
            <DistanceMeters>3203.70</DistanceMeters>
            <HeartRateBpm><Value>164</Value></HeartRateBpm>
            <Cadence>174</Cadence>
          </Trackpoint>
          <Trackpoint>
            <Time>2026-03-05T13:49:45.000Z</Time>
            <Position>
              <LatitudeDegrees>37.3586865</LatitudeDegrees>
              <LongitudeDegrees>-121.8604919</LongitudeDegrees>
            </Position>
            <AltitudeMeters>23.7</AltitudeMeters>
            <DistanceMeters>3219.14</DistanceMeters>
            <HeartRateBpm><Value>164</Value></HeartRateBpm>
            <Cadence>174</Cadence>
          </Trackpoint>
          <Trackpoint>
            <Time>2026-03-05T13:49:50.000Z</Time>
            <Position>
              <LatitudeDegrees>37.3587847</LatitudeDegrees>
              <LongitudeDegrees>-121.8603682</LongitudeDegrees>
            </Position>
            <AltitudeMeters>23.7</AltitudeMeters>
            <DistanceMeters>3234.57</DistanceMeters>
            <HeartRateBpm><Value>164</Value></HeartRateBpm>
            <Cadence>174</Cadence>
          </Trackpoint>
          <Trackpoint>
            <Time>2026-03-05T13:49:55.000Z</Time>
            <Position>
              <LatitudeDegrees>37.3588829</LatitudeDegrees>
              <LongitudeDegrees>-121.8602445</LongitudeDegrees>
            </Position>
            <AltitudeMeters>23.6</AltitudeMeters>
            <DistanceMeters>3250.00</DistanceMeters>
            <HeartRateBpm><Value>164</Value></HeartRateBpm>
            <Cadence>174</Cadence>
          </Trackpoint>
          <Trackpoint>
            <Time>2026-03-05T13:50:00.000Z</Time>
            <Position>
              <LatitudeDegrees>37.3589811</LatitudeDegrees>
              <LongitudeDegrees>-121.8601208</LongitudeDegrees>
            </Position>
            <AltitudeMeters>23.5</AltitudeMeters>
            <DistanceMeters>3265.43</DistanceMeters>
            <HeartRateBpm><Value>164</Value></HeartRateBpm>
            <Cadence>174</Cadence>
          </Trackpoint>
          <Trackpoint>
            <Time>2026-03-05T13:50:05.000Z</Time>
            <Position>
              <LatitudeDegrees>37.3590793</LatitudeDegrees>
              <LongitudeDegrees>-121.8599970</LongitudeDegrees>
            </Position>
            <AltitudeMeters>23.5</AltitudeMeters>
            <DistanceMeters>3280.86</DistanceMeters>
            <HeartRateBpm><Value>164</Value></HeartRateBpm>
            <Cadence>174</Cadence>
          </Trackpoint>
          <Trackpoint>
            <Time>2026-03-05T13:50:10.000Z</Time>
            <Position>
              <LatitudeDegrees>37.3591775</LatitudeDegrees>
              <LongitudeDegrees>-121.8598733</LongitudeDegrees>
            </Position>
            <AltitudeMeters>23.4</AltitudeMeters>
            <DistanceMeters>3296.30</DistanceMeters>
            <HeartRateBpm><Value>164</Value></HeartRateBpm>
            <Cadence>174</Cadence>
          </Trackpoint>
          <Trackpoint>
            <Time>2026-03-05T13:50:15.000Z</Time>
            <Position>
              <LatitudeDegrees>37.3592757</LatitudeDegrees>
              <LongitudeDegrees>-121.8597496</LongitudeDegrees>
            </Position>
            <AltitudeMeters>23.3</AltitudeMeters>
            <DistanceMeters>3311.73</DistanceMeters>
            <HeartRateBpm><Value>164</Value></HeartRateBpm>
            <Cadence>174</Cadence>
          </Trackpoint>
          <Trackpoint>
            <Time>2026-03-05T13:50:20.000Z</Time>
            <Position>
              <LatitudeDegrees>37.3593739</LatitudeDegrees>
              <LongitudeDegrees>-121.8596259</LongitudeDegrees>
            </Position>
            <AltitudeMeters>23.3</AltitudeMeters>
            <DistanceMeters>3327.16</DistanceMeters>
            <HeartRateBpm><Value>164</Value></HeartRateBpm>
            <Cadence>174</Cadence>
          </Trackpoint>
          <Trackpoint>
            <Time>2026-03-05T13:50:25.000Z</Time>
            <Position>
              <LatitudeDegrees>37.3594722</LatitudeDegrees>
              <LongitudeDegrees>-121.8595022</LongitudeDegrees>
            </Position>
            <AltitudeMeters>23.2</AltitudeMeters>
            <DistanceMeters>3342.59</DistanceMeters>
            <HeartRateBpm><Value>164</Value></HeartRateBpm>
            <Cadence>174</Cadence>
          </Trackpoint>
          <Trackpoint>
            <Time>2026-03-05T13:50:30.000Z</Time>
            <Position>
              <LatitudeDegrees>37.3595704</LatitudeDegrees>
              <LongitudeDegrees>-121.8593784</LongitudeDegrees>
            </Position>
            <AltitudeMeters>23.2</AltitudeMeters>
            <DistanceMeters>3358.02</DistanceMeters>
            <HeartRateBpm><Value>164</Value></HeartRateBpm>
            <Cadence>174</Cadence>
          </Trackpoint>
          <Trackpoint>
            <Time>2026-03-05T13:50:35.000Z</Time>
            <Position>
              <LatitudeDegrees>37.3596686</LatitudeDegrees>
              <LongitudeDegrees>-121.8592547</LongitudeDegrees>
            </Position>
            <AltitudeMeters>23.2</AltitudeMeters>
            <DistanceMeters>3373.46</DistanceMeters>
            <HeartRateBpm><Value>164</Value></HeartRateBpm>
            <Cadence>174</Cadence>
          </Trackpoint>
          <Trackpoint>
            <Time>2026-03-05T13:50:40.000Z</Time>
            <Position>
              <LatitudeDegrees>37.3597668</LatitudeDegrees>
              <LongitudeDegrees>-121.8591310</LongitudeDegrees>
            </Position>
            <AltitudeMeters>23.1</AltitudeMeters>
            <DistanceMeters>3388.89</DistanceMeters>
            <HeartRateBpm><Value>164</Value></HeartRateBpm>
            <Cadence>174</Cadence>
          </Trackpoint>
          <Trackpoint>
            <Time>2026-03-05T13:50:45.000Z</Time>
            <Position>
              <LatitudeDegrees>37.3598650</LatitudeDegrees>
              <LongitudeDegrees>-121.8590073</LongitudeDegrees>
            </Position>
            <AltitudeMeters>23.1</AltitudeMeters>
            <DistanceMeters>3404.32</DistanceMeters>
            <HeartRateBpm><Value>164</Value></HeartRateBpm>
            <Cadence>174</Cadence>
          </Trackpoint>
          <Trackpoint>
            <Time>2026-03-05T13:50:50.000Z</Time>
            <Position>
              <LatitudeDegrees>37.3599632</LatitudeDegrees>
              <LongitudeDegrees>-121.8588836</LongitudeDegrees>
            </Position>
            <AltitudeMeters>23.1</AltitudeMeters>
            <DistanceMeters>3419.75</DistanceMeters>
            <HeartRateBpm><Value>164</Value></HeartRateBpm>
            <Cadence>174</Cadence>
          </Trackpoint>
          <Trackpoint>
            <Time>2026-03-05T13:50:55.000Z</Time>
            <Position>
              <LatitudeDegrees>37.3600614</LatitudeDegrees>
              <LongitudeDegrees>-121.8587598</LongitudeDegrees>
            </Position>
            <AltitudeMeters>23</AltitudeMeters>
            <DistanceMeters>3435.19</DistanceMeters>
            <HeartRateBpm><Value>164</Value></HeartRateBpm>
            <Cadence>174</Cadence>
          </Trackpoint>
          <Trackpoint>
            <Time>2026-03-05T13:51:00.000Z</Time>
            <Position>
              <LatitudeDegrees>37.3601596</LatitudeDegrees>
              <LongitudeDegrees>-121.8586361</LongitudeDegrees>
            </Position>
            <AltitudeMeters>23</AltitudeMeters>
            <DistanceMeters>3450.62</DistanceMeters>
            <HeartRateBpm><Value>164</Value></HeartRateBpm>
            <Cadence>174</Cadence>
          </Trackpoint>
          <Trackpoint>
            <Time>2026-03-05T13:51:05.000Z</Time>
            <Position>
              <LatitudeDegrees>37.3602578</LatitudeDegrees>
              <LongitudeDegrees>-121.8585124</LongitudeDegrees>
            </Position>
            <AltitudeMeters>23</AltitudeMeters>
            <DistanceMeters>3466.05</DistanceMeters>
            <HeartRateBpm><Value>164</Value></HeartRateBpm>
            <Cadence>174</Cadence>
          </Trackpoint>
          <Trackpoint>
            <Time>2026-03-05T13:51:10.000Z</Time>
            <Position>
              <LatitudeDegrees>37.3603560</LatitudeDegrees>
              <LongitudeDegrees>-121.8583887</LongitudeDegrees>
            </Position>
            <AltitudeMeters>23</AltitudeMeters>
            <DistanceMeters>3481.48</DistanceMeters>
            <HeartRateBpm><Value>164</Value></HeartRateBpm>
            <Cadence>174</Cadence>
          </Trackpoint>
          <Trackpoint>
            <Time>2026-03-05T13:51:15.000Z</Time>
            <Position>
              <LatitudeDegrees>37.3604542</LatitudeDegrees>
              <LongitudeDegrees>-121.8582650</LongitudeDegrees>
            </Position>
            <AltitudeMeters>23</AltitudeMeters>
            <DistanceMeters>3496.91</DistanceMeters>
            <HeartRateBpm><Value>164</Value></HeartRateBpm>
            <Cadence>174</Cadence>
          </Trackpoint>
          <Trackpoint>
            <Time>2026-03-05T13:51:20.000Z</Time>
            <Position>
              <LatitudeDegrees>37.3605525</LatitudeDegrees>
              <LongitudeDegrees>-121.8581412</LongitudeDegrees>
            </Position>
            <AltitudeMeters>23</AltitudeMeters>
            <DistanceMeters>3512.35</DistanceMeters>
            <HeartRateBpm><Value>164</Value></HeartRateBpm>
            <Cadence>174</Cadence>
          </Trackpoint>
          <Trackpoint>
            <Time>2026-03-05T13:51:25.000Z</Time>
            <Position>
              <LatitudeDegrees>37.3606507</LatitudeDegrees>
              <LongitudeDegrees>-121.8580175</LongitudeDegrees>
            </Position>
            <AltitudeMeters>23</AltitudeMeters>
            <DistanceMeters>3527.78</DistanceMeters>
            <HeartRateBpm><Value>164</Value></HeartRateBpm>
            <Cadence>174</Cadence>
          </Trackpoint>
          <Trackpoint>
            <Time>2026-03-05T13:51:30.000Z</Time>
            <Position>
              <LatitudeDegrees>37.3607489</LatitudeDegrees>
              <LongitudeDegrees>-121.8578938</LongitudeDegrees>
            </Position>
            <AltitudeMeters>23</AltitudeMeters>
            <DistanceMeters>3543.21</DistanceMeters>
            <HeartRateBpm><Value>164</Value></HeartRateBpm>
            <Cadence>174</Cadence>
          </Trackpoint>
          <Trackpoint>
            <Time>2026-03-05T13:51:35.000Z</Time>
            <Position>
              <LatitudeDegrees>37.3608471</LatitudeDegrees>
              <LongitudeDegrees>-121.8577701</LongitudeDegrees>
            </Position>
            <AltitudeMeters>23</AltitudeMeters>
            <DistanceMeters>3558.64</DistanceMeters>
            <HeartRateBpm><Value>164</Value></HeartRateBpm>
            <Cadence>174</Cadence>
          </Trackpoint>
          <Trackpoint>
            <Time>2026-03-05T13:51:40.000Z</Time>
            <Position>
              <LatitudeDegrees>37.3609453</LatitudeDegrees>
              <LongitudeDegrees>-121.8576463</LongitudeDegrees>
            </Position>
            <AltitudeMeters>23.1</AltitudeMeters>
            <DistanceMeters>3574.07</DistanceMeters>
            <HeartRateBpm><Value>164</Value></HeartRateBpm>
            <Cadence>174</Cadence>
          </Trackpoint>
          <Trackpoint>
            <Time>2026-03-05T13:51:45.000Z</Time>
            <Position>
              <LatitudeDegrees>37.3610435</LatitudeDegrees>
              <LongitudeDegrees>-121.8575226</LongitudeDegrees>
            </Position>
            <AltitudeMeters>23.1</AltitudeMeters>
            <DistanceMeters>3589.51</DistanceMeters>
            <HeartRateBpm><Value>164</Value></HeartRateBpm>
            <Cadence>174</Cadence>
          </Trackpoint>
          <Trackpoint>
            <Time>2026-03-05T13:51:50.000Z</Time>
            <Position>
              <LatitudeDegrees>37.3611417</LatitudeDegrees>
              <LongitudeDegrees>-121.8573989</LongitudeDegrees>
            </Position>
            <AltitudeMeters>23.1</AltitudeMeters>
            <DistanceMeters>3604.94</DistanceMeters>
            <HeartRateBpm><Value>164</Value></HeartRateBpm>
            <Cadence>174</Cadence>
          </Trackpoint>
          <Trackpoint>
            <Time>2026-03-05T13:51:55.000Z</Time>
            <Position>
              <LatitudeDegrees>37.3612399</LatitudeDegrees>
              <LongitudeDegrees>-121.8572752</LongitudeDegrees>
            </Position>
            <AltitudeMeters>23.1</AltitudeMeters>
            <DistanceMeters>3620.37</DistanceMeters>
            <HeartRateBpm><Value>164</Value></HeartRateBpm>
            <Cadence>174</Cadence>
          </Trackpoint>
          <Trackpoint>
            <Time>2026-03-05T13:52:00.000Z</Time>
            <Position>
              <LatitudeDegrees>37.3613381</LatitudeDegrees>
              <LongitudeDegrees>-121.8571515</LongitudeDegrees>
            </Position>
            <AltitudeMeters>23.2</AltitudeMeters>
            <DistanceMeters>3635.80</DistanceMeters>
            <HeartRateBpm><Value>164</Value></HeartRateBpm>
            <Cadence>174</Cadence>
          </Trackpoint>
          <Trackpoint>
            <Time>2026-03-05T13:52:05.000Z</Time>
            <Position>
              <LatitudeDegrees>37.3614363</LatitudeDegrees>
              <LongitudeDegrees>-121.8570277</LongitudeDegrees>
            </Position>
            <AltitudeMeters>23.2</AltitudeMeters>
            <DistanceMeters>3651.23</DistanceMeters>
            <HeartRateBpm><Value>164</Value></HeartRateBpm>
            <Cadence>174</Cadence>
          </Trackpoint>
          <Trackpoint>
            <Time>2026-03-05T13:52:10.000Z</Time>
            <Position>
              <LatitudeDegrees>37.3615345</LatitudeDegrees>
              <LongitudeDegrees>-121.8569040</LongitudeDegrees>
            </Position>
            <AltitudeMeters>23.3</AltitudeMeters>
            <DistanceMeters>3666.67</DistanceMeters>
            <HeartRateBpm><Value>164</Value></HeartRateBpm>
            <Cadence>174</Cadence>
          </Trackpoint>
          <Trackpoint>
            <Time>2026-03-05T13:52:15.000Z</Time>
            <Position>
              <LatitudeDegrees>37.3616328</LatitudeDegrees>
              <LongitudeDegrees>-121.8567803</LongitudeDegrees>
            </Position>
            <AltitudeMeters>23.3</AltitudeMeters>
            <DistanceMeters>3682.10</DistanceMeters>
            <HeartRateBpm><Value>164</Value></HeartRateBpm>
            <Cadence>174</Cadence>
          </Trackpoint>
          <Trackpoint>
            <Time>2026-03-05T13:52:20.000Z</Time>
            <Position>
              <LatitudeDegrees>37.3617310</LatitudeDegrees>
              <LongitudeDegrees>-121.8566566</LongitudeDegrees>
            </Position>
            <AltitudeMeters>23.4</AltitudeMeters>
            <DistanceMeters>3697.53</DistanceMeters>
            <HeartRateBpm><Value>164</Value></HeartRateBpm>
            <Cadence>174</Cadence>
          </Trackpoint>
          <Trackpoint>
            <Time>2026-03-05T13:52:25.000Z</Time>
            <Position>
              <LatitudeDegrees>37.3618292</LatitudeDegrees>
              <LongitudeDegrees>-121.8565329</LongitudeDegrees>
            </Position>
            <AltitudeMeters>23.4</AltitudeMeters>
            <DistanceMeters>3712.96</DistanceMeters>
            <HeartRateBpm><Value>164</Value></HeartRateBpm>
            <Cadence>174</Cadence>
          </Trackpoint>
          <Trackpoint>
            <Time>2026-03-05T13:52:30.000Z</Time>
            <Position>
              <LatitudeDegrees>37.3619274</LatitudeDegrees>
              <LongitudeDegrees>-121.8564091</LongitudeDegrees>
            </Position>
            <AltitudeMeters>23.5</AltitudeMeters>
            <DistanceMeters>3728.40</DistanceMeters>
            <HeartRateBpm><Value>164</Value></HeartRateBpm>
            <Cadence>174</Cadence>
          </Trackpoint>
          <Trackpoint>
            <Time>2026-03-05T13:52:35.000Z</Time>
            <Position>
              <LatitudeDegrees>37.3620256</LatitudeDegrees>
              <LongitudeDegrees>-121.8562854</LongitudeDegrees>
            </Position>
            <AltitudeMeters>23.6</AltitudeMeters>
            <DistanceMeters>3743.83</DistanceMeters>
            <HeartRateBpm><Value>164</Value></HeartRateBpm>
            <Cadence>174</Cadence>
          </Trackpoint>
          <Trackpoint>
            <Time>2026-03-05T13:52:40.000Z</Time>
            <Position>
              <LatitudeDegrees>37.3621238</LatitudeDegrees>
              <LongitudeDegrees>-121.8561617</LongitudeDegrees>
            </Position>
            <AltitudeMeters>23.6</AltitudeMeters>
            <DistanceMeters>3759.26</DistanceMeters>
            <HeartRateBpm><Value>164</Value></HeartRateBpm>
            <Cadence>174</Cadence>
          </Trackpoint>
          <Trackpoint>
            <Time>2026-03-05T13:52:45.000Z</Time>
            <Position>
              <LatitudeDegrees>37.3622220</LatitudeDegrees>
              <LongitudeDegrees>-121.8560380</LongitudeDegrees>
            </Position>
            <AltitudeMeters>23.7</AltitudeMeters>
            <DistanceMeters>3774.69</DistanceMeters>
            <HeartRateBpm><Value>164</Value></HeartRateBpm>
            <Cadence>174</Cadence>
          </Trackpoint>
          <Trackpoint>
            <Time>2026-03-05T13:52:50.000Z</Time>
            <Position>
              <LatitudeDegrees>37.3623202</LatitudeDegrees>
              <LongitudeDegrees>-121.8559143</LongitudeDegrees>
            </Position>
            <AltitudeMeters>23.8</AltitudeMeters>
            <DistanceMeters>3790.12</DistanceMeters>
            <HeartRateBpm><Value>164</Value></HeartRateBpm>
            <Cadence>174</Cadence>
          </Trackpoint>
          <Trackpoint>
            <Time>2026-03-05T13:52:55.000Z</Time>
            <Position>
              <LatitudeDegrees>37.3624184</LatitudeDegrees>
              <LongitudeDegrees>-121.8557905</LongitudeDegrees>
            </Position>
            <AltitudeMeters>23.9</AltitudeMeters>
            <DistanceMeters>3805.56</DistanceMeters>
            <HeartRateBpm><Value>164</Value></HeartRateBpm>
            <Cadence>174</Cadence>
          </Trackpoint>
          <Trackpoint>
            <Time>2026-03-05T13:53:00.000Z</Time>
            <Position>
              <LatitudeDegrees>37.3625166</LatitudeDegrees>
              <LongitudeDegrees>-121.8556668</LongitudeDegrees>
            </Position>
            <AltitudeMeters>23.9</AltitudeMeters>
            <DistanceMeters>3820.99</DistanceMeters>
            <HeartRateBpm><Value>164</Value></HeartRateBpm>
            <Cadence>174</Cadence>
          </Trackpoint>
          <Trackpoint>
            <Time>2026-03-05T13:53:05.000Z</Time>
            <Position>
              <LatitudeDegrees>37.3626149</LatitudeDegrees>
              <LongitudeDegrees>-121.8555431</LongitudeDegrees>
            </Position>
            <AltitudeMeters>24</AltitudeMeters>
            <DistanceMeters>3836.42</DistanceMeters>
            <HeartRateBpm><Value>164</Value></HeartRateBpm>
            <Cadence>174</Cadence>
          </Trackpoint>
          <Trackpoint>
            <Time>2026-03-05T13:53:10.000Z</Time>
            <Position>
              <LatitudeDegrees>37.3627131</LatitudeDegrees>
              <LongitudeDegrees>-121.8554194</LongitudeDegrees>
            </Position>
            <AltitudeMeters>24.1</AltitudeMeters>
            <DistanceMeters>3851.85</DistanceMeters>
            <HeartRateBpm><Value>164</Value></HeartRateBpm>
            <Cadence>174</Cadence>
          </Trackpoint>
          <Trackpoint>
            <Time>2026-03-05T13:53:15.000Z</Time>
            <Position>
              <LatitudeDegrees>37.3628113</LatitudeDegrees>
              <LongitudeDegrees>-121.8552957</LongitudeDegrees>
            </Position>
            <AltitudeMeters>24.2</AltitudeMeters>
            <DistanceMeters>3867.28</DistanceMeters>
            <HeartRateBpm><Value>164</Value></HeartRateBpm>
            <Cadence>174</Cadence>
          </Trackpoint>
          <Trackpoint>
            <Time>2026-03-05T13:53:20.000Z</Time>
            <Position>
              <LatitudeDegrees>37.3629095</LatitudeDegrees>
              <LongitudeDegrees>-121.8551719</LongitudeDegrees>
            </Position>
            <AltitudeMeters>24.3</AltitudeMeters>
            <DistanceMeters>3882.72</DistanceMeters>
            <HeartRateBpm><Value>164</Value></HeartRateBpm>
            <Cadence>174</Cadence>
          </Trackpoint>
          <Trackpoint>
            <Time>2026-03-05T13:53:25.000Z</Time>
            <Position>
              <LatitudeDegrees>37.3630077</LatitudeDegrees>
              <LongitudeDegrees>-121.8550482</LongitudeDegrees>
            </Position>
            <AltitudeMeters>24.4</AltitudeMeters>
            <DistanceMeters>3898.15</DistanceMeters>
            <HeartRateBpm><Value>164</Value></HeartRateBpm>
            <Cadence>174</Cadence>
          </Trackpoint>
          <Trackpoint>
            <Time>2026-03-05T13:53:30.000Z</Time>
            <Position>
              <LatitudeDegrees>37.3631059</LatitudeDegrees>
              <LongitudeDegrees>-121.8549245</LongitudeDegrees>
            </Position>
            <AltitudeMeters>24.5</AltitudeMeters>
            <DistanceMeters>3913.58</DistanceMeters>
            <HeartRateBpm><Value>164</Value></HeartRateBpm>
            <Cadence>174</Cadence>
          </Trackpoint>
          <Trackpoint>
            <Time>2026-03-05T13:53:35.000Z</Time>
            <Position>
              <LatitudeDegrees>37.3632041</LatitudeDegrees>
              <LongitudeDegrees>-121.8548008</LongitudeDegrees>
            </Position>
            <AltitudeMeters>24.6</AltitudeMeters>
            <DistanceMeters>3929.01</DistanceMeters>
            <HeartRateBpm><Value>164</Value></HeartRateBpm>
            <Cadence>174</Cadence>
          </Trackpoint>
          <Trackpoint>
            <Time>2026-03-05T13:53:40.000Z</Time>
            <Position>
              <LatitudeDegrees>37.3633023</LatitudeDegrees>
              <LongitudeDegrees>-121.8546771</LongitudeDegrees>
            </Position>
            <AltitudeMeters>24.7</AltitudeMeters>
            <DistanceMeters>3944.44</DistanceMeters>
            <HeartRateBpm><Value>164</Value></HeartRateBpm>
            <Cadence>174</Cadence>
          </Trackpoint>
          <Trackpoint>
            <Time>2026-03-05T13:53:45.000Z</Time>
            <Position>
              <LatitudeDegrees>37.3634005</LatitudeDegrees>
              <LongitudeDegrees>-121.8545533</LongitudeDegrees>
            </Position>
            <AltitudeMeters>24.7</AltitudeMeters>
            <DistanceMeters>3959.88</DistanceMeters>
            <HeartRateBpm><Value>164</Value></HeartRateBpm>
            <Cadence>174</Cadence>
          </Trackpoint>
          <Trackpoint>
            <Time>2026-03-05T13:53:50.000Z</Time>
            <Position>
              <LatitudeDegrees>37.3634987</LatitudeDegrees>
              <LongitudeDegrees>-121.8544296</LongitudeDegrees>
            </Position>
            <AltitudeMeters>24.8</AltitudeMeters>
            <DistanceMeters>3975.31</DistanceMeters>
            <HeartRateBpm><Value>164</Value></HeartRateBpm>
            <Cadence>174</Cadence>
          </Trackpoint>
          <Trackpoint>
            <Time>2026-03-05T13:53:55.000Z</Time>
            <Position>
              <LatitudeDegrees>37.3635969</LatitudeDegrees>
              <LongitudeDegrees>-121.8543059</LongitudeDegrees>
            </Position>
            <AltitudeMeters>24.9</AltitudeMeters>
            <DistanceMeters>3990.74</DistanceMeters>
            <HeartRateBpm><Value>164</Value></HeartRateBpm>
            <Cadence>174</Cadence>
          </Trackpoint>
          <Trackpoint>
            <Time>2026-03-05T13:54:00.000Z</Time>
            <Position>
              <LatitudeDegrees>37.3636166</LatitudeDegrees>
              <LongitudeDegrees>-121.8542812</LongitudeDegrees>
            </Position>
            <AltitudeMeters>25</AltitudeMeters>
            <DistanceMeters>4006.17</DistanceMeters>
            <HeartRateBpm><Value>164</Value></HeartRateBpm>
            <Cadence>174</Cadence>
          </Trackpoint>
          <Trackpoint>
            <Time>2026-03-05T13:54:05.000Z</Time>
            <Position>
              <LatitudeDegrees>37.3635184</LatitudeDegrees>
              <LongitudeDegrees>-121.8544049</LongitudeDegrees>
            </Position>
            <AltitudeMeters>25.1</AltitudeMeters>
            <DistanceMeters>4021.60</DistanceMeters>
            <HeartRateBpm><Value>164</Value></HeartRateBpm>
            <Cadence>174</Cadence>
          </Trackpoint>
          <Trackpoint>
            <Time>2026-03-05T13:54:10.000Z</Time>
            <Position>
              <LatitudeDegrees>37.3634202</LatitudeDegrees>
              <LongitudeDegrees>-121.8545286</LongitudeDegrees>
            </Position>
            <AltitudeMeters>25.2</AltitudeMeters>
            <DistanceMeters>4037.04</DistanceMeters>
            <HeartRateBpm><Value>164</Value></HeartRateBpm>
            <Cadence>174</Cadence>
          </Trackpoint>
          <Trackpoint>
            <Time>2026-03-05T13:54:15.000Z</Time>
            <Position>
              <LatitudeDegrees>37.3633220</LatitudeDegrees>
              <LongitudeDegrees>-121.8546523</LongitudeDegrees>
            </Position>
            <AltitudeMeters>25.3</AltitudeMeters>
            <DistanceMeters>4052.47</DistanceMeters>
            <HeartRateBpm><Value>164</Value></HeartRateBpm>
            <Cadence>174</Cadence>
          </Trackpoint>
          <Trackpoint>
            <Time>2026-03-05T13:54:20.000Z</Time>
            <Position>
              <LatitudeDegrees>37.3632237</LatitudeDegrees>
              <LongitudeDegrees>-121.8547760</LongitudeDegrees>
            </Position>
            <AltitudeMeters>25.4</AltitudeMeters>
            <DistanceMeters>4067.90</DistanceMeters>
            <HeartRateBpm><Value>164</Value></HeartRateBpm>
            <Cadence>174</Cadence>
          </Trackpoint>
          <Trackpoint>
            <Time>2026-03-05T13:54:25.000Z</Time>
            <Position>
              <LatitudeDegrees>37.3631255</LatitudeDegrees>
              <LongitudeDegrees>-121.8548998</LongitudeDegrees>
            </Position>
            <AltitudeMeters>25.5</AltitudeMeters>
            <DistanceMeters>4083.33</DistanceMeters>
            <HeartRateBpm><Value>164</Value></HeartRateBpm>
            <Cadence>174</Cadence>
          </Trackpoint>
          <Trackpoint>
            <Time>2026-03-05T13:54:30.000Z</Time>
            <Position>
              <LatitudeDegrees>37.3630273</LatitudeDegrees>
              <LongitudeDegrees>-121.8550235</LongitudeDegrees>
            </Position>
            <AltitudeMeters>25.6</AltitudeMeters>
            <DistanceMeters>4098.77</DistanceMeters>
            <HeartRateBpm><Value>164</Value></HeartRateBpm>
            <Cadence>174</Cadence>
          </Trackpoint>
          <Trackpoint>
            <Time>2026-03-05T13:54:35.000Z</Time>
            <Position>
              <LatitudeDegrees>37.3629291</LatitudeDegrees>
              <LongitudeDegrees>-121.8551472</LongitudeDegrees>
            </Position>
            <AltitudeMeters>25.7</AltitudeMeters>
            <DistanceMeters>4114.20</DistanceMeters>
            <HeartRateBpm><Value>164</Value></HeartRateBpm>
            <Cadence>174</Cadence>
          </Trackpoint>
          <Trackpoint>
            <Time>2026-03-05T13:54:40.000Z</Time>
            <Position>
              <LatitudeDegrees>37.3628309</LatitudeDegrees>
              <LongitudeDegrees>-121.8552709</LongitudeDegrees>
            </Position>
            <AltitudeMeters>25.8</AltitudeMeters>
            <DistanceMeters>4129.63</DistanceMeters>
            <HeartRateBpm><Value>164</Value></HeartRateBpm>
            <Cadence>174</Cadence>
          </Trackpoint>
          <Trackpoint>
            <Time>2026-03-05T13:54:45.000Z</Time>
            <Position>
              <LatitudeDegrees>37.3627327</LatitudeDegrees>
              <LongitudeDegrees>-121.8553946</LongitudeDegrees>
            </Position>
            <AltitudeMeters>25.9</AltitudeMeters>
            <DistanceMeters>4145.06</DistanceMeters>
            <HeartRateBpm><Value>164</Value></HeartRateBpm>
            <Cadence>174</Cadence>
          </Trackpoint>
          <Trackpoint>
            <Time>2026-03-05T13:54:50.000Z</Time>
            <Position>
              <LatitudeDegrees>37.3626345</LatitudeDegrees>
              <LongitudeDegrees>-121.8555184</LongitudeDegrees>
            </Position>
            <AltitudeMeters>26</AltitudeMeters>
            <DistanceMeters>4160.49</DistanceMeters>
            <HeartRateBpm><Value>164</Value></HeartRateBpm>
            <Cadence>174</Cadence>
          </Trackpoint>
          <Trackpoint>
            <Time>2026-03-05T13:54:55.000Z</Time>
            <Position>
              <LatitudeDegrees>37.3625363</LatitudeDegrees>
              <LongitudeDegrees>-121.8556421</LongitudeDegrees>
            </Position>
            <AltitudeMeters>26</AltitudeMeters>
            <DistanceMeters>4175.93</DistanceMeters>
            <HeartRateBpm><Value>164</Value></HeartRateBpm>
            <Cadence>174</Cadence>
          </Trackpoint>
          <Trackpoint>
            <Time>2026-03-05T13:55:00.000Z</Time>
            <Position>
              <LatitudeDegrees>37.3624381</LatitudeDegrees>
              <LongitudeDegrees>-121.8557658</LongitudeDegrees>
            </Position>
            <AltitudeMeters>26.1</AltitudeMeters>
            <DistanceMeters>4191.36</DistanceMeters>
            <HeartRateBpm><Value>164</Value></HeartRateBpm>
            <Cadence>174</Cadence>
          </Trackpoint>
          <Trackpoint>
            <Time>2026-03-05T13:55:05.000Z</Time>
            <Position>
              <LatitudeDegrees>37.3623399</LatitudeDegrees>
              <LongitudeDegrees>-121.8558895</LongitudeDegrees>
            </Position>
            <AltitudeMeters>26.2</AltitudeMeters>
            <DistanceMeters>4206.79</DistanceMeters>
            <HeartRateBpm><Value>164</Value></HeartRateBpm>
            <Cadence>174</Cadence>
          </Trackpoint>
          <Trackpoint>
            <Time>2026-03-05T13:55:10.000Z</Time>
            <Position>
              <LatitudeDegrees>37.3622417</LatitudeDegrees>
              <LongitudeDegrees>-121.8560132</LongitudeDegrees>
            </Position>
            <AltitudeMeters>26.3</AltitudeMeters>
            <DistanceMeters>4222.22</DistanceMeters>
            <HeartRateBpm><Value>164</Value></HeartRateBpm>
            <Cadence>174</Cadence>
          </Trackpoint>
          <Trackpoint>
            <Time>2026-03-05T13:55:15.000Z</Time>
            <Position>
              <LatitudeDegrees>37.3621434</LatitudeDegrees>
              <LongitudeDegrees>-121.8561370</LongitudeDegrees>
            </Position>
            <AltitudeMeters>26.4</AltitudeMeters>
            <DistanceMeters>4237.65</DistanceMeters>
            <HeartRateBpm><Value>164</Value></HeartRateBpm>
            <Cadence>174</Cadence>
          </Trackpoint>
          <Trackpoint>
            <Time>2026-03-05T13:55:20.000Z</Time>
            <Position>
              <LatitudeDegrees>37.3620452</LatitudeDegrees>
              <LongitudeDegrees>-121.8562607</LongitudeDegrees>
            </Position>
            <AltitudeMeters>26.4</AltitudeMeters>
            <DistanceMeters>4253.09</DistanceMeters>
            <HeartRateBpm><Value>164</Value></HeartRateBpm>
            <Cadence>174</Cadence>
          </Trackpoint>
          <Trackpoint>
            <Time>2026-03-05T13:55:25.000Z</Time>
            <Position>
              <LatitudeDegrees>37.3619470</LatitudeDegrees>
              <LongitudeDegrees>-121.8563844</LongitudeDegrees>
            </Position>
            <AltitudeMeters>26.5</AltitudeMeters>
            <DistanceMeters>4268.52</DistanceMeters>
            <HeartRateBpm><Value>164</Value></HeartRateBpm>
            <Cadence>174</Cadence>
          </Trackpoint>
          <Trackpoint>
            <Time>2026-03-05T13:55:30.000Z</Time>
            <Position>
              <LatitudeDegrees>37.3618488</LatitudeDegrees>
              <LongitudeDegrees>-121.8565081</LongitudeDegrees>
            </Position>
            <AltitudeMeters>26.6</AltitudeMeters>
            <DistanceMeters>4283.95</DistanceMeters>
            <HeartRateBpm><Value>164</Value></HeartRateBpm>
            <Cadence>174</Cadence>
          </Trackpoint>
          <Trackpoint>
            <Time>2026-03-05T13:55:35.000Z</Time>
            <Position>
              <LatitudeDegrees>37.3617506</LatitudeDegrees>
              <LongitudeDegrees>-121.8566318</LongitudeDegrees>
            </Position>
            <AltitudeMeters>26.6</AltitudeMeters>
            <DistanceMeters>4299.38</DistanceMeters>
            <HeartRateBpm><Value>164</Value></HeartRateBpm>
            <Cadence>174</Cadence>
          </Trackpoint>
          <Trackpoint>
            <Time>2026-03-05T13:55:40.000Z</Time>
            <Position>
              <LatitudeDegrees>37.3616524</LatitudeDegrees>
              <LongitudeDegrees>-121.8567556</LongitudeDegrees>
            </Position>
            <AltitudeMeters>26.7</AltitudeMeters>
            <DistanceMeters>4314.81</DistanceMeters>
            <HeartRateBpm><Value>164</Value></HeartRateBpm>
            <Cadence>174</Cadence>
          </Trackpoint>
          <Trackpoint>
            <Time>2026-03-05T13:55:45.000Z</Time>
            <Position>
              <LatitudeDegrees>37.3615542</LatitudeDegrees>
              <LongitudeDegrees>-121.8568793</LongitudeDegrees>
            </Position>
            <AltitudeMeters>26.7</AltitudeMeters>
            <DistanceMeters>4330.25</DistanceMeters>
            <HeartRateBpm><Value>164</Value></HeartRateBpm>
            <Cadence>174</Cadence>
          </Trackpoint>
          <Trackpoint>
            <Time>2026-03-05T13:55:50.000Z</Time>
            <Position>
              <LatitudeDegrees>37.3614560</LatitudeDegrees>
              <LongitudeDegrees>-121.8570030</LongitudeDegrees>
            </Position>
            <AltitudeMeters>26.8</AltitudeMeters>
            <DistanceMeters>4345.68</DistanceMeters>
            <HeartRateBpm><Value>164</Value></HeartRateBpm>
            <Cadence>174</Cadence>
          </Trackpoint>
          <Trackpoint>
            <Time>2026-03-05T13:55:55.000Z</Time>
            <Position>
              <LatitudeDegrees>37.3613578</LatitudeDegrees>
              <LongitudeDegrees>-121.8571267</LongitudeDegrees>
            </Position>
            <AltitudeMeters>26.8</AltitudeMeters>
            <DistanceMeters>4361.11</DistanceMeters>
            <HeartRateBpm><Value>164</Value></HeartRateBpm>
            <Cadence>174</Cadence>
          </Trackpoint>
          <Trackpoint>
            <Time>2026-03-05T13:56:00.000Z</Time>
            <Position>
              <LatitudeDegrees>37.3612596</LatitudeDegrees>
              <LongitudeDegrees>-121.8572504</LongitudeDegrees>
            </Position>
            <AltitudeMeters>26.9</AltitudeMeters>
            <DistanceMeters>4376.54</DistanceMeters>
            <HeartRateBpm><Value>164</Value></HeartRateBpm>
            <Cadence>174</Cadence>
          </Trackpoint>
          <Trackpoint>
            <Time>2026-03-05T13:56:05.000Z</Time>
            <Position>
              <LatitudeDegrees>37.3611614</LatitudeDegrees>
              <LongitudeDegrees>-121.8573742</LongitudeDegrees>
            </Position>
            <AltitudeMeters>26.9</AltitudeMeters>
            <DistanceMeters>4391.98</DistanceMeters>
            <HeartRateBpm><Value>164</Value></HeartRateBpm>
            <Cadence>174</Cadence>
          </Trackpoint>
          <Trackpoint>
            <Time>2026-03-05T13:56:10.000Z</Time>
            <Position>
              <LatitudeDegrees>37.3610631</LatitudeDegrees>
              <LongitudeDegrees>-121.8574979</LongitudeDegrees>
            </Position>
            <AltitudeMeters>26.9</AltitudeMeters>
            <DistanceMeters>4407.41</DistanceMeters>
            <HeartRateBpm><Value>164</Value></HeartRateBpm>
            <Cadence>174</Cadence>
          </Trackpoint>
          <Trackpoint>
            <Time>2026-03-05T13:56:15.000Z</Time>
            <Position>
              <LatitudeDegrees>37.3609649</LatitudeDegrees>
              <LongitudeDegrees>-121.8576216</LongitudeDegrees>
            </Position>
            <AltitudeMeters>26.9</AltitudeMeters>
            <DistanceMeters>4422.84</DistanceMeters>
            <HeartRateBpm><Value>164</Value></HeartRateBpm>
            <Cadence>174</Cadence>
          </Trackpoint>
          <Trackpoint>
            <Time>2026-03-05T13:56:20.000Z</Time>
            <Position>
              <LatitudeDegrees>37.3608667</LatitudeDegrees>
              <LongitudeDegrees>-121.8577453</LongitudeDegrees>
            </Position>
            <AltitudeMeters>27</AltitudeMeters>
            <DistanceMeters>4438.27</DistanceMeters>
            <HeartRateBpm><Value>164</Value></HeartRateBpm>
            <Cadence>174</Cadence>
          </Trackpoint>
          <Trackpoint>
            <Time>2026-03-05T13:56:25.000Z</Time>
            <Position>
              <LatitudeDegrees>37.3607685</LatitudeDegrees>
              <LongitudeDegrees>-121.8578690</LongitudeDegrees>
            </Position>
            <AltitudeMeters>27</AltitudeMeters>
            <DistanceMeters>4453.70</DistanceMeters>
            <HeartRateBpm><Value>164</Value></HeartRateBpm>
            <Cadence>174</Cadence>
          </Trackpoint>
          <Trackpoint>
            <Time>2026-03-05T13:56:30.000Z</Time>
            <Position>
              <LatitudeDegrees>37.3606703</LatitudeDegrees>
              <LongitudeDegrees>-121.8579928</LongitudeDegrees>
            </Position>
            <AltitudeMeters>27</AltitudeMeters>
            <DistanceMeters>4469.14</DistanceMeters>
            <HeartRateBpm><Value>164</Value></HeartRateBpm>
            <Cadence>174</Cadence>
          </Trackpoint>
          <Trackpoint>
            <Time>2026-03-05T13:56:35.000Z</Time>
            <Position>
              <LatitudeDegrees>37.3605721</LatitudeDegrees>
              <LongitudeDegrees>-121.8581165</LongitudeDegrees>
            </Position>
            <AltitudeMeters>27</AltitudeMeters>
            <DistanceMeters>4484.57</DistanceMeters>
            <HeartRateBpm><Value>164</Value></HeartRateBpm>
            <Cadence>174</Cadence>
          </Trackpoint>
          <Trackpoint>
            <Time>2026-03-05T13:56:40.000Z</Time>
            <Position>
              <LatitudeDegrees>37.3604739</LatitudeDegrees>
              <LongitudeDegrees>-121.8582402</LongitudeDegrees>
            </Position>
            <AltitudeMeters>27</AltitudeMeters>
            <DistanceMeters>4500.00</DistanceMeters>
            <HeartRateBpm><Value>164</Value></HeartRateBpm>
            <Cadence>174</Cadence>
          </Trackpoint>
          <Trackpoint>
            <Time>2026-03-05T13:56:45.000Z</Time>
            <Position>
              <LatitudeDegrees>37.3603757</LatitudeDegrees>
              <LongitudeDegrees>-121.8583639</LongitudeDegrees>
            </Position>
            <AltitudeMeters>27</AltitudeMeters>
            <DistanceMeters>4515.43</DistanceMeters>
            <HeartRateBpm><Value>164</Value></HeartRateBpm>
            <Cadence>174</Cadence>
          </Trackpoint>
          <Trackpoint>
            <Time>2026-03-05T13:56:50.000Z</Time>
            <Position>
              <LatitudeDegrees>37.3602775</LatitudeDegrees>
              <LongitudeDegrees>-121.8584876</LongitudeDegrees>
            </Position>
            <AltitudeMeters>27</AltitudeMeters>
            <DistanceMeters>4530.86</DistanceMeters>
            <HeartRateBpm><Value>164</Value></HeartRateBpm>
            <Cadence>174</Cadence>
          </Trackpoint>
          <Trackpoint>
            <Time>2026-03-05T13:56:55.000Z</Time>
            <Position>
              <LatitudeDegrees>37.3601793</LatitudeDegrees>
              <LongitudeDegrees>-121.8586114</LongitudeDegrees>
            </Position>
            <AltitudeMeters>27</AltitudeMeters>
            <DistanceMeters>4546.30</DistanceMeters>
            <HeartRateBpm><Value>164</Value></HeartRateBpm>
            <Cadence>174</Cadence>
          </Trackpoint>
          <Trackpoint>
            <Time>2026-03-05T13:57:00.000Z</Time>
            <Position>
              <LatitudeDegrees>37.3600810</LatitudeDegrees>
              <LongitudeDegrees>-121.8587351</LongitudeDegrees>
            </Position>
            <AltitudeMeters>27</AltitudeMeters>
            <DistanceMeters>4561.73</DistanceMeters>
            <HeartRateBpm><Value>164</Value></HeartRateBpm>
            <Cadence>174</Cadence>
          </Trackpoint>
          <Trackpoint>
            <Time>2026-03-05T13:57:05.000Z</Time>
            <Position>
              <LatitudeDegrees>37.3599828</LatitudeDegrees>
              <LongitudeDegrees>-121.8588588</LongitudeDegrees>
            </Position>
            <AltitudeMeters>26.9</AltitudeMeters>
            <DistanceMeters>4577.16</DistanceMeters>
            <HeartRateBpm><Value>164</Value></HeartRateBpm>
            <Cadence>174</Cadence>
          </Trackpoint>
          <Trackpoint>
            <Time>2026-03-05T13:57:10.000Z</Time>
            <Position>
              <LatitudeDegrees>37.3598846</LatitudeDegrees>
              <LongitudeDegrees>-121.8589825</LongitudeDegrees>
            </Position>
            <AltitudeMeters>26.9</AltitudeMeters>
            <DistanceMeters>4592.59</DistanceMeters>
            <HeartRateBpm><Value>164</Value></HeartRateBpm>
            <Cadence>174</Cadence>
          </Trackpoint>
          <Trackpoint>
            <Time>2026-03-05T13:57:15.000Z</Time>
            <Position>
              <LatitudeDegrees>37.3597864</LatitudeDegrees>
              <LongitudeDegrees>-121.8591063</LongitudeDegrees>
            </Position>
            <AltitudeMeters>26.9</AltitudeMeters>
            <DistanceMeters>4608.02</DistanceMeters>
            <HeartRateBpm><Value>164</Value></HeartRateBpm>
            <Cadence>174</Cadence>
          </Trackpoint>
          <Trackpoint>
            <Time>2026-03-05T13:57:20.000Z</Time>
            <Position>
              <LatitudeDegrees>37.3596882</LatitudeDegrees>
              <LongitudeDegrees>-121.8592300</LongitudeDegrees>
            </Position>
            <AltitudeMeters>26.9</AltitudeMeters>
            <DistanceMeters>4623.46</DistanceMeters>
            <HeartRateBpm><Value>164</Value></HeartRateBpm>
            <Cadence>174</Cadence>
          </Trackpoint>
          <Trackpoint>
            <Time>2026-03-05T13:57:25.000Z</Time>
            <Position>
              <LatitudeDegrees>37.3595900</LatitudeDegrees>
              <LongitudeDegrees>-121.8593537</LongitudeDegrees>
            </Position>
            <AltitudeMeters>26.8</AltitudeMeters>
            <DistanceMeters>4638.89</DistanceMeters>
            <HeartRateBpm><Value>164</Value></HeartRateBpm>
            <Cadence>174</Cadence>
          </Trackpoint>
          <Trackpoint>
            <Time>2026-03-05T13:57:30.000Z</Time>
            <Position>
              <LatitudeDegrees>37.3594918</LatitudeDegrees>
              <LongitudeDegrees>-121.8594774</LongitudeDegrees>
            </Position>
            <AltitudeMeters>26.8</AltitudeMeters>
            <DistanceMeters>4654.32</DistanceMeters>
            <HeartRateBpm><Value>164</Value></HeartRateBpm>
            <Cadence>174</Cadence>
          </Trackpoint>
          <Trackpoint>
            <Time>2026-03-05T13:57:35.000Z</Time>
            <Position>
              <LatitudeDegrees>37.3593936</LatitudeDegrees>
              <LongitudeDegrees>-121.8596011</LongitudeDegrees>
            </Position>
            <AltitudeMeters>26.7</AltitudeMeters>
            <DistanceMeters>4669.75</DistanceMeters>
            <HeartRateBpm><Value>164</Value></HeartRateBpm>
            <Cadence>174</Cadence>
          </Trackpoint>
          <Trackpoint>
            <Time>2026-03-05T13:57:40.000Z</Time>
            <Position>
              <LatitudeDegrees>37.3592954</LatitudeDegrees>
              <LongitudeDegrees>-121.8597249</LongitudeDegrees>
            </Position>
            <AltitudeMeters>26.7</AltitudeMeters>
            <DistanceMeters>4685.19</DistanceMeters>
            <HeartRateBpm><Value>164</Value></HeartRateBpm>
            <Cadence>174</Cadence>
          </Trackpoint>
          <Trackpoint>
            <Time>2026-03-05T13:57:45.000Z</Time>
            <Position>
              <LatitudeDegrees>37.3591972</LatitudeDegrees>
              <LongitudeDegrees>-121.8598486</LongitudeDegrees>
            </Position>
            <AltitudeMeters>26.6</AltitudeMeters>
            <DistanceMeters>4700.62</DistanceMeters>
            <HeartRateBpm><Value>164</Value></HeartRateBpm>
            <Cadence>174</Cadence>
          </Trackpoint>
          <Trackpoint>
            <Time>2026-03-05T13:57:50.000Z</Time>
            <Position>
              <LatitudeDegrees>37.3590990</LatitudeDegrees>
              <LongitudeDegrees>-121.8599723</LongitudeDegrees>
            </Position>
            <AltitudeMeters>26.6</AltitudeMeters>
            <DistanceMeters>4716.05</DistanceMeters>
            <HeartRateBpm><Value>164</Value></HeartRateBpm>
            <Cadence>174</Cadence>
          </Trackpoint>
          <Trackpoint>
            <Time>2026-03-05T13:57:55.000Z</Time>
            <Position>
              <LatitudeDegrees>37.3590007</LatitudeDegrees>
              <LongitudeDegrees>-121.8600960</LongitudeDegrees>
            </Position>
            <AltitudeMeters>26.5</AltitudeMeters>
            <DistanceMeters>4731.48</DistanceMeters>
            <HeartRateBpm><Value>164</Value></HeartRateBpm>
            <Cadence>174</Cadence>
          </Trackpoint>
          <Trackpoint>
            <Time>2026-03-05T13:58:00.000Z</Time>
            <Position>
              <LatitudeDegrees>37.3589025</LatitudeDegrees>
              <LongitudeDegrees>-121.8602197</LongitudeDegrees>
            </Position>
            <AltitudeMeters>26.4</AltitudeMeters>
            <DistanceMeters>4746.91</DistanceMeters>
            <HeartRateBpm><Value>164</Value></HeartRateBpm>
            <Cadence>174</Cadence>
          </Trackpoint>
          <Trackpoint>
            <Time>2026-03-05T13:58:05.000Z</Time>
            <Position>
              <LatitudeDegrees>37.3588043</LatitudeDegrees>
              <LongitudeDegrees>-121.8603435</LongitudeDegrees>
            </Position>
            <AltitudeMeters>26.4</AltitudeMeters>
            <DistanceMeters>4762.35</DistanceMeters>
            <HeartRateBpm><Value>164</Value></HeartRateBpm>
            <Cadence>174</Cadence>
          </Trackpoint>
          <Trackpoint>
            <Time>2026-03-05T13:58:10.000Z</Time>
            <Position>
              <LatitudeDegrees>37.3587061</LatitudeDegrees>
              <LongitudeDegrees>-121.8604672</LongitudeDegrees>
            </Position>
            <AltitudeMeters>26.3</AltitudeMeters>
            <DistanceMeters>4777.78</DistanceMeters>
            <HeartRateBpm><Value>164</Value></HeartRateBpm>
            <Cadence>174</Cadence>
          </Trackpoint>
          <Trackpoint>
            <Time>2026-03-05T13:58:15.000Z</Time>
            <Position>
              <LatitudeDegrees>37.3586079</LatitudeDegrees>
              <LongitudeDegrees>-121.8605909</LongitudeDegrees>
            </Position>
            <AltitudeMeters>26.2</AltitudeMeters>
            <DistanceMeters>4793.21</DistanceMeters>
            <HeartRateBpm><Value>164</Value></HeartRateBpm>
            <Cadence>174</Cadence>
          </Trackpoint>
          <Trackpoint>
            <Time>2026-03-05T13:58:20.000Z</Time>
            <Position>
              <LatitudeDegrees>37.3585097</LatitudeDegrees>
              <LongitudeDegrees>-121.8607146</LongitudeDegrees>
            </Position>
            <AltitudeMeters>26.1</AltitudeMeters>
            <DistanceMeters>4808.64</DistanceMeters>
            <HeartRateBpm><Value>164</Value></HeartRateBpm>
            <Cadence>174</Cadence>
          </Trackpoint>
          <Trackpoint>
            <Time>2026-03-05T13:58:25.000Z</Time>
            <Position>
              <LatitudeDegrees>37.3584115</LatitudeDegrees>
              <LongitudeDegrees>-121.8608383</LongitudeDegrees>
            </Position>
            <AltitudeMeters>26</AltitudeMeters>
            <DistanceMeters>4824.07</DistanceMeters>
            <HeartRateBpm><Value>164</Value></HeartRateBpm>
            <Cadence>174</Cadence>
          </Trackpoint>
          <Trackpoint>
            <Time>2026-03-05T13:58:30.000Z</Time>
            <Position>
              <LatitudeDegrees>37.3583133</LatitudeDegrees>
              <LongitudeDegrees>-121.8609621</LongitudeDegrees>
            </Position>
            <AltitudeMeters>26</AltitudeMeters>
            <DistanceMeters>4839.51</DistanceMeters>
            <HeartRateBpm><Value>164</Value></HeartRateBpm>
            <Cadence>174</Cadence>
          </Trackpoint>
          <Trackpoint>
            <Time>2026-03-05T13:58:35.000Z</Time>
            <Position>
              <LatitudeDegrees>37.3582151</LatitudeDegrees>
              <LongitudeDegrees>-121.8610858</LongitudeDegrees>
            </Position>
            <AltitudeMeters>25.9</AltitudeMeters>
            <DistanceMeters>4854.94</DistanceMeters>
            <HeartRateBpm><Value>164</Value></HeartRateBpm>
            <Cadence>174</Cadence>
          </Trackpoint>
          <Trackpoint>
            <Time>2026-03-05T13:58:40.000Z</Time>
            <Position>
              <LatitudeDegrees>37.3581169</LatitudeDegrees>
              <LongitudeDegrees>-121.8612095</LongitudeDegrees>
            </Position>
            <AltitudeMeters>25.8</AltitudeMeters>
            <DistanceMeters>4870.37</DistanceMeters>
            <HeartRateBpm><Value>164</Value></HeartRateBpm>
            <Cadence>174</Cadence>
          </Trackpoint>
          <Trackpoint>
            <Time>2026-03-05T13:58:45.000Z</Time>
            <Position>
              <LatitudeDegrees>37.3580187</LatitudeDegrees>
              <LongitudeDegrees>-121.8613332</LongitudeDegrees>
            </Position>
            <AltitudeMeters>25.7</AltitudeMeters>
            <DistanceMeters>4885.80</DistanceMeters>
            <HeartRateBpm><Value>164</Value></HeartRateBpm>
            <Cadence>174</Cadence>
          </Trackpoint>
          <Trackpoint>
            <Time>2026-03-05T13:58:50.000Z</Time>
            <Position>
              <LatitudeDegrees>37.3579204</LatitudeDegrees>
              <LongitudeDegrees>-121.8614569</LongitudeDegrees>
            </Position>
            <AltitudeMeters>25.6</AltitudeMeters>
            <DistanceMeters>4901.23</DistanceMeters>
            <HeartRateBpm><Value>164</Value></HeartRateBpm>
            <Cadence>174</Cadence>
          </Trackpoint>
          <Trackpoint>
            <Time>2026-03-05T13:58:55.000Z</Time>
            <Position>
              <LatitudeDegrees>37.3578222</LatitudeDegrees>
              <LongitudeDegrees>-121.8615807</LongitudeDegrees>
            </Position>
            <AltitudeMeters>25.5</AltitudeMeters>
            <DistanceMeters>4916.67</DistanceMeters>
            <HeartRateBpm><Value>164</Value></HeartRateBpm>
            <Cadence>174</Cadence>
          </Trackpoint>
          <Trackpoint>
            <Time>2026-03-05T13:59:00.000Z</Time>
            <Position>
              <LatitudeDegrees>37.3577240</LatitudeDegrees>
              <LongitudeDegrees>-121.8617044</LongitudeDegrees>
            </Position>
            <AltitudeMeters>25.4</AltitudeMeters>
            <DistanceMeters>4932.10</DistanceMeters>
            <HeartRateBpm><Value>164</Value></HeartRateBpm>
            <Cadence>174</Cadence>
          </Trackpoint>
          <Trackpoint>
            <Time>2026-03-05T13:59:05.000Z</Time>
            <Position>
              <LatitudeDegrees>37.3576258</LatitudeDegrees>
              <LongitudeDegrees>-121.8618281</LongitudeDegrees>
            </Position>
            <AltitudeMeters>25.3</AltitudeMeters>
            <DistanceMeters>4947.53</DistanceMeters>
            <HeartRateBpm><Value>164</Value></HeartRateBpm>
            <Cadence>174</Cadence>
          </Trackpoint>
          <Trackpoint>
            <Time>2026-03-05T13:59:10.000Z</Time>
            <Position>
              <LatitudeDegrees>37.3575276</LatitudeDegrees>
              <LongitudeDegrees>-121.8619518</LongitudeDegrees>
            </Position>
            <AltitudeMeters>25.2</AltitudeMeters>
            <DistanceMeters>4962.96</DistanceMeters>
            <HeartRateBpm><Value>164</Value></HeartRateBpm>
            <Cadence>174</Cadence>
          </Trackpoint>
          <Trackpoint>
            <Time>2026-03-05T13:59:15.000Z</Time>
            <Position>
              <LatitudeDegrees>37.3574294</LatitudeDegrees>
              <LongitudeDegrees>-121.8620755</LongitudeDegrees>
            </Position>
            <AltitudeMeters>25.1</AltitudeMeters>
            <DistanceMeters>4978.40</DistanceMeters>
            <HeartRateBpm><Value>164</Value></HeartRateBpm>
            <Cadence>174</Cadence>
          </Trackpoint>
          <Trackpoint>
            <Time>2026-03-05T13:59:20.000Z</Time>
            <Position>
              <LatitudeDegrees>37.3573312</LatitudeDegrees>
              <LongitudeDegrees>-121.8621993</LongitudeDegrees>
            </Position>
            <AltitudeMeters>25</AltitudeMeters>
            <DistanceMeters>4993.83</DistanceMeters>
            <HeartRateBpm><Value>164</Value></HeartRateBpm>
            <Cadence>174</Cadence>
          </Trackpoint>
          <Trackpoint>
            <Time>2026-03-05T13:59:25.000Z</Time>
            <Position>
              <LatitudeDegrees>37.3572330</LatitudeDegrees>
              <LongitudeDegrees>-121.8623230</LongitudeDegrees>
            </Position>
            <AltitudeMeters>24.9</AltitudeMeters>
            <DistanceMeters>5009.26</DistanceMeters>
            <HeartRateBpm><Value>164</Value></HeartRateBpm>
            <Cadence>174</Cadence>
          </Trackpoint>
          <Trackpoint>
            <Time>2026-03-05T13:59:30.000Z</Time>
            <Position>
              <LatitudeDegrees>37.3571348</LatitudeDegrees>
              <LongitudeDegrees>-121.8624467</LongitudeDegrees>
            </Position>
            <AltitudeMeters>24.8</AltitudeMeters>
            <DistanceMeters>5024.69</DistanceMeters>
            <HeartRateBpm><Value>164</Value></HeartRateBpm>
            <Cadence>174</Cadence>
          </Trackpoint>
          <Trackpoint>
            <Time>2026-03-05T13:59:35.000Z</Time>
            <Position>
              <LatitudeDegrees>37.3570366</LatitudeDegrees>
              <LongitudeDegrees>-121.8625704</LongitudeDegrees>
            </Position>
            <AltitudeMeters>24.7</AltitudeMeters>
            <DistanceMeters>5040.12</DistanceMeters>
            <HeartRateBpm><Value>164</Value></HeartRateBpm>
            <Cadence>174</Cadence>
          </Trackpoint>
          <Trackpoint>
            <Time>2026-03-05T13:59:40.000Z</Time>
            <Position>
              <LatitudeDegrees>37.3569383</LatitudeDegrees>
              <LongitudeDegrees>-121.8626941</LongitudeDegrees>
            </Position>
            <AltitudeMeters>24.7</AltitudeMeters>
            <DistanceMeters>5055.56</DistanceMeters>
            <HeartRateBpm><Value>164</Value></HeartRateBpm>
            <Cadence>174</Cadence>
          </Trackpoint>
          <Trackpoint>
            <Time>2026-03-05T13:59:45.000Z</Time>
            <Position>
              <LatitudeDegrees>37.3568401</LatitudeDegrees>
              <LongitudeDegrees>-121.8628179</LongitudeDegrees>
            </Position>
            <AltitudeMeters>24.6</AltitudeMeters>
            <DistanceMeters>5070.99</DistanceMeters>
            <HeartRateBpm><Value>164</Value></HeartRateBpm>
            <Cadence>174</Cadence>
          </Trackpoint>
          <Trackpoint>
            <Time>2026-03-05T13:59:50.000Z</Time>
            <Position>
              <LatitudeDegrees>37.3567419</LatitudeDegrees>
              <LongitudeDegrees>-121.8629416</LongitudeDegrees>
            </Position>
            <AltitudeMeters>24.5</AltitudeMeters>
            <DistanceMeters>5086.42</DistanceMeters>
            <HeartRateBpm><Value>164</Value></HeartRateBpm>
            <Cadence>174</Cadence>
          </Trackpoint>
          <Trackpoint>
            <Time>2026-03-05T13:59:55.000Z</Time>
            <Position>
              <LatitudeDegrees>37.3566437</LatitudeDegrees>
              <LongitudeDegrees>-121.8630653</LongitudeDegrees>
            </Position>
            <AltitudeMeters>24.4</AltitudeMeters>
            <DistanceMeters>5101.85</DistanceMeters>
            <HeartRateBpm><Value>164</Value></HeartRateBpm>
            <Cadence>174</Cadence>
          </Trackpoint>
          <Trackpoint>
            <Time>2026-03-05T14:00:00.000Z</Time>
            <Position>
              <LatitudeDegrees>37.3565455</LatitudeDegrees>
              <LongitudeDegrees>-121.8631890</LongitudeDegrees>
            </Position>
            <AltitudeMeters>24.3</AltitudeMeters>
            <DistanceMeters>5117.28</DistanceMeters>
            <HeartRateBpm><Value>164</Value></HeartRateBpm>
            <Cadence>174</Cadence>
          </Trackpoint>
          <Trackpoint>
            <Time>2026-03-05T14:00:05.000Z</Time>
            <Position>
              <LatitudeDegrees>37.3564473</LatitudeDegrees>
              <LongitudeDegrees>-121.8633127</LongitudeDegrees>
            </Position>
            <AltitudeMeters>24.2</AltitudeMeters>
            <DistanceMeters>5132.72</DistanceMeters>
            <HeartRateBpm><Value>164</Value></HeartRateBpm>
            <Cadence>174</Cadence>
          </Trackpoint>
          <Trackpoint>
            <Time>2026-03-05T14:00:10.000Z</Time>
            <Position>
              <LatitudeDegrees>37.3563491</LatitudeDegrees>
              <LongitudeDegrees>-121.8634365</LongitudeDegrees>
            </Position>
            <AltitudeMeters>24.1</AltitudeMeters>
            <DistanceMeters>5148.15</DistanceMeters>
            <HeartRateBpm><Value>164</Value></HeartRateBpm>
            <Cadence>174</Cadence>
          </Trackpoint>
          <Trackpoint>
            <Time>2026-03-05T14:00:15.000Z</Time>
            <Position>
              <LatitudeDegrees>37.3562509</LatitudeDegrees>
              <LongitudeDegrees>-121.8635602</LongitudeDegrees>
            </Position>
            <AltitudeMeters>24</AltitudeMeters>
            <DistanceMeters>5163.58</DistanceMeters>
            <HeartRateBpm><Value>164</Value></HeartRateBpm>
            <Cadence>174</Cadence>
          </Trackpoint>
          <Trackpoint>
            <Time>2026-03-05T14:00:20.000Z</Time>
            <Position>
              <LatitudeDegrees>37.3561527</LatitudeDegrees>
              <LongitudeDegrees>-121.8636839</LongitudeDegrees>
            </Position>
            <AltitudeMeters>23.9</AltitudeMeters>
            <DistanceMeters>5179.01</DistanceMeters>
            <HeartRateBpm><Value>164</Value></HeartRateBpm>
            <Cadence>174</Cadence>
          </Trackpoint>
          <Trackpoint>
            <Time>2026-03-05T14:00:25.000Z</Time>
            <Position>
              <LatitudeDegrees>37.3560545</LatitudeDegrees>
              <LongitudeDegrees>-121.8638076</LongitudeDegrees>
            </Position>
            <AltitudeMeters>23.9</AltitudeMeters>
            <DistanceMeters>5194.44</DistanceMeters>
            <HeartRateBpm><Value>164</Value></HeartRateBpm>
            <Cadence>174</Cadence>
          </Trackpoint>
          <Trackpoint>
            <Time>2026-03-05T14:00:30.000Z</Time>
            <Position>
              <LatitudeDegrees>37.3559563</LatitudeDegrees>
              <LongitudeDegrees>-121.8639313</LongitudeDegrees>
            </Position>
            <AltitudeMeters>23.8</AltitudeMeters>
            <DistanceMeters>5209.88</DistanceMeters>
            <HeartRateBpm><Value>164</Value></HeartRateBpm>
            <Cadence>174</Cadence>
          </Trackpoint>
          <Trackpoint>
            <Time>2026-03-05T14:00:35.000Z</Time>
            <Position>
              <LatitudeDegrees>37.3558580</LatitudeDegrees>
              <LongitudeDegrees>-121.8640551</LongitudeDegrees>
            </Position>
            <AltitudeMeters>23.7</AltitudeMeters>
            <DistanceMeters>5225.31</DistanceMeters>
            <HeartRateBpm><Value>164</Value></HeartRateBpm>
            <Cadence>174</Cadence>
          </Trackpoint>
          <Trackpoint>
            <Time>2026-03-05T14:00:40.000Z</Time>
            <Position>
              <LatitudeDegrees>37.3557598</LatitudeDegrees>
              <LongitudeDegrees>-121.8641788</LongitudeDegrees>
            </Position>
            <AltitudeMeters>23.6</AltitudeMeters>
            <DistanceMeters>5240.74</DistanceMeters>
            <HeartRateBpm><Value>164</Value></HeartRateBpm>
            <Cadence>174</Cadence>
          </Trackpoint>
          <Trackpoint>
            <Time>2026-03-05T14:00:45.000Z</Time>
            <Position>
              <LatitudeDegrees>37.3556616</LatitudeDegrees>
              <LongitudeDegrees>-121.8643025</LongitudeDegrees>
            </Position>
            <AltitudeMeters>23.6</AltitudeMeters>
            <DistanceMeters>5256.17</DistanceMeters>
            <HeartRateBpm><Value>164</Value></HeartRateBpm>
            <Cadence>174</Cadence>
          </Trackpoint>
          <Trackpoint>
            <Time>2026-03-05T14:00:50.000Z</Time>
            <Position>
              <LatitudeDegrees>37.3555634</LatitudeDegrees>
              <LongitudeDegrees>-121.8644262</LongitudeDegrees>
            </Position>
            <AltitudeMeters>23.5</AltitudeMeters>
            <DistanceMeters>5271.60</DistanceMeters>
            <HeartRateBpm><Value>164</Value></HeartRateBpm>
            <Cadence>174</Cadence>
          </Trackpoint>
          <Trackpoint>
            <Time>2026-03-05T14:00:55.000Z</Time>
            <Position>
              <LatitudeDegrees>37.3554652</LatitudeDegrees>
              <LongitudeDegrees>-121.8645499</LongitudeDegrees>
            </Position>
            <AltitudeMeters>23.4</AltitudeMeters>
            <DistanceMeters>5287.04</DistanceMeters>
            <HeartRateBpm><Value>164</Value></HeartRateBpm>
            <Cadence>174</Cadence>
          </Trackpoint>
          <Trackpoint>
            <Time>2026-03-05T14:01:00.000Z</Time>
            <Position>
              <LatitudeDegrees>37.3553670</LatitudeDegrees>
              <LongitudeDegrees>-121.8646737</LongitudeDegrees>
            </Position>
            <AltitudeMeters>23.4</AltitudeMeters>
            <DistanceMeters>5302.47</DistanceMeters>
            <HeartRateBpm><Value>164</Value></HeartRateBpm>
            <Cadence>174</Cadence>
          </Trackpoint>
          <Trackpoint>
            <Time>2026-03-05T14:01:05.000Z</Time>
            <Position>
              <LatitudeDegrees>37.3552688</LatitudeDegrees>
              <LongitudeDegrees>-121.8647974</LongitudeDegrees>
            </Position>
            <AltitudeMeters>23.3</AltitudeMeters>
            <DistanceMeters>5317.90</DistanceMeters>
            <HeartRateBpm><Value>164</Value></HeartRateBpm>
            <Cadence>174</Cadence>
          </Trackpoint>
          <Trackpoint>
            <Time>2026-03-05T14:01:10.000Z</Time>
            <Position>
              <LatitudeDegrees>37.3551706</LatitudeDegrees>
              <LongitudeDegrees>-121.8649211</LongitudeDegrees>
            </Position>
            <AltitudeMeters>23.3</AltitudeMeters>
            <DistanceMeters>5333.33</DistanceMeters>
            <HeartRateBpm><Value>164</Value></HeartRateBpm>
            <Cadence>174</Cadence>
          </Trackpoint>
          <Trackpoint>
            <Time>2026-03-05T14:01:15.000Z</Time>
            <Position>
              <LatitudeDegrees>37.3550724</LatitudeDegrees>
              <LongitudeDegrees>-121.8650448</LongitudeDegrees>
            </Position>
            <AltitudeMeters>23.2</AltitudeMeters>
            <DistanceMeters>5348.77</DistanceMeters>
            <HeartRateBpm><Value>164</Value></HeartRateBpm>
            <Cadence>174</Cadence>
          </Trackpoint>
          <Trackpoint>
            <Time>2026-03-05T14:01:20.000Z</Time>
            <Position>
              <LatitudeDegrees>37.3549742</LatitudeDegrees>
              <LongitudeDegrees>-121.8651686</LongitudeDegrees>
            </Position>
            <AltitudeMeters>23.2</AltitudeMeters>
            <DistanceMeters>5364.20</DistanceMeters>
            <HeartRateBpm><Value>164</Value></HeartRateBpm>
            <Cadence>174</Cadence>
          </Trackpoint>
          <Trackpoint>
            <Time>2026-03-05T14:01:25.000Z</Time>
            <Position>
              <LatitudeDegrees>37.3548760</LatitudeDegrees>
              <LongitudeDegrees>-121.8652923</LongitudeDegrees>
            </Position>
            <AltitudeMeters>23.1</AltitudeMeters>
            <DistanceMeters>5379.63</DistanceMeters>
            <HeartRateBpm><Value>164</Value></HeartRateBpm>
            <Cadence>174</Cadence>
          </Trackpoint>
          <Trackpoint>
            <Time>2026-03-05T14:01:30.000Z</Time>
            <Position>
              <LatitudeDegrees>37.3547777</LatitudeDegrees>
              <LongitudeDegrees>-121.8654160</LongitudeDegrees>
            </Position>
            <AltitudeMeters>23.1</AltitudeMeters>
            <DistanceMeters>5395.06</DistanceMeters>
            <HeartRateBpm><Value>164</Value></HeartRateBpm>
            <Cadence>174</Cadence>
          </Trackpoint>
          <Trackpoint>
            <Time>2026-03-05T14:01:35.000Z</Time>
            <Position>
              <LatitudeDegrees>37.3546795</LatitudeDegrees>
              <LongitudeDegrees>-121.8655397</LongitudeDegrees>
            </Position>
            <AltitudeMeters>23.1</AltitudeMeters>
            <DistanceMeters>5410.49</DistanceMeters>
            <HeartRateBpm><Value>164</Value></HeartRateBpm>
            <Cadence>174</Cadence>
          </Trackpoint>
          <Trackpoint>
            <Time>2026-03-05T14:01:40.000Z</Time>
            <Position>
              <LatitudeDegrees>37.3545813</LatitudeDegrees>
              <LongitudeDegrees>-121.8656634</LongitudeDegrees>
            </Position>
            <AltitudeMeters>23.1</AltitudeMeters>
            <DistanceMeters>5425.93</DistanceMeters>
            <HeartRateBpm><Value>164</Value></HeartRateBpm>
            <Cadence>174</Cadence>
          </Trackpoint>
          <Trackpoint>
            <Time>2026-03-05T14:01:45.000Z</Time>
            <Position>
              <LatitudeDegrees>37.3544831</LatitudeDegrees>
              <LongitudeDegrees>-121.8657872</LongitudeDegrees>
            </Position>
            <AltitudeMeters>23</AltitudeMeters>
            <DistanceMeters>5441.36</DistanceMeters>
            <HeartRateBpm><Value>164</Value></HeartRateBpm>
            <Cadence>174</Cadence>
          </Trackpoint>
          <Trackpoint>
            <Time>2026-03-05T14:01:50.000Z</Time>
            <Position>
              <LatitudeDegrees>37.3543849</LatitudeDegrees>
              <LongitudeDegrees>-121.8659109</LongitudeDegrees>
            </Position>
            <AltitudeMeters>23</AltitudeMeters>
            <DistanceMeters>5456.79</DistanceMeters>
            <HeartRateBpm><Value>164</Value></HeartRateBpm>
            <Cadence>174</Cadence>
          </Trackpoint>
          <Trackpoint>
            <Time>2026-03-05T14:01:55.000Z</Time>
            <Position>
              <LatitudeDegrees>37.3542867</LatitudeDegrees>
              <LongitudeDegrees>-121.8660346</LongitudeDegrees>
            </Position>
            <AltitudeMeters>23</AltitudeMeters>
            <DistanceMeters>5472.22</DistanceMeters>
            <HeartRateBpm><Value>164</Value></HeartRateBpm>
            <Cadence>174</Cadence>
          </Trackpoint>
          <Trackpoint>
            <Time>2026-03-05T14:02:00.000Z</Time>
            <Position>
              <LatitudeDegrees>37.3541885</LatitudeDegrees>
              <LongitudeDegrees>-121.8661583</LongitudeDegrees>
            </Position>
            <AltitudeMeters>23</AltitudeMeters>
            <DistanceMeters>5487.65</DistanceMeters>
            <HeartRateBpm><Value>164</Value></HeartRateBpm>
            <Cadence>174</Cadence>
          </Trackpoint>
          <Trackpoint>
            <Time>2026-03-05T14:02:05.000Z</Time>
            <Position>
              <LatitudeDegrees>37.3540903</LatitudeDegrees>
              <LongitudeDegrees>-121.8662820</LongitudeDegrees>
            </Position>
            <AltitudeMeters>23</AltitudeMeters>
            <DistanceMeters>5503.09</DistanceMeters>
            <HeartRateBpm><Value>164</Value></HeartRateBpm>
            <Cadence>174</Cadence>
          </Trackpoint>
          <Trackpoint>
            <Time>2026-03-05T14:02:10.000Z</Time>
            <Position>
              <LatitudeDegrees>37.3539921</LatitudeDegrees>
              <LongitudeDegrees>-121.8664058</LongitudeDegrees>
            </Position>
            <AltitudeMeters>23</AltitudeMeters>
            <DistanceMeters>5518.52</DistanceMeters>
            <HeartRateBpm><Value>164</Value></HeartRateBpm>
            <Cadence>174</Cadence>
          </Trackpoint>
          <Trackpoint>
            <Time>2026-03-05T14:02:15.000Z</Time>
            <Position>
              <LatitudeDegrees>37.3538939</LatitudeDegrees>
              <LongitudeDegrees>-121.8665295</LongitudeDegrees>
            </Position>
            <AltitudeMeters>23</AltitudeMeters>
            <DistanceMeters>5533.95</DistanceMeters>
            <HeartRateBpm><Value>164</Value></HeartRateBpm>
            <Cadence>174</Cadence>
          </Trackpoint>
          <Trackpoint>
            <Time>2026-03-05T14:02:20.000Z</Time>
            <Position>
              <LatitudeDegrees>37.3537956</LatitudeDegrees>
              <LongitudeDegrees>-121.8666532</LongitudeDegrees>
            </Position>
            <AltitudeMeters>23</AltitudeMeters>
            <DistanceMeters>5549.38</DistanceMeters>
            <HeartRateBpm><Value>164</Value></HeartRateBpm>
            <Cadence>174</Cadence>
          </Trackpoint>
          <Trackpoint>
            <Time>2026-03-05T14:02:25.000Z</Time>
            <Position>
              <LatitudeDegrees>37.3536974</LatitudeDegrees>
              <LongitudeDegrees>-121.8667769</LongitudeDegrees>
            </Position>
            <AltitudeMeters>23</AltitudeMeters>
            <DistanceMeters>5564.81</DistanceMeters>
            <HeartRateBpm><Value>164</Value></HeartRateBpm>
            <Cadence>174</Cadence>
          </Trackpoint>
          <Trackpoint>
            <Time>2026-03-05T14:02:30.000Z</Time>
            <Position>
              <LatitudeDegrees>37.3535992</LatitudeDegrees>
              <LongitudeDegrees>-121.8669006</LongitudeDegrees>
            </Position>
            <AltitudeMeters>23.1</AltitudeMeters>
            <DistanceMeters>5580.25</DistanceMeters>
            <HeartRateBpm><Value>164</Value></HeartRateBpm>
            <Cadence>174</Cadence>
          </Trackpoint>
          <Trackpoint>
            <Time>2026-03-05T14:02:35.000Z</Time>
            <Position>
              <LatitudeDegrees>37.3535010</LatitudeDegrees>
              <LongitudeDegrees>-121.8670244</LongitudeDegrees>
            </Position>
            <AltitudeMeters>23.1</AltitudeMeters>
            <DistanceMeters>5595.68</DistanceMeters>
            <HeartRateBpm><Value>164</Value></HeartRateBpm>
            <Cadence>174</Cadence>
          </Trackpoint>
          <Trackpoint>
            <Time>2026-03-05T14:02:40.000Z</Time>
            <Position>
              <LatitudeDegrees>37.3534028</LatitudeDegrees>
              <LongitudeDegrees>-121.8671481</LongitudeDegrees>
            </Position>
            <AltitudeMeters>23.1</AltitudeMeters>
            <DistanceMeters>5611.11</DistanceMeters>
            <HeartRateBpm><Value>164</Value></HeartRateBpm>
            <Cadence>174</Cadence>
          </Trackpoint>
          <Trackpoint>
            <Time>2026-03-05T14:02:45.000Z</Time>
            <Position>
              <LatitudeDegrees>37.3533046</LatitudeDegrees>
              <LongitudeDegrees>-121.8672718</LongitudeDegrees>
            </Position>
            <AltitudeMeters>23.2</AltitudeMeters>
            <DistanceMeters>5626.54</DistanceMeters>
            <HeartRateBpm><Value>164</Value></HeartRateBpm>
            <Cadence>174</Cadence>
          </Trackpoint>
          <Trackpoint>
            <Time>2026-03-05T14:02:50.000Z</Time>
            <Position>
              <LatitudeDegrees>37.3532064</LatitudeDegrees>
              <LongitudeDegrees>-121.8673955</LongitudeDegrees>
            </Position>
            <AltitudeMeters>23.2</AltitudeMeters>
            <DistanceMeters>5641.98</DistanceMeters>
            <HeartRateBpm><Value>164</Value></HeartRateBpm>
            <Cadence>174</Cadence>
          </Trackpoint>
          <Trackpoint>
            <Time>2026-03-05T14:02:55.000Z</Time>
            <Position>
              <LatitudeDegrees>37.3531082</LatitudeDegrees>
              <LongitudeDegrees>-121.8675192</LongitudeDegrees>
            </Position>
            <AltitudeMeters>23.2</AltitudeMeters>
            <DistanceMeters>5657.41</DistanceMeters>
            <HeartRateBpm><Value>164</Value></HeartRateBpm>
            <Cadence>174</Cadence>
          </Trackpoint>
          <Trackpoint>
            <Time>2026-03-05T14:03:00.000Z</Time>
            <Position>
              <LatitudeDegrees>37.3530100</LatitudeDegrees>
              <LongitudeDegrees>-121.8676430</LongitudeDegrees>
            </Position>
            <AltitudeMeters>23.3</AltitudeMeters>
            <DistanceMeters>5672.84</DistanceMeters>
            <HeartRateBpm><Value>164</Value></HeartRateBpm>
            <Cadence>174</Cadence>
          </Trackpoint>
          <Trackpoint>
            <Time>2026-03-05T14:03:05.000Z</Time>
            <Position>
              <LatitudeDegrees>37.3529118</LatitudeDegrees>
              <LongitudeDegrees>-121.8677667</LongitudeDegrees>
            </Position>
            <AltitudeMeters>23.3</AltitudeMeters>
            <DistanceMeters>5688.27</DistanceMeters>
            <HeartRateBpm><Value>164</Value></HeartRateBpm>
            <Cadence>174</Cadence>
          </Trackpoint>
          <Trackpoint>
            <Time>2026-03-05T14:03:10.000Z</Time>
            <Position>
              <LatitudeDegrees>37.3528136</LatitudeDegrees>
              <LongitudeDegrees>-121.8678904</LongitudeDegrees>
            </Position>
            <AltitudeMeters>23.4</AltitudeMeters>
            <DistanceMeters>5703.70</DistanceMeters>
            <HeartRateBpm><Value>164</Value></HeartRateBpm>
            <Cadence>174</Cadence>
          </Trackpoint>
          <Trackpoint>
            <Time>2026-03-05T14:03:15.000Z</Time>
            <Position>
              <LatitudeDegrees>37.3527153</LatitudeDegrees>
              <LongitudeDegrees>-121.8680141</LongitudeDegrees>
            </Position>
            <AltitudeMeters>23.5</AltitudeMeters>
            <DistanceMeters>5719.14</DistanceMeters>
            <HeartRateBpm><Value>164</Value></HeartRateBpm>
            <Cadence>174</Cadence>
          </Trackpoint>
          <Trackpoint>
            <Time>2026-03-05T14:03:20.000Z</Time>
            <Position>
              <LatitudeDegrees>37.3526171</LatitudeDegrees>
              <LongitudeDegrees>-121.8681378</LongitudeDegrees>
            </Position>
            <AltitudeMeters>23.5</AltitudeMeters>
            <DistanceMeters>5734.57</DistanceMeters>
            <HeartRateBpm><Value>164</Value></HeartRateBpm>
            <Cadence>174</Cadence>
          </Trackpoint>
          <Trackpoint>
            <Time>2026-03-05T14:03:25.000Z</Time>
            <Position>
              <LatitudeDegrees>37.3525189</LatitudeDegrees>
              <LongitudeDegrees>-121.8682616</LongitudeDegrees>
            </Position>
            <AltitudeMeters>23.6</AltitudeMeters>
            <DistanceMeters>5750.00</DistanceMeters>
            <HeartRateBpm><Value>164</Value></HeartRateBpm>
            <Cadence>174</Cadence>
          </Trackpoint>
          <Trackpoint>
            <Time>2026-03-05T14:03:30.000Z</Time>
            <Position>
              <LatitudeDegrees>37.3524207</LatitudeDegrees>
              <LongitudeDegrees>-121.8683853</LongitudeDegrees>
            </Position>
            <AltitudeMeters>23.7</AltitudeMeters>
            <DistanceMeters>5765.43</DistanceMeters>
            <HeartRateBpm><Value>164</Value></HeartRateBpm>
            <Cadence>174</Cadence>
          </Trackpoint>
          <Trackpoint>
            <Time>2026-03-05T14:03:35.000Z</Time>
            <Position>
              <LatitudeDegrees>37.3523225</LatitudeDegrees>
              <LongitudeDegrees>-121.8685090</LongitudeDegrees>
            </Position>
            <AltitudeMeters>23.7</AltitudeMeters>
            <DistanceMeters>5780.86</DistanceMeters>
            <HeartRateBpm><Value>164</Value></HeartRateBpm>
            <Cadence>174</Cadence>
          </Trackpoint>
          <Trackpoint>
            <Time>2026-03-05T14:03:40.000Z</Time>
            <Position>
              <LatitudeDegrees>37.3522243</LatitudeDegrees>
              <LongitudeDegrees>-121.8686327</LongitudeDegrees>
            </Position>
            <AltitudeMeters>23.8</AltitudeMeters>
            <DistanceMeters>5796.30</DistanceMeters>
            <HeartRateBpm><Value>164</Value></HeartRateBpm>
            <Cadence>174</Cadence>
          </Trackpoint>
          <Trackpoint>
            <Time>2026-03-05T14:03:45.000Z</Time>
            <Position>
              <LatitudeDegrees>37.3521261</LatitudeDegrees>
              <LongitudeDegrees>-121.8687564</LongitudeDegrees>
            </Position>
            <AltitudeMeters>23.9</AltitudeMeters>
            <DistanceMeters>5811.73</DistanceMeters>
            <HeartRateBpm><Value>164</Value></HeartRateBpm>
            <Cadence>174</Cadence>
          </Trackpoint>
          <Trackpoint>
            <Time>2026-03-05T14:03:50.000Z</Time>
            <Position>
              <LatitudeDegrees>37.3520279</LatitudeDegrees>
              <LongitudeDegrees>-121.8688802</LongitudeDegrees>
            </Position>
            <AltitudeMeters>24</AltitudeMeters>
            <DistanceMeters>5827.16</DistanceMeters>
            <HeartRateBpm><Value>164</Value></HeartRateBpm>
            <Cadence>174</Cadence>
          </Trackpoint>
          <Trackpoint>
            <Time>2026-03-05T14:03:55.000Z</Time>
            <Position>
              <LatitudeDegrees>37.3519297</LatitudeDegrees>
              <LongitudeDegrees>-121.8690039</LongitudeDegrees>
            </Position>
            <AltitudeMeters>24.1</AltitudeMeters>
            <DistanceMeters>5842.59</DistanceMeters>
            <HeartRateBpm><Value>164</Value></HeartRateBpm>
            <Cadence>174</Cadence>
          </Trackpoint>
          <Trackpoint>
            <Time>2026-03-05T14:04:00.000Z</Time>
            <Position>
              <LatitudeDegrees>37.3518315</LatitudeDegrees>
              <LongitudeDegrees>-121.8691276</LongitudeDegrees>
            </Position>
            <AltitudeMeters>24.1</AltitudeMeters>
            <DistanceMeters>5858.02</DistanceMeters>
            <HeartRateBpm><Value>164</Value></HeartRateBpm>
            <Cadence>174</Cadence>
          </Trackpoint>
          <Trackpoint>
            <Time>2026-03-05T14:04:05.000Z</Time>
            <Position>
              <LatitudeDegrees>37.3517333</LatitudeDegrees>
              <LongitudeDegrees>-121.8692513</LongitudeDegrees>
            </Position>
            <AltitudeMeters>24.2</AltitudeMeters>
            <DistanceMeters>5873.46</DistanceMeters>
            <HeartRateBpm><Value>164</Value></HeartRateBpm>
            <Cadence>174</Cadence>
          </Trackpoint>
          <Trackpoint>
            <Time>2026-03-05T14:04:10.000Z</Time>
            <Position>
              <LatitudeDegrees>37.3516350</LatitudeDegrees>
              <LongitudeDegrees>-121.8693750</LongitudeDegrees>
            </Position>
            <AltitudeMeters>24.3</AltitudeMeters>
            <DistanceMeters>5888.89</DistanceMeters>
            <HeartRateBpm><Value>164</Value></HeartRateBpm>
            <Cadence>174</Cadence>
          </Trackpoint>
          <Trackpoint>
            <Time>2026-03-05T14:04:15.000Z</Time>
            <Position>
              <LatitudeDegrees>37.3515368</LatitudeDegrees>
              <LongitudeDegrees>-121.8694988</LongitudeDegrees>
            </Position>
            <AltitudeMeters>24.4</AltitudeMeters>
            <DistanceMeters>5904.32</DistanceMeters>
            <HeartRateBpm><Value>164</Value></HeartRateBpm>
            <Cadence>174</Cadence>
          </Trackpoint>
          <Trackpoint>
            <Time>2026-03-05T14:04:20.000Z</Time>
            <Position>
              <LatitudeDegrees>37.3514386</LatitudeDegrees>
              <LongitudeDegrees>-121.8696225</LongitudeDegrees>
            </Position>
            <AltitudeMeters>24.5</AltitudeMeters>
            <DistanceMeters>5919.75</DistanceMeters>
            <HeartRateBpm><Value>164</Value></HeartRateBpm>
            <Cadence>174</Cadence>
          </Trackpoint>
          <Trackpoint>
            <Time>2026-03-05T14:04:25.000Z</Time>
            <Position>
              <LatitudeDegrees>37.3513404</LatitudeDegrees>
              <LongitudeDegrees>-121.8697462</LongitudeDegrees>
            </Position>
            <AltitudeMeters>24.6</AltitudeMeters>
            <DistanceMeters>5935.19</DistanceMeters>
            <HeartRateBpm><Value>164</Value></HeartRateBpm>
            <Cadence>174</Cadence>
          </Trackpoint>
          <Trackpoint>
            <Time>2026-03-05T14:04:30.000Z</Time>
            <Position>
              <LatitudeDegrees>37.3512422</LatitudeDegrees>
              <LongitudeDegrees>-121.8698699</LongitudeDegrees>
            </Position>
            <AltitudeMeters>24.7</AltitudeMeters>
            <DistanceMeters>5950.62</DistanceMeters>
            <HeartRateBpm><Value>164</Value></HeartRateBpm>
            <Cadence>174</Cadence>
          </Trackpoint>
          <Trackpoint>
            <Time>2026-03-05T14:04:35.000Z</Time>
            <Position>
              <LatitudeDegrees>37.3511440</LatitudeDegrees>
              <LongitudeDegrees>-121.8699936</LongitudeDegrees>
            </Position>
            <AltitudeMeters>24.8</AltitudeMeters>
            <DistanceMeters>5966.05</DistanceMeters>
            <HeartRateBpm><Value>164</Value></HeartRateBpm>
            <Cadence>174</Cadence>
          </Trackpoint>
          <Trackpoint>
            <Time>2026-03-05T14:04:40.000Z</Time>
            <Position>
              <LatitudeDegrees>37.3510458</LatitudeDegrees>
              <LongitudeDegrees>-121.8701174</LongitudeDegrees>
            </Position>
            <AltitudeMeters>24.9</AltitudeMeters>
            <DistanceMeters>5981.48</DistanceMeters>
            <HeartRateBpm><Value>164</Value></HeartRateBpm>
            <Cadence>174</Cadence>
          </Trackpoint>
          <Trackpoint>
            <Time>2026-03-05T14:04:45.000Z</Time>
            <Position>
              <LatitudeDegrees>37.3509476</LatitudeDegrees>
              <LongitudeDegrees>-121.8702411</LongitudeDegrees>
            </Position>
            <AltitudeMeters>25</AltitudeMeters>
            <DistanceMeters>5996.91</DistanceMeters>
            <HeartRateBpm><Value>164</Value></HeartRateBpm>
            <Cadence>174</Cadence>
          </Trackpoint>
          <Trackpoint>
            <Time>2026-03-05T14:04:50.000Z</Time>
            <Position>
              <LatitudeDegrees>37.3508494</LatitudeDegrees>
              <LongitudeDegrees>-121.8703648</LongitudeDegrees>
            </Position>
            <AltitudeMeters>25.1</AltitudeMeters>
            <DistanceMeters>6012.35</DistanceMeters>
            <HeartRateBpm><Value>164</Value></HeartRateBpm>
            <Cadence>174</Cadence>
          </Trackpoint>
          <Trackpoint>
            <Time>2026-03-05T14:04:55.000Z</Time>
            <Position>
              <LatitudeDegrees>37.3507512</LatitudeDegrees>
              <LongitudeDegrees>-121.8704885</LongitudeDegrees>
            </Position>
            <AltitudeMeters>25.2</AltitudeMeters>
            <DistanceMeters>6027.78</DistanceMeters>
            <HeartRateBpm><Value>164</Value></HeartRateBpm>
            <Cadence>174</Cadence>
          </Trackpoint>
          <Trackpoint>
            <Time>2026-03-05T14:05:00.000Z</Time>
            <Position>
              <LatitudeDegrees>37.3506529</LatitudeDegrees>
              <LongitudeDegrees>-121.8706122</LongitudeDegrees>
            </Position>
            <AltitudeMeters>25.3</AltitudeMeters>
            <DistanceMeters>6043.21</DistanceMeters>
            <HeartRateBpm><Value>164</Value></HeartRateBpm>
            <Cadence>174</Cadence>
          </Trackpoint>
          <Trackpoint>
            <Time>2026-03-05T14:05:05.000Z</Time>
            <Position>
              <LatitudeDegrees>37.3505547</LatitudeDegrees>
              <LongitudeDegrees>-121.8707360</LongitudeDegrees>
            </Position>
            <AltitudeMeters>25.4</AltitudeMeters>
            <DistanceMeters>6058.64</DistanceMeters>
            <HeartRateBpm><Value>164</Value></HeartRateBpm>
            <Cadence>174</Cadence>
          </Trackpoint>
          <Trackpoint>
            <Time>2026-03-05T14:05:10.000Z</Time>
            <Position>
              <LatitudeDegrees>37.3504565</LatitudeDegrees>
              <LongitudeDegrees>-121.8708597</LongitudeDegrees>
            </Position>
            <AltitudeMeters>25.5</AltitudeMeters>
            <DistanceMeters>6074.07</DistanceMeters>
            <HeartRateBpm><Value>164</Value></HeartRateBpm>
            <Cadence>174</Cadence>
          </Trackpoint>
          <Trackpoint>
            <Time>2026-03-05T14:05:15.000Z</Time>
            <Position>
              <LatitudeDegrees>37.3503583</LatitudeDegrees>
              <LongitudeDegrees>-121.8709834</LongitudeDegrees>
            </Position>
            <AltitudeMeters>25.6</AltitudeMeters>
            <DistanceMeters>6089.51</DistanceMeters>
            <HeartRateBpm><Value>164</Value></HeartRateBpm>
            <Cadence>174</Cadence>
          </Trackpoint>
          <Trackpoint>
            <Time>2026-03-05T14:05:20.000Z</Time>
            <Position>
              <LatitudeDegrees>37.3502601</LatitudeDegrees>
              <LongitudeDegrees>-121.8711071</LongitudeDegrees>
            </Position>
            <AltitudeMeters>25.6</AltitudeMeters>
            <DistanceMeters>6104.94</DistanceMeters>
            <HeartRateBpm><Value>164</Value></HeartRateBpm>
            <Cadence>174</Cadence>
          </Trackpoint>
          <Trackpoint>
            <Time>2026-03-05T14:05:25.000Z</Time>
            <Position>
              <LatitudeDegrees>37.3501619</LatitudeDegrees>
              <LongitudeDegrees>-121.8712309</LongitudeDegrees>
            </Position>
            <AltitudeMeters>25.7</AltitudeMeters>
            <DistanceMeters>6120.37</DistanceMeters>
            <HeartRateBpm><Value>164</Value></HeartRateBpm>
            <Cadence>174</Cadence>
          </Trackpoint>
          <Trackpoint>
            <Time>2026-03-05T14:05:30.000Z</Time>
            <Position>
              <LatitudeDegrees>37.3500637</LatitudeDegrees>
              <LongitudeDegrees>-121.8713546</LongitudeDegrees>
            </Position>
            <AltitudeMeters>25.8</AltitudeMeters>
            <DistanceMeters>6135.80</DistanceMeters>
            <HeartRateBpm><Value>164</Value></HeartRateBpm>
            <Cadence>174</Cadence>
          </Trackpoint>
          <Trackpoint>
            <Time>2026-03-05T14:05:35.000Z</Time>
            <Position>
              <LatitudeDegrees>37.3499655</LatitudeDegrees>
              <LongitudeDegrees>-121.8714783</LongitudeDegrees>
            </Position>
            <AltitudeMeters>25.9</AltitudeMeters>
            <DistanceMeters>6151.23</DistanceMeters>
            <HeartRateBpm><Value>164</Value></HeartRateBpm>
            <Cadence>174</Cadence>
          </Trackpoint>
          <Trackpoint>
            <Time>2026-03-05T14:05:40.000Z</Time>
            <Position>
              <LatitudeDegrees>37.3498673</LatitudeDegrees>
              <LongitudeDegrees>-121.8716020</LongitudeDegrees>
            </Position>
            <AltitudeMeters>26</AltitudeMeters>
            <DistanceMeters>6166.67</DistanceMeters>
            <HeartRateBpm><Value>164</Value></HeartRateBpm>
            <Cadence>174</Cadence>
          </Trackpoint>
          <Trackpoint>
            <Time>2026-03-05T14:05:45.000Z</Time>
            <Position>
              <LatitudeDegrees>37.3497691</LatitudeDegrees>
              <LongitudeDegrees>-121.8717257</LongitudeDegrees>
            </Position>
            <AltitudeMeters>26.1</AltitudeMeters>
            <DistanceMeters>6182.10</DistanceMeters>
            <HeartRateBpm><Value>164</Value></HeartRateBpm>
            <Cadence>174</Cadence>
          </Trackpoint>
          <Trackpoint>
            <Time>2026-03-05T14:05:50.000Z</Time>
            <Position>
              <LatitudeDegrees>37.3496709</LatitudeDegrees>
              <LongitudeDegrees>-121.8718495</LongitudeDegrees>
            </Position>
            <AltitudeMeters>26.2</AltitudeMeters>
            <DistanceMeters>6197.53</DistanceMeters>
            <HeartRateBpm><Value>164</Value></HeartRateBpm>
            <Cadence>174</Cadence>
          </Trackpoint>
          <Trackpoint>
            <Time>2026-03-05T14:05:55.000Z</Time>
            <Position>
              <LatitudeDegrees>37.3495726</LatitudeDegrees>
              <LongitudeDegrees>-121.8719732</LongitudeDegrees>
            </Position>
            <AltitudeMeters>26.2</AltitudeMeters>
            <DistanceMeters>6212.96</DistanceMeters>
            <HeartRateBpm><Value>164</Value></HeartRateBpm>
            <Cadence>174</Cadence>
          </Trackpoint>
          <Trackpoint>
            <Time>2026-03-05T14:06:00.000Z</Time>
            <Position>
              <LatitudeDegrees>37.3494744</LatitudeDegrees>
              <LongitudeDegrees>-121.8720969</LongitudeDegrees>
            </Position>
            <AltitudeMeters>26.3</AltitudeMeters>
            <DistanceMeters>6228.40</DistanceMeters>
            <HeartRateBpm><Value>164</Value></HeartRateBpm>
            <Cadence>174</Cadence>
          </Trackpoint>
          <Trackpoint>
            <Time>2026-03-05T14:06:05.000Z</Time>
            <Position>
              <LatitudeDegrees>37.3493762</LatitudeDegrees>
              <LongitudeDegrees>-121.8722206</LongitudeDegrees>
            </Position>
            <AltitudeMeters>26.4</AltitudeMeters>
            <DistanceMeters>6243.83</DistanceMeters>
            <HeartRateBpm><Value>164</Value></HeartRateBpm>
            <Cadence>174</Cadence>
          </Trackpoint>
          <Trackpoint>
            <Time>2026-03-05T14:06:10.000Z</Time>
            <Position>
              <LatitudeDegrees>37.3492780</LatitudeDegrees>
              <LongitudeDegrees>-121.8723443</LongitudeDegrees>
            </Position>
            <AltitudeMeters>26.5</AltitudeMeters>
            <DistanceMeters>6259.26</DistanceMeters>
            <HeartRateBpm><Value>164</Value></HeartRateBpm>
            <Cadence>174</Cadence>
          </Trackpoint>
          <Trackpoint>
            <Time>2026-03-05T14:06:15.000Z</Time>
            <Position>
              <LatitudeDegrees>37.3491798</LatitudeDegrees>
              <LongitudeDegrees>-121.8724681</LongitudeDegrees>
            </Position>
            <AltitudeMeters>26.5</AltitudeMeters>
            <DistanceMeters>6274.69</DistanceMeters>
            <HeartRateBpm><Value>164</Value></HeartRateBpm>
            <Cadence>174</Cadence>
          </Trackpoint>
          <Trackpoint>
            <Time>2026-03-05T14:06:20.000Z</Time>
            <Position>
              <LatitudeDegrees>37.3490816</LatitudeDegrees>
              <LongitudeDegrees>-121.8725918</LongitudeDegrees>
            </Position>
            <AltitudeMeters>26.6</AltitudeMeters>
            <DistanceMeters>6290.12</DistanceMeters>
            <HeartRateBpm><Value>164</Value></HeartRateBpm>
            <Cadence>174</Cadence>
          </Trackpoint>
          <Trackpoint>
            <Time>2026-03-05T14:06:25.000Z</Time>
            <Position>
              <LatitudeDegrees>37.3489834</LatitudeDegrees>
              <LongitudeDegrees>-121.8727155</LongitudeDegrees>
            </Position>
            <AltitudeMeters>26.6</AltitudeMeters>
            <DistanceMeters>6305.56</DistanceMeters>
            <HeartRateBpm><Value>164</Value></HeartRateBpm>
            <Cadence>174</Cadence>
          </Trackpoint>
          <Trackpoint>
            <Time>2026-03-05T14:06:30.000Z</Time>
            <Position>
              <LatitudeDegrees>37.3488852</LatitudeDegrees>
              <LongitudeDegrees>-121.8728392</LongitudeDegrees>
            </Position>
            <AltitudeMeters>26.7</AltitudeMeters>
            <DistanceMeters>6320.99</DistanceMeters>
            <HeartRateBpm><Value>164</Value></HeartRateBpm>
            <Cadence>174</Cadence>
          </Trackpoint>
          <Trackpoint>
            <Time>2026-03-05T14:06:35.000Z</Time>
            <Position>
              <LatitudeDegrees>37.3487870</LatitudeDegrees>
              <LongitudeDegrees>-121.8729629</LongitudeDegrees>
            </Position>
            <AltitudeMeters>26.7</AltitudeMeters>
            <DistanceMeters>6336.42</DistanceMeters>
            <HeartRateBpm><Value>164</Value></HeartRateBpm>
            <Cadence>174</Cadence>
          </Trackpoint>
          <Trackpoint>
            <Time>2026-03-05T14:06:40.000Z</Time>
            <Position>
              <LatitudeDegrees>37.3486888</LatitudeDegrees>
              <LongitudeDegrees>-121.8730867</LongitudeDegrees>
            </Position>
            <AltitudeMeters>26.8</AltitudeMeters>
            <DistanceMeters>6351.85</DistanceMeters>
            <HeartRateBpm><Value>164</Value></HeartRateBpm>
            <Cadence>174</Cadence>
          </Trackpoint>
          <Trackpoint>
            <Time>2026-03-05T14:06:45.000Z</Time>
            <Position>
              <LatitudeDegrees>37.3485906</LatitudeDegrees>
              <LongitudeDegrees>-121.8732104</LongitudeDegrees>
            </Position>
            <AltitudeMeters>26.8</AltitudeMeters>
            <DistanceMeters>6367.28</DistanceMeters>
            <HeartRateBpm><Value>164</Value></HeartRateBpm>
            <Cadence>174</Cadence>
          </Trackpoint>
          <Trackpoint>
            <Time>2026-03-05T14:06:50.000Z</Time>
            <Position>
              <LatitudeDegrees>37.3484923</LatitudeDegrees>
              <LongitudeDegrees>-121.8733341</LongitudeDegrees>
            </Position>
            <AltitudeMeters>26.9</AltitudeMeters>
            <DistanceMeters>6382.72</DistanceMeters>
            <HeartRateBpm><Value>164</Value></HeartRateBpm>
            <Cadence>174</Cadence>
          </Trackpoint>
          <Trackpoint>
            <Time>2026-03-05T14:06:55.000Z</Time>
            <Position>
              <LatitudeDegrees>37.3483941</LatitudeDegrees>
              <LongitudeDegrees>-121.8734578</LongitudeDegrees>
            </Position>
            <AltitudeMeters>26.9</AltitudeMeters>
            <DistanceMeters>6398.15</DistanceMeters>
            <HeartRateBpm><Value>164</Value></HeartRateBpm>
            <Cadence>174</Cadence>
          </Trackpoint>
          <Trackpoint>
            <Time>2026-03-05T14:07:00.000Z</Time>
            <Position>
              <LatitudeDegrees>37.3482959</LatitudeDegrees>
              <LongitudeDegrees>-121.8735815</LongitudeDegrees>
            </Position>
            <AltitudeMeters>26.9</AltitudeMeters>
            <DistanceMeters>6413.58</DistanceMeters>
            <HeartRateBpm><Value>164</Value></HeartRateBpm>
            <Cadence>174</Cadence>
          </Trackpoint>
          <Trackpoint>
            <Time>2026-03-05T14:07:05.000Z</Time>
            <Position>
              <LatitudeDegrees>37.3481977</LatitudeDegrees>
              <LongitudeDegrees>-121.8737053</LongitudeDegrees>
            </Position>
            <AltitudeMeters>27</AltitudeMeters>
            <DistanceMeters>6429.01</DistanceMeters>
            <HeartRateBpm><Value>164</Value></HeartRateBpm>
            <Cadence>174</Cadence>
          </Trackpoint>
          <Trackpoint>
            <Time>2026-03-05T14:07:10.000Z</Time>
            <Position>
              <LatitudeDegrees>37.3480995</LatitudeDegrees>
              <LongitudeDegrees>-121.8738290</LongitudeDegrees>
            </Position>
            <AltitudeMeters>27</AltitudeMeters>
            <DistanceMeters>6444.44</DistanceMeters>
            <HeartRateBpm><Value>164</Value></HeartRateBpm>
            <Cadence>174</Cadence>
          </Trackpoint>
          <Trackpoint>
            <Time>2026-03-05T14:07:15.000Z</Time>
            <Position>
              <LatitudeDegrees>37.3480013</LatitudeDegrees>
              <LongitudeDegrees>-121.8739527</LongitudeDegrees>
            </Position>
            <AltitudeMeters>27</AltitudeMeters>
            <DistanceMeters>6459.88</DistanceMeters>
            <HeartRateBpm><Value>164</Value></HeartRateBpm>
            <Cadence>174</Cadence>
          </Trackpoint>
          <Trackpoint>
            <Time>2026-03-05T14:07:20.000Z</Time>
            <Position>
              <LatitudeDegrees>37.3479031</LatitudeDegrees>
              <LongitudeDegrees>-121.8740764</LongitudeDegrees>
            </Position>
            <AltitudeMeters>27</AltitudeMeters>
            <DistanceMeters>6475.31</DistanceMeters>
            <HeartRateBpm><Value>164</Value></HeartRateBpm>
            <Cadence>174</Cadence>
          </Trackpoint>
          <Trackpoint>
            <Time>2026-03-05T14:07:25.000Z</Time>
            <Position>
              <LatitudeDegrees>37.3478049</LatitudeDegrees>
              <LongitudeDegrees>-121.8742001</LongitudeDegrees>
            </Position>
            <AltitudeMeters>27</AltitudeMeters>
            <DistanceMeters>6490.74</DistanceMeters>
            <HeartRateBpm><Value>164</Value></HeartRateBpm>
            <Cadence>174</Cadence>
          </Trackpoint>
          <Trackpoint>
            <Time>2026-03-05T14:07:30.000Z</Time>
            <Position>
              <LatitudeDegrees>37.3477067</LatitudeDegrees>
              <LongitudeDegrees>-121.8743239</LongitudeDegrees>
            </Position>
            <AltitudeMeters>27</AltitudeMeters>
            <DistanceMeters>6506.17</DistanceMeters>
            <HeartRateBpm><Value>164</Value></HeartRateBpm>
            <Cadence>174</Cadence>
          </Trackpoint>
          <Trackpoint>
            <Time>2026-03-05T14:07:35.000Z</Time>
            <Position>
              <LatitudeDegrees>37.3476085</LatitudeDegrees>
              <LongitudeDegrees>-121.8744476</LongitudeDegrees>
            </Position>
            <AltitudeMeters>27</AltitudeMeters>
            <DistanceMeters>6521.60</DistanceMeters>
            <HeartRateBpm><Value>164</Value></HeartRateBpm>
            <Cadence>174</Cadence>
          </Trackpoint>
          <Trackpoint>
            <Time>2026-03-05T14:07:40.000Z</Time>
            <Position>
              <LatitudeDegrees>37.3475102</LatitudeDegrees>
              <LongitudeDegrees>-121.8745713</LongitudeDegrees>
            </Position>
            <AltitudeMeters>27</AltitudeMeters>
            <DistanceMeters>6537.04</DistanceMeters>
            <HeartRateBpm><Value>164</Value></HeartRateBpm>
            <Cadence>174</Cadence>
          </Trackpoint>
          <Trackpoint>
            <Time>2026-03-05T14:07:45.000Z</Time>
            <Position>
              <LatitudeDegrees>37.3474120</LatitudeDegrees>
              <LongitudeDegrees>-121.8746950</LongitudeDegrees>
            </Position>
            <AltitudeMeters>27</AltitudeMeters>
            <DistanceMeters>6552.47</DistanceMeters>
            <HeartRateBpm><Value>164</Value></HeartRateBpm>
            <Cadence>174</Cadence>
          </Trackpoint>
          <Trackpoint>
            <Time>2026-03-05T14:07:50.000Z</Time>
            <Position>
              <LatitudeDegrees>37.3473138</LatitudeDegrees>
              <LongitudeDegrees>-121.8748187</LongitudeDegrees>
            </Position>
            <AltitudeMeters>27</AltitudeMeters>
            <DistanceMeters>6567.90</DistanceMeters>
            <HeartRateBpm><Value>164</Value></HeartRateBpm>
            <Cadence>174</Cadence>
          </Trackpoint>
          <Trackpoint>
            <Time>2026-03-05T14:07:55.000Z</Time>
            <Position>
              <LatitudeDegrees>37.3472156</LatitudeDegrees>
              <LongitudeDegrees>-121.8749425</LongitudeDegrees>
            </Position>
            <AltitudeMeters>26.9</AltitudeMeters>
            <DistanceMeters>6583.33</DistanceMeters>
            <HeartRateBpm><Value>164</Value></HeartRateBpm>
            <Cadence>174</Cadence>
          </Trackpoint>
          <Trackpoint>
            <Time>2026-03-05T14:08:00.000Z</Time>
            <Position>
              <LatitudeDegrees>37.3471174</LatitudeDegrees>
              <LongitudeDegrees>-121.8750662</LongitudeDegrees>
            </Position>
            <AltitudeMeters>26.9</AltitudeMeters>
            <DistanceMeters>6598.77</DistanceMeters>
            <HeartRateBpm><Value>164</Value></HeartRateBpm>
            <Cadence>174</Cadence>
          </Trackpoint>
          <Trackpoint>
            <Time>2026-03-05T14:08:05.000Z</Time>
            <Position>
              <LatitudeDegrees>37.3470192</LatitudeDegrees>
              <LongitudeDegrees>-121.8751899</LongitudeDegrees>
            </Position>
            <AltitudeMeters>26.9</AltitudeMeters>
            <DistanceMeters>6614.20</DistanceMeters>
            <HeartRateBpm><Value>164</Value></HeartRateBpm>
            <Cadence>174</Cadence>
          </Trackpoint>
          <Trackpoint>
            <Time>2026-03-05T14:08:10.000Z</Time>
            <Position>
              <LatitudeDegrees>37.3469210</LatitudeDegrees>
              <LongitudeDegrees>-121.8753136</LongitudeDegrees>
            </Position>
            <AltitudeMeters>26.8</AltitudeMeters>
            <DistanceMeters>6629.63</DistanceMeters>
            <HeartRateBpm><Value>164</Value></HeartRateBpm>
            <Cadence>174</Cadence>
          </Trackpoint>
          <Trackpoint>
            <Time>2026-03-05T14:08:15.000Z</Time>
            <Position>
              <LatitudeDegrees>37.3468228</LatitudeDegrees>
              <LongitudeDegrees>-121.8754373</LongitudeDegrees>
            </Position>
            <AltitudeMeters>26.8</AltitudeMeters>
            <DistanceMeters>6645.06</DistanceMeters>
            <HeartRateBpm><Value>164</Value></HeartRateBpm>
            <Cadence>174</Cadence>
          </Trackpoint>
          <Trackpoint>
            <Time>2026-03-05T14:08:20.000Z</Time>
            <Position>
              <LatitudeDegrees>37.3467246</LatitudeDegrees>
              <LongitudeDegrees>-121.8755611</LongitudeDegrees>
            </Position>
            <AltitudeMeters>26.8</AltitudeMeters>
            <DistanceMeters>6660.49</DistanceMeters>
            <HeartRateBpm><Value>164</Value></HeartRateBpm>
            <Cadence>174</Cadence>
          </Trackpoint>
          <Trackpoint>
            <Time>2026-03-05T14:08:25.000Z</Time>
            <Position>
              <LatitudeDegrees>37.3466264</LatitudeDegrees>
              <LongitudeDegrees>-121.8756848</LongitudeDegrees>
            </Position>
            <AltitudeMeters>26.7</AltitudeMeters>
            <DistanceMeters>6675.93</DistanceMeters>
            <HeartRateBpm><Value>164</Value></HeartRateBpm>
            <Cadence>174</Cadence>
          </Trackpoint>
          <Trackpoint>
            <Time>2026-03-05T14:08:30.000Z</Time>
            <Position>
              <LatitudeDegrees>37.3465282</LatitudeDegrees>
              <LongitudeDegrees>-121.8758085</LongitudeDegrees>
            </Position>
            <AltitudeMeters>26.6</AltitudeMeters>
            <DistanceMeters>6691.36</DistanceMeters>
            <HeartRateBpm><Value>164</Value></HeartRateBpm>
            <Cadence>174</Cadence>
          </Trackpoint>
          <Trackpoint>
            <Time>2026-03-05T14:08:35.000Z</Time>
            <Position>
              <LatitudeDegrees>37.3464299</LatitudeDegrees>
              <LongitudeDegrees>-121.8759322</LongitudeDegrees>
            </Position>
            <AltitudeMeters>26.6</AltitudeMeters>
            <DistanceMeters>6706.79</DistanceMeters>
            <HeartRateBpm><Value>164</Value></HeartRateBpm>
            <Cadence>174</Cadence>
          </Trackpoint>
          <Trackpoint>
            <Time>2026-03-05T14:08:40.000Z</Time>
            <Position>
              <LatitudeDegrees>37.3463317</LatitudeDegrees>
              <LongitudeDegrees>-121.8760559</LongitudeDegrees>
            </Position>
            <AltitudeMeters>26.5</AltitudeMeters>
            <DistanceMeters>6722.22</DistanceMeters>
            <HeartRateBpm><Value>164</Value></HeartRateBpm>
            <Cadence>174</Cadence>
          </Trackpoint>
          <Trackpoint>
            <Time>2026-03-05T14:08:45.000Z</Time>
            <Position>
              <LatitudeDegrees>37.3462335</LatitudeDegrees>
              <LongitudeDegrees>-121.8761797</LongitudeDegrees>
            </Position>
            <AltitudeMeters>26.5</AltitudeMeters>
            <DistanceMeters>6737.65</DistanceMeters>
            <HeartRateBpm><Value>164</Value></HeartRateBpm>
            <Cadence>174</Cadence>
          </Trackpoint>
          <Trackpoint>
            <Time>2026-03-05T14:08:50.000Z</Time>
            <Position>
              <LatitudeDegrees>37.3461353</LatitudeDegrees>
              <LongitudeDegrees>-121.8763034</LongitudeDegrees>
            </Position>
            <AltitudeMeters>26.4</AltitudeMeters>
            <DistanceMeters>6753.09</DistanceMeters>
            <HeartRateBpm><Value>164</Value></HeartRateBpm>
            <Cadence>174</Cadence>
          </Trackpoint>
          <Trackpoint>
            <Time>2026-03-05T14:08:55.000Z</Time>
            <Position>
              <LatitudeDegrees>37.3460371</LatitudeDegrees>
              <LongitudeDegrees>-121.8764271</LongitudeDegrees>
            </Position>
            <AltitudeMeters>26.3</AltitudeMeters>
            <DistanceMeters>6768.52</DistanceMeters>
            <HeartRateBpm><Value>164</Value></HeartRateBpm>
            <Cadence>174</Cadence>
          </Trackpoint>
          <Trackpoint>
            <Time>2026-03-05T14:09:00.000Z</Time>
            <Position>
              <LatitudeDegrees>37.3459389</LatitudeDegrees>
              <LongitudeDegrees>-121.8765508</LongitudeDegrees>
            </Position>
            <AltitudeMeters>26.3</AltitudeMeters>
            <DistanceMeters>6783.95</DistanceMeters>
            <HeartRateBpm><Value>164</Value></HeartRateBpm>
            <Cadence>174</Cadence>
          </Trackpoint>
          <Trackpoint>
            <Time>2026-03-05T14:09:05.000Z</Time>
            <Position>
              <LatitudeDegrees>37.3458407</LatitudeDegrees>
              <LongitudeDegrees>-121.8766746</LongitudeDegrees>
            </Position>
            <AltitudeMeters>26.2</AltitudeMeters>
            <DistanceMeters>6799.38</DistanceMeters>
            <HeartRateBpm><Value>164</Value></HeartRateBpm>
            <Cadence>174</Cadence>
          </Trackpoint>
          <Trackpoint>
            <Time>2026-03-05T14:09:10.000Z</Time>
            <Position>
              <LatitudeDegrees>37.3457425</LatitudeDegrees>
              <LongitudeDegrees>-121.8767983</LongitudeDegrees>
            </Position>
            <AltitudeMeters>26.1</AltitudeMeters>
            <DistanceMeters>6814.81</DistanceMeters>
            <HeartRateBpm><Value>164</Value></HeartRateBpm>
            <Cadence>174</Cadence>
          </Trackpoint>
          <Trackpoint>
            <Time>2026-03-05T14:09:15.000Z</Time>
            <Position>
              <LatitudeDegrees>37.3456443</LatitudeDegrees>
              <LongitudeDegrees>-121.8769220</LongitudeDegrees>
            </Position>
            <AltitudeMeters>26</AltitudeMeters>
            <DistanceMeters>6830.25</DistanceMeters>
            <HeartRateBpm><Value>164</Value></HeartRateBpm>
            <Cadence>174</Cadence>
          </Trackpoint>
          <Trackpoint>
            <Time>2026-03-05T14:09:20.000Z</Time>
            <Position>
              <LatitudeDegrees>37.3455461</LatitudeDegrees>
              <LongitudeDegrees>-121.8770457</LongitudeDegrees>
            </Position>
            <AltitudeMeters>25.9</AltitudeMeters>
            <DistanceMeters>6845.68</DistanceMeters>
            <HeartRateBpm><Value>164</Value></HeartRateBpm>
            <Cadence>174</Cadence>
          </Trackpoint>
          <Trackpoint>
            <Time>2026-03-05T14:09:25.000Z</Time>
            <Position>
              <LatitudeDegrees>37.3454479</LatitudeDegrees>
              <LongitudeDegrees>-121.8771694</LongitudeDegrees>
            </Position>
            <AltitudeMeters>25.8</AltitudeMeters>
            <DistanceMeters>6861.11</DistanceMeters>
            <HeartRateBpm><Value>164</Value></HeartRateBpm>
            <Cadence>174</Cadence>
          </Trackpoint>
          <Trackpoint>
            <Time>2026-03-05T14:09:30.000Z</Time>
            <Position>
              <LatitudeDegrees>37.3453496</LatitudeDegrees>
              <LongitudeDegrees>-121.8772932</LongitudeDegrees>
            </Position>
            <AltitudeMeters>25.8</AltitudeMeters>
            <DistanceMeters>6876.54</DistanceMeters>
            <HeartRateBpm><Value>164</Value></HeartRateBpm>
            <Cadence>174</Cadence>
          </Trackpoint>
          <Trackpoint>
            <Time>2026-03-05T14:09:35.000Z</Time>
            <Position>
              <LatitudeDegrees>37.3452514</LatitudeDegrees>
              <LongitudeDegrees>-121.8774169</LongitudeDegrees>
            </Position>
            <AltitudeMeters>25.7</AltitudeMeters>
            <DistanceMeters>6891.98</DistanceMeters>
            <HeartRateBpm><Value>164</Value></HeartRateBpm>
            <Cadence>174</Cadence>
          </Trackpoint>
          <Trackpoint>
            <Time>2026-03-05T14:09:40.000Z</Time>
            <Position>
              <LatitudeDegrees>37.3451532</LatitudeDegrees>
              <LongitudeDegrees>-121.8775406</LongitudeDegrees>
            </Position>
            <AltitudeMeters>25.6</AltitudeMeters>
            <DistanceMeters>6907.41</DistanceMeters>
            <HeartRateBpm><Value>164</Value></HeartRateBpm>
            <Cadence>174</Cadence>
          </Trackpoint>
          <Trackpoint>
            <Time>2026-03-05T14:09:45.000Z</Time>
            <Position>
              <LatitudeDegrees>37.3450550</LatitudeDegrees>
              <LongitudeDegrees>-121.8776643</LongitudeDegrees>
            </Position>
            <AltitudeMeters>25.5</AltitudeMeters>
            <DistanceMeters>6922.84</DistanceMeters>
            <HeartRateBpm><Value>164</Value></HeartRateBpm>
            <Cadence>174</Cadence>
          </Trackpoint>
          <Trackpoint>
            <Time>2026-03-05T14:09:50.000Z</Time>
            <Position>
              <LatitudeDegrees>37.3449568</LatitudeDegrees>
              <LongitudeDegrees>-121.8777880</LongitudeDegrees>
            </Position>
            <AltitudeMeters>25.4</AltitudeMeters>
            <DistanceMeters>6938.27</DistanceMeters>
            <HeartRateBpm><Value>164</Value></HeartRateBpm>
            <Cadence>174</Cadence>
          </Trackpoint>
          <Trackpoint>
            <Time>2026-03-05T14:09:55.000Z</Time>
            <Position>
              <LatitudeDegrees>37.3448586</LatitudeDegrees>
              <LongitudeDegrees>-121.8779118</LongitudeDegrees>
            </Position>
            <AltitudeMeters>25.3</AltitudeMeters>
            <DistanceMeters>6953.70</DistanceMeters>
            <HeartRateBpm><Value>164</Value></HeartRateBpm>
            <Cadence>174</Cadence>
          </Trackpoint>
          <Trackpoint>
            <Time>2026-03-05T14:10:00.000Z</Time>
            <Position>
              <LatitudeDegrees>37.3447604</LatitudeDegrees>
              <LongitudeDegrees>-121.8780355</LongitudeDegrees>
            </Position>
            <AltitudeMeters>25.2</AltitudeMeters>
            <DistanceMeters>6969.14</DistanceMeters>
            <HeartRateBpm><Value>164</Value></HeartRateBpm>
            <Cadence>174</Cadence>
          </Trackpoint>
          <Trackpoint>
            <Time>2026-03-05T14:10:05.000Z</Time>
            <Position>
              <LatitudeDegrees>37.3446622</LatitudeDegrees>
              <LongitudeDegrees>-121.8781592</LongitudeDegrees>
            </Position>
            <AltitudeMeters>25.1</AltitudeMeters>
            <DistanceMeters>6984.57</DistanceMeters>
            <HeartRateBpm><Value>164</Value></HeartRateBpm>
            <Cadence>174</Cadence>
          </Trackpoint>
          <Trackpoint>
            <Time>2026-03-05T14:10:10.000Z</Time>
            <Position>
              <LatitudeDegrees>37.3445640</LatitudeDegrees>
              <LongitudeDegrees>-121.8782829</LongitudeDegrees>
            </Position>
            <AltitudeMeters>25</AltitudeMeters>
            <DistanceMeters>7000.00</DistanceMeters>
            <HeartRateBpm><Value>164</Value></HeartRateBpm>
            <Cadence>174</Cadence>
          </Trackpoint>
          <Trackpoint>
            <Time>2026-03-05T14:10:15.000Z</Time>
            <Position>
              <LatitudeDegrees>37.3444658</LatitudeDegrees>
              <LongitudeDegrees>-121.8784066</LongitudeDegrees>
            </Position>
            <AltitudeMeters>24.9</AltitudeMeters>
            <DistanceMeters>7015.43</DistanceMeters>
            <HeartRateBpm><Value>164</Value></HeartRateBpm>
            <Cadence>174</Cadence>
          </Trackpoint>
          <Trackpoint>
            <Time>2026-03-05T14:10:20.000Z</Time>
            <Position>
              <LatitudeDegrees>37.3443675</LatitudeDegrees>
              <LongitudeDegrees>-121.8785304</LongitudeDegrees>
            </Position>
            <AltitudeMeters>24.8</AltitudeMeters>
            <DistanceMeters>7030.86</DistanceMeters>
            <HeartRateBpm><Value>164</Value></HeartRateBpm>
            <Cadence>174</Cadence>
          </Trackpoint>
          <Trackpoint>
            <Time>2026-03-05T14:10:25.000Z</Time>
            <Position>
              <LatitudeDegrees>37.3442693</LatitudeDegrees>
              <LongitudeDegrees>-121.8786541</LongitudeDegrees>
            </Position>
            <AltitudeMeters>24.7</AltitudeMeters>
            <DistanceMeters>7046.30</DistanceMeters>
            <HeartRateBpm><Value>164</Value></HeartRateBpm>
            <Cadence>174</Cadence>
          </Trackpoint>
          <Trackpoint>
            <Time>2026-03-05T14:10:30.000Z</Time>
            <Position>
              <LatitudeDegrees>37.3441711</LatitudeDegrees>
              <LongitudeDegrees>-121.8787778</LongitudeDegrees>
            </Position>
            <AltitudeMeters>24.6</AltitudeMeters>
            <DistanceMeters>7061.73</DistanceMeters>
            <HeartRateBpm><Value>164</Value></HeartRateBpm>
            <Cadence>174</Cadence>
          </Trackpoint>
          <Trackpoint>
            <Time>2026-03-05T14:10:35.000Z</Time>
            <Position>
              <LatitudeDegrees>37.3440729</LatitudeDegrees>
              <LongitudeDegrees>-121.8789015</LongitudeDegrees>
            </Position>
            <AltitudeMeters>24.5</AltitudeMeters>
            <DistanceMeters>7077.16</DistanceMeters>
            <HeartRateBpm><Value>164</Value></HeartRateBpm>
            <Cadence>174</Cadence>
          </Trackpoint>
          <Trackpoint>
            <Time>2026-03-05T14:10:40.000Z</Time>
            <Position>
              <LatitudeDegrees>37.3439747</LatitudeDegrees>
              <LongitudeDegrees>-121.8790252</LongitudeDegrees>
            </Position>
            <AltitudeMeters>24.4</AltitudeMeters>
            <DistanceMeters>7092.59</DistanceMeters>
            <HeartRateBpm><Value>164</Value></HeartRateBpm>
            <Cadence>174</Cadence>
          </Trackpoint>
          <Trackpoint>
            <Time>2026-03-05T14:10:45.000Z</Time>
            <Position>
              <LatitudeDegrees>37.3438765</LatitudeDegrees>
              <LongitudeDegrees>-121.8791490</LongitudeDegrees>
            </Position>
            <AltitudeMeters>24.3</AltitudeMeters>
            <DistanceMeters>7108.02</DistanceMeters>
            <HeartRateBpm><Value>164</Value></HeartRateBpm>
            <Cadence>174</Cadence>
          </Trackpoint>
          <Trackpoint>
            <Time>2026-03-05T14:10:50.000Z</Time>
            <Position>
              <LatitudeDegrees>37.3437783</LatitudeDegrees>
              <LongitudeDegrees>-121.8792727</LongitudeDegrees>
            </Position>
            <AltitudeMeters>24.2</AltitudeMeters>
            <DistanceMeters>7123.46</DistanceMeters>
            <HeartRateBpm><Value>164</Value></HeartRateBpm>
            <Cadence>174</Cadence>
          </Trackpoint>
          <Trackpoint>
            <Time>2026-03-05T14:10:55.000Z</Time>
            <Position>
              <LatitudeDegrees>37.3436801</LatitudeDegrees>
              <LongitudeDegrees>-121.8793964</LongitudeDegrees>
            </Position>
            <AltitudeMeters>24.2</AltitudeMeters>
            <DistanceMeters>7138.89</DistanceMeters>
            <HeartRateBpm><Value>164</Value></HeartRateBpm>
            <Cadence>174</Cadence>
          </Trackpoint>
          <Trackpoint>
            <Time>2026-03-05T14:11:00.000Z</Time>
            <Position>
              <LatitudeDegrees>37.3435819</LatitudeDegrees>
              <LongitudeDegrees>-121.8795201</LongitudeDegrees>
            </Position>
            <AltitudeMeters>24.1</AltitudeMeters>
            <DistanceMeters>7154.32</DistanceMeters>
            <HeartRateBpm><Value>164</Value></HeartRateBpm>
            <Cadence>174</Cadence>
          </Trackpoint>
          <Trackpoint>
            <Time>2026-03-05T14:11:05.000Z</Time>
            <Position>
              <LatitudeDegrees>37.3434837</LatitudeDegrees>
              <LongitudeDegrees>-121.8796438</LongitudeDegrees>
            </Position>
            <AltitudeMeters>24</AltitudeMeters>
            <DistanceMeters>7169.75</DistanceMeters>
            <HeartRateBpm><Value>164</Value></HeartRateBpm>
            <Cadence>174</Cadence>
          </Trackpoint>
          <Trackpoint>
            <Time>2026-03-05T14:11:10.000Z</Time>
            <Position>
              <LatitudeDegrees>37.3433855</LatitudeDegrees>
              <LongitudeDegrees>-121.8797676</LongitudeDegrees>
            </Position>
            <AltitudeMeters>23.9</AltitudeMeters>
            <DistanceMeters>7185.19</DistanceMeters>
            <HeartRateBpm><Value>164</Value></HeartRateBpm>
            <Cadence>174</Cadence>
          </Trackpoint>
          <Trackpoint>
            <Time>2026-03-05T14:11:15.000Z</Time>
            <Position>
              <LatitudeDegrees>37.3432872</LatitudeDegrees>
              <LongitudeDegrees>-121.8798913</LongitudeDegrees>
            </Position>
            <AltitudeMeters>23.8</AltitudeMeters>
            <DistanceMeters>7200.62</DistanceMeters>
            <HeartRateBpm><Value>164</Value></HeartRateBpm>
            <Cadence>174</Cadence>
          </Trackpoint>
          <Trackpoint>
            <Time>2026-03-05T14:11:20.000Z</Time>
            <Position>
              <LatitudeDegrees>37.3431890</LatitudeDegrees>
              <LongitudeDegrees>-121.8800150</LongitudeDegrees>
            </Position>
            <AltitudeMeters>23.7</AltitudeMeters>
            <DistanceMeters>7216.05</DistanceMeters>
            <HeartRateBpm><Value>164</Value></HeartRateBpm>
            <Cadence>174</Cadence>
          </Trackpoint>
          <Trackpoint>
            <Time>2026-03-05T14:11:25.000Z</Time>
            <Position>
              <LatitudeDegrees>37.3430908</LatitudeDegrees>
              <LongitudeDegrees>-121.8801387</LongitudeDegrees>
            </Position>
            <AltitudeMeters>23.7</AltitudeMeters>
            <DistanceMeters>7231.48</DistanceMeters>
            <HeartRateBpm><Value>164</Value></HeartRateBpm>
            <Cadence>174</Cadence>
          </Trackpoint>
          <Trackpoint>
            <Time>2026-03-05T14:11:30.000Z</Time>
            <Position>
              <LatitudeDegrees>37.3429926</LatitudeDegrees>
              <LongitudeDegrees>-121.8802624</LongitudeDegrees>
            </Position>
            <AltitudeMeters>23.6</AltitudeMeters>
            <DistanceMeters>7246.91</DistanceMeters>
            <HeartRateBpm><Value>164</Value></HeartRateBpm>
            <Cadence>174</Cadence>
          </Trackpoint>
          <Trackpoint>
            <Time>2026-03-05T14:11:35.000Z</Time>
            <Position>
              <LatitudeDegrees>37.3428944</LatitudeDegrees>
              <LongitudeDegrees>-121.8803862</LongitudeDegrees>
            </Position>
            <AltitudeMeters>23.5</AltitudeMeters>
            <DistanceMeters>7262.35</DistanceMeters>
            <HeartRateBpm><Value>164</Value></HeartRateBpm>
            <Cadence>174</Cadence>
          </Trackpoint>
          <Trackpoint>
            <Time>2026-03-05T14:11:40.000Z</Time>
            <Position>
              <LatitudeDegrees>37.3427962</LatitudeDegrees>
              <LongitudeDegrees>-121.8805099</LongitudeDegrees>
            </Position>
            <AltitudeMeters>23.5</AltitudeMeters>
            <DistanceMeters>7277.78</DistanceMeters>
            <HeartRateBpm><Value>164</Value></HeartRateBpm>
            <Cadence>174</Cadence>
          </Trackpoint>
          <Trackpoint>
            <Time>2026-03-05T14:11:45.000Z</Time>
            <Position>
              <LatitudeDegrees>37.3426980</LatitudeDegrees>
              <LongitudeDegrees>-121.8806336</LongitudeDegrees>
            </Position>
            <AltitudeMeters>23.4</AltitudeMeters>
            <DistanceMeters>7293.21</DistanceMeters>
            <HeartRateBpm><Value>164</Value></HeartRateBpm>
            <Cadence>174</Cadence>
          </Trackpoint>
          <Trackpoint>
            <Time>2026-03-05T14:11:50.000Z</Time>
            <Position>
              <LatitudeDegrees>37.3425998</LatitudeDegrees>
              <LongitudeDegrees>-121.8807573</LongitudeDegrees>
            </Position>
            <AltitudeMeters>23.4</AltitudeMeters>
            <DistanceMeters>7308.64</DistanceMeters>
            <HeartRateBpm><Value>164</Value></HeartRateBpm>
            <Cadence>174</Cadence>
          </Trackpoint>
          <Trackpoint>
            <Time>2026-03-05T14:11:55.000Z</Time>
            <Position>
              <LatitudeDegrees>37.3425016</LatitudeDegrees>
              <LongitudeDegrees>-121.8808810</LongitudeDegrees>
            </Position>
            <AltitudeMeters>23.3</AltitudeMeters>
            <DistanceMeters>7324.07</DistanceMeters>
            <HeartRateBpm><Value>164</Value></HeartRateBpm>
            <Cadence>174</Cadence>
          </Trackpoint>
          <Trackpoint>
            <Time>2026-03-05T14:12:00.000Z</Time>
            <Position>
              <LatitudeDegrees>37.3424034</LatitudeDegrees>
              <LongitudeDegrees>-121.8810048</LongitudeDegrees>
            </Position>
            <AltitudeMeters>23.2</AltitudeMeters>
            <DistanceMeters>7339.51</DistanceMeters>
            <HeartRateBpm><Value>164</Value></HeartRateBpm>
            <Cadence>174</Cadence>
          </Trackpoint>
          <Trackpoint>
            <Time>2026-03-05T14:12:05.000Z</Time>
            <Position>
              <LatitudeDegrees>37.3423052</LatitudeDegrees>
              <LongitudeDegrees>-121.8811285</LongitudeDegrees>
            </Position>
            <AltitudeMeters>23.2</AltitudeMeters>
            <DistanceMeters>7354.94</DistanceMeters>
            <HeartRateBpm><Value>164</Value></HeartRateBpm>
            <Cadence>174</Cadence>
          </Trackpoint>
          <Trackpoint>
            <Time>2026-03-05T14:12:10.000Z</Time>
            <Position>
              <LatitudeDegrees>37.3422069</LatitudeDegrees>
              <LongitudeDegrees>-121.8812522</LongitudeDegrees>
            </Position>
            <AltitudeMeters>23.2</AltitudeMeters>
            <DistanceMeters>7370.37</DistanceMeters>
            <HeartRateBpm><Value>164</Value></HeartRateBpm>
            <Cadence>174</Cadence>
          </Trackpoint>
          <Trackpoint>
            <Time>2026-03-05T14:12:15.000Z</Time>
            <Position>
              <LatitudeDegrees>37.3421087</LatitudeDegrees>
              <LongitudeDegrees>-121.8813759</LongitudeDegrees>
            </Position>
            <AltitudeMeters>23.1</AltitudeMeters>
            <DistanceMeters>7385.80</DistanceMeters>
            <HeartRateBpm><Value>164</Value></HeartRateBpm>
            <Cadence>174</Cadence>
          </Trackpoint>
          <Trackpoint>
            <Time>2026-03-05T14:12:20.000Z</Time>
            <Position>
              <LatitudeDegrees>37.3420105</LatitudeDegrees>
              <LongitudeDegrees>-121.8814996</LongitudeDegrees>
            </Position>
            <AltitudeMeters>23.1</AltitudeMeters>
            <DistanceMeters>7401.23</DistanceMeters>
            <HeartRateBpm><Value>164</Value></HeartRateBpm>
            <Cadence>174</Cadence>
          </Trackpoint>
          <Trackpoint>
            <Time>2026-03-05T14:12:25.000Z</Time>
            <Position>
              <LatitudeDegrees>37.3419123</LatitudeDegrees>
              <LongitudeDegrees>-121.8816234</LongitudeDegrees>
            </Position>
            <AltitudeMeters>23.1</AltitudeMeters>
            <DistanceMeters>7416.67</DistanceMeters>
            <HeartRateBpm><Value>164</Value></HeartRateBpm>
            <Cadence>174</Cadence>
          </Trackpoint>
          <Trackpoint>
            <Time>2026-03-05T14:12:30.000Z</Time>
            <Position>
              <LatitudeDegrees>37.3418141</LatitudeDegrees>
              <LongitudeDegrees>-121.8817471</LongitudeDegrees>
            </Position>
            <AltitudeMeters>23</AltitudeMeters>
            <DistanceMeters>7432.10</DistanceMeters>
            <HeartRateBpm><Value>164</Value></HeartRateBpm>
            <Cadence>174</Cadence>
          </Trackpoint>
          <Trackpoint>
            <Time>2026-03-05T14:12:35.000Z</Time>
            <Position>
              <LatitudeDegrees>37.3417159</LatitudeDegrees>
              <LongitudeDegrees>-121.8818708</LongitudeDegrees>
            </Position>
            <AltitudeMeters>23</AltitudeMeters>
            <DistanceMeters>7447.53</DistanceMeters>
            <HeartRateBpm><Value>164</Value></HeartRateBpm>
            <Cadence>174</Cadence>
          </Trackpoint>
          <Trackpoint>
            <Time>2026-03-05T14:12:40.000Z</Time>
            <Position>
              <LatitudeDegrees>37.3416177</LatitudeDegrees>
              <LongitudeDegrees>-121.8819945</LongitudeDegrees>
            </Position>
            <AltitudeMeters>23</AltitudeMeters>
            <DistanceMeters>7462.96</DistanceMeters>
            <HeartRateBpm><Value>164</Value></HeartRateBpm>
            <Cadence>174</Cadence>
          </Trackpoint>
          <Trackpoint>
            <Time>2026-03-05T14:12:45.000Z</Time>
            <Position>
              <LatitudeDegrees>37.3415195</LatitudeDegrees>
              <LongitudeDegrees>-121.8821182</LongitudeDegrees>
            </Position>
            <AltitudeMeters>23</AltitudeMeters>
            <DistanceMeters>7478.40</DistanceMeters>
            <HeartRateBpm><Value>164</Value></HeartRateBpm>
            <Cadence>174</Cadence>
          </Trackpoint>
          <Trackpoint>
            <Time>2026-03-05T14:12:50.000Z</Time>
            <Position>
              <LatitudeDegrees>37.3414213</LatitudeDegrees>
              <LongitudeDegrees>-121.8822420</LongitudeDegrees>
            </Position>
            <AltitudeMeters>23</AltitudeMeters>
            <DistanceMeters>7493.83</DistanceMeters>
            <HeartRateBpm><Value>164</Value></HeartRateBpm>
            <Cadence>174</Cadence>
          </Trackpoint>
          <Trackpoint>
            <Time>2026-03-05T14:12:55.000Z</Time>
            <Position>
              <LatitudeDegrees>37.3413231</LatitudeDegrees>
              <LongitudeDegrees>-121.8823657</LongitudeDegrees>
            </Position>
            <AltitudeMeters>23</AltitudeMeters>
            <DistanceMeters>7509.26</DistanceMeters>
            <HeartRateBpm><Value>164</Value></HeartRateBpm>
            <Cadence>174</Cadence>
          </Trackpoint>
          <Trackpoint>
            <Time>2026-03-05T14:13:00.000Z</Time>
            <Position>
              <LatitudeDegrees>37.3412248</LatitudeDegrees>
              <LongitudeDegrees>-121.8824894</LongitudeDegrees>
            </Position>
            <AltitudeMeters>23</AltitudeMeters>
            <DistanceMeters>7524.69</DistanceMeters>
            <HeartRateBpm><Value>164</Value></HeartRateBpm>
            <Cadence>174</Cadence>
          </Trackpoint>
          <Trackpoint>
            <Time>2026-03-05T14:13:05.000Z</Time>
            <Position>
              <LatitudeDegrees>37.3411266</LatitudeDegrees>
              <LongitudeDegrees>-121.8826131</LongitudeDegrees>
            </Position>
            <AltitudeMeters>23</AltitudeMeters>
            <DistanceMeters>7540.12</DistanceMeters>
            <HeartRateBpm><Value>164</Value></HeartRateBpm>
            <Cadence>174</Cadence>
          </Trackpoint>
          <Trackpoint>
            <Time>2026-03-05T14:13:10.000Z</Time>
            <Position>
              <LatitudeDegrees>37.3410284</LatitudeDegrees>
              <LongitudeDegrees>-121.8827369</LongitudeDegrees>
            </Position>
            <AltitudeMeters>23</AltitudeMeters>
            <DistanceMeters>7555.56</DistanceMeters>
            <HeartRateBpm><Value>164</Value></HeartRateBpm>
            <Cadence>174</Cadence>
          </Trackpoint>
          <Trackpoint>
            <Time>2026-03-05T14:13:15.000Z</Time>
            <Position>
              <LatitudeDegrees>37.3409302</LatitudeDegrees>
              <LongitudeDegrees>-121.8828606</LongitudeDegrees>
            </Position>
            <AltitudeMeters>23</AltitudeMeters>
            <DistanceMeters>7570.99</DistanceMeters>
            <HeartRateBpm><Value>164</Value></HeartRateBpm>
            <Cadence>174</Cadence>
          </Trackpoint>
          <Trackpoint>
            <Time>2026-03-05T14:13:20.000Z</Time>
            <Position>
              <LatitudeDegrees>37.3408320</LatitudeDegrees>
              <LongitudeDegrees>-121.8829843</LongitudeDegrees>
            </Position>
            <AltitudeMeters>23.1</AltitudeMeters>
            <DistanceMeters>7586.42</DistanceMeters>
            <HeartRateBpm><Value>164</Value></HeartRateBpm>
            <Cadence>174</Cadence>
          </Trackpoint>
          <Trackpoint>
            <Time>2026-03-05T14:13:25.000Z</Time>
            <Position>
              <LatitudeDegrees>37.3407338</LatitudeDegrees>
              <LongitudeDegrees>-121.8831080</LongitudeDegrees>
            </Position>
            <AltitudeMeters>23.1</AltitudeMeters>
            <DistanceMeters>7601.85</DistanceMeters>
            <HeartRateBpm><Value>164</Value></HeartRateBpm>
            <Cadence>174</Cadence>
          </Trackpoint>
          <Trackpoint>
            <Time>2026-03-05T14:13:30.000Z</Time>
            <Position>
              <LatitudeDegrees>37.3406356</LatitudeDegrees>
              <LongitudeDegrees>-121.8832317</LongitudeDegrees>
            </Position>
            <AltitudeMeters>23.1</AltitudeMeters>
            <DistanceMeters>7617.28</DistanceMeters>
            <HeartRateBpm><Value>164</Value></HeartRateBpm>
            <Cadence>174</Cadence>
          </Trackpoint>
          <Trackpoint>
            <Time>2026-03-05T14:13:35.000Z</Time>
            <Position>
              <LatitudeDegrees>37.3405374</LatitudeDegrees>
              <LongitudeDegrees>-121.8833555</LongitudeDegrees>
            </Position>
            <AltitudeMeters>23.2</AltitudeMeters>
            <DistanceMeters>7632.72</DistanceMeters>
            <HeartRateBpm><Value>164</Value></HeartRateBpm>
            <Cadence>174</Cadence>
          </Trackpoint>
          <Trackpoint>
            <Time>2026-03-05T14:13:40.000Z</Time>
            <Position>
              <LatitudeDegrees>37.3404392</LatitudeDegrees>
              <LongitudeDegrees>-121.8834792</LongitudeDegrees>
            </Position>
            <AltitudeMeters>23.2</AltitudeMeters>
            <DistanceMeters>7648.15</DistanceMeters>
            <HeartRateBpm><Value>164</Value></HeartRateBpm>
            <Cadence>174</Cadence>
          </Trackpoint>
          <Trackpoint>
            <Time>2026-03-05T14:13:45.000Z</Time>
            <Position>
              <LatitudeDegrees>37.3403410</LatitudeDegrees>
              <LongitudeDegrees>-121.8836029</LongitudeDegrees>
            </Position>
            <AltitudeMeters>23.3</AltitudeMeters>
            <DistanceMeters>7663.58</DistanceMeters>
            <HeartRateBpm><Value>164</Value></HeartRateBpm>
            <Cadence>174</Cadence>
          </Trackpoint>
          <Trackpoint>
            <Time>2026-03-05T14:13:50.000Z</Time>
            <Position>
              <LatitudeDegrees>37.3402428</LatitudeDegrees>
              <LongitudeDegrees>-121.8837266</LongitudeDegrees>
            </Position>
            <AltitudeMeters>23.3</AltitudeMeters>
            <DistanceMeters>7679.01</DistanceMeters>
            <HeartRateBpm><Value>164</Value></HeartRateBpm>
            <Cadence>174</Cadence>
          </Trackpoint>
          <Trackpoint>
            <Time>2026-03-05T14:13:55.000Z</Time>
            <Position>
              <LatitudeDegrees>37.3401445</LatitudeDegrees>
              <LongitudeDegrees>-121.8838503</LongitudeDegrees>
            </Position>
            <AltitudeMeters>23.4</AltitudeMeters>
            <DistanceMeters>7694.44</DistanceMeters>
            <HeartRateBpm><Value>164</Value></HeartRateBpm>
            <Cadence>174</Cadence>
          </Trackpoint>
          <Trackpoint>
            <Time>2026-03-05T14:14:00.000Z</Time>
            <Position>
              <LatitudeDegrees>37.3400463</LatitudeDegrees>
              <LongitudeDegrees>-121.8839741</LongitudeDegrees>
            </Position>
            <AltitudeMeters>23.4</AltitudeMeters>
            <DistanceMeters>7709.88</DistanceMeters>
            <HeartRateBpm><Value>164</Value></HeartRateBpm>
            <Cadence>174</Cadence>
          </Trackpoint>
          <Trackpoint>
            <Time>2026-03-05T14:14:05.000Z</Time>
            <Position>
              <LatitudeDegrees>37.3399481</LatitudeDegrees>
              <LongitudeDegrees>-121.8840978</LongitudeDegrees>
            </Position>
            <AltitudeMeters>23.5</AltitudeMeters>
            <DistanceMeters>7725.31</DistanceMeters>
            <HeartRateBpm><Value>164</Value></HeartRateBpm>
            <Cadence>174</Cadence>
          </Trackpoint>
          <Trackpoint>
            <Time>2026-03-05T14:14:10.000Z</Time>
            <Position>
              <LatitudeDegrees>37.3398499</LatitudeDegrees>
              <LongitudeDegrees>-121.8842215</LongitudeDegrees>
            </Position>
            <AltitudeMeters>23.5</AltitudeMeters>
            <DistanceMeters>7740.74</DistanceMeters>
            <HeartRateBpm><Value>164</Value></HeartRateBpm>
            <Cadence>174</Cadence>
          </Trackpoint>
          <Trackpoint>
            <Time>2026-03-05T14:14:15.000Z</Time>
            <Position>
              <LatitudeDegrees>37.3397517</LatitudeDegrees>
              <LongitudeDegrees>-121.8843452</LongitudeDegrees>
            </Position>
            <AltitudeMeters>23.6</AltitudeMeters>
            <DistanceMeters>7756.17</DistanceMeters>
            <HeartRateBpm><Value>164</Value></HeartRateBpm>
            <Cadence>174</Cadence>
          </Trackpoint>
          <Trackpoint>
            <Time>2026-03-05T14:14:20.000Z</Time>
            <Position>
              <LatitudeDegrees>37.3396535</LatitudeDegrees>
              <LongitudeDegrees>-121.8844689</LongitudeDegrees>
            </Position>
            <AltitudeMeters>23.7</AltitudeMeters>
            <DistanceMeters>7771.60</DistanceMeters>
            <HeartRateBpm><Value>164</Value></HeartRateBpm>
            <Cadence>174</Cadence>
          </Trackpoint>
          <Trackpoint>
            <Time>2026-03-05T14:14:25.000Z</Time>
            <Position>
              <LatitudeDegrees>37.3395553</LatitudeDegrees>
              <LongitudeDegrees>-121.8845927</LongitudeDegrees>
            </Position>
            <AltitudeMeters>23.8</AltitudeMeters>
            <DistanceMeters>7787.04</DistanceMeters>
            <HeartRateBpm><Value>164</Value></HeartRateBpm>
            <Cadence>174</Cadence>
          </Trackpoint>
          <Trackpoint>
            <Time>2026-03-05T14:14:30.000Z</Time>
            <Position>
              <LatitudeDegrees>37.3394571</LatitudeDegrees>
              <LongitudeDegrees>-121.8847164</LongitudeDegrees>
            </Position>
            <AltitudeMeters>23.8</AltitudeMeters>
            <DistanceMeters>7802.47</DistanceMeters>
            <HeartRateBpm><Value>164</Value></HeartRateBpm>
            <Cadence>174</Cadence>
          </Trackpoint>
          <Trackpoint>
            <Time>2026-03-05T14:14:35.000Z</Time>
            <Position>
              <LatitudeDegrees>37.3393589</LatitudeDegrees>
              <LongitudeDegrees>-121.8848401</LongitudeDegrees>
            </Position>
            <AltitudeMeters>23.9</AltitudeMeters>
            <DistanceMeters>7817.90</DistanceMeters>
            <HeartRateBpm><Value>164</Value></HeartRateBpm>
            <Cadence>174</Cadence>
          </Trackpoint>
          <Trackpoint>
            <Time>2026-03-05T14:14:40.000Z</Time>
            <Position>
              <LatitudeDegrees>37.3392607</LatitudeDegrees>
              <LongitudeDegrees>-121.8849638</LongitudeDegrees>
            </Position>
            <AltitudeMeters>24</AltitudeMeters>
            <DistanceMeters>7833.33</DistanceMeters>
            <HeartRateBpm><Value>164</Value></HeartRateBpm>
            <Cadence>174</Cadence>
          </Trackpoint>
          <Trackpoint>
            <Time>2026-03-05T14:14:45.000Z</Time>
            <Position>
              <LatitudeDegrees>37.3391625</LatitudeDegrees>
              <LongitudeDegrees>-121.8850875</LongitudeDegrees>
            </Position>
            <AltitudeMeters>24.1</AltitudeMeters>
            <DistanceMeters>7848.77</DistanceMeters>
            <HeartRateBpm><Value>164</Value></HeartRateBpm>
            <Cadence>174</Cadence>
          </Trackpoint>
          <Trackpoint>
            <Time>2026-03-05T14:14:50.000Z</Time>
            <Position>
              <LatitudeDegrees>37.3390642</LatitudeDegrees>
              <LongitudeDegrees>-121.8852113</LongitudeDegrees>
            </Position>
            <AltitudeMeters>24.2</AltitudeMeters>
            <DistanceMeters>7864.20</DistanceMeters>
            <HeartRateBpm><Value>164</Value></HeartRateBpm>
            <Cadence>174</Cadence>
          </Trackpoint>
          <Trackpoint>
            <Time>2026-03-05T14:14:55.000Z</Time>
            <Position>
              <LatitudeDegrees>37.3389660</LatitudeDegrees>
              <LongitudeDegrees>-121.8853350</LongitudeDegrees>
            </Position>
            <AltitudeMeters>24.3</AltitudeMeters>
            <DistanceMeters>7879.63</DistanceMeters>
            <HeartRateBpm><Value>164</Value></HeartRateBpm>
            <Cadence>174</Cadence>
          </Trackpoint>
          <Trackpoint>
            <Time>2026-03-05T14:15:00.000Z</Time>
            <Position>
              <LatitudeDegrees>37.3388678</LatitudeDegrees>
              <LongitudeDegrees>-121.8854587</LongitudeDegrees>
            </Position>
            <AltitudeMeters>24.4</AltitudeMeters>
            <DistanceMeters>7895.06</DistanceMeters>
            <HeartRateBpm><Value>164</Value></HeartRateBpm>
            <Cadence>174</Cadence>
          </Trackpoint>
          <Trackpoint>
            <Time>2026-03-05T14:15:05.000Z</Time>
            <Position>
              <LatitudeDegrees>37.3387696</LatitudeDegrees>
              <LongitudeDegrees>-121.8855824</LongitudeDegrees>
            </Position>
            <AltitudeMeters>24.4</AltitudeMeters>
            <DistanceMeters>7910.49</DistanceMeters>
            <HeartRateBpm><Value>164</Value></HeartRateBpm>
            <Cadence>174</Cadence>
          </Trackpoint>
          <Trackpoint>
            <Time>2026-03-05T14:15:10.000Z</Time>
            <Position>
              <LatitudeDegrees>37.3386714</LatitudeDegrees>
              <LongitudeDegrees>-121.8857061</LongitudeDegrees>
            </Position>
            <AltitudeMeters>24.5</AltitudeMeters>
            <DistanceMeters>7925.93</DistanceMeters>
            <HeartRateBpm><Value>164</Value></HeartRateBpm>
            <Cadence>174</Cadence>
          </Trackpoint>
          <Trackpoint>
            <Time>2026-03-05T14:15:15.000Z</Time>
            <Position>
              <LatitudeDegrees>37.3385732</LatitudeDegrees>
              <LongitudeDegrees>-121.8858299</LongitudeDegrees>
            </Position>
            <AltitudeMeters>24.6</AltitudeMeters>
            <DistanceMeters>7941.36</DistanceMeters>
            <HeartRateBpm><Value>164</Value></HeartRateBpm>
            <Cadence>174</Cadence>
          </Trackpoint>
          <Trackpoint>
            <Time>2026-03-05T14:15:20.000Z</Time>
            <Position>
              <LatitudeDegrees>37.3384750</LatitudeDegrees>
              <LongitudeDegrees>-121.8859536</LongitudeDegrees>
            </Position>
            <AltitudeMeters>24.7</AltitudeMeters>
            <DistanceMeters>7956.79</DistanceMeters>
            <HeartRateBpm><Value>164</Value></HeartRateBpm>
            <Cadence>174</Cadence>
          </Trackpoint>
          <Trackpoint>
            <Time>2026-03-05T14:15:25.000Z</Time>
            <Position>
              <LatitudeDegrees>37.3383768</LatitudeDegrees>
              <LongitudeDegrees>-121.8860773</LongitudeDegrees>
            </Position>
            <AltitudeMeters>24.8</AltitudeMeters>
            <DistanceMeters>7972.22</DistanceMeters>
            <HeartRateBpm><Value>164</Value></HeartRateBpm>
            <Cadence>174</Cadence>
          </Trackpoint>
          <Trackpoint>
            <Time>2026-03-05T14:15:30.000Z</Time>
            <Position>
              <LatitudeDegrees>37.3382786</LatitudeDegrees>
              <LongitudeDegrees>-121.8862010</LongitudeDegrees>
            </Position>
            <AltitudeMeters>24.9</AltitudeMeters>
            <DistanceMeters>7987.65</DistanceMeters>
            <HeartRateBpm><Value>164</Value></HeartRateBpm>
            <Cadence>174</Cadence>
          </Trackpoint>
          <Trackpoint>
            <Time>2026-03-05T14:15:34.000Z</Time>
            <Position>
              <LatitudeDegrees>37.3382000</LatitudeDegrees>
              <LongitudeDegrees>-121.8863000</LongitudeDegrees>
            </Position>
            <AltitudeMeters>25</AltitudeMeters>
            <DistanceMeters>8000.00</DistanceMeters>
            <HeartRateBpm><Value>164</Value></HeartRateBpm>
            <Cadence>174</Cadence>
          </Trackpoint>
        </Track>
      </Lap>
    </Activity>
  </Activities>
</TrainingCenterDatabase>