<?xml version="1.0" encoding="UTF-8"?>
<TrainingCenterDatabase
  xmlns="http://www.garmin.com/xmlschemas/TrainingCenterDatabase/v2"
  xmlns:xsi="http://www.w3.org/2001/XMLSchema-instance"
  xsi:schemaLocation="http://www.garmin.com/xmlschemas/TrainingCenterDatabase/v2 https://www.garmin.com/xmlschemas/TrainingCenterDatabasev2.xsd">
  <Activities>
    <Activity Sport="Running">
      <Id>2026-03-30T13:30:00.000Z</Id>
      <Lap StartTime="2026-03-30T13:30:00.000Z">
        <TotalTimeSeconds>4050</TotalTimeSeconds>
        <DistanceMeters>10000</DistanceMeters>
        <AverageHeartRateBpm><Value>137</Value></AverageHeartRateBpm>
        <MaximumHeartRateBpm><Value>151</Value></MaximumHeartRateBpm>
        <Intensity>Active</Intensity>
        <TriggerMethod>Manual</TriggerMethod>
        <Track>
          <Trackpoint>
            <Time>2026-03-30T13:30:00.000Z</Time>
            <Position>
              <LatitudeDegrees>37.3382000</LatitudeDegrees>
              <LongitudeDegrees>-121.8863000</LongitudeDegrees>
            </Position>
            <AltitudeMeters>25</AltitudeMeters>
            <DistanceMeters>0.00</DistanceMeters>
            <HeartRateBpm><Value>129</Value></HeartRateBpm>
            <Cadence>166</Cadence>
          </Trackpoint>
          <Trackpoint>
            <Time>2026-03-30T13:30:05.000Z</Time>
            <Position>
              <LatitudeDegrees>37.3382786</LatitudeDegrees>
              <LongitudeDegrees>-121.8862010</LongitudeDegrees>
            </Position>
            <AltitudeMeters>25.1</AltitudeMeters>
            <DistanceMeters>12.35</DistanceMeters>
            <HeartRateBpm><Value>129</Value></HeartRateBpm>
            <Cadence>166</Cadence>
          </Trackpoint>
          <Trackpoint>
            <Time>2026-03-30T13:30:10.000Z</Time>
            <Position>
              <LatitudeDegrees>37.3383571</LatitudeDegrees>
              <LongitudeDegrees>-121.8861020</LongitudeDegrees>
            </Position>
            <AltitudeMeters>25.2</AltitudeMeters>
            <DistanceMeters>24.69</DistanceMeters>
            <HeartRateBpm><Value>129</Value></HeartRateBpm>
            <Cadence>166</Cadence>
          </Trackpoint>
          <Trackpoint>
            <Time>2026-03-30T13:30:15.000Z</Time>
            <Position>
              <LatitudeDegrees>37.3384357</LatitudeDegrees>
              <LongitudeDegrees>-121.8860031</LongitudeDegrees>
            </Position>
            <AltitudeMeters>25.2</AltitudeMeters>
            <DistanceMeters>37.04</DistanceMeters>
            <HeartRateBpm><Value>129</Value></HeartRateBpm>
            <Cadence>166</Cadence>
          </Trackpoint>
          <Trackpoint>
            <Time>2026-03-30T13:30:20.000Z</Time>
            <Position>
              <LatitudeDegrees>37.3385143</LatitudeDegrees>
              <LongitudeDegrees>-121.8859041</LongitudeDegrees>
            </Position>
            <AltitudeMeters>25.3</AltitudeMeters>
            <DistanceMeters>49.38</DistanceMeters>
            <HeartRateBpm><Value>129</Value></HeartRateBpm>
            <Cadence>166</Cadence>
          </Trackpoint>
          <Trackpoint>
            <Time>2026-03-30T13:30:25.000Z</Time>
            <Position>
              <LatitudeDegrees>37.3385928</LatitudeDegrees>
              <LongitudeDegrees>-121.8858051</LongitudeDegrees>
            </Position>
            <AltitudeMeters>25.4</AltitudeMeters>
            <DistanceMeters>61.73</DistanceMeters>
            <HeartRateBpm><Value>129</Value></HeartRateBpm>
            <Cadence>166</Cadence>
          </Trackpoint>
          <Trackpoint>
            <Time>2026-03-30T13:30:30.000Z</Time>
            <Position>
              <LatitudeDegrees>37.3386714</LatitudeDegrees>
              <LongitudeDegrees>-121.8857061</LongitudeDegrees>
            </Position>
            <AltitudeMeters>25.5</AltitudeMeters>
            <DistanceMeters>74.07</DistanceMeters>
            <HeartRateBpm><Value>129</Value></HeartRateBpm>
            <Cadence>166</Cadence>
          </Trackpoint>
          <Trackpoint>
            <Time>2026-03-30T13:30:35.000Z</Time>
            <Position>
              <LatitudeDegrees>37.3387500</LatitudeDegrees>
              <LongitudeDegrees>-121.8856072</LongitudeDegrees>
            </Position>
            <AltitudeMeters>25.5</AltitudeMeters>
            <DistanceMeters>86.42</DistanceMeters>
            <HeartRateBpm><Value>129</Value></HeartRateBpm>
            <Cadence>166</Cadence>
          </Trackpoint>
          <Trackpoint>
            <Time>2026-03-30T13:30:40.000Z</Time>
            <Position>
              <LatitudeDegrees>37.3388285</LatitudeDegrees>
              <LongitudeDegrees>-121.8855082</LongitudeDegrees>
            </Position>
            <AltitudeMeters>25.6</AltitudeMeters>
            <DistanceMeters>98.77</DistanceMeters>
            <HeartRateBpm><Value>130</Value></HeartRateBpm>
            <Cadence>166</Cadence>
          </Trackpoint>
          <Trackpoint>
            <Time>2026-03-30T13:30:45.000Z</Time>
            <Position>
              <LatitudeDegrees>37.3389071</LatitudeDegrees>
              <LongitudeDegrees>-121.8854092</LongitudeDegrees>
            </Position>
            <AltitudeMeters>25.7</AltitudeMeters>
            <DistanceMeters>111.11</DistanceMeters>
            <HeartRateBpm><Value>130</Value></HeartRateBpm>
            <Cadence>166</Cadence>
          </Trackpoint>
          <Trackpoint>
            <Time>2026-03-30T13:30:50.000Z</Time>
            <Position>
              <LatitudeDegrees>37.3389857</LatitudeDegrees>
              <LongitudeDegrees>-121.8853102</LongitudeDegrees>
            </Position>
            <AltitudeMeters>25.8</AltitudeMeters>
            <DistanceMeters>123.46</DistanceMeters>
            <HeartRateBpm><Value>130</Value></HeartRateBpm>
            <Cadence>166</Cadence>
          </Trackpoint>
          <Trackpoint>
            <Time>2026-03-30T13:30:55.000Z</Time>
            <Position>
              <LatitudeDegrees>37.3390642</LatitudeDegrees>
              <LongitudeDegrees>-121.8852113</LongitudeDegrees>
            </Position>
            <AltitudeMeters>25.8</AltitudeMeters>
            <DistanceMeters>135.80</DistanceMeters>
            <HeartRateBpm><Value>130</Value></HeartRateBpm>
            <Cadence>166</Cadence>
          </Trackpoint>
          <Trackpoint>
            <Time>2026-03-30T13:31:00.000Z</Time>
            <Position>
              <LatitudeDegrees>37.3391428</LatitudeDegrees>
              <LongitudeDegrees>-121.8851123</LongitudeDegrees>
            </Position>
            <AltitudeMeters>25.9</AltitudeMeters>
            <DistanceMeters>148.15</DistanceMeters>
            <HeartRateBpm><Value>130</Value></HeartRateBpm>
            <Cadence>166</Cadence>
          </Trackpoint>
          <Trackpoint>
            <Time>2026-03-30T13:31:05.000Z</Time>
            <Position>
              <LatitudeDegrees>37.3392214</LatitudeDegrees>
              <LongitudeDegrees>-121.8850133</LongitudeDegrees>
            </Position>
            <AltitudeMeters>26</AltitudeMeters>
            <DistanceMeters>160.49</DistanceMeters>
            <HeartRateBpm><Value>130</Value></HeartRateBpm>
            <Cadence>166</Cadence>
          </Trackpoint>
          <Trackpoint>
            <Time>2026-03-30T13:31:10.000Z</Time>
            <Position>
              <LatitudeDegrees>37.3392999</LatitudeDegrees>
              <LongitudeDegrees>-121.8849143</LongitudeDegrees>
            </Position>
            <AltitudeMeters>26</AltitudeMeters>
            <DistanceMeters>172.84</DistanceMeters>
            <HeartRateBpm><Value>130</Value></HeartRateBpm>
            <Cadence>166</Cadence>
          </Trackpoint>
          <Trackpoint>
            <Time>2026-03-30T13:31:15.000Z</Time>
            <Position>
              <LatitudeDegrees>37.3393785</LatitudeDegrees>
              <LongitudeDegrees>-121.8848154</LongitudeDegrees>
            </Position>
            <AltitudeMeters>26.1</AltitudeMeters>
            <DistanceMeters>185.19</DistanceMeters>
            <HeartRateBpm><Value>130</Value></HeartRateBpm>
            <Cadence>166</Cadence>
          </Trackpoint>
          <Trackpoint>
            <Time>2026-03-30T13:31:20.000Z</Time>
            <Position>
              <LatitudeDegrees>37.3394571</LatitudeDegrees>
              <LongitudeDegrees>-121.8847164</LongitudeDegrees>
            </Position>
            <AltitudeMeters>26.2</AltitudeMeters>
            <DistanceMeters>197.53</DistanceMeters>
            <HeartRateBpm><Value>130</Value></HeartRateBpm>
            <Cadence>166</Cadence>
          </Trackpoint>
          <Trackpoint>
            <Time>2026-03-30T13:31:25.000Z</Time>
            <Position>
              <LatitudeDegrees>37.3395356</LatitudeDegrees>
              <LongitudeDegrees>-121.8846174</LongitudeDegrees>
            </Position>
            <AltitudeMeters>26.2</AltitudeMeters>
            <DistanceMeters>209.88</DistanceMeters>
            <HeartRateBpm><Value>130</Value></HeartRateBpm>
            <Cadence>166</Cadence>
          </Trackpoint>
          <Trackpoint>
            <Time>2026-03-30T13:31:30.000Z</Time>
            <Position>
              <LatitudeDegrees>37.3396142</LatitudeDegrees>
              <LongitudeDegrees>-121.8845184</LongitudeDegrees>
            </Position>
            <AltitudeMeters>26.3</AltitudeMeters>
            <DistanceMeters>222.22</DistanceMeters>
            <HeartRateBpm><Value>130</Value></HeartRateBpm>
            <Cadence>166</Cadence>
          </Trackpoint>
          <Trackpoint>
            <Time>2026-03-30T13:31:35.000Z</Time>
            <Position>
              <LatitudeDegrees>37.3396928</LatitudeDegrees>
              <LongitudeDegrees>-121.8844194</LongitudeDegrees>
            </Position>
            <AltitudeMeters>26.3</AltitudeMeters>
            <DistanceMeters>234.57</DistanceMeters>
            <HeartRateBpm><Value>130</Value></HeartRateBpm>
            <Cadence>166</Cadence>
          </Trackpoint>
          <Trackpoint>
            <Time>2026-03-30T13:31:40.000Z</Time>
            <Position>
              <LatitudeDegrees>37.3397713</LatitudeDegrees>
              <LongitudeDegrees>-121.8843205</LongitudeDegrees>
            </Position>
            <AltitudeMeters>26.4</AltitudeMeters>
            <DistanceMeters>246.91</DistanceMeters>
            <HeartRateBpm><Value>130</Value></HeartRateBpm>
            <Cadence>166</Cadence>
          </Trackpoint>
          <Trackpoint>
            <Time>2026-03-30T13:31:45.000Z</Time>
            <Position>
              <LatitudeDegrees>37.3398499</LatitudeDegrees>
              <LongitudeDegrees>-121.8842215</LongitudeDegrees>
            </Position>
            <AltitudeMeters>26.5</AltitudeMeters>
            <DistanceMeters>259.26</DistanceMeters>
            <HeartRateBpm><Value>130</Value></HeartRateBpm>
            <Cadence>166</Cadence>
          </Trackpoint>
          <Trackpoint>
            <Time>2026-03-30T13:31:50.000Z</Time>
            <Position>
              <LatitudeDegrees>37.3399285</LatitudeDegrees>
              <LongitudeDegrees>-121.8841225</LongitudeDegrees>
            </Position>
            <AltitudeMeters>26.5</AltitudeMeters>
            <DistanceMeters>271.60</DistanceMeters>
            <HeartRateBpm><Value>130</Value></HeartRateBpm>
            <Cadence>166</Cadence>
          </Trackpoint>
          <Trackpoint>
            <Time>2026-03-30T13:31:55.000Z</Time>
            <Position>
              <LatitudeDegrees>37.3400071</LatitudeDegrees>
              <LongitudeDegrees>-121.8840235</LongitudeDegrees>
            </Position>
            <AltitudeMeters>26.6</AltitudeMeters>
            <DistanceMeters>283.95</DistanceMeters>
            <HeartRateBpm><Value>131</Value></HeartRateBpm>
            <Cadence>166</Cadence>
          </Trackpoint>
          <Trackpoint>
            <Time>2026-03-30T13:32:00.000Z</Time>
            <Position>
              <LatitudeDegrees>37.3400856</LatitudeDegrees>
              <LongitudeDegrees>-121.8839246</LongitudeDegrees>
            </Position>
            <AltitudeMeters>26.6</AltitudeMeters>
            <DistanceMeters>296.30</DistanceMeters>
            <HeartRateBpm><Value>131</Value></HeartRateBpm>
            <Cadence>166</Cadence>
          </Trackpoint>
          <Trackpoint>
            <Time>2026-03-30T13:32:05.000Z</Time>
            <Position>
              <LatitudeDegrees>37.3401642</LatitudeDegrees>
              <LongitudeDegrees>-121.8838256</LongitudeDegrees>
            </Position>
            <AltitudeMeters>26.6</AltitudeMeters>
            <DistanceMeters>308.64</DistanceMeters>
            <HeartRateBpm><Value>131</Value></HeartRateBpm>
            <Cadence>166</Cadence>
          </Trackpoint>
          <Trackpoint>
            <Time>2026-03-30T13:32:10.000Z</Time>
            <Position>
              <LatitudeDegrees>37.3402428</LatitudeDegrees>
              <LongitudeDegrees>-121.8837266</LongitudeDegrees>
            </Position>
            <AltitudeMeters>26.7</AltitudeMeters>
            <DistanceMeters>320.99</DistanceMeters>
            <HeartRateBpm><Value>131</Value></HeartRateBpm>
            <Cadence>166</Cadence>
          </Trackpoint>
          <Trackpoint>
            <Time>2026-03-30T13:32:15.000Z</Time>
            <Position>
              <LatitudeDegrees>37.3403213</LatitudeDegrees>
              <LongitudeDegrees>-121.8836276</LongitudeDegrees>
            </Position>
            <AltitudeMeters>26.7</AltitudeMeters>
            <DistanceMeters>333.33</DistanceMeters>
            <HeartRateBpm><Value>131</Value></HeartRateBpm>
            <Cadence>166</Cadence>
          </Trackpoint>
          <Trackpoint>
            <Time>2026-03-30T13:32:20.000Z</Time>
            <Position>
              <LatitudeDegrees>37.3403999</LatitudeDegrees>
              <LongitudeDegrees>-121.8835287</LongitudeDegrees>
            </Position>
            <AltitudeMeters>26.8</AltitudeMeters>
            <DistanceMeters>345.68</DistanceMeters>
            <HeartRateBpm><Value>131</Value></HeartRateBpm>
            <Cadence>166</Cadence>
          </Trackpoint>
          <Trackpoint>
            <Time>2026-03-30T13:32:25.000Z</Time>
            <Position>
              <LatitudeDegrees>37.3404785</LatitudeDegrees>
              <LongitudeDegrees>-121.8834297</LongitudeDegrees>
            </Position>
            <AltitudeMeters>26.8</AltitudeMeters>
            <DistanceMeters>358.02</DistanceMeters>
            <HeartRateBpm><Value>131</Value></HeartRateBpm>
            <Cadence>166</Cadence>
          </Trackpoint>
          <Trackpoint>
            <Time>2026-03-30T13:32:30.000Z</Time>
            <Position>
              <LatitudeDegrees>37.3405570</LatitudeDegrees>
              <LongitudeDegrees>-121.8833307</LongitudeDegrees>
            </Position>
            <AltitudeMeters>26.8</AltitudeMeters>
            <DistanceMeters>370.37</DistanceMeters>
            <HeartRateBpm><Value>131</Value></HeartRateBpm>
            <Cadence>166</Cadence>
          </Trackpoint>
          <Trackpoint>
            <Time>2026-03-30T13:32:35.000Z</Time>
            <Position>
              <LatitudeDegrees>37.3406356</LatitudeDegrees>
              <LongitudeDegrees>-121.8832317</LongitudeDegrees>
            </Position>
            <AltitudeMeters>26.9</AltitudeMeters>
            <DistanceMeters>382.72</DistanceMeters>
            <HeartRateBpm><Value>131</Value></HeartRateBpm>
            <Cadence>166</Cadence>
          </Trackpoint>
          <Trackpoint>
            <Time>2026-03-30T13:32:40.000Z</Time>
            <Position>
              <LatitudeDegrees>37.3407142</LatitudeDegrees>
              <LongitudeDegrees>-121.8831328</LongitudeDegrees>
            </Position>
            <AltitudeMeters>26.9</AltitudeMeters>
            <DistanceMeters>395.06</DistanceMeters>
            <HeartRateBpm><Value>131</Value></HeartRateBpm>
            <Cadence>166</Cadence>
          </Trackpoint>
          <Trackpoint>
            <Time>2026-03-30T13:32:45.000Z</Time>
            <Position>
              <LatitudeDegrees>37.3407927</LatitudeDegrees>
              <LongitudeDegrees>-121.8830338</LongitudeDegrees>
            </Position>
            <AltitudeMeters>26.9</AltitudeMeters>
            <DistanceMeters>407.41</DistanceMeters>
            <HeartRateBpm><Value>131</Value></HeartRateBpm>
            <Cadence>166</Cadence>
          </Trackpoint>
          <Trackpoint>
            <Time>2026-03-30T13:32:50.000Z</Time>
            <Position>
              <LatitudeDegrees>37.3408713</LatitudeDegrees>
              <LongitudeDegrees>-121.8829348</LongitudeDegrees>
            </Position>
            <AltitudeMeters>26.9</AltitudeMeters>
            <DistanceMeters>419.75</DistanceMeters>
            <HeartRateBpm><Value>131</Value></HeartRateBpm>
            <Cadence>166</Cadence>
          </Trackpoint>
          <Trackpoint>
            <Time>2026-03-30T13:32:55.000Z</Time>
            <Position>
              <LatitudeDegrees>37.3409499</LatitudeDegrees>
              <LongitudeDegrees>-121.8828358</LongitudeDegrees>
            </Position>
            <AltitudeMeters>27</AltitudeMeters>
            <DistanceMeters>432.10</DistanceMeters>
            <HeartRateBpm><Value>131</Value></HeartRateBpm>
            <Cadence>166</Cadence>
          </Trackpoint>
          <Trackpoint>
            <Time>2026-03-30T13:33:00.000Z</Time>
            <Position>
              <LatitudeDegrees>37.3410284</LatitudeDegrees>
              <LongitudeDegrees>-121.8827369</LongitudeDegrees>
            </Position>
            <AltitudeMeters>27</AltitudeMeters>
            <DistanceMeters>444.44</DistanceMeters>
            <HeartRateBpm><Value>131</Value></HeartRateBpm>
            <Cadence>166</Cadence>
          </Trackpoint>
          <Trackpoint>
            <Time>2026-03-30T13:33:05.000Z</Time>
            <Position>
              <LatitudeDegrees>37.3411070</LatitudeDegrees>
              <LongitudeDegrees>-121.8826379</LongitudeDegrees>
            </Position>
            <AltitudeMeters>27</AltitudeMeters>
            <DistanceMeters>456.79</DistanceMeters>
            <HeartRateBpm><Value>131</Value></HeartRateBpm>
            <Cadence>166</Cadence>
          </Trackpoint>
          <Trackpoint>
            <Time>2026-03-30T13:33:10.000Z</Time>
            <Position>
              <LatitudeDegrees>37.3411856</LatitudeDegrees>
              <LongitudeDegrees>-121.8825389</LongitudeDegrees>
            </Position>
            <AltitudeMeters>27</AltitudeMeters>
            <DistanceMeters>469.14</DistanceMeters>
            <HeartRateBpm><Value>132</Value></HeartRateBpm>
            <Cadence>166</Cadence>
          </Trackpoint>
          <Trackpoint>
            <Time>2026-03-30T13:33:15.000Z</Time>
            <Position>
              <LatitudeDegrees>37.3412641</LatitudeDegrees>
              <LongitudeDegrees>-121.8824399</LongitudeDegrees>
            </Position>
            <AltitudeMeters>27</AltitudeMeters>
            <DistanceMeters>481.48</DistanceMeters>
            <HeartRateBpm><Value>132</Value></HeartRateBpm>
            <Cadence>166</Cadence>
          </Trackpoint>
          <Trackpoint>
            <Time>2026-03-30T13:33:20.000Z</Time>
            <Position>
              <LatitudeDegrees>37.3413427</LatitudeDegrees>
              <LongitudeDegrees>-121.8823409</LongitudeDegrees>
            </Position>
            <AltitudeMeters>27</AltitudeMeters>
            <DistanceMeters>493.83</DistanceMeters>
            <HeartRateBpm><Value>132</Value></HeartRateBpm>
            <Cadence>166</Cadence>
          </Trackpoint>
          <Trackpoint>
            <Time>2026-03-30T13:33:25.000Z</Time>
            <Position>
              <LatitudeDegrees>37.3414213</LatitudeDegrees>
              <LongitudeDegrees>-121.8822420</LongitudeDegrees>
            </Position>
            <AltitudeMeters>27</AltitudeMeters>
            <DistanceMeters>506.17</DistanceMeters>
            <HeartRateBpm><Value>132</Value></HeartRateBpm>
            <Cadence>166</Cadence>
          </Trackpoint>
          <Trackpoint>
            <Time>2026-03-30T13:33:30.000Z</Time>
            <Position>
              <LatitudeDegrees>37.3414998</LatitudeDegrees>
              <LongitudeDegrees>-121.8821430</LongitudeDegrees>
            </Position>
            <AltitudeMeters>27</AltitudeMeters>
            <DistanceMeters>518.52</DistanceMeters>
            <HeartRateBpm><Value>132</Value></HeartRateBpm>
            <Cadence>166</Cadence>
          </Trackpoint>
          <Trackpoint>
            <Time>2026-03-30T13:33:35.000Z</Time>
            <Position>
              <LatitudeDegrees>37.3415784</LatitudeDegrees>
              <LongitudeDegrees>-121.8820440</LongitudeDegrees>
            </Position>
            <AltitudeMeters>27</AltitudeMeters>
            <DistanceMeters>530.86</DistanceMeters>
            <HeartRateBpm><Value>132</Value></HeartRateBpm>
            <Cadence>166</Cadence>
          </Trackpoint>
          <Trackpoint>
            <Time>2026-03-30T13:33:40.000Z</Time>
            <Position>
              <LatitudeDegrees>37.3416570</LatitudeDegrees>
              <LongitudeDegrees>-121.8819450</LongitudeDegrees>
            </Position>
            <AltitudeMeters>27</AltitudeMeters>
            <DistanceMeters>543.21</DistanceMeters>
            <HeartRateBpm><Value>132</Value></HeartRateBpm>
            <Cadence>166</Cadence>
          </Trackpoint>
          <Trackpoint>
            <Time>2026-03-30T13:33:45.000Z</Time>
            <Position>
              <LatitudeDegrees>37.3417355</LatitudeDegrees>
              <LongitudeDegrees>-121.8818461</LongitudeDegrees>
            </Position>
            <AltitudeMeters>27</AltitudeMeters>
            <DistanceMeters>555.56</DistanceMeters>
            <HeartRateBpm><Value>132</Value></HeartRateBpm>
            <Cadence>166</Cadence>
          </Trackpoint>
          <Trackpoint>
            <Time>2026-03-30T13:33:50.000Z</Time>
            <Position>
              <LatitudeDegrees>37.3418141</LatitudeDegrees>
              <LongitudeDegrees>-121.8817471</LongitudeDegrees>
            </Position>
            <AltitudeMeters>27</AltitudeMeters>
            <DistanceMeters>567.90</DistanceMeters>
            <HeartRateBpm><Value>132</Value></HeartRateBpm>
            <Cadence>166</Cadence>
          </Trackpoint>
          <Trackpoint>
            <Time>2026-03-30T13:33:55.000Z</Time>
            <Position>
              <LatitudeDegrees>37.3418927</LatitudeDegrees>
              <LongitudeDegrees>-121.8816481</LongitudeDegrees>
            </Position>
            <AltitudeMeters>26.9</AltitudeMeters>
            <DistanceMeters>580.25</DistanceMeters>
            <HeartRateBpm><Value>132</Value></HeartRateBpm>
            <Cadence>166</Cadence>
          </Trackpoint>
          <Trackpoint>
            <Time>2026-03-30T13:34:00.000Z</Time>
            <Position>
              <LatitudeDegrees>37.3419712</LatitudeDegrees>
              <LongitudeDegrees>-121.8815491</LongitudeDegrees>
            </Position>
            <AltitudeMeters>26.9</AltitudeMeters>
            <DistanceMeters>592.59</DistanceMeters>
            <HeartRateBpm><Value>132</Value></HeartRateBpm>
            <Cadence>166</Cadence>
          </Trackpoint>
          <Trackpoint>
            <Time>2026-03-30T13:34:05.000Z</Time>
            <Position>
              <LatitudeDegrees>37.3420498</LatitudeDegrees>
              <LongitudeDegrees>-121.8814502</LongitudeDegrees>
            </Position>
            <AltitudeMeters>26.9</AltitudeMeters>
            <DistanceMeters>604.94</DistanceMeters>
            <HeartRateBpm><Value>132</Value></HeartRateBpm>
            <Cadence>166</Cadence>
          </Trackpoint>
          <Trackpoint>
            <Time>2026-03-30T13:34:10.000Z</Time>
            <Position>
              <LatitudeDegrees>37.3421284</LatitudeDegrees>
              <LongitudeDegrees>-121.8813512</LongitudeDegrees>
            </Position>
            <AltitudeMeters>26.9</AltitudeMeters>
            <DistanceMeters>617.28</DistanceMeters>
            <HeartRateBpm><Value>132</Value></HeartRateBpm>
            <Cadence>166</Cadence>
          </Trackpoint>
          <Trackpoint>
            <Time>2026-03-30T13:34:15.000Z</Time>
            <Position>
              <LatitudeDegrees>37.3422069</LatitudeDegrees>
              <LongitudeDegrees>-121.8812522</LongitudeDegrees>
            </Position>
            <AltitudeMeters>26.8</AltitudeMeters>
            <DistanceMeters>629.63</DistanceMeters>
            <HeartRateBpm><Value>132</Value></HeartRateBpm>
            <Cadence>166</Cadence>
          </Trackpoint>
          <Trackpoint>
            <Time>2026-03-30T13:34:20.000Z</Time>
            <Position>
              <LatitudeDegrees>37.3422855</LatitudeDegrees>
              <LongitudeDegrees>-121.8811532</LongitudeDegrees>
            </Position>
            <AltitudeMeters>26.8</AltitudeMeters>
            <DistanceMeters>641.98</DistanceMeters>
            <HeartRateBpm><Value>132</Value></HeartRateBpm>
            <Cadence>166</Cadence>
          </Trackpoint>
          <Trackpoint>
            <Time>2026-03-30T13:34:25.000Z</Time>
            <Position>
              <LatitudeDegrees>37.3423641</LatitudeDegrees>
              <LongitudeDegrees>-121.8810543</LongitudeDegrees>
            </Position>
            <AltitudeMeters>26.8</AltitudeMeters>
            <DistanceMeters>654.32</DistanceMeters>
            <HeartRateBpm><Value>132</Value></HeartRateBpm>
            <Cadence>166</Cadence>
          </Trackpoint>
          <Trackpoint>
            <Time>2026-03-30T13:34:30.000Z</Time>
            <Position>
              <LatitudeDegrees>37.3424426</LatitudeDegrees>
              <LongitudeDegrees>-121.8809553</LongitudeDegrees>
            </Position>
            <AltitudeMeters>26.7</AltitudeMeters>
            <DistanceMeters>666.67</DistanceMeters>
            <HeartRateBpm><Value>133</Value></HeartRateBpm>
            <Cadence>166</Cadence>
          </Trackpoint>
          <Trackpoint>
            <Time>2026-03-30T13:34:35.000Z</Time>
            <Position>
              <LatitudeDegrees>37.3425212</LatitudeDegrees>
              <LongitudeDegrees>-121.8808563</LongitudeDegrees>
            </Position>
            <AltitudeMeters>26.7</AltitudeMeters>
            <DistanceMeters>679.01</DistanceMeters>
            <HeartRateBpm><Value>133</Value></HeartRateBpm>
            <Cadence>166</Cadence>
          </Trackpoint>
          <Trackpoint>
            <Time>2026-03-30T13:34:40.000Z</Time>
            <Position>
              <LatitudeDegrees>37.3425998</LatitudeDegrees>
              <LongitudeDegrees>-121.8807573</LongitudeDegrees>
            </Position>
            <AltitudeMeters>26.6</AltitudeMeters>
            <DistanceMeters>691.36</DistanceMeters>
            <HeartRateBpm><Value>133</Value></HeartRateBpm>
            <Cadence>166</Cadence>
          </Trackpoint>
          <Trackpoint>
            <Time>2026-03-30T13:34:45.000Z</Time>
            <Position>
              <LatitudeDegrees>37.3426783</LatitudeDegrees>
              <LongitudeDegrees>-121.8806583</LongitudeDegrees>
            </Position>
            <AltitudeMeters>26.6</AltitudeMeters>
            <DistanceMeters>703.70</DistanceMeters>
            <HeartRateBpm><Value>133</Value></HeartRateBpm>
            <Cadence>166</Cadence>
          </Trackpoint>
          <Trackpoint>
            <Time>2026-03-30T13:34:50.000Z</Time>
            <Position>
              <LatitudeDegrees>37.3427569</LatitudeDegrees>
              <LongitudeDegrees>-121.8805594</LongitudeDegrees>
            </Position>
            <AltitudeMeters>26.6</AltitudeMeters>
            <DistanceMeters>716.05</DistanceMeters>
            <HeartRateBpm><Value>133</Value></HeartRateBpm>
            <Cadence>166</Cadence>
          </Trackpoint>
          <Trackpoint>
            <Time>2026-03-30T13:34:55.000Z</Time>
            <Position>
              <LatitudeDegrees>37.3428355</LatitudeDegrees>
              <LongitudeDegrees>-121.8804604</LongitudeDegrees>
            </Position>
            <AltitudeMeters>26.5</AltitudeMeters>
            <DistanceMeters>728.40</DistanceMeters>
            <HeartRateBpm><Value>133</Value></HeartRateBpm>
            <Cadence>166</Cadence>
          </Trackpoint>
          <Trackpoint>
            <Time>2026-03-30T13:35:00.000Z</Time>
            <Position>
              <LatitudeDegrees>37.3429140</LatitudeDegrees>
              <LongitudeDegrees>-121.8803614</LongitudeDegrees>
            </Position>
            <AltitudeMeters>26.5</AltitudeMeters>
            <DistanceMeters>740.74</DistanceMeters>
            <HeartRateBpm><Value>133</Value></HeartRateBpm>
            <Cadence>166</Cadence>
          </Trackpoint>
          <Trackpoint>
            <Time>2026-03-30T13:35:05.000Z</Time>
            <Position>
              <LatitudeDegrees>37.3429926</LatitudeDegrees>
              <LongitudeDegrees>-121.8802624</LongitudeDegrees>
            </Position>
            <AltitudeMeters>26.4</AltitudeMeters>
            <DistanceMeters>753.09</DistanceMeters>
            <HeartRateBpm><Value>133</Value></HeartRateBpm>
            <Cadence>166</Cadence>
          </Trackpoint>
          <Trackpoint>
            <Time>2026-03-30T13:35:10.000Z</Time>
            <Position>
              <LatitudeDegrees>37.3430712</LatitudeDegrees>
              <LongitudeDegrees>-121.8801635</LongitudeDegrees>
            </Position>
            <AltitudeMeters>26.3</AltitudeMeters>
            <DistanceMeters>765.43</DistanceMeters>
            <HeartRateBpm><Value>133</Value></HeartRateBpm>
            <Cadence>166</Cadence>
          </Trackpoint>
          <Trackpoint>
            <Time>2026-03-30T13:35:15.000Z</Time>
            <Position>
              <LatitudeDegrees>37.3431498</LatitudeDegrees>
              <LongitudeDegrees>-121.8800645</LongitudeDegrees>
            </Position>
            <AltitudeMeters>26.3</AltitudeMeters>
            <DistanceMeters>777.78</DistanceMeters>
            <HeartRateBpm><Value>133</Value></HeartRateBpm>
            <Cadence>166</Cadence>
          </Trackpoint>
          <Trackpoint>
            <Time>2026-03-30T13:35:20.000Z</Time>
            <Position>
              <LatitudeDegrees>37.3432283</LatitudeDegrees>
              <LongitudeDegrees>-121.8799655</LongitudeDegrees>
            </Position>
            <AltitudeMeters>26.2</AltitudeMeters>
            <DistanceMeters>790.12</DistanceMeters>
            <HeartRateBpm><Value>133</Value></HeartRateBpm>
            <Cadence>166</Cadence>
          </Trackpoint>
          <Trackpoint>
            <Time>2026-03-30T13:35:25.000Z</Time>
            <Position>
              <LatitudeDegrees>37.3433069</LatitudeDegrees>
              <LongitudeDegrees>-121.8798665</LongitudeDegrees>
            </Position>
            <AltitudeMeters>26.2</AltitudeMeters>
            <DistanceMeters>802.47</DistanceMeters>
            <HeartRateBpm><Value>133</Value></HeartRateBpm>
            <Cadence>166</Cadence>
          </Trackpoint>
          <Trackpoint>
            <Time>2026-03-30T13:35:30.000Z</Time>
            <Position>
              <LatitudeDegrees>37.3433855</LatitudeDegrees>
              <LongitudeDegrees>-121.8797676</LongitudeDegrees>
            </Position>
            <AltitudeMeters>26.1</AltitudeMeters>
            <DistanceMeters>814.81</DistanceMeters>
            <HeartRateBpm><Value>133</Value></HeartRateBpm>
            <Cadence>166</Cadence>
          </Trackpoint>
          <Trackpoint>
            <Time>2026-03-30T13:35:35.000Z</Time>
            <Position>
              <LatitudeDegrees>37.3434640</LatitudeDegrees>
              <LongitudeDegrees>-121.8796686</LongitudeDegrees>
            </Position>
            <AltitudeMeters>26</AltitudeMeters>
            <DistanceMeters>827.16</DistanceMeters>
            <HeartRateBpm><Value>133</Value></HeartRateBpm>
            <Cadence>166</Cadence>
          </Trackpoint>
          <Trackpoint>
            <Time>2026-03-30T13:35:40.000Z</Time>
            <Position>
              <LatitudeDegrees>37.3435426</LatitudeDegrees>
              <LongitudeDegrees>-121.8795696</LongitudeDegrees>
            </Position>
            <AltitudeMeters>26</AltitudeMeters>
            <DistanceMeters>839.51</DistanceMeters>
            <HeartRateBpm><Value>133</Value></HeartRateBpm>
            <Cadence>166</Cadence>
          </Trackpoint>
          <Trackpoint>
            <Time>2026-03-30T13:35:45.000Z</Time>
            <Position>
              <LatitudeDegrees>37.3436212</LatitudeDegrees>
              <LongitudeDegrees>-121.8794706</LongitudeDegrees>
            </Position>
            <AltitudeMeters>25.9</AltitudeMeters>
            <DistanceMeters>851.85</DistanceMeters>
            <HeartRateBpm><Value>134</Value></HeartRateBpm>
            <Cadence>166</Cadence>
          </Trackpoint>
          <Trackpoint>
            <Time>2026-03-30T13:35:50.000Z</Time>
            <Position>
              <LatitudeDegrees>37.3436997</LatitudeDegrees>
              <LongitudeDegrees>-121.8793717</LongitudeDegrees>
            </Position>
            <AltitudeMeters>25.8</AltitudeMeters>
            <DistanceMeters>864.20</DistanceMeters>
            <HeartRateBpm><Value>134</Value></HeartRateBpm>
            <Cadence>166</Cadence>
          </Trackpoint>
          <Trackpoint>
            <Time>2026-03-30T13:35:55.000Z</Time>
            <Position>
              <LatitudeDegrees>37.3437783</LatitudeDegrees>
              <LongitudeDegrees>-121.8792727</LongitudeDegrees>
            </Position>
            <AltitudeMeters>25.8</AltitudeMeters>
            <DistanceMeters>876.54</DistanceMeters>
            <HeartRateBpm><Value>134</Value></HeartRateBpm>
            <Cadence>166</Cadence>
          </Trackpoint>
          <Trackpoint>
            <Time>2026-03-30T13:36:00.000Z</Time>
            <Position>
              <LatitudeDegrees>37.3438569</LatitudeDegrees>
              <LongitudeDegrees>-121.8791737</LongitudeDegrees>
            </Position>
            <AltitudeMeters>25.7</AltitudeMeters>
            <DistanceMeters>888.89</DistanceMeters>
            <HeartRateBpm><Value>134</Value></HeartRateBpm>
            <Cadence>166</Cadence>
          </Trackpoint>
          <Trackpoint>
            <Time>2026-03-30T13:36:05.000Z</Time>
            <Position>
              <LatitudeDegrees>37.3439354</LatitudeDegrees>
              <LongitudeDegrees>-121.8790747</LongitudeDegrees>
            </Position>
            <AltitudeMeters>25.6</AltitudeMeters>
            <DistanceMeters>901.23</DistanceMeters>
            <HeartRateBpm><Value>134</Value></HeartRateBpm>
            <Cadence>166</Cadence>
          </Trackpoint>
          <Trackpoint>
            <Time>2026-03-30T13:36:10.000Z</Time>
            <Position>
              <LatitudeDegrees>37.3440140</LatitudeDegrees>
              <LongitudeDegrees>-121.8789758</LongitudeDegrees>
            </Position>
            <AltitudeMeters>25.5</AltitudeMeters>
            <DistanceMeters>913.58</DistanceMeters>
            <HeartRateBpm><Value>134</Value></HeartRateBpm>
            <Cadence>166</Cadence>
          </Trackpoint>
          <Trackpoint>
            <Time>2026-03-30T13:36:15.000Z</Time>
            <Position>
              <LatitudeDegrees>37.3440926</LatitudeDegrees>
              <LongitudeDegrees>-121.8788768</LongitudeDegrees>
            </Position>
            <AltitudeMeters>25.5</AltitudeMeters>
            <DistanceMeters>925.93</DistanceMeters>
            <HeartRateBpm><Value>134</Value></HeartRateBpm>
            <Cadence>166</Cadence>
          </Trackpoint>
          <Trackpoint>
            <Time>2026-03-30T13:36:20.000Z</Time>
            <Position>
              <LatitudeDegrees>37.3441711</LatitudeDegrees>
              <LongitudeDegrees>-121.8787778</LongitudeDegrees>
            </Position>
            <AltitudeMeters>25.4</AltitudeMeters>
            <DistanceMeters>938.27</DistanceMeters>
            <HeartRateBpm><Value>134</Value></HeartRateBpm>
            <Cadence>166</Cadence>
          </Trackpoint>
          <Trackpoint>
            <Time>2026-03-30T13:36:25.000Z</Time>
            <Position>
              <LatitudeDegrees>37.3442497</LatitudeDegrees>
              <LongitudeDegrees>-121.8786788</LongitudeDegrees>
            </Position>
            <AltitudeMeters>25.3</AltitudeMeters>
            <DistanceMeters>950.62</DistanceMeters>
            <HeartRateBpm><Value>134</Value></HeartRateBpm>
            <Cadence>166</Cadence>
          </Trackpoint>
          <Trackpoint>
            <Time>2026-03-30T13:36:30.000Z</Time>
            <Position>
              <LatitudeDegrees>37.3443283</LatitudeDegrees>
              <LongitudeDegrees>-121.8785798</LongitudeDegrees>
            </Position>
            <AltitudeMeters>25.2</AltitudeMeters>
            <DistanceMeters>962.96</DistanceMeters>
            <HeartRateBpm><Value>134</Value></HeartRateBpm>
            <Cadence>166</Cadence>
          </Trackpoint>
          <Trackpoint>
            <Time>2026-03-30T13:36:35.000Z</Time>
            <Position>
              <LatitudeDegrees>37.3444068</LatitudeDegrees>
              <LongitudeDegrees>-121.8784809</LongitudeDegrees>
            </Position>
            <AltitudeMeters>25.2</AltitudeMeters>
            <DistanceMeters>975.31</DistanceMeters>
            <HeartRateBpm><Value>134</Value></HeartRateBpm>
            <Cadence>166</Cadence>
          </Trackpoint>
          <Trackpoint>
            <Time>2026-03-30T13:36:40.000Z</Time>
            <Position>
              <LatitudeDegrees>37.3444854</LatitudeDegrees>
              <LongitudeDegrees>-121.8783819</LongitudeDegrees>
            </Position>
            <AltitudeMeters>25.1</AltitudeMeters>
            <DistanceMeters>987.65</DistanceMeters>
            <HeartRateBpm><Value>134</Value></HeartRateBpm>
            <Cadence>166</Cadence>
          </Trackpoint>
          <Trackpoint>
            <Time>2026-03-30T13:36:45.000Z</Time>
            <Position>
              <LatitudeDegrees>37.3445640</LatitudeDegrees>
              <LongitudeDegrees>-121.8782829</LongitudeDegrees>
            </Position>
            <AltitudeMeters>25</AltitudeMeters>
            <DistanceMeters>1000.00</DistanceMeters>
            <HeartRateBpm><Value>134</Value></HeartRateBpm>
            <Cadence>166</Cadence>
          </Trackpoint>
          <Trackpoint>
            <Time>2026-03-30T13:36:50.000Z</Time>
            <Position>
              <LatitudeDegrees>37.3446425</LatitudeDegrees>
              <LongitudeDegrees>-121.8781839</LongitudeDegrees>
            </Position>
            <AltitudeMeters>24.9</AltitudeMeters>
            <DistanceMeters>1012.35</DistanceMeters>
            <HeartRateBpm><Value>134</Value></HeartRateBpm>
            <Cadence>166</Cadence>
          </Trackpoint>
          <Trackpoint>
            <Time>2026-03-30T13:36:55.000Z</Time>
            <Position>
              <LatitudeDegrees>37.3447211</LatitudeDegrees>
              <LongitudeDegrees>-121.8780850</LongitudeDegrees>
            </Position>
            <AltitudeMeters>24.8</AltitudeMeters>
            <DistanceMeters>1024.69</DistanceMeters>
            <HeartRateBpm><Value>134</Value></HeartRateBpm>
            <Cadence>166</Cadence>
          </Trackpoint>
          <Trackpoint>
            <Time>2026-03-30T13:37:00.000Z</Time>
            <Position>
              <LatitudeDegrees>37.3447997</LatitudeDegrees>
              <LongitudeDegrees>-121.8779860</LongitudeDegrees>
            </Position>
            <AltitudeMeters>24.8</AltitudeMeters>
            <DistanceMeters>1037.04</DistanceMeters>
            <HeartRateBpm><Value>135</Value></HeartRateBpm>
            <Cadence>166</Cadence>
          </Trackpoint>
          <Trackpoint>
            <Time>2026-03-30T13:37:05.000Z</Time>
            <Position>
              <LatitudeDegrees>37.3448782</LatitudeDegrees>
              <LongitudeDegrees>-121.8778870</LongitudeDegrees>
            </Position>
            <AltitudeMeters>24.7</AltitudeMeters>
            <DistanceMeters>1049.38</DistanceMeters>
            <HeartRateBpm><Value>135</Value></HeartRateBpm>
            <Cadence>166</Cadence>
          </Trackpoint>
          <Trackpoint>
            <Time>2026-03-30T13:37:10.000Z</Time>
            <Position>
              <LatitudeDegrees>37.3449568</LatitudeDegrees>
              <LongitudeDegrees>-121.8777880</LongitudeDegrees>
            </Position>
            <AltitudeMeters>24.6</AltitudeMeters>
            <DistanceMeters>1061.73</DistanceMeters>
            <HeartRateBpm><Value>135</Value></HeartRateBpm>
            <Cadence>166</Cadence>
          </Trackpoint>
          <Trackpoint>
            <Time>2026-03-30T13:37:15.000Z</Time>
            <Position>
              <LatitudeDegrees>37.3450354</LatitudeDegrees>
              <LongitudeDegrees>-121.8776891</LongitudeDegrees>
            </Position>
            <AltitudeMeters>24.5</AltitudeMeters>
            <DistanceMeters>1074.07</DistanceMeters>
            <HeartRateBpm><Value>135</Value></HeartRateBpm>
            <Cadence>166</Cadence>
          </Trackpoint>
          <Trackpoint>
            <Time>2026-03-30T13:37:20.000Z</Time>
            <Position>
              <LatitudeDegrees>37.3451139</LatitudeDegrees>
              <LongitudeDegrees>-121.8775901</LongitudeDegrees>
            </Position>
            <AltitudeMeters>24.5</AltitudeMeters>
            <DistanceMeters>1086.42</DistanceMeters>
            <HeartRateBpm><Value>135</Value></HeartRateBpm>
            <Cadence>166</Cadence>
          </Trackpoint>
          <Trackpoint>
            <Time>2026-03-30T13:37:25.000Z</Time>
            <Position>
              <LatitudeDegrees>37.3451925</LatitudeDegrees>
              <LongitudeDegrees>-121.8774911</LongitudeDegrees>
            </Position>
            <AltitudeMeters>24.4</AltitudeMeters>
            <DistanceMeters>1098.77</DistanceMeters>
            <HeartRateBpm><Value>135</Value></HeartRateBpm>
            <Cadence>166</Cadence>
          </Trackpoint>
          <Trackpoint>
            <Time>2026-03-30T13:37:30.000Z</Time>
            <Position>
              <LatitudeDegrees>37.3452711</LatitudeDegrees>
              <LongitudeDegrees>-121.8773921</LongitudeDegrees>
            </Position>
            <AltitudeMeters>24.3</AltitudeMeters>
            <DistanceMeters>1111.11</DistanceMeters>
            <HeartRateBpm><Value>135</Value></HeartRateBpm>
            <Cadence>166</Cadence>
          </Trackpoint>
          <Trackpoint>
            <Time>2026-03-30T13:37:35.000Z</Time>
            <Position>
              <LatitudeDegrees>37.3453496</LatitudeDegrees>
              <LongitudeDegrees>-121.8772932</LongitudeDegrees>
            </Position>
            <AltitudeMeters>24.2</AltitudeMeters>
            <DistanceMeters>1123.46</DistanceMeters>
            <HeartRateBpm><Value>135</Value></HeartRateBpm>
            <Cadence>166</Cadence>
          </Trackpoint>
          <Trackpoint>
            <Time>2026-03-30T13:37:40.000Z</Time>
            <Position>
              <LatitudeDegrees>37.3454282</LatitudeDegrees>
              <LongitudeDegrees>-121.8771942</LongitudeDegrees>
            </Position>
            <AltitudeMeters>24.2</AltitudeMeters>
            <DistanceMeters>1135.80</DistanceMeters>
            <HeartRateBpm><Value>135</Value></HeartRateBpm>
            <Cadence>166</Cadence>
          </Trackpoint>
          <Trackpoint>
            <Time>2026-03-30T13:37:45.000Z</Time>
            <Position>
              <LatitudeDegrees>37.3455068</LatitudeDegrees>
              <LongitudeDegrees>-121.8770952</LongitudeDegrees>
            </Position>
            <AltitudeMeters>24.1</AltitudeMeters>
            <DistanceMeters>1148.15</DistanceMeters>
            <HeartRateBpm><Value>135</Value></HeartRateBpm>
            <Cadence>166</Cadence>
          </Trackpoint>
          <Trackpoint>
            <Time>2026-03-30T13:37:50.000Z</Time>
            <Position>
              <LatitudeDegrees>37.3455853</LatitudeDegrees>
              <LongitudeDegrees>-121.8769962</LongitudeDegrees>
            </Position>
            <AltitudeMeters>24</AltitudeMeters>
            <DistanceMeters>1160.49</DistanceMeters>
            <HeartRateBpm><Value>135</Value></HeartRateBpm>
            <Cadence>166</Cadence>
          </Trackpoint>
          <Trackpoint>
            <Time>2026-03-30T13:37:55.000Z</Time>
            <Position>
              <LatitudeDegrees>37.3456639</LatitudeDegrees>
              <LongitudeDegrees>-121.8768972</LongitudeDegrees>
            </Position>
            <AltitudeMeters>24</AltitudeMeters>
            <DistanceMeters>1172.84</DistanceMeters>
            <HeartRateBpm><Value>135</Value></HeartRateBpm>
            <Cadence>166</Cadence>
          </Trackpoint>
          <Trackpoint>
            <Time>2026-03-30T13:38:00.000Z</Time>
            <Position>
              <LatitudeDegrees>37.3457425</LatitudeDegrees>
              <LongitudeDegrees>-121.8767983</LongitudeDegrees>
            </Position>
            <AltitudeMeters>23.9</AltitudeMeters>
            <DistanceMeters>1185.19</DistanceMeters>
            <HeartRateBpm><Value>135</Value></HeartRateBpm>
            <Cadence>166</Cadence>
          </Trackpoint>
          <Trackpoint>
            <Time>2026-03-30T13:38:05.000Z</Time>
            <Position>
              <LatitudeDegrees>37.3458210</LatitudeDegrees>
              <LongitudeDegrees>-121.8766993</LongitudeDegrees>
            </Position>
            <AltitudeMeters>23.8</AltitudeMeters>
            <DistanceMeters>1197.53</DistanceMeters>
            <HeartRateBpm><Value>135</Value></HeartRateBpm>
            <Cadence>166</Cadence>
          </Trackpoint>
          <Trackpoint>
            <Time>2026-03-30T13:38:10.000Z</Time>
            <Position>
              <LatitudeDegrees>37.3458996</LatitudeDegrees>
              <LongitudeDegrees>-121.8766003</LongitudeDegrees>
            </Position>
            <AltitudeMeters>23.8</AltitudeMeters>
            <DistanceMeters>1209.88</DistanceMeters>
            <HeartRateBpm><Value>135</Value></HeartRateBpm>
            <Cadence>166</Cadence>
          </Trackpoint>
          <Trackpoint>
            <Time>2026-03-30T13:38:15.000Z</Time>
            <Position>
              <LatitudeDegrees>37.3459782</LatitudeDegrees>
              <LongitudeDegrees>-121.8765013</LongitudeDegrees>
            </Position>
            <AltitudeMeters>23.7</AltitudeMeters>
            <DistanceMeters>1222.22</DistanceMeters>
            <HeartRateBpm><Value>136</Value></HeartRateBpm>
            <Cadence>166</Cadence>
          </Trackpoint>
          <Trackpoint>
            <Time>2026-03-30T13:38:20.000Z</Time>
            <Position>
              <LatitudeDegrees>37.3460567</LatitudeDegrees>
              <LongitudeDegrees>-121.8764024</LongitudeDegrees>
            </Position>
            <AltitudeMeters>23.7</AltitudeMeters>
            <DistanceMeters>1234.57</DistanceMeters>
            <HeartRateBpm><Value>136</Value></HeartRateBpm>
            <Cadence>166</Cadence>
          </Trackpoint>
          <Trackpoint>
            <Time>2026-03-30T13:38:25.000Z</Time>
            <Position>
              <LatitudeDegrees>37.3461353</LatitudeDegrees>
              <LongitudeDegrees>-121.8763034</LongitudeDegrees>
            </Position>
            <AltitudeMeters>23.6</AltitudeMeters>
            <DistanceMeters>1246.91</DistanceMeters>
            <HeartRateBpm><Value>136</Value></HeartRateBpm>
            <Cadence>166</Cadence>
          </Trackpoint>
          <Trackpoint>
            <Time>2026-03-30T13:38:30.000Z</Time>
            <Position>
              <LatitudeDegrees>37.3462139</LatitudeDegrees>
              <LongitudeDegrees>-121.8762044</LongitudeDegrees>
            </Position>
            <AltitudeMeters>23.5</AltitudeMeters>
            <DistanceMeters>1259.26</DistanceMeters>
            <HeartRateBpm><Value>136</Value></HeartRateBpm>
            <Cadence>166</Cadence>
          </Trackpoint>
          <Trackpoint>
            <Time>2026-03-30T13:38:35.000Z</Time>
            <Position>
              <LatitudeDegrees>37.3462925</LatitudeDegrees>
              <LongitudeDegrees>-121.8761054</LongitudeDegrees>
            </Position>
            <AltitudeMeters>23.5</AltitudeMeters>
            <DistanceMeters>1271.60</DistanceMeters>
            <HeartRateBpm><Value>136</Value></HeartRateBpm>
            <Cadence>166</Cadence>
          </Trackpoint>
          <Trackpoint>
            <Time>2026-03-30T13:38:40.000Z</Time>
            <Position>
              <LatitudeDegrees>37.3463710</LatitudeDegrees>
              <LongitudeDegrees>-121.8760065</LongitudeDegrees>
            </Position>
            <AltitudeMeters>23.4</AltitudeMeters>
            <DistanceMeters>1283.95</DistanceMeters>
            <HeartRateBpm><Value>136</Value></HeartRateBpm>
            <Cadence>166</Cadence>
          </Trackpoint>
          <Trackpoint>
            <Time>2026-03-30T13:38:45.000Z</Time>
            <Position>
              <LatitudeDegrees>37.3464496</LatitudeDegrees>
              <LongitudeDegrees>-121.8759075</LongitudeDegrees>
            </Position>
            <AltitudeMeters>23.4</AltitudeMeters>
            <DistanceMeters>1296.30</DistanceMeters>
            <HeartRateBpm><Value>136</Value></HeartRateBpm>
            <Cadence>166</Cadence>
          </Trackpoint>
          <Trackpoint>
            <Time>2026-03-30T13:38:50.000Z</Time>
            <Position>
              <LatitudeDegrees>37.3465282</LatitudeDegrees>
              <LongitudeDegrees>-121.8758085</LongitudeDegrees>
            </Position>
            <AltitudeMeters>23.4</AltitudeMeters>
            <DistanceMeters>1308.64</DistanceMeters>
            <HeartRateBpm><Value>136</Value></HeartRateBpm>
            <Cadence>166</Cadence>
          </Trackpoint>
          <Trackpoint>
            <Time>2026-03-30T13:38:55.000Z</Time>
            <Position>
              <LatitudeDegrees>37.3466067</LatitudeDegrees>
              <LongitudeDegrees>-121.8757095</LongitudeDegrees>
            </Position>
            <AltitudeMeters>23.3</AltitudeMeters>
            <DistanceMeters>1320.99</DistanceMeters>
            <HeartRateBpm><Value>136</Value></HeartRateBpm>
            <Cadence>166</Cadence>
          </Trackpoint>
          <Trackpoint>
            <Time>2026-03-30T13:39:00.000Z</Time>
            <Position>
              <LatitudeDegrees>37.3466853</LatitudeDegrees>
              <LongitudeDegrees>-121.8756106</LongitudeDegrees>
            </Position>
            <AltitudeMeters>23.3</AltitudeMeters>
            <DistanceMeters>1333.33</DistanceMeters>
            <HeartRateBpm><Value>136</Value></HeartRateBpm>
            <Cadence>166</Cadence>
          </Trackpoint>
          <Trackpoint>
            <Time>2026-03-30T13:39:05.000Z</Time>
            <Position>
              <LatitudeDegrees>37.3467639</LatitudeDegrees>
              <LongitudeDegrees>-121.8755116</LongitudeDegrees>
            </Position>
            <AltitudeMeters>23.2</AltitudeMeters>
            <DistanceMeters>1345.68</DistanceMeters>
            <HeartRateBpm><Value>136</Value></HeartRateBpm>
            <Cadence>166</Cadence>
          </Trackpoint>
          <Trackpoint>
            <Time>2026-03-30T13:39:10.000Z</Time>
            <Position>
              <LatitudeDegrees>37.3468424</LatitudeDegrees>
              <LongitudeDegrees>-121.8754126</LongitudeDegrees>
            </Position>
            <AltitudeMeters>23.2</AltitudeMeters>
            <DistanceMeters>1358.02</DistanceMeters>
            <HeartRateBpm><Value>136</Value></HeartRateBpm>
            <Cadence>166</Cadence>
          </Trackpoint>
          <Trackpoint>
            <Time>2026-03-30T13:39:15.000Z</Time>
            <Position>
              <LatitudeDegrees>37.3469210</LatitudeDegrees>
              <LongitudeDegrees>-121.8753136</LongitudeDegrees>
            </Position>
            <AltitudeMeters>23.2</AltitudeMeters>
            <DistanceMeters>1370.37</DistanceMeters>
            <HeartRateBpm><Value>136</Value></HeartRateBpm>
            <Cadence>166</Cadence>
          </Trackpoint>
          <Trackpoint>
            <Time>2026-03-30T13:39:20.000Z</Time>
            <Position>
              <LatitudeDegrees>37.3469996</LatitudeDegrees>
              <LongitudeDegrees>-121.8752146</LongitudeDegrees>
            </Position>
            <AltitudeMeters>23.1</AltitudeMeters>
            <DistanceMeters>1382.72</DistanceMeters>
            <HeartRateBpm><Value>136</Value></HeartRateBpm>
            <Cadence>166</Cadence>
          </Trackpoint>
          <Trackpoint>
            <Time>2026-03-30T13:39:25.000Z</Time>
            <Position>
              <LatitudeDegrees>37.3470781</LatitudeDegrees>
              <LongitudeDegrees>-121.8751157</LongitudeDegrees>
            </Position>
            <AltitudeMeters>23.1</AltitudeMeters>
            <DistanceMeters>1395.06</DistanceMeters>
            <HeartRateBpm><Value>136</Value></HeartRateBpm>
            <Cadence>166</Cadence>
          </Trackpoint>
          <Trackpoint>
            <Time>2026-03-30T13:39:30.000Z</Time>
            <Position>
              <LatitudeDegrees>37.3471567</LatitudeDegrees>
              <LongitudeDegrees>-121.8750167</LongitudeDegrees>
            </Position>
            <AltitudeMeters>23.1</AltitudeMeters>
            <DistanceMeters>1407.41</DistanceMeters>
            <HeartRateBpm><Value>137</Value></HeartRateBpm>
            <Cadence>166</Cadence>
          </Trackpoint>
          <Trackpoint>
            <Time>2026-03-30T13:39:35.000Z</Time>
            <Position>
              <LatitudeDegrees>37.3472353</LatitudeDegrees>
              <LongitudeDegrees>-121.8749177</LongitudeDegrees>
            </Position>
            <AltitudeMeters>23.1</AltitudeMeters>
            <DistanceMeters>1419.75</DistanceMeters>
            <HeartRateBpm><Value>137</Value></HeartRateBpm>
            <Cadence>166</Cadence>
          </Trackpoint>
          <Trackpoint>
            <Time>2026-03-30T13:39:40.000Z</Time>
            <Position>
              <LatitudeDegrees>37.3473138</LatitudeDegrees>
              <LongitudeDegrees>-121.8748187</LongitudeDegrees>
            </Position>
            <AltitudeMeters>23</AltitudeMeters>
            <DistanceMeters>1432.10</DistanceMeters>
            <HeartRateBpm><Value>137</Value></HeartRateBpm>
            <Cadence>166</Cadence>
          </Trackpoint>
          <Trackpoint>
            <Time>2026-03-30T13:39:45.000Z</Time>
            <Position>
              <LatitudeDegrees>37.3473924</LatitudeDegrees>
              <LongitudeDegrees>-121.8747198</LongitudeDegrees>
            </Position>
            <AltitudeMeters>23</AltitudeMeters>
            <DistanceMeters>1444.44</DistanceMeters>
            <HeartRateBpm><Value>137</Value></HeartRateBpm>
            <Cadence>166</Cadence>
          </Trackpoint>
          <Trackpoint>
            <Time>2026-03-30T13:39:50.000Z</Time>
            <Position>
              <LatitudeDegrees>37.3474710</LatitudeDegrees>
              <LongitudeDegrees>-121.8746208</LongitudeDegrees>
            </Position>
            <AltitudeMeters>23</AltitudeMeters>
            <DistanceMeters>1456.79</DistanceMeters>
            <HeartRateBpm><Value>137</Value></HeartRateBpm>
            <Cadence>166</Cadence>
          </Trackpoint>
          <Trackpoint>
            <Time>2026-03-30T13:39:55.000Z</Time>
            <Position>
              <LatitudeDegrees>37.3475495</LatitudeDegrees>
              <LongitudeDegrees>-121.8745218</LongitudeDegrees>
            </Position>
            <AltitudeMeters>23</AltitudeMeters>
            <DistanceMeters>1469.14</DistanceMeters>
            <HeartRateBpm><Value>137</Value></HeartRateBpm>
            <Cadence>166</Cadence>
          </Trackpoint>
          <Trackpoint>
            <Time>2026-03-30T13:40:00.000Z</Time>
            <Position>
              <LatitudeDegrees>37.3476281</LatitudeDegrees>
              <LongitudeDegrees>-121.8744228</LongitudeDegrees>
            </Position>
            <AltitudeMeters>23</AltitudeMeters>
            <DistanceMeters>1481.48</DistanceMeters>
            <HeartRateBpm><Value>137</Value></HeartRateBpm>
            <Cadence>166</Cadence>
          </Trackpoint>
          <Trackpoint>
            <Time>2026-03-30T13:40:05.000Z</Time>
            <Position>
              <LatitudeDegrees>37.3477067</LatitudeDegrees>
              <LongitudeDegrees>-121.8743239</LongitudeDegrees>
            </Position>
            <AltitudeMeters>23</AltitudeMeters>
            <DistanceMeters>1493.83</DistanceMeters>
            <HeartRateBpm><Value>137</Value></HeartRateBpm>
            <Cadence>166</Cadence>
          </Trackpoint>
          <Trackpoint>
            <Time>2026-03-30T13:40:10.000Z</Time>
            <Position>
              <LatitudeDegrees>37.3477852</LatitudeDegrees>
              <LongitudeDegrees>-121.8742249</LongitudeDegrees>
            </Position>
            <AltitudeMeters>23</AltitudeMeters>
            <DistanceMeters>1506.17</DistanceMeters>
            <HeartRateBpm><Value>137</Value></HeartRateBpm>
            <Cadence>166</Cadence>
          </Trackpoint>
          <Trackpoint>
            <Time>2026-03-30T13:40:15.000Z</Time>
            <Position>
              <LatitudeDegrees>37.3478638</LatitudeDegrees>
              <LongitudeDegrees>-121.8741259</LongitudeDegrees>
            </Position>
            <AltitudeMeters>23</AltitudeMeters>
            <DistanceMeters>1518.52</DistanceMeters>
            <HeartRateBpm><Value>137</Value></HeartRateBpm>
            <Cadence>166</Cadence>
          </Trackpoint>
          <Trackpoint>
            <Time>2026-03-30T13:40:20.000Z</Time>
            <Position>
              <LatitudeDegrees>37.3479424</LatitudeDegrees>
              <LongitudeDegrees>-121.8740269</LongitudeDegrees>
            </Position>
            <AltitudeMeters>23</AltitudeMeters>
            <DistanceMeters>1530.86</DistanceMeters>
            <HeartRateBpm><Value>137</Value></HeartRateBpm>
            <Cadence>166</Cadence>
          </Trackpoint>
          <Trackpoint>
            <Time>2026-03-30T13:40:25.000Z</Time>
            <Position>
              <LatitudeDegrees>37.3480209</LatitudeDegrees>
              <LongitudeDegrees>-121.8739280</LongitudeDegrees>
            </Position>
            <AltitudeMeters>23</AltitudeMeters>
            <DistanceMeters>1543.21</DistanceMeters>
            <HeartRateBpm><Value>137</Value></HeartRateBpm>
            <Cadence>166</Cadence>
          </Trackpoint>
          <Trackpoint>
            <Time>2026-03-30T13:40:30.000Z</Time>
            <Position>
              <LatitudeDegrees>37.3480995</LatitudeDegrees>
              <LongitudeDegrees>-121.8738290</LongitudeDegrees>
            </Position>
            <AltitudeMeters>23</AltitudeMeters>
            <DistanceMeters>1555.56</DistanceMeters>
            <HeartRateBpm><Value>137</Value></HeartRateBpm>
            <Cadence>166</Cadence>
          </Trackpoint>
          <Trackpoint>
            <Time>2026-03-30T13:40:35.000Z</Time>
            <Position>
              <LatitudeDegrees>37.3481781</LatitudeDegrees>
              <LongitudeDegrees>-121.8737300</LongitudeDegrees>
            </Position>
            <AltitudeMeters>23</AltitudeMeters>
            <DistanceMeters>1567.90</DistanceMeters>
            <HeartRateBpm><Value>137</Value></HeartRateBpm>
            <Cadence>166</Cadence>
          </Trackpoint>
          <Trackpoint>
            <Time>2026-03-30T13:40:40.000Z</Time>
            <Position>
              <LatitudeDegrees>37.3482566</LatitudeDegrees>
              <LongitudeDegrees>-121.8736310</LongitudeDegrees>
            </Position>
            <AltitudeMeters>23.1</AltitudeMeters>
            <DistanceMeters>1580.25</DistanceMeters>
            <HeartRateBpm><Value>137</Value></HeartRateBpm>
            <Cadence>166</Cadence>
          </Trackpoint>
          <Trackpoint>
            <Time>2026-03-30T13:40:45.000Z</Time>
            <Position>
              <LatitudeDegrees>37.3483352</LatitudeDegrees>
              <LongitudeDegrees>-121.8735321</LongitudeDegrees>
            </Position>
            <AltitudeMeters>23.1</AltitudeMeters>
            <DistanceMeters>1592.59</DistanceMeters>
            <HeartRateBpm><Value>137</Value></HeartRateBpm>
            <Cadence>166</Cadence>
          </Trackpoint>
          <Trackpoint>
            <Time>2026-03-30T13:40:50.000Z</Time>
            <Position>
              <LatitudeDegrees>37.3484138</LatitudeDegrees>
              <LongitudeDegrees>-121.8734331</LongitudeDegrees>
            </Position>
            <AltitudeMeters>23.1</AltitudeMeters>
            <DistanceMeters>1604.94</DistanceMeters>
            <HeartRateBpm><Value>137</Value></HeartRateBpm>
            <Cadence>166</Cadence>
          </Trackpoint>
          <Trackpoint>
            <Time>2026-03-30T13:40:55.000Z</Time>
            <Position>
              <LatitudeDegrees>37.3484923</LatitudeDegrees>
              <LongitudeDegrees>-121.8733341</LongitudeDegrees>
            </Position>
            <AltitudeMeters>23.1</AltitudeMeters>
            <DistanceMeters>1617.28</DistanceMeters>
            <HeartRateBpm><Value>137</Value></HeartRateBpm>
            <Cadence>166</Cadence>
          </Trackpoint>
          <Trackpoint>
            <Time>2026-03-30T13:41:00.000Z</Time>
            <Position>
              <LatitudeDegrees>37.3485709</LatitudeDegrees>
              <LongitudeDegrees>-121.8732351</LongitudeDegrees>
            </Position>
            <AltitudeMeters>23.2</AltitudeMeters>
            <DistanceMeters>1629.63</DistanceMeters>
            <HeartRateBpm><Value>137</Value></HeartRateBpm>
            <Cadence>166</Cadence>
          </Trackpoint>
          <Trackpoint>
            <Time>2026-03-30T13:41:05.000Z</Time>
            <Position>
              <LatitudeDegrees>37.3486495</LatitudeDegrees>
              <LongitudeDegrees>-121.8731361</LongitudeDegrees>
            </Position>
            <AltitudeMeters>23.2</AltitudeMeters>
            <DistanceMeters>1641.98</DistanceMeters>
            <HeartRateBpm><Value>137</Value></HeartRateBpm>
            <Cadence>166</Cadence>
          </Trackpoint>
          <Trackpoint>
            <Time>2026-03-30T13:41:10.000Z</Time>
            <Position>
              <LatitudeDegrees>37.3487280</LatitudeDegrees>
              <LongitudeDegrees>-121.8730372</LongitudeDegrees>
            </Position>
            <AltitudeMeters>23.2</AltitudeMeters>
            <DistanceMeters>1654.32</DistanceMeters>
            <HeartRateBpm><Value>137</Value></HeartRateBpm>
            <Cadence>166</Cadence>
          </Trackpoint>
          <Trackpoint>
            <Time>2026-03-30T13:41:15.000Z</Time>
            <Position>
              <LatitudeDegrees>37.3488066</LatitudeDegrees>
              <LongitudeDegrees>-121.8729382</LongitudeDegrees>
            </Position>
            <AltitudeMeters>23.3</AltitudeMeters>
            <DistanceMeters>1666.67</DistanceMeters>
            <HeartRateBpm><Value>137</Value></HeartRateBpm>
            <Cadence>166</Cadence>
          </Trackpoint>
          <Trackpoint>
            <Time>2026-03-30T13:41:20.000Z</Time>
            <Position>
              <LatitudeDegrees>37.3488852</LatitudeDegrees>
              <LongitudeDegrees>-121.8728392</LongitudeDegrees>
            </Position>
            <AltitudeMeters>23.3</AltitudeMeters>
            <DistanceMeters>1679.01</DistanceMeters>
            <HeartRateBpm><Value>137</Value></HeartRateBpm>
            <Cadence>166</Cadence>
          </Trackpoint>
          <Trackpoint>
            <Time>2026-03-30T13:41:25.000Z</Time>
            <Position>
              <LatitudeDegrees>37.3489637</LatitudeDegrees>
              <LongitudeDegrees>-121.8727402</LongitudeDegrees>
            </Position>
            <AltitudeMeters>23.4</AltitudeMeters>
            <DistanceMeters>1691.36</DistanceMeters>
            <HeartRateBpm><Value>137</Value></HeartRateBpm>
            <Cadence>166</Cadence>
          </Trackpoint>
          <Trackpoint>
            <Time>2026-03-30T13:41:30.000Z</Time>
            <Position>
              <LatitudeDegrees>37.3490423</LatitudeDegrees>
              <LongitudeDegrees>-121.8726413</LongitudeDegrees>
            </Position>
            <AltitudeMeters>23.4</AltitudeMeters>
            <DistanceMeters>1703.70</DistanceMeters>
            <HeartRateBpm><Value>137</Value></HeartRateBpm>
            <Cadence>166</Cadence>
          </Trackpoint>
          <Trackpoint>
            <Time>2026-03-30T13:41:35.000Z</Time>
            <Position>
              <LatitudeDegrees>37.3491209</LatitudeDegrees>
              <LongitudeDegrees>-121.8725423</LongitudeDegrees>
            </Position>
            <AltitudeMeters>23.4</AltitudeMeters>
            <DistanceMeters>1716.05</DistanceMeters>
            <HeartRateBpm><Value>137</Value></HeartRateBpm>
            <Cadence>166</Cadence>
          </Trackpoint>
          <Trackpoint>
            <Time>2026-03-30T13:41:40.000Z</Time>
            <Position>
              <LatitudeDegrees>37.3491994</LatitudeDegrees>
              <LongitudeDegrees>-121.8724433</LongitudeDegrees>
            </Position>
            <AltitudeMeters>23.5</AltitudeMeters>
            <DistanceMeters>1728.40</DistanceMeters>
            <HeartRateBpm><Value>137</Value></HeartRateBpm>
            <Cadence>166</Cadence>
          </Trackpoint>
          <Trackpoint>
            <Time>2026-03-30T13:41:45.000Z</Time>
            <Position>
              <LatitudeDegrees>37.3492780</LatitudeDegrees>
              <LongitudeDegrees>-121.8723443</LongitudeDegrees>
            </Position>
            <AltitudeMeters>23.5</AltitudeMeters>
            <DistanceMeters>1740.74</DistanceMeters>
            <HeartRateBpm><Value>137</Value></HeartRateBpm>
            <Cadence>166</Cadence>
          </Trackpoint>
          <Trackpoint>
            <Time>2026-03-30T13:41:50.000Z</Time>
            <Position>
              <LatitudeDegrees>37.3493566</LatitudeDegrees>
              <LongitudeDegrees>-121.8722454</LongitudeDegrees>
            </Position>
            <AltitudeMeters>23.6</AltitudeMeters>
            <DistanceMeters>1753.09</DistanceMeters>
            <HeartRateBpm><Value>137</Value></HeartRateBpm>
            <Cadence>166</Cadence>
          </Trackpoint>
          <Trackpoint>
            <Time>2026-03-30T13:41:55.000Z</Time>
            <Position>
              <LatitudeDegrees>37.3494352</LatitudeDegrees>
              <LongitudeDegrees>-121.8721464</LongitudeDegrees>
            </Position>
            <AltitudeMeters>23.7</AltitudeMeters>
            <DistanceMeters>1765.43</DistanceMeters>
            <HeartRateBpm><Value>137</Value></HeartRateBpm>
            <Cadence>166</Cadence>
          </Trackpoint>
          <Trackpoint>
            <Time>2026-03-30T13:42:00.000Z</Time>
            <Position>
              <LatitudeDegrees>37.3495137</LatitudeDegrees>
              <LongitudeDegrees>-121.8720474</LongitudeDegrees>
            </Position>
            <AltitudeMeters>23.7</AltitudeMeters>
            <DistanceMeters>1777.78</DistanceMeters>
            <HeartRateBpm><Value>137</Value></HeartRateBpm>
            <Cadence>166</Cadence>
          </Trackpoint>
          <Trackpoint>
            <Time>2026-03-30T13:42:05.000Z</Time>
            <Position>
              <LatitudeDegrees>37.3495923</LatitudeDegrees>
              <LongitudeDegrees>-121.8719484</LongitudeDegrees>
            </Position>
            <AltitudeMeters>23.8</AltitudeMeters>
            <DistanceMeters>1790.12</DistanceMeters>
            <HeartRateBpm><Value>137</Value></HeartRateBpm>
            <Cadence>166</Cadence>
          </Trackpoint>
          <Trackpoint>
            <Time>2026-03-30T13:42:10.000Z</Time>
            <Position>
              <LatitudeDegrees>37.3496709</LatitudeDegrees>
              <LongitudeDegrees>-121.8718495</LongitudeDegrees>
            </Position>
            <AltitudeMeters>23.8</AltitudeMeters>
            <DistanceMeters>1802.47</DistanceMeters>
            <HeartRateBpm><Value>137</Value></HeartRateBpm>
            <Cadence>166</Cadence>
          </Trackpoint>
          <Trackpoint>
            <Time>2026-03-30T13:42:15.000Z</Time>
            <Position>
              <LatitudeDegrees>37.3497494</LatitudeDegrees>
              <LongitudeDegrees>-121.8717505</LongitudeDegrees>
            </Position>
            <AltitudeMeters>23.9</AltitudeMeters>
            <DistanceMeters>1814.81</DistanceMeters>
            <HeartRateBpm><Value>137</Value></HeartRateBpm>
            <Cadence>166</Cadence>
          </Trackpoint>
          <Trackpoint>
            <Time>2026-03-30T13:42:20.000Z</Time>
            <Position>
              <LatitudeDegrees>37.3498280</LatitudeDegrees>
              <LongitudeDegrees>-121.8716515</LongitudeDegrees>
            </Position>
            <AltitudeMeters>24</AltitudeMeters>
            <DistanceMeters>1827.16</DistanceMeters>
            <HeartRateBpm><Value>137</Value></HeartRateBpm>
            <Cadence>166</Cadence>
          </Trackpoint>
          <Trackpoint>
            <Time>2026-03-30T13:42:25.000Z</Time>
            <Position>
              <LatitudeDegrees>37.3499066</LatitudeDegrees>
              <LongitudeDegrees>-121.8715525</LongitudeDegrees>
            </Position>
            <AltitudeMeters>24</AltitudeMeters>
            <DistanceMeters>1839.51</DistanceMeters>
            <HeartRateBpm><Value>137</Value></HeartRateBpm>
            <Cadence>166</Cadence>
          </Trackpoint>
          <Trackpoint>
            <Time>2026-03-30T13:42:30.000Z</Time>
            <Position>
              <LatitudeDegrees>37.3499851</LatitudeDegrees>
              <LongitudeDegrees>-121.8714535</LongitudeDegrees>
            </Position>
            <AltitudeMeters>24.1</AltitudeMeters>
            <DistanceMeters>1851.85</DistanceMeters>
            <HeartRateBpm><Value>137</Value></HeartRateBpm>
            <Cadence>166</Cadence>
          </Trackpoint>
          <Trackpoint>
            <Time>2026-03-30T13:42:35.000Z</Time>
            <Position>
              <LatitudeDegrees>37.3500637</LatitudeDegrees>
              <LongitudeDegrees>-121.8713546</LongitudeDegrees>
            </Position>
            <AltitudeMeters>24.2</AltitudeMeters>
            <DistanceMeters>1864.20</DistanceMeters>
            <HeartRateBpm><Value>137</Value></HeartRateBpm>
            <Cadence>166</Cadence>
          </Trackpoint>
          <Trackpoint>
            <Time>2026-03-30T13:42:40.000Z</Time>
            <Position>
              <LatitudeDegrees>37.3501423</LatitudeDegrees>
              <LongitudeDegrees>-121.8712556</LongitudeDegrees>
            </Position>
            <AltitudeMeters>24.2</AltitudeMeters>
            <DistanceMeters>1876.54</DistanceMeters>
            <HeartRateBpm><Value>137</Value></HeartRateBpm>
            <Cadence>166</Cadence>
          </Trackpoint>
          <Trackpoint>
            <Time>2026-03-30T13:42:45.000Z</Time>
            <Position>
              <LatitudeDegrees>37.3502208</LatitudeDegrees>
              <LongitudeDegrees>-121.8711566</LongitudeDegrees>
            </Position>
            <AltitudeMeters>24.3</AltitudeMeters>
            <DistanceMeters>1888.89</DistanceMeters>
            <HeartRateBpm><Value>137</Value></HeartRateBpm>
            <Cadence>166</Cadence>
          </Trackpoint>
          <Trackpoint>
            <Time>2026-03-30T13:42:50.000Z</Time>
            <Position>
              <LatitudeDegrees>37.3502994</LatitudeDegrees>
              <LongitudeDegrees>-121.8710576</LongitudeDegrees>
            </Position>
            <AltitudeMeters>24.4</AltitudeMeters>
            <DistanceMeters>1901.23</DistanceMeters>
            <HeartRateBpm><Value>137</Value></HeartRateBpm>
            <Cadence>166</Cadence>
          </Trackpoint>
          <Trackpoint>
            <Time>2026-03-30T13:42:55.000Z</Time>
            <Position>
              <LatitudeDegrees>37.3503780</LatitudeDegrees>
              <LongitudeDegrees>-121.8709587</LongitudeDegrees>
            </Position>
            <AltitudeMeters>24.5</AltitudeMeters>
            <DistanceMeters>1913.58</DistanceMeters>
            <HeartRateBpm><Value>137</Value></HeartRateBpm>
            <Cadence>166</Cadence>
          </Trackpoint>
          <Trackpoint>
            <Time>2026-03-30T13:43:00.000Z</Time>
            <Position>
              <LatitudeDegrees>37.3504565</LatitudeDegrees>
              <LongitudeDegrees>-121.8708597</LongitudeDegrees>
            </Position>
            <AltitudeMeters>24.5</AltitudeMeters>
            <DistanceMeters>1925.93</DistanceMeters>
            <HeartRateBpm><Value>137</Value></HeartRateBpm>
            <Cadence>166</Cadence>
          </Trackpoint>
          <Trackpoint>
            <Time>2026-03-30T13:43:05.000Z</Time>
            <Position>
              <LatitudeDegrees>37.3505351</LatitudeDegrees>
              <LongitudeDegrees>-121.8707607</LongitudeDegrees>
            </Position>
            <AltitudeMeters>24.6</AltitudeMeters>
            <DistanceMeters>1938.27</DistanceMeters>
            <HeartRateBpm><Value>137</Value></HeartRateBpm>
            <Cadence>166</Cadence>
          </Trackpoint>
          <Trackpoint>
            <Time>2026-03-30T13:43:10.000Z</Time>
            <Position>
              <LatitudeDegrees>37.3506137</LatitudeDegrees>
              <LongitudeDegrees>-121.8706617</LongitudeDegrees>
            </Position>
            <AltitudeMeters>24.7</AltitudeMeters>
            <DistanceMeters>1950.62</DistanceMeters>
            <HeartRateBpm><Value>137</Value></HeartRateBpm>
            <Cadence>166</Cadence>
          </Trackpoint>
          <Trackpoint>
            <Time>2026-03-30T13:43:15.000Z</Time>
            <Position>
              <LatitudeDegrees>37.3506922</LatitudeDegrees>
              <LongitudeDegrees>-121.8705628</LongitudeDegrees>
            </Position>
            <AltitudeMeters>24.8</AltitudeMeters>
            <DistanceMeters>1962.96</DistanceMeters>
            <HeartRateBpm><Value>137</Value></HeartRateBpm>
            <Cadence>166</Cadence>
          </Trackpoint>
          <Trackpoint>
            <Time>2026-03-30T13:43:20.000Z</Time>
            <Position>
              <LatitudeDegrees>37.3507708</LatitudeDegrees>
              <LongitudeDegrees>-121.8704638</LongitudeDegrees>
            </Position>
            <AltitudeMeters>24.8</AltitudeMeters>
            <DistanceMeters>1975.31</DistanceMeters>
            <HeartRateBpm><Value>137</Value></HeartRateBpm>
            <Cadence>166</Cadence>
          </Trackpoint>
          <Trackpoint>
            <Time>2026-03-30T13:43:25.000Z</Time>
            <Position>
              <LatitudeDegrees>37.3508494</LatitudeDegrees>
              <LongitudeDegrees>-121.8703648</LongitudeDegrees>
            </Position>
            <AltitudeMeters>24.9</AltitudeMeters>
            <DistanceMeters>1987.65</DistanceMeters>
            <HeartRateBpm><Value>137</Value></HeartRateBpm>
            <Cadence>166</Cadence>
          </Trackpoint>
          <Trackpoint>
            <Time>2026-03-30T13:43:30.000Z</Time>
            <Position>
              <LatitudeDegrees>37.3509279</LatitudeDegrees>
              <LongitudeDegrees>-121.8702658</LongitudeDegrees>
            </Position>
            <AltitudeMeters>25</AltitudeMeters>
            <DistanceMeters>2000.00</DistanceMeters>
            <HeartRateBpm><Value>137</Value></HeartRateBpm>
            <Cadence>166</Cadence>
          </Trackpoint>
          <Trackpoint>
            <Time>2026-03-30T13:43:35.000Z</Time>
            <Position>
              <LatitudeDegrees>37.3510065</LatitudeDegrees>
              <LongitudeDegrees>-121.8701669</LongitudeDegrees>
            </Position>
            <AltitudeMeters>25.1</AltitudeMeters>
            <DistanceMeters>2012.35</DistanceMeters>
            <HeartRateBpm><Value>137</Value></HeartRateBpm>
            <Cadence>166</Cadence>
          </Trackpoint>
          <Trackpoint>
            <Time>2026-03-30T13:43:40.000Z</Time>
            <Position>
              <LatitudeDegrees>37.3510851</LatitudeDegrees>
              <LongitudeDegrees>-121.8700679</LongitudeDegrees>
            </Position>
            <AltitudeMeters>25.2</AltitudeMeters>
            <DistanceMeters>2024.69</DistanceMeters>
            <HeartRateBpm><Value>137</Value></HeartRateBpm>
            <Cadence>166</Cadence>
          </Trackpoint>
          <Trackpoint>
            <Time>2026-03-30T13:43:45.000Z</Time>
            <Position>
              <LatitudeDegrees>37.3511636</LatitudeDegrees>
              <LongitudeDegrees>-121.8699689</LongitudeDegrees>
            </Position>
            <AltitudeMeters>25.2</AltitudeMeters>
            <DistanceMeters>2037.04</DistanceMeters>
            <HeartRateBpm><Value>137</Value></HeartRateBpm>
            <Cadence>166</Cadence>
          </Trackpoint>
          <Trackpoint>
            <Time>2026-03-30T13:43:50.000Z</Time>
            <Position>
              <LatitudeDegrees>37.3512422</LatitudeDegrees>
              <LongitudeDegrees>-121.8698699</LongitudeDegrees>
            </Position>
            <AltitudeMeters>25.3</AltitudeMeters>
            <DistanceMeters>2049.38</DistanceMeters>
            <HeartRateBpm><Value>137</Value></HeartRateBpm>
            <Cadence>166</Cadence>
          </Trackpoint>
          <Trackpoint>
            <Time>2026-03-30T13:43:55.000Z</Time>
            <Position>
              <LatitudeDegrees>37.3513208</LatitudeDegrees>
              <LongitudeDegrees>-121.8697710</LongitudeDegrees>
            </Position>
            <AltitudeMeters>25.4</AltitudeMeters>
            <DistanceMeters>2061.73</DistanceMeters>
            <HeartRateBpm><Value>137</Value></HeartRateBpm>
            <Cadence>166</Cadence>
          </Trackpoint>
          <Trackpoint>
            <Time>2026-03-30T13:44:00.000Z</Time>
            <Position>
              <LatitudeDegrees>37.3513993</LatitudeDegrees>
              <LongitudeDegrees>-121.8696720</LongitudeDegrees>
            </Position>
            <AltitudeMeters>25.5</AltitudeMeters>
            <DistanceMeters>2074.07</DistanceMeters>
            <HeartRateBpm><Value>137</Value></HeartRateBpm>
            <Cadence>166</Cadence>
          </Trackpoint>
          <Trackpoint>
            <Time>2026-03-30T13:44:05.000Z</Time>
            <Position>
              <LatitudeDegrees>37.3514779</LatitudeDegrees>
              <LongitudeDegrees>-121.8695730</LongitudeDegrees>
            </Position>
            <AltitudeMeters>25.5</AltitudeMeters>
            <DistanceMeters>2086.42</DistanceMeters>
            <HeartRateBpm><Value>137</Value></HeartRateBpm>
            <Cadence>166</Cadence>
          </Trackpoint>
          <Trackpoint>
            <Time>2026-03-30T13:44:10.000Z</Time>
            <Position>
              <LatitudeDegrees>37.3515565</LatitudeDegrees>
              <LongitudeDegrees>-121.8694740</LongitudeDegrees>
            </Position>
            <AltitudeMeters>25.6</AltitudeMeters>
            <DistanceMeters>2098.77</DistanceMeters>
            <HeartRateBpm><Value>137</Value></HeartRateBpm>
            <Cadence>166</Cadence>
          </Trackpoint>
          <Trackpoint>
            <Time>2026-03-30T13:44:15.000Z</Time>
            <Position>
              <LatitudeDegrees>37.3516350</LatitudeDegrees>
              <LongitudeDegrees>-121.8693750</LongitudeDegrees>
            </Position>
            <AltitudeMeters>25.7</AltitudeMeters>
            <DistanceMeters>2111.11</DistanceMeters>
            <HeartRateBpm><Value>137</Value></HeartRateBpm>
            <Cadence>166</Cadence>
          </Trackpoint>
          <Trackpoint>
            <Time>2026-03-30T13:44:20.000Z</Time>
            <Position>
              <LatitudeDegrees>37.3517136</LatitudeDegrees>
              <LongitudeDegrees>-121.8692761</LongitudeDegrees>
            </Position>
            <AltitudeMeters>25.8</AltitudeMeters>
            <DistanceMeters>2123.46</DistanceMeters>
            <HeartRateBpm><Value>137</Value></HeartRateBpm>
            <Cadence>166</Cadence>
          </Trackpoint>
          <Trackpoint>
            <Time>2026-03-30T13:44:25.000Z</Time>
            <Position>
              <LatitudeDegrees>37.3517922</LatitudeDegrees>
              <LongitudeDegrees>-121.8691771</LongitudeDegrees>
            </Position>
            <AltitudeMeters>25.8</AltitudeMeters>
            <DistanceMeters>2135.80</DistanceMeters>
            <HeartRateBpm><Value>137</Value></HeartRateBpm>
            <Cadence>166</Cadence>
          </Trackpoint>
          <Trackpoint>
            <Time>2026-03-30T13:44:30.000Z</Time>
            <Position>
              <LatitudeDegrees>37.3518707</LatitudeDegrees>
              <LongitudeDegrees>-121.8690781</LongitudeDegrees>
            </Position>
            <AltitudeMeters>25.9</AltitudeMeters>
            <DistanceMeters>2148.15</DistanceMeters>
            <HeartRateBpm><Value>137</Value></HeartRateBpm>
            <Cadence>166</Cadence>
          </Trackpoint>
          <Trackpoint>
            <Time>2026-03-30T13:44:35.000Z</Time>
            <Position>
              <LatitudeDegrees>37.3519493</LatitudeDegrees>
              <LongitudeDegrees>-121.8689791</LongitudeDegrees>
            </Position>
            <AltitudeMeters>26</AltitudeMeters>
            <DistanceMeters>2160.49</DistanceMeters>
            <HeartRateBpm><Value>137</Value></HeartRateBpm>
            <Cadence>166</Cadence>
          </Trackpoint>
          <Trackpoint>
            <Time>2026-03-30T13:44:40.000Z</Time>
            <Position>
              <LatitudeDegrees>37.3520279</LatitudeDegrees>
              <LongitudeDegrees>-121.8688802</LongitudeDegrees>
            </Position>
            <AltitudeMeters>26</AltitudeMeters>
            <DistanceMeters>2172.84</DistanceMeters>
            <HeartRateBpm><Value>137</Value></HeartRateBpm>
            <Cadence>166</Cadence>
          </Trackpoint>
          <Trackpoint>
            <Time>2026-03-30T13:44:45.000Z</Time>
            <Position>
              <LatitudeDegrees>37.3521064</LatitudeDegrees>
              <LongitudeDegrees>-121.8687812</LongitudeDegrees>
            </Position>
            <AltitudeMeters>26.1</AltitudeMeters>
            <DistanceMeters>2185.19</DistanceMeters>
            <HeartRateBpm><Value>137</Value></HeartRateBpm>
            <Cadence>166</Cadence>
          </Trackpoint>
          <Trackpoint>
            <Time>2026-03-30T13:44:50.000Z</Time>
            <Position>
              <LatitudeDegrees>37.3521850</LatitudeDegrees>
              <LongitudeDegrees>-121.8686822</LongitudeDegrees>
            </Position>
            <AltitudeMeters>26.2</AltitudeMeters>
            <DistanceMeters>2197.53</DistanceMeters>
            <HeartRateBpm><Value>137</Value></HeartRateBpm>
            <Cadence>166</Cadence>
          </Trackpoint>
          <Trackpoint>
            <Time>2026-03-30T13:44:55.000Z</Time>
            <Position>
              <LatitudeDegrees>37.3522636</LatitudeDegrees>
              <LongitudeDegrees>-121.8685832</LongitudeDegrees>
            </Position>
            <AltitudeMeters>26.2</AltitudeMeters>
            <DistanceMeters>2209.88</DistanceMeters>
            <HeartRateBpm><Value>137</Value></HeartRateBpm>
            <Cadence>166</Cadence>
          </Trackpoint>
          <Trackpoint>
            <Time>2026-03-30T13:45:00.000Z</Time>
            <Position>
              <LatitudeDegrees>37.3523421</LatitudeDegrees>
              <LongitudeDegrees>-121.8684843</LongitudeDegrees>
            </Position>
            <AltitudeMeters>26.3</AltitudeMeters>
            <DistanceMeters>2222.22</DistanceMeters>
            <HeartRateBpm><Value>137</Value></HeartRateBpm>
            <Cadence>166</Cadence>
          </Trackpoint>
          <Trackpoint>
            <Time>2026-03-30T13:45:05.000Z</Time>
            <Position>
              <LatitudeDegrees>37.3524207</LatitudeDegrees>
              <LongitudeDegrees>-121.8683853</LongitudeDegrees>
            </Position>
            <AltitudeMeters>26.3</AltitudeMeters>
            <DistanceMeters>2234.57</DistanceMeters>
            <HeartRateBpm><Value>137</Value></HeartRateBpm>
            <Cadence>166</Cadence>
          </Trackpoint>
          <Trackpoint>
            <Time>2026-03-30T13:45:10.000Z</Time>
            <Position>
              <LatitudeDegrees>37.3524993</LatitudeDegrees>
              <LongitudeDegrees>-121.8682863</LongitudeDegrees>
            </Position>
            <AltitudeMeters>26.4</AltitudeMeters>
            <DistanceMeters>2246.91</DistanceMeters>
            <HeartRateBpm><Value>137</Value></HeartRateBpm>
            <Cadence>166</Cadence>
          </Trackpoint>
          <Trackpoint>
            <Time>2026-03-30T13:45:15.000Z</Time>
            <Position>
              <LatitudeDegrees>37.3525779</LatitudeDegrees>
              <LongitudeDegrees>-121.8681873</LongitudeDegrees>
            </Position>
            <AltitudeMeters>26.5</AltitudeMeters>
            <DistanceMeters>2259.26</DistanceMeters>
            <HeartRateBpm><Value>137</Value></HeartRateBpm>
            <Cadence>166</Cadence>
          </Trackpoint>
          <Trackpoint>
            <Time>2026-03-30T13:45:20.000Z</Time>
            <Position>
              <LatitudeDegrees>37.3526564</LatitudeDegrees>
              <LongitudeDegrees>-121.8680884</LongitudeDegrees>
            </Position>
            <AltitudeMeters>26.5</AltitudeMeters>
            <DistanceMeters>2271.60</DistanceMeters>
            <HeartRateBpm><Value>137</Value></HeartRateBpm>
            <Cadence>166</Cadence>
          </Trackpoint>
          <Trackpoint>
            <Time>2026-03-30T13:45:25.000Z</Time>
            <Position>
              <LatitudeDegrees>37.3527350</LatitudeDegrees>
              <LongitudeDegrees>-121.8679894</LongitudeDegrees>
            </Position>
            <AltitudeMeters>26.6</AltitudeMeters>
            <DistanceMeters>2283.95</DistanceMeters>
            <HeartRateBpm><Value>137</Value></HeartRateBpm>
            <Cadence>166</Cadence>
          </Trackpoint>
          <Trackpoint>
            <Time>2026-03-30T13:45:30.000Z</Time>
            <Position>
              <LatitudeDegrees>37.3528136</LatitudeDegrees>
              <LongitudeDegrees>-121.8678904</LongitudeDegrees>
            </Position>
            <AltitudeMeters>26.6</AltitudeMeters>
            <DistanceMeters>2296.30</DistanceMeters>
            <HeartRateBpm><Value>137</Value></HeartRateBpm>
            <Cadence>166</Cadence>
          </Trackpoint>
          <Trackpoint>
            <Time>2026-03-30T13:45:35.000Z</Time>
            <Position>
              <LatitudeDegrees>37.3528921</LatitudeDegrees>
              <LongitudeDegrees>-121.8677914</LongitudeDegrees>
            </Position>
            <AltitudeMeters>26.6</AltitudeMeters>
            <DistanceMeters>2308.64</DistanceMeters>
            <HeartRateBpm><Value>137</Value></HeartRateBpm>
            <Cadence>166</Cadence>
          </Trackpoint>
          <Trackpoint>
            <Time>2026-03-30T13:45:40.000Z</Time>
            <Position>
              <LatitudeDegrees>37.3529707</LatitudeDegrees>
              <LongitudeDegrees>-121.8676924</LongitudeDegrees>
            </Position>
            <AltitudeMeters>26.7</AltitudeMeters>
            <DistanceMeters>2320.99</DistanceMeters>
            <HeartRateBpm><Value>137</Value></HeartRateBpm>
            <Cadence>166</Cadence>
          </Trackpoint>
          <Trackpoint>
            <Time>2026-03-30T13:45:45.000Z</Time>
            <Position>
              <LatitudeDegrees>37.3530493</LatitudeDegrees>
              <LongitudeDegrees>-121.8675935</LongitudeDegrees>
            </Position>
            <AltitudeMeters>26.7</AltitudeMeters>
            <DistanceMeters>2333.33</DistanceMeters>
            <HeartRateBpm><Value>137</Value></HeartRateBpm>
            <Cadence>166</Cadence>
          </Trackpoint>
          <Trackpoint>
            <Time>2026-03-30T13:45:50.000Z</Time>
            <Position>
              <LatitudeDegrees>37.3531278</LatitudeDegrees>
              <LongitudeDegrees>-121.8674945</LongitudeDegrees>
            </Position>
            <AltitudeMeters>26.8</AltitudeMeters>
            <DistanceMeters>2345.68</DistanceMeters>
            <HeartRateBpm><Value>137</Value></HeartRateBpm>
            <Cadence>166</Cadence>
          </Trackpoint>
          <Trackpoint>
            <Time>2026-03-30T13:45:55.000Z</Time>
            <Position>
              <LatitudeDegrees>37.3532064</LatitudeDegrees>
              <LongitudeDegrees>-121.8673955</LongitudeDegrees>
            </Position>
            <AltitudeMeters>26.8</AltitudeMeters>
            <DistanceMeters>2358.02</DistanceMeters>
            <HeartRateBpm><Value>137</Value></HeartRateBpm>
            <Cadence>166</Cadence>
          </Trackpoint>
          <Trackpoint>
            <Time>2026-03-30T13:46:00.000Z</Time>
            <Position>
              <LatitudeDegrees>37.3532850</LatitudeDegrees>
              <LongitudeDegrees>-121.8672965</LongitudeDegrees>
            </Position>
            <AltitudeMeters>26.8</AltitudeMeters>
            <DistanceMeters>2370.37</DistanceMeters>
            <HeartRateBpm><Value>137</Value></HeartRateBpm>
            <Cadence>166</Cadence>
          </Trackpoint>
          <Trackpoint>
            <Time>2026-03-30T13:46:05.000Z</Time>
            <Position>
              <LatitudeDegrees>37.3533635</LatitudeDegrees>
              <LongitudeDegrees>-121.8671976</LongitudeDegrees>
            </Position>
            <AltitudeMeters>26.9</AltitudeMeters>
            <DistanceMeters>2382.72</DistanceMeters>
            <HeartRateBpm><Value>137</Value></HeartRateBpm>
            <Cadence>166</Cadence>
          </Trackpoint>
          <Trackpoint>
            <Time>2026-03-30T13:46:10.000Z</Time>
            <Position>
              <LatitudeDegrees>37.3534421</LatitudeDegrees>
              <LongitudeDegrees>-121.8670986</LongitudeDegrees>
            </Position>
            <AltitudeMeters>26.9</AltitudeMeters>
            <DistanceMeters>2395.06</DistanceMeters>
            <HeartRateBpm><Value>137</Value></HeartRateBpm>
            <Cadence>166</Cadence>
          </Trackpoint>
          <Trackpoint>
            <Time>2026-03-30T13:46:15.000Z</Time>
            <Position>
              <LatitudeDegrees>37.3535207</LatitudeDegrees>
              <LongitudeDegrees>-121.8669996</LongitudeDegrees>
            </Position>
            <AltitudeMeters>26.9</AltitudeMeters>
            <DistanceMeters>2407.41</DistanceMeters>
            <HeartRateBpm><Value>137</Value></HeartRateBpm>
            <Cadence>166</Cadence>
          </Trackpoint>
          <Trackpoint>
            <Time>2026-03-30T13:46:20.000Z</Time>
            <Position>
              <LatitudeDegrees>37.3535992</LatitudeDegrees>
              <LongitudeDegrees>-121.8669006</LongitudeDegrees>
            </Position>
            <AltitudeMeters>26.9</AltitudeMeters>
            <DistanceMeters>2419.75</DistanceMeters>
            <HeartRateBpm><Value>137</Value></HeartRateBpm>
            <Cadence>166</Cadence>
          </Trackpoint>
          <Trackpoint>
            <Time>2026-03-30T13:46:25.000Z</Time>
            <Position>
              <LatitudeDegrees>37.3536778</LatitudeDegrees>
              <LongitudeDegrees>-121.8668017</LongitudeDegrees>
            </Position>
            <AltitudeMeters>27</AltitudeMeters>
            <DistanceMeters>2432.10</DistanceMeters>
            <HeartRateBpm><Value>137</Value></HeartRateBpm>
            <Cadence>166</Cadence>
          </Trackpoint>
          <Trackpoint>
            <Time>2026-03-30T13:46:30.000Z</Time>
            <Position>
              <LatitudeDegrees>37.3537564</LatitudeDegrees>
              <LongitudeDegrees>-121.8667027</LongitudeDegrees>
            </Position>
            <AltitudeMeters>27</AltitudeMeters>
            <DistanceMeters>2444.44</DistanceMeters>
            <HeartRateBpm><Value>137</Value></HeartRateBpm>
            <Cadence>166</Cadence>
          </Trackpoint>
          <Trackpoint>
            <Time>2026-03-30T13:46:35.000Z</Time>
            <Position>
              <LatitudeDegrees>37.3538349</LatitudeDegrees>
              <LongitudeDegrees>-121.8666037</LongitudeDegrees>
            </Position>
            <AltitudeMeters>27</AltitudeMeters>
            <DistanceMeters>2456.79</DistanceMeters>
            <HeartRateBpm><Value>137</Value></HeartRateBpm>
            <Cadence>166</Cadence>
          </Trackpoint>
          <Trackpoint>
            <Time>2026-03-30T13:46:40.000Z</Time>
            <Position>
              <LatitudeDegrees>37.3539135</LatitudeDegrees>
              <LongitudeDegrees>-121.8665047</LongitudeDegrees>
            </Position>
            <AltitudeMeters>27</AltitudeMeters>
            <DistanceMeters>2469.14</DistanceMeters>
            <HeartRateBpm><Value>137</Value></HeartRateBpm>
            <Cadence>166</Cadence>
          </Trackpoint>
          <Trackpoint>
            <Time>2026-03-30T13:46:45.000Z</Time>
            <Position>
              <LatitudeDegrees>37.3539921</LatitudeDegrees>
              <LongitudeDegrees>-121.8664058</LongitudeDegrees>
            </Position>
            <AltitudeMeters>27</AltitudeMeters>
            <DistanceMeters>2481.48</DistanceMeters>
            <HeartRateBpm><Value>137</Value></HeartRateBpm>
            <Cadence>166</Cadence>
          </Trackpoint>
          <Trackpoint>
            <Time>2026-03-30T13:46:50.000Z</Time>
            <Position>
              <LatitudeDegrees>37.3540706</LatitudeDegrees>
              <LongitudeDegrees>-121.8663068</LongitudeDegrees>
            </Position>
            <AltitudeMeters>27</AltitudeMeters>
            <DistanceMeters>2493.83</DistanceMeters>
            <HeartRateBpm><Value>137</Value></HeartRateBpm>
            <Cadence>166</Cadence>
          </Trackpoint>
          <Trackpoint>
            <Time>2026-03-30T13:46:55.000Z</Time>
            <Position>
              <LatitudeDegrees>37.3541492</LatitudeDegrees>
              <LongitudeDegrees>-121.8662078</LongitudeDegrees>
            </Position>
            <AltitudeMeters>27</AltitudeMeters>
            <DistanceMeters>2506.17</DistanceMeters>
            <HeartRateBpm><Value>137</Value></HeartRateBpm>
            <Cadence>166</Cadence>
          </Trackpoint>
          <Trackpoint>
            <Time>2026-03-30T13:47:00.000Z</Time>
            <Position>
              <LatitudeDegrees>37.3542278</LatitudeDegrees>
              <LongitudeDegrees>-121.8661088</LongitudeDegrees>
            </Position>
            <AltitudeMeters>27</AltitudeMeters>
            <DistanceMeters>2518.52</DistanceMeters>
            <HeartRateBpm><Value>137</Value></HeartRateBpm>
            <Cadence>166</Cadence>
          </Trackpoint>
          <Trackpoint>
            <Time>2026-03-30T13:47:05.000Z</Time>
            <Position>
              <LatitudeDegrees>37.3543063</LatitudeDegrees>
              <LongitudeDegrees>-121.8660098</LongitudeDegrees>
            </Position>
            <AltitudeMeters>27</AltitudeMeters>
            <DistanceMeters>2530.86</DistanceMeters>
            <HeartRateBpm><Value>137</Value></HeartRateBpm>
            <Cadence>166</Cadence>
          </Trackpoint>
          <Trackpoint>
            <Time>2026-03-30T13:47:10.000Z</Time>
            <Position>
              <LatitudeDegrees>37.3543849</LatitudeDegrees>
              <LongitudeDegrees>-121.8659109</LongitudeDegrees>
            </Position>
            <AltitudeMeters>27</AltitudeMeters>
            <DistanceMeters>2543.21</DistanceMeters>
            <HeartRateBpm><Value>137</Value></HeartRateBpm>
            <Cadence>166</Cadence>
          </Trackpoint>
          <Trackpoint>
            <Time>2026-03-30T13:47:15.000Z</Time>
            <Position>
              <LatitudeDegrees>37.3544635</LatitudeDegrees>
              <LongitudeDegrees>-121.8658119</LongitudeDegrees>
            </Position>
            <AltitudeMeters>27</AltitudeMeters>
            <DistanceMeters>2555.56</DistanceMeters>
            <HeartRateBpm><Value>137</Value></HeartRateBpm>
            <Cadence>166</Cadence>
          </Trackpoint>
          <Trackpoint>
            <Time>2026-03-30T13:47:20.000Z</Time>
            <Position>
              <LatitudeDegrees>37.3545420</LatitudeDegrees>
              <LongitudeDegrees>-121.8657129</LongitudeDegrees>
            </Position>
            <AltitudeMeters>27</AltitudeMeters>
            <DistanceMeters>2567.90</DistanceMeters>
            <HeartRateBpm><Value>137</Value></HeartRateBpm>
            <Cadence>166</Cadence>
          </Trackpoint>
          <Trackpoint>
            <Time>2026-03-30T13:47:25.000Z</Time>
            <Position>
              <LatitudeDegrees>37.3546206</LatitudeDegrees>
              <LongitudeDegrees>-121.8656139</LongitudeDegrees>
            </Position>
            <AltitudeMeters>26.9</AltitudeMeters>
            <DistanceMeters>2580.25</DistanceMeters>
            <HeartRateBpm><Value>137</Value></HeartRateBpm>
            <Cadence>166</Cadence>
          </Trackpoint>
          <Trackpoint>
            <Time>2026-03-30T13:47:30.000Z</Time>
            <Position>
              <LatitudeDegrees>37.3546992</LatitudeDegrees>
              <LongitudeDegrees>-121.8655150</LongitudeDegrees>
            </Position>
            <AltitudeMeters>26.9</AltitudeMeters>
            <DistanceMeters>2592.59</DistanceMeters>
            <HeartRateBpm><Value>137</Value></HeartRateBpm>
            <Cadence>166</Cadence>
          </Trackpoint>
          <Trackpoint>
            <Time>2026-03-30T13:47:35.000Z</Time>
            <Position>
              <LatitudeDegrees>37.3547777</LatitudeDegrees>
              <LongitudeDegrees>-121.8654160</LongitudeDegrees>
            </Position>
            <AltitudeMeters>26.9</AltitudeMeters>
            <DistanceMeters>2604.94</DistanceMeters>
            <HeartRateBpm><Value>137</Value></HeartRateBpm>
            <Cadence>166</Cadence>
          </Trackpoint>
          <Trackpoint>
            <Time>2026-03-30T13:47:40.000Z</Time>
            <Position>
              <LatitudeDegrees>37.3548563</LatitudeDegrees>
              <LongitudeDegrees>-121.8653170</LongitudeDegrees>
            </Position>
            <AltitudeMeters>26.9</AltitudeMeters>
            <DistanceMeters>2617.28</DistanceMeters>
            <HeartRateBpm><Value>137</Value></HeartRateBpm>
            <Cadence>166</Cadence>
          </Trackpoint>
          <Trackpoint>
            <Time>2026-03-30T13:47:45.000Z</Time>
            <Position>
              <LatitudeDegrees>37.3549349</LatitudeDegrees>
              <LongitudeDegrees>-121.8652180</LongitudeDegrees>
            </Position>
            <AltitudeMeters>26.8</AltitudeMeters>
            <DistanceMeters>2629.63</DistanceMeters>
            <HeartRateBpm><Value>137</Value></HeartRateBpm>
            <Cadence>166</Cadence>
          </Trackpoint>
          <Trackpoint>
            <Time>2026-03-30T13:47:50.000Z</Time>
            <Position>
              <LatitudeDegrees>37.3550134</LatitudeDegrees>
              <LongitudeDegrees>-121.8651191</LongitudeDegrees>
            </Position>
            <AltitudeMeters>26.8</AltitudeMeters>
            <DistanceMeters>2641.98</DistanceMeters>
            <HeartRateBpm><Value>137</Value></HeartRateBpm>
            <Cadence>166</Cadence>
          </Trackpoint>
          <Trackpoint>
            <Time>2026-03-30T13:47:55.000Z</Time>
            <Position>
              <LatitudeDegrees>37.3550920</LatitudeDegrees>
              <LongitudeDegrees>-121.8650201</LongitudeDegrees>
            </Position>
            <AltitudeMeters>26.8</AltitudeMeters>
            <DistanceMeters>2654.32</DistanceMeters>
            <HeartRateBpm><Value>137</Value></HeartRateBpm>
            <Cadence>166</Cadence>
          </Trackpoint>
          <Trackpoint>
            <Time>2026-03-30T13:48:00.000Z</Time>
            <Position>
              <LatitudeDegrees>37.3551706</LatitudeDegrees>
              <LongitudeDegrees>-121.8649211</LongitudeDegrees>
            </Position>
            <AltitudeMeters>26.7</AltitudeMeters>
            <DistanceMeters>2666.67</DistanceMeters>
            <HeartRateBpm><Value>137</Value></HeartRateBpm>
            <Cadence>166</Cadence>
          </Trackpoint>
          <Trackpoint>
            <Time>2026-03-30T13:48:05.000Z</Time>
            <Position>
              <LatitudeDegrees>37.3552491</LatitudeDegrees>
              <LongitudeDegrees>-121.8648221</LongitudeDegrees>
            </Position>
            <AltitudeMeters>26.7</AltitudeMeters>
            <DistanceMeters>2679.01</DistanceMeters>
            <HeartRateBpm><Value>137</Value></HeartRateBpm>
            <Cadence>166</Cadence>
          </Trackpoint>
          <Trackpoint>
            <Time>2026-03-30T13:48:10.000Z</Time>
            <Position>
              <LatitudeDegrees>37.3553277</LatitudeDegrees>
              <LongitudeDegrees>-121.8647232</LongitudeDegrees>
            </Position>
            <AltitudeMeters>26.6</AltitudeMeters>
            <DistanceMeters>2691.36</DistanceMeters>
            <HeartRateBpm><Value>137</Value></HeartRateBpm>
            <Cadence>166</Cadence>
          </Trackpoint>
          <Trackpoint>
            <Time>2026-03-30T13:48:15.000Z</Time>
            <Position>
              <LatitudeDegrees>37.3554063</LatitudeDegrees>
              <LongitudeDegrees>-121.8646242</LongitudeDegrees>
            </Position>
            <AltitudeMeters>26.6</AltitudeMeters>
            <DistanceMeters>2703.70</DistanceMeters>
            <HeartRateBpm><Value>137</Value></HeartRateBpm>
            <Cadence>166</Cadence>
          </Trackpoint>
          <Trackpoint>
            <Time>2026-03-30T13:48:20.000Z</Time>
            <Position>
              <LatitudeDegrees>37.3554848</LatitudeDegrees>
              <LongitudeDegrees>-121.8645252</LongitudeDegrees>
            </Position>
            <AltitudeMeters>26.6</AltitudeMeters>
            <DistanceMeters>2716.05</DistanceMeters>
            <HeartRateBpm><Value>137</Value></HeartRateBpm>
            <Cadence>166</Cadence>
          </Trackpoint>
          <Trackpoint>
            <Time>2026-03-30T13:48:25.000Z</Time>
            <Position>
              <LatitudeDegrees>37.3555634</LatitudeDegrees>
              <LongitudeDegrees>-121.8644262</LongitudeDegrees>
            </Position>
            <AltitudeMeters>26.5</AltitudeMeters>
            <DistanceMeters>2728.40</DistanceMeters>
            <HeartRateBpm><Value>137</Value></HeartRateBpm>
            <Cadence>166</Cadence>
          </Trackpoint>
          <Trackpoint>
            <Time>2026-03-30T13:48:30.000Z</Time>
            <Position>
              <LatitudeDegrees>37.3556420</LatitudeDegrees>
              <LongitudeDegrees>-121.8643273</LongitudeDegrees>
            </Position>
            <AltitudeMeters>26.5</AltitudeMeters>
            <DistanceMeters>2740.74</DistanceMeters>
            <HeartRateBpm><Value>137</Value></HeartRateBpm>
            <Cadence>166</Cadence>
          </Trackpoint>
          <Trackpoint>
            <Time>2026-03-30T13:48:35.000Z</Time>
            <Position>
              <LatitudeDegrees>37.3557206</LatitudeDegrees>
              <LongitudeDegrees>-121.8642283</LongitudeDegrees>
            </Position>
            <AltitudeMeters>26.4</AltitudeMeters>
            <DistanceMeters>2753.09</DistanceMeters>
            <HeartRateBpm><Value>137</Value></HeartRateBpm>
            <Cadence>166</Cadence>
          </Trackpoint>
          <Trackpoint>
            <Time>2026-03-30T13:48:40.000Z</Time>
            <Position>
              <LatitudeDegrees>37.3557991</LatitudeDegrees>
              <LongitudeDegrees>-121.8641293</LongitudeDegrees>
            </Position>
            <AltitudeMeters>26.3</AltitudeMeters>
            <DistanceMeters>2765.43</DistanceMeters>
            <HeartRateBpm><Value>137</Value></HeartRateBpm>
            <Cadence>166</Cadence>
          </Trackpoint>
          <Trackpoint>
            <Time>2026-03-30T13:48:45.000Z</Time>
            <Position>
              <LatitudeDegrees>37.3558777</LatitudeDegrees>
              <LongitudeDegrees>-121.8640303</LongitudeDegrees>
            </Position>
            <AltitudeMeters>26.3</AltitudeMeters>
            <DistanceMeters>2777.78</DistanceMeters>
            <HeartRateBpm><Value>137</Value></HeartRateBpm>
            <Cadence>166</Cadence>
          </Trackpoint>
          <Trackpoint>
            <Time>2026-03-30T13:48:50.000Z</Time>
            <Position>
              <LatitudeDegrees>37.3559563</LatitudeDegrees>
              <LongitudeDegrees>-121.8639313</LongitudeDegrees>
            </Position>
            <AltitudeMeters>26.2</AltitudeMeters>
            <DistanceMeters>2790.12</DistanceMeters>
            <HeartRateBpm><Value>137</Value></HeartRateBpm>
            <Cadence>166</Cadence>
          </Trackpoint>
          <Trackpoint>
            <Time>2026-03-30T13:48:55.000Z</Time>
            <Position>
              <LatitudeDegrees>37.3560348</LatitudeDegrees>
              <LongitudeDegrees>-121.8638324</LongitudeDegrees>
            </Position>
            <AltitudeMeters>26.2</AltitudeMeters>
            <DistanceMeters>2802.47</DistanceMeters>
            <HeartRateBpm><Value>137</Value></HeartRateBpm>
            <Cadence>166</Cadence>
          </Trackpoint>
          <Trackpoint>
            <Time>2026-03-30T13:49:00.000Z</Time>
            <Position>
              <LatitudeDegrees>37.3561134</LatitudeDegrees>
              <LongitudeDegrees>-121.8637334</LongitudeDegrees>
            </Position>
            <AltitudeMeters>26.1</AltitudeMeters>
            <DistanceMeters>2814.81</DistanceMeters>
            <HeartRateBpm><Value>137</Value></HeartRateBpm>
            <Cadence>166</Cadence>
          </Trackpoint>
          <Trackpoint>
            <Time>2026-03-30T13:49:05.000Z</Time>
            <Position>
              <LatitudeDegrees>37.3561920</LatitudeDegrees>
              <LongitudeDegrees>-121.8636344</LongitudeDegrees>
            </Position>
            <AltitudeMeters>26</AltitudeMeters>
            <DistanceMeters>2827.16</DistanceMeters>
            <HeartRateBpm><Value>137</Value></HeartRateBpm>
            <Cadence>166</Cadence>
          </Trackpoint>
          <Trackpoint>
            <Time>2026-03-30T13:49:10.000Z</Time>
            <Position>
              <LatitudeDegrees>37.3562705</LatitudeDegrees>
              <LongitudeDegrees>-121.8635354</LongitudeDegrees>
            </Position>
            <AltitudeMeters>26</AltitudeMeters>
            <DistanceMeters>2839.51</DistanceMeters>
            <HeartRateBpm><Value>137</Value></HeartRateBpm>
            <Cadence>166</Cadence>
          </Trackpoint>
          <Trackpoint>
            <Time>2026-03-30T13:49:15.000Z</Time>
            <Position>
              <LatitudeDegrees>37.3563491</LatitudeDegrees>
              <LongitudeDegrees>-121.8634365</LongitudeDegrees>
            </Position>
            <AltitudeMeters>25.9</AltitudeMeters>
            <DistanceMeters>2851.85</DistanceMeters>
            <HeartRateBpm><Value>137</Value></HeartRateBpm>
            <Cadence>166</Cadence>
          </Trackpoint>
          <Trackpoint>
            <Time>2026-03-30T13:49:20.000Z</Time>
            <Position>
              <LatitudeDegrees>37.3564277</LatitudeDegrees>
              <LongitudeDegrees>-121.8633375</LongitudeDegrees>
            </Position>
            <AltitudeMeters>25.8</AltitudeMeters>
            <DistanceMeters>2864.20</DistanceMeters>
            <HeartRateBpm><Value>137</Value></HeartRateBpm>
            <Cadence>166</Cadence>
          </Trackpoint>
          <Trackpoint>
            <Time>2026-03-30T13:49:25.000Z</Time>
            <Position>
              <LatitudeDegrees>37.3565062</LatitudeDegrees>
              <LongitudeDegrees>-121.8632385</LongitudeDegrees>
            </Position>
            <AltitudeMeters>25.8</AltitudeMeters>
            <DistanceMeters>2876.54</DistanceMeters>
            <HeartRateBpm><Value>137</Value></HeartRateBpm>
            <Cadence>166</Cadence>
          </Trackpoint>
          <Trackpoint>
            <Time>2026-03-30T13:49:30.000Z</Time>
            <Position>
              <LatitudeDegrees>37.3565848</LatitudeDegrees>
              <LongitudeDegrees>-121.8631395</LongitudeDegrees>
            </Position>
            <AltitudeMeters>25.7</AltitudeMeters>
            <DistanceMeters>2888.89</DistanceMeters>
            <HeartRateBpm><Value>137</Value></HeartRateBpm>
            <Cadence>166</Cadence>
          </Trackpoint>
          <Trackpoint>
            <Time>2026-03-30T13:49:35.000Z</Time>
            <Position>
              <LatitudeDegrees>37.3566634</LatitudeDegrees>
              <LongitudeDegrees>-121.8630406</LongitudeDegrees>
            </Position>
            <AltitudeMeters>25.6</AltitudeMeters>
            <DistanceMeters>2901.23</DistanceMeters>
            <HeartRateBpm><Value>137</Value></HeartRateBpm>
            <Cadence>166</Cadence>
          </Trackpoint>
          <Trackpoint>
            <Time>2026-03-30T13:49:40.000Z</Time>
            <Position>
              <LatitudeDegrees>37.3567419</LatitudeDegrees>
              <LongitudeDegrees>-121.8629416</LongitudeDegrees>
            </Position>
            <AltitudeMeters>25.5</AltitudeMeters>
            <DistanceMeters>2913.58</DistanceMeters>
            <HeartRateBpm><Value>137</Value></HeartRateBpm>
            <Cadence>166</Cadence>
          </Trackpoint>
          <Trackpoint>
            <Time>2026-03-30T13:49:45.000Z</Time>
            <Position>
              <LatitudeDegrees>37.3568205</LatitudeDegrees>
              <LongitudeDegrees>-121.8628426</LongitudeDegrees>
            </Position>
            <AltitudeMeters>25.5</AltitudeMeters>
            <DistanceMeters>2925.93</DistanceMeters>
            <HeartRateBpm><Value>137</Value></HeartRateBpm>
            <Cadence>166</Cadence>
          </Trackpoint>
          <Trackpoint>
            <Time>2026-03-30T13:49:50.000Z</Time>
            <Position>
              <LatitudeDegrees>37.3568991</LatitudeDegrees>
              <LongitudeDegrees>-121.8627436</LongitudeDegrees>
            </Position>
            <AltitudeMeters>25.4</AltitudeMeters>
            <DistanceMeters>2938.27</DistanceMeters>
            <HeartRateBpm><Value>137</Value></HeartRateBpm>
            <Cadence>166</Cadence>
          </Trackpoint>
          <Trackpoint>
            <Time>2026-03-30T13:49:55.000Z</Time>
            <Position>
              <LatitudeDegrees>37.3569776</LatitudeDegrees>
              <LongitudeDegrees>-121.8626447</LongitudeDegrees>
            </Position>
            <AltitudeMeters>25.3</AltitudeMeters>
            <DistanceMeters>2950.62</DistanceMeters>
            <HeartRateBpm><Value>137</Value></HeartRateBpm>
            <Cadence>166</Cadence>
          </Trackpoint>
          <Trackpoint>
            <Time>2026-03-30T13:50:00.000Z</Time>
            <Position>
              <LatitudeDegrees>37.3570562</LatitudeDegrees>
              <LongitudeDegrees>-121.8625457</LongitudeDegrees>
            </Position>
            <AltitudeMeters>25.2</AltitudeMeters>
            <DistanceMeters>2962.96</DistanceMeters>
            <HeartRateBpm><Value>137</Value></HeartRateBpm>
            <Cadence>166</Cadence>
          </Trackpoint>
          <Trackpoint>
            <Time>2026-03-30T13:50:05.000Z</Time>
            <Position>
              <LatitudeDegrees>37.3571348</LatitudeDegrees>
              <LongitudeDegrees>-121.8624467</LongitudeDegrees>
            </Position>
            <AltitudeMeters>25.2</AltitudeMeters>
            <DistanceMeters>2975.31</DistanceMeters>
            <HeartRateBpm><Value>137</Value></HeartRateBpm>
            <Cadence>166</Cadence>
          </Trackpoint>
          <Trackpoint>
            <Time>2026-03-30T13:50:10.000Z</Time>
            <Position>
              <LatitudeDegrees>37.3572133</LatitudeDegrees>
              <LongitudeDegrees>-121.8623477</LongitudeDegrees>
            </Position>
            <AltitudeMeters>25.1</AltitudeMeters>
            <DistanceMeters>2987.65</DistanceMeters>
            <HeartRateBpm><Value>137</Value></HeartRateBpm>
            <Cadence>166</Cadence>
          </Trackpoint>
          <Trackpoint>
            <Time>2026-03-30T13:50:15.000Z</Time>
            <Position>
              <LatitudeDegrees>37.3572919</LatitudeDegrees>
              <LongitudeDegrees>-121.8622487</LongitudeDegrees>
            </Position>
            <AltitudeMeters>25</AltitudeMeters>
            <DistanceMeters>3000.00</DistanceMeters>
            <HeartRateBpm><Value>137</Value></HeartRateBpm>
            <Cadence>166</Cadence>
          </Trackpoint>
          <Trackpoint>
            <Time>2026-03-30T13:50:20.000Z</Time>
            <Position>
              <LatitudeDegrees>37.3573705</LatitudeDegrees>
              <LongitudeDegrees>-121.8621498</LongitudeDegrees>
            </Position>
            <AltitudeMeters>24.9</AltitudeMeters>
            <DistanceMeters>3012.35</DistanceMeters>
            <HeartRateBpm><Value>137</Value></HeartRateBpm>
            <Cadence>166</Cadence>
          </Trackpoint>
          <Trackpoint>
            <Time>2026-03-30T13:50:25.000Z</Time>
            <Position>
              <LatitudeDegrees>37.3574490</LatitudeDegrees>
              <LongitudeDegrees>-121.8620508</LongitudeDegrees>
            </Position>
            <AltitudeMeters>24.8</AltitudeMeters>
            <DistanceMeters>3024.69</DistanceMeters>
            <HeartRateBpm><Value>137</Value></HeartRateBpm>
            <Cadence>166</Cadence>
          </Trackpoint>
          <Trackpoint>
            <Time>2026-03-30T13:50:30.000Z</Time>
            <Position>
              <LatitudeDegrees>37.3575276</LatitudeDegrees>
              <LongitudeDegrees>-121.8619518</LongitudeDegrees>
            </Position>
            <AltitudeMeters>24.8</AltitudeMeters>
            <DistanceMeters>3037.04</DistanceMeters>
            <HeartRateBpm><Value>137</Value></HeartRateBpm>
            <Cadence>166</Cadence>
          </Trackpoint>
          <Trackpoint>
            <Time>2026-03-30T13:50:35.000Z</Time>
            <Position>
              <LatitudeDegrees>37.3576062</LatitudeDegrees>
              <LongitudeDegrees>-121.8618528</LongitudeDegrees>
            </Position>
            <AltitudeMeters>24.7</AltitudeMeters>
            <DistanceMeters>3049.38</DistanceMeters>
            <HeartRateBpm><Value>137</Value></HeartRateBpm>
            <Cadence>166</Cadence>
          </Trackpoint>
          <Trackpoint>
            <Time>2026-03-30T13:50:40.000Z</Time>
            <Position>
              <LatitudeDegrees>37.3576847</LatitudeDegrees>
              <LongitudeDegrees>-121.8617539</LongitudeDegrees>
            </Position>
            <AltitudeMeters>24.6</AltitudeMeters>
            <DistanceMeters>3061.73</DistanceMeters>
            <HeartRateBpm><Value>137</Value></HeartRateBpm>
            <Cadence>166</Cadence>
          </Trackpoint>
          <Trackpoint>
            <Time>2026-03-30T13:50:45.000Z</Time>
            <Position>
              <LatitudeDegrees>37.3577633</LatitudeDegrees>
              <LongitudeDegrees>-121.8616549</LongitudeDegrees>
            </Position>
            <AltitudeMeters>24.5</AltitudeMeters>
            <DistanceMeters>3074.07</DistanceMeters>
            <HeartRateBpm><Value>137</Value></HeartRateBpm>
            <Cadence>166</Cadence>
          </Trackpoint>
          <Trackpoint>
            <Time>2026-03-30T13:50:50.000Z</Time>
            <Position>
              <LatitudeDegrees>37.3578419</LatitudeDegrees>
              <LongitudeDegrees>-121.8615559</LongitudeDegrees>
            </Position>
            <AltitudeMeters>24.5</AltitudeMeters>
            <DistanceMeters>3086.42</DistanceMeters>
            <HeartRateBpm><Value>137</Value></HeartRateBpm>
            <Cadence>166</Cadence>
          </Trackpoint>
          <Trackpoint>
            <Time>2026-03-30T13:50:55.000Z</Time>
            <Position>
              <LatitudeDegrees>37.3579204</LatitudeDegrees>
              <LongitudeDegrees>-121.8614569</LongitudeDegrees>
            </Position>
            <AltitudeMeters>24.4</AltitudeMeters>
            <DistanceMeters>3098.77</DistanceMeters>
            <HeartRateBpm><Value>137</Value></HeartRateBpm>
            <Cadence>166</Cadence>
          </Trackpoint>
          <Trackpoint>
            <Time>2026-03-30T13:51:00.000Z</Time>
            <Position>
              <LatitudeDegrees>37.3579990</LatitudeDegrees>
              <LongitudeDegrees>-121.8613580</LongitudeDegrees>
            </Position>
            <AltitudeMeters>24.3</AltitudeMeters>
            <DistanceMeters>3111.11</DistanceMeters>
            <HeartRateBpm><Value>137</Value></HeartRateBpm>
            <Cadence>166</Cadence>
          </Trackpoint>
          <Trackpoint>
            <Time>2026-03-30T13:51:05.000Z</Time>
            <Position>
              <LatitudeDegrees>37.3580776</LatitudeDegrees>
              <LongitudeDegrees>-121.8612590</LongitudeDegrees>
            </Position>
            <AltitudeMeters>24.2</AltitudeMeters>
            <DistanceMeters>3123.46</DistanceMeters>
            <HeartRateBpm><Value>137</Value></HeartRateBpm>
            <Cadence>166</Cadence>
          </Trackpoint>
          <Trackpoint>
            <Time>2026-03-30T13:51:10.000Z</Time>
            <Position>
              <LatitudeDegrees>37.3581561</LatitudeDegrees>
              <LongitudeDegrees>-121.8611600</LongitudeDegrees>
            </Position>
            <AltitudeMeters>24.2</AltitudeMeters>
            <DistanceMeters>3135.80</DistanceMeters>
            <HeartRateBpm><Value>137</Value></HeartRateBpm>
            <Cadence>166</Cadence>
          </Trackpoint>
          <Trackpoint>
            <Time>2026-03-30T13:51:15.000Z</Time>
            <Position>
              <LatitudeDegrees>37.3582347</LatitudeDegrees>
              <LongitudeDegrees>-121.8610610</LongitudeDegrees>
            </Position>
            <AltitudeMeters>24.1</AltitudeMeters>
            <DistanceMeters>3148.15</DistanceMeters>
            <HeartRateBpm><Value>137</Value></HeartRateBpm>
            <Cadence>166</Cadence>
          </Trackpoint>
          <Trackpoint>
            <Time>2026-03-30T13:51:20.000Z</Time>
            <Position>
              <LatitudeDegrees>37.3583133</LatitudeDegrees>
              <LongitudeDegrees>-121.8609621</LongitudeDegrees>
            </Position>
            <AltitudeMeters>24</AltitudeMeters>
            <DistanceMeters>3160.49</DistanceMeters>
            <HeartRateBpm><Value>137</Value></HeartRateBpm>
            <Cadence>166</Cadence>
          </Trackpoint>
          <Trackpoint>
            <Time>2026-03-30T13:51:25.000Z</Time>
            <Position>
              <LatitudeDegrees>37.3583918</LatitudeDegrees>
              <LongitudeDegrees>-121.8608631</LongitudeDegrees>
            </Position>
            <AltitudeMeters>24</AltitudeMeters>
            <DistanceMeters>3172.84</DistanceMeters>
            <HeartRateBpm><Value>137</Value></HeartRateBpm>
            <Cadence>166</Cadence>
          </Trackpoint>
          <Trackpoint>
            <Time>2026-03-30T13:51:30.000Z</Time>
            <Position>
              <LatitudeDegrees>37.3584704</LatitudeDegrees>
              <LongitudeDegrees>-121.8607641</LongitudeDegrees>
            </Position>
            <AltitudeMeters>23.9</AltitudeMeters>
            <DistanceMeters>3185.19</DistanceMeters>
            <HeartRateBpm><Value>137</Value></HeartRateBpm>
            <Cadence>166</Cadence>
          </Trackpoint>
          <Trackpoint>
            <Time>2026-03-30T13:51:35.000Z</Time>
            <Position>
              <LatitudeDegrees>37.3585490</LatitudeDegrees>
              <LongitudeDegrees>-121.8606651</LongitudeDegrees>
            </Position>
            <AltitudeMeters>23.8</AltitudeMeters>
            <DistanceMeters>3197.53</DistanceMeters>
            <HeartRateBpm><Value>137</Value></HeartRateBpm>
            <Cadence>166</Cadence>
          </Trackpoint>
          <Trackpoint>
            <Time>2026-03-30T13:51:40.000Z</Time>
            <Position>
              <LatitudeDegrees>37.3586275</LatitudeDegrees>
              <LongitudeDegrees>-121.8605662</LongitudeDegrees>
            </Position>
            <AltitudeMeters>23.8</AltitudeMeters>
            <DistanceMeters>3209.88</DistanceMeters>
            <HeartRateBpm><Value>137</Value></HeartRateBpm>
            <Cadence>166</Cadence>
          </Trackpoint>
          <Trackpoint>
            <Time>2026-03-30T13:51:45.000Z</Time>
            <Position>
              <LatitudeDegrees>37.3587061</LatitudeDegrees>
              <LongitudeDegrees>-121.8604672</LongitudeDegrees>
            </Position>
            <AltitudeMeters>23.7</AltitudeMeters>
            <DistanceMeters>3222.22</DistanceMeters>
            <HeartRateBpm><Value>137</Value></HeartRateBpm>
            <Cadence>166</Cadence>
          </Trackpoint>
          <Trackpoint>
            <Time>2026-03-30T13:51:50.000Z</Time>
            <Position>
              <LatitudeDegrees>37.3587847</LatitudeDegrees>
              <LongitudeDegrees>-121.8603682</LongitudeDegrees>
            </Position>
            <AltitudeMeters>23.7</AltitudeMeters>
            <DistanceMeters>3234.57</DistanceMeters>
            <HeartRateBpm><Value>137</Value></HeartRateBpm>
            <Cadence>166</Cadence>
          </Trackpoint>
          <Trackpoint>
            <Time>2026-03-30T13:51:55.000Z</Time>
            <Position>
              <LatitudeDegrees>37.3588633</LatitudeDegrees>
              <LongitudeDegrees>-121.8602692</LongitudeDegrees>
            </Position>
            <AltitudeMeters>23.6</AltitudeMeters>
            <DistanceMeters>3246.91</DistanceMeters>
            <HeartRateBpm><Value>137</Value></HeartRateBpm>
            <Cadence>166</Cadence>
          </Trackpoint>
          <Trackpoint>
            <Time>2026-03-30T13:52:00.000Z</Time>
            <Position>
              <LatitudeDegrees>37.3589418</LatitudeDegrees>
              <LongitudeDegrees>-121.8601702</LongitudeDegrees>
            </Position>
            <AltitudeMeters>23.5</AltitudeMeters>
            <DistanceMeters>3259.26</DistanceMeters>
            <HeartRateBpm><Value>137</Value></HeartRateBpm>
            <Cadence>166</Cadence>
          </Trackpoint>
          <Trackpoint>
            <Time>2026-03-30T13:52:05.000Z</Time>
            <Position>
              <LatitudeDegrees>37.3590204</LatitudeDegrees>
              <LongitudeDegrees>-121.8600713</LongitudeDegrees>
            </Position>
            <AltitudeMeters>23.5</AltitudeMeters>
            <DistanceMeters>3271.60</DistanceMeters>
            <HeartRateBpm><Value>137</Value></HeartRateBpm>
            <Cadence>166</Cadence>
          </Trackpoint>
          <Trackpoint>
            <Time>2026-03-30T13:52:10.000Z</Time>
            <Position>
              <LatitudeDegrees>37.3590990</LatitudeDegrees>
              <LongitudeDegrees>-121.8599723</LongitudeDegrees>
            </Position>
            <AltitudeMeters>23.4</AltitudeMeters>
            <DistanceMeters>3283.95</DistanceMeters>
            <HeartRateBpm><Value>137</Value></HeartRateBpm>
            <Cadence>166</Cadence>
          </Trackpoint>
          <Trackpoint>
            <Time>2026-03-30T13:52:15.000Z</Time>
            <Position>
              <LatitudeDegrees>37.3591775</LatitudeDegrees>
              <LongitudeDegrees>-121.8598733</LongitudeDegrees>
            </Position>
            <AltitudeMeters>23.4</AltitudeMeters>
            <DistanceMeters>3296.30</DistanceMeters>
            <HeartRateBpm><Value>137</Value></HeartRateBpm>
            <Cadence>166</Cadence>
          </Trackpoint>
          <Trackpoint>
            <Time>2026-03-30T13:52:20.000Z</Time>
            <Position>
              <LatitudeDegrees>37.3592561</LatitudeDegrees>
              <LongitudeDegrees>-121.8597743</LongitudeDegrees>
            </Position>
            <AltitudeMeters>23.4</AltitudeMeters>
            <DistanceMeters>3308.64</DistanceMeters>
            <HeartRateBpm><Value>137</Value></HeartRateBpm>
            <Cadence>166</Cadence>
          </Trackpoint>
          <Trackpoint>
            <Time>2026-03-30T13:52:25.000Z</Time>
            <Position>
              <LatitudeDegrees>37.3593347</LatitudeDegrees>
              <LongitudeDegrees>-121.8596754</LongitudeDegrees>
            </Position>
            <AltitudeMeters>23.3</AltitudeMeters>
            <DistanceMeters>3320.99</DistanceMeters>
            <HeartRateBpm><Value>137</Value></HeartRateBpm>
            <Cadence>166</Cadence>
          </Trackpoint>
          <Trackpoint>
            <Time>2026-03-30T13:52:30.000Z</Time>
            <Position>
              <LatitudeDegrees>37.3594132</LatitudeDegrees>
              <LongitudeDegrees>-121.8595764</LongitudeDegrees>
            </Position>
            <AltitudeMeters>23.3</AltitudeMeters>
            <DistanceMeters>3333.33</DistanceMeters>
            <HeartRateBpm><Value>137</Value></HeartRateBpm>
            <Cadence>166</Cadence>
          </Trackpoint>
          <Trackpoint>
            <Time>2026-03-30T13:52:35.000Z</Time>
            <Position>
              <LatitudeDegrees>37.3594918</LatitudeDegrees>
              <LongitudeDegrees>-121.8594774</LongitudeDegrees>
            </Position>
            <AltitudeMeters>23.2</AltitudeMeters>
            <DistanceMeters>3345.68</DistanceMeters>
            <HeartRateBpm><Value>137</Value></HeartRateBpm>
            <Cadence>166</Cadence>
          </Trackpoint>
          <Trackpoint>
            <Time>2026-03-30T13:52:40.000Z</Time>
            <Position>
              <LatitudeDegrees>37.3595704</LatitudeDegrees>
              <LongitudeDegrees>-121.8593784</LongitudeDegrees>
            </Position>
            <AltitudeMeters>23.2</AltitudeMeters>
            <DistanceMeters>3358.02</DistanceMeters>
            <HeartRateBpm><Value>137</Value></HeartRateBpm>
            <Cadence>166</Cadence>
          </Trackpoint>
          <Trackpoint>
            <Time>2026-03-30T13:52:45.000Z</Time>
            <Position>
              <LatitudeDegrees>37.3596489</LatitudeDegrees>
              <LongitudeDegrees>-121.8592795</LongitudeDegrees>
            </Position>
            <AltitudeMeters>23.2</AltitudeMeters>
            <DistanceMeters>3370.37</DistanceMeters>
            <HeartRateBpm><Value>137</Value></HeartRateBpm>
            <Cadence>166</Cadence>
          </Trackpoint>
          <Trackpoint>
            <Time>2026-03-30T13:52:50.000Z</Time>
            <Position>
              <LatitudeDegrees>37.3597275</LatitudeDegrees>
              <LongitudeDegrees>-121.8591805</LongitudeDegrees>
            </Position>
            <AltitudeMeters>23.1</AltitudeMeters>
            <DistanceMeters>3382.72</DistanceMeters>
            <HeartRateBpm><Value>137</Value></HeartRateBpm>
            <Cadence>166</Cadence>
          </Trackpoint>
          <Trackpoint>
            <Time>2026-03-30T13:52:55.000Z</Time>
            <Position>
              <LatitudeDegrees>37.3598061</LatitudeDegrees>
              <LongitudeDegrees>-121.8590815</LongitudeDegrees>
            </Position>
            <AltitudeMeters>23.1</AltitudeMeters>
            <DistanceMeters>3395.06</DistanceMeters>
            <HeartRateBpm><Value>137</Value></HeartRateBpm>
            <Cadence>166</Cadence>
          </Trackpoint>
          <Trackpoint>
            <Time>2026-03-30T13:53:00.000Z</Time>
            <Position>
              <LatitudeDegrees>37.3598846</LatitudeDegrees>
              <LongitudeDegrees>-121.8589825</LongitudeDegrees>
            </Position>
            <AltitudeMeters>23.1</AltitudeMeters>
            <DistanceMeters>3407.41</DistanceMeters>
            <HeartRateBpm><Value>137</Value></HeartRateBpm>
            <Cadence>166</Cadence>
          </Trackpoint>
          <Trackpoint>
            <Time>2026-03-30T13:53:05.000Z</Time>
            <Position>
              <LatitudeDegrees>37.3599632</LatitudeDegrees>
              <LongitudeDegrees>-121.8588836</LongitudeDegrees>
            </Position>
            <AltitudeMeters>23.1</AltitudeMeters>
            <DistanceMeters>3419.75</DistanceMeters>
            <HeartRateBpm><Value>137</Value></HeartRateBpm>
            <Cadence>166</Cadence>
          </Trackpoint>
          <Trackpoint>
            <Time>2026-03-30T13:53:10.000Z</Time>
            <Position>
              <LatitudeDegrees>37.3600418</LatitudeDegrees>
              <LongitudeDegrees>-121.8587846</LongitudeDegrees>
            </Position>
            <AltitudeMeters>23</AltitudeMeters>
            <DistanceMeters>3432.10</DistanceMeters>
            <HeartRateBpm><Value>137</Value></HeartRateBpm>
            <Cadence>166</Cadence>
          </Trackpoint>
          <Trackpoint>
            <Time>2026-03-30T13:53:15.000Z</Time>
            <Position>
              <LatitudeDegrees>37.3601203</LatitudeDegrees>
              <LongitudeDegrees>-121.8586856</LongitudeDegrees>
            </Position>
            <AltitudeMeters>23</AltitudeMeters>
            <DistanceMeters>3444.44</DistanceMeters>
            <HeartRateBpm><Value>137</Value></HeartRateBpm>
            <Cadence>166</Cadence>
          </Trackpoint>
          <Trackpoint>
            <Time>2026-03-30T13:53:20.000Z</Time>
            <Position>
              <LatitudeDegrees>37.3601989</LatitudeDegrees>
              <LongitudeDegrees>-121.8585866</LongitudeDegrees>
            </Position>
            <AltitudeMeters>23</AltitudeMeters>
            <DistanceMeters>3456.79</DistanceMeters>
            <HeartRateBpm><Value>137</Value></HeartRateBpm>
            <Cadence>166</Cadence>
          </Trackpoint>
          <Trackpoint>
            <Time>2026-03-30T13:53:25.000Z</Time>
            <Position>
              <LatitudeDegrees>37.3602775</LatitudeDegrees>
              <LongitudeDegrees>-121.8584876</LongitudeDegrees>
            </Position>
            <AltitudeMeters>23</AltitudeMeters>
            <DistanceMeters>3469.14</DistanceMeters>
            <HeartRateBpm><Value>137</Value></HeartRateBpm>
            <Cadence>166</Cadence>
          </Trackpoint>
          <Trackpoint>
            <Time>2026-03-30T13:53:30.000Z</Time>
            <Position>
              <LatitudeDegrees>37.3603560</LatitudeDegrees>
              <LongitudeDegrees>-121.8583887</LongitudeDegrees>
            </Position>
            <AltitudeMeters>23</AltitudeMeters>
            <DistanceMeters>3481.48</DistanceMeters>
            <HeartRateBpm><Value>137</Value></HeartRateBpm>
            <Cadence>166</Cadence>
          </Trackpoint>
          <Trackpoint>
            <Time>2026-03-30T13:53:35.000Z</Time>
            <Position>
              <LatitudeDegrees>37.3604346</LatitudeDegrees>
              <LongitudeDegrees>-121.8582897</LongitudeDegrees>
            </Position>
            <AltitudeMeters>23</AltitudeMeters>
            <DistanceMeters>3493.83</DistanceMeters>
            <HeartRateBpm><Value>137</Value></HeartRateBpm>
            <Cadence>166</Cadence>
          </Trackpoint>
          <Trackpoint>
            <Time>2026-03-30T13:53:40.000Z</Time>
            <Position>
              <LatitudeDegrees>37.3605132</LatitudeDegrees>
              <LongitudeDegrees>-121.8581907</LongitudeDegrees>
            </Position>
            <AltitudeMeters>23</AltitudeMeters>
            <DistanceMeters>3506.17</DistanceMeters>
            <HeartRateBpm><Value>137</Value></HeartRateBpm>
            <Cadence>166</Cadence>
          </Trackpoint>
          <Trackpoint>
            <Time>2026-03-30T13:53:45.000Z</Time>
            <Position>
              <LatitudeDegrees>37.3605917</LatitudeDegrees>
              <LongitudeDegrees>-121.8580917</LongitudeDegrees>
            </Position>
            <AltitudeMeters>23</AltitudeMeters>
            <DistanceMeters>3518.52</DistanceMeters>
            <HeartRateBpm><Value>137</Value></HeartRateBpm>
            <Cadence>166</Cadence>
          </Trackpoint>
          <Trackpoint>
            <Time>2026-03-30T13:53:50.000Z</Time>
            <Position>
              <LatitudeDegrees>37.3606703</LatitudeDegrees>
              <LongitudeDegrees>-121.8579928</LongitudeDegrees>
            </Position>
            <AltitudeMeters>23</AltitudeMeters>
            <DistanceMeters>3530.86</DistanceMeters>
            <HeartRateBpm><Value>137</Value></HeartRateBpm>
            <Cadence>166</Cadence>
          </Trackpoint>
          <Trackpoint>
            <Time>2026-03-30T13:53:55.000Z</Time>
            <Position>
              <LatitudeDegrees>37.3607489</LatitudeDegrees>
              <LongitudeDegrees>-121.8578938</LongitudeDegrees>
            </Position>
            <AltitudeMeters>23</AltitudeMeters>
            <DistanceMeters>3543.21</DistanceMeters>
            <HeartRateBpm><Value>137</Value></HeartRateBpm>
            <Cadence>166</Cadence>
          </Trackpoint>
          <Trackpoint>
            <Time>2026-03-30T13:54:00.000Z</Time>
            <Position>
              <LatitudeDegrees>37.3608274</LatitudeDegrees>
              <LongitudeDegrees>-121.8577948</LongitudeDegrees>
            </Position>
            <AltitudeMeters>23</AltitudeMeters>
            <DistanceMeters>3555.56</DistanceMeters>
            <HeartRateBpm><Value>137</Value></HeartRateBpm>
            <Cadence>166</Cadence>
          </Trackpoint>
          <Trackpoint>
            <Time>2026-03-30T13:54:05.000Z</Time>
            <Position>
              <LatitudeDegrees>37.3609060</LatitudeDegrees>
              <LongitudeDegrees>-121.8576958</LongitudeDegrees>
            </Position>
            <AltitudeMeters>23</AltitudeMeters>
            <DistanceMeters>3567.90</DistanceMeters>
            <HeartRateBpm><Value>137</Value></HeartRateBpm>
            <Cadence>166</Cadence>
          </Trackpoint>
          <Trackpoint>
            <Time>2026-03-30T13:54:10.000Z</Time>
            <Position>
              <LatitudeDegrees>37.3609846</LatitudeDegrees>
              <LongitudeDegrees>-121.8575969</LongitudeDegrees>
            </Position>
            <AltitudeMeters>23.1</AltitudeMeters>
            <DistanceMeters>3580.25</DistanceMeters>
            <HeartRateBpm><Value>137</Value></HeartRateBpm>
            <Cadence>166</Cadence>
          </Trackpoint>
          <Trackpoint>
            <Time>2026-03-30T13:54:15.000Z</Time>
            <Position>
              <LatitudeDegrees>37.3610631</LatitudeDegrees>
              <LongitudeDegrees>-121.8574979</LongitudeDegrees>
            </Position>
            <AltitudeMeters>23.1</AltitudeMeters>
            <DistanceMeters>3592.59</DistanceMeters>
            <HeartRateBpm><Value>137</Value></HeartRateBpm>
            <Cadence>166</Cadence>
          </Trackpoint>
          <Trackpoint>
            <Time>2026-03-30T13:54:20.000Z</Time>
            <Position>
              <LatitudeDegrees>37.3611417</LatitudeDegrees>
              <LongitudeDegrees>-121.8573989</LongitudeDegrees>
            </Position>
            <AltitudeMeters>23.1</AltitudeMeters>
            <DistanceMeters>3604.94</DistanceMeters>
            <HeartRateBpm><Value>137</Value></HeartRateBpm>
            <Cadence>166</Cadence>
          </Trackpoint>
          <Trackpoint>
            <Time>2026-03-30T13:54:25.000Z</Time>
            <Position>
              <LatitudeDegrees>37.3612203</LatitudeDegrees>
              <LongitudeDegrees>-121.8572999</LongitudeDegrees>
            </Position>
            <AltitudeMeters>23.1</AltitudeMeters>
            <DistanceMeters>3617.28</DistanceMeters>
            <HeartRateBpm><Value>137</Value></HeartRateBpm>
            <Cadence>166</Cadence>
          </Trackpoint>
          <Trackpoint>
            <Time>2026-03-30T13:54:30.000Z</Time>
            <Position>
              <LatitudeDegrees>37.3612988</LatitudeDegrees>
              <LongitudeDegrees>-121.8572010</LongitudeDegrees>
            </Position>
            <AltitudeMeters>23.2</AltitudeMeters>
            <DistanceMeters>3629.63</DistanceMeters>
            <HeartRateBpm><Value>137</Value></HeartRateBpm>
            <Cadence>166</Cadence>
          </Trackpoint>
          <Trackpoint>
            <Time>2026-03-30T13:54:35.000Z</Time>
            <Position>
              <LatitudeDegrees>37.3613774</LatitudeDegrees>
              <LongitudeDegrees>-121.8571020</LongitudeDegrees>
            </Position>
            <AltitudeMeters>23.2</AltitudeMeters>
            <DistanceMeters>3641.98</DistanceMeters>
            <HeartRateBpm><Value>137</Value></HeartRateBpm>
            <Cadence>166</Cadence>
          </Trackpoint>
          <Trackpoint>
            <Time>2026-03-30T13:54:40.000Z</Time>
            <Position>
              <LatitudeDegrees>37.3614560</LatitudeDegrees>
              <LongitudeDegrees>-121.8570030</LongitudeDegrees>
            </Position>
            <AltitudeMeters>23.2</AltitudeMeters>
            <DistanceMeters>3654.32</DistanceMeters>
            <HeartRateBpm><Value>137</Value></HeartRateBpm>
            <Cadence>166</Cadence>
          </Trackpoint>
          <Trackpoint>
            <Time>2026-03-30T13:54:45.000Z</Time>
            <Position>
              <LatitudeDegrees>37.3615345</LatitudeDegrees>
              <LongitudeDegrees>-121.8569040</LongitudeDegrees>
            </Position>
            <AltitudeMeters>23.3</AltitudeMeters>
            <DistanceMeters>3666.67</DistanceMeters>
            <HeartRateBpm><Value>137</Value></HeartRateBpm>
            <Cadence>166</Cadence>
          </Trackpoint>
          <Trackpoint>
            <Time>2026-03-30T13:54:50.000Z</Time>
            <Position>
              <LatitudeDegrees>37.3616131</LatitudeDegrees>
              <LongitudeDegrees>-121.8568051</LongitudeDegrees>
            </Position>
            <AltitudeMeters>23.3</AltitudeMeters>
            <DistanceMeters>3679.01</DistanceMeters>
            <HeartRateBpm><Value>137</Value></HeartRateBpm>
            <Cadence>166</Cadence>
          </Trackpoint>
          <Trackpoint>
            <Time>2026-03-30T13:54:55.000Z</Time>
            <Position>
              <LatitudeDegrees>37.3616917</LatitudeDegrees>
              <LongitudeDegrees>-121.8567061</LongitudeDegrees>
            </Position>
            <AltitudeMeters>23.4</AltitudeMeters>
            <DistanceMeters>3691.36</DistanceMeters>
            <HeartRateBpm><Value>137</Value></HeartRateBpm>
            <Cadence>166</Cadence>
          </Trackpoint>
          <Trackpoint>
            <Time>2026-03-30T13:55:00.000Z</Time>
            <Position>
              <LatitudeDegrees>37.3617702</LatitudeDegrees>
              <LongitudeDegrees>-121.8566071</LongitudeDegrees>
            </Position>
            <AltitudeMeters>23.4</AltitudeMeters>
            <DistanceMeters>3703.70</DistanceMeters>
            <HeartRateBpm><Value>137</Value></HeartRateBpm>
            <Cadence>166</Cadence>
          </Trackpoint>
          <Trackpoint>
            <Time>2026-03-30T13:55:05.000Z</Time>
            <Position>
              <LatitudeDegrees>37.3618488</LatitudeDegrees>
              <LongitudeDegrees>-121.8565081</LongitudeDegrees>
            </Position>
            <AltitudeMeters>23.4</AltitudeMeters>
            <DistanceMeters>3716.05</DistanceMeters>
            <HeartRateBpm><Value>137</Value></HeartRateBpm>
            <Cadence>166</Cadence>
          </Trackpoint>
          <Trackpoint>
            <Time>2026-03-30T13:55:10.000Z</Time>
            <Position>
              <LatitudeDegrees>37.3619274</LatitudeDegrees>
              <LongitudeDegrees>-121.8564091</LongitudeDegrees>
            </Position>
            <AltitudeMeters>23.5</AltitudeMeters>
            <DistanceMeters>3728.40</DistanceMeters>
            <HeartRateBpm><Value>137</Value></HeartRateBpm>
            <Cadence>166</Cadence>
          </Trackpoint>
          <Trackpoint>
            <Time>2026-03-30T13:55:15.000Z</Time>
            <Position>
              <LatitudeDegrees>37.3620060</LatitudeDegrees>
              <LongitudeDegrees>-121.8563102</LongitudeDegrees>
            </Position>
            <AltitudeMeters>23.5</AltitudeMeters>
            <DistanceMeters>3740.74</DistanceMeters>
            <HeartRateBpm><Value>137</Value></HeartRateBpm>
            <Cadence>166</Cadence>
          </Trackpoint>
          <Trackpoint>
            <Time>2026-03-30T13:55:20.000Z</Time>
            <Position>
              <LatitudeDegrees>37.3620845</LatitudeDegrees>
              <LongitudeDegrees>-121.8562112</LongitudeDegrees>
            </Position>
            <AltitudeMeters>23.6</AltitudeMeters>
            <DistanceMeters>3753.09</DistanceMeters>
            <HeartRateBpm><Value>137</Value></HeartRateBpm>
            <Cadence>166</Cadence>
          </Trackpoint>
          <Trackpoint>
            <Time>2026-03-30T13:55:25.000Z</Time>
            <Position>
              <LatitudeDegrees>37.3621631</LatitudeDegrees>
              <LongitudeDegrees>-121.8561122</LongitudeDegrees>
            </Position>
            <AltitudeMeters>23.7</AltitudeMeters>
            <DistanceMeters>3765.43</DistanceMeters>
            <HeartRateBpm><Value>137</Value></HeartRateBpm>
            <Cadence>166</Cadence>
          </Trackpoint>
          <Trackpoint>
            <Time>2026-03-30T13:55:30.000Z</Time>
            <Position>
              <LatitudeDegrees>37.3622417</LatitudeDegrees>
              <LongitudeDegrees>-121.8560132</LongitudeDegrees>
            </Position>
            <AltitudeMeters>23.7</AltitudeMeters>
            <DistanceMeters>3777.78</DistanceMeters>
            <HeartRateBpm><Value>137</Value></HeartRateBpm>
            <Cadence>166</Cadence>
          </Trackpoint>
          <Trackpoint>
            <Time>2026-03-30T13:55:35.000Z</Time>
            <Position>
              <LatitudeDegrees>37.3623202</LatitudeDegrees>
              <LongitudeDegrees>-121.8559143</LongitudeDegrees>
            </Position>
            <AltitudeMeters>23.8</AltitudeMeters>
            <DistanceMeters>3790.12</DistanceMeters>
            <HeartRateBpm><Value>137</Value></HeartRateBpm>
            <Cadence>166</Cadence>
          </Trackpoint>
          <Trackpoint>
            <Time>2026-03-30T13:55:40.000Z</Time>
            <Position>
              <LatitudeDegrees>37.3623988</LatitudeDegrees>
              <LongitudeDegrees>-121.8558153</LongitudeDegrees>
            </Position>
            <AltitudeMeters>23.8</AltitudeMeters>
            <DistanceMeters>3802.47</DistanceMeters>
            <HeartRateBpm><Value>137</Value></HeartRateBpm>
            <Cadence>166</Cadence>
          </Trackpoint>
          <Trackpoint>
            <Time>2026-03-30T13:55:45.000Z</Time>
            <Position>
              <LatitudeDegrees>37.3624774</LatitudeDegrees>
              <LongitudeDegrees>-121.8557163</LongitudeDegrees>
            </Position>
            <AltitudeMeters>23.9</AltitudeMeters>
            <DistanceMeters>3814.81</DistanceMeters>
            <HeartRateBpm><Value>137</Value></HeartRateBpm>
            <Cadence>166</Cadence>
          </Trackpoint>
          <Trackpoint>
            <Time>2026-03-30T13:55:50.000Z</Time>
            <Position>
              <LatitudeDegrees>37.3625559</LatitudeDegrees>
              <LongitudeDegrees>-121.8556173</LongitudeDegrees>
            </Position>
            <AltitudeMeters>24</AltitudeMeters>
            <DistanceMeters>3827.16</DistanceMeters>
            <HeartRateBpm><Value>137</Value></HeartRateBpm>
            <Cadence>166</Cadence>
          </Trackpoint>
          <Trackpoint>
            <Time>2026-03-30T13:55:55.000Z</Time>
            <Position>
              <LatitudeDegrees>37.3626345</LatitudeDegrees>
              <LongitudeDegrees>-121.8555184</LongitudeDegrees>
            </Position>
            <AltitudeMeters>24</AltitudeMeters>
            <DistanceMeters>3839.51</DistanceMeters>
            <HeartRateBpm><Value>137</Value></HeartRateBpm>
            <Cadence>166</Cadence>
          </Trackpoint>
          <Trackpoint>
            <Time>2026-03-30T13:56:00.000Z</Time>
            <Position>
              <LatitudeDegrees>37.3627131</LatitudeDegrees>
              <LongitudeDegrees>-121.8554194</LongitudeDegrees>
            </Position>
            <AltitudeMeters>24.1</AltitudeMeters>
            <DistanceMeters>3851.85</DistanceMeters>
            <HeartRateBpm><Value>137</Value></HeartRateBpm>
            <Cadence>166</Cadence>
          </Trackpoint>
          <Trackpoint>
            <Time>2026-03-30T13:56:05.000Z</Time>
            <Position>
              <LatitudeDegrees>37.3627916</LatitudeDegrees>
              <LongitudeDegrees>-121.8553204</LongitudeDegrees>
            </Position>
            <AltitudeMeters>24.2</AltitudeMeters>
            <DistanceMeters>3864.20</DistanceMeters>
            <HeartRateBpm><Value>137</Value></HeartRateBpm>
            <Cadence>166</Cadence>
          </Trackpoint>
          <Trackpoint>
            <Time>2026-03-30T13:56:10.000Z</Time>
            <Position>
              <LatitudeDegrees>37.3628702</LatitudeDegrees>
              <LongitudeDegrees>-121.8552214</LongitudeDegrees>
            </Position>
            <AltitudeMeters>24.2</AltitudeMeters>
            <DistanceMeters>3876.54</DistanceMeters>
            <HeartRateBpm><Value>137</Value></HeartRateBpm>
            <Cadence>166</Cadence>
          </Trackpoint>
          <Trackpoint>
            <Time>2026-03-30T13:56:15.000Z</Time>
            <Position>
              <LatitudeDegrees>37.3629488</LatitudeDegrees>
              <LongitudeDegrees>-121.8551225</LongitudeDegrees>
            </Position>
            <AltitudeMeters>24.3</AltitudeMeters>
            <DistanceMeters>3888.89</DistanceMeters>
            <HeartRateBpm><Value>137</Value></HeartRateBpm>
            <Cadence>166</Cadence>
          </Trackpoint>
          <Trackpoint>
            <Time>2026-03-30T13:56:20.000Z</Time>
            <Position>
              <LatitudeDegrees>37.3630273</LatitudeDegrees>
              <LongitudeDegrees>-121.8550235</LongitudeDegrees>
            </Position>
            <AltitudeMeters>24.4</AltitudeMeters>
            <DistanceMeters>3901.23</DistanceMeters>
            <HeartRateBpm><Value>137</Value></HeartRateBpm>
            <Cadence>166</Cadence>
          </Trackpoint>
          <Trackpoint>
            <Time>2026-03-30T13:56:25.000Z</Time>
            <Position>
              <LatitudeDegrees>37.3631059</LatitudeDegrees>
              <LongitudeDegrees>-121.8549245</LongitudeDegrees>
            </Position>
            <AltitudeMeters>24.5</AltitudeMeters>
            <DistanceMeters>3913.58</DistanceMeters>
            <HeartRateBpm><Value>137</Value></HeartRateBpm>
            <Cadence>166</Cadence>
          </Trackpoint>
          <Trackpoint>
            <Time>2026-03-30T13:56:30.000Z</Time>
            <Position>
              <LatitudeDegrees>37.3631845</LatitudeDegrees>
              <LongitudeDegrees>-121.8548255</LongitudeDegrees>
            </Position>
            <AltitudeMeters>24.5</AltitudeMeters>
            <DistanceMeters>3925.93</DistanceMeters>
            <HeartRateBpm><Value>137</Value></HeartRateBpm>
            <Cadence>166</Cadence>
          </Trackpoint>
          <Trackpoint>
            <Time>2026-03-30T13:56:35.000Z</Time>
            <Position>
              <LatitudeDegrees>37.3632630</LatitudeDegrees>
              <LongitudeDegrees>-121.8547265</LongitudeDegrees>
            </Position>
            <AltitudeMeters>24.6</AltitudeMeters>
            <DistanceMeters>3938.27</DistanceMeters>
            <HeartRateBpm><Value>137</Value></HeartRateBpm>
            <Cadence>166</Cadence>
          </Trackpoint>
          <Trackpoint>
            <Time>2026-03-30T13:56:40.000Z</Time>
            <Position>
              <LatitudeDegrees>37.3633416</LatitudeDegrees>
              <LongitudeDegrees>-121.8546276</LongitudeDegrees>
            </Position>
            <AltitudeMeters>24.7</AltitudeMeters>
            <DistanceMeters>3950.62</DistanceMeters>
            <HeartRateBpm><Value>137</Value></HeartRateBpm>
            <Cadence>166</Cadence>
          </Trackpoint>
          <Trackpoint>
            <Time>2026-03-30T13:56:45.000Z</Time>
            <Position>
              <LatitudeDegrees>37.3634202</LatitudeDegrees>
              <LongitudeDegrees>-121.8545286</LongitudeDegrees>
            </Position>
            <AltitudeMeters>24.8</AltitudeMeters>
            <DistanceMeters>3962.96</DistanceMeters>
            <HeartRateBpm><Value>137</Value></HeartRateBpm>
            <Cadence>166</Cadence>
          </Trackpoint>
          <Trackpoint>
            <Time>2026-03-30T13:56:50.000Z</Time>
            <Position>
              <LatitudeDegrees>37.3634987</LatitudeDegrees>
              <LongitudeDegrees>-121.8544296</LongitudeDegrees>
            </Position>
            <AltitudeMeters>24.8</AltitudeMeters>
            <DistanceMeters>3975.31</DistanceMeters>
            <HeartRateBpm><Value>137</Value></HeartRateBpm>
            <Cadence>166</Cadence>
          </Trackpoint>
          <Trackpoint>
            <Time>2026-03-30T13:56:55.000Z</Time>
            <Position>
              <LatitudeDegrees>37.3635773</LatitudeDegrees>
              <LongitudeDegrees>-121.8543306</LongitudeDegrees>
            </Position>
            <AltitudeMeters>24.9</AltitudeMeters>
            <DistanceMeters>3987.65</DistanceMeters>
            <HeartRateBpm><Value>137</Value></HeartRateBpm>
            <Cadence>166</Cadence>
          </Trackpoint>
          <Trackpoint>
            <Time>2026-03-30T13:57:00.000Z</Time>
            <Position>
              <LatitudeDegrees>37.3636559</LatitudeDegrees>
              <LongitudeDegrees>-121.8542317</LongitudeDegrees>
            </Position>
            <AltitudeMeters>25</AltitudeMeters>
            <DistanceMeters>4000.00</DistanceMeters>
            <HeartRateBpm><Value>137</Value></HeartRateBpm>
            <Cadence>166</Cadence>
          </Trackpoint>
          <Trackpoint>
            <Time>2026-03-30T13:57:05.000Z</Time>
            <Position>
              <LatitudeDegrees>37.3637344</LatitudeDegrees>
              <LongitudeDegrees>-121.8541327</LongitudeDegrees>
            </Position>
            <AltitudeMeters>25.1</AltitudeMeters>
            <DistanceMeters>4012.35</DistanceMeters>
            <HeartRateBpm><Value>137</Value></HeartRateBpm>
            <Cadence>166</Cadence>
          </Trackpoint>
          <Trackpoint>
            <Time>2026-03-30T13:57:10.000Z</Time>
            <Position>
              <LatitudeDegrees>37.3638130</LatitudeDegrees>
              <LongitudeDegrees>-121.8540337</LongitudeDegrees>
            </Position>
            <AltitudeMeters>25.2</AltitudeMeters>
            <DistanceMeters>4024.69</DistanceMeters>
            <HeartRateBpm><Value>137</Value></HeartRateBpm>
            <Cadence>166</Cadence>
          </Trackpoint>
          <Trackpoint>
            <Time>2026-03-30T13:57:15.000Z</Time>
            <Position>
              <LatitudeDegrees>37.3638916</LatitudeDegrees>
              <LongitudeDegrees>-121.8539347</LongitudeDegrees>
            </Position>
            <AltitudeMeters>25.2</AltitudeMeters>
            <DistanceMeters>4037.04</DistanceMeters>
            <HeartRateBpm><Value>137</Value></HeartRateBpm>
            <Cadence>166</Cadence>
          </Trackpoint>
          <Trackpoint>
            <Time>2026-03-30T13:57:20.000Z</Time>
            <Position>
              <LatitudeDegrees>37.3639701</LatitudeDegrees>
              <LongitudeDegrees>-121.8538358</LongitudeDegrees>
            </Position>
            <AltitudeMeters>25.3</AltitudeMeters>
            <DistanceMeters>4049.38</DistanceMeters>
            <HeartRateBpm><Value>137</Value></HeartRateBpm>
            <Cadence>166</Cadence>
          </Trackpoint>
          <Trackpoint>
            <Time>2026-03-30T13:57:25.000Z</Time>
            <Position>
              <LatitudeDegrees>37.3640487</LatitudeDegrees>
              <LongitudeDegrees>-121.8537368</LongitudeDegrees>
            </Position>
            <AltitudeMeters>25.4</AltitudeMeters>
            <DistanceMeters>4061.73</DistanceMeters>
            <HeartRateBpm><Value>137</Value></HeartRateBpm>
            <Cadence>166</Cadence>
          </Trackpoint>
          <Trackpoint>
            <Time>2026-03-30T13:57:30.000Z</Time>
            <Position>
              <LatitudeDegrees>37.3641273</LatitudeDegrees>
              <LongitudeDegrees>-121.8536378</LongitudeDegrees>
            </Position>
            <AltitudeMeters>25.5</AltitudeMeters>
            <DistanceMeters>4074.07</DistanceMeters>
            <HeartRateBpm><Value>137</Value></HeartRateBpm>
            <Cadence>166</Cadence>
          </Trackpoint>
          <Trackpoint>
            <Time>2026-03-30T13:57:35.000Z</Time>
            <Position>
              <LatitudeDegrees>37.3642058</LatitudeDegrees>
              <LongitudeDegrees>-121.8535388</LongitudeDegrees>
            </Position>
            <AltitudeMeters>25.5</AltitudeMeters>
            <DistanceMeters>4086.42</DistanceMeters>
            <HeartRateBpm><Value>137</Value></HeartRateBpm>
            <Cadence>166</Cadence>
          </Trackpoint>
          <Trackpoint>
            <Time>2026-03-30T13:57:40.000Z</Time>
            <Position>
              <LatitudeDegrees>37.3642844</LatitudeDegrees>
              <LongitudeDegrees>-121.8534399</LongitudeDegrees>
            </Position>
            <AltitudeMeters>25.6</AltitudeMeters>
            <DistanceMeters>4098.77</DistanceMeters>
            <HeartRateBpm><Value>137</Value></HeartRateBpm>
            <Cadence>166</Cadence>
          </Trackpoint>
          <Trackpoint>
            <Time>2026-03-30T13:57:45.000Z</Time>
            <Position>
              <LatitudeDegrees>37.3643630</LatitudeDegrees>
              <LongitudeDegrees>-121.8533409</LongitudeDegrees>
            </Position>
            <AltitudeMeters>25.7</AltitudeMeters>
            <DistanceMeters>4111.11</DistanceMeters>
            <HeartRateBpm><Value>137</Value></HeartRateBpm>
            <Cadence>166</Cadence>
          </Trackpoint>
          <Trackpoint>
            <Time>2026-03-30T13:57:50.000Z</Time>
            <Position>
              <LatitudeDegrees>37.3644415</LatitudeDegrees>
              <LongitudeDegrees>-121.8532419</LongitudeDegrees>
            </Position>
            <AltitudeMeters>25.8</AltitudeMeters>
            <DistanceMeters>4123.46</DistanceMeters>
            <HeartRateBpm><Value>137</Value></HeartRateBpm>
            <Cadence>166</Cadence>
          </Trackpoint>
          <Trackpoint>
            <Time>2026-03-30T13:57:55.000Z</Time>
            <Position>
              <LatitudeDegrees>37.3645201</LatitudeDegrees>
              <LongitudeDegrees>-121.8531429</LongitudeDegrees>
            </Position>
            <AltitudeMeters>25.8</AltitudeMeters>
            <DistanceMeters>4135.80</DistanceMeters>
            <HeartRateBpm><Value>137</Value></HeartRateBpm>
            <Cadence>166</Cadence>
          </Trackpoint>
          <Trackpoint>
            <Time>2026-03-30T13:58:00.000Z</Time>
            <Position>
              <LatitudeDegrees>37.3645987</LatitudeDegrees>
              <LongitudeDegrees>-121.8530439</LongitudeDegrees>
            </Position>
            <AltitudeMeters>25.9</AltitudeMeters>
            <DistanceMeters>4148.15</DistanceMeters>
            <HeartRateBpm><Value>137</Value></HeartRateBpm>
            <Cadence>166</Cadence>
          </Trackpoint>
          <Trackpoint>
            <Time>2026-03-30T13:58:05.000Z</Time>
            <Position>
              <LatitudeDegrees>37.3646772</LatitudeDegrees>
              <LongitudeDegrees>-121.8529450</LongitudeDegrees>
            </Position>
            <AltitudeMeters>26</AltitudeMeters>
            <DistanceMeters>4160.49</DistanceMeters>
            <HeartRateBpm><Value>137</Value></HeartRateBpm>
            <Cadence>166</Cadence>
          </Trackpoint>
          <Trackpoint>
            <Time>2026-03-30T13:58:10.000Z</Time>
            <Position>
              <LatitudeDegrees>37.3647558</LatitudeDegrees>
              <LongitudeDegrees>-121.8528460</LongitudeDegrees>
            </Position>
            <AltitudeMeters>26</AltitudeMeters>
            <DistanceMeters>4172.84</DistanceMeters>
            <HeartRateBpm><Value>137</Value></HeartRateBpm>
            <Cadence>166</Cadence>
          </Trackpoint>
          <Trackpoint>
            <Time>2026-03-30T13:58:15.000Z</Time>
            <Position>
              <LatitudeDegrees>37.3648344</LatitudeDegrees>
              <LongitudeDegrees>-121.8527470</LongitudeDegrees>
            </Position>
            <AltitudeMeters>26.1</AltitudeMeters>
            <DistanceMeters>4185.19</DistanceMeters>
            <HeartRateBpm><Value>137</Value></HeartRateBpm>
            <Cadence>166</Cadence>
          </Trackpoint>
          <Trackpoint>
            <Time>2026-03-30T13:58:20.000Z</Time>
            <Position>
              <LatitudeDegrees>37.3649129</LatitudeDegrees>
              <LongitudeDegrees>-121.8526480</LongitudeDegrees>
            </Position>
            <AltitudeMeters>26.2</AltitudeMeters>
            <DistanceMeters>4197.53</DistanceMeters>
            <HeartRateBpm><Value>137</Value></HeartRateBpm>
            <Cadence>166</Cadence>
          </Trackpoint>
          <Trackpoint>
            <Time>2026-03-30T13:58:25.000Z</Time>
            <Position>
              <LatitudeDegrees>37.3649915</LatitudeDegrees>
              <LongitudeDegrees>-121.8525491</LongitudeDegrees>
            </Position>
            <AltitudeMeters>26.2</AltitudeMeters>
            <DistanceMeters>4209.88</DistanceMeters>
            <HeartRateBpm><Value>137</Value></HeartRateBpm>
            <Cadence>166</Cadence>
          </Trackpoint>
          <Trackpoint>
            <Time>2026-03-30T13:58:30.000Z</Time>
            <Position>
              <LatitudeDegrees>37.3650701</LatitudeDegrees>
              <LongitudeDegrees>-121.8524501</LongitudeDegrees>
            </Position>
            <AltitudeMeters>26.3</AltitudeMeters>
            <DistanceMeters>4222.22</DistanceMeters>
            <HeartRateBpm><Value>137</Value></HeartRateBpm>
            <Cadence>166</Cadence>
          </Trackpoint>
          <Trackpoint>
            <Time>2026-03-30T13:58:35.000Z</Time>
            <Position>
              <LatitudeDegrees>37.3651487</LatitudeDegrees>
              <LongitudeDegrees>-121.8523511</LongitudeDegrees>
            </Position>
            <AltitudeMeters>26.3</AltitudeMeters>
            <DistanceMeters>4234.57</DistanceMeters>
            <HeartRateBpm><Value>137</Value></HeartRateBpm>
            <Cadence>166</Cadence>
          </Trackpoint>
          <Trackpoint>
            <Time>2026-03-30T13:58:40.000Z</Time>
            <Position>
              <LatitudeDegrees>37.3652272</LatitudeDegrees>
              <LongitudeDegrees>-121.8522521</LongitudeDegrees>
            </Position>
            <AltitudeMeters>26.4</AltitudeMeters>
            <DistanceMeters>4246.91</DistanceMeters>
            <HeartRateBpm><Value>137</Value></HeartRateBpm>
            <Cadence>166</Cadence>
          </Trackpoint>
          <Trackpoint>
            <Time>2026-03-30T13:58:45.000Z</Time>
            <Position>
              <LatitudeDegrees>37.3653058</LatitudeDegrees>
              <LongitudeDegrees>-121.8521532</LongitudeDegrees>
            </Position>
            <AltitudeMeters>26.5</AltitudeMeters>
            <DistanceMeters>4259.26</DistanceMeters>
            <HeartRateBpm><Value>137</Value></HeartRateBpm>
            <Cadence>166</Cadence>
          </Trackpoint>
          <Trackpoint>
            <Time>2026-03-30T13:58:50.000Z</Time>
            <Position>
              <LatitudeDegrees>37.3653844</LatitudeDegrees>
              <LongitudeDegrees>-121.8520542</LongitudeDegrees>
            </Position>
            <AltitudeMeters>26.5</AltitudeMeters>
            <DistanceMeters>4271.60</DistanceMeters>
            <HeartRateBpm><Value>137</Value></HeartRateBpm>
            <Cadence>166</Cadence>
          </Trackpoint>
          <Trackpoint>
            <Time>2026-03-30T13:58:55.000Z</Time>
            <Position>
              <LatitudeDegrees>37.3654629</LatitudeDegrees>
              <LongitudeDegrees>-121.8519552</LongitudeDegrees>
            </Position>
            <AltitudeMeters>26.6</AltitudeMeters>
            <DistanceMeters>4283.95</DistanceMeters>
            <HeartRateBpm><Value>137</Value></HeartRateBpm>
            <Cadence>166</Cadence>
          </Trackpoint>
          <Trackpoint>
            <Time>2026-03-30T13:59:00.000Z</Time>
            <Position>
              <LatitudeDegrees>37.3655415</LatitudeDegrees>
              <LongitudeDegrees>-121.8518562</LongitudeDegrees>
            </Position>
            <AltitudeMeters>26.6</AltitudeMeters>
            <DistanceMeters>4296.30</DistanceMeters>
            <HeartRateBpm><Value>137</Value></HeartRateBpm>
            <Cadence>166</Cadence>
          </Trackpoint>
          <Trackpoint>
            <Time>2026-03-30T13:59:05.000Z</Time>
            <Position>
              <LatitudeDegrees>37.3656201</LatitudeDegrees>
              <LongitudeDegrees>-121.8517573</LongitudeDegrees>
            </Position>
            <AltitudeMeters>26.6</AltitudeMeters>
            <DistanceMeters>4308.64</DistanceMeters>
            <HeartRateBpm><Value>137</Value></HeartRateBpm>
            <Cadence>166</Cadence>
          </Trackpoint>
          <Trackpoint>
            <Time>2026-03-30T13:59:10.000Z</Time>
            <Position>
              <LatitudeDegrees>37.3656986</LatitudeDegrees>
              <LongitudeDegrees>-121.8516583</LongitudeDegrees>
            </Position>
            <AltitudeMeters>26.7</AltitudeMeters>
            <DistanceMeters>4320.99</DistanceMeters>
            <HeartRateBpm><Value>137</Value></HeartRateBpm>
            <Cadence>166</Cadence>
          </Trackpoint>
          <Trackpoint>
            <Time>2026-03-30T13:59:15.000Z</Time>
            <Position>
              <LatitudeDegrees>37.3657772</LatitudeDegrees>
              <LongitudeDegrees>-121.8515593</LongitudeDegrees>
            </Position>
            <AltitudeMeters>26.7</AltitudeMeters>
            <DistanceMeters>4333.33</DistanceMeters>
            <HeartRateBpm><Value>137</Value></HeartRateBpm>
            <Cadence>166</Cadence>
          </Trackpoint>
          <Trackpoint>
            <Time>2026-03-30T13:59:20.000Z</Time>
            <Position>
              <LatitudeDegrees>37.3658558</LatitudeDegrees>
              <LongitudeDegrees>-121.8514603</LongitudeDegrees>
            </Position>
            <AltitudeMeters>26.8</AltitudeMeters>
            <DistanceMeters>4345.68</DistanceMeters>
            <HeartRateBpm><Value>137</Value></HeartRateBpm>
            <Cadence>166</Cadence>
          </Trackpoint>
          <Trackpoint>
            <Time>2026-03-30T13:59:25.000Z</Time>
            <Position>
              <LatitudeDegrees>37.3659343</LatitudeDegrees>
              <LongitudeDegrees>-121.8513614</LongitudeDegrees>
            </Position>
            <AltitudeMeters>26.8</AltitudeMeters>
            <DistanceMeters>4358.02</DistanceMeters>
            <HeartRateBpm><Value>137</Value></HeartRateBpm>
            <Cadence>166</Cadence>
          </Trackpoint>
          <Trackpoint>
            <Time>2026-03-30T13:59:30.000Z</Time>
            <Position>
              <LatitudeDegrees>37.3660129</LatitudeDegrees>
              <LongitudeDegrees>-121.8512624</LongitudeDegrees>
            </Position>
            <AltitudeMeters>26.8</AltitudeMeters>
            <DistanceMeters>4370.37</DistanceMeters>
            <HeartRateBpm><Value>137</Value></HeartRateBpm>
            <Cadence>166</Cadence>
          </Trackpoint>
          <Trackpoint>
            <Time>2026-03-30T13:59:35.000Z</Time>
            <Position>
              <LatitudeDegrees>37.3660915</LatitudeDegrees>
              <LongitudeDegrees>-121.8511634</LongitudeDegrees>
            </Position>
            <AltitudeMeters>26.9</AltitudeMeters>
            <DistanceMeters>4382.72</DistanceMeters>
            <HeartRateBpm><Value>137</Value></HeartRateBpm>
            <Cadence>166</Cadence>
          </Trackpoint>
          <Trackpoint>
            <Time>2026-03-30T13:59:40.000Z</Time>
            <Position>
              <LatitudeDegrees>37.3661700</LatitudeDegrees>
              <LongitudeDegrees>-121.8510644</LongitudeDegrees>
            </Position>
            <AltitudeMeters>26.9</AltitudeMeters>
            <DistanceMeters>4395.06</DistanceMeters>
            <HeartRateBpm><Value>137</Value></HeartRateBpm>
            <Cadence>166</Cadence>
          </Trackpoint>
          <Trackpoint>
            <Time>2026-03-30T13:59:45.000Z</Time>
            <Position>
              <LatitudeDegrees>37.3662486</LatitudeDegrees>
              <LongitudeDegrees>-121.8509654</LongitudeDegrees>
            </Position>
            <AltitudeMeters>26.9</AltitudeMeters>
            <DistanceMeters>4407.41</DistanceMeters>
            <HeartRateBpm><Value>137</Value></HeartRateBpm>
            <Cadence>166</Cadence>
          </Trackpoint>
          <Trackpoint>
            <Time>2026-03-30T13:59:50.000Z</Time>
            <Position>
              <LatitudeDegrees>37.3663272</LatitudeDegrees>
              <LongitudeDegrees>-121.8508665</LongitudeDegrees>
            </Position>
            <AltitudeMeters>26.9</AltitudeMeters>
            <DistanceMeters>4419.75</DistanceMeters>
            <HeartRateBpm><Value>137</Value></HeartRateBpm>
            <Cadence>166</Cadence>
          </Trackpoint>
          <Trackpoint>
            <Time>2026-03-30T13:59:55.000Z</Time>
            <Position>
              <LatitudeDegrees>37.3664057</LatitudeDegrees>
              <LongitudeDegrees>-121.8507675</LongitudeDegrees>
            </Position>
            <AltitudeMeters>27</AltitudeMeters>
            <DistanceMeters>4432.10</DistanceMeters>
            <HeartRateBpm><Value>137</Value></HeartRateBpm>
            <Cadence>166</Cadence>
          </Trackpoint>
          <Trackpoint>
            <Time>2026-03-30T14:00:00.000Z</Time>
            <Position>
              <LatitudeDegrees>37.3664843</LatitudeDegrees>
              <LongitudeDegrees>-121.8506685</LongitudeDegrees>
            </Position>
            <AltitudeMeters>27</AltitudeMeters>
            <DistanceMeters>4444.44</DistanceMeters>
            <HeartRateBpm><Value>137</Value></HeartRateBpm>
            <Cadence>166</Cadence>
          </Trackpoint>
          <Trackpoint>
            <Time>2026-03-30T14:00:05.000Z</Time>
            <Position>
              <LatitudeDegrees>37.3665629</LatitudeDegrees>
              <LongitudeDegrees>-121.8505695</LongitudeDegrees>
            </Position>
            <AltitudeMeters>27</AltitudeMeters>
            <DistanceMeters>4456.79</DistanceMeters>
            <HeartRateBpm><Value>137</Value></HeartRateBpm>
            <Cadence>166</Cadence>
          </Trackpoint>
          <Trackpoint>
            <Time>2026-03-30T14:00:10.000Z</Time>
            <Position>
              <LatitudeDegrees>37.3666414</LatitudeDegrees>
              <LongitudeDegrees>-121.8504706</LongitudeDegrees>
            </Position>
            <AltitudeMeters>27</AltitudeMeters>
            <DistanceMeters>4469.14</DistanceMeters>
            <HeartRateBpm><Value>137</Value></HeartRateBpm>
            <Cadence>166</Cadence>
          </Trackpoint>
          <Trackpoint>
            <Time>2026-03-30T14:00:15.000Z</Time>
            <Position>
              <LatitudeDegrees>37.3667200</LatitudeDegrees>
              <LongitudeDegrees>-121.8503716</LongitudeDegrees>
            </Position>
            <AltitudeMeters>27</AltitudeMeters>
            <DistanceMeters>4481.48</DistanceMeters>
            <HeartRateBpm><Value>137</Value></HeartRateBpm>
            <Cadence>166</Cadence>
          </Trackpoint>
          <Trackpoint>
            <Time>2026-03-30T14:00:20.000Z</Time>
            <Position>
              <LatitudeDegrees>37.3667986</LatitudeDegrees>
              <LongitudeDegrees>-121.8502726</LongitudeDegrees>
            </Position>
            <AltitudeMeters>27</AltitudeMeters>
            <DistanceMeters>4493.83</DistanceMeters>
            <HeartRateBpm><Value>137</Value></HeartRateBpm>
            <Cadence>166</Cadence>
          </Trackpoint>
          <Trackpoint>
            <Time>2026-03-30T14:00:25.000Z</Time>
            <Position>
              <LatitudeDegrees>37.3668771</LatitudeDegrees>
              <LongitudeDegrees>-121.8501736</LongitudeDegrees>
            </Position>
            <AltitudeMeters>27</AltitudeMeters>
            <DistanceMeters>4506.17</DistanceMeters>
            <HeartRateBpm><Value>137</Value></HeartRateBpm>
            <Cadence>166</Cadence>
          </Trackpoint>
          <Trackpoint>
            <Time>2026-03-30T14:00:30.000Z</Time>
            <Position>
              <LatitudeDegrees>37.3669557</LatitudeDegrees>
              <LongitudeDegrees>-121.8500747</LongitudeDegrees>
            </Position>
            <AltitudeMeters>27</AltitudeMeters>
            <DistanceMeters>4518.52</DistanceMeters>
            <HeartRateBpm><Value>137</Value></HeartRateBpm>
            <Cadence>166</Cadence>
          </Trackpoint>
          <Trackpoint>
            <Time>2026-03-30T14:00:35.000Z</Time>
            <Position>
              <LatitudeDegrees>37.3670343</LatitudeDegrees>
              <LongitudeDegrees>-121.8499757</LongitudeDegrees>
            </Position>
            <AltitudeMeters>27</AltitudeMeters>
            <DistanceMeters>4530.86</DistanceMeters>
            <HeartRateBpm><Value>137</Value></HeartRateBpm>
            <Cadence>166</Cadence>
          </Trackpoint>
          <Trackpoint>
            <Time>2026-03-30T14:00:40.000Z</Time>
            <Position>
              <LatitudeDegrees>37.3671128</LatitudeDegrees>
              <LongitudeDegrees>-121.8498767</LongitudeDegrees>
            </Position>
            <AltitudeMeters>27</AltitudeMeters>
            <DistanceMeters>4543.21</DistanceMeters>
            <HeartRateBpm><Value>137</Value></HeartRateBpm>
            <Cadence>166</Cadence>
          </Trackpoint>
          <Trackpoint>
            <Time>2026-03-30T14:00:45.000Z</Time>
            <Position>
              <LatitudeDegrees>37.3671914</LatitudeDegrees>
              <LongitudeDegrees>-121.8497777</LongitudeDegrees>
            </Position>
            <AltitudeMeters>27</AltitudeMeters>
            <DistanceMeters>4555.56</DistanceMeters>
            <HeartRateBpm><Value>137</Value></HeartRateBpm>
            <Cadence>166</Cadence>
          </Trackpoint>
          <Trackpoint>
            <Time>2026-03-30T14:00:50.000Z</Time>
            <Position>
              <LatitudeDegrees>37.3672700</LatitudeDegrees>
              <LongitudeDegrees>-121.8496788</LongitudeDegrees>
            </Position>
            <AltitudeMeters>27</AltitudeMeters>
            <DistanceMeters>4567.90</DistanceMeters>
            <HeartRateBpm><Value>137</Value></HeartRateBpm>
            <Cadence>166</Cadence>
          </Trackpoint>
          <Trackpoint>
            <Time>2026-03-30T14:00:55.000Z</Time>
            <Position>
              <LatitudeDegrees>37.3673485</LatitudeDegrees>
              <LongitudeDegrees>-121.8495798</LongitudeDegrees>
            </Position>
            <AltitudeMeters>26.9</AltitudeMeters>
            <DistanceMeters>4580.25</DistanceMeters>
            <HeartRateBpm><Value>137</Value></HeartRateBpm>
            <Cadence>166</Cadence>
          </Trackpoint>
          <Trackpoint>
            <Time>2026-03-30T14:01:00.000Z</Time>
            <Position>
              <LatitudeDegrees>37.3674271</LatitudeDegrees>
              <LongitudeDegrees>-121.8494808</LongitudeDegrees>
            </Position>
            <AltitudeMeters>26.9</AltitudeMeters>
            <DistanceMeters>4592.59</DistanceMeters>
            <HeartRateBpm><Value>137</Value></HeartRateBpm>
            <Cadence>166</Cadence>
          </Trackpoint>
          <Trackpoint>
            <Time>2026-03-30T14:01:05.000Z</Time>
            <Position>
              <LatitudeDegrees>37.3675057</LatitudeDegrees>
              <LongitudeDegrees>-121.8493818</LongitudeDegrees>
            </Position>
            <AltitudeMeters>26.9</AltitudeMeters>
            <DistanceMeters>4604.94</DistanceMeters>
            <HeartRateBpm><Value>137</Value></HeartRateBpm>
            <Cadence>166</Cadence>
          </Trackpoint>
          <Trackpoint>
            <Time>2026-03-30T14:01:10.000Z</Time>
            <Position>
              <LatitudeDegrees>37.3675842</LatitudeDegrees>
              <LongitudeDegrees>-121.8492828</LongitudeDegrees>
            </Position>
            <AltitudeMeters>26.9</AltitudeMeters>
            <DistanceMeters>4617.28</DistanceMeters>
            <HeartRateBpm><Value>137</Value></HeartRateBpm>
            <Cadence>166</Cadence>
          </Trackpoint>
          <Trackpoint>
            <Time>2026-03-30T14:01:15.000Z</Time>
            <Position>
              <LatitudeDegrees>37.3676628</LatitudeDegrees>
              <LongitudeDegrees>-121.8491839</LongitudeDegrees>
            </Position>
            <AltitudeMeters>26.8</AltitudeMeters>
            <DistanceMeters>4629.63</DistanceMeters>
            <HeartRateBpm><Value>137</Value></HeartRateBpm>
            <Cadence>166</Cadence>
          </Trackpoint>
          <Trackpoint>
            <Time>2026-03-30T14:01:20.000Z</Time>
            <Position>
              <LatitudeDegrees>37.3677414</LatitudeDegrees>
              <LongitudeDegrees>-121.8490849</LongitudeDegrees>
            </Position>
            <AltitudeMeters>26.8</AltitudeMeters>
            <DistanceMeters>4641.98</DistanceMeters>
            <HeartRateBpm><Value>137</Value></HeartRateBpm>
            <Cadence>166</Cadence>
          </Trackpoint>
          <Trackpoint>
            <Time>2026-03-30T14:01:25.000Z</Time>
            <Position>
              <LatitudeDegrees>37.3678199</LatitudeDegrees>
              <LongitudeDegrees>-121.8489859</LongitudeDegrees>
            </Position>
            <AltitudeMeters>26.8</AltitudeMeters>
            <DistanceMeters>4654.32</DistanceMeters>
            <HeartRateBpm><Value>137</Value></HeartRateBpm>
            <Cadence>166</Cadence>
          </Trackpoint>
          <Trackpoint>
            <Time>2026-03-30T14:01:30.000Z</Time>
            <Position>
              <LatitudeDegrees>37.3678985</LatitudeDegrees>
              <LongitudeDegrees>-121.8488869</LongitudeDegrees>
            </Position>
            <AltitudeMeters>26.7</AltitudeMeters>
            <DistanceMeters>4666.67</DistanceMeters>
            <HeartRateBpm><Value>137</Value></HeartRateBpm>
            <Cadence>166</Cadence>
          </Trackpoint>
          <Trackpoint>
            <Time>2026-03-30T14:01:35.000Z</Time>
            <Position>
              <LatitudeDegrees>37.3679771</LatitudeDegrees>
              <LongitudeDegrees>-121.8487880</LongitudeDegrees>
            </Position>
            <AltitudeMeters>26.7</AltitudeMeters>
            <DistanceMeters>4679.01</DistanceMeters>
            <HeartRateBpm><Value>137</Value></HeartRateBpm>
            <Cadence>166</Cadence>
          </Trackpoint>
          <Trackpoint>
            <Time>2026-03-30T14:01:40.000Z</Time>
            <Position>
              <LatitudeDegrees>37.3680556</LatitudeDegrees>
              <LongitudeDegrees>-121.8486890</LongitudeDegrees>
            </Position>
            <AltitudeMeters>26.6</AltitudeMeters>
            <DistanceMeters>4691.36</DistanceMeters>
            <HeartRateBpm><Value>137</Value></HeartRateBpm>
            <Cadence>166</Cadence>
          </Trackpoint>
          <Trackpoint>
            <Time>2026-03-30T14:01:45.000Z</Time>
            <Position>
              <LatitudeDegrees>37.3681342</LatitudeDegrees>
              <LongitudeDegrees>-121.8485900</LongitudeDegrees>
            </Position>
            <AltitudeMeters>26.6</AltitudeMeters>
            <DistanceMeters>4703.70</DistanceMeters>
            <HeartRateBpm><Value>137</Value></HeartRateBpm>
            <Cadence>166</Cadence>
          </Trackpoint>
          <Trackpoint>
            <Time>2026-03-30T14:01:50.000Z</Time>
            <Position>
              <LatitudeDegrees>37.3682128</LatitudeDegrees>
              <LongitudeDegrees>-121.8484910</LongitudeDegrees>
            </Position>
            <AltitudeMeters>26.6</AltitudeMeters>
            <DistanceMeters>4716.05</DistanceMeters>
            <HeartRateBpm><Value>137</Value></HeartRateBpm>
            <Cadence>166</Cadence>
          </Trackpoint>
          <Trackpoint>
            <Time>2026-03-30T14:01:55.000Z</Time>
            <Position>
              <LatitudeDegrees>37.3682914</LatitudeDegrees>
              <LongitudeDegrees>-121.8483921</LongitudeDegrees>
            </Position>
            <AltitudeMeters>26.5</AltitudeMeters>
            <DistanceMeters>4728.40</DistanceMeters>
            <HeartRateBpm><Value>137</Value></HeartRateBpm>
            <Cadence>166</Cadence>
          </Trackpoint>
          <Trackpoint>
            <Time>2026-03-30T14:02:00.000Z</Time>
            <Position>
              <LatitudeDegrees>37.3683699</LatitudeDegrees>
              <LongitudeDegrees>-121.8482931</LongitudeDegrees>
            </Position>
            <AltitudeMeters>26.5</AltitudeMeters>
            <DistanceMeters>4740.74</DistanceMeters>
            <HeartRateBpm><Value>137</Value></HeartRateBpm>
            <Cadence>166</Cadence>
          </Trackpoint>
          <Trackpoint>
            <Time>2026-03-30T14:02:05.000Z</Time>
            <Position>
              <LatitudeDegrees>37.3684485</LatitudeDegrees>
              <LongitudeDegrees>-121.8481941</LongitudeDegrees>
            </Position>
            <AltitudeMeters>26.4</AltitudeMeters>
            <DistanceMeters>4753.09</DistanceMeters>
            <HeartRateBpm><Value>137</Value></HeartRateBpm>
            <Cadence>166</Cadence>
          </Trackpoint>
          <Trackpoint>
            <Time>2026-03-30T14:02:10.000Z</Time>
            <Position>
              <LatitudeDegrees>37.3685271</LatitudeDegrees>
              <LongitudeDegrees>-121.8480951</LongitudeDegrees>
            </Position>
            <AltitudeMeters>26.3</AltitudeMeters>
            <DistanceMeters>4765.43</DistanceMeters>
            <HeartRateBpm><Value>137</Value></HeartRateBpm>
            <Cadence>166</Cadence>
          </Trackpoint>
          <Trackpoint>
            <Time>2026-03-30T14:02:15.000Z</Time>
            <Position>
              <LatitudeDegrees>37.3686056</LatitudeDegrees>
              <LongitudeDegrees>-121.8479962</LongitudeDegrees>
            </Position>
            <AltitudeMeters>26.3</AltitudeMeters>
            <DistanceMeters>4777.78</DistanceMeters>
            <HeartRateBpm><Value>137</Value></HeartRateBpm>
            <Cadence>166</Cadence>
          </Trackpoint>
          <Trackpoint>
            <Time>2026-03-30T14:02:20.000Z</Time>
            <Position>
              <LatitudeDegrees>37.3686842</LatitudeDegrees>
              <LongitudeDegrees>-121.8478972</LongitudeDegrees>
            </Position>
            <AltitudeMeters>26.2</AltitudeMeters>
            <DistanceMeters>4790.12</DistanceMeters>
            <HeartRateBpm><Value>137</Value></HeartRateBpm>
            <Cadence>166</Cadence>
          </Trackpoint>
          <Trackpoint>
            <Time>2026-03-30T14:02:25.000Z</Time>
            <Position>
              <LatitudeDegrees>37.3687628</LatitudeDegrees>
              <LongitudeDegrees>-121.8477982</LongitudeDegrees>
            </Position>
            <AltitudeMeters>26.2</AltitudeMeters>
            <DistanceMeters>4802.47</DistanceMeters>
            <HeartRateBpm><Value>137</Value></HeartRateBpm>
            <Cadence>166</Cadence>
          </Trackpoint>
          <Trackpoint>
            <Time>2026-03-30T14:02:30.000Z</Time>
            <Position>
              <LatitudeDegrees>37.3688413</LatitudeDegrees>
              <LongitudeDegrees>-121.8476992</LongitudeDegrees>
            </Position>
            <AltitudeMeters>26.1</AltitudeMeters>
            <DistanceMeters>4814.81</DistanceMeters>
            <HeartRateBpm><Value>137</Value></HeartRateBpm>
            <Cadence>166</Cadence>
          </Trackpoint>
          <Trackpoint>
            <Time>2026-03-30T14:02:35.000Z</Time>
            <Position>
              <LatitudeDegrees>37.3689199</LatitudeDegrees>
              <LongitudeDegrees>-121.8476003</LongitudeDegrees>
            </Position>
            <AltitudeMeters>26</AltitudeMeters>
            <DistanceMeters>4827.16</DistanceMeters>
            <HeartRateBpm><Value>137</Value></HeartRateBpm>
            <Cadence>166</Cadence>
          </Trackpoint>
          <Trackpoint>
            <Time>2026-03-30T14:02:40.000Z</Time>
            <Position>
              <LatitudeDegrees>37.3689985</LatitudeDegrees>
              <LongitudeDegrees>-121.8475013</LongitudeDegrees>
            </Position>
            <AltitudeMeters>26</AltitudeMeters>
            <DistanceMeters>4839.51</DistanceMeters>
            <HeartRateBpm><Value>137</Value></HeartRateBpm>
            <Cadence>166</Cadence>
          </Trackpoint>
          <Trackpoint>
            <Time>2026-03-30T14:02:45.000Z</Time>
            <Position>
              <LatitudeDegrees>37.3690770</LatitudeDegrees>
              <LongitudeDegrees>-121.8474023</LongitudeDegrees>
            </Position>
            <AltitudeMeters>25.9</AltitudeMeters>
            <DistanceMeters>4851.85</DistanceMeters>
            <HeartRateBpm><Value>137</Value></HeartRateBpm>
            <Cadence>166</Cadence>
          </Trackpoint>
          <Trackpoint>
            <Time>2026-03-30T14:02:50.000Z</Time>
            <Position>
              <LatitudeDegrees>37.3691556</LatitudeDegrees>
              <LongitudeDegrees>-121.8473033</LongitudeDegrees>
            </Position>
            <AltitudeMeters>25.8</AltitudeMeters>
            <DistanceMeters>4864.20</DistanceMeters>
            <HeartRateBpm><Value>137</Value></HeartRateBpm>
            <Cadence>166</Cadence>
          </Trackpoint>
          <Trackpoint>
            <Time>2026-03-30T14:02:55.000Z</Time>
            <Position>
              <LatitudeDegrees>37.3692342</LatitudeDegrees>
              <LongitudeDegrees>-121.8472043</LongitudeDegrees>
            </Position>
            <AltitudeMeters>25.8</AltitudeMeters>
            <DistanceMeters>4876.54</DistanceMeters>
            <HeartRateBpm><Value>137</Value></HeartRateBpm>
            <Cadence>166</Cadence>
          </Trackpoint>
          <Trackpoint>
            <Time>2026-03-30T14:03:00.000Z</Time>
            <Position>
              <LatitudeDegrees>37.3693127</LatitudeDegrees>
              <LongitudeDegrees>-121.8471054</LongitudeDegrees>
            </Position>
            <AltitudeMeters>25.7</AltitudeMeters>
            <DistanceMeters>4888.89</DistanceMeters>
            <HeartRateBpm><Value>137</Value></HeartRateBpm>
            <Cadence>166</Cadence>
          </Trackpoint>
          <Trackpoint>
            <Time>2026-03-30T14:03:05.000Z</Time>
            <Position>
              <LatitudeDegrees>37.3693913</LatitudeDegrees>
              <LongitudeDegrees>-121.8470064</LongitudeDegrees>
            </Position>
            <AltitudeMeters>25.6</AltitudeMeters>
            <DistanceMeters>4901.23</DistanceMeters>
            <HeartRateBpm><Value>137</Value></HeartRateBpm>
            <Cadence>166</Cadence>
          </Trackpoint>
          <Trackpoint>
            <Time>2026-03-30T14:03:10.000Z</Time>
            <Position>
              <LatitudeDegrees>37.3694699</LatitudeDegrees>
              <LongitudeDegrees>-121.8469074</LongitudeDegrees>
            </Position>
            <AltitudeMeters>25.5</AltitudeMeters>
            <DistanceMeters>4913.58</DistanceMeters>
            <HeartRateBpm><Value>137</Value></HeartRateBpm>
            <Cadence>166</Cadence>
          </Trackpoint>
          <Trackpoint>
            <Time>2026-03-30T14:03:15.000Z</Time>
            <Position>
              <LatitudeDegrees>37.3695484</LatitudeDegrees>
              <LongitudeDegrees>-121.8468084</LongitudeDegrees>
            </Position>
            <AltitudeMeters>25.5</AltitudeMeters>
            <DistanceMeters>4925.93</DistanceMeters>
            <HeartRateBpm><Value>137</Value></HeartRateBpm>
            <Cadence>166</Cadence>
          </Trackpoint>
          <Trackpoint>
            <Time>2026-03-30T14:03:20.000Z</Time>
            <Position>
              <LatitudeDegrees>37.3696270</LatitudeDegrees>
              <LongitudeDegrees>-121.8467095</LongitudeDegrees>
            </Position>
            <AltitudeMeters>25.4</AltitudeMeters>
            <DistanceMeters>4938.27</DistanceMeters>
            <HeartRateBpm><Value>137</Value></HeartRateBpm>
            <Cadence>166</Cadence>
          </Trackpoint>
          <Trackpoint>
            <Time>2026-03-30T14:03:25.000Z</Time>
            <Position>
              <LatitudeDegrees>37.3697056</LatitudeDegrees>
              <LongitudeDegrees>-121.8466105</LongitudeDegrees>
            </Position>
            <AltitudeMeters>25.3</AltitudeMeters>
            <DistanceMeters>4950.62</DistanceMeters>
            <HeartRateBpm><Value>137</Value></HeartRateBpm>
            <Cadence>166</Cadence>
          </Trackpoint>
          <Trackpoint>
            <Time>2026-03-30T14:03:30.000Z</Time>
            <Position>
              <LatitudeDegrees>37.3697841</LatitudeDegrees>
              <LongitudeDegrees>-121.8465115</LongitudeDegrees>
            </Position>
            <AltitudeMeters>25.2</AltitudeMeters>
            <DistanceMeters>4962.96</DistanceMeters>
            <HeartRateBpm><Value>137</Value></HeartRateBpm>
            <Cadence>166</Cadence>
          </Trackpoint>
          <Trackpoint>
            <Time>2026-03-30T14:03:35.000Z</Time>
            <Position>
              <LatitudeDegrees>37.3698627</LatitudeDegrees>
              <LongitudeDegrees>-121.8464125</LongitudeDegrees>
            </Position>
            <AltitudeMeters>25.2</AltitudeMeters>
            <DistanceMeters>4975.31</DistanceMeters>
            <HeartRateBpm><Value>137</Value></HeartRateBpm>
            <Cadence>166</Cadence>
          </Trackpoint>
          <Trackpoint>
            <Time>2026-03-30T14:03:40.000Z</Time>
            <Position>
              <LatitudeDegrees>37.3699413</LatitudeDegrees>
              <LongitudeDegrees>-121.8463136</LongitudeDegrees>
            </Position>
            <AltitudeMeters>25.1</AltitudeMeters>
            <DistanceMeters>4987.65</DistanceMeters>
            <HeartRateBpm><Value>137</Value></HeartRateBpm>
            <Cadence>166</Cadence>
          </Trackpoint>
          <Trackpoint>
            <Time>2026-03-30T14:03:45.000Z</Time>
            <Position>
              <LatitudeDegrees>37.3700198</LatitudeDegrees>
              <LongitudeDegrees>-121.8462146</LongitudeDegrees>
            </Position>
            <AltitudeMeters>25</AltitudeMeters>
            <DistanceMeters>5000.00</DistanceMeters>
            <HeartRateBpm><Value>137</Value></HeartRateBpm>
            <Cadence>166</Cadence>
          </Trackpoint>
          <Trackpoint>
            <Time>2026-03-30T14:03:50.000Z</Time>
            <Position>
              <LatitudeDegrees>37.3699413</LatitudeDegrees>
              <LongitudeDegrees>-121.8463136</LongitudeDegrees>
            </Position>
            <AltitudeMeters>24.9</AltitudeMeters>
            <DistanceMeters>5012.35</DistanceMeters>
            <HeartRateBpm><Value>137</Value></HeartRateBpm>
            <Cadence>166</Cadence>
          </Trackpoint>
          <Trackpoint>
            <Time>2026-03-30T14:03:55.000Z</Time>
            <Position>
              <LatitudeDegrees>37.3698627</LatitudeDegrees>
              <LongitudeDegrees>-121.8464125</LongitudeDegrees>
            </Position>
            <AltitudeMeters>24.8</AltitudeMeters>
            <DistanceMeters>5024.69</DistanceMeters>
            <HeartRateBpm><Value>137</Value></HeartRateBpm>
            <Cadence>166</Cadence>
          </Trackpoint>
          <Trackpoint>
            <Time>2026-03-30T14:04:00.000Z</Time>
            <Position>
              <LatitudeDegrees>37.3697841</LatitudeDegrees>
              <LongitudeDegrees>-121.8465115</LongitudeDegrees>
            </Position>
            <AltitudeMeters>24.8</AltitudeMeters>
            <DistanceMeters>5037.04</DistanceMeters>
            <HeartRateBpm><Value>137</Value></HeartRateBpm>
            <Cadence>166</Cadence>
          </Trackpoint>
          <Trackpoint>
            <Time>2026-03-30T14:04:05.000Z</Time>
            <Position>
              <LatitudeDegrees>37.3697056</LatitudeDegrees>
              <LongitudeDegrees>-121.8466105</LongitudeDegrees>
            </Position>
            <AltitudeMeters>24.7</AltitudeMeters>
            <DistanceMeters>5049.38</DistanceMeters>
            <HeartRateBpm><Value>137</Value></HeartRateBpm>
            <Cadence>166</Cadence>
          </Trackpoint>
          <Trackpoint>
            <Time>2026-03-30T14:04:10.000Z</Time>
            <Position>
              <LatitudeDegrees>37.3696270</LatitudeDegrees>
              <LongitudeDegrees>-121.8467095</LongitudeDegrees>
            </Position>
            <AltitudeMeters>24.6</AltitudeMeters>
            <DistanceMeters>5061.73</DistanceMeters>
            <HeartRateBpm><Value>137</Value></HeartRateBpm>
            <Cadence>166</Cadence>
          </Trackpoint>
          <Trackpoint>
            <Time>2026-03-30T14:04:15.000Z</Time>
            <Position>
              <LatitudeDegrees>37.3695484</LatitudeDegrees>
              <LongitudeDegrees>-121.8468084</LongitudeDegrees>
            </Position>
            <AltitudeMeters>24.5</AltitudeMeters>
            <DistanceMeters>5074.07</DistanceMeters>
            <HeartRateBpm><Value>137</Value></HeartRateBpm>
            <Cadence>166</Cadence>
          </Trackpoint>
          <Trackpoint>
            <Time>2026-03-30T14:04:20.000Z</Time>
            <Position>
              <LatitudeDegrees>37.3694699</LatitudeDegrees>
              <LongitudeDegrees>-121.8469074</LongitudeDegrees>
            </Position>
            <AltitudeMeters>24.5</AltitudeMeters>
            <DistanceMeters>5086.42</DistanceMeters>
            <HeartRateBpm><Value>137</Value></HeartRateBpm>
            <Cadence>166</Cadence>
          </Trackpoint>
          <Trackpoint>
            <Time>2026-03-30T14:04:25.000Z</Time>
            <Position>
              <LatitudeDegrees>37.3693913</LatitudeDegrees>
              <LongitudeDegrees>-121.8470064</LongitudeDegrees>
            </Position>
            <AltitudeMeters>24.4</AltitudeMeters>
            <DistanceMeters>5098.77</DistanceMeters>
            <HeartRateBpm><Value>137</Value></HeartRateBpm>
            <Cadence>166</Cadence>
          </Trackpoint>
          <Trackpoint>
            <Time>2026-03-30T14:04:30.000Z</Time>
            <Position>
              <LatitudeDegrees>37.3693127</LatitudeDegrees>
              <LongitudeDegrees>-121.8471054</LongitudeDegrees>
            </Position>
            <AltitudeMeters>24.3</AltitudeMeters>
            <DistanceMeters>5111.11</DistanceMeters>
            <HeartRateBpm><Value>137</Value></HeartRateBpm>
            <Cadence>166</Cadence>
          </Trackpoint>
          <Trackpoint>
            <Time>2026-03-30T14:04:35.000Z</Time>
            <Position>
              <LatitudeDegrees>37.3692342</LatitudeDegrees>
              <LongitudeDegrees>-121.8472043</LongitudeDegrees>
            </Position>
            <AltitudeMeters>24.2</AltitudeMeters>
            <DistanceMeters>5123.46</DistanceMeters>
            <HeartRateBpm><Value>137</Value></HeartRateBpm>
            <Cadence>166</Cadence>
          </Trackpoint>
          <Trackpoint>
            <Time>2026-03-30T14:04:40.000Z</Time>
            <Position>
              <LatitudeDegrees>37.3691556</LatitudeDegrees>
              <LongitudeDegrees>-121.8473033</LongitudeDegrees>
            </Position>
            <AltitudeMeters>24.2</AltitudeMeters>
            <DistanceMeters>5135.80</DistanceMeters>
            <HeartRateBpm><Value>137</Value></HeartRateBpm>
            <Cadence>166</Cadence>
          </Trackpoint>
          <Trackpoint>
            <Time>2026-03-30T14:04:45.000Z</Time>
            <Position>
              <LatitudeDegrees>37.3690770</LatitudeDegrees>
              <LongitudeDegrees>-121.8474023</LongitudeDegrees>
            </Position>
            <AltitudeMeters>24.1</AltitudeMeters>
            <DistanceMeters>5148.15</DistanceMeters>
            <HeartRateBpm><Value>137</Value></HeartRateBpm>
            <Cadence>166</Cadence>
          </Trackpoint>
          <Trackpoint>
            <Time>2026-03-30T14:04:50.000Z</Time>
            <Position>
              <LatitudeDegrees>37.3689985</LatitudeDegrees>
              <LongitudeDegrees>-121.8475013</LongitudeDegrees>
            </Position>
            <AltitudeMeters>24</AltitudeMeters>
            <DistanceMeters>5160.49</DistanceMeters>
            <HeartRateBpm><Value>137</Value></HeartRateBpm>
            <Cadence>166</Cadence>
          </Trackpoint>
          <Trackpoint>
            <Time>2026-03-30T14:04:55.000Z</Time>
            <Position>
              <LatitudeDegrees>37.3689199</LatitudeDegrees>
              <LongitudeDegrees>-121.8476003</LongitudeDegrees>
            </Position>
            <AltitudeMeters>24</AltitudeMeters>
            <DistanceMeters>5172.84</DistanceMeters>
            <HeartRateBpm><Value>137</Value></HeartRateBpm>
            <Cadence>166</Cadence>
          </Trackpoint>
          <Trackpoint>
            <Time>2026-03-30T14:05:00.000Z</Time>
            <Position>
              <LatitudeDegrees>37.3688413</LatitudeDegrees>
              <LongitudeDegrees>-121.8476992</LongitudeDegrees>
            </Position>
            <AltitudeMeters>23.9</AltitudeMeters>
            <DistanceMeters>5185.19</DistanceMeters>
            <HeartRateBpm><Value>137</Value></HeartRateBpm>
            <Cadence>166</Cadence>
          </Trackpoint>
          <Trackpoint>
            <Time>2026-03-30T14:05:05.000Z</Time>
            <Position>
              <LatitudeDegrees>37.3687628</LatitudeDegrees>
              <LongitudeDegrees>-121.8477982</LongitudeDegrees>
            </Position>
            <AltitudeMeters>23.8</AltitudeMeters>
            <DistanceMeters>5197.53</DistanceMeters>
            <HeartRateBpm><Value>137</Value></HeartRateBpm>
            <Cadence>166</Cadence>
          </Trackpoint>
          <Trackpoint>
            <Time>2026-03-30T14:05:10.000Z</Time>
            <Position>
              <LatitudeDegrees>37.3686842</LatitudeDegrees>
              <LongitudeDegrees>-121.8478972</LongitudeDegrees>
            </Position>
            <AltitudeMeters>23.8</AltitudeMeters>
            <DistanceMeters>5209.88</DistanceMeters>
            <HeartRateBpm><Value>137</Value></HeartRateBpm>
            <Cadence>166</Cadence>
          </Trackpoint>
          <Trackpoint>
            <Time>2026-03-30T14:05:15.000Z</Time>
            <Position>
              <LatitudeDegrees>37.3686056</LatitudeDegrees>
              <LongitudeDegrees>-121.8479962</LongitudeDegrees>
            </Position>
            <AltitudeMeters>23.7</AltitudeMeters>
            <DistanceMeters>5222.22</DistanceMeters>
            <HeartRateBpm><Value>137</Value></HeartRateBpm>
            <Cadence>166</Cadence>
          </Trackpoint>
          <Trackpoint>
            <Time>2026-03-30T14:05:20.000Z</Time>
            <Position>
              <LatitudeDegrees>37.3685271</LatitudeDegrees>
              <LongitudeDegrees>-121.8480951</LongitudeDegrees>
            </Position>
            <AltitudeMeters>23.7</AltitudeMeters>
            <DistanceMeters>5234.57</DistanceMeters>
            <HeartRateBpm><Value>137</Value></HeartRateBpm>
            <Cadence>166</Cadence>
          </Trackpoint>
          <Trackpoint>
            <Time>2026-03-30T14:05:25.000Z</Time>
            <Position>
              <LatitudeDegrees>37.3684485</LatitudeDegrees>
              <LongitudeDegrees>-121.8481941</LongitudeDegrees>
            </Position>
            <AltitudeMeters>23.6</AltitudeMeters>
            <DistanceMeters>5246.91</DistanceMeters>
            <HeartRateBpm><Value>137</Value></HeartRateBpm>
            <Cadence>166</Cadence>
          </Trackpoint>
          <Trackpoint>
            <Time>2026-03-30T14:05:30.000Z</Time>
            <Position>
              <LatitudeDegrees>37.3683699</LatitudeDegrees>
              <LongitudeDegrees>-121.8482931</LongitudeDegrees>
            </Position>
            <AltitudeMeters>23.5</AltitudeMeters>
            <DistanceMeters>5259.26</DistanceMeters>
            <HeartRateBpm><Value>137</Value></HeartRateBpm>
            <Cadence>166</Cadence>
          </Trackpoint>
          <Trackpoint>
            <Time>2026-03-30T14:05:35.000Z</Time>
            <Position>
              <LatitudeDegrees>37.3682914</LatitudeDegrees>
              <LongitudeDegrees>-121.8483921</LongitudeDegrees>
            </Position>
            <AltitudeMeters>23.5</AltitudeMeters>
            <DistanceMeters>5271.60</DistanceMeters>
            <HeartRateBpm><Value>137</Value></HeartRateBpm>
            <Cadence>166</Cadence>
          </Trackpoint>
          <Trackpoint>
            <Time>2026-03-30T14:05:40.000Z</Time>
            <Position>
              <LatitudeDegrees>37.3682128</LatitudeDegrees>
              <LongitudeDegrees>-121.8484910</LongitudeDegrees>
            </Position>
            <AltitudeMeters>23.4</AltitudeMeters>
            <DistanceMeters>5283.95</DistanceMeters>
            <HeartRateBpm><Value>137</Value></HeartRateBpm>
            <Cadence>166</Cadence>
          </Trackpoint>
          <Trackpoint>
            <Time>2026-03-30T14:05:45.000Z</Time>
            <Position>
              <LatitudeDegrees>37.3681342</LatitudeDegrees>
              <LongitudeDegrees>-121.8485900</LongitudeDegrees>
            </Position>
            <AltitudeMeters>23.4</AltitudeMeters>
            <DistanceMeters>5296.30</DistanceMeters>
            <HeartRateBpm><Value>137</Value></HeartRateBpm>
            <Cadence>166</Cadence>
          </Trackpoint>
          <Trackpoint>
            <Time>2026-03-30T14:05:50.000Z</Time>
            <Position>
              <LatitudeDegrees>37.3680556</LatitudeDegrees>
              <LongitudeDegrees>-121.8486890</LongitudeDegrees>
            </Position>
            <AltitudeMeters>23.4</AltitudeMeters>
            <DistanceMeters>5308.64</DistanceMeters>
            <HeartRateBpm><Value>137</Value></HeartRateBpm>
            <Cadence>166</Cadence>
          </Trackpoint>
          <Trackpoint>
            <Time>2026-03-30T14:05:55.000Z</Time>
            <Position>
              <LatitudeDegrees>37.3679771</LatitudeDegrees>
              <LongitudeDegrees>-121.8487880</LongitudeDegrees>
            </Position>
            <AltitudeMeters>23.3</AltitudeMeters>
            <DistanceMeters>5320.99</DistanceMeters>
            <HeartRateBpm><Value>137</Value></HeartRateBpm>
            <Cadence>166</Cadence>
          </Trackpoint>
          <Trackpoint>
            <Time>2026-03-30T14:06:00.000Z</Time>
            <Position>
              <LatitudeDegrees>37.3678985</LatitudeDegrees>
              <LongitudeDegrees>-121.8488869</LongitudeDegrees>
            </Position>
            <AltitudeMeters>23.3</AltitudeMeters>
            <DistanceMeters>5333.33</DistanceMeters>
            <HeartRateBpm><Value>137</Value></HeartRateBpm>
            <Cadence>166</Cadence>
          </Trackpoint>
          <Trackpoint>
            <Time>2026-03-30T14:06:05.000Z</Time>
            <Position>
              <LatitudeDegrees>37.3678199</LatitudeDegrees>
              <LongitudeDegrees>-121.8489859</LongitudeDegrees>
            </Position>
            <AltitudeMeters>23.2</AltitudeMeters>
            <DistanceMeters>5345.68</DistanceMeters>
            <HeartRateBpm><Value>137</Value></HeartRateBpm>
            <Cadence>166</Cadence>
          </Trackpoint>
          <Trackpoint>
            <Time>2026-03-30T14:06:10.000Z</Time>
            <Position>
              <LatitudeDegrees>37.3677414</LatitudeDegrees>
              <LongitudeDegrees>-121.8490849</LongitudeDegrees>
            </Position>
            <AltitudeMeters>23.2</AltitudeMeters>
            <DistanceMeters>5358.02</DistanceMeters>
            <HeartRateBpm><Value>137</Value></HeartRateBpm>
            <Cadence>166</Cadence>
          </Trackpoint>
          <Trackpoint>
            <Time>2026-03-30T14:06:15.000Z</Time>
            <Position>
              <LatitudeDegrees>37.3676628</LatitudeDegrees>
              <LongitudeDegrees>-121.8491839</LongitudeDegrees>
            </Position>
            <AltitudeMeters>23.2</AltitudeMeters>
            <DistanceMeters>5370.37</DistanceMeters>
            <HeartRateBpm><Value>137</Value></HeartRateBpm>
            <Cadence>166</Cadence>
          </Trackpoint>
          <Trackpoint>
            <Time>2026-03-30T14:06:20.000Z</Time>
            <Position>
              <LatitudeDegrees>37.3675842</LatitudeDegrees>
              <LongitudeDegrees>-121.8492828</LongitudeDegrees>
            </Position>
            <AltitudeMeters>23.1</AltitudeMeters>
            <DistanceMeters>5382.72</DistanceMeters>
            <HeartRateBpm><Value>137</Value></HeartRateBpm>
            <Cadence>166</Cadence>
          </Trackpoint>
          <Trackpoint>
            <Time>2026-03-30T14:06:25.000Z</Time>
            <Position>
              <LatitudeDegrees>37.3675057</LatitudeDegrees>
              <LongitudeDegrees>-121.8493818</LongitudeDegrees>
            </Position>
            <AltitudeMeters>23.1</AltitudeMeters>
            <DistanceMeters>5395.06</DistanceMeters>
            <HeartRateBpm><Value>137</Value></HeartRateBpm>
            <Cadence>166</Cadence>
          </Trackpoint>
          <Trackpoint>
            <Time>2026-03-30T14:06:30.000Z</Time>
            <Position>
              <LatitudeDegrees>37.3674271</LatitudeDegrees>
              <LongitudeDegrees>-121.8494808</LongitudeDegrees>
            </Position>
            <AltitudeMeters>23.1</AltitudeMeters>
            <DistanceMeters>5407.41</DistanceMeters>
            <HeartRateBpm><Value>137</Value></HeartRateBpm>
            <Cadence>166</Cadence>
          </Trackpoint>
          <Trackpoint>
            <Time>2026-03-30T14:06:35.000Z</Time>
            <Position>
              <LatitudeDegrees>37.3673485</LatitudeDegrees>
              <LongitudeDegrees>-121.8495798</LongitudeDegrees>
            </Position>
            <AltitudeMeters>23.1</AltitudeMeters>
            <DistanceMeters>5419.75</DistanceMeters>
            <HeartRateBpm><Value>137</Value></HeartRateBpm>
            <Cadence>166</Cadence>
          </Trackpoint>
          <Trackpoint>
            <Time>2026-03-30T14:06:40.000Z</Time>
            <Position>
              <LatitudeDegrees>37.3672700</LatitudeDegrees>
              <LongitudeDegrees>-121.8496788</LongitudeDegrees>
            </Position>
            <AltitudeMeters>23</AltitudeMeters>
            <DistanceMeters>5432.10</DistanceMeters>
            <HeartRateBpm><Value>137</Value></HeartRateBpm>
            <Cadence>166</Cadence>
          </Trackpoint>
          <Trackpoint>
            <Time>2026-03-30T14:06:45.000Z</Time>
            <Position>
              <LatitudeDegrees>37.3671914</LatitudeDegrees>
              <LongitudeDegrees>-121.8497777</LongitudeDegrees>
            </Position>
            <AltitudeMeters>23</AltitudeMeters>
            <DistanceMeters>5444.44</DistanceMeters>
            <HeartRateBpm><Value>137</Value></HeartRateBpm>
            <Cadence>166</Cadence>
          </Trackpoint>
          <Trackpoint>
            <Time>2026-03-30T14:06:50.000Z</Time>
            <Position>
              <LatitudeDegrees>37.3671128</LatitudeDegrees>
              <LongitudeDegrees>-121.8498767</LongitudeDegrees>
            </Position>
            <AltitudeMeters>23</AltitudeMeters>
            <DistanceMeters>5456.79</DistanceMeters>
            <HeartRateBpm><Value>137</Value></HeartRateBpm>
            <Cadence>166</Cadence>
          </Trackpoint>
          <Trackpoint>
            <Time>2026-03-30T14:06:55.000Z</Time>
            <Position>
              <LatitudeDegrees>37.3670343</LatitudeDegrees>
              <LongitudeDegrees>-121.8499757</LongitudeDegrees>
            </Position>
            <AltitudeMeters>23</AltitudeMeters>
            <DistanceMeters>5469.14</DistanceMeters>
            <HeartRateBpm><Value>137</Value></HeartRateBpm>
            <Cadence>166</Cadence>
          </Trackpoint>
          <Trackpoint>
            <Time>2026-03-30T14:07:00.000Z</Time>
            <Position>
              <LatitudeDegrees>37.3669557</LatitudeDegrees>
              <LongitudeDegrees>-121.8500747</LongitudeDegrees>
            </Position>
            <AltitudeMeters>23</AltitudeMeters>
            <DistanceMeters>5481.48</DistanceMeters>
            <HeartRateBpm><Value>137</Value></HeartRateBpm>
            <Cadence>166</Cadence>
          </Trackpoint>
          <Trackpoint>
            <Time>2026-03-30T14:07:05.000Z</Time>
            <Position>
              <LatitudeDegrees>37.3668771</LatitudeDegrees>
              <LongitudeDegrees>-121.8501736</LongitudeDegrees>
            </Position>
            <AltitudeMeters>23</AltitudeMeters>
            <DistanceMeters>5493.83</DistanceMeters>
            <HeartRateBpm><Value>137</Value></HeartRateBpm>
            <Cadence>166</Cadence>
          </Trackpoint>
          <Trackpoint>
            <Time>2026-03-30T14:07:10.000Z</Time>
            <Position>
              <LatitudeDegrees>37.3667986</LatitudeDegrees>
              <LongitudeDegrees>-121.8502726</LongitudeDegrees>
            </Position>
            <AltitudeMeters>23</AltitudeMeters>
            <DistanceMeters>5506.17</DistanceMeters>
            <HeartRateBpm><Value>137</Value></HeartRateBpm>
            <Cadence>166</Cadence>
          </Trackpoint>
          <Trackpoint>
            <Time>2026-03-30T14:07:15.000Z</Time>
            <Position>
              <LatitudeDegrees>37.3667200</LatitudeDegrees>
              <LongitudeDegrees>-121.8503716</LongitudeDegrees>
            </Position>
            <AltitudeMeters>23</AltitudeMeters>
            <DistanceMeters>5518.52</DistanceMeters>
            <HeartRateBpm><Value>137</Value></HeartRateBpm>
            <Cadence>166</Cadence>
          </Trackpoint>
          <Trackpoint>
            <Time>2026-03-30T14:07:20.000Z</Time>
            <Position>
              <LatitudeDegrees>37.3666414</LatitudeDegrees>
              <LongitudeDegrees>-121.8504706</LongitudeDegrees>
            </Position>
            <AltitudeMeters>23</AltitudeMeters>
            <DistanceMeters>5530.86</DistanceMeters>
            <HeartRateBpm><Value>137</Value></HeartRateBpm>
            <Cadence>166</Cadence>
          </Trackpoint>
          <Trackpoint>
            <Time>2026-03-30T14:07:25.000Z</Time>
            <Position>
              <LatitudeDegrees>37.3665629</LatitudeDegrees>
              <LongitudeDegrees>-121.8505695</LongitudeDegrees>
            </Position>
            <AltitudeMeters>23</AltitudeMeters>
            <DistanceMeters>5543.21</DistanceMeters>
            <HeartRateBpm><Value>137</Value></HeartRateBpm>
            <Cadence>166</Cadence>
          </Trackpoint>
          <Trackpoint>
            <Time>2026-03-30T14:07:30.000Z</Time>
            <Position>
              <LatitudeDegrees>37.3664843</LatitudeDegrees>
              <LongitudeDegrees>-121.8506685</LongitudeDegrees>
            </Position>
            <AltitudeMeters>23</AltitudeMeters>
            <DistanceMeters>5555.56</DistanceMeters>
            <HeartRateBpm><Value>137</Value></HeartRateBpm>
            <Cadence>166</Cadence>
          </Trackpoint>
          <Trackpoint>
            <Time>2026-03-30T14:07:35.000Z</Time>
            <Position>
              <LatitudeDegrees>37.3664057</LatitudeDegrees>
              <LongitudeDegrees>-121.8507675</LongitudeDegrees>
            </Position>
            <AltitudeMeters>23</AltitudeMeters>
            <DistanceMeters>5567.90</DistanceMeters>
            <HeartRateBpm><Value>137</Value></HeartRateBpm>
            <Cadence>166</Cadence>
          </Trackpoint>
          <Trackpoint>
            <Time>2026-03-30T14:07:40.000Z</Time>
            <Position>
              <LatitudeDegrees>37.3663272</LatitudeDegrees>
              <LongitudeDegrees>-121.8508665</LongitudeDegrees>
            </Position>
            <AltitudeMeters>23.1</AltitudeMeters>
            <DistanceMeters>5580.25</DistanceMeters>
            <HeartRateBpm><Value>137</Value></HeartRateBpm>
            <Cadence>166</Cadence>
          </Trackpoint>
          <Trackpoint>
            <Time>2026-03-30T14:07:45.000Z</Time>
            <Position>
              <LatitudeDegrees>37.3662486</LatitudeDegrees>
              <LongitudeDegrees>-121.8509654</LongitudeDegrees>
            </Position>
            <AltitudeMeters>23.1</AltitudeMeters>
            <DistanceMeters>5592.59</DistanceMeters>
            <HeartRateBpm><Value>137</Value></HeartRateBpm>
            <Cadence>166</Cadence>
          </Trackpoint>
          <Trackpoint>
            <Time>2026-03-30T14:07:50.000Z</Time>
            <Position>
              <LatitudeDegrees>37.3661700</LatitudeDegrees>
              <LongitudeDegrees>-121.8510644</LongitudeDegrees>
            </Position>
            <AltitudeMeters>23.1</AltitudeMeters>
            <DistanceMeters>5604.94</DistanceMeters>
            <HeartRateBpm><Value>137</Value></HeartRateBpm>
            <Cadence>166</Cadence>
          </Trackpoint>
          <Trackpoint>
            <Time>2026-03-30T14:07:55.000Z</Time>
            <Position>
              <LatitudeDegrees>37.3660915</LatitudeDegrees>
              <LongitudeDegrees>-121.8511634</LongitudeDegrees>
            </Position>
            <AltitudeMeters>23.1</AltitudeMeters>
            <DistanceMeters>5617.28</DistanceMeters>
            <HeartRateBpm><Value>137</Value></HeartRateBpm>
            <Cadence>166</Cadence>
          </Trackpoint>
          <Trackpoint>
            <Time>2026-03-30T14:08:00.000Z</Time>
            <Position>
              <LatitudeDegrees>37.3660129</LatitudeDegrees>
              <LongitudeDegrees>-121.8512624</LongitudeDegrees>
            </Position>
            <AltitudeMeters>23.2</AltitudeMeters>
            <DistanceMeters>5629.63</DistanceMeters>
            <HeartRateBpm><Value>137</Value></HeartRateBpm>
            <Cadence>166</Cadence>
          </Trackpoint>
          <Trackpoint>
            <Time>2026-03-30T14:08:05.000Z</Time>
            <Position>
              <LatitudeDegrees>37.3659343</LatitudeDegrees>
              <LongitudeDegrees>-121.8513614</LongitudeDegrees>
            </Position>
            <AltitudeMeters>23.2</AltitudeMeters>
            <DistanceMeters>5641.98</DistanceMeters>
            <HeartRateBpm><Value>137</Value></HeartRateBpm>
            <Cadence>166</Cadence>
          </Trackpoint>
          <Trackpoint>
            <Time>2026-03-30T14:08:10.000Z</Time>
            <Position>
              <LatitudeDegrees>37.3658558</LatitudeDegrees>
              <LongitudeDegrees>-121.8514603</LongitudeDegrees>
            </Position>
            <AltitudeMeters>23.2</AltitudeMeters>
            <DistanceMeters>5654.32</DistanceMeters>
            <HeartRateBpm><Value>137</Value></HeartRateBpm>
            <Cadence>166</Cadence>
          </Trackpoint>
          <Trackpoint>
            <Time>2026-03-30T14:08:15.000Z</Time>
            <Position>
              <LatitudeDegrees>37.3657772</LatitudeDegrees>
              <LongitudeDegrees>-121.8515593</LongitudeDegrees>
            </Position>
            <AltitudeMeters>23.3</AltitudeMeters>
            <DistanceMeters>5666.67</DistanceMeters>
            <HeartRateBpm><Value>137</Value></HeartRateBpm>
            <Cadence>166</Cadence>
          </Trackpoint>
          <Trackpoint>
            <Time>2026-03-30T14:08:20.000Z</Time>
            <Position>
              <LatitudeDegrees>37.3656986</LatitudeDegrees>
              <LongitudeDegrees>-121.8516583</LongitudeDegrees>
            </Position>
            <AltitudeMeters>23.3</AltitudeMeters>
            <DistanceMeters>5679.01</DistanceMeters>
            <HeartRateBpm><Value>137</Value></HeartRateBpm>
            <Cadence>166</Cadence>
          </Trackpoint>
          <Trackpoint>
            <Time>2026-03-30T14:08:25.000Z</Time>
            <Position>
              <LatitudeDegrees>37.3656201</LatitudeDegrees>
              <LongitudeDegrees>-121.8517573</LongitudeDegrees>
            </Position>
            <AltitudeMeters>23.4</AltitudeMeters>
            <DistanceMeters>5691.36</DistanceMeters>
            <HeartRateBpm><Value>137</Value></HeartRateBpm>
            <Cadence>166</Cadence>
          </Trackpoint>
          <Trackpoint>
            <Time>2026-03-30T14:08:30.000Z</Time>
            <Position>
              <LatitudeDegrees>37.3655415</LatitudeDegrees>
              <LongitudeDegrees>-121.8518562</LongitudeDegrees>
            </Position>
            <AltitudeMeters>23.4</AltitudeMeters>
            <DistanceMeters>5703.70</DistanceMeters>
            <HeartRateBpm><Value>137</Value></HeartRateBpm>
            <Cadence>166</Cadence>
          </Trackpoint>
          <Trackpoint>
            <Time>2026-03-30T14:08:35.000Z</Time>
            <Position>
              <LatitudeDegrees>37.3654629</LatitudeDegrees>
              <LongitudeDegrees>-121.8519552</LongitudeDegrees>
            </Position>
            <AltitudeMeters>23.4</AltitudeMeters>
            <DistanceMeters>5716.05</DistanceMeters>
            <HeartRateBpm><Value>137</Value></HeartRateBpm>
            <Cadence>166</Cadence>
          </Trackpoint>
          <Trackpoint>
            <Time>2026-03-30T14:08:40.000Z</Time>
            <Position>
              <LatitudeDegrees>37.3653844</LatitudeDegrees>
              <LongitudeDegrees>-121.8520542</LongitudeDegrees>
            </Position>
            <AltitudeMeters>23.5</AltitudeMeters>
            <DistanceMeters>5728.40</DistanceMeters>
            <HeartRateBpm><Value>137</Value></HeartRateBpm>
            <Cadence>166</Cadence>
          </Trackpoint>
          <Trackpoint>
            <Time>2026-03-30T14:08:45.000Z</Time>
            <Position>
              <LatitudeDegrees>37.3653058</LatitudeDegrees>
              <LongitudeDegrees>-121.8521532</LongitudeDegrees>
            </Position>
            <AltitudeMeters>23.5</AltitudeMeters>
            <DistanceMeters>5740.74</DistanceMeters>
            <HeartRateBpm><Value>137</Value></HeartRateBpm>
            <Cadence>166</Cadence>
          </Trackpoint>
          <Trackpoint>
            <Time>2026-03-30T14:08:50.000Z</Time>
            <Position>
              <LatitudeDegrees>37.3652272</LatitudeDegrees>
              <LongitudeDegrees>-121.8522521</LongitudeDegrees>
            </Position>
            <AltitudeMeters>23.6</AltitudeMeters>
            <DistanceMeters>5753.09</DistanceMeters>
            <HeartRateBpm><Value>137</Value></HeartRateBpm>
            <Cadence>166</Cadence>
          </Trackpoint>
          <Trackpoint>
            <Time>2026-03-30T14:08:55.000Z</Time>
            <Position>
              <LatitudeDegrees>37.3651487</LatitudeDegrees>
              <LongitudeDegrees>-121.8523511</LongitudeDegrees>
            </Position>
            <AltitudeMeters>23.7</AltitudeMeters>
            <DistanceMeters>5765.43</DistanceMeters>
            <HeartRateBpm><Value>137</Value></HeartRateBpm>
            <Cadence>166</Cadence>
          </Trackpoint>
          <Trackpoint>
            <Time>2026-03-30T14:09:00.000Z</Time>
            <Position>
              <LatitudeDegrees>37.3650701</LatitudeDegrees>
              <LongitudeDegrees>-121.8524501</LongitudeDegrees>
            </Position>
            <AltitudeMeters>23.7</AltitudeMeters>
            <DistanceMeters>5777.78</DistanceMeters>
            <HeartRateBpm><Value>137</Value></HeartRateBpm>
            <Cadence>166</Cadence>
          </Trackpoint>
          <Trackpoint>
            <Time>2026-03-30T14:09:05.000Z</Time>
            <Position>
              <LatitudeDegrees>37.3649915</LatitudeDegrees>
              <LongitudeDegrees>-121.8525491</LongitudeDegrees>
            </Position>
            <AltitudeMeters>23.8</AltitudeMeters>
            <DistanceMeters>5790.12</DistanceMeters>
            <HeartRateBpm><Value>137</Value></HeartRateBpm>
            <Cadence>166</Cadence>
          </Trackpoint>
          <Trackpoint>
            <Time>2026-03-30T14:09:10.000Z</Time>
            <Position>
              <LatitudeDegrees>37.3649129</LatitudeDegrees>
              <LongitudeDegrees>-121.8526480</LongitudeDegrees>
            </Position>
            <AltitudeMeters>23.8</AltitudeMeters>
            <DistanceMeters>5802.47</DistanceMeters>
            <HeartRateBpm><Value>137</Value></HeartRateBpm>
            <Cadence>166</Cadence>
          </Trackpoint>
          <Trackpoint>
            <Time>2026-03-30T14:09:15.000Z</Time>
            <Position>
              <LatitudeDegrees>37.3648344</LatitudeDegrees>
              <LongitudeDegrees>-121.8527470</LongitudeDegrees>
            </Position>
            <AltitudeMeters>23.9</AltitudeMeters>
            <DistanceMeters>5814.81</DistanceMeters>
            <HeartRateBpm><Value>137</Value></HeartRateBpm>
            <Cadence>166</Cadence>
          </Trackpoint>
          <Trackpoint>
            <Time>2026-03-30T14:09:20.000Z</Time>
            <Position>
              <LatitudeDegrees>37.3647558</LatitudeDegrees>
              <LongitudeDegrees>-121.8528460</LongitudeDegrees>
            </Position>
            <AltitudeMeters>24</AltitudeMeters>
            <DistanceMeters>5827.16</DistanceMeters>
            <HeartRateBpm><Value>137</Value></HeartRateBpm>
            <Cadence>166</Cadence>
          </Trackpoint>
          <Trackpoint>
            <Time>2026-03-30T14:09:25.000Z</Time>
            <Position>
              <LatitudeDegrees>37.3646772</LatitudeDegrees>
              <LongitudeDegrees>-121.8529450</LongitudeDegrees>
            </Position>
            <AltitudeMeters>24</AltitudeMeters>
            <DistanceMeters>5839.51</DistanceMeters>
            <HeartRateBpm><Value>137</Value></HeartRateBpm>
            <Cadence>166</Cadence>
          </Trackpoint>
          <Trackpoint>
            <Time>2026-03-30T14:09:30.000Z</Time>
            <Position>
              <LatitudeDegrees>37.3645987</LatitudeDegrees>
              <LongitudeDegrees>-121.8530439</LongitudeDegrees>
            </Position>
            <AltitudeMeters>24.1</AltitudeMeters>
            <DistanceMeters>5851.85</DistanceMeters>
            <HeartRateBpm><Value>137</Value></HeartRateBpm>
            <Cadence>166</Cadence>
          </Trackpoint>
          <Trackpoint>
            <Time>2026-03-30T14:09:35.000Z</Time>
            <Position>
              <LatitudeDegrees>37.3645201</LatitudeDegrees>
              <LongitudeDegrees>-121.8531429</LongitudeDegrees>
            </Position>
            <AltitudeMeters>24.2</AltitudeMeters>
            <DistanceMeters>5864.20</DistanceMeters>
            <HeartRateBpm><Value>137</Value></HeartRateBpm>
            <Cadence>166</Cadence>
          </Trackpoint>
          <Trackpoint>
            <Time>2026-03-30T14:09:40.000Z</Time>
            <Position>
              <LatitudeDegrees>37.3644415</LatitudeDegrees>
              <LongitudeDegrees>-121.8532419</LongitudeDegrees>
            </Position>
            <AltitudeMeters>24.2</AltitudeMeters>
            <DistanceMeters>5876.54</DistanceMeters>
            <HeartRateBpm><Value>137</Value></HeartRateBpm>
            <Cadence>166</Cadence>
          </Trackpoint>
          <Trackpoint>
            <Time>2026-03-30T14:09:45.000Z</Time>
            <Position>
              <LatitudeDegrees>37.3643630</LatitudeDegrees>
              <LongitudeDegrees>-121.8533409</LongitudeDegrees>
            </Position>
            <AltitudeMeters>24.3</AltitudeMeters>
            <DistanceMeters>5888.89</DistanceMeters>
            <HeartRateBpm><Value>137</Value></HeartRateBpm>
            <Cadence>166</Cadence>
          </Trackpoint>
          <Trackpoint>
            <Time>2026-03-30T14:09:50.000Z</Time>
            <Position>
              <LatitudeDegrees>37.3642844</LatitudeDegrees>
              <LongitudeDegrees>-121.8534399</LongitudeDegrees>
            </Position>
            <AltitudeMeters>24.4</AltitudeMeters>
            <DistanceMeters>5901.23</DistanceMeters>
            <HeartRateBpm><Value>137</Value></HeartRateBpm>
            <Cadence>166</Cadence>
          </Trackpoint>
          <Trackpoint>
            <Time>2026-03-30T14:09:55.000Z</Time>
            <Position>
              <LatitudeDegrees>37.3642058</LatitudeDegrees>
              <LongitudeDegrees>-121.8535388</LongitudeDegrees>
            </Position>
            <AltitudeMeters>24.5</AltitudeMeters>
            <DistanceMeters>5913.58</DistanceMeters>
            <HeartRateBpm><Value>137</Value></HeartRateBpm>
            <Cadence>166</Cadence>
          </Trackpoint>
          <Trackpoint>
            <Time>2026-03-30T14:10:00.000Z</Time>
            <Position>
              <LatitudeDegrees>37.3641273</LatitudeDegrees>
              <LongitudeDegrees>-121.8536378</LongitudeDegrees>
            </Position>
            <AltitudeMeters>24.5</AltitudeMeters>
            <DistanceMeters>5925.93</DistanceMeters>
            <HeartRateBpm><Value>137</Value></HeartRateBpm>
            <Cadence>166</Cadence>
          </Trackpoint>
          <Trackpoint>
            <Time>2026-03-30T14:10:05.000Z</Time>
            <Position>
              <LatitudeDegrees>37.3640487</LatitudeDegrees>
              <LongitudeDegrees>-121.8537368</LongitudeDegrees>
            </Position>
            <AltitudeMeters>24.6</AltitudeMeters>
            <DistanceMeters>5938.27</DistanceMeters>
            <HeartRateBpm><Value>137</Value></HeartRateBpm>
            <Cadence>166</Cadence>
          </Trackpoint>
          <Trackpoint>
            <Time>2026-03-30T14:10:10.000Z</Time>
            <Position>
              <LatitudeDegrees>37.3639701</LatitudeDegrees>
              <LongitudeDegrees>-121.8538358</LongitudeDegrees>
            </Position>
            <AltitudeMeters>24.7</AltitudeMeters>
            <DistanceMeters>5950.62</DistanceMeters>
            <HeartRateBpm><Value>137</Value></HeartRateBpm>
            <Cadence>166</Cadence>
          </Trackpoint>
          <Trackpoint>
            <Time>2026-03-30T14:10:15.000Z</Time>
            <Position>
              <LatitudeDegrees>37.3638916</LatitudeDegrees>
              <LongitudeDegrees>-121.8539347</LongitudeDegrees>
            </Position>
            <AltitudeMeters>24.8</AltitudeMeters>
            <DistanceMeters>5962.96</DistanceMeters>
            <HeartRateBpm><Value>137</Value></HeartRateBpm>
            <Cadence>166</Cadence>
          </Trackpoint>
          <Trackpoint>
            <Time>2026-03-30T14:10:20.000Z</Time>
            <Position>
              <LatitudeDegrees>37.3638130</LatitudeDegrees>
              <LongitudeDegrees>-121.8540337</LongitudeDegrees>
            </Position>
            <AltitudeMeters>24.8</AltitudeMeters>
            <DistanceMeters>5975.31</DistanceMeters>
            <HeartRateBpm><Value>137</Value></HeartRateBpm>
            <Cadence>166</Cadence>
          </Trackpoint>
          <Trackpoint>
            <Time>2026-03-30T14:10:25.000Z</Time>
            <Position>
              <LatitudeDegrees>37.3637344</LatitudeDegrees>
              <LongitudeDegrees>-121.8541327</LongitudeDegrees>
            </Position>
            <AltitudeMeters>24.9</AltitudeMeters>
            <DistanceMeters>5987.65</DistanceMeters>
            <HeartRateBpm><Value>137</Value></HeartRateBpm>
            <Cadence>166</Cadence>
          </Trackpoint>
          <Trackpoint>
            <Time>2026-03-30T14:10:30.000Z</Time>
            <Position>
              <LatitudeDegrees>37.3636559</LatitudeDegrees>
              <LongitudeDegrees>-121.8542317</LongitudeDegrees>
            </Position>
            <AltitudeMeters>25</AltitudeMeters>
            <DistanceMeters>6000.00</DistanceMeters>
            <HeartRateBpm><Value>137</Value></HeartRateBpm>
            <Cadence>166</Cadence>
          </Trackpoint>
          <Trackpoint>
            <Time>2026-03-30T14:10:35.000Z</Time>
            <Position>
              <LatitudeDegrees>37.3635773</LatitudeDegrees>
              <LongitudeDegrees>-121.8543306</LongitudeDegrees>
            </Position>
            <AltitudeMeters>25.1</AltitudeMeters>
            <DistanceMeters>6012.35</DistanceMeters>
            <HeartRateBpm><Value>137</Value></HeartRateBpm>
            <Cadence>166</Cadence>
          </Trackpoint>
          <Trackpoint>
            <Time>2026-03-30T14:10:40.000Z</Time>
            <Position>
              <LatitudeDegrees>37.3634987</LatitudeDegrees>
              <LongitudeDegrees>-121.8544296</LongitudeDegrees>
            </Position>
            <AltitudeMeters>25.2</AltitudeMeters>
            <DistanceMeters>6024.69</DistanceMeters>
            <HeartRateBpm><Value>137</Value></HeartRateBpm>
            <Cadence>166</Cadence>
          </Trackpoint>
          <Trackpoint>
            <Time>2026-03-30T14:10:45.000Z</Time>
            <Position>
              <LatitudeDegrees>37.3634202</LatitudeDegrees>
              <LongitudeDegrees>-121.8545286</LongitudeDegrees>
            </Position>
            <AltitudeMeters>25.2</AltitudeMeters>
            <DistanceMeters>6037.04</DistanceMeters>
            <HeartRateBpm><Value>137</Value></HeartRateBpm>
            <Cadence>166</Cadence>
          </Trackpoint>
          <Trackpoint>
            <Time>2026-03-30T14:10:50.000Z</Time>
            <Position>
              <LatitudeDegrees>37.3633416</LatitudeDegrees>
              <LongitudeDegrees>-121.8546276</LongitudeDegrees>
            </Position>
            <AltitudeMeters>25.3</AltitudeMeters>
            <DistanceMeters>6049.38</DistanceMeters>
            <HeartRateBpm><Value>137</Value></HeartRateBpm>
            <Cadence>166</Cadence>
          </Trackpoint>
          <Trackpoint>
            <Time>2026-03-30T14:10:55.000Z</Time>
            <Position>
              <LatitudeDegrees>37.3632630</LatitudeDegrees>
              <LongitudeDegrees>-121.8547265</LongitudeDegrees>
            </Position>
            <AltitudeMeters>25.4</AltitudeMeters>
            <DistanceMeters>6061.73</DistanceMeters>
            <HeartRateBpm><Value>137</Value></HeartRateBpm>
            <Cadence>166</Cadence>
          </Trackpoint>
          <Trackpoint>
            <Time>2026-03-30T14:11:00.000Z</Time>
            <Position>
              <LatitudeDegrees>37.3631845</LatitudeDegrees>
              <LongitudeDegrees>-121.8548255</LongitudeDegrees>
            </Position>
            <AltitudeMeters>25.5</AltitudeMeters>
            <DistanceMeters>6074.07</DistanceMeters>
            <HeartRateBpm><Value>137</Value></HeartRateBpm>
            <Cadence>166</Cadence>
          </Trackpoint>
          <Trackpoint>
            <Time>2026-03-30T14:11:05.000Z</Time>
            <Position>
              <LatitudeDegrees>37.3631059</LatitudeDegrees>
              <LongitudeDegrees>-121.8549245</LongitudeDegrees>
            </Position>
            <AltitudeMeters>25.5</AltitudeMeters>
            <DistanceMeters>6086.42</DistanceMeters>
            <HeartRateBpm><Value>137</Value></HeartRateBpm>
            <Cadence>166</Cadence>
          </Trackpoint>
          <Trackpoint>
            <Time>2026-03-30T14:11:10.000Z</Time>
            <Position>
              <LatitudeDegrees>37.3630273</LatitudeDegrees>
              <LongitudeDegrees>-121.8550235</LongitudeDegrees>
            </Position>
            <AltitudeMeters>25.6</AltitudeMeters>
            <DistanceMeters>6098.77</DistanceMeters>
            <HeartRateBpm><Value>137</Value></HeartRateBpm>
            <Cadence>166</Cadence>
          </Trackpoint>
          <Trackpoint>
            <Time>2026-03-30T14:11:15.000Z</Time>
            <Position>
              <LatitudeDegrees>37.3629488</LatitudeDegrees>
              <LongitudeDegrees>-121.8551225</LongitudeDegrees>
            </Position>
            <AltitudeMeters>25.7</AltitudeMeters>
            <DistanceMeters>6111.11</DistanceMeters>
            <HeartRateBpm><Value>137</Value></HeartRateBpm>
            <Cadence>166</Cadence>
          </Trackpoint>
          <Trackpoint>
            <Time>2026-03-30T14:11:20.000Z</Time>
            <Position>
              <LatitudeDegrees>37.3628702</LatitudeDegrees>
              <LongitudeDegrees>-121.8552214</LongitudeDegrees>
            </Position>
            <AltitudeMeters>25.8</AltitudeMeters>
            <DistanceMeters>6123.46</DistanceMeters>
            <HeartRateBpm><Value>137</Value></HeartRateBpm>
            <Cadence>166</Cadence>
          </Trackpoint>
          <Trackpoint>
            <Time>2026-03-30T14:11:25.000Z</Time>
            <Position>
              <LatitudeDegrees>37.3627916</LatitudeDegrees>
              <LongitudeDegrees>-121.8553204</LongitudeDegrees>
            </Position>
            <AltitudeMeters>25.8</AltitudeMeters>
            <DistanceMeters>6135.80</DistanceMeters>
            <HeartRateBpm><Value>137</Value></HeartRateBpm>
            <Cadence>166</Cadence>
          </Trackpoint>
          <Trackpoint>
            <Time>2026-03-30T14:11:30.000Z</Time>
            <Position>
              <LatitudeDegrees>37.3627131</LatitudeDegrees>
              <LongitudeDegrees>-121.8554194</LongitudeDegrees>
            </Position>
            <AltitudeMeters>25.9</AltitudeMeters>
            <DistanceMeters>6148.15</DistanceMeters>
            <HeartRateBpm><Value>137</Value></HeartRateBpm>
            <Cadence>166</Cadence>
          </Trackpoint>
          <Trackpoint>
            <Time>2026-03-30T14:11:35.000Z</Time>
            <Position>
              <LatitudeDegrees>37.3626345</LatitudeDegrees>
              <LongitudeDegrees>-121.8555184</LongitudeDegrees>
            </Position>
            <AltitudeMeters>26</AltitudeMeters>
            <DistanceMeters>6160.49</DistanceMeters>
            <HeartRateBpm><Value>137</Value></HeartRateBpm>
            <Cadence>166</Cadence>
          </Trackpoint>
          <Trackpoint>
            <Time>2026-03-30T14:11:40.000Z</Time>
            <Position>
              <LatitudeDegrees>37.3625559</LatitudeDegrees>
              <LongitudeDegrees>-121.8556173</LongitudeDegrees>
            </Position>
            <AltitudeMeters>26</AltitudeMeters>
            <DistanceMeters>6172.84</DistanceMeters>
            <HeartRateBpm><Value>137</Value></HeartRateBpm>
            <Cadence>166</Cadence>
          </Trackpoint>
          <Trackpoint>
            <Time>2026-03-30T14:11:45.000Z</Time>
            <Position>
              <LatitudeDegrees>37.3624774</LatitudeDegrees>
              <LongitudeDegrees>-121.8557163</LongitudeDegrees>
            </Position>
            <AltitudeMeters>26.1</AltitudeMeters>
            <DistanceMeters>6185.19</DistanceMeters>
            <HeartRateBpm><Value>137</Value></HeartRateBpm>
            <Cadence>166</Cadence>
          </Trackpoint>
          <Trackpoint>
            <Time>2026-03-30T14:11:50.000Z</Time>
            <Position>
              <LatitudeDegrees>37.3623988</LatitudeDegrees>
              <LongitudeDegrees>-121.8558153</LongitudeDegrees>
            </Position>
            <AltitudeMeters>26.2</AltitudeMeters>
            <DistanceMeters>6197.53</DistanceMeters>
            <HeartRateBpm><Value>137</Value></HeartRateBpm>
            <Cadence>166</Cadence>
          </Trackpoint>
          <Trackpoint>
            <Time>2026-03-30T14:11:55.000Z</Time>
            <Position>
              <LatitudeDegrees>37.3623202</LatitudeDegrees>
              <LongitudeDegrees>-121.8559143</LongitudeDegrees>
            </Position>
            <AltitudeMeters>26.2</AltitudeMeters>
            <DistanceMeters>6209.88</DistanceMeters>
            <HeartRateBpm><Value>137</Value></HeartRateBpm>
            <Cadence>166</Cadence>
          </Trackpoint>
          <Trackpoint>
            <Time>2026-03-30T14:12:00.000Z</Time>
            <Position>
              <LatitudeDegrees>37.3622417</LatitudeDegrees>
              <LongitudeDegrees>-121.8560132</LongitudeDegrees>
            </Position>
            <AltitudeMeters>26.3</AltitudeMeters>
            <DistanceMeters>6222.22</DistanceMeters>
            <HeartRateBpm><Value>137</Value></HeartRateBpm>
            <Cadence>166</Cadence>
          </Trackpoint>
          <Trackpoint>
            <Time>2026-03-30T14:12:05.000Z</Time>
            <Position>
              <LatitudeDegrees>37.3621631</LatitudeDegrees>
              <LongitudeDegrees>-121.8561122</LongitudeDegrees>
            </Position>
            <AltitudeMeters>26.3</AltitudeMeters>
            <DistanceMeters>6234.57</DistanceMeters>
            <HeartRateBpm><Value>137</Value></HeartRateBpm>
            <Cadence>166</Cadence>
          </Trackpoint>
          <Trackpoint>
            <Time>2026-03-30T14:12:10.000Z</Time>
            <Position>
              <LatitudeDegrees>37.3620845</LatitudeDegrees>
              <LongitudeDegrees>-121.8562112</LongitudeDegrees>
            </Position>
            <AltitudeMeters>26.4</AltitudeMeters>
            <DistanceMeters>6246.91</DistanceMeters>
            <HeartRateBpm><Value>137</Value></HeartRateBpm>
            <Cadence>166</Cadence>
          </Trackpoint>
          <Trackpoint>
            <Time>2026-03-30T14:12:15.000Z</Time>
            <Position>
              <LatitudeDegrees>37.3620060</LatitudeDegrees>
              <LongitudeDegrees>-121.8563102</LongitudeDegrees>
            </Position>
            <AltitudeMeters>26.5</AltitudeMeters>
            <DistanceMeters>6259.26</DistanceMeters>
            <HeartRateBpm><Value>137</Value></HeartRateBpm>
            <Cadence>166</Cadence>
          </Trackpoint>
          <Trackpoint>
            <Time>2026-03-30T14:12:20.000Z</Time>
            <Position>
              <LatitudeDegrees>37.3619274</LatitudeDegrees>
              <LongitudeDegrees>-121.8564091</LongitudeDegrees>
            </Position>
            <AltitudeMeters>26.5</AltitudeMeters>
            <DistanceMeters>6271.60</DistanceMeters>
            <HeartRateBpm><Value>137</Value></HeartRateBpm>
            <Cadence>166</Cadence>
          </Trackpoint>
          <Trackpoint>
            <Time>2026-03-30T14:12:25.000Z</Time>
            <Position>
              <LatitudeDegrees>37.3618488</LatitudeDegrees>
              <LongitudeDegrees>-121.8565081</LongitudeDegrees>
            </Position>
            <AltitudeMeters>26.6</AltitudeMeters>
            <DistanceMeters>6283.95</DistanceMeters>
            <HeartRateBpm><Value>137</Value></HeartRateBpm>
            <Cadence>166</Cadence>
          </Trackpoint>
          <Trackpoint>
            <Time>2026-03-30T14:12:30.000Z</Time>
            <Position>
              <LatitudeDegrees>37.3617702</LatitudeDegrees>
              <LongitudeDegrees>-121.8566071</LongitudeDegrees>
            </Position>
            <AltitudeMeters>26.6</AltitudeMeters>
            <DistanceMeters>6296.30</DistanceMeters>
            <HeartRateBpm><Value>137</Value></HeartRateBpm>
            <Cadence>166</Cadence>
          </Trackpoint>
          <Trackpoint>
            <Time>2026-03-30T14:12:35.000Z</Time>
            <Position>
              <LatitudeDegrees>37.3616917</LatitudeDegrees>
              <LongitudeDegrees>-121.8567061</LongitudeDegrees>
            </Position>
            <AltitudeMeters>26.6</AltitudeMeters>
            <DistanceMeters>6308.64</DistanceMeters>
            <HeartRateBpm><Value>137</Value></HeartRateBpm>
            <Cadence>166</Cadence>
          </Trackpoint>
          <Trackpoint>
            <Time>2026-03-30T14:12:40.000Z</Time>
            <Position>
              <LatitudeDegrees>37.3616131</LatitudeDegrees>
              <LongitudeDegrees>-121.8568051</LongitudeDegrees>
            </Position>
            <AltitudeMeters>26.7</AltitudeMeters>
            <DistanceMeters>6320.99</DistanceMeters>
            <HeartRateBpm><Value>137</Value></HeartRateBpm>
            <Cadence>166</Cadence>
          </Trackpoint>
          <Trackpoint>
            <Time>2026-03-30T14:12:45.000Z</Time>
            <Position>
              <LatitudeDegrees>37.3615345</LatitudeDegrees>
              <LongitudeDegrees>-121.8569040</LongitudeDegrees>
            </Position>
            <AltitudeMeters>26.7</AltitudeMeters>
            <DistanceMeters>6333.33</DistanceMeters>
            <HeartRateBpm><Value>137</Value></HeartRateBpm>
            <Cadence>166</Cadence>
          </Trackpoint>
          <Trackpoint>
            <Time>2026-03-30T14:12:50.000Z</Time>
            <Position>
              <LatitudeDegrees>37.3614560</LatitudeDegrees>
              <LongitudeDegrees>-121.8570030</LongitudeDegrees>
            </Position>
            <AltitudeMeters>26.8</AltitudeMeters>
            <DistanceMeters>6345.68</DistanceMeters>
            <HeartRateBpm><Value>137</Value></HeartRateBpm>
            <Cadence>166</Cadence>
          </Trackpoint>
          <Trackpoint>
            <Time>2026-03-30T14:12:55.000Z</Time>
            <Position>
              <LatitudeDegrees>37.3613774</LatitudeDegrees>
              <LongitudeDegrees>-121.8571020</LongitudeDegrees>
            </Position>
            <AltitudeMeters>26.8</AltitudeMeters>
            <DistanceMeters>6358.02</DistanceMeters>
            <HeartRateBpm><Value>137</Value></HeartRateBpm>
            <Cadence>166</Cadence>
          </Trackpoint>
          <Trackpoint>
            <Time>2026-03-30T14:13:00.000Z</Time>
            <Position>
              <LatitudeDegrees>37.3612988</LatitudeDegrees>
              <LongitudeDegrees>-121.8572010</LongitudeDegrees>
            </Position>
            <AltitudeMeters>26.8</AltitudeMeters>
            <DistanceMeters>6370.37</DistanceMeters>
            <HeartRateBpm><Value>137</Value></HeartRateBpm>
            <Cadence>166</Cadence>
          </Trackpoint>
          <Trackpoint>
            <Time>2026-03-30T14:13:05.000Z</Time>
            <Position>
              <LatitudeDegrees>37.3612203</LatitudeDegrees>
              <LongitudeDegrees>-121.8572999</LongitudeDegrees>
            </Position>
            <AltitudeMeters>26.9</AltitudeMeters>
            <DistanceMeters>6382.72</DistanceMeters>
            <HeartRateBpm><Value>137</Value></HeartRateBpm>
            <Cadence>166</Cadence>
          </Trackpoint>
          <Trackpoint>
            <Time>2026-03-30T14:13:10.000Z</Time>
            <Position>
              <LatitudeDegrees>37.3611417</LatitudeDegrees>
              <LongitudeDegrees>-121.8573989</LongitudeDegrees>
            </Position>
            <AltitudeMeters>26.9</AltitudeMeters>
            <DistanceMeters>6395.06</DistanceMeters>
            <HeartRateBpm><Value>137</Value></HeartRateBpm>
            <Cadence>166</Cadence>
          </Trackpoint>
          <Trackpoint>
            <Time>2026-03-30T14:13:15.000Z</Time>
            <Position>
              <LatitudeDegrees>37.3610631</LatitudeDegrees>
              <LongitudeDegrees>-121.8574979</LongitudeDegrees>
            </Position>
            <AltitudeMeters>26.9</AltitudeMeters>
            <DistanceMeters>6407.41</DistanceMeters>
            <HeartRateBpm><Value>137</Value></HeartRateBpm>
            <Cadence>166</Cadence>
          </Trackpoint>
          <Trackpoint>
            <Time>2026-03-30T14:13:20.000Z</Time>
            <Position>
              <LatitudeDegrees>37.3609846</LatitudeDegrees>
              <LongitudeDegrees>-121.8575969</LongitudeDegrees>
            </Position>
            <AltitudeMeters>26.9</AltitudeMeters>
            <DistanceMeters>6419.75</DistanceMeters>
            <HeartRateBpm><Value>137</Value></HeartRateBpm>
            <Cadence>166</Cadence>
          </Trackpoint>
          <Trackpoint>
            <Time>2026-03-30T14:13:25.000Z</Time>
            <Position>
              <LatitudeDegrees>37.3609060</LatitudeDegrees>
              <LongitudeDegrees>-121.8576958</LongitudeDegrees>
            </Position>
            <AltitudeMeters>27</AltitudeMeters>
            <DistanceMeters>6432.10</DistanceMeters>
            <HeartRateBpm><Value>137</Value></HeartRateBpm>
            <Cadence>166</Cadence>
          </Trackpoint>
          <Trackpoint>
            <Time>2026-03-30T14:13:30.000Z</Time>
            <Position>
              <LatitudeDegrees>37.3608274</LatitudeDegrees>
              <LongitudeDegrees>-121.8577948</LongitudeDegrees>
            </Position>
            <AltitudeMeters>27</AltitudeMeters>
            <DistanceMeters>6444.44</DistanceMeters>
            <HeartRateBpm><Value>137</Value></HeartRateBpm>
            <Cadence>166</Cadence>
          </Trackpoint>
          <Trackpoint>
            <Time>2026-03-30T14:13:35.000Z</Time>
            <Position>
              <LatitudeDegrees>37.3607489</LatitudeDegrees>
              <LongitudeDegrees>-121.8578938</LongitudeDegrees>
            </Position>
            <AltitudeMeters>27</AltitudeMeters>
            <DistanceMeters>6456.79</DistanceMeters>
            <HeartRateBpm><Value>137</Value></HeartRateBpm>
            <Cadence>166</Cadence>
          </Trackpoint>
          <Trackpoint>
            <Time>2026-03-30T14:13:40.000Z</Time>
            <Position>
              <LatitudeDegrees>37.3606703</LatitudeDegrees>
              <LongitudeDegrees>-121.8579928</LongitudeDegrees>
            </Position>
            <AltitudeMeters>27</AltitudeMeters>
            <DistanceMeters>6469.14</DistanceMeters>
            <HeartRateBpm><Value>137</Value></HeartRateBpm>
            <Cadence>166</Cadence>
          </Trackpoint>
          <Trackpoint>
            <Time>2026-03-30T14:13:45.000Z</Time>
            <Position>
              <LatitudeDegrees>37.3605917</LatitudeDegrees>
              <LongitudeDegrees>-121.8580917</LongitudeDegrees>
            </Position>
            <AltitudeMeters>27</AltitudeMeters>
            <DistanceMeters>6481.48</DistanceMeters>
            <HeartRateBpm><Value>137</Value></HeartRateBpm>
            <Cadence>166</Cadence>
          </Trackpoint>
          <Trackpoint>
            <Time>2026-03-30T14:13:50.000Z</Time>
            <Position>
              <LatitudeDegrees>37.3605132</LatitudeDegrees>
              <LongitudeDegrees>-121.8581907</LongitudeDegrees>
            </Position>
            <AltitudeMeters>27</AltitudeMeters>
            <DistanceMeters>6493.83</DistanceMeters>
            <HeartRateBpm><Value>137</Value></HeartRateBpm>
            <Cadence>166</Cadence>
          </Trackpoint>
          <Trackpoint>
            <Time>2026-03-30T14:13:55.000Z</Time>
            <Position>
              <LatitudeDegrees>37.3604346</LatitudeDegrees>
              <LongitudeDegrees>-121.8582897</LongitudeDegrees>
            </Position>
            <AltitudeMeters>27</AltitudeMeters>
            <DistanceMeters>6506.17</DistanceMeters>
            <HeartRateBpm><Value>137</Value></HeartRateBpm>
            <Cadence>166</Cadence>
          </Trackpoint>
          <Trackpoint>
            <Time>2026-03-30T14:14:00.000Z</Time>
            <Position>
              <LatitudeDegrees>37.3603560</LatitudeDegrees>
              <LongitudeDegrees>-121.8583887</LongitudeDegrees>
            </Position>
            <AltitudeMeters>27</AltitudeMeters>
            <DistanceMeters>6518.52</DistanceMeters>
            <HeartRateBpm><Value>137</Value></HeartRateBpm>
            <Cadence>166</Cadence>
          </Trackpoint>
          <Trackpoint>
            <Time>2026-03-30T14:14:05.000Z</Time>
            <Position>
              <LatitudeDegrees>37.3602775</LatitudeDegrees>
              <LongitudeDegrees>-121.8584876</LongitudeDegrees>
            </Position>
            <AltitudeMeters>27</AltitudeMeters>
            <DistanceMeters>6530.86</DistanceMeters>
            <HeartRateBpm><Value>137</Value></HeartRateBpm>
            <Cadence>166</Cadence>
          </Trackpoint>
          <Trackpoint>
            <Time>2026-03-30T14:14:10.000Z</Time>
            <Position>
              <LatitudeDegrees>37.3601989</LatitudeDegrees>
              <LongitudeDegrees>-121.8585866</LongitudeDegrees>
            </Position>
            <AltitudeMeters>27</AltitudeMeters>
            <DistanceMeters>6543.21</DistanceMeters>
            <HeartRateBpm><Value>137</Value></HeartRateBpm>
            <Cadence>166</Cadence>
          </Trackpoint>
          <Trackpoint>
            <Time>2026-03-30T14:14:15.000Z</Time>
            <Position>
              <LatitudeDegrees>37.3601203</LatitudeDegrees>
              <LongitudeDegrees>-121.8586856</LongitudeDegrees>
            </Position>
            <AltitudeMeters>27</AltitudeMeters>
            <DistanceMeters>6555.56</DistanceMeters>
            <HeartRateBpm><Value>137</Value></HeartRateBpm>
            <Cadence>166</Cadence>
          </Trackpoint>
          <Trackpoint>
            <Time>2026-03-30T14:14:20.000Z</Time>
            <Position>
              <LatitudeDegrees>37.3600418</LatitudeDegrees>
              <LongitudeDegrees>-121.8587846</LongitudeDegrees>
            </Position>
            <AltitudeMeters>27</AltitudeMeters>
            <DistanceMeters>6567.90</DistanceMeters>
            <HeartRateBpm><Value>137</Value></HeartRateBpm>
            <Cadence>166</Cadence>
          </Trackpoint>
          <Trackpoint>
            <Time>2026-03-30T14:14:25.000Z</Time>
            <Position>
              <LatitudeDegrees>37.3599632</LatitudeDegrees>
              <LongitudeDegrees>-121.8588836</LongitudeDegrees>
            </Position>
            <AltitudeMeters>26.9</AltitudeMeters>
            <DistanceMeters>6580.25</DistanceMeters>
            <HeartRateBpm><Value>137</Value></HeartRateBpm>
            <Cadence>166</Cadence>
          </Trackpoint>
          <Trackpoint>
            <Time>2026-03-30T14:14:30.000Z</Time>
            <Position>
              <LatitudeDegrees>37.3598846</LatitudeDegrees>
              <LongitudeDegrees>-121.8589825</LongitudeDegrees>
            </Position>
            <AltitudeMeters>26.9</AltitudeMeters>
            <DistanceMeters>6592.59</DistanceMeters>
            <HeartRateBpm><Value>137</Value></HeartRateBpm>
            <Cadence>166</Cadence>
          </Trackpoint>
          <Trackpoint>
            <Time>2026-03-30T14:14:35.000Z</Time>
            <Position>
              <LatitudeDegrees>37.3598061</LatitudeDegrees>
              <LongitudeDegrees>-121.8590815</LongitudeDegrees>
            </Position>
            <AltitudeMeters>26.9</AltitudeMeters>
            <DistanceMeters>6604.94</DistanceMeters>
            <HeartRateBpm><Value>137</Value></HeartRateBpm>
            <Cadence>166</Cadence>
          </Trackpoint>
          <Trackpoint>
            <Time>2026-03-30T14:14:40.000Z</Time>
            <Position>
              <LatitudeDegrees>37.3597275</LatitudeDegrees>
              <LongitudeDegrees>-121.8591805</LongitudeDegrees>
            </Position>
            <AltitudeMeters>26.9</AltitudeMeters>
            <DistanceMeters>6617.28</DistanceMeters>
            <HeartRateBpm><Value>137</Value></HeartRateBpm>
            <Cadence>166</Cadence>
          </Trackpoint>
          <Trackpoint>
            <Time>2026-03-30T14:14:45.000Z</Time>
            <Position>
              <LatitudeDegrees>37.3596489</LatitudeDegrees>
              <LongitudeDegrees>-121.8592795</LongitudeDegrees>
            </Position>
            <AltitudeMeters>26.8</AltitudeMeters>
            <DistanceMeters>6629.63</DistanceMeters>
            <HeartRateBpm><Value>137</Value></HeartRateBpm>
            <Cadence>166</Cadence>
          </Trackpoint>
          <Trackpoint>
            <Time>2026-03-30T14:14:50.000Z</Time>
            <Position>
              <LatitudeDegrees>37.3595704</LatitudeDegrees>
              <LongitudeDegrees>-121.8593784</LongitudeDegrees>
            </Position>
            <AltitudeMeters>26.8</AltitudeMeters>
            <DistanceMeters>6641.98</DistanceMeters>
            <HeartRateBpm><Value>137</Value></HeartRateBpm>
            <Cadence>166</Cadence>
          </Trackpoint>
          <Trackpoint>
            <Time>2026-03-30T14:14:55.000Z</Time>
            <Position>
              <LatitudeDegrees>37.3594918</LatitudeDegrees>
              <LongitudeDegrees>-121.8594774</LongitudeDegrees>
            </Position>
            <AltitudeMeters>26.8</AltitudeMeters>
            <DistanceMeters>6654.32</DistanceMeters>
            <HeartRateBpm><Value>137</Value></HeartRateBpm>
            <Cadence>166</Cadence>
          </Trackpoint>
          <Trackpoint>
            <Time>2026-03-30T14:15:00.000Z</Time>
            <Position>
              <LatitudeDegrees>37.3594132</LatitudeDegrees>
              <LongitudeDegrees>-121.8595764</LongitudeDegrees>
            </Position>
            <AltitudeMeters>26.7</AltitudeMeters>
            <DistanceMeters>6666.67</DistanceMeters>
            <HeartRateBpm><Value>137</Value></HeartRateBpm>
            <Cadence>166</Cadence>
          </Trackpoint>
          <Trackpoint>
            <Time>2026-03-30T14:15:05.000Z</Time>
            <Position>
              <LatitudeDegrees>37.3593347</LatitudeDegrees>
              <LongitudeDegrees>-121.8596754</LongitudeDegrees>
            </Position>
            <AltitudeMeters>26.7</AltitudeMeters>
            <DistanceMeters>6679.01</DistanceMeters>
            <HeartRateBpm><Value>137</Value></HeartRateBpm>
            <Cadence>166</Cadence>
          </Trackpoint>
          <Trackpoint>
            <Time>2026-03-30T14:15:10.000Z</Time>
            <Position>
              <LatitudeDegrees>37.3592561</LatitudeDegrees>
              <LongitudeDegrees>-121.8597743</LongitudeDegrees>
            </Position>
            <AltitudeMeters>26.6</AltitudeMeters>
            <DistanceMeters>6691.36</DistanceMeters>
            <HeartRateBpm><Value>137</Value></HeartRateBpm>
            <Cadence>166</Cadence>
          </Trackpoint>
          <Trackpoint>
            <Time>2026-03-30T14:15:15.000Z</Time>
            <Position>
              <LatitudeDegrees>37.3591775</LatitudeDegrees>
              <LongitudeDegrees>-121.8598733</LongitudeDegrees>
            </Position>
            <AltitudeMeters>26.6</AltitudeMeters>
            <DistanceMeters>6703.70</DistanceMeters>
            <HeartRateBpm><Value>137</Value></HeartRateBpm>
            <Cadence>166</Cadence>
          </Trackpoint>
          <Trackpoint>
            <Time>2026-03-30T14:15:20.000Z</Time>
            <Position>
              <LatitudeDegrees>37.3590990</LatitudeDegrees>
              <LongitudeDegrees>-121.8599723</LongitudeDegrees>
            </Position>
            <AltitudeMeters>26.6</AltitudeMeters>
            <DistanceMeters>6716.05</DistanceMeters>
            <HeartRateBpm><Value>137</Value></HeartRateBpm>
            <Cadence>166</Cadence>
          </Trackpoint>
          <Trackpoint>
            <Time>2026-03-30T14:15:25.000Z</Time>
            <Position>
              <LatitudeDegrees>37.3590204</LatitudeDegrees>
              <LongitudeDegrees>-121.8600713</LongitudeDegrees>
            </Position>
            <AltitudeMeters>26.5</AltitudeMeters>
            <DistanceMeters>6728.40</DistanceMeters>
            <HeartRateBpm><Value>137</Value></HeartRateBpm>
            <Cadence>166</Cadence>
          </Trackpoint>
          <Trackpoint>
            <Time>2026-03-30T14:15:30.000Z</Time>
            <Position>
              <LatitudeDegrees>37.3589418</LatitudeDegrees>
              <LongitudeDegrees>-121.8601702</LongitudeDegrees>
            </Position>
            <AltitudeMeters>26.5</AltitudeMeters>
            <DistanceMeters>6740.74</DistanceMeters>
            <HeartRateBpm><Value>137</Value></HeartRateBpm>
            <Cadence>166</Cadence>
          </Trackpoint>
          <Trackpoint>
            <Time>2026-03-30T14:15:35.000Z</Time>
            <Position>
              <LatitudeDegrees>37.3588633</LatitudeDegrees>
              <LongitudeDegrees>-121.8602692</LongitudeDegrees>
            </Position>
            <AltitudeMeters>26.4</AltitudeMeters>
            <DistanceMeters>6753.09</DistanceMeters>
            <HeartRateBpm><Value>137</Value></HeartRateBpm>
            <Cadence>166</Cadence>
          </Trackpoint>
          <Trackpoint>
            <Time>2026-03-30T14:15:40.000Z</Time>
            <Position>
              <LatitudeDegrees>37.3587847</LatitudeDegrees>
              <LongitudeDegrees>-121.8603682</LongitudeDegrees>
            </Position>
            <AltitudeMeters>26.3</AltitudeMeters>
            <DistanceMeters>6765.43</DistanceMeters>
            <HeartRateBpm><Value>137</Value></HeartRateBpm>
            <Cadence>166</Cadence>
          </Trackpoint>
          <Trackpoint>
            <Time>2026-03-30T14:15:45.000Z</Time>
            <Position>
              <LatitudeDegrees>37.3587061</LatitudeDegrees>
              <LongitudeDegrees>-121.8604672</LongitudeDegrees>
            </Position>
            <AltitudeMeters>26.3</AltitudeMeters>
            <DistanceMeters>6777.78</DistanceMeters>
            <HeartRateBpm><Value>137</Value></HeartRateBpm>
            <Cadence>166</Cadence>
          </Trackpoint>
          <Trackpoint>
            <Time>2026-03-30T14:15:50.000Z</Time>
            <Position>
              <LatitudeDegrees>37.3586275</LatitudeDegrees>
              <LongitudeDegrees>-121.8605662</LongitudeDegrees>
            </Position>
            <AltitudeMeters>26.2</AltitudeMeters>
            <DistanceMeters>6790.12</DistanceMeters>
            <HeartRateBpm><Value>137</Value></HeartRateBpm>
            <Cadence>166</Cadence>
          </Trackpoint>
          <Trackpoint>
            <Time>2026-03-30T14:15:55.000Z</Time>
            <Position>
              <LatitudeDegrees>37.3585490</LatitudeDegrees>
              <LongitudeDegrees>-121.8606651</LongitudeDegrees>
            </Position>
            <AltitudeMeters>26.2</AltitudeMeters>
            <DistanceMeters>6802.47</DistanceMeters>
            <HeartRateBpm><Value>137</Value></HeartRateBpm>
            <Cadence>166</Cadence>
          </Trackpoint>
          <Trackpoint>
            <Time>2026-03-30T14:16:00.000Z</Time>
            <Position>
              <LatitudeDegrees>37.3584704</LatitudeDegrees>
              <LongitudeDegrees>-121.8607641</LongitudeDegrees>
            </Position>
            <AltitudeMeters>26.1</AltitudeMeters>
            <DistanceMeters>6814.81</DistanceMeters>
            <HeartRateBpm><Value>137</Value></HeartRateBpm>
            <Cadence>166</Cadence>
          </Trackpoint>
          <Trackpoint>
            <Time>2026-03-30T14:16:05.000Z</Time>
            <Position>
              <LatitudeDegrees>37.3583918</LatitudeDegrees>
              <LongitudeDegrees>-121.8608631</LongitudeDegrees>
            </Position>
            <AltitudeMeters>26</AltitudeMeters>
            <DistanceMeters>6827.16</DistanceMeters>
            <HeartRateBpm><Value>137</Value></HeartRateBpm>
            <Cadence>166</Cadence>
          </Trackpoint>
          <Trackpoint>
            <Time>2026-03-30T14:16:10.000Z</Time>
            <Position>
              <LatitudeDegrees>37.3583133</LatitudeDegrees>
              <LongitudeDegrees>-121.8609621</LongitudeDegrees>
            </Position>
            <AltitudeMeters>26</AltitudeMeters>
            <DistanceMeters>6839.51</DistanceMeters>
            <HeartRateBpm><Value>137</Value></HeartRateBpm>
            <Cadence>166</Cadence>
          </Trackpoint>
          <Trackpoint>
            <Time>2026-03-30T14:16:15.000Z</Time>
            <Position>
              <LatitudeDegrees>37.3582347</LatitudeDegrees>
              <LongitudeDegrees>-121.8610610</LongitudeDegrees>
            </Position>
            <AltitudeMeters>25.9</AltitudeMeters>
            <DistanceMeters>6851.85</DistanceMeters>
            <HeartRateBpm><Value>137</Value></HeartRateBpm>
            <Cadence>166</Cadence>
          </Trackpoint>
          <Trackpoint>
            <Time>2026-03-30T14:16:20.000Z</Time>
            <Position>
              <LatitudeDegrees>37.3581561</LatitudeDegrees>
              <LongitudeDegrees>-121.8611600</LongitudeDegrees>
            </Position>
            <AltitudeMeters>25.8</AltitudeMeters>
            <DistanceMeters>6864.20</DistanceMeters>
            <HeartRateBpm><Value>137</Value></HeartRateBpm>
            <Cadence>166</Cadence>
          </Trackpoint>
          <Trackpoint>
            <Time>2026-03-30T14:16:25.000Z</Time>
            <Position>
              <LatitudeDegrees>37.3580776</LatitudeDegrees>
              <LongitudeDegrees>-121.8612590</LongitudeDegrees>
            </Position>
            <AltitudeMeters>25.8</AltitudeMeters>
            <DistanceMeters>6876.54</DistanceMeters>
            <HeartRateBpm><Value>137</Value></HeartRateBpm>
            <Cadence>166</Cadence>
          </Trackpoint>
          <Trackpoint>
            <Time>2026-03-30T14:16:30.000Z</Time>
            <Position>
              <LatitudeDegrees>37.3579990</LatitudeDegrees>
              <LongitudeDegrees>-121.8613580</LongitudeDegrees>
            </Position>
            <AltitudeMeters>25.7</AltitudeMeters>
            <DistanceMeters>6888.89</DistanceMeters>
            <HeartRateBpm><Value>137</Value></HeartRateBpm>
            <Cadence>166</Cadence>
          </Trackpoint>
          <Trackpoint>
            <Time>2026-03-30T14:16:35.000Z</Time>
            <Position>
              <LatitudeDegrees>37.3579204</LatitudeDegrees>
              <LongitudeDegrees>-121.8614569</LongitudeDegrees>
            </Position>
            <AltitudeMeters>25.6</AltitudeMeters>
            <DistanceMeters>6901.23</DistanceMeters>
            <HeartRateBpm><Value>137</Value></HeartRateBpm>
            <Cadence>166</Cadence>
          </Trackpoint>
          <Trackpoint>
            <Time>2026-03-30T14:16:40.000Z</Time>
            <Position>
              <LatitudeDegrees>37.3578419</LatitudeDegrees>
              <LongitudeDegrees>-121.8615559</LongitudeDegrees>
            </Position>
            <AltitudeMeters>25.5</AltitudeMeters>
            <DistanceMeters>6913.58</DistanceMeters>
            <HeartRateBpm><Value>137</Value></HeartRateBpm>
            <Cadence>166</Cadence>
          </Trackpoint>
          <Trackpoint>
            <Time>2026-03-30T14:16:45.000Z</Time>
            <Position>
              <LatitudeDegrees>37.3577633</LatitudeDegrees>
              <LongitudeDegrees>-121.8616549</LongitudeDegrees>
            </Position>
            <AltitudeMeters>25.5</AltitudeMeters>
            <DistanceMeters>6925.93</DistanceMeters>
            <HeartRateBpm><Value>137</Value></HeartRateBpm>
            <Cadence>166</Cadence>
          </Trackpoint>
          <Trackpoint>
            <Time>2026-03-30T14:16:50.000Z</Time>
            <Position>
              <LatitudeDegrees>37.3576847</LatitudeDegrees>
              <LongitudeDegrees>-121.8617539</LongitudeDegrees>
            </Position>
            <AltitudeMeters>25.4</AltitudeMeters>
            <DistanceMeters>6938.27</DistanceMeters>
            <HeartRateBpm><Value>137</Value></HeartRateBpm>
            <Cadence>166</Cadence>
          </Trackpoint>
          <Trackpoint>
            <Time>2026-03-30T14:16:55.000Z</Time>
            <Position>
              <LatitudeDegrees>37.3576062</LatitudeDegrees>
              <LongitudeDegrees>-121.8618528</LongitudeDegrees>
            </Position>
            <AltitudeMeters>25.3</AltitudeMeters>
            <DistanceMeters>6950.62</DistanceMeters>
            <HeartRateBpm><Value>137</Value></HeartRateBpm>
            <Cadence>166</Cadence>
          </Trackpoint>
          <Trackpoint>
            <Time>2026-03-30T14:17:00.000Z</Time>
            <Position>
              <LatitudeDegrees>37.3575276</LatitudeDegrees>
              <LongitudeDegrees>-121.8619518</LongitudeDegrees>
            </Position>
            <AltitudeMeters>25.2</AltitudeMeters>
            <DistanceMeters>6962.96</DistanceMeters>
            <HeartRateBpm><Value>137</Value></HeartRateBpm>
            <Cadence>166</Cadence>
          </Trackpoint>
          <Trackpoint>
            <Time>2026-03-30T14:17:05.000Z</Time>
            <Position>
              <LatitudeDegrees>37.3574490</LatitudeDegrees>
              <LongitudeDegrees>-121.8620508</LongitudeDegrees>
            </Position>
            <AltitudeMeters>25.2</AltitudeMeters>
            <DistanceMeters>6975.31</DistanceMeters>
            <HeartRateBpm><Value>137</Value></HeartRateBpm>
            <Cadence>166</Cadence>
          </Trackpoint>
          <Trackpoint>
            <Time>2026-03-30T14:17:10.000Z</Time>
            <Position>
              <LatitudeDegrees>37.3573705</LatitudeDegrees>
              <LongitudeDegrees>-121.8621498</LongitudeDegrees>
            </Position>
            <AltitudeMeters>25.1</AltitudeMeters>
            <DistanceMeters>6987.65</DistanceMeters>
            <HeartRateBpm><Value>137</Value></HeartRateBpm>
            <Cadence>166</Cadence>
          </Trackpoint>
          <Trackpoint>
            <Time>2026-03-30T14:17:15.000Z</Time>
            <Position>
              <LatitudeDegrees>37.3572919</LatitudeDegrees>
              <LongitudeDegrees>-121.8622487</LongitudeDegrees>
            </Position>
            <AltitudeMeters>25</AltitudeMeters>
            <DistanceMeters>7000.00</DistanceMeters>
            <HeartRateBpm><Value>137</Value></HeartRateBpm>
            <Cadence>166</Cadence>
          </Trackpoint>
          <Trackpoint>
            <Time>2026-03-30T14:17:20.000Z</Time>
            <Position>
              <LatitudeDegrees>37.3572133</LatitudeDegrees>
              <LongitudeDegrees>-121.8623477</LongitudeDegrees>
            </Position>
            <AltitudeMeters>24.9</AltitudeMeters>
            <DistanceMeters>7012.35</DistanceMeters>
            <HeartRateBpm><Value>137</Value></HeartRateBpm>
            <Cadence>166</Cadence>
          </Trackpoint>
          <Trackpoint>
            <Time>2026-03-30T14:17:25.000Z</Time>
            <Position>
              <LatitudeDegrees>37.3571348</LatitudeDegrees>
              <LongitudeDegrees>-121.8624467</LongitudeDegrees>
            </Position>
            <AltitudeMeters>24.8</AltitudeMeters>
            <DistanceMeters>7024.69</DistanceMeters>
            <HeartRateBpm><Value>137</Value></HeartRateBpm>
            <Cadence>166</Cadence>
          </Trackpoint>
          <Trackpoint>
            <Time>2026-03-30T14:17:30.000Z</Time>
            <Position>
              <LatitudeDegrees>37.3570562</LatitudeDegrees>
              <LongitudeDegrees>-121.8625457</LongitudeDegrees>
            </Position>
            <AltitudeMeters>24.8</AltitudeMeters>
            <DistanceMeters>7037.04</DistanceMeters>
            <HeartRateBpm><Value>137</Value></HeartRateBpm>
            <Cadence>166</Cadence>
          </Trackpoint>
          <Trackpoint>
            <Time>2026-03-30T14:17:35.000Z</Time>
            <Position>
              <LatitudeDegrees>37.3569776</LatitudeDegrees>
              <LongitudeDegrees>-121.8626447</LongitudeDegrees>
            </Position>
            <AltitudeMeters>24.7</AltitudeMeters>
            <DistanceMeters>7049.38</DistanceMeters>
            <HeartRateBpm><Value>137</Value></HeartRateBpm>
            <Cadence>166</Cadence>
          </Trackpoint>
          <Trackpoint>
            <Time>2026-03-30T14:17:40.000Z</Time>
            <Position>
              <LatitudeDegrees>37.3568991</LatitudeDegrees>
              <LongitudeDegrees>-121.8627436</LongitudeDegrees>
            </Position>
            <AltitudeMeters>24.6</AltitudeMeters>
            <DistanceMeters>7061.73</DistanceMeters>
            <HeartRateBpm><Value>137</Value></HeartRateBpm>
            <Cadence>166</Cadence>
          </Trackpoint>
          <Trackpoint>
            <Time>2026-03-30T14:17:45.000Z</Time>
            <Position>
              <LatitudeDegrees>37.3568205</LatitudeDegrees>
              <LongitudeDegrees>-121.8628426</LongitudeDegrees>
            </Position>
            <AltitudeMeters>24.5</AltitudeMeters>
            <DistanceMeters>7074.07</DistanceMeters>
            <HeartRateBpm><Value>137</Value></HeartRateBpm>
            <Cadence>166</Cadence>
          </Trackpoint>
          <Trackpoint>
            <Time>2026-03-30T14:17:50.000Z</Time>
            <Position>
              <LatitudeDegrees>37.3567419</LatitudeDegrees>
              <LongitudeDegrees>-121.8629416</LongitudeDegrees>
            </Position>
            <AltitudeMeters>24.5</AltitudeMeters>
            <DistanceMeters>7086.42</DistanceMeters>
            <HeartRateBpm><Value>137</Value></HeartRateBpm>
            <Cadence>166</Cadence>
          </Trackpoint>
          <Trackpoint>
            <Time>2026-03-30T14:17:55.000Z</Time>
            <Position>
              <LatitudeDegrees>37.3566634</LatitudeDegrees>
              <LongitudeDegrees>-121.8630406</LongitudeDegrees>
            </Position>
            <AltitudeMeters>24.4</AltitudeMeters>
            <DistanceMeters>7098.77</DistanceMeters>
            <HeartRateBpm><Value>137</Value></HeartRateBpm>
            <Cadence>166</Cadence>
          </Trackpoint>
          <Trackpoint>
            <Time>2026-03-30T14:18:00.000Z</Time>
            <Position>
              <LatitudeDegrees>37.3565848</LatitudeDegrees>
              <LongitudeDegrees>-121.8631395</LongitudeDegrees>
            </Position>
            <AltitudeMeters>24.3</AltitudeMeters>
            <DistanceMeters>7111.11</DistanceMeters>
            <HeartRateBpm><Value>137</Value></HeartRateBpm>
            <Cadence>166</Cadence>
          </Trackpoint>
          <Trackpoint>
            <Time>2026-03-30T14:18:05.000Z</Time>
            <Position>
              <LatitudeDegrees>37.3565062</LatitudeDegrees>
              <LongitudeDegrees>-121.8632385</LongitudeDegrees>
            </Position>
            <AltitudeMeters>24.2</AltitudeMeters>
            <DistanceMeters>7123.46</DistanceMeters>
            <HeartRateBpm><Value>137</Value></HeartRateBpm>
            <Cadence>166</Cadence>
          </Trackpoint>
          <Trackpoint>
            <Time>2026-03-30T14:18:10.000Z</Time>
            <Position>
              <LatitudeDegrees>37.3564277</LatitudeDegrees>
              <LongitudeDegrees>-121.8633375</LongitudeDegrees>
            </Position>
            <AltitudeMeters>24.2</AltitudeMeters>
            <DistanceMeters>7135.80</DistanceMeters>
            <HeartRateBpm><Value>137</Value></HeartRateBpm>
            <Cadence>166</Cadence>
          </Trackpoint>
          <Trackpoint>
            <Time>2026-03-30T14:18:15.000Z</Time>
            <Position>
              <LatitudeDegrees>37.3563491</LatitudeDegrees>
              <LongitudeDegrees>-121.8634365</LongitudeDegrees>
            </Position>
            <AltitudeMeters>24.1</AltitudeMeters>
            <DistanceMeters>7148.15</DistanceMeters>
            <HeartRateBpm><Value>137</Value></HeartRateBpm>
            <Cadence>166</Cadence>
          </Trackpoint>
          <Trackpoint>
            <Time>2026-03-30T14:18:20.000Z</Time>
            <Position>
              <LatitudeDegrees>37.3562705</LatitudeDegrees>
              <LongitudeDegrees>-121.8635354</LongitudeDegrees>
            </Position>
            <AltitudeMeters>24</AltitudeMeters>
            <DistanceMeters>7160.49</DistanceMeters>
            <HeartRateBpm><Value>137</Value></HeartRateBpm>
            <Cadence>166</Cadence>
          </Trackpoint>
          <Trackpoint>
            <Time>2026-03-30T14:18:25.000Z</Time>
            <Position>
              <LatitudeDegrees>37.3561920</LatitudeDegrees>
              <LongitudeDegrees>-121.8636344</LongitudeDegrees>
            </Position>
            <AltitudeMeters>24</AltitudeMeters>
            <DistanceMeters>7172.84</DistanceMeters>
            <HeartRateBpm><Value>137</Value></HeartRateBpm>
            <Cadence>166</Cadence>
          </Trackpoint>
          <Trackpoint>
            <Time>2026-03-30T14:18:30.000Z</Time>
            <Position>
              <LatitudeDegrees>37.3561134</LatitudeDegrees>
              <LongitudeDegrees>-121.8637334</LongitudeDegrees>
            </Position>
            <AltitudeMeters>23.9</AltitudeMeters>
            <DistanceMeters>7185.19</DistanceMeters>
            <HeartRateBpm><Value>137</Value></HeartRateBpm>
            <Cadence>166</Cadence>
          </Trackpoint>
          <Trackpoint>
            <Time>2026-03-30T14:18:35.000Z</Time>
            <Position>
              <LatitudeDegrees>37.3560348</LatitudeDegrees>
              <LongitudeDegrees>-121.8638324</LongitudeDegrees>
            </Position>
            <AltitudeMeters>23.8</AltitudeMeters>
            <DistanceMeters>7197.53</DistanceMeters>
            <HeartRateBpm><Value>137</Value></HeartRateBpm>
            <Cadence>166</Cadence>
          </Trackpoint>
          <Trackpoint>
            <Time>2026-03-30T14:18:40.000Z</Time>
            <Position>
              <LatitudeDegrees>37.3559563</LatitudeDegrees>
              <LongitudeDegrees>-121.8639313</LongitudeDegrees>
            </Position>
            <AltitudeMeters>23.8</AltitudeMeters>
            <DistanceMeters>7209.88</DistanceMeters>
            <HeartRateBpm><Value>137</Value></HeartRateBpm>
            <Cadence>166</Cadence>
          </Trackpoint>
          <Trackpoint>
            <Time>2026-03-30T14:18:45.000Z</Time>
            <Position>
              <LatitudeDegrees>37.3558777</LatitudeDegrees>
              <LongitudeDegrees>-121.8640303</LongitudeDegrees>
            </Position>
            <AltitudeMeters>23.7</AltitudeMeters>
            <DistanceMeters>7222.22</DistanceMeters>
            <HeartRateBpm><Value>137</Value></HeartRateBpm>
            <Cadence>166</Cadence>
          </Trackpoint>
          <Trackpoint>
            <Time>2026-03-30T14:18:50.000Z</Time>
            <Position>
              <LatitudeDegrees>37.3557991</LatitudeDegrees>
              <LongitudeDegrees>-121.8641293</LongitudeDegrees>
            </Position>
            <AltitudeMeters>23.7</AltitudeMeters>
            <DistanceMeters>7234.57</DistanceMeters>
            <HeartRateBpm><Value>137</Value></HeartRateBpm>
            <Cadence>166</Cadence>
          </Trackpoint>
          <Trackpoint>
            <Time>2026-03-30T14:18:55.000Z</Time>
            <Position>
              <LatitudeDegrees>37.3557206</LatitudeDegrees>
              <LongitudeDegrees>-121.8642283</LongitudeDegrees>
            </Position>
            <AltitudeMeters>23.6</AltitudeMeters>
            <DistanceMeters>7246.91</DistanceMeters>
            <HeartRateBpm><Value>137</Value></HeartRateBpm>
            <Cadence>166</Cadence>
          </Trackpoint>
          <Trackpoint>
            <Time>2026-03-30T14:19:00.000Z</Time>
            <Position>
              <LatitudeDegrees>37.3556420</LatitudeDegrees>
              <LongitudeDegrees>-121.8643273</LongitudeDegrees>
            </Position>
            <AltitudeMeters>23.5</AltitudeMeters>
            <DistanceMeters>7259.26</DistanceMeters>
            <HeartRateBpm><Value>137</Value></HeartRateBpm>
            <Cadence>166</Cadence>
          </Trackpoint>
          <Trackpoint>
            <Time>2026-03-30T14:19:05.000Z</Time>
            <Position>
              <LatitudeDegrees>37.3555634</LatitudeDegrees>
              <LongitudeDegrees>-121.8644262</LongitudeDegrees>
            </Position>
            <AltitudeMeters>23.5</AltitudeMeters>
            <DistanceMeters>7271.60</DistanceMeters>
            <HeartRateBpm><Value>137</Value></HeartRateBpm>
            <Cadence>166</Cadence>
          </Trackpoint>
          <Trackpoint>
            <Time>2026-03-30T14:19:10.000Z</Time>
            <Position>
              <LatitudeDegrees>37.3554848</LatitudeDegrees>
              <LongitudeDegrees>-121.8645252</LongitudeDegrees>
            </Position>
            <AltitudeMeters>23.4</AltitudeMeters>
            <DistanceMeters>7283.95</DistanceMeters>
            <HeartRateBpm><Value>137</Value></HeartRateBpm>
            <Cadence>166</Cadence>
          </Trackpoint>
          <Trackpoint>
            <Time>2026-03-30T14:19:15.000Z</Time>
            <Position>
              <LatitudeDegrees>37.3554063</LatitudeDegrees>
              <LongitudeDegrees>-121.8646242</LongitudeDegrees>
            </Position>
            <AltitudeMeters>23.4</AltitudeMeters>
            <DistanceMeters>7296.30</DistanceMeters>
            <HeartRateBpm><Value>137</Value></HeartRateBpm>
            <Cadence>166</Cadence>
          </Trackpoint>
          <Trackpoint>
            <Time>2026-03-30T14:19:20.000Z</Time>
            <Position>
              <LatitudeDegrees>37.3553277</LatitudeDegrees>
              <LongitudeDegrees>-121.8647232</LongitudeDegrees>
            </Position>
            <AltitudeMeters>23.4</AltitudeMeters>
            <DistanceMeters>7308.64</DistanceMeters>
            <HeartRateBpm><Value>137</Value></HeartRateBpm>
            <Cadence>166</Cadence>
          </Trackpoint>
          <Trackpoint>
            <Time>2026-03-30T14:19:25.000Z</Time>
            <Position>
              <LatitudeDegrees>37.3552491</LatitudeDegrees>
              <LongitudeDegrees>-121.8648221</LongitudeDegrees>
            </Position>
            <AltitudeMeters>23.3</AltitudeMeters>
            <DistanceMeters>7320.99</DistanceMeters>
            <HeartRateBpm><Value>137</Value></HeartRateBpm>
            <Cadence>166</Cadence>
          </Trackpoint>
          <Trackpoint>
            <Time>2026-03-30T14:19:30.000Z</Time>
            <Position>
              <LatitudeDegrees>37.3551706</LatitudeDegrees>
              <LongitudeDegrees>-121.8649211</LongitudeDegrees>
            </Position>
            <AltitudeMeters>23.3</AltitudeMeters>
            <DistanceMeters>7333.33</DistanceMeters>
            <HeartRateBpm><Value>137</Value></HeartRateBpm>
            <Cadence>166</Cadence>
          </Trackpoint>
          <Trackpoint>
            <Time>2026-03-30T14:19:35.000Z</Time>
            <Position>
              <LatitudeDegrees>37.3550920</LatitudeDegrees>
              <LongitudeDegrees>-121.8650201</LongitudeDegrees>
            </Position>
            <AltitudeMeters>23.2</AltitudeMeters>
            <DistanceMeters>7345.68</DistanceMeters>
            <HeartRateBpm><Value>137</Value></HeartRateBpm>
            <Cadence>166</Cadence>
          </Trackpoint>
          <Trackpoint>
            <Time>2026-03-30T14:19:40.000Z</Time>
            <Position>
              <LatitudeDegrees>37.3550134</LatitudeDegrees>
              <LongitudeDegrees>-121.8651191</LongitudeDegrees>
            </Position>
            <AltitudeMeters>23.2</AltitudeMeters>
            <DistanceMeters>7358.02</DistanceMeters>
            <HeartRateBpm><Value>137</Value></HeartRateBpm>
            <Cadence>166</Cadence>
          </Trackpoint>
          <Trackpoint>
            <Time>2026-03-30T14:19:45.000Z</Time>
            <Position>
              <LatitudeDegrees>37.3549349</LatitudeDegrees>
              <LongitudeDegrees>-121.8652180</LongitudeDegrees>
            </Position>
            <AltitudeMeters>23.2</AltitudeMeters>
            <DistanceMeters>7370.37</DistanceMeters>
            <HeartRateBpm><Value>137</Value></HeartRateBpm>
            <Cadence>166</Cadence>
          </Trackpoint>
          <Trackpoint>
            <Time>2026-03-30T14:19:50.000Z</Time>
            <Position>
              <LatitudeDegrees>37.3548563</LatitudeDegrees>
              <LongitudeDegrees>-121.8653170</LongitudeDegrees>
            </Position>
            <AltitudeMeters>23.1</AltitudeMeters>
            <DistanceMeters>7382.72</DistanceMeters>
            <HeartRateBpm><Value>137</Value></HeartRateBpm>
            <Cadence>166</Cadence>
          </Trackpoint>
          <Trackpoint>
            <Time>2026-03-30T14:19:55.000Z</Time>
            <Position>
              <LatitudeDegrees>37.3547777</LatitudeDegrees>
              <LongitudeDegrees>-121.8654160</LongitudeDegrees>
            </Position>
            <AltitudeMeters>23.1</AltitudeMeters>
            <DistanceMeters>7395.06</DistanceMeters>
            <HeartRateBpm><Value>137</Value></HeartRateBpm>
            <Cadence>166</Cadence>
          </Trackpoint>
          <Trackpoint>
            <Time>2026-03-30T14:20:00.000Z</Time>
            <Position>
              <LatitudeDegrees>37.3546992</LatitudeDegrees>
              <LongitudeDegrees>-121.8655150</LongitudeDegrees>
            </Position>
            <AltitudeMeters>23.1</AltitudeMeters>
            <DistanceMeters>7407.41</DistanceMeters>
            <HeartRateBpm><Value>137</Value></HeartRateBpm>
            <Cadence>166</Cadence>
          </Trackpoint>
          <Trackpoint>
            <Time>2026-03-30T14:20:05.000Z</Time>
            <Position>
              <LatitudeDegrees>37.3546206</LatitudeDegrees>
              <LongitudeDegrees>-121.8656139</LongitudeDegrees>
            </Position>
            <AltitudeMeters>23.1</AltitudeMeters>
            <DistanceMeters>7419.75</DistanceMeters>
            <HeartRateBpm><Value>137</Value></HeartRateBpm>
            <Cadence>166</Cadence>
          </Trackpoint>
          <Trackpoint>
            <Time>2026-03-30T14:20:10.000Z</Time>
            <Position>
              <LatitudeDegrees>37.3545420</LatitudeDegrees>
              <LongitudeDegrees>-121.8657129</LongitudeDegrees>
            </Position>
            <AltitudeMeters>23</AltitudeMeters>
            <DistanceMeters>7432.10</DistanceMeters>
            <HeartRateBpm><Value>137</Value></HeartRateBpm>
            <Cadence>166</Cadence>
          </Trackpoint>
          <Trackpoint>
            <Time>2026-03-30T14:20:15.000Z</Time>
            <Position>
              <LatitudeDegrees>37.3544635</LatitudeDegrees>
              <LongitudeDegrees>-121.8658119</LongitudeDegrees>
            </Position>
            <AltitudeMeters>23</AltitudeMeters>
            <DistanceMeters>7444.44</DistanceMeters>
            <HeartRateBpm><Value>137</Value></HeartRateBpm>
            <Cadence>166</Cadence>
          </Trackpoint>
          <Trackpoint>
            <Time>2026-03-30T14:20:20.000Z</Time>
            <Position>
              <LatitudeDegrees>37.3543849</LatitudeDegrees>
              <LongitudeDegrees>-121.8659109</LongitudeDegrees>
            </Position>
            <AltitudeMeters>23</AltitudeMeters>
            <DistanceMeters>7456.79</DistanceMeters>
            <HeartRateBpm><Value>137</Value></HeartRateBpm>
            <Cadence>166</Cadence>
          </Trackpoint>
          <Trackpoint>
            <Time>2026-03-30T14:20:25.000Z</Time>
            <Position>
              <LatitudeDegrees>37.3543063</LatitudeDegrees>
              <LongitudeDegrees>-121.8660098</LongitudeDegrees>
            </Position>
            <AltitudeMeters>23</AltitudeMeters>
            <DistanceMeters>7469.14</DistanceMeters>
            <HeartRateBpm><Value>137</Value></HeartRateBpm>
            <Cadence>166</Cadence>
          </Trackpoint>
          <Trackpoint>
            <Time>2026-03-30T14:20:30.000Z</Time>
            <Position>
              <LatitudeDegrees>37.3542278</LatitudeDegrees>
              <LongitudeDegrees>-121.8661088</LongitudeDegrees>
            </Position>
            <AltitudeMeters>23</AltitudeMeters>
            <DistanceMeters>7481.48</DistanceMeters>
            <HeartRateBpm><Value>137</Value></HeartRateBpm>
            <Cadence>166</Cadence>
          </Trackpoint>
          <Trackpoint>
            <Time>2026-03-30T14:20:35.000Z</Time>
            <Position>
              <LatitudeDegrees>37.3541492</LatitudeDegrees>
              <LongitudeDegrees>-121.8662078</LongitudeDegrees>
            </Position>
            <AltitudeMeters>23</AltitudeMeters>
            <DistanceMeters>7493.83</DistanceMeters>
            <HeartRateBpm><Value>137</Value></HeartRateBpm>
            <Cadence>166</Cadence>
          </Trackpoint>
          <Trackpoint>
            <Time>2026-03-30T14:20:40.000Z</Time>
            <Position>
              <LatitudeDegrees>37.3540706</LatitudeDegrees>
              <LongitudeDegrees>-121.8663068</LongitudeDegrees>
            </Position>
            <AltitudeMeters>23</AltitudeMeters>
            <DistanceMeters>7506.17</DistanceMeters>
            <HeartRateBpm><Value>137</Value></HeartRateBpm>
            <Cadence>166</Cadence>
          </Trackpoint>
          <Trackpoint>
            <Time>2026-03-30T14:20:45.000Z</Time>
            <Position>
              <LatitudeDegrees>37.3539921</LatitudeDegrees>
              <LongitudeDegrees>-121.8664058</LongitudeDegrees>
            </Position>
            <AltitudeMeters>23</AltitudeMeters>
            <DistanceMeters>7518.52</DistanceMeters>
            <HeartRateBpm><Value>137</Value></HeartRateBpm>
            <Cadence>166</Cadence>
          </Trackpoint>
          <Trackpoint>
            <Time>2026-03-30T14:20:50.000Z</Time>
            <Position>
              <LatitudeDegrees>37.3539135</LatitudeDegrees>
              <LongitudeDegrees>-121.8665047</LongitudeDegrees>
            </Position>
            <AltitudeMeters>23</AltitudeMeters>
            <DistanceMeters>7530.86</DistanceMeters>
            <HeartRateBpm><Value>137</Value></HeartRateBpm>
            <Cadence>166</Cadence>
          </Trackpoint>
          <Trackpoint>
            <Time>2026-03-30T14:20:55.000Z</Time>
            <Position>
              <LatitudeDegrees>37.3538349</LatitudeDegrees>
              <LongitudeDegrees>-121.8666037</LongitudeDegrees>
            </Position>
            <AltitudeMeters>23</AltitudeMeters>
            <DistanceMeters>7543.21</DistanceMeters>
            <HeartRateBpm><Value>137</Value></HeartRateBpm>
            <Cadence>166</Cadence>
          </Trackpoint>
          <Trackpoint>
            <Time>2026-03-30T14:21:00.000Z</Time>
            <Position>
              <LatitudeDegrees>37.3537564</LatitudeDegrees>
              <LongitudeDegrees>-121.8667027</LongitudeDegrees>
            </Position>
            <AltitudeMeters>23</AltitudeMeters>
            <DistanceMeters>7555.56</DistanceMeters>
            <HeartRateBpm><Value>137</Value></HeartRateBpm>
            <Cadence>166</Cadence>
          </Trackpoint>
          <Trackpoint>
            <Time>2026-03-30T14:21:05.000Z</Time>
            <Position>
              <LatitudeDegrees>37.3536778</LatitudeDegrees>
              <LongitudeDegrees>-121.8668017</LongitudeDegrees>
            </Position>
            <AltitudeMeters>23</AltitudeMeters>
            <DistanceMeters>7567.90</DistanceMeters>
            <HeartRateBpm><Value>137</Value></HeartRateBpm>
            <Cadence>166</Cadence>
          </Trackpoint>
          <Trackpoint>
            <Time>2026-03-30T14:21:10.000Z</Time>
            <Position>
              <LatitudeDegrees>37.3535992</LatitudeDegrees>
              <LongitudeDegrees>-121.8669006</LongitudeDegrees>
            </Position>
            <AltitudeMeters>23.1</AltitudeMeters>
            <DistanceMeters>7580.25</DistanceMeters>
            <HeartRateBpm><Value>137</Value></HeartRateBpm>
            <Cadence>166</Cadence>
          </Trackpoint>
          <Trackpoint>
            <Time>2026-03-30T14:21:15.000Z</Time>
            <Position>
              <LatitudeDegrees>37.3535207</LatitudeDegrees>
              <LongitudeDegrees>-121.8669996</LongitudeDegrees>
            </Position>
            <AltitudeMeters>23.1</AltitudeMeters>
            <DistanceMeters>7592.59</DistanceMeters>
            <HeartRateBpm><Value>137</Value></HeartRateBpm>
            <Cadence>166</Cadence>
          </Trackpoint>
          <Trackpoint>
            <Time>2026-03-30T14:21:20.000Z</Time>
            <Position>
              <LatitudeDegrees>37.3534421</LatitudeDegrees>
              <LongitudeDegrees>-121.8670986</LongitudeDegrees>
            </Position>
            <AltitudeMeters>23.1</AltitudeMeters>
            <DistanceMeters>7604.94</DistanceMeters>
            <HeartRateBpm><Value>137</Value></HeartRateBpm>
            <Cadence>166</Cadence>
          </Trackpoint>
          <Trackpoint>
            <Time>2026-03-30T14:21:25.000Z</Time>
            <Position>
              <LatitudeDegrees>37.3533635</LatitudeDegrees>
              <LongitudeDegrees>-121.8671976</LongitudeDegrees>
            </Position>
            <AltitudeMeters>23.1</AltitudeMeters>
            <DistanceMeters>7617.28</DistanceMeters>
            <HeartRateBpm><Value>137</Value></HeartRateBpm>
            <Cadence>166</Cadence>
          </Trackpoint>
          <Trackpoint>
            <Time>2026-03-30T14:21:30.000Z</Time>
            <Position>
              <LatitudeDegrees>37.3532850</LatitudeDegrees>
              <LongitudeDegrees>-121.8672965</LongitudeDegrees>
            </Position>
            <AltitudeMeters>23.2</AltitudeMeters>
            <DistanceMeters>7629.63</DistanceMeters>
            <HeartRateBpm><Value>137</Value></HeartRateBpm>
            <Cadence>166</Cadence>
          </Trackpoint>
          <Trackpoint>
            <Time>2026-03-30T14:21:35.000Z</Time>
            <Position>
              <LatitudeDegrees>37.3532064</LatitudeDegrees>
              <LongitudeDegrees>-121.8673955</LongitudeDegrees>
            </Position>
            <AltitudeMeters>23.2</AltitudeMeters>
            <DistanceMeters>7641.98</DistanceMeters>
            <HeartRateBpm><Value>137</Value></HeartRateBpm>
            <Cadence>166</Cadence>
          </Trackpoint>
          <Trackpoint>
            <Time>2026-03-30T14:21:40.000Z</Time>
            <Position>
              <LatitudeDegrees>37.3531278</LatitudeDegrees>
              <LongitudeDegrees>-121.8674945</LongitudeDegrees>
            </Position>
            <AltitudeMeters>23.2</AltitudeMeters>
            <DistanceMeters>7654.32</DistanceMeters>
            <HeartRateBpm><Value>137</Value></HeartRateBpm>
            <Cadence>166</Cadence>
          </Trackpoint>
          <Trackpoint>
            <Time>2026-03-30T14:21:45.000Z</Time>
            <Position>
              <LatitudeDegrees>37.3530493</LatitudeDegrees>
              <LongitudeDegrees>-121.8675935</LongitudeDegrees>
            </Position>
            <AltitudeMeters>23.3</AltitudeMeters>
            <DistanceMeters>7666.67</DistanceMeters>
            <HeartRateBpm><Value>137</Value></HeartRateBpm>
            <Cadence>166</Cadence>
          </Trackpoint>
          <Trackpoint>
            <Time>2026-03-30T14:21:50.000Z</Time>
            <Position>
              <LatitudeDegrees>37.3529707</LatitudeDegrees>
              <LongitudeDegrees>-121.8676924</LongitudeDegrees>
            </Position>
            <AltitudeMeters>23.3</AltitudeMeters>
            <DistanceMeters>7679.01</DistanceMeters>
            <HeartRateBpm><Value>137</Value></HeartRateBpm>
            <Cadence>166</Cadence>
          </Trackpoint>
          <Trackpoint>
            <Time>2026-03-30T14:21:55.000Z</Time>
            <Position>
              <LatitudeDegrees>37.3528921</LatitudeDegrees>
              <LongitudeDegrees>-121.8677914</LongitudeDegrees>
            </Position>
            <AltitudeMeters>23.4</AltitudeMeters>
            <DistanceMeters>7691.36</DistanceMeters>
            <HeartRateBpm><Value>137</Value></HeartRateBpm>
            <Cadence>166</Cadence>
          </Trackpoint>
          <Trackpoint>
            <Time>2026-03-30T14:22:00.000Z</Time>
            <Position>
              <LatitudeDegrees>37.3528136</LatitudeDegrees>
              <LongitudeDegrees>-121.8678904</LongitudeDegrees>
            </Position>
            <AltitudeMeters>23.4</AltitudeMeters>
            <DistanceMeters>7703.70</DistanceMeters>
            <HeartRateBpm><Value>137</Value></HeartRateBpm>
            <Cadence>166</Cadence>
          </Trackpoint>
          <Trackpoint>
            <Time>2026-03-30T14:22:05.000Z</Time>
            <Position>
              <LatitudeDegrees>37.3527350</LatitudeDegrees>
              <LongitudeDegrees>-121.8679894</LongitudeDegrees>
            </Position>
            <AltitudeMeters>23.4</AltitudeMeters>
            <DistanceMeters>7716.05</DistanceMeters>
            <HeartRateBpm><Value>137</Value></HeartRateBpm>
            <Cadence>166</Cadence>
          </Trackpoint>
          <Trackpoint>
            <Time>2026-03-30T14:22:10.000Z</Time>
            <Position>
              <LatitudeDegrees>37.3526564</LatitudeDegrees>
              <LongitudeDegrees>-121.8680884</LongitudeDegrees>
            </Position>
            <AltitudeMeters>23.5</AltitudeMeters>
            <DistanceMeters>7728.40</DistanceMeters>
            <HeartRateBpm><Value>137</Value></HeartRateBpm>
            <Cadence>166</Cadence>
          </Trackpoint>
          <Trackpoint>
            <Time>2026-03-30T14:22:15.000Z</Time>
            <Position>
              <LatitudeDegrees>37.3525779</LatitudeDegrees>
              <LongitudeDegrees>-121.8681873</LongitudeDegrees>
            </Position>
            <AltitudeMeters>23.5</AltitudeMeters>
            <DistanceMeters>7740.74</DistanceMeters>
            <HeartRateBpm><Value>137</Value></HeartRateBpm>
            <Cadence>166</Cadence>
          </Trackpoint>
          <Trackpoint>
            <Time>2026-03-30T14:22:20.000Z</Time>
            <Position>
              <LatitudeDegrees>37.3524993</LatitudeDegrees>
              <LongitudeDegrees>-121.8682863</LongitudeDegrees>
            </Position>
            <AltitudeMeters>23.6</AltitudeMeters>
            <DistanceMeters>7753.09</DistanceMeters>
            <HeartRateBpm><Value>137</Value></HeartRateBpm>
            <Cadence>166</Cadence>
          </Trackpoint>
          <Trackpoint>
            <Time>2026-03-30T14:22:25.000Z</Time>
            <Position>
              <LatitudeDegrees>37.3524207</LatitudeDegrees>
              <LongitudeDegrees>-121.8683853</LongitudeDegrees>
            </Position>
            <AltitudeMeters>23.7</AltitudeMeters>
            <DistanceMeters>7765.43</DistanceMeters>
            <HeartRateBpm><Value>137</Value></HeartRateBpm>
            <Cadence>166</Cadence>
          </Trackpoint>
          <Trackpoint>
            <Time>2026-03-30T14:22:30.000Z</Time>
            <Position>
              <LatitudeDegrees>37.3523421</LatitudeDegrees>
              <LongitudeDegrees>-121.8684843</LongitudeDegrees>
            </Position>
            <AltitudeMeters>23.7</AltitudeMeters>
            <DistanceMeters>7777.78</DistanceMeters>
            <HeartRateBpm><Value>137</Value></HeartRateBpm>
            <Cadence>166</Cadence>
          </Trackpoint>
          <Trackpoint>
            <Time>2026-03-30T14:22:35.000Z</Time>
            <Position>
              <LatitudeDegrees>37.3522636</LatitudeDegrees>
              <LongitudeDegrees>-121.8685832</LongitudeDegrees>
            </Position>
            <AltitudeMeters>23.8</AltitudeMeters>
            <DistanceMeters>7790.12</DistanceMeters>
            <HeartRateBpm><Value>137</Value></HeartRateBpm>
            <Cadence>166</Cadence>
          </Trackpoint>
          <Trackpoint>
            <Time>2026-03-30T14:22:40.000Z</Time>
            <Position>
              <LatitudeDegrees>37.3521850</LatitudeDegrees>
              <LongitudeDegrees>-121.8686822</LongitudeDegrees>
            </Position>
            <AltitudeMeters>23.8</AltitudeMeters>
            <DistanceMeters>7802.47</DistanceMeters>
            <HeartRateBpm><Value>137</Value></HeartRateBpm>
            <Cadence>166</Cadence>
          </Trackpoint>
          <Trackpoint>
            <Time>2026-03-30T14:22:45.000Z</Time>
            <Position>
              <LatitudeDegrees>37.3521064</LatitudeDegrees>
              <LongitudeDegrees>-121.8687812</LongitudeDegrees>
            </Position>
            <AltitudeMeters>23.9</AltitudeMeters>
            <DistanceMeters>7814.81</DistanceMeters>
            <HeartRateBpm><Value>137</Value></HeartRateBpm>
            <Cadence>166</Cadence>
          </Trackpoint>
          <Trackpoint>
            <Time>2026-03-30T14:22:50.000Z</Time>
            <Position>
              <LatitudeDegrees>37.3520279</LatitudeDegrees>
              <LongitudeDegrees>-121.8688802</LongitudeDegrees>
            </Position>
            <AltitudeMeters>24</AltitudeMeters>
            <DistanceMeters>7827.16</DistanceMeters>
            <HeartRateBpm><Value>137</Value></HeartRateBpm>
            <Cadence>166</Cadence>
          </Trackpoint>
          <Trackpoint>
            <Time>2026-03-30T14:22:55.000Z</Time>
            <Position>
              <LatitudeDegrees>37.3519493</LatitudeDegrees>
              <LongitudeDegrees>-121.8689791</LongitudeDegrees>
            </Position>
            <AltitudeMeters>24</AltitudeMeters>
            <DistanceMeters>7839.51</DistanceMeters>
            <HeartRateBpm><Value>137</Value></HeartRateBpm>
            <Cadence>166</Cadence>
          </Trackpoint>
          <Trackpoint>
            <Time>2026-03-30T14:23:00.000Z</Time>
            <Position>
              <LatitudeDegrees>37.3518707</LatitudeDegrees>
              <LongitudeDegrees>-121.8690781</LongitudeDegrees>
            </Position>
            <AltitudeMeters>24.1</AltitudeMeters>
            <DistanceMeters>7851.85</DistanceMeters>
            <HeartRateBpm><Value>137</Value></HeartRateBpm>
            <Cadence>166</Cadence>
          </Trackpoint>
          <Trackpoint>
            <Time>2026-03-30T14:23:05.000Z</Time>
            <Position>
              <LatitudeDegrees>37.3517922</LatitudeDegrees>
              <LongitudeDegrees>-121.8691771</LongitudeDegrees>
            </Position>
            <AltitudeMeters>24.2</AltitudeMeters>
            <DistanceMeters>7864.20</DistanceMeters>
            <HeartRateBpm><Value>137</Value></HeartRateBpm>
            <Cadence>166</Cadence>
          </Trackpoint>
          <Trackpoint>
            <Time>2026-03-30T14:23:10.000Z</Time>
            <Position>
              <LatitudeDegrees>37.3517136</LatitudeDegrees>
              <LongitudeDegrees>-121.8692761</LongitudeDegrees>
            </Position>
            <AltitudeMeters>24.2</AltitudeMeters>
            <DistanceMeters>7876.54</DistanceMeters>
            <HeartRateBpm><Value>137</Value></HeartRateBpm>
            <Cadence>166</Cadence>
          </Trackpoint>
          <Trackpoint>
            <Time>2026-03-30T14:23:15.000Z</Time>
            <Position>
              <LatitudeDegrees>37.3516350</LatitudeDegrees>
              <LongitudeDegrees>-121.8693750</LongitudeDegrees>
            </Position>
            <AltitudeMeters>24.3</AltitudeMeters>
            <DistanceMeters>7888.89</DistanceMeters>
            <HeartRateBpm><Value>137</Value></HeartRateBpm>
            <Cadence>166</Cadence>
          </Trackpoint>
          <Trackpoint>
            <Time>2026-03-30T14:23:20.000Z</Time>
            <Position>
              <LatitudeDegrees>37.3515565</LatitudeDegrees>
              <LongitudeDegrees>-121.8694740</LongitudeDegrees>
            </Position>
            <AltitudeMeters>24.4</AltitudeMeters>
            <DistanceMeters>7901.23</DistanceMeters>
            <HeartRateBpm><Value>137</Value></HeartRateBpm>
            <Cadence>166</Cadence>
          </Trackpoint>
          <Trackpoint>
            <Time>2026-03-30T14:23:25.000Z</Time>
            <Position>
              <LatitudeDegrees>37.3514779</LatitudeDegrees>
              <LongitudeDegrees>-121.8695730</LongitudeDegrees>
            </Position>
            <AltitudeMeters>24.5</AltitudeMeters>
            <DistanceMeters>7913.58</DistanceMeters>
            <HeartRateBpm><Value>137</Value></HeartRateBpm>
            <Cadence>166</Cadence>
          </Trackpoint>
          <Trackpoint>
            <Time>2026-03-30T14:23:30.000Z</Time>
            <Position>
              <LatitudeDegrees>37.3513993</LatitudeDegrees>
              <LongitudeDegrees>-121.8696720</LongitudeDegrees>
            </Position>
            <AltitudeMeters>24.5</AltitudeMeters>
            <DistanceMeters>7925.93</DistanceMeters>
            <HeartRateBpm><Value>137</Value></HeartRateBpm>
            <Cadence>166</Cadence>
          </Trackpoint>
          <Trackpoint>
            <Time>2026-03-30T14:23:35.000Z</Time>
            <Position>
              <LatitudeDegrees>37.3513208</LatitudeDegrees>
              <LongitudeDegrees>-121.8697710</LongitudeDegrees>
            </Position>
            <AltitudeMeters>24.6</AltitudeMeters>
            <DistanceMeters>7938.27</DistanceMeters>
            <HeartRateBpm><Value>137</Value></HeartRateBpm>
            <Cadence>166</Cadence>
          </Trackpoint>
          <Trackpoint>
            <Time>2026-03-30T14:23:40.000Z</Time>
            <Position>
              <LatitudeDegrees>37.3512422</LatitudeDegrees>
              <LongitudeDegrees>-121.8698699</LongitudeDegrees>
            </Position>
            <AltitudeMeters>24.7</AltitudeMeters>
            <DistanceMeters>7950.62</DistanceMeters>
            <HeartRateBpm><Value>137</Value></HeartRateBpm>
            <Cadence>166</Cadence>
          </Trackpoint>
          <Trackpoint>
            <Time>2026-03-30T14:23:45.000Z</Time>
            <Position>
              <LatitudeDegrees>37.3511636</LatitudeDegrees>
              <LongitudeDegrees>-121.8699689</LongitudeDegrees>
            </Position>
            <AltitudeMeters>24.8</AltitudeMeters>
            <DistanceMeters>7962.96</DistanceMeters>
            <HeartRateBpm><Value>137</Value></HeartRateBpm>
            <Cadence>166</Cadence>
          </Trackpoint>
          <Trackpoint>
            <Time>2026-03-30T14:23:50.000Z</Time>
            <Position>
              <LatitudeDegrees>37.3510851</LatitudeDegrees>
              <LongitudeDegrees>-121.8700679</LongitudeDegrees>
            </Position>
            <AltitudeMeters>24.8</AltitudeMeters>
            <DistanceMeters>7975.31</DistanceMeters>
            <HeartRateBpm><Value>137</Value></HeartRateBpm>
            <Cadence>166</Cadence>
          </Trackpoint>
          <Trackpoint>
            <Time>2026-03-30T14:23:55.000Z</Time>
            <Position>
              <LatitudeDegrees>37.3510065</LatitudeDegrees>
              <LongitudeDegrees>-121.8701669</LongitudeDegrees>
            </Position>
            <AltitudeMeters>24.9</AltitudeMeters>
            <DistanceMeters>7987.65</DistanceMeters>
            <HeartRateBpm><Value>137</Value></HeartRateBpm>
            <Cadence>166</Cadence>
          </Trackpoint>
          <Trackpoint>
            <Time>2026-03-30T14:24:00.000Z</Time>
            <Position>
              <LatitudeDegrees>37.3509279</LatitudeDegrees>
              <LongitudeDegrees>-121.8702658</LongitudeDegrees>
            </Position>
            <AltitudeMeters>25</AltitudeMeters>
            <DistanceMeters>8000.00</DistanceMeters>
            <HeartRateBpm><Value>137</Value></HeartRateBpm>
            <Cadence>166</Cadence>
          </Trackpoint>
          <Trackpoint>
            <Time>2026-03-30T14:24:05.000Z</Time>
            <Position>
              <LatitudeDegrees>37.3508494</LatitudeDegrees>
              <LongitudeDegrees>-121.8703648</LongitudeDegrees>
            </Position>
            <AltitudeMeters>25.1</AltitudeMeters>
            <DistanceMeters>8012.35</DistanceMeters>
            <HeartRateBpm><Value>137</Value></HeartRateBpm>
            <Cadence>166</Cadence>
          </Trackpoint>
          <Trackpoint>
            <Time>2026-03-30T14:24:10.000Z</Time>
            <Position>
              <LatitudeDegrees>37.3507708</LatitudeDegrees>
              <LongitudeDegrees>-121.8704638</LongitudeDegrees>
            </Position>
            <AltitudeMeters>25.2</AltitudeMeters>
            <DistanceMeters>8024.69</DistanceMeters>
            <HeartRateBpm><Value>137</Value></HeartRateBpm>
            <Cadence>166</Cadence>
          </Trackpoint>
          <Trackpoint>
            <Time>2026-03-30T14:24:15.000Z</Time>
            <Position>
              <LatitudeDegrees>37.3506922</LatitudeDegrees>
              <LongitudeDegrees>-121.8705628</LongitudeDegrees>
            </Position>
            <AltitudeMeters>25.2</AltitudeMeters>
            <DistanceMeters>8037.04</DistanceMeters>
            <HeartRateBpm><Value>137</Value></HeartRateBpm>
            <Cadence>166</Cadence>
          </Trackpoint>
          <Trackpoint>
            <Time>2026-03-30T14:24:20.000Z</Time>
            <Position>
              <LatitudeDegrees>37.3506137</LatitudeDegrees>
              <LongitudeDegrees>-121.8706617</LongitudeDegrees>
            </Position>
            <AltitudeMeters>25.3</AltitudeMeters>
            <DistanceMeters>8049.38</DistanceMeters>
            <HeartRateBpm><Value>137</Value></HeartRateBpm>
            <Cadence>166</Cadence>
          </Trackpoint>
          <Trackpoint>
            <Time>2026-03-30T14:24:25.000Z</Time>
            <Position>
              <LatitudeDegrees>37.3505351</LatitudeDegrees>
              <LongitudeDegrees>-121.8707607</LongitudeDegrees>
            </Position>
            <AltitudeMeters>25.4</AltitudeMeters>
            <DistanceMeters>8061.73</DistanceMeters>
            <HeartRateBpm><Value>137</Value></HeartRateBpm>
            <Cadence>166</Cadence>
          </Trackpoint>
          <Trackpoint>
            <Time>2026-03-30T14:24:30.000Z</Time>
            <Position>
              <LatitudeDegrees>37.3504565</LatitudeDegrees>
              <LongitudeDegrees>-121.8708597</LongitudeDegrees>
            </Position>
            <AltitudeMeters>25.5</AltitudeMeters>
            <DistanceMeters>8074.07</DistanceMeters>
            <HeartRateBpm><Value>137</Value></HeartRateBpm>
            <Cadence>166</Cadence>
          </Trackpoint>
          <Trackpoint>
            <Time>2026-03-30T14:24:35.000Z</Time>
            <Position>
              <LatitudeDegrees>37.3503780</LatitudeDegrees>
              <LongitudeDegrees>-121.8709587</LongitudeDegrees>
            </Position>
            <AltitudeMeters>25.5</AltitudeMeters>
            <DistanceMeters>8086.42</DistanceMeters>
            <HeartRateBpm><Value>137</Value></HeartRateBpm>
            <Cadence>166</Cadence>
          </Trackpoint>
          <Trackpoint>
            <Time>2026-03-30T14:24:40.000Z</Time>
            <Position>
              <LatitudeDegrees>37.3502994</LatitudeDegrees>
              <LongitudeDegrees>-121.8710576</LongitudeDegrees>
            </Position>
            <AltitudeMeters>25.6</AltitudeMeters>
            <DistanceMeters>8098.77</DistanceMeters>
            <HeartRateBpm><Value>137</Value></HeartRateBpm>
            <Cadence>166</Cadence>
          </Trackpoint>
          <Trackpoint>
            <Time>2026-03-30T14:24:45.000Z</Time>
            <Position>
              <LatitudeDegrees>37.3502208</LatitudeDegrees>
              <LongitudeDegrees>-121.8711566</LongitudeDegrees>
            </Position>
            <AltitudeMeters>25.7</AltitudeMeters>
            <DistanceMeters>8111.11</DistanceMeters>
            <HeartRateBpm><Value>137</Value></HeartRateBpm>
            <Cadence>166</Cadence>
          </Trackpoint>
          <Trackpoint>
            <Time>2026-03-30T14:24:50.000Z</Time>
            <Position>
              <LatitudeDegrees>37.3501423</LatitudeDegrees>
              <LongitudeDegrees>-121.8712556</LongitudeDegrees>
            </Position>
            <AltitudeMeters>25.8</AltitudeMeters>
            <DistanceMeters>8123.46</DistanceMeters>
            <HeartRateBpm><Value>137</Value></HeartRateBpm>
            <Cadence>166</Cadence>
          </Trackpoint>
          <Trackpoint>
            <Time>2026-03-30T14:24:55.000Z</Time>
            <Position>
              <LatitudeDegrees>37.3500637</LatitudeDegrees>
              <LongitudeDegrees>-121.8713546</LongitudeDegrees>
            </Position>
            <AltitudeMeters>25.8</AltitudeMeters>
            <DistanceMeters>8135.80</DistanceMeters>
            <HeartRateBpm><Value>137</Value></HeartRateBpm>
            <Cadence>166</Cadence>
          </Trackpoint>
          <Trackpoint>
            <Time>2026-03-30T14:25:00.000Z</Time>
            <Position>
              <LatitudeDegrees>37.3499851</LatitudeDegrees>
              <LongitudeDegrees>-121.8714535</LongitudeDegrees>
            </Position>
            <AltitudeMeters>25.9</AltitudeMeters>
            <DistanceMeters>8148.15</DistanceMeters>
            <HeartRateBpm><Value>137</Value></HeartRateBpm>
            <Cadence>166</Cadence>
          </Trackpoint>
          <Trackpoint>
            <Time>2026-03-30T14:25:05.000Z</Time>
            <Position>
              <LatitudeDegrees>37.3499066</LatitudeDegrees>
              <LongitudeDegrees>-121.8715525</LongitudeDegrees>
            </Position>
            <AltitudeMeters>26</AltitudeMeters>
            <DistanceMeters>8160.49</DistanceMeters>
            <HeartRateBpm><Value>137</Value></HeartRateBpm>
            <Cadence>166</Cadence>
          </Trackpoint>
          <Trackpoint>
            <Time>2026-03-30T14:25:10.000Z</Time>
            <Position>
              <LatitudeDegrees>37.3498280</LatitudeDegrees>
              <LongitudeDegrees>-121.8716515</LongitudeDegrees>
            </Position>
            <AltitudeMeters>26</AltitudeMeters>
            <DistanceMeters>8172.84</DistanceMeters>
            <HeartRateBpm><Value>137</Value></HeartRateBpm>
            <Cadence>166</Cadence>
          </Trackpoint>
          <Trackpoint>
            <Time>2026-03-30T14:25:15.000Z</Time>
            <Position>
              <LatitudeDegrees>37.3497494</LatitudeDegrees>
              <LongitudeDegrees>-121.8717505</LongitudeDegrees>
            </Position>
            <AltitudeMeters>26.1</AltitudeMeters>
            <DistanceMeters>8185.19</DistanceMeters>
            <HeartRateBpm><Value>137</Value></HeartRateBpm>
            <Cadence>166</Cadence>
          </Trackpoint>
          <Trackpoint>
            <Time>2026-03-30T14:25:20.000Z</Time>
            <Position>
              <LatitudeDegrees>37.3496709</LatitudeDegrees>
              <LongitudeDegrees>-121.8718495</LongitudeDegrees>
            </Position>
            <AltitudeMeters>26.2</AltitudeMeters>
            <DistanceMeters>8197.53</DistanceMeters>
            <HeartRateBpm><Value>137</Value></HeartRateBpm>
            <Cadence>166</Cadence>
          </Trackpoint>
          <Trackpoint>
            <Time>2026-03-30T14:25:25.000Z</Time>
            <Position>
              <LatitudeDegrees>37.3495923</LatitudeDegrees>
              <LongitudeDegrees>-121.8719484</LongitudeDegrees>
            </Position>
            <AltitudeMeters>26.2</AltitudeMeters>
            <DistanceMeters>8209.88</DistanceMeters>
            <HeartRateBpm><Value>137</Value></HeartRateBpm>
            <Cadence>166</Cadence>
          </Trackpoint>
          <Trackpoint>
            <Time>2026-03-30T14:25:30.000Z</Time>
            <Position>
              <LatitudeDegrees>37.3495137</LatitudeDegrees>
              <LongitudeDegrees>-121.8720474</LongitudeDegrees>
            </Position>
            <AltitudeMeters>26.3</AltitudeMeters>
            <DistanceMeters>8222.22</DistanceMeters>
            <HeartRateBpm><Value>137</Value></HeartRateBpm>
            <Cadence>166</Cadence>
          </Trackpoint>
          <Trackpoint>
            <Time>2026-03-30T14:25:35.000Z</Time>
            <Position>
              <LatitudeDegrees>37.3494352</LatitudeDegrees>
              <LongitudeDegrees>-121.8721464</LongitudeDegrees>
            </Position>
            <AltitudeMeters>26.3</AltitudeMeters>
            <DistanceMeters>8234.57</DistanceMeters>
            <HeartRateBpm><Value>137</Value></HeartRateBpm>
            <Cadence>166</Cadence>
          </Trackpoint>
          <Trackpoint>
            <Time>2026-03-30T14:25:40.000Z</Time>
            <Position>
              <LatitudeDegrees>37.3493566</LatitudeDegrees>
              <LongitudeDegrees>-121.8722454</LongitudeDegrees>
            </Position>
            <AltitudeMeters>26.4</AltitudeMeters>
            <DistanceMeters>8246.91</DistanceMeters>
            <HeartRateBpm><Value>137</Value></HeartRateBpm>
            <Cadence>166</Cadence>
          </Trackpoint>
          <Trackpoint>
            <Time>2026-03-30T14:25:45.000Z</Time>
            <Position>
              <LatitudeDegrees>37.3492780</LatitudeDegrees>
              <LongitudeDegrees>-121.8723443</LongitudeDegrees>
            </Position>
            <AltitudeMeters>26.5</AltitudeMeters>
            <DistanceMeters>8259.26</DistanceMeters>
            <HeartRateBpm><Value>137</Value></HeartRateBpm>
            <Cadence>166</Cadence>
          </Trackpoint>
          <Trackpoint>
            <Time>2026-03-30T14:25:50.000Z</Time>
            <Position>
              <LatitudeDegrees>37.3491994</LatitudeDegrees>
              <LongitudeDegrees>-121.8724433</LongitudeDegrees>
            </Position>
            <AltitudeMeters>26.5</AltitudeMeters>
            <DistanceMeters>8271.60</DistanceMeters>
            <HeartRateBpm><Value>137</Value></HeartRateBpm>
            <Cadence>166</Cadence>
          </Trackpoint>
          <Trackpoint>
            <Time>2026-03-30T14:25:55.000Z</Time>
            <Position>
              <LatitudeDegrees>37.3491209</LatitudeDegrees>
              <LongitudeDegrees>-121.8725423</LongitudeDegrees>
            </Position>
            <AltitudeMeters>26.6</AltitudeMeters>
            <DistanceMeters>8283.95</DistanceMeters>
            <HeartRateBpm><Value>137</Value></HeartRateBpm>
            <Cadence>166</Cadence>
          </Trackpoint>
          <Trackpoint>
            <Time>2026-03-30T14:26:00.000Z</Time>
            <Position>
              <LatitudeDegrees>37.3490423</LatitudeDegrees>
              <LongitudeDegrees>-121.8726413</LongitudeDegrees>
            </Position>
            <AltitudeMeters>26.6</AltitudeMeters>
            <DistanceMeters>8296.30</DistanceMeters>
            <HeartRateBpm><Value>137</Value></HeartRateBpm>
            <Cadence>166</Cadence>
          </Trackpoint>
          <Trackpoint>
            <Time>2026-03-30T14:26:05.000Z</Time>
            <Position>
              <LatitudeDegrees>37.3489637</LatitudeDegrees>
              <LongitudeDegrees>-121.8727402</LongitudeDegrees>
            </Position>
            <AltitudeMeters>26.6</AltitudeMeters>
            <DistanceMeters>8308.64</DistanceMeters>
            <HeartRateBpm><Value>137</Value></HeartRateBpm>
            <Cadence>166</Cadence>
          </Trackpoint>
          <Trackpoint>
            <Time>2026-03-30T14:26:10.000Z</Time>
            <Position>
              <LatitudeDegrees>37.3488852</LatitudeDegrees>
              <LongitudeDegrees>-121.8728392</LongitudeDegrees>
            </Position>
            <AltitudeMeters>26.7</AltitudeMeters>
            <DistanceMeters>8320.99</DistanceMeters>
            <HeartRateBpm><Value>137</Value></HeartRateBpm>
            <Cadence>166</Cadence>
          </Trackpoint>
          <Trackpoint>
            <Time>2026-03-30T14:26:15.000Z</Time>
            <Position>
              <LatitudeDegrees>37.3488066</LatitudeDegrees>
              <LongitudeDegrees>-121.8729382</LongitudeDegrees>
            </Position>
            <AltitudeMeters>26.7</AltitudeMeters>
            <DistanceMeters>8333.33</DistanceMeters>
            <HeartRateBpm><Value>137</Value></HeartRateBpm>
            <Cadence>166</Cadence>
          </Trackpoint>
          <Trackpoint>
            <Time>2026-03-30T14:26:20.000Z</Time>
            <Position>
              <LatitudeDegrees>37.3487280</LatitudeDegrees>
              <LongitudeDegrees>-121.8730372</LongitudeDegrees>
            </Position>
            <AltitudeMeters>26.8</AltitudeMeters>
            <DistanceMeters>8345.68</DistanceMeters>
            <HeartRateBpm><Value>137</Value></HeartRateBpm>
            <Cadence>166</Cadence>
          </Trackpoint>
          <Trackpoint>
            <Time>2026-03-30T14:26:25.000Z</Time>
            <Position>
              <LatitudeDegrees>37.3486495</LatitudeDegrees>
              <LongitudeDegrees>-121.8731361</LongitudeDegrees>
            </Position>
            <AltitudeMeters>26.8</AltitudeMeters>
            <DistanceMeters>8358.02</DistanceMeters>
            <HeartRateBpm><Value>137</Value></HeartRateBpm>
            <Cadence>166</Cadence>
          </Trackpoint>
          <Trackpoint>
            <Time>2026-03-30T14:26:30.000Z</Time>
            <Position>
              <LatitudeDegrees>37.3485709</LatitudeDegrees>
              <LongitudeDegrees>-121.8732351</LongitudeDegrees>
            </Position>
            <AltitudeMeters>26.8</AltitudeMeters>
            <DistanceMeters>8370.37</DistanceMeters>
            <HeartRateBpm><Value>137</Value></HeartRateBpm>
            <Cadence>166</Cadence>
          </Trackpoint>
          <Trackpoint>
            <Time>2026-03-30T14:26:35.000Z</Time>
            <Position>
              <LatitudeDegrees>37.3484923</LatitudeDegrees>
              <LongitudeDegrees>-121.8733341</LongitudeDegrees>
            </Position>
            <AltitudeMeters>26.9</AltitudeMeters>
            <DistanceMeters>8382.72</DistanceMeters>
            <HeartRateBpm><Value>137</Value></HeartRateBpm>
            <Cadence>166</Cadence>
          </Trackpoint>
          <Trackpoint>
            <Time>2026-03-30T14:26:40.000Z</Time>
            <Position>
              <LatitudeDegrees>37.3484138</LatitudeDegrees>
              <LongitudeDegrees>-121.8734331</LongitudeDegrees>
            </Position>
            <AltitudeMeters>26.9</AltitudeMeters>
            <DistanceMeters>8395.06</DistanceMeters>
            <HeartRateBpm><Value>137</Value></HeartRateBpm>
            <Cadence>166</Cadence>
          </Trackpoint>
          <Trackpoint>
            <Time>2026-03-30T14:26:45.000Z</Time>
            <Position>
              <LatitudeDegrees>37.3483352</LatitudeDegrees>
              <LongitudeDegrees>-121.8735321</LongitudeDegrees>
            </Position>
            <AltitudeMeters>26.9</AltitudeMeters>
            <DistanceMeters>8407.41</DistanceMeters>
            <HeartRateBpm><Value>137</Value></HeartRateBpm>
            <Cadence>166</Cadence>
          </Trackpoint>
          <Trackpoint>
            <Time>2026-03-30T14:26:50.000Z</Time>
            <Position>
              <LatitudeDegrees>37.3482566</LatitudeDegrees>
              <LongitudeDegrees>-121.8736310</LongitudeDegrees>
            </Position>
            <AltitudeMeters>26.9</AltitudeMeters>
            <DistanceMeters>8419.75</DistanceMeters>
            <HeartRateBpm><Value>137</Value></HeartRateBpm>
            <Cadence>166</Cadence>
          </Trackpoint>
          <Trackpoint>
            <Time>2026-03-30T14:26:55.000Z</Time>
            <Position>
              <LatitudeDegrees>37.3481781</LatitudeDegrees>
              <LongitudeDegrees>-121.8737300</LongitudeDegrees>
            </Position>
            <AltitudeMeters>27</AltitudeMeters>
            <DistanceMeters>8432.10</DistanceMeters>
            <HeartRateBpm><Value>137</Value></HeartRateBpm>
            <Cadence>166</Cadence>
          </Trackpoint>
          <Trackpoint>
            <Time>2026-03-30T14:27:00.000Z</Time>
            <Position>
              <LatitudeDegrees>37.3480995</LatitudeDegrees>
              <LongitudeDegrees>-121.8738290</LongitudeDegrees>
            </Position>
            <AltitudeMeters>27</AltitudeMeters>
            <DistanceMeters>8444.44</DistanceMeters>
            <HeartRateBpm><Value>137</Value></HeartRateBpm>
            <Cadence>166</Cadence>
          </Trackpoint>
          <Trackpoint>
            <Time>2026-03-30T14:27:05.000Z</Time>
            <Position>
              <LatitudeDegrees>37.3480209</LatitudeDegrees>
              <LongitudeDegrees>-121.8739280</LongitudeDegrees>
            </Position>
            <AltitudeMeters>27</AltitudeMeters>
            <DistanceMeters>8456.79</DistanceMeters>
            <HeartRateBpm><Value>137</Value></HeartRateBpm>
            <Cadence>166</Cadence>
          </Trackpoint>
          <Trackpoint>
            <Time>2026-03-30T14:27:10.000Z</Time>
            <Position>
              <LatitudeDegrees>37.3479424</LatitudeDegrees>
              <LongitudeDegrees>-121.8740269</LongitudeDegrees>
            </Position>
            <AltitudeMeters>27</AltitudeMeters>
            <DistanceMeters>8469.14</DistanceMeters>
            <HeartRateBpm><Value>137</Value></HeartRateBpm>
            <Cadence>166</Cadence>
          </Trackpoint>
          <Trackpoint>
            <Time>2026-03-30T14:27:15.000Z</Time>
            <Position>
              <LatitudeDegrees>37.3478638</LatitudeDegrees>
              <LongitudeDegrees>-121.8741259</LongitudeDegrees>
            </Position>
            <AltitudeMeters>27</AltitudeMeters>
            <DistanceMeters>8481.48</DistanceMeters>
            <HeartRateBpm><Value>137</Value></HeartRateBpm>
            <Cadence>166</Cadence>
          </Trackpoint>
          <Trackpoint>
            <Time>2026-03-30T14:27:20.000Z</Time>
            <Position>
              <LatitudeDegrees>37.3477852</LatitudeDegrees>
              <LongitudeDegrees>-121.8742249</LongitudeDegrees>
            </Position>
            <AltitudeMeters>27</AltitudeMeters>
            <DistanceMeters>8493.83</DistanceMeters>
            <HeartRateBpm><Value>137</Value></HeartRateBpm>
            <Cadence>166</Cadence>
          </Trackpoint>
          <Trackpoint>
            <Time>2026-03-30T14:27:25.000Z</Time>
            <Position>
              <LatitudeDegrees>37.3477067</LatitudeDegrees>
              <LongitudeDegrees>-121.8743239</LongitudeDegrees>
            </Position>
            <AltitudeMeters>27</AltitudeMeters>
            <DistanceMeters>8506.17</DistanceMeters>
            <HeartRateBpm><Value>137</Value></HeartRateBpm>
            <Cadence>166</Cadence>
          </Trackpoint>
          <Trackpoint>
            <Time>2026-03-30T14:27:30.000Z</Time>
            <Position>
              <LatitudeDegrees>37.3476281</LatitudeDegrees>
              <LongitudeDegrees>-121.8744228</LongitudeDegrees>
            </Position>
            <AltitudeMeters>27</AltitudeMeters>
            <DistanceMeters>8518.52</DistanceMeters>
            <HeartRateBpm><Value>137</Value></HeartRateBpm>
            <Cadence>166</Cadence>
          </Trackpoint>
          <Trackpoint>
            <Time>2026-03-30T14:27:35.000Z</Time>
            <Position>
              <LatitudeDegrees>37.3475495</LatitudeDegrees>
              <LongitudeDegrees>-121.8745218</LongitudeDegrees>
            </Position>
            <AltitudeMeters>27</AltitudeMeters>
            <DistanceMeters>8530.86</DistanceMeters>
            <HeartRateBpm><Value>137</Value></HeartRateBpm>
            <Cadence>166</Cadence>
          </Trackpoint>
          <Trackpoint>
            <Time>2026-03-30T14:27:40.000Z</Time>
            <Position>
              <LatitudeDegrees>37.3474710</LatitudeDegrees>
              <LongitudeDegrees>-121.8746208</LongitudeDegrees>
            </Position>
            <AltitudeMeters>27</AltitudeMeters>
            <DistanceMeters>8543.21</DistanceMeters>
            <HeartRateBpm><Value>137</Value></HeartRateBpm>
            <Cadence>166</Cadence>
          </Trackpoint>
          <Trackpoint>
            <Time>2026-03-30T14:27:45.000Z</Time>
            <Position>
              <LatitudeDegrees>37.3473924</LatitudeDegrees>
              <LongitudeDegrees>-121.8747198</LongitudeDegrees>
            </Position>
            <AltitudeMeters>27</AltitudeMeters>
            <DistanceMeters>8555.56</DistanceMeters>
            <HeartRateBpm><Value>137</Value></HeartRateBpm>
            <Cadence>166</Cadence>
          </Trackpoint>
          <Trackpoint>
            <Time>2026-03-30T14:27:50.000Z</Time>
            <Position>
              <LatitudeDegrees>37.3473138</LatitudeDegrees>
              <LongitudeDegrees>-121.8748187</LongitudeDegrees>
            </Position>
            <AltitudeMeters>27</AltitudeMeters>
            <DistanceMeters>8567.90</DistanceMeters>
            <HeartRateBpm><Value>137</Value></HeartRateBpm>
            <Cadence>166</Cadence>
          </Trackpoint>
          <Trackpoint>
            <Time>2026-03-30T14:27:55.000Z</Time>
            <Position>
              <LatitudeDegrees>37.3472353</LatitudeDegrees>
              <LongitudeDegrees>-121.8749177</LongitudeDegrees>
            </Position>
            <AltitudeMeters>26.9</AltitudeMeters>
            <DistanceMeters>8580.25</DistanceMeters>
            <HeartRateBpm><Value>137</Value></HeartRateBpm>
            <Cadence>166</Cadence>
          </Trackpoint>
          <Trackpoint>
            <Time>2026-03-30T14:28:00.000Z</Time>
            <Position>
              <LatitudeDegrees>37.3471567</LatitudeDegrees>
              <LongitudeDegrees>-121.8750167</LongitudeDegrees>
            </Position>
            <AltitudeMeters>26.9</AltitudeMeters>
            <DistanceMeters>8592.59</DistanceMeters>
            <HeartRateBpm><Value>137</Value></HeartRateBpm>
            <Cadence>166</Cadence>
          </Trackpoint>
          <Trackpoint>
            <Time>2026-03-30T14:28:05.000Z</Time>
            <Position>
              <LatitudeDegrees>37.3470781</LatitudeDegrees>
              <LongitudeDegrees>-121.8751157</LongitudeDegrees>
            </Position>
            <AltitudeMeters>26.9</AltitudeMeters>
            <DistanceMeters>8604.94</DistanceMeters>
            <HeartRateBpm><Value>137</Value></HeartRateBpm>
            <Cadence>166</Cadence>
          </Trackpoint>
          <Trackpoint>
            <Time>2026-03-30T14:28:10.000Z</Time>
            <Position>
              <LatitudeDegrees>37.3469996</LatitudeDegrees>
              <LongitudeDegrees>-121.8752146</LongitudeDegrees>
            </Position>
            <AltitudeMeters>26.9</AltitudeMeters>
            <DistanceMeters>8617.28</DistanceMeters>
            <HeartRateBpm><Value>137</Value></HeartRateBpm>
            <Cadence>166</Cadence>
          </Trackpoint>
          <Trackpoint>
            <Time>2026-03-30T14:28:15.000Z</Time>
            <Position>
              <LatitudeDegrees>37.3469210</LatitudeDegrees>
              <LongitudeDegrees>-121.8753136</LongitudeDegrees>
            </Position>
            <AltitudeMeters>26.8</AltitudeMeters>
            <DistanceMeters>8629.63</DistanceMeters>
            <HeartRateBpm><Value>137</Value></HeartRateBpm>
            <Cadence>166</Cadence>
          </Trackpoint>
          <Trackpoint>
            <Time>2026-03-30T14:28:20.000Z</Time>
            <Position>
              <LatitudeDegrees>37.3468424</LatitudeDegrees>
              <LongitudeDegrees>-121.8754126</LongitudeDegrees>
            </Position>
            <AltitudeMeters>26.8</AltitudeMeters>
            <DistanceMeters>8641.98</DistanceMeters>
            <HeartRateBpm><Value>137</Value></HeartRateBpm>
            <Cadence>166</Cadence>
          </Trackpoint>
          <Trackpoint>
            <Time>2026-03-30T14:28:25.000Z</Time>
            <Position>
              <LatitudeDegrees>37.3467639</LatitudeDegrees>
              <LongitudeDegrees>-121.8755116</LongitudeDegrees>
            </Position>
            <AltitudeMeters>26.8</AltitudeMeters>
            <DistanceMeters>8654.32</DistanceMeters>
            <HeartRateBpm><Value>137</Value></HeartRateBpm>
            <Cadence>166</Cadence>
          </Trackpoint>
          <Trackpoint>
            <Time>2026-03-30T14:28:30.000Z</Time>
            <Position>
              <LatitudeDegrees>37.3466853</LatitudeDegrees>
              <LongitudeDegrees>-121.8756106</LongitudeDegrees>
            </Position>
            <AltitudeMeters>26.7</AltitudeMeters>
            <DistanceMeters>8666.67</DistanceMeters>
            <HeartRateBpm><Value>137</Value></HeartRateBpm>
            <Cadence>166</Cadence>
          </Trackpoint>
          <Trackpoint>
            <Time>2026-03-30T14:28:35.000Z</Time>
            <Position>
              <LatitudeDegrees>37.3466067</LatitudeDegrees>
              <LongitudeDegrees>-121.8757095</LongitudeDegrees>
            </Position>
            <AltitudeMeters>26.7</AltitudeMeters>
            <DistanceMeters>8679.01</DistanceMeters>
            <HeartRateBpm><Value>137</Value></HeartRateBpm>
            <Cadence>166</Cadence>
          </Trackpoint>
          <Trackpoint>
            <Time>2026-03-30T14:28:40.000Z</Time>
            <Position>
              <LatitudeDegrees>37.3465282</LatitudeDegrees>
              <LongitudeDegrees>-121.8758085</LongitudeDegrees>
            </Position>
            <AltitudeMeters>26.6</AltitudeMeters>
            <DistanceMeters>8691.36</DistanceMeters>
            <HeartRateBpm><Value>137</Value></HeartRateBpm>
            <Cadence>166</Cadence>
          </Trackpoint>
          <Trackpoint>
            <Time>2026-03-30T14:28:45.000Z</Time>
            <Position>
              <LatitudeDegrees>37.3464496</LatitudeDegrees>
              <LongitudeDegrees>-121.8759075</LongitudeDegrees>
            </Position>
            <AltitudeMeters>26.6</AltitudeMeters>
            <DistanceMeters>8703.70</DistanceMeters>
            <HeartRateBpm><Value>137</Value></HeartRateBpm>
            <Cadence>166</Cadence>
          </Trackpoint>
          <Trackpoint>
            <Time>2026-03-30T14:28:50.000Z</Time>
            <Position>
              <LatitudeDegrees>37.3463710</LatitudeDegrees>
              <LongitudeDegrees>-121.8760065</LongitudeDegrees>
            </Position>
            <AltitudeMeters>26.6</AltitudeMeters>
            <DistanceMeters>8716.05</DistanceMeters>
            <HeartRateBpm><Value>137</Value></HeartRateBpm>
            <Cadence>166</Cadence>
          </Trackpoint>
          <Trackpoint>
            <Time>2026-03-30T14:28:55.000Z</Time>
            <Position>
              <LatitudeDegrees>37.3462925</LatitudeDegrees>
              <LongitudeDegrees>-121.8761054</LongitudeDegrees>
            </Position>
            <AltitudeMeters>26.5</AltitudeMeters>
            <DistanceMeters>8728.40</DistanceMeters>
            <HeartRateBpm><Value>137</Value></HeartRateBpm>
            <Cadence>166</Cadence>
          </Trackpoint>
          <Trackpoint>
            <Time>2026-03-30T14:29:00.000Z</Time>
            <Position>
              <LatitudeDegrees>37.3462139</LatitudeDegrees>
              <LongitudeDegrees>-121.8762044</LongitudeDegrees>
            </Position>
            <AltitudeMeters>26.5</AltitudeMeters>
            <DistanceMeters>8740.74</DistanceMeters>
            <HeartRateBpm><Value>137</Value></HeartRateBpm>
            <Cadence>166</Cadence>
          </Trackpoint>
          <Trackpoint>
            <Time>2026-03-30T14:29:05.000Z</Time>
            <Position>
              <LatitudeDegrees>37.3461353</LatitudeDegrees>
              <LongitudeDegrees>-121.8763034</LongitudeDegrees>
            </Position>
            <AltitudeMeters>26.4</AltitudeMeters>
            <DistanceMeters>8753.09</DistanceMeters>
            <HeartRateBpm><Value>137</Value></HeartRateBpm>
            <Cadence>166</Cadence>
          </Trackpoint>
          <Trackpoint>
            <Time>2026-03-30T14:29:10.000Z</Time>
            <Position>
              <LatitudeDegrees>37.3460567</LatitudeDegrees>
              <LongitudeDegrees>-121.8764024</LongitudeDegrees>
            </Position>
            <AltitudeMeters>26.3</AltitudeMeters>
            <DistanceMeters>8765.43</DistanceMeters>
            <HeartRateBpm><Value>137</Value></HeartRateBpm>
            <Cadence>166</Cadence>
          </Trackpoint>
          <Trackpoint>
            <Time>2026-03-30T14:29:15.000Z</Time>
            <Position>
              <LatitudeDegrees>37.3459782</LatitudeDegrees>
              <LongitudeDegrees>-121.8765013</LongitudeDegrees>
            </Position>
            <AltitudeMeters>26.3</AltitudeMeters>
            <DistanceMeters>8777.78</DistanceMeters>
            <HeartRateBpm><Value>137</Value></HeartRateBpm>
            <Cadence>166</Cadence>
          </Trackpoint>
          <Trackpoint>
            <Time>2026-03-30T14:29:20.000Z</Time>
            <Position>
              <LatitudeDegrees>37.3458996</LatitudeDegrees>
              <LongitudeDegrees>-121.8766003</LongitudeDegrees>
            </Position>
            <AltitudeMeters>26.2</AltitudeMeters>
            <DistanceMeters>8790.12</DistanceMeters>
            <HeartRateBpm><Value>137</Value></HeartRateBpm>
            <Cadence>166</Cadence>
          </Trackpoint>
          <Trackpoint>
            <Time>2026-03-30T14:29:25.000Z</Time>
            <Position>
              <LatitudeDegrees>37.3458210</LatitudeDegrees>
              <LongitudeDegrees>-121.8766993</LongitudeDegrees>
            </Position>
            <AltitudeMeters>26.2</AltitudeMeters>
            <DistanceMeters>8802.47</DistanceMeters>
            <HeartRateBpm><Value>137</Value></HeartRateBpm>
            <Cadence>166</Cadence>
          </Trackpoint>
          <Trackpoint>
            <Time>2026-03-30T14:29:30.000Z</Time>
            <Position>
              <LatitudeDegrees>37.3457425</LatitudeDegrees>
              <LongitudeDegrees>-121.8767983</LongitudeDegrees>
            </Position>
            <AltitudeMeters>26.1</AltitudeMeters>
            <DistanceMeters>8814.81</DistanceMeters>
            <HeartRateBpm><Value>137</Value></HeartRateBpm>
            <Cadence>166</Cadence>
          </Trackpoint>
          <Trackpoint>
            <Time>2026-03-30T14:29:35.000Z</Time>
            <Position>
              <LatitudeDegrees>37.3456639</LatitudeDegrees>
              <LongitudeDegrees>-121.8768972</LongitudeDegrees>
            </Position>
            <AltitudeMeters>26</AltitudeMeters>
            <DistanceMeters>8827.16</DistanceMeters>
            <HeartRateBpm><Value>137</Value></HeartRateBpm>
            <Cadence>166</Cadence>
          </Trackpoint>
          <Trackpoint>
            <Time>2026-03-30T14:29:40.000Z</Time>
            <Position>
              <LatitudeDegrees>37.3455853</LatitudeDegrees>
              <LongitudeDegrees>-121.8769962</LongitudeDegrees>
            </Position>
            <AltitudeMeters>26</AltitudeMeters>
            <DistanceMeters>8839.51</DistanceMeters>
            <HeartRateBpm><Value>137</Value></HeartRateBpm>
            <Cadence>166</Cadence>
          </Trackpoint>
          <Trackpoint>
            <Time>2026-03-30T14:29:45.000Z</Time>
            <Position>
              <LatitudeDegrees>37.3455068</LatitudeDegrees>
              <LongitudeDegrees>-121.8770952</LongitudeDegrees>
            </Position>
            <AltitudeMeters>25.9</AltitudeMeters>
            <DistanceMeters>8851.85</DistanceMeters>
            <HeartRateBpm><Value>137</Value></HeartRateBpm>
            <Cadence>166</Cadence>
          </Trackpoint>
          <Trackpoint>
            <Time>2026-03-30T14:29:50.000Z</Time>
            <Position>
              <LatitudeDegrees>37.3454282</LatitudeDegrees>
              <LongitudeDegrees>-121.8771942</LongitudeDegrees>
            </Position>
            <AltitudeMeters>25.8</AltitudeMeters>
            <DistanceMeters>8864.20</DistanceMeters>
            <HeartRateBpm><Value>137</Value></HeartRateBpm>
            <Cadence>166</Cadence>
          </Trackpoint>
          <Trackpoint>
            <Time>2026-03-30T14:29:55.000Z</Time>
            <Position>
              <LatitudeDegrees>37.3453496</LatitudeDegrees>
              <LongitudeDegrees>-121.8772932</LongitudeDegrees>
            </Position>
            <AltitudeMeters>25.8</AltitudeMeters>
            <DistanceMeters>8876.54</DistanceMeters>
            <HeartRateBpm><Value>137</Value></HeartRateBpm>
            <Cadence>166</Cadence>
          </Trackpoint>
          <Trackpoint>
            <Time>2026-03-30T14:30:00.000Z</Time>
            <Position>
              <LatitudeDegrees>37.3452711</LatitudeDegrees>
              <LongitudeDegrees>-121.8773921</LongitudeDegrees>
            </Position>
            <AltitudeMeters>25.7</AltitudeMeters>
            <DistanceMeters>8888.89</DistanceMeters>
            <HeartRateBpm><Value>137</Value></HeartRateBpm>
            <Cadence>166</Cadence>
          </Trackpoint>
          <Trackpoint>
            <Time>2026-03-30T14:30:05.000Z</Time>
            <Position>
              <LatitudeDegrees>37.3451925</LatitudeDegrees>
              <LongitudeDegrees>-121.8774911</LongitudeDegrees>
            </Position>
            <AltitudeMeters>25.6</AltitudeMeters>
            <DistanceMeters>8901.23</DistanceMeters>
            <HeartRateBpm><Value>137</Value></HeartRateBpm>
            <Cadence>166</Cadence>
          </Trackpoint>
          <Trackpoint>
            <Time>2026-03-30T14:30:10.000Z</Time>
            <Position>
              <LatitudeDegrees>37.3451139</LatitudeDegrees>
              <LongitudeDegrees>-121.8775901</LongitudeDegrees>
            </Position>
            <AltitudeMeters>25.5</AltitudeMeters>
            <DistanceMeters>8913.58</DistanceMeters>
            <HeartRateBpm><Value>137</Value></HeartRateBpm>
            <Cadence>166</Cadence>
          </Trackpoint>
          <Trackpoint>
            <Time>2026-03-30T14:30:15.000Z</Time>
            <Position>
              <LatitudeDegrees>37.3450354</LatitudeDegrees>
              <LongitudeDegrees>-121.8776891</LongitudeDegrees>
            </Position>
            <AltitudeMeters>25.5</AltitudeMeters>
            <DistanceMeters>8925.93</DistanceMeters>
            <HeartRateBpm><Value>137</Value></HeartRateBpm>
            <Cadence>166</Cadence>
          </Trackpoint>
          <Trackpoint>
            <Time>2026-03-30T14:30:20.000Z</Time>
            <Position>
              <LatitudeDegrees>37.3449568</LatitudeDegrees>
              <LongitudeDegrees>-121.8777880</LongitudeDegrees>
            </Position>
            <AltitudeMeters>25.4</AltitudeMeters>
            <DistanceMeters>8938.27</DistanceMeters>
            <HeartRateBpm><Value>137</Value></HeartRateBpm>
            <Cadence>166</Cadence>
          </Trackpoint>
          <Trackpoint>
            <Time>2026-03-30T14:30:25.000Z</Time>
            <Position>
              <LatitudeDegrees>37.3448782</LatitudeDegrees>
              <LongitudeDegrees>-121.8778870</LongitudeDegrees>
            </Position>
            <AltitudeMeters>25.3</AltitudeMeters>
            <DistanceMeters>8950.62</DistanceMeters>
            <HeartRateBpm><Value>137</Value></HeartRateBpm>
            <Cadence>166</Cadence>
          </Trackpoint>
          <Trackpoint>
            <Time>2026-03-30T14:30:30.000Z</Time>
            <Position>
              <LatitudeDegrees>37.3447997</LatitudeDegrees>
              <LongitudeDegrees>-121.8779860</LongitudeDegrees>
            </Position>
            <AltitudeMeters>25.2</AltitudeMeters>
            <DistanceMeters>8962.96</DistanceMeters>
            <HeartRateBpm><Value>137</Value></HeartRateBpm>
            <Cadence>166</Cadence>
          </Trackpoint>
          <Trackpoint>
            <Time>2026-03-30T14:30:35.000Z</Time>
            <Position>
              <LatitudeDegrees>37.3447211</LatitudeDegrees>
              <LongitudeDegrees>-121.8780850</LongitudeDegrees>
            </Position>
            <AltitudeMeters>25.2</AltitudeMeters>
            <DistanceMeters>8975.31</DistanceMeters>
            <HeartRateBpm><Value>137</Value></HeartRateBpm>
            <Cadence>166</Cadence>
          </Trackpoint>
          <Trackpoint>
            <Time>2026-03-30T14:30:40.000Z</Time>
            <Position>
              <LatitudeDegrees>37.3446425</LatitudeDegrees>
              <LongitudeDegrees>-121.8781839</LongitudeDegrees>
            </Position>
            <AltitudeMeters>25.1</AltitudeMeters>
            <DistanceMeters>8987.65</DistanceMeters>
            <HeartRateBpm><Value>137</Value></HeartRateBpm>
            <Cadence>166</Cadence>
          </Trackpoint>
          <Trackpoint>
            <Time>2026-03-30T14:30:45.000Z</Time>
            <Position>
              <LatitudeDegrees>37.3445640</LatitudeDegrees>
              <LongitudeDegrees>-121.8782829</LongitudeDegrees>
            </Position>
            <AltitudeMeters>25</AltitudeMeters>
            <DistanceMeters>9000.00</DistanceMeters>
            <HeartRateBpm><Value>137</Value></HeartRateBpm>
            <Cadence>166</Cadence>
          </Trackpoint>
          <Trackpoint>
            <Time>2026-03-30T14:30:50.000Z</Time>
            <Position>
              <LatitudeDegrees>37.3444854</LatitudeDegrees>
              <LongitudeDegrees>-121.8783819</LongitudeDegrees>
            </Position>
            <AltitudeMeters>24.9</AltitudeMeters>
            <DistanceMeters>9012.35</DistanceMeters>
            <HeartRateBpm><Value>137</Value></HeartRateBpm>
            <Cadence>166</Cadence>
          </Trackpoint>
          <Trackpoint>
            <Time>2026-03-30T14:30:55.000Z</Time>
            <Position>
              <LatitudeDegrees>37.3444068</LatitudeDegrees>
              <LongitudeDegrees>-121.8784809</LongitudeDegrees>
            </Position>
            <AltitudeMeters>24.8</AltitudeMeters>
            <DistanceMeters>9024.69</DistanceMeters>
            <HeartRateBpm><Value>137</Value></HeartRateBpm>
            <Cadence>166</Cadence>
          </Trackpoint>
          <Trackpoint>
            <Time>2026-03-30T14:31:00.000Z</Time>
            <Position>
              <LatitudeDegrees>37.3443283</LatitudeDegrees>
              <LongitudeDegrees>-121.8785798</LongitudeDegrees>
            </Position>
            <AltitudeMeters>24.8</AltitudeMeters>
            <DistanceMeters>9037.04</DistanceMeters>
            <HeartRateBpm><Value>137</Value></HeartRateBpm>
            <Cadence>166</Cadence>
          </Trackpoint>
          <Trackpoint>
            <Time>2026-03-30T14:31:05.000Z</Time>
            <Position>
              <LatitudeDegrees>37.3442497</LatitudeDegrees>
              <LongitudeDegrees>-121.8786788</LongitudeDegrees>
            </Position>
            <AltitudeMeters>24.7</AltitudeMeters>
            <DistanceMeters>9049.38</DistanceMeters>
            <HeartRateBpm><Value>137</Value></HeartRateBpm>
            <Cadence>166</Cadence>
          </Trackpoint>
          <Trackpoint>
            <Time>2026-03-30T14:31:10.000Z</Time>
            <Position>
              <LatitudeDegrees>37.3441711</LatitudeDegrees>
              <LongitudeDegrees>-121.8787778</LongitudeDegrees>
            </Position>
            <AltitudeMeters>24.6</AltitudeMeters>
            <DistanceMeters>9061.73</DistanceMeters>
            <HeartRateBpm><Value>137</Value></HeartRateBpm>
            <Cadence>166</Cadence>
          </Trackpoint>
          <Trackpoint>
            <Time>2026-03-30T14:31:15.000Z</Time>
            <Position>
              <LatitudeDegrees>37.3440926</LatitudeDegrees>
              <LongitudeDegrees>-121.8788768</LongitudeDegrees>
            </Position>
            <AltitudeMeters>24.5</AltitudeMeters>
            <DistanceMeters>9074.07</DistanceMeters>
            <HeartRateBpm><Value>137</Value></HeartRateBpm>
            <Cadence>166</Cadence>
          </Trackpoint>
          <Trackpoint>
            <Time>2026-03-30T14:31:20.000Z</Time>
            <Position>
              <LatitudeDegrees>37.3440140</LatitudeDegrees>
              <LongitudeDegrees>-121.8789758</LongitudeDegrees>
            </Position>
            <AltitudeMeters>24.5</AltitudeMeters>
            <DistanceMeters>9086.42</DistanceMeters>
            <HeartRateBpm><Value>137</Value></HeartRateBpm>
            <Cadence>166</Cadence>
          </Trackpoint>
          <Trackpoint>
            <Time>2026-03-30T14:31:25.000Z</Time>
            <Position>
              <LatitudeDegrees>37.3439354</LatitudeDegrees>
              <LongitudeDegrees>-121.8790747</LongitudeDegrees>
            </Position>
            <AltitudeMeters>24.4</AltitudeMeters>
            <DistanceMeters>9098.77</DistanceMeters>
            <HeartRateBpm><Value>137</Value></HeartRateBpm>
            <Cadence>166</Cadence>
          </Trackpoint>
          <Trackpoint>
            <Time>2026-03-30T14:31:30.000Z</Time>
            <Position>
              <LatitudeDegrees>37.3438569</LatitudeDegrees>
              <LongitudeDegrees>-121.8791737</LongitudeDegrees>
            </Position>
            <AltitudeMeters>24.3</AltitudeMeters>
            <DistanceMeters>9111.11</DistanceMeters>
            <HeartRateBpm><Value>137</Value></HeartRateBpm>
            <Cadence>166</Cadence>
          </Trackpoint>
          <Trackpoint>
            <Time>2026-03-30T14:31:35.000Z</Time>
            <Position>
              <LatitudeDegrees>37.3437783</LatitudeDegrees>
              <LongitudeDegrees>-121.8792727</LongitudeDegrees>
            </Position>
            <AltitudeMeters>24.2</AltitudeMeters>
            <DistanceMeters>9123.46</DistanceMeters>
            <HeartRateBpm><Value>137</Value></HeartRateBpm>
            <Cadence>166</Cadence>
          </Trackpoint>
          <Trackpoint>
            <Time>2026-03-30T14:31:40.000Z</Time>
            <Position>
              <LatitudeDegrees>37.3436997</LatitudeDegrees>
              <LongitudeDegrees>-121.8793717</LongitudeDegrees>
            </Position>
            <AltitudeMeters>24.2</AltitudeMeters>
            <DistanceMeters>9135.80</DistanceMeters>
            <HeartRateBpm><Value>137</Value></HeartRateBpm>
            <Cadence>166</Cadence>
          </Trackpoint>
          <Trackpoint>
            <Time>2026-03-30T14:31:45.000Z</Time>
            <Position>
              <LatitudeDegrees>37.3436212</LatitudeDegrees>
              <LongitudeDegrees>-121.8794706</LongitudeDegrees>
            </Position>
            <AltitudeMeters>24.1</AltitudeMeters>
            <DistanceMeters>9148.15</DistanceMeters>
            <HeartRateBpm><Value>137</Value></HeartRateBpm>
            <Cadence>166</Cadence>
          </Trackpoint>
          <Trackpoint>
            <Time>2026-03-30T14:31:50.000Z</Time>
            <Position>
              <LatitudeDegrees>37.3435426</LatitudeDegrees>
              <LongitudeDegrees>-121.8795696</LongitudeDegrees>
            </Position>
            <AltitudeMeters>24</AltitudeMeters>
            <DistanceMeters>9160.49</DistanceMeters>
            <HeartRateBpm><Value>137</Value></HeartRateBpm>
            <Cadence>166</Cadence>
          </Trackpoint>
          <Trackpoint>
            <Time>2026-03-30T14:31:55.000Z</Time>
            <Position>
              <LatitudeDegrees>37.3434640</LatitudeDegrees>
              <LongitudeDegrees>-121.8796686</LongitudeDegrees>
            </Position>
            <AltitudeMeters>24</AltitudeMeters>
            <DistanceMeters>9172.84</DistanceMeters>
            <HeartRateBpm><Value>137</Value></HeartRateBpm>
            <Cadence>166</Cadence>
          </Trackpoint>
          <Trackpoint>
            <Time>2026-03-30T14:32:00.000Z</Time>
            <Position>
              <LatitudeDegrees>37.3433855</LatitudeDegrees>
              <LongitudeDegrees>-121.8797676</LongitudeDegrees>
            </Position>
            <AltitudeMeters>23.9</AltitudeMeters>
            <DistanceMeters>9185.19</DistanceMeters>
            <HeartRateBpm><Value>137</Value></HeartRateBpm>
            <Cadence>166</Cadence>
          </Trackpoint>
          <Trackpoint>
            <Time>2026-03-30T14:32:05.000Z</Time>
            <Position>
              <LatitudeDegrees>37.3433069</LatitudeDegrees>
              <LongitudeDegrees>-121.8798665</LongitudeDegrees>
            </Position>
            <AltitudeMeters>23.8</AltitudeMeters>
            <DistanceMeters>9197.53</DistanceMeters>
            <HeartRateBpm><Value>137</Value></HeartRateBpm>
            <Cadence>166</Cadence>
          </Trackpoint>
          <Trackpoint>
            <Time>2026-03-30T14:32:10.000Z</Time>
            <Position>
              <LatitudeDegrees>37.3432283</LatitudeDegrees>
              <LongitudeDegrees>-121.8799655</LongitudeDegrees>
            </Position>
            <AltitudeMeters>23.8</AltitudeMeters>
            <DistanceMeters>9209.88</DistanceMeters>
            <HeartRateBpm><Value>137</Value></HeartRateBpm>
            <Cadence>166</Cadence>
          </Trackpoint>
          <Trackpoint>
            <Time>2026-03-30T14:32:15.000Z</Time>
            <Position>
              <LatitudeDegrees>37.3431498</LatitudeDegrees>
              <LongitudeDegrees>-121.8800645</LongitudeDegrees>
            </Position>
            <AltitudeMeters>23.7</AltitudeMeters>
            <DistanceMeters>9222.22</DistanceMeters>
            <HeartRateBpm><Value>137</Value></HeartRateBpm>
            <Cadence>166</Cadence>
          </Trackpoint>
          <Trackpoint>
            <Time>2026-03-30T14:32:20.000Z</Time>
            <Position>
              <LatitudeDegrees>37.3430712</LatitudeDegrees>
              <LongitudeDegrees>-121.8801635</LongitudeDegrees>
            </Position>
            <AltitudeMeters>23.7</AltitudeMeters>
            <DistanceMeters>9234.57</DistanceMeters>
            <HeartRateBpm><Value>137</Value></HeartRateBpm>
            <Cadence>166</Cadence>
          </Trackpoint>
          <Trackpoint>
            <Time>2026-03-30T14:32:25.000Z</Time>
            <Position>
              <LatitudeDegrees>37.3429926</LatitudeDegrees>
              <LongitudeDegrees>-121.8802624</LongitudeDegrees>
            </Position>
            <AltitudeMeters>23.6</AltitudeMeters>
            <DistanceMeters>9246.91</DistanceMeters>
            <HeartRateBpm><Value>137</Value></HeartRateBpm>
            <Cadence>166</Cadence>
          </Trackpoint>
          <Trackpoint>
            <Time>2026-03-30T14:32:30.000Z</Time>
            <Position>
              <LatitudeDegrees>37.3429140</LatitudeDegrees>
              <LongitudeDegrees>-121.8803614</LongitudeDegrees>
            </Position>
            <AltitudeMeters>23.5</AltitudeMeters>
            <DistanceMeters>9259.26</DistanceMeters>
            <HeartRateBpm><Value>137</Value></HeartRateBpm>
            <Cadence>166</Cadence>
          </Trackpoint>
          <Trackpoint>
            <Time>2026-03-30T14:32:35.000Z</Time>
            <Position>
              <LatitudeDegrees>37.3428355</LatitudeDegrees>
              <LongitudeDegrees>-121.8804604</LongitudeDegrees>
            </Position>
            <AltitudeMeters>23.5</AltitudeMeters>
            <DistanceMeters>9271.60</DistanceMeters>
            <HeartRateBpm><Value>137</Value></HeartRateBpm>
            <Cadence>166</Cadence>
          </Trackpoint>
          <Trackpoint>
            <Time>2026-03-30T14:32:40.000Z</Time>
            <Position>
              <LatitudeDegrees>37.3427569</LatitudeDegrees>
              <LongitudeDegrees>-121.8805594</LongitudeDegrees>
            </Position>
            <AltitudeMeters>23.4</AltitudeMeters>
            <DistanceMeters>9283.95</DistanceMeters>
            <HeartRateBpm><Value>137</Value></HeartRateBpm>
            <Cadence>166</Cadence>
          </Trackpoint>
          <Trackpoint>
            <Time>2026-03-30T14:32:45.000Z</Time>
            <Position>
              <LatitudeDegrees>37.3426783</LatitudeDegrees>
              <LongitudeDegrees>-121.8806583</LongitudeDegrees>
            </Position>
            <AltitudeMeters>23.4</AltitudeMeters>
            <DistanceMeters>9296.30</DistanceMeters>
            <HeartRateBpm><Value>137</Value></HeartRateBpm>
            <Cadence>166</Cadence>
          </Trackpoint>
          <Trackpoint>
            <Time>2026-03-30T14:32:50.000Z</Time>
            <Position>
              <LatitudeDegrees>37.3425998</LatitudeDegrees>
              <LongitudeDegrees>-121.8807573</LongitudeDegrees>
            </Position>
            <AltitudeMeters>23.4</AltitudeMeters>
            <DistanceMeters>9308.64</DistanceMeters>
            <HeartRateBpm><Value>137</Value></HeartRateBpm>
            <Cadence>166</Cadence>
          </Trackpoint>
          <Trackpoint>
            <Time>2026-03-30T14:32:55.000Z</Time>
            <Position>
              <LatitudeDegrees>37.3425212</LatitudeDegrees>
              <LongitudeDegrees>-121.8808563</LongitudeDegrees>
            </Position>
            <AltitudeMeters>23.3</AltitudeMeters>
            <DistanceMeters>9320.99</DistanceMeters>
            <HeartRateBpm><Value>137</Value></HeartRateBpm>
            <Cadence>166</Cadence>
          </Trackpoint>
          <Trackpoint>
            <Time>2026-03-30T14:33:00.000Z</Time>
            <Position>
              <LatitudeDegrees>37.3424426</LatitudeDegrees>
              <LongitudeDegrees>-121.8809553</LongitudeDegrees>
            </Position>
            <AltitudeMeters>23.3</AltitudeMeters>
            <DistanceMeters>9333.33</DistanceMeters>
            <HeartRateBpm><Value>137</Value></HeartRateBpm>
            <Cadence>166</Cadence>
          </Trackpoint>
          <Trackpoint>
            <Time>2026-03-30T14:33:05.000Z</Time>
            <Position>
              <LatitudeDegrees>37.3423641</LatitudeDegrees>
              <LongitudeDegrees>-121.8810543</LongitudeDegrees>
            </Position>
            <AltitudeMeters>23.2</AltitudeMeters>
            <DistanceMeters>9345.68</DistanceMeters>
            <HeartRateBpm><Value>137</Value></HeartRateBpm>
            <Cadence>166</Cadence>
          </Trackpoint>
          <Trackpoint>
            <Time>2026-03-30T14:33:10.000Z</Time>
            <Position>
              <LatitudeDegrees>37.3422855</LatitudeDegrees>
              <LongitudeDegrees>-121.8811532</LongitudeDegrees>
            </Position>
            <AltitudeMeters>23.2</AltitudeMeters>
            <DistanceMeters>9358.02</DistanceMeters>
            <HeartRateBpm><Value>137</Value></HeartRateBpm>
            <Cadence>166</Cadence>
          </Trackpoint>
          <Trackpoint>
            <Time>2026-03-30T14:33:15.000Z</Time>
            <Position>
              <LatitudeDegrees>37.3422069</LatitudeDegrees>
              <LongitudeDegrees>-121.8812522</LongitudeDegrees>
            </Position>
            <AltitudeMeters>23.2</AltitudeMeters>
            <DistanceMeters>9370.37</DistanceMeters>
            <HeartRateBpm><Value>137</Value></HeartRateBpm>
            <Cadence>166</Cadence>
          </Trackpoint>
          <Trackpoint>
            <Time>2026-03-30T14:33:20.000Z</Time>
            <Position>
              <LatitudeDegrees>37.3421284</LatitudeDegrees>
              <LongitudeDegrees>-121.8813512</LongitudeDegrees>
            </Position>
            <AltitudeMeters>23.1</AltitudeMeters>
            <DistanceMeters>9382.72</DistanceMeters>
            <HeartRateBpm><Value>137</Value></HeartRateBpm>
            <Cadence>166</Cadence>
          </Trackpoint>
          <Trackpoint>
            <Time>2026-03-30T14:33:25.000Z</Time>
            <Position>
              <LatitudeDegrees>37.3420498</LatitudeDegrees>
              <LongitudeDegrees>-121.8814502</LongitudeDegrees>
            </Position>
            <AltitudeMeters>23.1</AltitudeMeters>
            <DistanceMeters>9395.06</DistanceMeters>
            <HeartRateBpm><Value>137</Value></HeartRateBpm>
            <Cadence>166</Cadence>
          </Trackpoint>
          <Trackpoint>
            <Time>2026-03-30T14:33:30.000Z</Time>
            <Position>
              <LatitudeDegrees>37.3419712</LatitudeDegrees>
              <LongitudeDegrees>-121.8815491</LongitudeDegrees>
            </Position>
            <AltitudeMeters>23.1</AltitudeMeters>
            <DistanceMeters>9407.41</DistanceMeters>
            <HeartRateBpm><Value>137</Value></HeartRateBpm>
            <Cadence>166</Cadence>
          </Trackpoint>
          <Trackpoint>
            <Time>2026-03-30T14:33:35.000Z</Time>
            <Position>
              <LatitudeDegrees>37.3418927</LatitudeDegrees>
              <LongitudeDegrees>-121.8816481</LongitudeDegrees>
            </Position>
            <AltitudeMeters>23.1</AltitudeMeters>
            <DistanceMeters>9419.75</DistanceMeters>
            <HeartRateBpm><Value>137</Value></HeartRateBpm>
            <Cadence>166</Cadence>
          </Trackpoint>
          <Trackpoint>
            <Time>2026-03-30T14:33:40.000Z</Time>
            <Position>
              <LatitudeDegrees>37.3418141</LatitudeDegrees>
              <LongitudeDegrees>-121.8817471</LongitudeDegrees>
            </Position>
            <AltitudeMeters>23</AltitudeMeters>
            <DistanceMeters>9432.10</DistanceMeters>
            <HeartRateBpm><Value>137</Value></HeartRateBpm>
            <Cadence>166</Cadence>
          </Trackpoint>
          <Trackpoint>
            <Time>2026-03-30T14:33:45.000Z</Time>
            <Position>
              <LatitudeDegrees>37.3417355</LatitudeDegrees>
              <LongitudeDegrees>-121.8818461</LongitudeDegrees>
            </Position>
            <AltitudeMeters>23</AltitudeMeters>
            <DistanceMeters>9444.44</DistanceMeters>
            <HeartRateBpm><Value>137</Value></HeartRateBpm>
            <Cadence>166</Cadence>
          </Trackpoint>
          <Trackpoint>
            <Time>2026-03-30T14:33:50.000Z</Time>
            <Position>
              <LatitudeDegrees>37.3416570</LatitudeDegrees>
              <LongitudeDegrees>-121.8819450</LongitudeDegrees>
            </Position>
            <AltitudeMeters>23</AltitudeMeters>
            <DistanceMeters>9456.79</DistanceMeters>
            <HeartRateBpm><Value>137</Value></HeartRateBpm>
            <Cadence>166</Cadence>
          </Trackpoint>
          <Trackpoint>
            <Time>2026-03-30T14:33:55.000Z</Time>
            <Position>
              <LatitudeDegrees>37.3415784</LatitudeDegrees>
              <LongitudeDegrees>-121.8820440</LongitudeDegrees>
            </Position>
            <AltitudeMeters>23</AltitudeMeters>
            <DistanceMeters>9469.14</DistanceMeters>
            <HeartRateBpm><Value>137</Value></HeartRateBpm>
            <Cadence>166</Cadence>
          </Trackpoint>
          <Trackpoint>
            <Time>2026-03-30T14:34:00.000Z</Time>
            <Position>
              <LatitudeDegrees>37.3414998</LatitudeDegrees>
              <LongitudeDegrees>-121.8821430</LongitudeDegrees>
            </Position>
            <AltitudeMeters>23</AltitudeMeters>
            <DistanceMeters>9481.48</DistanceMeters>
            <HeartRateBpm><Value>137</Value></HeartRateBpm>
            <Cadence>166</Cadence>
          </Trackpoint>
          <Trackpoint>
            <Time>2026-03-30T14:34:05.000Z</Time>
            <Position>
              <LatitudeDegrees>37.3414213</LatitudeDegrees>
              <LongitudeDegrees>-121.8822420</LongitudeDegrees>
            </Position>
            <AltitudeMeters>23</AltitudeMeters>
            <DistanceMeters>9493.83</DistanceMeters>
            <HeartRateBpm><Value>137</Value></HeartRateBpm>
            <Cadence>166</Cadence>
          </Trackpoint>
          <Trackpoint>
            <Time>2026-03-30T14:34:10.000Z</Time>
            <Position>
              <LatitudeDegrees>37.3413427</LatitudeDegrees>
              <LongitudeDegrees>-121.8823409</LongitudeDegrees>
            </Position>
            <AltitudeMeters>23</AltitudeMeters>
            <DistanceMeters>9506.17</DistanceMeters>
            <HeartRateBpm><Value>137</Value></HeartRateBpm>
            <Cadence>166</Cadence>
          </Trackpoint>
          <Trackpoint>
            <Time>2026-03-30T14:34:15.000Z</Time>
            <Position>
              <LatitudeDegrees>37.3412641</LatitudeDegrees>
              <LongitudeDegrees>-121.8824399</LongitudeDegrees>
            </Position>
            <AltitudeMeters>23</AltitudeMeters>
            <DistanceMeters>9518.52</DistanceMeters>
            <HeartRateBpm><Value>137</Value></HeartRateBpm>
            <Cadence>166</Cadence>
          </Trackpoint>
          <Trackpoint>
            <Time>2026-03-30T14:34:20.000Z</Time>
            <Position>
              <LatitudeDegrees>37.3411856</LatitudeDegrees>
              <LongitudeDegrees>-121.8825389</LongitudeDegrees>
            </Position>
            <AltitudeMeters>23</AltitudeMeters>
            <DistanceMeters>9530.86</DistanceMeters>
            <HeartRateBpm><Value>137</Value></HeartRateBpm>
            <Cadence>166</Cadence>
          </Trackpoint>
          <Trackpoint>
            <Time>2026-03-30T14:34:25.000Z</Time>
            <Position>
              <LatitudeDegrees>37.3411070</LatitudeDegrees>
              <LongitudeDegrees>-121.8826379</LongitudeDegrees>
            </Position>
            <AltitudeMeters>23</AltitudeMeters>
            <DistanceMeters>9543.21</DistanceMeters>
            <HeartRateBpm><Value>137</Value></HeartRateBpm>
            <Cadence>166</Cadence>
          </Trackpoint>
          <Trackpoint>
            <Time>2026-03-30T14:34:30.000Z</Time>
            <Position>
              <LatitudeDegrees>37.3410284</LatitudeDegrees>
              <LongitudeDegrees>-121.8827369</LongitudeDegrees>
            </Position>
            <AltitudeMeters>23</AltitudeMeters>
            <DistanceMeters>9555.56</DistanceMeters>
            <HeartRateBpm><Value>137</Value></HeartRateBpm>
            <Cadence>166</Cadence>
          </Trackpoint>
          <Trackpoint>
            <Time>2026-03-30T14:34:35.000Z</Time>
            <Position>
              <LatitudeDegrees>37.3409499</LatitudeDegrees>
              <LongitudeDegrees>-121.8828358</LongitudeDegrees>
            </Position>
            <AltitudeMeters>23</AltitudeMeters>
            <DistanceMeters>9567.90</DistanceMeters>
            <HeartRateBpm><Value>137</Value></HeartRateBpm>
            <Cadence>166</Cadence>
          </Trackpoint>
          <Trackpoint>
            <Time>2026-03-30T14:34:40.000Z</Time>
            <Position>
              <LatitudeDegrees>37.3408713</LatitudeDegrees>
              <LongitudeDegrees>-121.8829348</LongitudeDegrees>
            </Position>
            <AltitudeMeters>23.1</AltitudeMeters>
            <DistanceMeters>9580.25</DistanceMeters>
            <HeartRateBpm><Value>137</Value></HeartRateBpm>
            <Cadence>166</Cadence>
          </Trackpoint>
          <Trackpoint>
            <Time>2026-03-30T14:34:45.000Z</Time>
            <Position>
              <LatitudeDegrees>37.3407927</LatitudeDegrees>
              <LongitudeDegrees>-121.8830338</LongitudeDegrees>
            </Position>
            <AltitudeMeters>23.1</AltitudeMeters>
            <DistanceMeters>9592.59</DistanceMeters>
            <HeartRateBpm><Value>137</Value></HeartRateBpm>
            <Cadence>166</Cadence>
          </Trackpoint>
          <Trackpoint>
            <Time>2026-03-30T14:34:50.000Z</Time>
            <Position>
              <LatitudeDegrees>37.3407142</LatitudeDegrees>
              <LongitudeDegrees>-121.8831328</LongitudeDegrees>
            </Position>
            <AltitudeMeters>23.1</AltitudeMeters>
            <DistanceMeters>9604.94</DistanceMeters>
            <HeartRateBpm><Value>137</Value></HeartRateBpm>
            <Cadence>166</Cadence>
          </Trackpoint>
          <Trackpoint>
            <Time>2026-03-30T14:34:55.000Z</Time>
            <Position>
              <LatitudeDegrees>37.3406356</LatitudeDegrees>
              <LongitudeDegrees>-121.8832317</LongitudeDegrees>
            </Position>
            <AltitudeMeters>23.1</AltitudeMeters>
            <DistanceMeters>9617.28</DistanceMeters>
            <HeartRateBpm><Value>137</Value></HeartRateBpm>
            <Cadence>166</Cadence>
          </Trackpoint>
          <Trackpoint>
            <Time>2026-03-30T14:35:00.000Z</Time>
            <Position>
              <LatitudeDegrees>37.3405570</LatitudeDegrees>
              <LongitudeDegrees>-121.8833307</LongitudeDegrees>
            </Position>
            <AltitudeMeters>23.2</AltitudeMeters>
            <DistanceMeters>9629.63</DistanceMeters>
            <HeartRateBpm><Value>137</Value></HeartRateBpm>
            <Cadence>166</Cadence>
          </Trackpoint>
          <Trackpoint>
            <Time>2026-03-30T14:35:05.000Z</Time>
            <Position>
              <LatitudeDegrees>37.3404785</LatitudeDegrees>
              <LongitudeDegrees>-121.8834297</LongitudeDegrees>
            </Position>
            <AltitudeMeters>23.2</AltitudeMeters>
            <DistanceMeters>9641.98</DistanceMeters>
            <HeartRateBpm><Value>137</Value></HeartRateBpm>
            <Cadence>166</Cadence>
          </Trackpoint>
          <Trackpoint>
            <Time>2026-03-30T14:35:10.000Z</Time>
            <Position>
              <LatitudeDegrees>37.3403999</LatitudeDegrees>
              <LongitudeDegrees>-121.8835287</LongitudeDegrees>
            </Position>
            <AltitudeMeters>23.2</AltitudeMeters>
            <DistanceMeters>9654.32</DistanceMeters>
            <HeartRateBpm><Value>137</Value></HeartRateBpm>
            <Cadence>166</Cadence>
          </Trackpoint>
          <Trackpoint>
            <Time>2026-03-30T14:35:15.000Z</Time>
            <Position>
              <LatitudeDegrees>37.3403213</LatitudeDegrees>
              <LongitudeDegrees>-121.8836276</LongitudeDegrees>
            </Position>
            <AltitudeMeters>23.3</AltitudeMeters>
            <DistanceMeters>9666.67</DistanceMeters>
            <HeartRateBpm><Value>137</Value></HeartRateBpm>
            <Cadence>166</Cadence>
          </Trackpoint>
          <Trackpoint>
            <Time>2026-03-30T14:35:20.000Z</Time>
            <Position>
              <LatitudeDegrees>37.3402428</LatitudeDegrees>
              <LongitudeDegrees>-121.8837266</LongitudeDegrees>
            </Position>
            <AltitudeMeters>23.3</AltitudeMeters>
            <DistanceMeters>9679.01</DistanceMeters>
            <HeartRateBpm><Value>137</Value></HeartRateBpm>
            <Cadence>166</Cadence>
          </Trackpoint>
          <Trackpoint>
            <Time>2026-03-30T14:35:25.000Z</Time>
            <Position>
              <LatitudeDegrees>37.3401642</LatitudeDegrees>
              <LongitudeDegrees>-121.8838256</LongitudeDegrees>
            </Position>
            <AltitudeMeters>23.4</AltitudeMeters>
            <DistanceMeters>9691.36</DistanceMeters>
            <HeartRateBpm><Value>137</Value></HeartRateBpm>
            <Cadence>166</Cadence>
          </Trackpoint>
          <Trackpoint>
            <Time>2026-03-30T14:35:30.000Z</Time>
            <Position>
              <LatitudeDegrees>37.3400856</LatitudeDegrees>
              <LongitudeDegrees>-121.8839246</LongitudeDegrees>
            </Position>
            <AltitudeMeters>23.4</AltitudeMeters>
            <DistanceMeters>9703.70</DistanceMeters>
            <HeartRateBpm><Value>137</Value></HeartRateBpm>
            <Cadence>166</Cadence>
          </Trackpoint>
          <Trackpoint>
            <Time>2026-03-30T14:35:35.000Z</Time>
            <Position>
              <LatitudeDegrees>37.3400071</LatitudeDegrees>
              <LongitudeDegrees>-121.8840235</LongitudeDegrees>
            </Position>
            <AltitudeMeters>23.4</AltitudeMeters>
            <DistanceMeters>9716.05</DistanceMeters>
            <HeartRateBpm><Value>137</Value></HeartRateBpm>
            <Cadence>166</Cadence>
          </Trackpoint>
          <Trackpoint>
            <Time>2026-03-30T14:35:40.000Z</Time>
            <Position>
              <LatitudeDegrees>37.3399285</LatitudeDegrees>
              <LongitudeDegrees>-121.8841225</LongitudeDegrees>
            </Position>
            <AltitudeMeters>23.5</AltitudeMeters>
            <DistanceMeters>9728.40</DistanceMeters>
            <HeartRateBpm><Value>137</Value></HeartRateBpm>
            <Cadence>166</Cadence>
          </Trackpoint>
          <Trackpoint>
            <Time>2026-03-30T14:35:45.000Z</Time>
            <Position>
              <LatitudeDegrees>37.3398499</LatitudeDegrees>
              <LongitudeDegrees>-121.8842215</LongitudeDegrees>
            </Position>
            <AltitudeMeters>23.5</AltitudeMeters>
            <DistanceMeters>9740.74</DistanceMeters>
            <HeartRateBpm><Value>137</Value></HeartRateBpm>
            <Cadence>166</Cadence>
          </Trackpoint>
          <Trackpoint>
            <Time>2026-03-30T14:35:50.000Z</Time>
            <Position>
              <LatitudeDegrees>37.3397713</LatitudeDegrees>
              <LongitudeDegrees>-121.8843205</LongitudeDegrees>
            </Position>
            <AltitudeMeters>23.6</AltitudeMeters>
            <DistanceMeters>9753.09</DistanceMeters>
            <HeartRateBpm><Value>137</Value></HeartRateBpm>
            <Cadence>166</Cadence>
          </Trackpoint>
          <Trackpoint>
            <Time>2026-03-30T14:35:55.000Z</Time>
            <Position>
              <LatitudeDegrees>37.3396928</LatitudeDegrees>
              <LongitudeDegrees>-121.8844194</LongitudeDegrees>
            </Position>
            <AltitudeMeters>23.7</AltitudeMeters>
            <DistanceMeters>9765.43</DistanceMeters>
            <HeartRateBpm><Value>137</Value></HeartRateBpm>
            <Cadence>166</Cadence>
          </Trackpoint>
          <Trackpoint>
            <Time>2026-03-30T14:36:00.000Z</Time>
            <Position>
              <LatitudeDegrees>37.3396142</LatitudeDegrees>
              <LongitudeDegrees>-121.8845184</LongitudeDegrees>
            </Position>
            <AltitudeMeters>23.7</AltitudeMeters>
            <DistanceMeters>9777.78</DistanceMeters>
            <HeartRateBpm><Value>137</Value></HeartRateBpm>
            <Cadence>166</Cadence>
          </Trackpoint>
          <Trackpoint>
            <Time>2026-03-30T14:36:05.000Z</Time>
            <Position>
              <LatitudeDegrees>37.3395356</LatitudeDegrees>
              <LongitudeDegrees>-121.8846174</LongitudeDegrees>
            </Position>
            <AltitudeMeters>23.8</AltitudeMeters>
            <DistanceMeters>9790.12</DistanceMeters>
            <HeartRateBpm><Value>137</Value></HeartRateBpm>
            <Cadence>166</Cadence>
          </Trackpoint>
          <Trackpoint>
            <Time>2026-03-30T14:36:10.000Z</Time>
            <Position>
              <LatitudeDegrees>37.3394571</LatitudeDegrees>
              <LongitudeDegrees>-121.8847164</LongitudeDegrees>
            </Position>
            <AltitudeMeters>23.8</AltitudeMeters>
            <DistanceMeters>9802.47</DistanceMeters>
            <HeartRateBpm><Value>137</Value></HeartRateBpm>
            <Cadence>166</Cadence>
          </Trackpoint>
          <Trackpoint>
            <Time>2026-03-30T14:36:15.000Z</Time>
            <Position>
              <LatitudeDegrees>37.3393785</LatitudeDegrees>
              <LongitudeDegrees>-121.8848154</LongitudeDegrees>
            </Position>
            <AltitudeMeters>23.9</AltitudeMeters>
            <DistanceMeters>9814.81</DistanceMeters>
            <HeartRateBpm><Value>137</Value></HeartRateBpm>
            <Cadence>166</Cadence>
          </Trackpoint>
          <Trackpoint>
            <Time>2026-03-30T14:36:20.000Z</Time>
            <Position>
              <LatitudeDegrees>37.3392999</LatitudeDegrees>
              <LongitudeDegrees>-121.8849143</LongitudeDegrees>
            </Position>
            <AltitudeMeters>24</AltitudeMeters>
            <DistanceMeters>9827.16</DistanceMeters>
            <HeartRateBpm><Value>137</Value></HeartRateBpm>
            <Cadence>166</Cadence>
          </Trackpoint>
          <Trackpoint>
            <Time>2026-03-30T14:36:25.000Z</Time>
            <Position>
              <LatitudeDegrees>37.3392214</LatitudeDegrees>
              <LongitudeDegrees>-121.8850133</LongitudeDegrees>
            </Position>
            <AltitudeMeters>24</AltitudeMeters>
            <DistanceMeters>9839.51</DistanceMeters>
            <HeartRateBpm><Value>137</Value></HeartRateBpm>
            <Cadence>166</Cadence>
          </Trackpoint>
          <Trackpoint>
            <Time>2026-03-30T14:36:30.000Z</Time>
            <Position>
              <LatitudeDegrees>37.3391428</LatitudeDegrees>
              <LongitudeDegrees>-121.8851123</LongitudeDegrees>
            </Position>
            <AltitudeMeters>24.1</AltitudeMeters>
            <DistanceMeters>9851.85</DistanceMeters>
            <HeartRateBpm><Value>137</Value></HeartRateBpm>
            <Cadence>166</Cadence>
          </Trackpoint>
          <Trackpoint>
            <Time>2026-03-30T14:36:35.000Z</Time>
            <Position>
              <LatitudeDegrees>37.3390642</LatitudeDegrees>
              <LongitudeDegrees>-121.8852113</LongitudeDegrees>
            </Position>
            <AltitudeMeters>24.2</AltitudeMeters>
            <DistanceMeters>9864.20</DistanceMeters>
            <HeartRateBpm><Value>137</Value></HeartRateBpm>
            <Cadence>166</Cadence>
          </Trackpoint>
          <Trackpoint>
            <Time>2026-03-30T14:36:40.000Z</Time>
            <Position>
              <LatitudeDegrees>37.3389857</LatitudeDegrees>
              <LongitudeDegrees>-121.8853102</LongitudeDegrees>
            </Position>
            <AltitudeMeters>24.2</AltitudeMeters>
            <DistanceMeters>9876.54</DistanceMeters>
            <HeartRateBpm><Value>137</Value></HeartRateBpm>
            <Cadence>166</Cadence>
          </Trackpoint>
          <Trackpoint>
            <Time>2026-03-30T14:36:45.000Z</Time>
            <Position>
              <LatitudeDegrees>37.3389071</LatitudeDegrees>
              <LongitudeDegrees>-121.8854092</LongitudeDegrees>
            </Position>
            <AltitudeMeters>24.3</AltitudeMeters>
            <DistanceMeters>9888.89</DistanceMeters>
            <HeartRateBpm><Value>137</Value></HeartRateBpm>
            <Cadence>166</Cadence>
          </Trackpoint>
          <Trackpoint>
            <Time>2026-03-30T14:36:50.000Z</Time>
            <Position>
              <LatitudeDegrees>37.3388285</LatitudeDegrees>
              <LongitudeDegrees>-121.8855082</LongitudeDegrees>
            </Position>
            <AltitudeMeters>24.4</AltitudeMeters>
            <DistanceMeters>9901.23</DistanceMeters>
            <HeartRateBpm><Value>137</Value></HeartRateBpm>
            <Cadence>166</Cadence>
          </Trackpoint>
          <Trackpoint>
            <Time>2026-03-30T14:36:55.000Z</Time>
            <Position>
              <LatitudeDegrees>37.3387500</LatitudeDegrees>
              <LongitudeDegrees>-121.8856072</LongitudeDegrees>
            </Position>
            <AltitudeMeters>24.5</AltitudeMeters>
            <DistanceMeters>9913.58</DistanceMeters>
            <HeartRateBpm><Value>137</Value></HeartRateBpm>
            <Cadence>166</Cadence>
          </Trackpoint>
          <Trackpoint>
            <Time>2026-03-30T14:37:00.000Z</Time>
            <Position>
              <LatitudeDegrees>37.3386714</LatitudeDegrees>
              <LongitudeDegrees>-121.8857061</LongitudeDegrees>
            </Position>
            <AltitudeMeters>24.5</AltitudeMeters>
            <DistanceMeters>9925.93</DistanceMeters>
            <HeartRateBpm><Value>137</Value></HeartRateBpm>
            <Cadence>166</Cadence>
          </Trackpoint>
          <Trackpoint>
            <Time>2026-03-30T14:37:05.000Z</Time>
            <Position>
              <LatitudeDegrees>37.3385928</LatitudeDegrees>
              <LongitudeDegrees>-121.8858051</LongitudeDegrees>
            </Position>
            <AltitudeMeters>24.6</AltitudeMeters>
            <DistanceMeters>9938.27</DistanceMeters>
            <HeartRateBpm><Value>137</Value></HeartRateBpm>
            <Cadence>166</Cadence>
          </Trackpoint>
          <Trackpoint>
            <Time>2026-03-30T14:37:10.000Z</Time>
            <Position>
              <LatitudeDegrees>37.3385143</LatitudeDegrees>
              <LongitudeDegrees>-121.8859041</LongitudeDegrees>
            </Position>
            <AltitudeMeters>24.7</AltitudeMeters>
            <DistanceMeters>9950.62</DistanceMeters>
            <HeartRateBpm><Value>137</Value></HeartRateBpm>
            <Cadence>166</Cadence>
          </Trackpoint>
          <Trackpoint>
            <Time>2026-03-30T14:37:15.000Z</Time>
            <Position>
              <LatitudeDegrees>37.3384357</LatitudeDegrees>
              <LongitudeDegrees>-121.8860031</LongitudeDegrees>
            </Position>
            <AltitudeMeters>24.8</AltitudeMeters>
            <DistanceMeters>9962.96</DistanceMeters>
            <HeartRateBpm><Value>137</Value></HeartRateBpm>
            <Cadence>166</Cadence>
          </Trackpoint>
          <Trackpoint>
            <Time>2026-03-30T14:37:20.000Z</Time>
            <Position>
              <LatitudeDegrees>37.3383571</LatitudeDegrees>
              <LongitudeDegrees>-121.8861020</LongitudeDegrees>
            </Position>
            <AltitudeMeters>24.8</AltitudeMeters>
            <DistanceMeters>9975.31</DistanceMeters>
            <HeartRateBpm><Value>137</Value></HeartRateBpm>
            <Cadence>166</Cadence>
          </Trackpoint>
          <Trackpoint>
            <Time>2026-03-30T14:37:25.000Z</Time>
            <Position>
              <LatitudeDegrees>37.3382786</LatitudeDegrees>
              <LongitudeDegrees>-121.8862010</LongitudeDegrees>
            </Position>
            <AltitudeMeters>24.9</AltitudeMeters>
            <DistanceMeters>9987.65</DistanceMeters>
            <HeartRateBpm><Value>137</Value></HeartRateBpm>
            <Cadence>166</Cadence>
          </Trackpoint>
          <Trackpoint>
            <Time>2026-03-30T14:37:30.000Z</Time>
            <Position>
              <LatitudeDegrees>37.3382000</LatitudeDegrees>
              <LongitudeDegrees>-121.8863000</LongitudeDegrees>
            </Position>
            <AltitudeMeters>25</AltitudeMeters>
            <DistanceMeters>10000.00</DistanceMeters>
            <HeartRateBpm><Value>137</Value></HeartRateBpm>
            <Cadence>166</Cadence>
          </Trackpoint>
        </Track>
      </Lap>
    </Activity>
  </Activities>
</TrainingCenterDatabase>