<?xml version="1.0" encoding="UTF-8"?>
<TrainingCenterDatabase
  xmlns="http://www.garmin.com/xmlschemas/TrainingCenterDatabase/v2"
  xmlns:xsi="http://www.w3.org/2001/XMLSchema-instance"
  xsi:schemaLocation="http://www.garmin.com/xmlschemas/TrainingCenterDatabase/v2 https://www.garmin.com/xmlschemas/TrainingCenterDatabasev2.xsd">
  <Activities>
    <Activity Sport="Running">
      <Id>2026-04-11T13:30:00.000Z</Id>
      <Lap StartTime="2026-04-11T13:30:00.000Z">
        <TotalTimeSeconds>2659</TotalTimeSeconds>
        <DistanceMeters>6500</DistanceMeters>
        <AverageHeartRateBpm><Value>140</Value></AverageHeartRateBpm>
        <MaximumHeartRateBpm><Value>147</Value></MaximumHeartRateBpm>
        <Intensity>Active</Intensity>
        <TriggerMethod>Manual</TriggerMethod>
        <Track>
          <Trackpoint>
            <Time>2026-04-11T13:30:00.000Z</Time>
            <Position>
              <LatitudeDegrees>37.3382000</LatitudeDegrees>
              <LongitudeDegrees>-121.8863000</LongitudeDegrees>
            </Position>
            <AltitudeMeters>25</AltitudeMeters>
            <DistanceMeters>0.00</DistanceMeters>
            <HeartRateBpm><Value>132</Value></HeartRateBpm>
            <Cadence>168</Cadence>
          </Trackpoint>
          <Trackpoint>
            <Time>2026-04-11T13:30:05.000Z</Time>
            <Position>
              <LatitudeDegrees>37.3382778</LatitudeDegrees>
              <LongitudeDegrees>-121.8862020</LongitudeDegrees>
            </Position>
            <AltitudeMeters>25.1</AltitudeMeters>
            <DistanceMeters>12.22</DistanceMeters>
            <HeartRateBpm><Value>132</Value></HeartRateBpm>
            <Cadence>168</Cadence>
          </Trackpoint>
          <Trackpoint>
            <Time>2026-04-11T13:30:10.000Z</Time>
            <Position>
              <LatitudeDegrees>37.3383556</LatitudeDegrees>
              <LongitudeDegrees>-121.8861040</LongitudeDegrees>
            </Position>
            <AltitudeMeters>25.2</AltitudeMeters>
            <DistanceMeters>24.45</DistanceMeters>
            <HeartRateBpm><Value>132</Value></HeartRateBpm>
            <Cadence>168</Cadence>
          </Trackpoint>
          <Trackpoint>
            <Time>2026-04-11T13:30:15.000Z</Time>
            <Position>
              <LatitudeDegrees>37.3384334</LatitudeDegrees>
              <LongitudeDegrees>-121.8860060</LongitudeDegrees>
            </Position>
            <AltitudeMeters>25.2</AltitudeMeters>
            <DistanceMeters>36.67</DistanceMeters>
            <HeartRateBpm><Value>132</Value></HeartRateBpm>
            <Cadence>168</Cadence>
          </Trackpoint>
          <Trackpoint>
            <Time>2026-04-11T13:30:20.000Z</Time>
            <Position>
              <LatitudeDegrees>37.3385111</LatitudeDegrees>
              <LongitudeDegrees>-121.8859080</LongitudeDegrees>
            </Position>
            <AltitudeMeters>25.3</AltitudeMeters>
            <DistanceMeters>48.89</DistanceMeters>
            <HeartRateBpm><Value>132</Value></HeartRateBpm>
            <Cadence>168</Cadence>
          </Trackpoint>
          <Trackpoint>
            <Time>2026-04-11T13:30:25.000Z</Time>
            <Position>
              <LatitudeDegrees>37.3385889</LatitudeDegrees>
              <LongitudeDegrees>-121.8858101</LongitudeDegrees>
            </Position>
            <AltitudeMeters>25.4</AltitudeMeters>
            <DistanceMeters>61.11</DistanceMeters>
            <HeartRateBpm><Value>133</Value></HeartRateBpm>
            <Cadence>168</Cadence>
          </Trackpoint>
          <Trackpoint>
            <Time>2026-04-11T13:30:30.000Z</Time>
            <Position>
              <LatitudeDegrees>37.3386667</LatitudeDegrees>
              <LongitudeDegrees>-121.8857121</LongitudeDegrees>
            </Position>
            <AltitudeMeters>25.5</AltitudeMeters>
            <DistanceMeters>73.34</DistanceMeters>
            <HeartRateBpm><Value>133</Value></HeartRateBpm>
            <Cadence>168</Cadence>
          </Trackpoint>
          <Trackpoint>
            <Time>2026-04-11T13:30:35.000Z</Time>
            <Position>
              <LatitudeDegrees>37.3387445</LatitudeDegrees>
              <LongitudeDegrees>-121.8856141</LongitudeDegrees>
            </Position>
            <AltitudeMeters>25.5</AltitudeMeters>
            <DistanceMeters>85.56</DistanceMeters>
            <HeartRateBpm><Value>133</Value></HeartRateBpm>
            <Cadence>168</Cadence>
          </Trackpoint>
          <Trackpoint>
            <Time>2026-04-11T13:30:40.000Z</Time>
            <Position>
              <LatitudeDegrees>37.3388223</LatitudeDegrees>
              <LongitudeDegrees>-121.8855161</LongitudeDegrees>
            </Position>
            <AltitudeMeters>25.6</AltitudeMeters>
            <DistanceMeters>97.78</DistanceMeters>
            <HeartRateBpm><Value>133</Value></HeartRateBpm>
            <Cadence>168</Cadence>
          </Trackpoint>
          <Trackpoint>
            <Time>2026-04-11T13:30:45.000Z</Time>
            <Position>
              <LatitudeDegrees>37.3389001</LatitudeDegrees>
              <LongitudeDegrees>-121.8854181</LongitudeDegrees>
            </Position>
            <AltitudeMeters>25.7</AltitudeMeters>
            <DistanceMeters>110.00</DistanceMeters>
            <HeartRateBpm><Value>133</Value></HeartRateBpm>
            <Cadence>168</Cadence>
          </Trackpoint>
          <Trackpoint>
            <Time>2026-04-11T13:30:50.000Z</Time>
            <Position>
              <LatitudeDegrees>37.3389778</LatitudeDegrees>
              <LongitudeDegrees>-121.8853201</LongitudeDegrees>
            </Position>
            <AltitudeMeters>25.7</AltitudeMeters>
            <DistanceMeters>122.23</DistanceMeters>
            <HeartRateBpm><Value>133</Value></HeartRateBpm>
            <Cadence>168</Cadence>
          </Trackpoint>
          <Trackpoint>
            <Time>2026-04-11T13:30:55.000Z</Time>
            <Position>
              <LatitudeDegrees>37.3390556</LatitudeDegrees>
              <LongitudeDegrees>-121.8852221</LongitudeDegrees>
            </Position>
            <AltitudeMeters>25.8</AltitudeMeters>
            <DistanceMeters>134.45</DistanceMeters>
            <HeartRateBpm><Value>133</Value></HeartRateBpm>
            <Cadence>168</Cadence>
          </Trackpoint>
          <Trackpoint>
            <Time>2026-04-11T13:31:00.000Z</Time>
            <Position>
              <LatitudeDegrees>37.3391334</LatitudeDegrees>
              <LongitudeDegrees>-121.8851241</LongitudeDegrees>
            </Position>
            <AltitudeMeters>25.9</AltitudeMeters>
            <DistanceMeters>146.67</DistanceMeters>
            <HeartRateBpm><Value>133</Value></HeartRateBpm>
            <Cadence>168</Cadence>
          </Trackpoint>
          <Trackpoint>
            <Time>2026-04-11T13:31:05.000Z</Time>
            <Position>
              <LatitudeDegrees>37.3392112</LatitudeDegrees>
              <LongitudeDegrees>-121.8850261</LongitudeDegrees>
            </Position>
            <AltitudeMeters>26</AltitudeMeters>
            <DistanceMeters>158.89</DistanceMeters>
            <HeartRateBpm><Value>133</Value></HeartRateBpm>
            <Cadence>168</Cadence>
          </Trackpoint>
          <Trackpoint>
            <Time>2026-04-11T13:31:10.000Z</Time>
            <Position>
              <LatitudeDegrees>37.3392890</LatitudeDegrees>
              <LongitudeDegrees>-121.8849281</LongitudeDegrees>
            </Position>
            <AltitudeMeters>26</AltitudeMeters>
            <DistanceMeters>171.12</DistanceMeters>
            <HeartRateBpm><Value>133</Value></HeartRateBpm>
            <Cadence>168</Cadence>
          </Trackpoint>
          <Trackpoint>
            <Time>2026-04-11T13:31:15.000Z</Time>
            <Position>
              <LatitudeDegrees>37.3393668</LatitudeDegrees>
              <LongitudeDegrees>-121.8848302</LongitudeDegrees>
            </Position>
            <AltitudeMeters>26.1</AltitudeMeters>
            <DistanceMeters>183.34</DistanceMeters>
            <HeartRateBpm><Value>134</Value></HeartRateBpm>
            <Cadence>168</Cadence>
          </Trackpoint>
          <Trackpoint>
            <Time>2026-04-11T13:31:20.000Z</Time>
            <Position>
              <LatitudeDegrees>37.3394446</LatitudeDegrees>
              <LongitudeDegrees>-121.8847322</LongitudeDegrees>
            </Position>
            <AltitudeMeters>26.2</AltitudeMeters>
            <DistanceMeters>195.56</DistanceMeters>
            <HeartRateBpm><Value>134</Value></HeartRateBpm>
            <Cadence>168</Cadence>
          </Trackpoint>
          <Trackpoint>
            <Time>2026-04-11T13:31:25.000Z</Time>
            <Position>
              <LatitudeDegrees>37.3395223</LatitudeDegrees>
              <LongitudeDegrees>-121.8846342</LongitudeDegrees>
            </Position>
            <AltitudeMeters>26.2</AltitudeMeters>
            <DistanceMeters>207.78</DistanceMeters>
            <HeartRateBpm><Value>134</Value></HeartRateBpm>
            <Cadence>168</Cadence>
          </Trackpoint>
          <Trackpoint>
            <Time>2026-04-11T13:31:30.000Z</Time>
            <Position>
              <LatitudeDegrees>37.3396001</LatitudeDegrees>
              <LongitudeDegrees>-121.8845362</LongitudeDegrees>
            </Position>
            <AltitudeMeters>26.3</AltitudeMeters>
            <DistanceMeters>220.01</DistanceMeters>
            <HeartRateBpm><Value>134</Value></HeartRateBpm>
            <Cadence>168</Cadence>
          </Trackpoint>
          <Trackpoint>
            <Time>2026-04-11T13:31:35.000Z</Time>
            <Position>
              <LatitudeDegrees>37.3396779</LatitudeDegrees>
              <LongitudeDegrees>-121.8844382</LongitudeDegrees>
            </Position>
            <AltitudeMeters>26.3</AltitudeMeters>
            <DistanceMeters>232.23</DistanceMeters>
            <HeartRateBpm><Value>134</Value></HeartRateBpm>
            <Cadence>168</Cadence>
          </Trackpoint>
          <Trackpoint>
            <Time>2026-04-11T13:31:40.000Z</Time>
            <Position>
              <LatitudeDegrees>37.3397557</LatitudeDegrees>
              <LongitudeDegrees>-121.8843402</LongitudeDegrees>
            </Position>
            <AltitudeMeters>26.4</AltitudeMeters>
            <DistanceMeters>244.45</DistanceMeters>
            <HeartRateBpm><Value>134</Value></HeartRateBpm>
            <Cadence>168</Cadence>
          </Trackpoint>
          <Trackpoint>
            <Time>2026-04-11T13:31:45.000Z</Time>
            <Position>
              <LatitudeDegrees>37.3398335</LatitudeDegrees>
              <LongitudeDegrees>-121.8842422</LongitudeDegrees>
            </Position>
            <AltitudeMeters>26.4</AltitudeMeters>
            <DistanceMeters>256.68</DistanceMeters>
            <HeartRateBpm><Value>134</Value></HeartRateBpm>
            <Cadence>168</Cadence>
          </Trackpoint>
          <Trackpoint>
            <Time>2026-04-11T13:31:50.000Z</Time>
            <Position>
              <LatitudeDegrees>37.3399113</LatitudeDegrees>
              <LongitudeDegrees>-121.8841442</LongitudeDegrees>
            </Position>
            <AltitudeMeters>26.5</AltitudeMeters>
            <DistanceMeters>268.90</DistanceMeters>
            <HeartRateBpm><Value>134</Value></HeartRateBpm>
            <Cadence>168</Cadence>
          </Trackpoint>
          <Trackpoint>
            <Time>2026-04-11T13:31:55.000Z</Time>
            <Position>
              <LatitudeDegrees>37.3399890</LatitudeDegrees>
              <LongitudeDegrees>-121.8840462</LongitudeDegrees>
            </Position>
            <AltitudeMeters>26.5</AltitudeMeters>
            <DistanceMeters>281.12</DistanceMeters>
            <HeartRateBpm><Value>134</Value></HeartRateBpm>
            <Cadence>168</Cadence>
          </Trackpoint>
          <Trackpoint>
            <Time>2026-04-11T13:32:00.000Z</Time>
            <Position>
              <LatitudeDegrees>37.3400668</LatitudeDegrees>
              <LongitudeDegrees>-121.8839482</LongitudeDegrees>
            </Position>
            <AltitudeMeters>26.6</AltitudeMeters>
            <DistanceMeters>293.34</DistanceMeters>
            <HeartRateBpm><Value>134</Value></HeartRateBpm>
            <Cadence>168</Cadence>
          </Trackpoint>
          <Trackpoint>
            <Time>2026-04-11T13:32:05.000Z</Time>
            <Position>
              <LatitudeDegrees>37.3401446</LatitudeDegrees>
              <LongitudeDegrees>-121.8838503</LongitudeDegrees>
            </Position>
            <AltitudeMeters>26.6</AltitudeMeters>
            <DistanceMeters>305.57</DistanceMeters>
            <HeartRateBpm><Value>135</Value></HeartRateBpm>
            <Cadence>168</Cadence>
          </Trackpoint>
          <Trackpoint>
            <Time>2026-04-11T13:32:10.000Z</Time>
            <Position>
              <LatitudeDegrees>37.3402224</LatitudeDegrees>
              <LongitudeDegrees>-121.8837523</LongitudeDegrees>
            </Position>
            <AltitudeMeters>26.7</AltitudeMeters>
            <DistanceMeters>317.79</DistanceMeters>
            <HeartRateBpm><Value>135</Value></HeartRateBpm>
            <Cadence>168</Cadence>
          </Trackpoint>
          <Trackpoint>
            <Time>2026-04-11T13:32:15.000Z</Time>
            <Position>
              <LatitudeDegrees>37.3403002</LatitudeDegrees>
              <LongitudeDegrees>-121.8836543</LongitudeDegrees>
            </Position>
            <AltitudeMeters>26.7</AltitudeMeters>
            <DistanceMeters>330.01</DistanceMeters>
            <HeartRateBpm><Value>135</Value></HeartRateBpm>
            <Cadence>168</Cadence>
          </Trackpoint>
          <Trackpoint>
            <Time>2026-04-11T13:32:20.000Z</Time>
            <Position>
              <LatitudeDegrees>37.3403780</LatitudeDegrees>
              <LongitudeDegrees>-121.8835563</LongitudeDegrees>
            </Position>
            <AltitudeMeters>26.8</AltitudeMeters>
            <DistanceMeters>342.23</DistanceMeters>
            <HeartRateBpm><Value>135</Value></HeartRateBpm>
            <Cadence>168</Cadence>
          </Trackpoint>
          <Trackpoint>
            <Time>2026-04-11T13:32:25.000Z</Time>
            <Position>
              <LatitudeDegrees>37.3404558</LatitudeDegrees>
              <LongitudeDegrees>-121.8834583</LongitudeDegrees>
            </Position>
            <AltitudeMeters>26.8</AltitudeMeters>
            <DistanceMeters>354.46</DistanceMeters>
            <HeartRateBpm><Value>135</Value></HeartRateBpm>
            <Cadence>168</Cadence>
          </Trackpoint>
          <Trackpoint>
            <Time>2026-04-11T13:32:30.000Z</Time>
            <Position>
              <LatitudeDegrees>37.3405335</LatitudeDegrees>
              <LongitudeDegrees>-121.8833603</LongitudeDegrees>
            </Position>
            <AltitudeMeters>26.8</AltitudeMeters>
            <DistanceMeters>366.68</DistanceMeters>
            <HeartRateBpm><Value>135</Value></HeartRateBpm>
            <Cadence>168</Cadence>
          </Trackpoint>
          <Trackpoint>
            <Time>2026-04-11T13:32:35.000Z</Time>
            <Position>
              <LatitudeDegrees>37.3406113</LatitudeDegrees>
              <LongitudeDegrees>-121.8832623</LongitudeDegrees>
            </Position>
            <AltitudeMeters>26.9</AltitudeMeters>
            <DistanceMeters>378.90</DistanceMeters>
            <HeartRateBpm><Value>135</Value></HeartRateBpm>
            <Cadence>168</Cadence>
          </Trackpoint>
          <Trackpoint>
            <Time>2026-04-11T13:32:40.000Z</Time>
            <Position>
              <LatitudeDegrees>37.3406891</LatitudeDegrees>
              <LongitudeDegrees>-121.8831643</LongitudeDegrees>
            </Position>
            <AltitudeMeters>26.9</AltitudeMeters>
            <DistanceMeters>391.12</DistanceMeters>
            <HeartRateBpm><Value>135</Value></HeartRateBpm>
            <Cadence>168</Cadence>
          </Trackpoint>
          <Trackpoint>
            <Time>2026-04-11T13:32:45.000Z</Time>
            <Position>
              <LatitudeDegrees>37.3407669</LatitudeDegrees>
              <LongitudeDegrees>-121.8830663</LongitudeDegrees>
            </Position>
            <AltitudeMeters>26.9</AltitudeMeters>
            <DistanceMeters>403.35</DistanceMeters>
            <HeartRateBpm><Value>135</Value></HeartRateBpm>
            <Cadence>168</Cadence>
          </Trackpoint>
          <Trackpoint>
            <Time>2026-04-11T13:32:50.000Z</Time>
            <Position>
              <LatitudeDegrees>37.3408447</LatitudeDegrees>
              <LongitudeDegrees>-121.8829683</LongitudeDegrees>
            </Position>
            <AltitudeMeters>26.9</AltitudeMeters>
            <DistanceMeters>415.57</DistanceMeters>
            <HeartRateBpm><Value>135</Value></HeartRateBpm>
            <Cadence>168</Cadence>
          </Trackpoint>
          <Trackpoint>
            <Time>2026-04-11T13:32:55.000Z</Time>
            <Position>
              <LatitudeDegrees>37.3409225</LatitudeDegrees>
              <LongitudeDegrees>-121.8828704</LongitudeDegrees>
            </Position>
            <AltitudeMeters>26.9</AltitudeMeters>
            <DistanceMeters>427.79</DistanceMeters>
            <HeartRateBpm><Value>136</Value></HeartRateBpm>
            <Cadence>168</Cadence>
          </Trackpoint>
          <Trackpoint>
            <Time>2026-04-11T13:33:00.000Z</Time>
            <Position>
              <LatitudeDegrees>37.3410002</LatitudeDegrees>
              <LongitudeDegrees>-121.8827724</LongitudeDegrees>
            </Position>
            <AltitudeMeters>27</AltitudeMeters>
            <DistanceMeters>440.02</DistanceMeters>
            <HeartRateBpm><Value>136</Value></HeartRateBpm>
            <Cadence>168</Cadence>
          </Trackpoint>
          <Trackpoint>
            <Time>2026-04-11T13:33:05.000Z</Time>
            <Position>
              <LatitudeDegrees>37.3410780</LatitudeDegrees>
              <LongitudeDegrees>-121.8826744</LongitudeDegrees>
            </Position>
            <AltitudeMeters>27</AltitudeMeters>
            <DistanceMeters>452.24</DistanceMeters>
            <HeartRateBpm><Value>136</Value></HeartRateBpm>
            <Cadence>168</Cadence>
          </Trackpoint>
          <Trackpoint>
            <Time>2026-04-11T13:33:10.000Z</Time>
            <Position>
              <LatitudeDegrees>37.3411558</LatitudeDegrees>
              <LongitudeDegrees>-121.8825764</LongitudeDegrees>
            </Position>
            <AltitudeMeters>27</AltitudeMeters>
            <DistanceMeters>464.46</DistanceMeters>
            <HeartRateBpm><Value>136</Value></HeartRateBpm>
            <Cadence>168</Cadence>
          </Trackpoint>
          <Trackpoint>
            <Time>2026-04-11T13:33:15.000Z</Time>
            <Position>
              <LatitudeDegrees>37.3412336</LatitudeDegrees>
              <LongitudeDegrees>-121.8824784</LongitudeDegrees>
            </Position>
            <AltitudeMeters>27</AltitudeMeters>
            <DistanceMeters>476.68</DistanceMeters>
            <HeartRateBpm><Value>136</Value></HeartRateBpm>
            <Cadence>168</Cadence>
          </Trackpoint>
          <Trackpoint>
            <Time>2026-04-11T13:33:20.000Z</Time>
            <Position>
              <LatitudeDegrees>37.3413114</LatitudeDegrees>
              <LongitudeDegrees>-121.8823804</LongitudeDegrees>
            </Position>
            <AltitudeMeters>27</AltitudeMeters>
            <DistanceMeters>488.91</DistanceMeters>
            <HeartRateBpm><Value>136</Value></HeartRateBpm>
            <Cadence>168</Cadence>
          </Trackpoint>
          <Trackpoint>
            <Time>2026-04-11T13:33:25.000Z</Time>
            <Position>
              <LatitudeDegrees>37.3413892</LatitudeDegrees>
              <LongitudeDegrees>-121.8822824</LongitudeDegrees>
            </Position>
            <AltitudeMeters>27</AltitudeMeters>
            <DistanceMeters>501.13</DistanceMeters>
            <HeartRateBpm><Value>136</Value></HeartRateBpm>
            <Cadence>168</Cadence>
          </Trackpoint>
          <Trackpoint>
            <Time>2026-04-11T13:33:30.000Z</Time>
            <Position>
              <LatitudeDegrees>37.3414669</LatitudeDegrees>
              <LongitudeDegrees>-121.8821844</LongitudeDegrees>
            </Position>
            <AltitudeMeters>27</AltitudeMeters>
            <DistanceMeters>513.35</DistanceMeters>
            <HeartRateBpm><Value>136</Value></HeartRateBpm>
            <Cadence>168</Cadence>
          </Trackpoint>
          <Trackpoint>
            <Time>2026-04-11T13:33:35.000Z</Time>
            <Position>
              <LatitudeDegrees>37.3415447</LatitudeDegrees>
              <LongitudeDegrees>-121.8820864</LongitudeDegrees>
            </Position>
            <AltitudeMeters>27</AltitudeMeters>
            <DistanceMeters>525.57</DistanceMeters>
            <HeartRateBpm><Value>136</Value></HeartRateBpm>
            <Cadence>168</Cadence>
          </Trackpoint>
          <Trackpoint>
            <Time>2026-04-11T13:33:40.000Z</Time>
            <Position>
              <LatitudeDegrees>37.3416225</LatitudeDegrees>
              <LongitudeDegrees>-121.8819884</LongitudeDegrees>
            </Position>
            <AltitudeMeters>27</AltitudeMeters>
            <DistanceMeters>537.80</DistanceMeters>
            <HeartRateBpm><Value>136</Value></HeartRateBpm>
            <Cadence>168</Cadence>
          </Trackpoint>
          <Trackpoint>
            <Time>2026-04-11T13:33:45.000Z</Time>
            <Position>
              <LatitudeDegrees>37.3417003</LatitudeDegrees>
              <LongitudeDegrees>-121.8818905</LongitudeDegrees>
            </Position>
            <AltitudeMeters>27</AltitudeMeters>
            <DistanceMeters>550.02</DistanceMeters>
            <HeartRateBpm><Value>137</Value></HeartRateBpm>
            <Cadence>168</Cadence>
          </Trackpoint>
          <Trackpoint>
            <Time>2026-04-11T13:33:50.000Z</Time>
            <Position>
              <LatitudeDegrees>37.3417781</LatitudeDegrees>
              <LongitudeDegrees>-121.8817925</LongitudeDegrees>
            </Position>
            <AltitudeMeters>27</AltitudeMeters>
            <DistanceMeters>562.24</DistanceMeters>
            <HeartRateBpm><Value>137</Value></HeartRateBpm>
            <Cadence>168</Cadence>
          </Trackpoint>
          <Trackpoint>
            <Time>2026-04-11T13:33:55.000Z</Time>
            <Position>
              <LatitudeDegrees>37.3418559</LatitudeDegrees>
              <LongitudeDegrees>-121.8816945</LongitudeDegrees>
            </Position>
            <AltitudeMeters>26.9</AltitudeMeters>
            <DistanceMeters>574.46</DistanceMeters>
            <HeartRateBpm><Value>137</Value></HeartRateBpm>
            <Cadence>168</Cadence>
          </Trackpoint>
          <Trackpoint>
            <Time>2026-04-11T13:34:00.000Z</Time>
            <Position>
              <LatitudeDegrees>37.3419337</LatitudeDegrees>
              <LongitudeDegrees>-121.8815965</LongitudeDegrees>
            </Position>
            <AltitudeMeters>26.9</AltitudeMeters>
            <DistanceMeters>586.69</DistanceMeters>
            <HeartRateBpm><Value>137</Value></HeartRateBpm>
            <Cadence>168</Cadence>
          </Trackpoint>
          <Trackpoint>
            <Time>2026-04-11T13:34:05.000Z</Time>
            <Position>
              <LatitudeDegrees>37.3420114</LatitudeDegrees>
              <LongitudeDegrees>-121.8814985</LongitudeDegrees>
            </Position>
            <AltitudeMeters>26.9</AltitudeMeters>
            <DistanceMeters>598.91</DistanceMeters>
            <HeartRateBpm><Value>137</Value></HeartRateBpm>
            <Cadence>168</Cadence>
          </Trackpoint>
          <Trackpoint>
            <Time>2026-04-11T13:34:10.000Z</Time>
            <Position>
              <LatitudeDegrees>37.3420892</LatitudeDegrees>
              <LongitudeDegrees>-121.8814005</LongitudeDegrees>
            </Position>
            <AltitudeMeters>26.9</AltitudeMeters>
            <DistanceMeters>611.13</DistanceMeters>
            <HeartRateBpm><Value>137</Value></HeartRateBpm>
            <Cadence>168</Cadence>
          </Trackpoint>
          <Trackpoint>
            <Time>2026-04-11T13:34:15.000Z</Time>
            <Position>
              <LatitudeDegrees>37.3421670</LatitudeDegrees>
              <LongitudeDegrees>-121.8813025</LongitudeDegrees>
            </Position>
            <AltitudeMeters>26.9</AltitudeMeters>
            <DistanceMeters>623.35</DistanceMeters>
            <HeartRateBpm><Value>137</Value></HeartRateBpm>
            <Cadence>168</Cadence>
          </Trackpoint>
          <Trackpoint>
            <Time>2026-04-11T13:34:20.000Z</Time>
            <Position>
              <LatitudeDegrees>37.3422448</LatitudeDegrees>
              <LongitudeDegrees>-121.8812045</LongitudeDegrees>
            </Position>
            <AltitudeMeters>26.8</AltitudeMeters>
            <DistanceMeters>635.58</DistanceMeters>
            <HeartRateBpm><Value>137</Value></HeartRateBpm>
            <Cadence>168</Cadence>
          </Trackpoint>
          <Trackpoint>
            <Time>2026-04-11T13:34:25.000Z</Time>
            <Position>
              <LatitudeDegrees>37.3423226</LatitudeDegrees>
              <LongitudeDegrees>-121.8811065</LongitudeDegrees>
            </Position>
            <AltitudeMeters>26.8</AltitudeMeters>
            <DistanceMeters>647.80</DistanceMeters>
            <HeartRateBpm><Value>137</Value></HeartRateBpm>
            <Cadence>168</Cadence>
          </Trackpoint>
          <Trackpoint>
            <Time>2026-04-11T13:34:30.000Z</Time>
            <Position>
              <LatitudeDegrees>37.3424004</LatitudeDegrees>
              <LongitudeDegrees>-121.8810085</LongitudeDegrees>
            </Position>
            <AltitudeMeters>26.8</AltitudeMeters>
            <DistanceMeters>660.02</DistanceMeters>
            <HeartRateBpm><Value>137</Value></HeartRateBpm>
            <Cadence>168</Cadence>
          </Trackpoint>
          <Trackpoint>
            <Time>2026-04-11T13:34:35.000Z</Time>
            <Position>
              <LatitudeDegrees>37.3424781</LatitudeDegrees>
              <LongitudeDegrees>-121.8809106</LongitudeDegrees>
            </Position>
            <AltitudeMeters>26.7</AltitudeMeters>
            <DistanceMeters>672.25</DistanceMeters>
            <HeartRateBpm><Value>138</Value></HeartRateBpm>
            <Cadence>168</Cadence>
          </Trackpoint>
          <Trackpoint>
            <Time>2026-04-11T13:34:40.000Z</Time>
            <Position>
              <LatitudeDegrees>37.3425559</LatitudeDegrees>
              <LongitudeDegrees>-121.8808126</LongitudeDegrees>
            </Position>
            <AltitudeMeters>26.7</AltitudeMeters>
            <DistanceMeters>684.47</DistanceMeters>
            <HeartRateBpm><Value>138</Value></HeartRateBpm>
            <Cadence>168</Cadence>
          </Trackpoint>
          <Trackpoint>
            <Time>2026-04-11T13:34:45.000Z</Time>
            <Position>
              <LatitudeDegrees>37.3426337</LatitudeDegrees>
              <LongitudeDegrees>-121.8807146</LongitudeDegrees>
            </Position>
            <AltitudeMeters>26.6</AltitudeMeters>
            <DistanceMeters>696.69</DistanceMeters>
            <HeartRateBpm><Value>138</Value></HeartRateBpm>
            <Cadence>168</Cadence>
          </Trackpoint>
          <Trackpoint>
            <Time>2026-04-11T13:34:50.000Z</Time>
            <Position>
              <LatitudeDegrees>37.3427115</LatitudeDegrees>
              <LongitudeDegrees>-121.8806166</LongitudeDegrees>
            </Position>
            <AltitudeMeters>26.6</AltitudeMeters>
            <DistanceMeters>708.91</DistanceMeters>
            <HeartRateBpm><Value>138</Value></HeartRateBpm>
            <Cadence>168</Cadence>
          </Trackpoint>
          <Trackpoint>
            <Time>2026-04-11T13:34:55.000Z</Time>
            <Position>
              <LatitudeDegrees>37.3427893</LatitudeDegrees>
              <LongitudeDegrees>-121.8805186</LongitudeDegrees>
            </Position>
            <AltitudeMeters>26.5</AltitudeMeters>
            <DistanceMeters>721.14</DistanceMeters>
            <HeartRateBpm><Value>138</Value></HeartRateBpm>
            <Cadence>168</Cadence>
          </Trackpoint>
          <Trackpoint>
            <Time>2026-04-11T13:35:00.000Z</Time>
            <Position>
              <LatitudeDegrees>37.3428671</LatitudeDegrees>
              <LongitudeDegrees>-121.8804206</LongitudeDegrees>
            </Position>
            <AltitudeMeters>26.5</AltitudeMeters>
            <DistanceMeters>733.36</DistanceMeters>
            <HeartRateBpm><Value>138</Value></HeartRateBpm>
            <Cadence>168</Cadence>
          </Trackpoint>
          <Trackpoint>
            <Time>2026-04-11T13:35:05.000Z</Time>
            <Position>
              <LatitudeDegrees>37.3429449</LatitudeDegrees>
              <LongitudeDegrees>-121.8803226</LongitudeDegrees>
            </Position>
            <AltitudeMeters>26.4</AltitudeMeters>
            <DistanceMeters>745.58</DistanceMeters>
            <HeartRateBpm><Value>138</Value></HeartRateBpm>
            <Cadence>168</Cadence>
          </Trackpoint>
          <Trackpoint>
            <Time>2026-04-11T13:35:10.000Z</Time>
            <Position>
              <LatitudeDegrees>37.3430226</LatitudeDegrees>
              <LongitudeDegrees>-121.8802246</LongitudeDegrees>
            </Position>
            <AltitudeMeters>26.4</AltitudeMeters>
            <DistanceMeters>757.80</DistanceMeters>
            <HeartRateBpm><Value>138</Value></HeartRateBpm>
            <Cadence>168</Cadence>
          </Trackpoint>
          <Trackpoint>
            <Time>2026-04-11T13:35:15.000Z</Time>
            <Position>
              <LatitudeDegrees>37.3431004</LatitudeDegrees>
              <LongitudeDegrees>-121.8801266</LongitudeDegrees>
            </Position>
            <AltitudeMeters>26.3</AltitudeMeters>
            <DistanceMeters>770.03</DistanceMeters>
            <HeartRateBpm><Value>138</Value></HeartRateBpm>
            <Cadence>168</Cadence>
          </Trackpoint>
          <Trackpoint>
            <Time>2026-04-11T13:35:20.000Z</Time>
            <Position>
              <LatitudeDegrees>37.3431782</LatitudeDegrees>
              <LongitudeDegrees>-121.8800286</LongitudeDegrees>
            </Position>
            <AltitudeMeters>26.3</AltitudeMeters>
            <DistanceMeters>782.25</DistanceMeters>
            <HeartRateBpm><Value>138</Value></HeartRateBpm>
            <Cadence>168</Cadence>
          </Trackpoint>
          <Trackpoint>
            <Time>2026-04-11T13:35:25.000Z</Time>
            <Position>
              <LatitudeDegrees>37.3432560</LatitudeDegrees>
              <LongitudeDegrees>-121.8799307</LongitudeDegrees>
            </Position>
            <AltitudeMeters>26.2</AltitudeMeters>
            <DistanceMeters>794.47</DistanceMeters>
            <HeartRateBpm><Value>139</Value></HeartRateBpm>
            <Cadence>168</Cadence>
          </Trackpoint>
          <Trackpoint>
            <Time>2026-04-11T13:35:30.000Z</Time>
            <Position>
              <LatitudeDegrees>37.3433338</LatitudeDegrees>
              <LongitudeDegrees>-121.8798327</LongitudeDegrees>
            </Position>
            <AltitudeMeters>26.1</AltitudeMeters>
            <DistanceMeters>806.69</DistanceMeters>
            <HeartRateBpm><Value>139</Value></HeartRateBpm>
            <Cadence>168</Cadence>
          </Trackpoint>
          <Trackpoint>
            <Time>2026-04-11T13:35:35.000Z</Time>
            <Position>
              <LatitudeDegrees>37.3434116</LatitudeDegrees>
              <LongitudeDegrees>-121.8797347</LongitudeDegrees>
            </Position>
            <AltitudeMeters>26.1</AltitudeMeters>
            <DistanceMeters>818.92</DistanceMeters>
            <HeartRateBpm><Value>139</Value></HeartRateBpm>
            <Cadence>168</Cadence>
          </Trackpoint>
          <Trackpoint>
            <Time>2026-04-11T13:35:40.000Z</Time>
            <Position>
              <LatitudeDegrees>37.3434893</LatitudeDegrees>
              <LongitudeDegrees>-121.8796367</LongitudeDegrees>
            </Position>
            <AltitudeMeters>26</AltitudeMeters>
            <DistanceMeters>831.14</DistanceMeters>
            <HeartRateBpm><Value>139</Value></HeartRateBpm>
            <Cadence>168</Cadence>
          </Trackpoint>
          <Trackpoint>
            <Time>2026-04-11T13:35:45.000Z</Time>
            <Position>
              <LatitudeDegrees>37.3435671</LatitudeDegrees>
              <LongitudeDegrees>-121.8795387</LongitudeDegrees>
            </Position>
            <AltitudeMeters>25.9</AltitudeMeters>
            <DistanceMeters>843.36</DistanceMeters>
            <HeartRateBpm><Value>139</Value></HeartRateBpm>
            <Cadence>168</Cadence>
          </Trackpoint>
          <Trackpoint>
            <Time>2026-04-11T13:35:50.000Z</Time>
            <Position>
              <LatitudeDegrees>37.3436449</LatitudeDegrees>
              <LongitudeDegrees>-121.8794407</LongitudeDegrees>
            </Position>
            <AltitudeMeters>25.9</AltitudeMeters>
            <DistanceMeters>855.58</DistanceMeters>
            <HeartRateBpm><Value>139</Value></HeartRateBpm>
            <Cadence>168</Cadence>
          </Trackpoint>
          <Trackpoint>
            <Time>2026-04-11T13:35:55.000Z</Time>
            <Position>
              <LatitudeDegrees>37.3437227</LatitudeDegrees>
              <LongitudeDegrees>-121.8793427</LongitudeDegrees>
            </Position>
            <AltitudeMeters>25.8</AltitudeMeters>
            <DistanceMeters>867.81</DistanceMeters>
            <HeartRateBpm><Value>139</Value></HeartRateBpm>
            <Cadence>168</Cadence>
          </Trackpoint>
          <Trackpoint>
            <Time>2026-04-11T13:36:00.000Z</Time>
            <Position>
              <LatitudeDegrees>37.3438005</LatitudeDegrees>
              <LongitudeDegrees>-121.8792447</LongitudeDegrees>
            </Position>
            <AltitudeMeters>25.7</AltitudeMeters>
            <DistanceMeters>880.03</DistanceMeters>
            <HeartRateBpm><Value>139</Value></HeartRateBpm>
            <Cadence>168</Cadence>
          </Trackpoint>
          <Trackpoint>
            <Time>2026-04-11T13:36:05.000Z</Time>
            <Position>
              <LatitudeDegrees>37.3438783</LatitudeDegrees>
              <LongitudeDegrees>-121.8791467</LongitudeDegrees>
            </Position>
            <AltitudeMeters>25.7</AltitudeMeters>
            <DistanceMeters>892.25</DistanceMeters>
            <HeartRateBpm><Value>139</Value></HeartRateBpm>
            <Cadence>168</Cadence>
          </Trackpoint>
          <Trackpoint>
            <Time>2026-04-11T13:36:10.000Z</Time>
            <Position>
              <LatitudeDegrees>37.3439561</LatitudeDegrees>
              <LongitudeDegrees>-121.8790487</LongitudeDegrees>
            </Position>
            <AltitudeMeters>25.6</AltitudeMeters>
            <DistanceMeters>904.48</DistanceMeters>
            <HeartRateBpm><Value>139</Value></HeartRateBpm>
            <Cadence>168</Cadence>
          </Trackpoint>
          <Trackpoint>
            <Time>2026-04-11T13:36:15.000Z</Time>
            <Position>
              <LatitudeDegrees>37.3440338</LatitudeDegrees>
              <LongitudeDegrees>-121.8789508</LongitudeDegrees>
            </Position>
            <AltitudeMeters>25.5</AltitudeMeters>
            <DistanceMeters>916.70</DistanceMeters>
            <HeartRateBpm><Value>140</Value></HeartRateBpm>
            <Cadence>168</Cadence>
          </Trackpoint>
          <Trackpoint>
            <Time>2026-04-11T13:36:20.000Z</Time>
            <Position>
              <LatitudeDegrees>37.3441116</LatitudeDegrees>
              <LongitudeDegrees>-121.8788528</LongitudeDegrees>
            </Position>
            <AltitudeMeters>25.4</AltitudeMeters>
            <DistanceMeters>928.92</DistanceMeters>
            <HeartRateBpm><Value>140</Value></HeartRateBpm>
            <Cadence>168</Cadence>
          </Trackpoint>
          <Trackpoint>
            <Time>2026-04-11T13:36:25.000Z</Time>
            <Position>
              <LatitudeDegrees>37.3441894</LatitudeDegrees>
              <LongitudeDegrees>-121.8787548</LongitudeDegrees>
            </Position>
            <AltitudeMeters>25.4</AltitudeMeters>
            <DistanceMeters>941.14</DistanceMeters>
            <HeartRateBpm><Value>140</Value></HeartRateBpm>
            <Cadence>168</Cadence>
          </Trackpoint>
          <Trackpoint>
            <Time>2026-04-11T13:36:30.000Z</Time>
            <Position>
              <LatitudeDegrees>37.3442672</LatitudeDegrees>
              <LongitudeDegrees>-121.8786568</LongitudeDegrees>
            </Position>
            <AltitudeMeters>25.3</AltitudeMeters>
            <DistanceMeters>953.37</DistanceMeters>
            <HeartRateBpm><Value>140</Value></HeartRateBpm>
            <Cadence>168</Cadence>
          </Trackpoint>
          <Trackpoint>
            <Time>2026-04-11T13:36:35.000Z</Time>
            <Position>
              <LatitudeDegrees>37.3443450</LatitudeDegrees>
              <LongitudeDegrees>-121.8785588</LongitudeDegrees>
            </Position>
            <AltitudeMeters>25.2</AltitudeMeters>
            <DistanceMeters>965.59</DistanceMeters>
            <HeartRateBpm><Value>140</Value></HeartRateBpm>
            <Cadence>168</Cadence>
          </Trackpoint>
          <Trackpoint>
            <Time>2026-04-11T13:36:40.000Z</Time>
            <Position>
              <LatitudeDegrees>37.3444228</LatitudeDegrees>
              <LongitudeDegrees>-121.8784608</LongitudeDegrees>
            </Position>
            <AltitudeMeters>25.1</AltitudeMeters>
            <DistanceMeters>977.81</DistanceMeters>
            <HeartRateBpm><Value>140</Value></HeartRateBpm>
            <Cadence>168</Cadence>
          </Trackpoint>
          <Trackpoint>
            <Time>2026-04-11T13:36:45.000Z</Time>
            <Position>
              <LatitudeDegrees>37.3445005</LatitudeDegrees>
              <LongitudeDegrees>-121.8783628</LongitudeDegrees>
            </Position>
            <AltitudeMeters>25.1</AltitudeMeters>
            <DistanceMeters>990.03</DistanceMeters>
            <HeartRateBpm><Value>140</Value></HeartRateBpm>
            <Cadence>168</Cadence>
          </Trackpoint>
          <Trackpoint>
            <Time>2026-04-11T13:36:50.000Z</Time>
            <Position>
              <LatitudeDegrees>37.3445783</LatitudeDegrees>
              <LongitudeDegrees>-121.8782648</LongitudeDegrees>
            </Position>
            <AltitudeMeters>25</AltitudeMeters>
            <DistanceMeters>1002.26</DistanceMeters>
            <HeartRateBpm><Value>140</Value></HeartRateBpm>
            <Cadence>168</Cadence>
          </Trackpoint>
          <Trackpoint>
            <Time>2026-04-11T13:36:55.000Z</Time>
            <Position>
              <LatitudeDegrees>37.3446561</LatitudeDegrees>
              <LongitudeDegrees>-121.8781668</LongitudeDegrees>
            </Position>
            <AltitudeMeters>24.9</AltitudeMeters>
            <DistanceMeters>1014.48</DistanceMeters>
            <HeartRateBpm><Value>140</Value></HeartRateBpm>
            <Cadence>168</Cadence>
          </Trackpoint>
          <Trackpoint>
            <Time>2026-04-11T13:37:00.000Z</Time>
            <Position>
              <LatitudeDegrees>37.3447339</LatitudeDegrees>
              <LongitudeDegrees>-121.8780688</LongitudeDegrees>
            </Position>
            <AltitudeMeters>24.8</AltitudeMeters>
            <DistanceMeters>1026.70</DistanceMeters>
            <HeartRateBpm><Value>140</Value></HeartRateBpm>
            <Cadence>168</Cadence>
          </Trackpoint>
          <Trackpoint>
            <Time>2026-04-11T13:37:05.000Z</Time>
            <Position>
              <LatitudeDegrees>37.3448117</LatitudeDegrees>
              <LongitudeDegrees>-121.8779709</LongitudeDegrees>
            </Position>
            <AltitudeMeters>24.8</AltitudeMeters>
            <DistanceMeters>1038.92</DistanceMeters>
            <HeartRateBpm><Value>140</Value></HeartRateBpm>
            <Cadence>168</Cadence>
          </Trackpoint>
          <Trackpoint>
            <Time>2026-04-11T13:37:10.000Z</Time>
            <Position>
              <LatitudeDegrees>37.3448895</LatitudeDegrees>
              <LongitudeDegrees>-121.8778729</LongitudeDegrees>
            </Position>
            <AltitudeMeters>24.7</AltitudeMeters>
            <DistanceMeters>1051.15</DistanceMeters>
            <HeartRateBpm><Value>140</Value></HeartRateBpm>
            <Cadence>168</Cadence>
          </Trackpoint>
          <Trackpoint>
            <Time>2026-04-11T13:37:15.000Z</Time>
            <Position>
              <LatitudeDegrees>37.3449673</LatitudeDegrees>
              <LongitudeDegrees>-121.8777749</LongitudeDegrees>
            </Position>
            <AltitudeMeters>24.6</AltitudeMeters>
            <DistanceMeters>1063.37</DistanceMeters>
            <HeartRateBpm><Value>140</Value></HeartRateBpm>
            <Cadence>168</Cadence>
          </Trackpoint>
          <Trackpoint>
            <Time>2026-04-11T13:37:20.000Z</Time>
            <Position>
              <LatitudeDegrees>37.3450450</LatitudeDegrees>
              <LongitudeDegrees>-121.8776769</LongitudeDegrees>
            </Position>
            <AltitudeMeters>24.5</AltitudeMeters>
            <DistanceMeters>1075.59</DistanceMeters>
            <HeartRateBpm><Value>140</Value></HeartRateBpm>
            <Cadence>168</Cadence>
          </Trackpoint>
          <Trackpoint>
            <Time>2026-04-11T13:37:25.000Z</Time>
            <Position>
              <LatitudeDegrees>37.3451228</LatitudeDegrees>
              <LongitudeDegrees>-121.8775789</LongitudeDegrees>
            </Position>
            <AltitudeMeters>24.5</AltitudeMeters>
            <DistanceMeters>1087.81</DistanceMeters>
            <HeartRateBpm><Value>140</Value></HeartRateBpm>
            <Cadence>168</Cadence>
          </Trackpoint>
          <Trackpoint>
            <Time>2026-04-11T13:37:30.000Z</Time>
            <Position>
              <LatitudeDegrees>37.3452006</LatitudeDegrees>
              <LongitudeDegrees>-121.8774809</LongitudeDegrees>
            </Position>
            <AltitudeMeters>24.4</AltitudeMeters>
            <DistanceMeters>1100.04</DistanceMeters>
            <HeartRateBpm><Value>140</Value></HeartRateBpm>
            <Cadence>168</Cadence>
          </Trackpoint>
          <Trackpoint>
            <Time>2026-04-11T13:37:35.000Z</Time>
            <Position>
              <LatitudeDegrees>37.3452784</LatitudeDegrees>
              <LongitudeDegrees>-121.8773829</LongitudeDegrees>
            </Position>
            <AltitudeMeters>24.3</AltitudeMeters>
            <DistanceMeters>1112.26</DistanceMeters>
            <HeartRateBpm><Value>140</Value></HeartRateBpm>
            <Cadence>168</Cadence>
          </Trackpoint>
          <Trackpoint>
            <Time>2026-04-11T13:37:40.000Z</Time>
            <Position>
              <LatitudeDegrees>37.3453562</LatitudeDegrees>
              <LongitudeDegrees>-121.8772849</LongitudeDegrees>
            </Position>
            <AltitudeMeters>24.2</AltitudeMeters>
            <DistanceMeters>1124.48</DistanceMeters>
            <HeartRateBpm><Value>140</Value></HeartRateBpm>
            <Cadence>168</Cadence>
          </Trackpoint>
          <Trackpoint>
            <Time>2026-04-11T13:37:45.000Z</Time>
            <Position>
              <LatitudeDegrees>37.3454340</LatitudeDegrees>
              <LongitudeDegrees>-121.8771869</LongitudeDegrees>
            </Position>
            <AltitudeMeters>24.2</AltitudeMeters>
            <DistanceMeters>1136.71</DistanceMeters>
            <HeartRateBpm><Value>140</Value></HeartRateBpm>
            <Cadence>168</Cadence>
          </Trackpoint>
          <Trackpoint>
            <Time>2026-04-11T13:37:50.000Z</Time>
            <Position>
              <LatitudeDegrees>37.3455117</LatitudeDegrees>
              <LongitudeDegrees>-121.8770889</LongitudeDegrees>
            </Position>
            <AltitudeMeters>24.1</AltitudeMeters>
            <DistanceMeters>1148.93</DistanceMeters>
            <HeartRateBpm><Value>140</Value></HeartRateBpm>
            <Cadence>168</Cadence>
          </Trackpoint>
          <Trackpoint>
            <Time>2026-04-11T13:37:55.000Z</Time>
            <Position>
              <LatitudeDegrees>37.3455895</LatitudeDegrees>
              <LongitudeDegrees>-121.8769910</LongitudeDegrees>
            </Position>
            <AltitudeMeters>24</AltitudeMeters>
            <DistanceMeters>1161.15</DistanceMeters>
            <HeartRateBpm><Value>140</Value></HeartRateBpm>
            <Cadence>168</Cadence>
          </Trackpoint>
          <Trackpoint>
            <Time>2026-04-11T13:38:00.000Z</Time>
            <Position>
              <LatitudeDegrees>37.3456673</LatitudeDegrees>
              <LongitudeDegrees>-121.8768930</LongitudeDegrees>
            </Position>
            <AltitudeMeters>24</AltitudeMeters>
            <DistanceMeters>1173.37</DistanceMeters>
            <HeartRateBpm><Value>140</Value></HeartRateBpm>
            <Cadence>168</Cadence>
          </Trackpoint>
          <Trackpoint>
            <Time>2026-04-11T13:38:05.000Z</Time>
            <Position>
              <LatitudeDegrees>37.3457451</LatitudeDegrees>
              <LongitudeDegrees>-121.8767950</LongitudeDegrees>
            </Position>
            <AltitudeMeters>23.9</AltitudeMeters>
            <DistanceMeters>1185.60</DistanceMeters>
            <HeartRateBpm><Value>140</Value></HeartRateBpm>
            <Cadence>168</Cadence>
          </Trackpoint>
          <Trackpoint>
            <Time>2026-04-11T13:38:10.000Z</Time>
            <Position>
              <LatitudeDegrees>37.3458229</LatitudeDegrees>
              <LongitudeDegrees>-121.8766970</LongitudeDegrees>
            </Position>
            <AltitudeMeters>23.8</AltitudeMeters>
            <DistanceMeters>1197.82</DistanceMeters>
            <HeartRateBpm><Value>140</Value></HeartRateBpm>
            <Cadence>168</Cadence>
          </Trackpoint>
          <Trackpoint>
            <Time>2026-04-11T13:38:15.000Z</Time>
            <Position>
              <LatitudeDegrees>37.3459007</LatitudeDegrees>
              <LongitudeDegrees>-121.8765990</LongitudeDegrees>
            </Position>
            <AltitudeMeters>23.8</AltitudeMeters>
            <DistanceMeters>1210.04</DistanceMeters>
            <HeartRateBpm><Value>140</Value></HeartRateBpm>
            <Cadence>168</Cadence>
          </Trackpoint>
          <Trackpoint>
            <Time>2026-04-11T13:38:20.000Z</Time>
            <Position>
              <LatitudeDegrees>37.3459784</LatitudeDegrees>
              <LongitudeDegrees>-121.8765010</LongitudeDegrees>
            </Position>
            <AltitudeMeters>23.7</AltitudeMeters>
            <DistanceMeters>1222.26</DistanceMeters>
            <HeartRateBpm><Value>140</Value></HeartRateBpm>
            <Cadence>168</Cadence>
          </Trackpoint>
          <Trackpoint>
            <Time>2026-04-11T13:38:25.000Z</Time>
            <Position>
              <LatitudeDegrees>37.3460562</LatitudeDegrees>
              <LongitudeDegrees>-121.8764030</LongitudeDegrees>
            </Position>
            <AltitudeMeters>23.7</AltitudeMeters>
            <DistanceMeters>1234.49</DistanceMeters>
            <HeartRateBpm><Value>140</Value></HeartRateBpm>
            <Cadence>168</Cadence>
          </Trackpoint>
          <Trackpoint>
            <Time>2026-04-11T13:38:30.000Z</Time>
            <Position>
              <LatitudeDegrees>37.3461340</LatitudeDegrees>
              <LongitudeDegrees>-121.8763050</LongitudeDegrees>
            </Position>
            <AltitudeMeters>23.6</AltitudeMeters>
            <DistanceMeters>1246.71</DistanceMeters>
            <HeartRateBpm><Value>140</Value></HeartRateBpm>
            <Cadence>168</Cadence>
          </Trackpoint>
          <Trackpoint>
            <Time>2026-04-11T13:38:35.000Z</Time>
            <Position>
              <LatitudeDegrees>37.3462118</LatitudeDegrees>
              <LongitudeDegrees>-121.8762070</LongitudeDegrees>
            </Position>
            <AltitudeMeters>23.5</AltitudeMeters>
            <DistanceMeters>1258.93</DistanceMeters>
            <HeartRateBpm><Value>140</Value></HeartRateBpm>
            <Cadence>168</Cadence>
          </Trackpoint>
          <Trackpoint>
            <Time>2026-04-11T13:38:40.000Z</Time>
            <Position>
              <LatitudeDegrees>37.3462896</LatitudeDegrees>
              <LongitudeDegrees>-121.8761090</LongitudeDegrees>
            </Position>
            <AltitudeMeters>23.5</AltitudeMeters>
            <DistanceMeters>1271.15</DistanceMeters>
            <HeartRateBpm><Value>140</Value></HeartRateBpm>
            <Cadence>168</Cadence>
          </Trackpoint>
          <Trackpoint>
            <Time>2026-04-11T13:38:45.000Z</Time>
            <Position>
              <LatitudeDegrees>37.3463674</LatitudeDegrees>
              <LongitudeDegrees>-121.8760111</LongitudeDegrees>
            </Position>
            <AltitudeMeters>23.4</AltitudeMeters>
            <DistanceMeters>1283.38</DistanceMeters>
            <HeartRateBpm><Value>140</Value></HeartRateBpm>
            <Cadence>168</Cadence>
          </Trackpoint>
          <Trackpoint>
            <Time>2026-04-11T13:38:50.000Z</Time>
            <Position>
              <LatitudeDegrees>37.3464452</LatitudeDegrees>
              <LongitudeDegrees>-121.8759131</LongitudeDegrees>
            </Position>
            <AltitudeMeters>23.4</AltitudeMeters>
            <DistanceMeters>1295.60</DistanceMeters>
            <HeartRateBpm><Value>140</Value></HeartRateBpm>
            <Cadence>168</Cadence>
          </Trackpoint>
          <Trackpoint>
            <Time>2026-04-11T13:38:55.000Z</Time>
            <Position>
              <LatitudeDegrees>37.3465229</LatitudeDegrees>
              <LongitudeDegrees>-121.8758151</LongitudeDegrees>
            </Position>
            <AltitudeMeters>23.4</AltitudeMeters>
            <DistanceMeters>1307.82</DistanceMeters>
            <HeartRateBpm><Value>140</Value></HeartRateBpm>
            <Cadence>168</Cadence>
          </Trackpoint>
          <Trackpoint>
            <Time>2026-04-11T13:39:00.000Z</Time>
            <Position>
              <LatitudeDegrees>37.3466007</LatitudeDegrees>
              <LongitudeDegrees>-121.8757171</LongitudeDegrees>
            </Position>
            <AltitudeMeters>23.3</AltitudeMeters>
            <DistanceMeters>1320.05</DistanceMeters>
            <HeartRateBpm><Value>140</Value></HeartRateBpm>
            <Cadence>168</Cadence>
          </Trackpoint>
          <Trackpoint>
            <Time>2026-04-11T13:39:05.000Z</Time>
            <Position>
              <LatitudeDegrees>37.3466785</LatitudeDegrees>
              <LongitudeDegrees>-121.8756191</LongitudeDegrees>
            </Position>
            <AltitudeMeters>23.3</AltitudeMeters>
            <DistanceMeters>1332.27</DistanceMeters>
            <HeartRateBpm><Value>140</Value></HeartRateBpm>
            <Cadence>168</Cadence>
          </Trackpoint>
          <Trackpoint>
            <Time>2026-04-11T13:39:10.000Z</Time>
            <Position>
              <LatitudeDegrees>37.3467563</LatitudeDegrees>
              <LongitudeDegrees>-121.8755211</LongitudeDegrees>
            </Position>
            <AltitudeMeters>23.2</AltitudeMeters>
            <DistanceMeters>1344.49</DistanceMeters>
            <HeartRateBpm><Value>140</Value></HeartRateBpm>
            <Cadence>168</Cadence>
          </Trackpoint>
          <Trackpoint>
            <Time>2026-04-11T13:39:15.000Z</Time>
            <Position>
              <LatitudeDegrees>37.3468341</LatitudeDegrees>
              <LongitudeDegrees>-121.8754231</LongitudeDegrees>
            </Position>
            <AltitudeMeters>23.2</AltitudeMeters>
            <DistanceMeters>1356.71</DistanceMeters>
            <HeartRateBpm><Value>140</Value></HeartRateBpm>
            <Cadence>168</Cadence>
          </Trackpoint>
          <Trackpoint>
            <Time>2026-04-11T13:39:20.000Z</Time>
            <Position>
              <LatitudeDegrees>37.3469119</LatitudeDegrees>
              <LongitudeDegrees>-121.8753251</LongitudeDegrees>
            </Position>
            <AltitudeMeters>23.2</AltitudeMeters>
            <DistanceMeters>1368.94</DistanceMeters>
            <HeartRateBpm><Value>140</Value></HeartRateBpm>
            <Cadence>168</Cadence>
          </Trackpoint>
          <Trackpoint>
            <Time>2026-04-11T13:39:25.000Z</Time>
            <Position>
              <LatitudeDegrees>37.3469896</LatitudeDegrees>
              <LongitudeDegrees>-121.8752271</LongitudeDegrees>
            </Position>
            <AltitudeMeters>23.1</AltitudeMeters>
            <DistanceMeters>1381.16</DistanceMeters>
            <HeartRateBpm><Value>140</Value></HeartRateBpm>
            <Cadence>168</Cadence>
          </Trackpoint>
          <Trackpoint>
            <Time>2026-04-11T13:39:30.000Z</Time>
            <Position>
              <LatitudeDegrees>37.3470674</LatitudeDegrees>
              <LongitudeDegrees>-121.8751291</LongitudeDegrees>
            </Position>
            <AltitudeMeters>23.1</AltitudeMeters>
            <DistanceMeters>1393.38</DistanceMeters>
            <HeartRateBpm><Value>140</Value></HeartRateBpm>
            <Cadence>168</Cadence>
          </Trackpoint>
          <Trackpoint>
            <Time>2026-04-11T13:39:35.000Z</Time>
            <Position>
              <LatitudeDegrees>37.3471452</LatitudeDegrees>
              <LongitudeDegrees>-121.8750312</LongitudeDegrees>
            </Position>
            <AltitudeMeters>23.1</AltitudeMeters>
            <DistanceMeters>1405.60</DistanceMeters>
            <HeartRateBpm><Value>140</Value></HeartRateBpm>
            <Cadence>168</Cadence>
          </Trackpoint>
          <Trackpoint>
            <Time>2026-04-11T13:39:40.000Z</Time>
            <Position>
              <LatitudeDegrees>37.3472230</LatitudeDegrees>
              <LongitudeDegrees>-121.8749332</LongitudeDegrees>
            </Position>
            <AltitudeMeters>23.1</AltitudeMeters>
            <DistanceMeters>1417.83</DistanceMeters>
            <HeartRateBpm><Value>140</Value></HeartRateBpm>
            <Cadence>168</Cadence>
          </Trackpoint>
          <Trackpoint>
            <Time>2026-04-11T13:39:45.000Z</Time>
            <Position>
              <LatitudeDegrees>37.3473008</LatitudeDegrees>
              <LongitudeDegrees>-121.8748352</LongitudeDegrees>
            </Position>
            <AltitudeMeters>23</AltitudeMeters>
            <DistanceMeters>1430.05</DistanceMeters>
            <HeartRateBpm><Value>140</Value></HeartRateBpm>
            <Cadence>168</Cadence>
          </Trackpoint>
          <Trackpoint>
            <Time>2026-04-11T13:39:50.000Z</Time>
            <Position>
              <LatitudeDegrees>37.3473786</LatitudeDegrees>
              <LongitudeDegrees>-121.8747372</LongitudeDegrees>
            </Position>
            <AltitudeMeters>23</AltitudeMeters>
            <DistanceMeters>1442.27</DistanceMeters>
            <HeartRateBpm><Value>140</Value></HeartRateBpm>
            <Cadence>168</Cadence>
          </Trackpoint>
          <Trackpoint>
            <Time>2026-04-11T13:39:55.000Z</Time>
            <Position>
              <LatitudeDegrees>37.3474564</LatitudeDegrees>
              <LongitudeDegrees>-121.8746392</LongitudeDegrees>
            </Position>
            <AltitudeMeters>23</AltitudeMeters>
            <DistanceMeters>1454.49</DistanceMeters>
            <HeartRateBpm><Value>140</Value></HeartRateBpm>
            <Cadence>168</Cadence>
          </Trackpoint>
          <Trackpoint>
            <Time>2026-04-11T13:40:00.000Z</Time>
            <Position>
              <LatitudeDegrees>37.3475341</LatitudeDegrees>
              <LongitudeDegrees>-121.8745412</LongitudeDegrees>
            </Position>
            <AltitudeMeters>23</AltitudeMeters>
            <DistanceMeters>1466.72</DistanceMeters>
            <HeartRateBpm><Value>140</Value></HeartRateBpm>
            <Cadence>168</Cadence>
          </Trackpoint>
          <Trackpoint>
            <Time>2026-04-11T13:40:05.000Z</Time>
            <Position>
              <LatitudeDegrees>37.3476119</LatitudeDegrees>
              <LongitudeDegrees>-121.8744432</LongitudeDegrees>
            </Position>
            <AltitudeMeters>23</AltitudeMeters>
            <DistanceMeters>1478.94</DistanceMeters>
            <HeartRateBpm><Value>140</Value></HeartRateBpm>
            <Cadence>168</Cadence>
          </Trackpoint>
          <Trackpoint>
            <Time>2026-04-11T13:40:10.000Z</Time>
            <Position>
              <LatitudeDegrees>37.3476897</LatitudeDegrees>
              <LongitudeDegrees>-121.8743452</LongitudeDegrees>
            </Position>
            <AltitudeMeters>23</AltitudeMeters>
            <DistanceMeters>1491.16</DistanceMeters>
            <HeartRateBpm><Value>140</Value></HeartRateBpm>
            <Cadence>168</Cadence>
          </Trackpoint>
          <Trackpoint>
            <Time>2026-04-11T13:40:15.000Z</Time>
            <Position>
              <LatitudeDegrees>37.3477675</LatitudeDegrees>
              <LongitudeDegrees>-121.8742472</LongitudeDegrees>
            </Position>
            <AltitudeMeters>23</AltitudeMeters>
            <DistanceMeters>1503.38</DistanceMeters>
            <HeartRateBpm><Value>140</Value></HeartRateBpm>
            <Cadence>168</Cadence>
          </Trackpoint>
          <Trackpoint>
            <Time>2026-04-11T13:40:20.000Z</Time>
            <Position>
              <LatitudeDegrees>37.3478453</LatitudeDegrees>
              <LongitudeDegrees>-121.8741492</LongitudeDegrees>
            </Position>
            <AltitudeMeters>23</AltitudeMeters>
            <DistanceMeters>1515.61</DistanceMeters>
            <HeartRateBpm><Value>140</Value></HeartRateBpm>
            <Cadence>168</Cadence>
          </Trackpoint>
          <Trackpoint>
            <Time>2026-04-11T13:40:25.000Z</Time>
            <Position>
              <LatitudeDegrees>37.3479231</LatitudeDegrees>
              <LongitudeDegrees>-121.8740513</LongitudeDegrees>
            </Position>
            <AltitudeMeters>23</AltitudeMeters>
            <DistanceMeters>1527.83</DistanceMeters>
            <HeartRateBpm><Value>140</Value></HeartRateBpm>
            <Cadence>168</Cadence>
          </Trackpoint>
          <Trackpoint>
            <Time>2026-04-11T13:40:30.000Z</Time>
            <Position>
              <LatitudeDegrees>37.3480008</LatitudeDegrees>
              <LongitudeDegrees>-121.8739533</LongitudeDegrees>
            </Position>
            <AltitudeMeters>23</AltitudeMeters>
            <DistanceMeters>1540.05</DistanceMeters>
            <HeartRateBpm><Value>140</Value></HeartRateBpm>
            <Cadence>168</Cadence>
          </Trackpoint>
          <Trackpoint>
            <Time>2026-04-11T13:40:35.000Z</Time>
            <Position>
              <LatitudeDegrees>37.3480786</LatitudeDegrees>
              <LongitudeDegrees>-121.8738553</LongitudeDegrees>
            </Position>
            <AltitudeMeters>23</AltitudeMeters>
            <DistanceMeters>1552.28</DistanceMeters>
            <HeartRateBpm><Value>140</Value></HeartRateBpm>
            <Cadence>168</Cadence>
          </Trackpoint>
          <Trackpoint>
            <Time>2026-04-11T13:40:40.000Z</Time>
            <Position>
              <LatitudeDegrees>37.3481564</LatitudeDegrees>
              <LongitudeDegrees>-121.8737573</LongitudeDegrees>
            </Position>
            <AltitudeMeters>23</AltitudeMeters>
            <DistanceMeters>1564.50</DistanceMeters>
            <HeartRateBpm><Value>140</Value></HeartRateBpm>
            <Cadence>168</Cadence>
          </Trackpoint>
          <Trackpoint>
            <Time>2026-04-11T13:40:45.000Z</Time>
            <Position>
              <LatitudeDegrees>37.3482342</LatitudeDegrees>
              <LongitudeDegrees>-121.8736593</LongitudeDegrees>
            </Position>
            <AltitudeMeters>23.1</AltitudeMeters>
            <DistanceMeters>1576.72</DistanceMeters>
            <HeartRateBpm><Value>140</Value></HeartRateBpm>
            <Cadence>168</Cadence>
          </Trackpoint>
          <Trackpoint>
            <Time>2026-04-11T13:40:50.000Z</Time>
            <Position>
              <LatitudeDegrees>37.3483120</LatitudeDegrees>
              <LongitudeDegrees>-121.8735613</LongitudeDegrees>
            </Position>
            <AltitudeMeters>23.1</AltitudeMeters>
            <DistanceMeters>1588.94</DistanceMeters>
            <HeartRateBpm><Value>140</Value></HeartRateBpm>
            <Cadence>168</Cadence>
          </Trackpoint>
          <Trackpoint>
            <Time>2026-04-11T13:40:55.000Z</Time>
            <Position>
              <LatitudeDegrees>37.3483898</LatitudeDegrees>
              <LongitudeDegrees>-121.8734633</LongitudeDegrees>
            </Position>
            <AltitudeMeters>23.1</AltitudeMeters>
            <DistanceMeters>1601.17</DistanceMeters>
            <HeartRateBpm><Value>140</Value></HeartRateBpm>
            <Cadence>168</Cadence>
          </Trackpoint>
          <Trackpoint>
            <Time>2026-04-11T13:41:00.000Z</Time>
            <Position>
              <LatitudeDegrees>37.3484676</LatitudeDegrees>
              <LongitudeDegrees>-121.8733653</LongitudeDegrees>
            </Position>
            <AltitudeMeters>23.1</AltitudeMeters>
            <DistanceMeters>1613.39</DistanceMeters>
            <HeartRateBpm><Value>140</Value></HeartRateBpm>
            <Cadence>168</Cadence>
          </Trackpoint>
          <Trackpoint>
            <Time>2026-04-11T13:41:05.000Z</Time>
            <Position>
              <LatitudeDegrees>37.3485453</LatitudeDegrees>
              <LongitudeDegrees>-121.8732673</LongitudeDegrees>
            </Position>
            <AltitudeMeters>23.2</AltitudeMeters>
            <DistanceMeters>1625.61</DistanceMeters>
            <HeartRateBpm><Value>140</Value></HeartRateBpm>
            <Cadence>168</Cadence>
          </Trackpoint>
          <Trackpoint>
            <Time>2026-04-11T13:41:10.000Z</Time>
            <Position>
              <LatitudeDegrees>37.3486231</LatitudeDegrees>
              <LongitudeDegrees>-121.8731693</LongitudeDegrees>
            </Position>
            <AltitudeMeters>23.2</AltitudeMeters>
            <DistanceMeters>1637.83</DistanceMeters>
            <HeartRateBpm><Value>140</Value></HeartRateBpm>
            <Cadence>168</Cadence>
          </Trackpoint>
          <Trackpoint>
            <Time>2026-04-11T13:41:15.000Z</Time>
            <Position>
              <LatitudeDegrees>37.3487009</LatitudeDegrees>
              <LongitudeDegrees>-121.8730714</LongitudeDegrees>
            </Position>
            <AltitudeMeters>23.2</AltitudeMeters>
            <DistanceMeters>1650.06</DistanceMeters>
            <HeartRateBpm><Value>140</Value></HeartRateBpm>
            <Cadence>168</Cadence>
          </Trackpoint>
          <Trackpoint>
            <Time>2026-04-11T13:41:20.000Z</Time>
            <Position>
              <LatitudeDegrees>37.3487787</LatitudeDegrees>
              <LongitudeDegrees>-121.8729734</LongitudeDegrees>
            </Position>
            <AltitudeMeters>23.3</AltitudeMeters>
            <DistanceMeters>1662.28</DistanceMeters>
            <HeartRateBpm><Value>140</Value></HeartRateBpm>
            <Cadence>168</Cadence>
          </Trackpoint>
          <Trackpoint>
            <Time>2026-04-11T13:41:25.000Z</Time>
            <Position>
              <LatitudeDegrees>37.3488565</LatitudeDegrees>
              <LongitudeDegrees>-121.8728754</LongitudeDegrees>
            </Position>
            <AltitudeMeters>23.3</AltitudeMeters>
            <DistanceMeters>1674.50</DistanceMeters>
            <HeartRateBpm><Value>140</Value></HeartRateBpm>
            <Cadence>168</Cadence>
          </Trackpoint>
          <Trackpoint>
            <Time>2026-04-11T13:41:30.000Z</Time>
            <Position>
              <LatitudeDegrees>37.3489343</LatitudeDegrees>
              <LongitudeDegrees>-121.8727774</LongitudeDegrees>
            </Position>
            <AltitudeMeters>23.3</AltitudeMeters>
            <DistanceMeters>1686.72</DistanceMeters>
            <HeartRateBpm><Value>140</Value></HeartRateBpm>
            <Cadence>168</Cadence>
          </Trackpoint>
          <Trackpoint>
            <Time>2026-04-11T13:41:35.000Z</Time>
            <Position>
              <LatitudeDegrees>37.3490120</LatitudeDegrees>
              <LongitudeDegrees>-121.8726794</LongitudeDegrees>
            </Position>
            <AltitudeMeters>23.4</AltitudeMeters>
            <DistanceMeters>1698.95</DistanceMeters>
            <HeartRateBpm><Value>140</Value></HeartRateBpm>
            <Cadence>168</Cadence>
          </Trackpoint>
          <Trackpoint>
            <Time>2026-04-11T13:41:40.000Z</Time>
            <Position>
              <LatitudeDegrees>37.3490898</LatitudeDegrees>
              <LongitudeDegrees>-121.8725814</LongitudeDegrees>
            </Position>
            <AltitudeMeters>23.4</AltitudeMeters>
            <DistanceMeters>1711.17</DistanceMeters>
            <HeartRateBpm><Value>140</Value></HeartRateBpm>
            <Cadence>168</Cadence>
          </Trackpoint>
          <Trackpoint>
            <Time>2026-04-11T13:41:45.000Z</Time>
            <Position>
              <LatitudeDegrees>37.3491676</LatitudeDegrees>
              <LongitudeDegrees>-121.8724834</LongitudeDegrees>
            </Position>
            <AltitudeMeters>23.5</AltitudeMeters>
            <DistanceMeters>1723.39</DistanceMeters>
            <HeartRateBpm><Value>140</Value></HeartRateBpm>
            <Cadence>168</Cadence>
          </Trackpoint>
          <Trackpoint>
            <Time>2026-04-11T13:41:50.000Z</Time>
            <Position>
              <LatitudeDegrees>37.3492454</LatitudeDegrees>
              <LongitudeDegrees>-121.8723854</LongitudeDegrees>
            </Position>
            <AltitudeMeters>23.5</AltitudeMeters>
            <DistanceMeters>1735.61</DistanceMeters>
            <HeartRateBpm><Value>140</Value></HeartRateBpm>
            <Cadence>168</Cadence>
          </Trackpoint>
          <Trackpoint>
            <Time>2026-04-11T13:41:55.000Z</Time>
            <Position>
              <LatitudeDegrees>37.3493232</LatitudeDegrees>
              <LongitudeDegrees>-121.8722874</LongitudeDegrees>
            </Position>
            <AltitudeMeters>23.6</AltitudeMeters>
            <DistanceMeters>1747.84</DistanceMeters>
            <HeartRateBpm><Value>140</Value></HeartRateBpm>
            <Cadence>168</Cadence>
          </Trackpoint>
          <Trackpoint>
            <Time>2026-04-11T13:42:00.000Z</Time>
            <Position>
              <LatitudeDegrees>37.3494010</LatitudeDegrees>
              <LongitudeDegrees>-121.8721895</LongitudeDegrees>
            </Position>
            <AltitudeMeters>23.6</AltitudeMeters>
            <DistanceMeters>1760.06</DistanceMeters>
            <HeartRateBpm><Value>140</Value></HeartRateBpm>
            <Cadence>168</Cadence>
          </Trackpoint>
          <Trackpoint>
            <Time>2026-04-11T13:42:05.000Z</Time>
            <Position>
              <LatitudeDegrees>37.3494788</LatitudeDegrees>
              <LongitudeDegrees>-121.8720915</LongitudeDegrees>
            </Position>
            <AltitudeMeters>23.7</AltitudeMeters>
            <DistanceMeters>1772.28</DistanceMeters>
            <HeartRateBpm><Value>140</Value></HeartRateBpm>
            <Cadence>168</Cadence>
          </Trackpoint>
          <Trackpoint>
            <Time>2026-04-11T13:42:10.000Z</Time>
            <Position>
              <LatitudeDegrees>37.3495565</LatitudeDegrees>
              <LongitudeDegrees>-121.8719935</LongitudeDegrees>
            </Position>
            <AltitudeMeters>23.7</AltitudeMeters>
            <DistanceMeters>1784.51</DistanceMeters>
            <HeartRateBpm><Value>140</Value></HeartRateBpm>
            <Cadence>168</Cadence>
          </Trackpoint>
          <Trackpoint>
            <Time>2026-04-11T13:42:15.000Z</Time>
            <Position>
              <LatitudeDegrees>37.3496343</LatitudeDegrees>
              <LongitudeDegrees>-121.8718955</LongitudeDegrees>
            </Position>
            <AltitudeMeters>23.8</AltitudeMeters>
            <DistanceMeters>1796.73</DistanceMeters>
            <HeartRateBpm><Value>140</Value></HeartRateBpm>
            <Cadence>168</Cadence>
          </Trackpoint>
          <Trackpoint>
            <Time>2026-04-11T13:42:20.000Z</Time>
            <Position>
              <LatitudeDegrees>37.3497121</LatitudeDegrees>
              <LongitudeDegrees>-121.8717975</LongitudeDegrees>
            </Position>
            <AltitudeMeters>23.9</AltitudeMeters>
            <DistanceMeters>1808.95</DistanceMeters>
            <HeartRateBpm><Value>140</Value></HeartRateBpm>
            <Cadence>168</Cadence>
          </Trackpoint>
          <Trackpoint>
            <Time>2026-04-11T13:42:25.000Z</Time>
            <Position>
              <LatitudeDegrees>37.3497899</LatitudeDegrees>
              <LongitudeDegrees>-121.8716995</LongitudeDegrees>
            </Position>
            <AltitudeMeters>23.9</AltitudeMeters>
            <DistanceMeters>1821.17</DistanceMeters>
            <HeartRateBpm><Value>140</Value></HeartRateBpm>
            <Cadence>168</Cadence>
          </Trackpoint>
          <Trackpoint>
            <Time>2026-04-11T13:42:30.000Z</Time>
            <Position>
              <LatitudeDegrees>37.3498677</LatitudeDegrees>
              <LongitudeDegrees>-121.8716015</LongitudeDegrees>
            </Position>
            <AltitudeMeters>24</AltitudeMeters>
            <DistanceMeters>1833.40</DistanceMeters>
            <HeartRateBpm><Value>140</Value></HeartRateBpm>
            <Cadence>168</Cadence>
          </Trackpoint>
          <Trackpoint>
            <Time>2026-04-11T13:42:35.000Z</Time>
            <Position>
              <LatitudeDegrees>37.3499455</LatitudeDegrees>
              <LongitudeDegrees>-121.8715035</LongitudeDegrees>
            </Position>
            <AltitudeMeters>24.1</AltitudeMeters>
            <DistanceMeters>1845.62</DistanceMeters>
            <HeartRateBpm><Value>140</Value></HeartRateBpm>
            <Cadence>168</Cadence>
          </Trackpoint>
          <Trackpoint>
            <Time>2026-04-11T13:42:40.000Z</Time>
            <Position>
              <LatitudeDegrees>37.3500232</LatitudeDegrees>
              <LongitudeDegrees>-121.8714055</LongitudeDegrees>
            </Position>
            <AltitudeMeters>24.1</AltitudeMeters>
            <DistanceMeters>1857.84</DistanceMeters>
            <HeartRateBpm><Value>140</Value></HeartRateBpm>
            <Cadence>168</Cadence>
          </Trackpoint>
          <Trackpoint>
            <Time>2026-04-11T13:42:45.000Z</Time>
            <Position>
              <LatitudeDegrees>37.3501010</LatitudeDegrees>
              <LongitudeDegrees>-121.8713075</LongitudeDegrees>
            </Position>
            <AltitudeMeters>24.2</AltitudeMeters>
            <DistanceMeters>1870.06</DistanceMeters>
            <HeartRateBpm><Value>140</Value></HeartRateBpm>
            <Cadence>168</Cadence>
          </Trackpoint>
          <Trackpoint>
            <Time>2026-04-11T13:42:50.000Z</Time>
            <Position>
              <LatitudeDegrees>37.3501788</LatitudeDegrees>
              <LongitudeDegrees>-121.8712096</LongitudeDegrees>
            </Position>
            <AltitudeMeters>24.3</AltitudeMeters>
            <DistanceMeters>1882.29</DistanceMeters>
            <HeartRateBpm><Value>140</Value></HeartRateBpm>
            <Cadence>168</Cadence>
          </Trackpoint>
          <Trackpoint>
            <Time>2026-04-11T13:42:55.000Z</Time>
            <Position>
              <LatitudeDegrees>37.3502566</LatitudeDegrees>
              <LongitudeDegrees>-121.8711116</LongitudeDegrees>
            </Position>
            <AltitudeMeters>24.3</AltitudeMeters>
            <DistanceMeters>1894.51</DistanceMeters>
            <HeartRateBpm><Value>140</Value></HeartRateBpm>
            <Cadence>168</Cadence>
          </Trackpoint>
          <Trackpoint>
            <Time>2026-04-11T13:43:00.000Z</Time>
            <Position>
              <LatitudeDegrees>37.3503344</LatitudeDegrees>
              <LongitudeDegrees>-121.8710136</LongitudeDegrees>
            </Position>
            <AltitudeMeters>24.4</AltitudeMeters>
            <DistanceMeters>1906.73</DistanceMeters>
            <HeartRateBpm><Value>140</Value></HeartRateBpm>
            <Cadence>168</Cadence>
          </Trackpoint>
          <Trackpoint>
            <Time>2026-04-11T13:43:05.000Z</Time>
            <Position>
              <LatitudeDegrees>37.3504122</LatitudeDegrees>
              <LongitudeDegrees>-121.8709156</LongitudeDegrees>
            </Position>
            <AltitudeMeters>24.5</AltitudeMeters>
            <DistanceMeters>1918.95</DistanceMeters>
            <HeartRateBpm><Value>140</Value></HeartRateBpm>
            <Cadence>168</Cadence>
          </Trackpoint>
          <Trackpoint>
            <Time>2026-04-11T13:43:10.000Z</Time>
            <Position>
              <LatitudeDegrees>37.3504899</LatitudeDegrees>
              <LongitudeDegrees>-121.8708176</LongitudeDegrees>
            </Position>
            <AltitudeMeters>24.6</AltitudeMeters>
            <DistanceMeters>1931.18</DistanceMeters>
            <HeartRateBpm><Value>140</Value></HeartRateBpm>
            <Cadence>168</Cadence>
          </Trackpoint>
          <Trackpoint>
            <Time>2026-04-11T13:43:15.000Z</Time>
            <Position>
              <LatitudeDegrees>37.3505677</LatitudeDegrees>
              <LongitudeDegrees>-121.8707196</LongitudeDegrees>
            </Position>
            <AltitudeMeters>24.6</AltitudeMeters>
            <DistanceMeters>1943.40</DistanceMeters>
            <HeartRateBpm><Value>140</Value></HeartRateBpm>
            <Cadence>168</Cadence>
          </Trackpoint>
          <Trackpoint>
            <Time>2026-04-11T13:43:20.000Z</Time>
            <Position>
              <LatitudeDegrees>37.3506455</LatitudeDegrees>
              <LongitudeDegrees>-121.8706216</LongitudeDegrees>
            </Position>
            <AltitudeMeters>24.7</AltitudeMeters>
            <DistanceMeters>1955.62</DistanceMeters>
            <HeartRateBpm><Value>140</Value></HeartRateBpm>
            <Cadence>168</Cadence>
          </Trackpoint>
          <Trackpoint>
            <Time>2026-04-11T13:43:25.000Z</Time>
            <Position>
              <LatitudeDegrees>37.3507233</LatitudeDegrees>
              <LongitudeDegrees>-121.8705236</LongitudeDegrees>
            </Position>
            <AltitudeMeters>24.8</AltitudeMeters>
            <DistanceMeters>1967.85</DistanceMeters>
            <HeartRateBpm><Value>140</Value></HeartRateBpm>
            <Cadence>168</Cadence>
          </Trackpoint>
          <Trackpoint>
            <Time>2026-04-11T13:43:30.000Z</Time>
            <Position>
              <LatitudeDegrees>37.3508011</LatitudeDegrees>
              <LongitudeDegrees>-121.8704256</LongitudeDegrees>
            </Position>
            <AltitudeMeters>24.9</AltitudeMeters>
            <DistanceMeters>1980.07</DistanceMeters>
            <HeartRateBpm><Value>140</Value></HeartRateBpm>
            <Cadence>168</Cadence>
          </Trackpoint>
          <Trackpoint>
            <Time>2026-04-11T13:43:35.000Z</Time>
            <Position>
              <LatitudeDegrees>37.3508789</LatitudeDegrees>
              <LongitudeDegrees>-121.8703276</LongitudeDegrees>
            </Position>
            <AltitudeMeters>25</AltitudeMeters>
            <DistanceMeters>1992.29</DistanceMeters>
            <HeartRateBpm><Value>140</Value></HeartRateBpm>
            <Cadence>168</Cadence>
          </Trackpoint>
          <Trackpoint>
            <Time>2026-04-11T13:43:40.000Z</Time>
            <Position>
              <LatitudeDegrees>37.3509567</LatitudeDegrees>
              <LongitudeDegrees>-121.8702297</LongitudeDegrees>
            </Position>
            <AltitudeMeters>25</AltitudeMeters>
            <DistanceMeters>2004.51</DistanceMeters>
            <HeartRateBpm><Value>140</Value></HeartRateBpm>
            <Cadence>168</Cadence>
          </Trackpoint>
          <Trackpoint>
            <Time>2026-04-11T13:43:45.000Z</Time>
            <Position>
              <LatitudeDegrees>37.3510344</LatitudeDegrees>
              <LongitudeDegrees>-121.8701317</LongitudeDegrees>
            </Position>
            <AltitudeMeters>25.1</AltitudeMeters>
            <DistanceMeters>2016.74</DistanceMeters>
            <HeartRateBpm><Value>140</Value></HeartRateBpm>
            <Cadence>168</Cadence>
          </Trackpoint>
          <Trackpoint>
            <Time>2026-04-11T13:43:50.000Z</Time>
            <Position>
              <LatitudeDegrees>37.3511122</LatitudeDegrees>
              <LongitudeDegrees>-121.8700337</LongitudeDegrees>
            </Position>
            <AltitudeMeters>25.2</AltitudeMeters>
            <DistanceMeters>2028.96</DistanceMeters>
            <HeartRateBpm><Value>140</Value></HeartRateBpm>
            <Cadence>168</Cadence>
          </Trackpoint>
          <Trackpoint>
            <Time>2026-04-11T13:43:55.000Z</Time>
            <Position>
              <LatitudeDegrees>37.3511900</LatitudeDegrees>
              <LongitudeDegrees>-121.8699357</LongitudeDegrees>
            </Position>
            <AltitudeMeters>25.3</AltitudeMeters>
            <DistanceMeters>2041.18</DistanceMeters>
            <HeartRateBpm><Value>140</Value></HeartRateBpm>
            <Cadence>168</Cadence>
          </Trackpoint>
          <Trackpoint>
            <Time>2026-04-11T13:44:00.000Z</Time>
            <Position>
              <LatitudeDegrees>37.3512678</LatitudeDegrees>
              <LongitudeDegrees>-121.8698377</LongitudeDegrees>
            </Position>
            <AltitudeMeters>25.3</AltitudeMeters>
            <DistanceMeters>2053.40</DistanceMeters>
            <HeartRateBpm><Value>140</Value></HeartRateBpm>
            <Cadence>168</Cadence>
          </Trackpoint>
          <Trackpoint>
            <Time>2026-04-11T13:44:05.000Z</Time>
            <Position>
              <LatitudeDegrees>37.3513456</LatitudeDegrees>
              <LongitudeDegrees>-121.8697397</LongitudeDegrees>
            </Position>
            <AltitudeMeters>25.4</AltitudeMeters>
            <DistanceMeters>2065.63</DistanceMeters>
            <HeartRateBpm><Value>140</Value></HeartRateBpm>
            <Cadence>168</Cadence>
          </Trackpoint>
          <Trackpoint>
            <Time>2026-04-11T13:44:10.000Z</Time>
            <Position>
              <LatitudeDegrees>37.3514234</LatitudeDegrees>
              <LongitudeDegrees>-121.8696417</LongitudeDegrees>
            </Position>
            <AltitudeMeters>25.5</AltitudeMeters>
            <DistanceMeters>2077.85</DistanceMeters>
            <HeartRateBpm><Value>140</Value></HeartRateBpm>
            <Cadence>168</Cadence>
          </Trackpoint>
          <Trackpoint>
            <Time>2026-04-11T13:44:15.000Z</Time>
            <Position>
              <LatitudeDegrees>37.3515011</LatitudeDegrees>
              <LongitudeDegrees>-121.8695437</LongitudeDegrees>
            </Position>
            <AltitudeMeters>25.6</AltitudeMeters>
            <DistanceMeters>2090.07</DistanceMeters>
            <HeartRateBpm><Value>140</Value></HeartRateBpm>
            <Cadence>168</Cadence>
          </Trackpoint>
          <Trackpoint>
            <Time>2026-04-11T13:44:20.000Z</Time>
            <Position>
              <LatitudeDegrees>37.3515789</LatitudeDegrees>
              <LongitudeDegrees>-121.8694457</LongitudeDegrees>
            </Position>
            <AltitudeMeters>25.6</AltitudeMeters>
            <DistanceMeters>2102.29</DistanceMeters>
            <HeartRateBpm><Value>140</Value></HeartRateBpm>
            <Cadence>168</Cadence>
          </Trackpoint>
          <Trackpoint>
            <Time>2026-04-11T13:44:25.000Z</Time>
            <Position>
              <LatitudeDegrees>37.3516567</LatitudeDegrees>
              <LongitudeDegrees>-121.8693477</LongitudeDegrees>
            </Position>
            <AltitudeMeters>25.7</AltitudeMeters>
            <DistanceMeters>2114.52</DistanceMeters>
            <HeartRateBpm><Value>140</Value></HeartRateBpm>
            <Cadence>168</Cadence>
          </Trackpoint>
          <Trackpoint>
            <Time>2026-04-11T13:44:30.000Z</Time>
            <Position>
              <LatitudeDegrees>37.3517345</LatitudeDegrees>
              <LongitudeDegrees>-121.8692498</LongitudeDegrees>
            </Position>
            <AltitudeMeters>25.8</AltitudeMeters>
            <DistanceMeters>2126.74</DistanceMeters>
            <HeartRateBpm><Value>140</Value></HeartRateBpm>
            <Cadence>168</Cadence>
          </Trackpoint>
          <Trackpoint>
            <Time>2026-04-11T13:44:35.000Z</Time>
            <Position>
              <LatitudeDegrees>37.3518123</LatitudeDegrees>
              <LongitudeDegrees>-121.8691518</LongitudeDegrees>
            </Position>
            <AltitudeMeters>25.8</AltitudeMeters>
            <DistanceMeters>2138.96</DistanceMeters>
            <HeartRateBpm><Value>140</Value></HeartRateBpm>
            <Cadence>168</Cadence>
          </Trackpoint>
          <Trackpoint>
            <Time>2026-04-11T13:44:40.000Z</Time>
            <Position>
              <LatitudeDegrees>37.3518901</LatitudeDegrees>
              <LongitudeDegrees>-121.8690538</LongitudeDegrees>
            </Position>
            <AltitudeMeters>25.9</AltitudeMeters>
            <DistanceMeters>2151.18</DistanceMeters>
            <HeartRateBpm><Value>140</Value></HeartRateBpm>
            <Cadence>168</Cadence>
          </Trackpoint>
          <Trackpoint>
            <Time>2026-04-11T13:44:45.000Z</Time>
            <Position>
              <LatitudeDegrees>37.3519679</LatitudeDegrees>
              <LongitudeDegrees>-121.8689558</LongitudeDegrees>
            </Position>
            <AltitudeMeters>26</AltitudeMeters>
            <DistanceMeters>2163.41</DistanceMeters>
            <HeartRateBpm><Value>140</Value></HeartRateBpm>
            <Cadence>168</Cadence>
          </Trackpoint>
          <Trackpoint>
            <Time>2026-04-11T13:44:50.000Z</Time>
            <Position>
              <LatitudeDegrees>37.3520456</LatitudeDegrees>
              <LongitudeDegrees>-121.8688578</LongitudeDegrees>
            </Position>
            <AltitudeMeters>26</AltitudeMeters>
            <DistanceMeters>2175.63</DistanceMeters>
            <HeartRateBpm><Value>140</Value></HeartRateBpm>
            <Cadence>168</Cadence>
          </Trackpoint>
          <Trackpoint>
            <Time>2026-04-11T13:44:55.000Z</Time>
            <Position>
              <LatitudeDegrees>37.3521234</LatitudeDegrees>
              <LongitudeDegrees>-121.8687598</LongitudeDegrees>
            </Position>
            <AltitudeMeters>26.1</AltitudeMeters>
            <DistanceMeters>2187.85</DistanceMeters>
            <HeartRateBpm><Value>140</Value></HeartRateBpm>
            <Cadence>168</Cadence>
          </Trackpoint>
          <Trackpoint>
            <Time>2026-04-11T13:45:00.000Z</Time>
            <Position>
              <LatitudeDegrees>37.3522012</LatitudeDegrees>
              <LongitudeDegrees>-121.8686618</LongitudeDegrees>
            </Position>
            <AltitudeMeters>26.2</AltitudeMeters>
            <DistanceMeters>2200.08</DistanceMeters>
            <HeartRateBpm><Value>140</Value></HeartRateBpm>
            <Cadence>168</Cadence>
          </Trackpoint>
          <Trackpoint>
            <Time>2026-04-11T13:45:05.000Z</Time>
            <Position>
              <LatitudeDegrees>37.3522790</LatitudeDegrees>
              <LongitudeDegrees>-121.8685638</LongitudeDegrees>
            </Position>
            <AltitudeMeters>26.2</AltitudeMeters>
            <DistanceMeters>2212.30</DistanceMeters>
            <HeartRateBpm><Value>140</Value></HeartRateBpm>
            <Cadence>168</Cadence>
          </Trackpoint>
          <Trackpoint>
            <Time>2026-04-11T13:45:10.000Z</Time>
            <Position>
              <LatitudeDegrees>37.3523568</LatitudeDegrees>
              <LongitudeDegrees>-121.8684658</LongitudeDegrees>
            </Position>
            <AltitudeMeters>26.3</AltitudeMeters>
            <DistanceMeters>2224.52</DistanceMeters>
            <HeartRateBpm><Value>140</Value></HeartRateBpm>
            <Cadence>168</Cadence>
          </Trackpoint>
          <Trackpoint>
            <Time>2026-04-11T13:45:15.000Z</Time>
            <Position>
              <LatitudeDegrees>37.3524346</LatitudeDegrees>
              <LongitudeDegrees>-121.8683678</LongitudeDegrees>
            </Position>
            <AltitudeMeters>26.4</AltitudeMeters>
            <DistanceMeters>2236.74</DistanceMeters>
            <HeartRateBpm><Value>140</Value></HeartRateBpm>
            <Cadence>168</Cadence>
          </Trackpoint>
          <Trackpoint>
            <Time>2026-04-11T13:45:20.000Z</Time>
            <Position>
              <LatitudeDegrees>37.3525123</LatitudeDegrees>
              <LongitudeDegrees>-121.8682699</LongitudeDegrees>
            </Position>
            <AltitudeMeters>26.4</AltitudeMeters>
            <DistanceMeters>2248.97</DistanceMeters>
            <HeartRateBpm><Value>140</Value></HeartRateBpm>
            <Cadence>168</Cadence>
          </Trackpoint>
          <Trackpoint>
            <Time>2026-04-11T13:45:25.000Z</Time>
            <Position>
              <LatitudeDegrees>37.3525901</LatitudeDegrees>
              <LongitudeDegrees>-121.8681719</LongitudeDegrees>
            </Position>
            <AltitudeMeters>26.5</AltitudeMeters>
            <DistanceMeters>2261.19</DistanceMeters>
            <HeartRateBpm><Value>140</Value></HeartRateBpm>
            <Cadence>168</Cadence>
          </Trackpoint>
          <Trackpoint>
            <Time>2026-04-11T13:45:30.000Z</Time>
            <Position>
              <LatitudeDegrees>37.3526679</LatitudeDegrees>
              <LongitudeDegrees>-121.8680739</LongitudeDegrees>
            </Position>
            <AltitudeMeters>26.5</AltitudeMeters>
            <DistanceMeters>2273.41</DistanceMeters>
            <HeartRateBpm><Value>140</Value></HeartRateBpm>
            <Cadence>168</Cadence>
          </Trackpoint>
          <Trackpoint>
            <Time>2026-04-11T13:45:35.000Z</Time>
            <Position>
              <LatitudeDegrees>37.3527457</LatitudeDegrees>
              <LongitudeDegrees>-121.8679759</LongitudeDegrees>
            </Position>
            <AltitudeMeters>26.6</AltitudeMeters>
            <DistanceMeters>2285.63</DistanceMeters>
            <HeartRateBpm><Value>140</Value></HeartRateBpm>
            <Cadence>168</Cadence>
          </Trackpoint>
          <Trackpoint>
            <Time>2026-04-11T13:45:40.000Z</Time>
            <Position>
              <LatitudeDegrees>37.3528235</LatitudeDegrees>
              <LongitudeDegrees>-121.8678779</LongitudeDegrees>
            </Position>
            <AltitudeMeters>26.6</AltitudeMeters>
            <DistanceMeters>2297.86</DistanceMeters>
            <HeartRateBpm><Value>140</Value></HeartRateBpm>
            <Cadence>168</Cadence>
          </Trackpoint>
          <Trackpoint>
            <Time>2026-04-11T13:45:45.000Z</Time>
            <Position>
              <LatitudeDegrees>37.3529013</LatitudeDegrees>
              <LongitudeDegrees>-121.8677799</LongitudeDegrees>
            </Position>
            <AltitudeMeters>26.7</AltitudeMeters>
            <DistanceMeters>2310.08</DistanceMeters>
            <HeartRateBpm><Value>140</Value></HeartRateBpm>
            <Cadence>168</Cadence>
          </Trackpoint>
          <Trackpoint>
            <Time>2026-04-11T13:45:50.000Z</Time>
            <Position>
              <LatitudeDegrees>37.3529791</LatitudeDegrees>
              <LongitudeDegrees>-121.8676819</LongitudeDegrees>
            </Position>
            <AltitudeMeters>26.7</AltitudeMeters>
            <DistanceMeters>2322.30</DistanceMeters>
            <HeartRateBpm><Value>140</Value></HeartRateBpm>
            <Cadence>168</Cadence>
          </Trackpoint>
          <Trackpoint>
            <Time>2026-04-11T13:45:55.000Z</Time>
            <Position>
              <LatitudeDegrees>37.3530568</LatitudeDegrees>
              <LongitudeDegrees>-121.8675839</LongitudeDegrees>
            </Position>
            <AltitudeMeters>26.7</AltitudeMeters>
            <DistanceMeters>2334.52</DistanceMeters>
            <HeartRateBpm><Value>140</Value></HeartRateBpm>
            <Cadence>168</Cadence>
          </Trackpoint>
          <Trackpoint>
            <Time>2026-04-11T13:46:00.000Z</Time>
            <Position>
              <LatitudeDegrees>37.3531346</LatitudeDegrees>
              <LongitudeDegrees>-121.8674859</LongitudeDegrees>
            </Position>
            <AltitudeMeters>26.8</AltitudeMeters>
            <DistanceMeters>2346.75</DistanceMeters>
            <HeartRateBpm><Value>140</Value></HeartRateBpm>
            <Cadence>168</Cadence>
          </Trackpoint>
          <Trackpoint>
            <Time>2026-04-11T13:46:05.000Z</Time>
            <Position>
              <LatitudeDegrees>37.3532124</LatitudeDegrees>
              <LongitudeDegrees>-121.8673879</LongitudeDegrees>
            </Position>
            <AltitudeMeters>26.8</AltitudeMeters>
            <DistanceMeters>2358.97</DistanceMeters>
            <HeartRateBpm><Value>140</Value></HeartRateBpm>
            <Cadence>168</Cadence>
          </Trackpoint>
          <Trackpoint>
            <Time>2026-04-11T13:46:10.000Z</Time>
            <Position>
              <LatitudeDegrees>37.3532902</LatitudeDegrees>
              <LongitudeDegrees>-121.8672900</LongitudeDegrees>
            </Position>
            <AltitudeMeters>26.8</AltitudeMeters>
            <DistanceMeters>2371.19</DistanceMeters>
            <HeartRateBpm><Value>140</Value></HeartRateBpm>
            <Cadence>168</Cadence>
          </Trackpoint>
          <Trackpoint>
            <Time>2026-04-11T13:46:15.000Z</Time>
            <Position>
              <LatitudeDegrees>37.3533680</LatitudeDegrees>
              <LongitudeDegrees>-121.8671920</LongitudeDegrees>
            </Position>
            <AltitudeMeters>26.9</AltitudeMeters>
            <DistanceMeters>2383.41</DistanceMeters>
            <HeartRateBpm><Value>140</Value></HeartRateBpm>
            <Cadence>168</Cadence>
          </Trackpoint>
          <Trackpoint>
            <Time>2026-04-11T13:46:20.000Z</Time>
            <Position>
              <LatitudeDegrees>37.3534458</LatitudeDegrees>
              <LongitudeDegrees>-121.8670940</LongitudeDegrees>
            </Position>
            <AltitudeMeters>26.9</AltitudeMeters>
            <DistanceMeters>2395.64</DistanceMeters>
            <HeartRateBpm><Value>140</Value></HeartRateBpm>
            <Cadence>168</Cadence>
          </Trackpoint>
          <Trackpoint>
            <Time>2026-04-11T13:46:25.000Z</Time>
            <Position>
              <LatitudeDegrees>37.3535235</LatitudeDegrees>
              <LongitudeDegrees>-121.8669960</LongitudeDegrees>
            </Position>
            <AltitudeMeters>26.9</AltitudeMeters>
            <DistanceMeters>2407.86</DistanceMeters>
            <HeartRateBpm><Value>140</Value></HeartRateBpm>
            <Cadence>168</Cadence>
          </Trackpoint>
          <Trackpoint>
            <Time>2026-04-11T13:46:30.000Z</Time>
            <Position>
              <LatitudeDegrees>37.3536013</LatitudeDegrees>
              <LongitudeDegrees>-121.8668980</LongitudeDegrees>
            </Position>
            <AltitudeMeters>26.9</AltitudeMeters>
            <DistanceMeters>2420.08</DistanceMeters>
            <HeartRateBpm><Value>140</Value></HeartRateBpm>
            <Cadence>168</Cadence>
          </Trackpoint>
          <Trackpoint>
            <Time>2026-04-11T13:46:35.000Z</Time>
            <Position>
              <LatitudeDegrees>37.3536791</LatitudeDegrees>
              <LongitudeDegrees>-121.8668000</LongitudeDegrees>
            </Position>
            <AltitudeMeters>27</AltitudeMeters>
            <DistanceMeters>2432.31</DistanceMeters>
            <HeartRateBpm><Value>140</Value></HeartRateBpm>
            <Cadence>168</Cadence>
          </Trackpoint>
          <Trackpoint>
            <Time>2026-04-11T13:46:40.000Z</Time>
            <Position>
              <LatitudeDegrees>37.3537569</LatitudeDegrees>
              <LongitudeDegrees>-121.8667020</LongitudeDegrees>
            </Position>
            <AltitudeMeters>27</AltitudeMeters>
            <DistanceMeters>2444.53</DistanceMeters>
            <HeartRateBpm><Value>140</Value></HeartRateBpm>
            <Cadence>168</Cadence>
          </Trackpoint>
          <Trackpoint>
            <Time>2026-04-11T13:46:45.000Z</Time>
            <Position>
              <LatitudeDegrees>37.3538347</LatitudeDegrees>
              <LongitudeDegrees>-121.8666040</LongitudeDegrees>
            </Position>
            <AltitudeMeters>27</AltitudeMeters>
            <DistanceMeters>2456.75</DistanceMeters>
            <HeartRateBpm><Value>140</Value></HeartRateBpm>
            <Cadence>168</Cadence>
          </Trackpoint>
          <Trackpoint>
            <Time>2026-04-11T13:46:50.000Z</Time>
            <Position>
              <LatitudeDegrees>37.3539125</LatitudeDegrees>
              <LongitudeDegrees>-121.8665060</LongitudeDegrees>
            </Position>
            <AltitudeMeters>27</AltitudeMeters>
            <DistanceMeters>2468.97</DistanceMeters>
            <HeartRateBpm><Value>140</Value></HeartRateBpm>
            <Cadence>168</Cadence>
          </Trackpoint>
          <Trackpoint>
            <Time>2026-04-11T13:46:55.000Z</Time>
            <Position>
              <LatitudeDegrees>37.3539903</LatitudeDegrees>
              <LongitudeDegrees>-121.8664080</LongitudeDegrees>
            </Position>
            <AltitudeMeters>27</AltitudeMeters>
            <DistanceMeters>2481.20</DistanceMeters>
            <HeartRateBpm><Value>140</Value></HeartRateBpm>
            <Cadence>168</Cadence>
          </Trackpoint>
          <Trackpoint>
            <Time>2026-04-11T13:47:00.000Z</Time>
            <Position>
              <LatitudeDegrees>37.3540680</LatitudeDegrees>
              <LongitudeDegrees>-121.8663101</LongitudeDegrees>
            </Position>
            <AltitudeMeters>27</AltitudeMeters>
            <DistanceMeters>2493.42</DistanceMeters>
            <HeartRateBpm><Value>140</Value></HeartRateBpm>
            <Cadence>168</Cadence>
          </Trackpoint>
          <Trackpoint>
            <Time>2026-04-11T13:47:05.000Z</Time>
            <Position>
              <LatitudeDegrees>37.3541458</LatitudeDegrees>
              <LongitudeDegrees>-121.8662121</LongitudeDegrees>
            </Position>
            <AltitudeMeters>27</AltitudeMeters>
            <DistanceMeters>2505.64</DistanceMeters>
            <HeartRateBpm><Value>140</Value></HeartRateBpm>
            <Cadence>168</Cadence>
          </Trackpoint>
          <Trackpoint>
            <Time>2026-04-11T13:47:10.000Z</Time>
            <Position>
              <LatitudeDegrees>37.3542236</LatitudeDegrees>
              <LongitudeDegrees>-121.8661141</LongitudeDegrees>
            </Position>
            <AltitudeMeters>27</AltitudeMeters>
            <DistanceMeters>2517.86</DistanceMeters>
            <HeartRateBpm><Value>140</Value></HeartRateBpm>
            <Cadence>168</Cadence>
          </Trackpoint>
          <Trackpoint>
            <Time>2026-04-11T13:47:15.000Z</Time>
            <Position>
              <LatitudeDegrees>37.3543014</LatitudeDegrees>
              <LongitudeDegrees>-121.8660161</LongitudeDegrees>
            </Position>
            <AltitudeMeters>27</AltitudeMeters>
            <DistanceMeters>2530.09</DistanceMeters>
            <HeartRateBpm><Value>140</Value></HeartRateBpm>
            <Cadence>168</Cadence>
          </Trackpoint>
          <Trackpoint>
            <Time>2026-04-11T13:47:20.000Z</Time>
            <Position>
              <LatitudeDegrees>37.3543792</LatitudeDegrees>
              <LongitudeDegrees>-121.8659181</LongitudeDegrees>
            </Position>
            <AltitudeMeters>27</AltitudeMeters>
            <DistanceMeters>2542.31</DistanceMeters>
            <HeartRateBpm><Value>140</Value></HeartRateBpm>
            <Cadence>168</Cadence>
          </Trackpoint>
          <Trackpoint>
            <Time>2026-04-11T13:47:25.000Z</Time>
            <Position>
              <LatitudeDegrees>37.3544570</LatitudeDegrees>
              <LongitudeDegrees>-121.8658201</LongitudeDegrees>
            </Position>
            <AltitudeMeters>27</AltitudeMeters>
            <DistanceMeters>2554.53</DistanceMeters>
            <HeartRateBpm><Value>140</Value></HeartRateBpm>
            <Cadence>168</Cadence>
          </Trackpoint>
          <Trackpoint>
            <Time>2026-04-11T13:47:30.000Z</Time>
            <Position>
              <LatitudeDegrees>37.3545347</LatitudeDegrees>
              <LongitudeDegrees>-121.8657221</LongitudeDegrees>
            </Position>
            <AltitudeMeters>27</AltitudeMeters>
            <DistanceMeters>2566.75</DistanceMeters>
            <HeartRateBpm><Value>140</Value></HeartRateBpm>
            <Cadence>168</Cadence>
          </Trackpoint>
          <Trackpoint>
            <Time>2026-04-11T13:47:35.000Z</Time>
            <Position>
              <LatitudeDegrees>37.3546125</LatitudeDegrees>
              <LongitudeDegrees>-121.8656241</LongitudeDegrees>
            </Position>
            <AltitudeMeters>26.9</AltitudeMeters>
            <DistanceMeters>2578.98</DistanceMeters>
            <HeartRateBpm><Value>140</Value></HeartRateBpm>
            <Cadence>168</Cadence>
          </Trackpoint>
          <Trackpoint>
            <Time>2026-04-11T13:47:40.000Z</Time>
            <Position>
              <LatitudeDegrees>37.3546903</LatitudeDegrees>
              <LongitudeDegrees>-121.8655261</LongitudeDegrees>
            </Position>
            <AltitudeMeters>26.9</AltitudeMeters>
            <DistanceMeters>2591.20</DistanceMeters>
            <HeartRateBpm><Value>140</Value></HeartRateBpm>
            <Cadence>168</Cadence>
          </Trackpoint>
          <Trackpoint>
            <Time>2026-04-11T13:47:45.000Z</Time>
            <Position>
              <LatitudeDegrees>37.3547681</LatitudeDegrees>
              <LongitudeDegrees>-121.8654281</LongitudeDegrees>
            </Position>
            <AltitudeMeters>26.9</AltitudeMeters>
            <DistanceMeters>2603.42</DistanceMeters>
            <HeartRateBpm><Value>140</Value></HeartRateBpm>
            <Cadence>168</Cadence>
          </Trackpoint>
          <Trackpoint>
            <Time>2026-04-11T13:47:50.000Z</Time>
            <Position>
              <LatitudeDegrees>37.3548459</LatitudeDegrees>
              <LongitudeDegrees>-121.8653302</LongitudeDegrees>
            </Position>
            <AltitudeMeters>26.9</AltitudeMeters>
            <DistanceMeters>2615.64</DistanceMeters>
            <HeartRateBpm><Value>140</Value></HeartRateBpm>
            <Cadence>168</Cadence>
          </Trackpoint>
          <Trackpoint>
            <Time>2026-04-11T13:47:55.000Z</Time>
            <Position>
              <LatitudeDegrees>37.3549237</LatitudeDegrees>
              <LongitudeDegrees>-121.8652322</LongitudeDegrees>
            </Position>
            <AltitudeMeters>26.8</AltitudeMeters>
            <DistanceMeters>2627.87</DistanceMeters>
            <HeartRateBpm><Value>140</Value></HeartRateBpm>
            <Cadence>168</Cadence>
          </Trackpoint>
          <Trackpoint>
            <Time>2026-04-11T13:48:00.000Z</Time>
            <Position>
              <LatitudeDegrees>37.3550014</LatitudeDegrees>
              <LongitudeDegrees>-121.8651342</LongitudeDegrees>
            </Position>
            <AltitudeMeters>26.8</AltitudeMeters>
            <DistanceMeters>2640.09</DistanceMeters>
            <HeartRateBpm><Value>140</Value></HeartRateBpm>
            <Cadence>168</Cadence>
          </Trackpoint>
          <Trackpoint>
            <Time>2026-04-11T13:48:05.000Z</Time>
            <Position>
              <LatitudeDegrees>37.3550792</LatitudeDegrees>
              <LongitudeDegrees>-121.8650362</LongitudeDegrees>
            </Position>
            <AltitudeMeters>26.8</AltitudeMeters>
            <DistanceMeters>2652.31</DistanceMeters>
            <HeartRateBpm><Value>140</Value></HeartRateBpm>
            <Cadence>168</Cadence>
          </Trackpoint>
          <Trackpoint>
            <Time>2026-04-11T13:48:10.000Z</Time>
            <Position>
              <LatitudeDegrees>37.3551570</LatitudeDegrees>
              <LongitudeDegrees>-121.8649382</LongitudeDegrees>
            </Position>
            <AltitudeMeters>26.7</AltitudeMeters>
            <DistanceMeters>2664.54</DistanceMeters>
            <HeartRateBpm><Value>140</Value></HeartRateBpm>
            <Cadence>168</Cadence>
          </Trackpoint>
          <Trackpoint>
            <Time>2026-04-11T13:48:15.000Z</Time>
            <Position>
              <LatitudeDegrees>37.3552348</LatitudeDegrees>
              <LongitudeDegrees>-121.8648402</LongitudeDegrees>
            </Position>
            <AltitudeMeters>26.7</AltitudeMeters>
            <DistanceMeters>2676.76</DistanceMeters>
            <HeartRateBpm><Value>140</Value></HeartRateBpm>
            <Cadence>168</Cadence>
          </Trackpoint>
          <Trackpoint>
            <Time>2026-04-11T13:48:20.000Z</Time>
            <Position>
              <LatitudeDegrees>37.3553126</LatitudeDegrees>
              <LongitudeDegrees>-121.8647422</LongitudeDegrees>
            </Position>
            <AltitudeMeters>26.7</AltitudeMeters>
            <DistanceMeters>2688.98</DistanceMeters>
            <HeartRateBpm><Value>140</Value></HeartRateBpm>
            <Cadence>168</Cadence>
          </Trackpoint>
          <Trackpoint>
            <Time>2026-04-11T13:48:25.000Z</Time>
            <Position>
              <LatitudeDegrees>37.3553904</LatitudeDegrees>
              <LongitudeDegrees>-121.8646442</LongitudeDegrees>
            </Position>
            <AltitudeMeters>26.6</AltitudeMeters>
            <DistanceMeters>2701.20</DistanceMeters>
            <HeartRateBpm><Value>140</Value></HeartRateBpm>
            <Cadence>168</Cadence>
          </Trackpoint>
          <Trackpoint>
            <Time>2026-04-11T13:48:30.000Z</Time>
            <Position>
              <LatitudeDegrees>37.3554682</LatitudeDegrees>
              <LongitudeDegrees>-121.8645462</LongitudeDegrees>
            </Position>
            <AltitudeMeters>26.6</AltitudeMeters>
            <DistanceMeters>2713.43</DistanceMeters>
            <HeartRateBpm><Value>140</Value></HeartRateBpm>
            <Cadence>168</Cadence>
          </Trackpoint>
          <Trackpoint>
            <Time>2026-04-11T13:48:35.000Z</Time>
            <Position>
              <LatitudeDegrees>37.3555459</LatitudeDegrees>
              <LongitudeDegrees>-121.8644482</LongitudeDegrees>
            </Position>
            <AltitudeMeters>26.5</AltitudeMeters>
            <DistanceMeters>2725.65</DistanceMeters>
            <HeartRateBpm><Value>140</Value></HeartRateBpm>
            <Cadence>168</Cadence>
          </Trackpoint>
          <Trackpoint>
            <Time>2026-04-11T13:48:40.000Z</Time>
            <Position>
              <LatitudeDegrees>37.3556237</LatitudeDegrees>
              <LongitudeDegrees>-121.8643503</LongitudeDegrees>
            </Position>
            <AltitudeMeters>26.5</AltitudeMeters>
            <DistanceMeters>2737.87</DistanceMeters>
            <HeartRateBpm><Value>140</Value></HeartRateBpm>
            <Cadence>168</Cadence>
          </Trackpoint>
          <Trackpoint>
            <Time>2026-04-11T13:48:45.000Z</Time>
            <Position>
              <LatitudeDegrees>37.3557015</LatitudeDegrees>
              <LongitudeDegrees>-121.8642523</LongitudeDegrees>
            </Position>
            <AltitudeMeters>26.4</AltitudeMeters>
            <DistanceMeters>2750.09</DistanceMeters>
            <HeartRateBpm><Value>140</Value></HeartRateBpm>
            <Cadence>168</Cadence>
          </Trackpoint>
          <Trackpoint>
            <Time>2026-04-11T13:48:50.000Z</Time>
            <Position>
              <LatitudeDegrees>37.3557793</LatitudeDegrees>
              <LongitudeDegrees>-121.8641543</LongitudeDegrees>
            </Position>
            <AltitudeMeters>26.4</AltitudeMeters>
            <DistanceMeters>2762.32</DistanceMeters>
            <HeartRateBpm><Value>140</Value></HeartRateBpm>
            <Cadence>168</Cadence>
          </Trackpoint>
          <Trackpoint>
            <Time>2026-04-11T13:48:55.000Z</Time>
            <Position>
              <LatitudeDegrees>37.3558571</LatitudeDegrees>
              <LongitudeDegrees>-121.8640563</LongitudeDegrees>
            </Position>
            <AltitudeMeters>26.3</AltitudeMeters>
            <DistanceMeters>2774.54</DistanceMeters>
            <HeartRateBpm><Value>140</Value></HeartRateBpm>
            <Cadence>168</Cadence>
          </Trackpoint>
          <Trackpoint>
            <Time>2026-04-11T13:49:00.000Z</Time>
            <Position>
              <LatitudeDegrees>37.3559349</LatitudeDegrees>
              <LongitudeDegrees>-121.8639583</LongitudeDegrees>
            </Position>
            <AltitudeMeters>26.2</AltitudeMeters>
            <DistanceMeters>2786.76</DistanceMeters>
            <HeartRateBpm><Value>140</Value></HeartRateBpm>
            <Cadence>168</Cadence>
          </Trackpoint>
          <Trackpoint>
            <Time>2026-04-11T13:49:05.000Z</Time>
            <Position>
              <LatitudeDegrees>37.3560126</LatitudeDegrees>
              <LongitudeDegrees>-121.8638603</LongitudeDegrees>
            </Position>
            <AltitudeMeters>26.2</AltitudeMeters>
            <DistanceMeters>2798.98</DistanceMeters>
            <HeartRateBpm><Value>140</Value></HeartRateBpm>
            <Cadence>168</Cadence>
          </Trackpoint>
          <Trackpoint>
            <Time>2026-04-11T13:49:10.000Z</Time>
            <Position>
              <LatitudeDegrees>37.3560904</LatitudeDegrees>
              <LongitudeDegrees>-121.8637623</LongitudeDegrees>
            </Position>
            <AltitudeMeters>26.1</AltitudeMeters>
            <DistanceMeters>2811.21</DistanceMeters>
            <HeartRateBpm><Value>140</Value></HeartRateBpm>
            <Cadence>168</Cadence>
          </Trackpoint>
          <Trackpoint>
            <Time>2026-04-11T13:49:15.000Z</Time>
            <Position>
              <LatitudeDegrees>37.3561682</LatitudeDegrees>
              <LongitudeDegrees>-121.8636643</LongitudeDegrees>
            </Position>
            <AltitudeMeters>26.1</AltitudeMeters>
            <DistanceMeters>2823.43</DistanceMeters>
            <HeartRateBpm><Value>140</Value></HeartRateBpm>
            <Cadence>168</Cadence>
          </Trackpoint>
          <Trackpoint>
            <Time>2026-04-11T13:49:20.000Z</Time>
            <Position>
              <LatitudeDegrees>37.3562460</LatitudeDegrees>
              <LongitudeDegrees>-121.8635663</LongitudeDegrees>
            </Position>
            <AltitudeMeters>26</AltitudeMeters>
            <DistanceMeters>2835.65</DistanceMeters>
            <HeartRateBpm><Value>140</Value></HeartRateBpm>
            <Cadence>168</Cadence>
          </Trackpoint>
          <Trackpoint>
            <Time>2026-04-11T13:49:25.000Z</Time>
            <Position>
              <LatitudeDegrees>37.3563238</LatitudeDegrees>
              <LongitudeDegrees>-121.8634683</LongitudeDegrees>
            </Position>
            <AltitudeMeters>25.9</AltitudeMeters>
            <DistanceMeters>2847.88</DistanceMeters>
            <HeartRateBpm><Value>140</Value></HeartRateBpm>
            <Cadence>168</Cadence>
          </Trackpoint>
          <Trackpoint>
            <Time>2026-04-11T13:49:30.000Z</Time>
            <Position>
              <LatitudeDegrees>37.3564016</LatitudeDegrees>
              <LongitudeDegrees>-121.8633704</LongitudeDegrees>
            </Position>
            <AltitudeMeters>25.9</AltitudeMeters>
            <DistanceMeters>2860.10</DistanceMeters>
            <HeartRateBpm><Value>140</Value></HeartRateBpm>
            <Cadence>168</Cadence>
          </Trackpoint>
          <Trackpoint>
            <Time>2026-04-11T13:49:35.000Z</Time>
            <Position>
              <LatitudeDegrees>37.3564794</LatitudeDegrees>
              <LongitudeDegrees>-121.8632724</LongitudeDegrees>
            </Position>
            <AltitudeMeters>25.8</AltitudeMeters>
            <DistanceMeters>2872.32</DistanceMeters>
            <HeartRateBpm><Value>140</Value></HeartRateBpm>
            <Cadence>168</Cadence>
          </Trackpoint>
          <Trackpoint>
            <Time>2026-04-11T13:49:40.000Z</Time>
            <Position>
              <LatitudeDegrees>37.3565571</LatitudeDegrees>
              <LongitudeDegrees>-121.8631744</LongitudeDegrees>
            </Position>
            <AltitudeMeters>25.7</AltitudeMeters>
            <DistanceMeters>2884.54</DistanceMeters>
            <HeartRateBpm><Value>140</Value></HeartRateBpm>
            <Cadence>168</Cadence>
          </Trackpoint>
          <Trackpoint>
            <Time>2026-04-11T13:49:45.000Z</Time>
            <Position>
              <LatitudeDegrees>37.3566349</LatitudeDegrees>
              <LongitudeDegrees>-121.8630764</LongitudeDegrees>
            </Position>
            <AltitudeMeters>25.6</AltitudeMeters>
            <DistanceMeters>2896.77</DistanceMeters>
            <HeartRateBpm><Value>140</Value></HeartRateBpm>
            <Cadence>168</Cadence>
          </Trackpoint>
          <Trackpoint>
            <Time>2026-04-11T13:49:50.000Z</Time>
            <Position>
              <LatitudeDegrees>37.3567127</LatitudeDegrees>
              <LongitudeDegrees>-121.8629784</LongitudeDegrees>
            </Position>
            <AltitudeMeters>25.6</AltitudeMeters>
            <DistanceMeters>2908.99</DistanceMeters>
            <HeartRateBpm><Value>140</Value></HeartRateBpm>
            <Cadence>168</Cadence>
          </Trackpoint>
          <Trackpoint>
            <Time>2026-04-11T13:49:55.000Z</Time>
            <Position>
              <LatitudeDegrees>37.3567905</LatitudeDegrees>
              <LongitudeDegrees>-121.8628804</LongitudeDegrees>
            </Position>
            <AltitudeMeters>25.5</AltitudeMeters>
            <DistanceMeters>2921.21</DistanceMeters>
            <HeartRateBpm><Value>140</Value></HeartRateBpm>
            <Cadence>168</Cadence>
          </Trackpoint>
          <Trackpoint>
            <Time>2026-04-11T13:50:00.000Z</Time>
            <Position>
              <LatitudeDegrees>37.3568683</LatitudeDegrees>
              <LongitudeDegrees>-121.8627824</LongitudeDegrees>
            </Position>
            <AltitudeMeters>25.4</AltitudeMeters>
            <DistanceMeters>2933.43</DistanceMeters>
            <HeartRateBpm><Value>140</Value></HeartRateBpm>
            <Cadence>168</Cadence>
          </Trackpoint>
          <Trackpoint>
            <Time>2026-04-11T13:50:05.000Z</Time>
            <Position>
              <LatitudeDegrees>37.3569461</LatitudeDegrees>
              <LongitudeDegrees>-121.8626844</LongitudeDegrees>
            </Position>
            <AltitudeMeters>25.3</AltitudeMeters>
            <DistanceMeters>2945.66</DistanceMeters>
            <HeartRateBpm><Value>140</Value></HeartRateBpm>
            <Cadence>168</Cadence>
          </Trackpoint>
          <Trackpoint>
            <Time>2026-04-11T13:50:10.000Z</Time>
            <Position>
              <LatitudeDegrees>37.3570238</LatitudeDegrees>
              <LongitudeDegrees>-121.8625864</LongitudeDegrees>
            </Position>
            <AltitudeMeters>25.3</AltitudeMeters>
            <DistanceMeters>2957.88</DistanceMeters>
            <HeartRateBpm><Value>140</Value></HeartRateBpm>
            <Cadence>168</Cadence>
          </Trackpoint>
          <Trackpoint>
            <Time>2026-04-11T13:50:15.000Z</Time>
            <Position>
              <LatitudeDegrees>37.3571016</LatitudeDegrees>
              <LongitudeDegrees>-121.8624884</LongitudeDegrees>
            </Position>
            <AltitudeMeters>25.2</AltitudeMeters>
            <DistanceMeters>2970.10</DistanceMeters>
            <HeartRateBpm><Value>140</Value></HeartRateBpm>
            <Cadence>168</Cadence>
          </Trackpoint>
          <Trackpoint>
            <Time>2026-04-11T13:50:20.000Z</Time>
            <Position>
              <LatitudeDegrees>37.3571794</LatitudeDegrees>
              <LongitudeDegrees>-121.8623905</LongitudeDegrees>
            </Position>
            <AltitudeMeters>25.1</AltitudeMeters>
            <DistanceMeters>2982.32</DistanceMeters>
            <HeartRateBpm><Value>140</Value></HeartRateBpm>
            <Cadence>168</Cadence>
          </Trackpoint>
          <Trackpoint>
            <Time>2026-04-11T13:50:25.000Z</Time>
            <Position>
              <LatitudeDegrees>37.3572572</LatitudeDegrees>
              <LongitudeDegrees>-121.8622925</LongitudeDegrees>
            </Position>
            <AltitudeMeters>25</AltitudeMeters>
            <DistanceMeters>2994.55</DistanceMeters>
            <HeartRateBpm><Value>140</Value></HeartRateBpm>
            <Cadence>168</Cadence>
          </Trackpoint>
          <Trackpoint>
            <Time>2026-04-11T13:50:30.000Z</Time>
            <Position>
              <LatitudeDegrees>37.3573350</LatitudeDegrees>
              <LongitudeDegrees>-121.8621945</LongitudeDegrees>
            </Position>
            <AltitudeMeters>25</AltitudeMeters>
            <DistanceMeters>3006.77</DistanceMeters>
            <HeartRateBpm><Value>140</Value></HeartRateBpm>
            <Cadence>168</Cadence>
          </Trackpoint>
          <Trackpoint>
            <Time>2026-04-11T13:50:35.000Z</Time>
            <Position>
              <LatitudeDegrees>37.3574128</LatitudeDegrees>
              <LongitudeDegrees>-121.8620965</LongitudeDegrees>
            </Position>
            <AltitudeMeters>24.9</AltitudeMeters>
            <DistanceMeters>3018.99</DistanceMeters>
            <HeartRateBpm><Value>140</Value></HeartRateBpm>
            <Cadence>168</Cadence>
          </Trackpoint>
          <Trackpoint>
            <Time>2026-04-11T13:50:40.000Z</Time>
            <Position>
              <LatitudeDegrees>37.3574906</LatitudeDegrees>
              <LongitudeDegrees>-121.8619985</LongitudeDegrees>
            </Position>
            <AltitudeMeters>24.8</AltitudeMeters>
            <DistanceMeters>3031.21</DistanceMeters>
            <HeartRateBpm><Value>140</Value></HeartRateBpm>
            <Cadence>168</Cadence>
          </Trackpoint>
          <Trackpoint>
            <Time>2026-04-11T13:50:45.000Z</Time>
            <Position>
              <LatitudeDegrees>37.3575683</LatitudeDegrees>
              <LongitudeDegrees>-121.8619005</LongitudeDegrees>
            </Position>
            <AltitudeMeters>24.7</AltitudeMeters>
            <DistanceMeters>3043.44</DistanceMeters>
            <HeartRateBpm><Value>140</Value></HeartRateBpm>
            <Cadence>168</Cadence>
          </Trackpoint>
          <Trackpoint>
            <Time>2026-04-11T13:50:50.000Z</Time>
            <Position>
              <LatitudeDegrees>37.3576461</LatitudeDegrees>
              <LongitudeDegrees>-121.8618025</LongitudeDegrees>
            </Position>
            <AltitudeMeters>24.7</AltitudeMeters>
            <DistanceMeters>3055.66</DistanceMeters>
            <HeartRateBpm><Value>140</Value></HeartRateBpm>
            <Cadence>168</Cadence>
          </Trackpoint>
          <Trackpoint>
            <Time>2026-04-11T13:50:55.000Z</Time>
            <Position>
              <LatitudeDegrees>37.3577239</LatitudeDegrees>
              <LongitudeDegrees>-121.8617045</LongitudeDegrees>
            </Position>
            <AltitudeMeters>24.6</AltitudeMeters>
            <DistanceMeters>3067.88</DistanceMeters>
            <HeartRateBpm><Value>140</Value></HeartRateBpm>
            <Cadence>168</Cadence>
          </Trackpoint>
          <Trackpoint>
            <Time>2026-04-11T13:51:00.000Z</Time>
            <Position>
              <LatitudeDegrees>37.3578017</LatitudeDegrees>
              <LongitudeDegrees>-121.8616065</LongitudeDegrees>
            </Position>
            <AltitudeMeters>24.5</AltitudeMeters>
            <DistanceMeters>3080.11</DistanceMeters>
            <HeartRateBpm><Value>140</Value></HeartRateBpm>
            <Cadence>168</Cadence>
          </Trackpoint>
          <Trackpoint>
            <Time>2026-04-11T13:51:05.000Z</Time>
            <Position>
              <LatitudeDegrees>37.3578795</LatitudeDegrees>
              <LongitudeDegrees>-121.8615085</LongitudeDegrees>
            </Position>
            <AltitudeMeters>24.4</AltitudeMeters>
            <DistanceMeters>3092.33</DistanceMeters>
            <HeartRateBpm><Value>140</Value></HeartRateBpm>
            <Cadence>168</Cadence>
          </Trackpoint>
          <Trackpoint>
            <Time>2026-04-11T13:51:10.000Z</Time>
            <Position>
              <LatitudeDegrees>37.3579573</LatitudeDegrees>
              <LongitudeDegrees>-121.8614106</LongitudeDegrees>
            </Position>
            <AltitudeMeters>24.4</AltitudeMeters>
            <DistanceMeters>3104.55</DistanceMeters>
            <HeartRateBpm><Value>140</Value></HeartRateBpm>
            <Cadence>168</Cadence>
          </Trackpoint>
          <Trackpoint>
            <Time>2026-04-11T13:51:15.000Z</Time>
            <Position>
              <LatitudeDegrees>37.3580350</LatitudeDegrees>
              <LongitudeDegrees>-121.8613126</LongitudeDegrees>
            </Position>
            <AltitudeMeters>24.3</AltitudeMeters>
            <DistanceMeters>3116.77</DistanceMeters>
            <HeartRateBpm><Value>140</Value></HeartRateBpm>
            <Cadence>168</Cadence>
          </Trackpoint>
          <Trackpoint>
            <Time>2026-04-11T13:51:20.000Z</Time>
            <Position>
              <LatitudeDegrees>37.3581128</LatitudeDegrees>
              <LongitudeDegrees>-121.8612146</LongitudeDegrees>
            </Position>
            <AltitudeMeters>24.2</AltitudeMeters>
            <DistanceMeters>3129.00</DistanceMeters>
            <HeartRateBpm><Value>140</Value></HeartRateBpm>
            <Cadence>168</Cadence>
          </Trackpoint>
          <Trackpoint>
            <Time>2026-04-11T13:51:25.000Z</Time>
            <Position>
              <LatitudeDegrees>37.3581906</LatitudeDegrees>
              <LongitudeDegrees>-121.8611166</LongitudeDegrees>
            </Position>
            <AltitudeMeters>24.1</AltitudeMeters>
            <DistanceMeters>3141.22</DistanceMeters>
            <HeartRateBpm><Value>140</Value></HeartRateBpm>
            <Cadence>168</Cadence>
          </Trackpoint>
          <Trackpoint>
            <Time>2026-04-11T13:51:30.000Z</Time>
            <Position>
              <LatitudeDegrees>37.3582684</LatitudeDegrees>
              <LongitudeDegrees>-121.8610186</LongitudeDegrees>
            </Position>
            <AltitudeMeters>24.1</AltitudeMeters>
            <DistanceMeters>3153.44</DistanceMeters>
            <HeartRateBpm><Value>140</Value></HeartRateBpm>
            <Cadence>168</Cadence>
          </Trackpoint>
          <Trackpoint>
            <Time>2026-04-11T13:51:35.000Z</Time>
            <Position>
              <LatitudeDegrees>37.3583462</LatitudeDegrees>
              <LongitudeDegrees>-121.8609206</LongitudeDegrees>
            </Position>
            <AltitudeMeters>24</AltitudeMeters>
            <DistanceMeters>3165.66</DistanceMeters>
            <HeartRateBpm><Value>140</Value></HeartRateBpm>
            <Cadence>168</Cadence>
          </Trackpoint>
          <Trackpoint>
            <Time>2026-04-11T13:51:40.000Z</Time>
            <Position>
              <LatitudeDegrees>37.3584240</LatitudeDegrees>
              <LongitudeDegrees>-121.8608226</LongitudeDegrees>
            </Position>
            <AltitudeMeters>23.9</AltitudeMeters>
            <DistanceMeters>3177.89</DistanceMeters>
            <HeartRateBpm><Value>140</Value></HeartRateBpm>
            <Cadence>168</Cadence>
          </Trackpoint>
          <Trackpoint>
            <Time>2026-04-11T13:51:45.000Z</Time>
            <Position>
              <LatitudeDegrees>37.3585018</LatitudeDegrees>
              <LongitudeDegrees>-121.8607246</LongitudeDegrees>
            </Position>
            <AltitudeMeters>23.9</AltitudeMeters>
            <DistanceMeters>3190.11</DistanceMeters>
            <HeartRateBpm><Value>140</Value></HeartRateBpm>
            <Cadence>168</Cadence>
          </Trackpoint>
          <Trackpoint>
            <Time>2026-04-11T13:51:50.000Z</Time>
            <Position>
              <LatitudeDegrees>37.3585795</LatitudeDegrees>
              <LongitudeDegrees>-121.8606266</LongitudeDegrees>
            </Position>
            <AltitudeMeters>23.8</AltitudeMeters>
            <DistanceMeters>3202.33</DistanceMeters>
            <HeartRateBpm><Value>140</Value></HeartRateBpm>
            <Cadence>168</Cadence>
          </Trackpoint>
          <Trackpoint>
            <Time>2026-04-11T13:51:55.000Z</Time>
            <Position>
              <LatitudeDegrees>37.3586573</LatitudeDegrees>
              <LongitudeDegrees>-121.8605286</LongitudeDegrees>
            </Position>
            <AltitudeMeters>23.8</AltitudeMeters>
            <DistanceMeters>3214.55</DistanceMeters>
            <HeartRateBpm><Value>140</Value></HeartRateBpm>
            <Cadence>168</Cadence>
          </Trackpoint>
          <Trackpoint>
            <Time>2026-04-11T13:52:00.000Z</Time>
            <Position>
              <LatitudeDegrees>37.3587351</LatitudeDegrees>
              <LongitudeDegrees>-121.8604307</LongitudeDegrees>
            </Position>
            <AltitudeMeters>23.7</AltitudeMeters>
            <DistanceMeters>3226.78</DistanceMeters>
            <HeartRateBpm><Value>140</Value></HeartRateBpm>
            <Cadence>168</Cadence>
          </Trackpoint>
          <Trackpoint>
            <Time>2026-04-11T13:52:05.000Z</Time>
            <Position>
              <LatitudeDegrees>37.3588129</LatitudeDegrees>
              <LongitudeDegrees>-121.8603327</LongitudeDegrees>
            </Position>
            <AltitudeMeters>23.6</AltitudeMeters>
            <DistanceMeters>3239.00</DistanceMeters>
            <HeartRateBpm><Value>140</Value></HeartRateBpm>
            <Cadence>168</Cadence>
          </Trackpoint>
          <Trackpoint>
            <Time>2026-04-11T13:52:10.000Z</Time>
            <Position>
              <LatitudeDegrees>37.3588907</LatitudeDegrees>
              <LongitudeDegrees>-121.8602347</LongitudeDegrees>
            </Position>
            <AltitudeMeters>23.6</AltitudeMeters>
            <DistanceMeters>3251.22</DistanceMeters>
            <HeartRateBpm><Value>140</Value></HeartRateBpm>
            <Cadence>168</Cadence>
          </Trackpoint>
          <Trackpoint>
            <Time>2026-04-11T13:52:15.000Z</Time>
            <Position>
              <LatitudeDegrees>37.3589685</LatitudeDegrees>
              <LongitudeDegrees>-121.8601367</LongitudeDegrees>
            </Position>
            <AltitudeMeters>23.5</AltitudeMeters>
            <DistanceMeters>3263.44</DistanceMeters>
            <HeartRateBpm><Value>140</Value></HeartRateBpm>
            <Cadence>168</Cadence>
          </Trackpoint>
          <Trackpoint>
            <Time>2026-04-11T13:52:20.000Z</Time>
            <Position>
              <LatitudeDegrees>37.3590462</LatitudeDegrees>
              <LongitudeDegrees>-121.8600387</LongitudeDegrees>
            </Position>
            <AltitudeMeters>23.5</AltitudeMeters>
            <DistanceMeters>3275.67</DistanceMeters>
            <HeartRateBpm><Value>140</Value></HeartRateBpm>
            <Cadence>168</Cadence>
          </Trackpoint>
          <Trackpoint>
            <Time>2026-04-11T13:52:25.000Z</Time>
            <Position>
              <LatitudeDegrees>37.3591240</LatitudeDegrees>
              <LongitudeDegrees>-121.8599407</LongitudeDegrees>
            </Position>
            <AltitudeMeters>23.4</AltitudeMeters>
            <DistanceMeters>3287.89</DistanceMeters>
            <HeartRateBpm><Value>140</Value></HeartRateBpm>
            <Cadence>168</Cadence>
          </Trackpoint>
          <Trackpoint>
            <Time>2026-04-11T13:52:30.000Z</Time>
            <Position>
              <LatitudeDegrees>37.3592018</LatitudeDegrees>
              <LongitudeDegrees>-121.8598427</LongitudeDegrees>
            </Position>
            <AltitudeMeters>23.4</AltitudeMeters>
            <DistanceMeters>3300.11</DistanceMeters>
            <HeartRateBpm><Value>140</Value></HeartRateBpm>
            <Cadence>168</Cadence>
          </Trackpoint>
          <Trackpoint>
            <Time>2026-04-11T13:52:35.000Z</Time>
            <Position>
              <LatitudeDegrees>37.3592796</LatitudeDegrees>
              <LongitudeDegrees>-121.8597447</LongitudeDegrees>
            </Position>
            <AltitudeMeters>23.3</AltitudeMeters>
            <DistanceMeters>3312.34</DistanceMeters>
            <HeartRateBpm><Value>140</Value></HeartRateBpm>
            <Cadence>168</Cadence>
          </Trackpoint>
          <Trackpoint>
            <Time>2026-04-11T13:52:40.000Z</Time>
            <Position>
              <LatitudeDegrees>37.3593574</LatitudeDegrees>
              <LongitudeDegrees>-121.8596467</LongitudeDegrees>
            </Position>
            <AltitudeMeters>23.3</AltitudeMeters>
            <DistanceMeters>3324.56</DistanceMeters>
            <HeartRateBpm><Value>140</Value></HeartRateBpm>
            <Cadence>168</Cadence>
          </Trackpoint>
          <Trackpoint>
            <Time>2026-04-11T13:52:45.000Z</Time>
            <Position>
              <LatitudeDegrees>37.3594352</LatitudeDegrees>
              <LongitudeDegrees>-121.8595487</LongitudeDegrees>
            </Position>
            <AltitudeMeters>23.3</AltitudeMeters>
            <DistanceMeters>3336.78</DistanceMeters>
            <HeartRateBpm><Value>140</Value></HeartRateBpm>
            <Cadence>168</Cadence>
          </Trackpoint>
          <Trackpoint>
            <Time>2026-04-11T13:52:50.000Z</Time>
            <Position>
              <LatitudeDegrees>37.3595129</LatitudeDegrees>
              <LongitudeDegrees>-121.8594508</LongitudeDegrees>
            </Position>
            <AltitudeMeters>23.2</AltitudeMeters>
            <DistanceMeters>3349.00</DistanceMeters>
            <HeartRateBpm><Value>140</Value></HeartRateBpm>
            <Cadence>168</Cadence>
          </Trackpoint>
          <Trackpoint>
            <Time>2026-04-11T13:52:55.000Z</Time>
            <Position>
              <LatitudeDegrees>37.3595907</LatitudeDegrees>
              <LongitudeDegrees>-121.8593528</LongitudeDegrees>
            </Position>
            <AltitudeMeters>23.2</AltitudeMeters>
            <DistanceMeters>3361.23</DistanceMeters>
            <HeartRateBpm><Value>140</Value></HeartRateBpm>
            <Cadence>168</Cadence>
          </Trackpoint>
          <Trackpoint>
            <Time>2026-04-11T13:53:00.000Z</Time>
            <Position>
              <LatitudeDegrees>37.3596685</LatitudeDegrees>
              <LongitudeDegrees>-121.8592548</LongitudeDegrees>
            </Position>
            <AltitudeMeters>23.2</AltitudeMeters>
            <DistanceMeters>3373.45</DistanceMeters>
            <HeartRateBpm><Value>140</Value></HeartRateBpm>
            <Cadence>168</Cadence>
          </Trackpoint>
          <Trackpoint>
            <Time>2026-04-11T13:53:05.000Z</Time>
            <Position>
              <LatitudeDegrees>37.3597463</LatitudeDegrees>
              <LongitudeDegrees>-121.8591568</LongitudeDegrees>
            </Position>
            <AltitudeMeters>23.1</AltitudeMeters>
            <DistanceMeters>3385.67</DistanceMeters>
            <HeartRateBpm><Value>140</Value></HeartRateBpm>
            <Cadence>168</Cadence>
          </Trackpoint>
          <Trackpoint>
            <Time>2026-04-11T13:53:10.000Z</Time>
            <Position>
              <LatitudeDegrees>37.3598241</LatitudeDegrees>
              <LongitudeDegrees>-121.8590588</LongitudeDegrees>
            </Position>
            <AltitudeMeters>23.1</AltitudeMeters>
            <DistanceMeters>3397.89</DistanceMeters>
            <HeartRateBpm><Value>140</Value></HeartRateBpm>
            <Cadence>168</Cadence>
          </Trackpoint>
          <Trackpoint>
            <Time>2026-04-11T13:53:15.000Z</Time>
            <Position>
              <LatitudeDegrees>37.3599019</LatitudeDegrees>
              <LongitudeDegrees>-121.8589608</LongitudeDegrees>
            </Position>
            <AltitudeMeters>23.1</AltitudeMeters>
            <DistanceMeters>3410.12</DistanceMeters>
            <HeartRateBpm><Value>140</Value></HeartRateBpm>
            <Cadence>168</Cadence>
          </Trackpoint>
          <Trackpoint>
            <Time>2026-04-11T13:53:20.000Z</Time>
            <Position>
              <LatitudeDegrees>37.3599797</LatitudeDegrees>
              <LongitudeDegrees>-121.8588628</LongitudeDegrees>
            </Position>
            <AltitudeMeters>23.1</AltitudeMeters>
            <DistanceMeters>3422.34</DistanceMeters>
            <HeartRateBpm><Value>140</Value></HeartRateBpm>
            <Cadence>168</Cadence>
          </Trackpoint>
          <Trackpoint>
            <Time>2026-04-11T13:53:25.000Z</Time>
            <Position>
              <LatitudeDegrees>37.3600574</LatitudeDegrees>
              <LongitudeDegrees>-121.8587648</LongitudeDegrees>
            </Position>
            <AltitudeMeters>23</AltitudeMeters>
            <DistanceMeters>3434.56</DistanceMeters>
            <HeartRateBpm><Value>140</Value></HeartRateBpm>
            <Cadence>168</Cadence>
          </Trackpoint>
          <Trackpoint>
            <Time>2026-04-11T13:53:30.000Z</Time>
            <Position>
              <LatitudeDegrees>37.3601352</LatitudeDegrees>
              <LongitudeDegrees>-121.8586668</LongitudeDegrees>
            </Position>
            <AltitudeMeters>23</AltitudeMeters>
            <DistanceMeters>3446.78</DistanceMeters>
            <HeartRateBpm><Value>140</Value></HeartRateBpm>
            <Cadence>168</Cadence>
          </Trackpoint>
          <Trackpoint>
            <Time>2026-04-11T13:53:35.000Z</Time>
            <Position>
              <LatitudeDegrees>37.3602130</LatitudeDegrees>
              <LongitudeDegrees>-121.8585689</LongitudeDegrees>
            </Position>
            <AltitudeMeters>23</AltitudeMeters>
            <DistanceMeters>3459.01</DistanceMeters>
            <HeartRateBpm><Value>140</Value></HeartRateBpm>
            <Cadence>168</Cadence>
          </Trackpoint>
          <Trackpoint>
            <Time>2026-04-11T13:53:40.000Z</Time>
            <Position>
              <LatitudeDegrees>37.3602908</LatitudeDegrees>
              <LongitudeDegrees>-121.8584709</LongitudeDegrees>
            </Position>
            <AltitudeMeters>23</AltitudeMeters>
            <DistanceMeters>3471.23</DistanceMeters>
            <HeartRateBpm><Value>140</Value></HeartRateBpm>
            <Cadence>168</Cadence>
          </Trackpoint>
          <Trackpoint>
            <Time>2026-04-11T13:53:45.000Z</Time>
            <Position>
              <LatitudeDegrees>37.3603686</LatitudeDegrees>
              <LongitudeDegrees>-121.8583729</LongitudeDegrees>
            </Position>
            <AltitudeMeters>23</AltitudeMeters>
            <DistanceMeters>3483.45</DistanceMeters>
            <HeartRateBpm><Value>140</Value></HeartRateBpm>
            <Cadence>168</Cadence>
          </Trackpoint>
          <Trackpoint>
            <Time>2026-04-11T13:53:50.000Z</Time>
            <Position>
              <LatitudeDegrees>37.3604464</LatitudeDegrees>
              <LongitudeDegrees>-121.8582749</LongitudeDegrees>
            </Position>
            <AltitudeMeters>23</AltitudeMeters>
            <DistanceMeters>3495.68</DistanceMeters>
            <HeartRateBpm><Value>140</Value></HeartRateBpm>
            <Cadence>168</Cadence>
          </Trackpoint>
          <Trackpoint>
            <Time>2026-04-11T13:53:55.000Z</Time>
            <Position>
              <LatitudeDegrees>37.3605241</LatitudeDegrees>
              <LongitudeDegrees>-121.8581769</LongitudeDegrees>
            </Position>
            <AltitudeMeters>23</AltitudeMeters>
            <DistanceMeters>3507.90</DistanceMeters>
            <HeartRateBpm><Value>140</Value></HeartRateBpm>
            <Cadence>168</Cadence>
          </Trackpoint>
          <Trackpoint>
            <Time>2026-04-11T13:54:00.000Z</Time>
            <Position>
              <LatitudeDegrees>37.3606019</LatitudeDegrees>
              <LongitudeDegrees>-121.8580789</LongitudeDegrees>
            </Position>
            <AltitudeMeters>23</AltitudeMeters>
            <DistanceMeters>3520.12</DistanceMeters>
            <HeartRateBpm><Value>140</Value></HeartRateBpm>
            <Cadence>168</Cadence>
          </Trackpoint>
          <Trackpoint>
            <Time>2026-04-11T13:54:05.000Z</Time>
            <Position>
              <LatitudeDegrees>37.3606797</LatitudeDegrees>
              <LongitudeDegrees>-121.8579809</LongitudeDegrees>
            </Position>
            <AltitudeMeters>23</AltitudeMeters>
            <DistanceMeters>3532.34</DistanceMeters>
            <HeartRateBpm><Value>140</Value></HeartRateBpm>
            <Cadence>168</Cadence>
          </Trackpoint>
          <Trackpoint>
            <Time>2026-04-11T13:54:10.000Z</Time>
            <Position>
              <LatitudeDegrees>37.3607575</LatitudeDegrees>
              <LongitudeDegrees>-121.8578829</LongitudeDegrees>
            </Position>
            <AltitudeMeters>23</AltitudeMeters>
            <DistanceMeters>3544.57</DistanceMeters>
            <HeartRateBpm><Value>140</Value></HeartRateBpm>
            <Cadence>168</Cadence>
          </Trackpoint>
          <Trackpoint>
            <Time>2026-04-11T13:54:15.000Z</Time>
            <Position>
              <LatitudeDegrees>37.3608353</LatitudeDegrees>
              <LongitudeDegrees>-121.8577849</LongitudeDegrees>
            </Position>
            <AltitudeMeters>23</AltitudeMeters>
            <DistanceMeters>3556.79</DistanceMeters>
            <HeartRateBpm><Value>140</Value></HeartRateBpm>
            <Cadence>168</Cadence>
          </Trackpoint>
          <Trackpoint>
            <Time>2026-04-11T13:54:20.000Z</Time>
            <Position>
              <LatitudeDegrees>37.3609131</LatitudeDegrees>
              <LongitudeDegrees>-121.8576869</LongitudeDegrees>
            </Position>
            <AltitudeMeters>23</AltitudeMeters>
            <DistanceMeters>3569.01</DistanceMeters>
            <HeartRateBpm><Value>140</Value></HeartRateBpm>
            <Cadence>168</Cadence>
          </Trackpoint>
          <Trackpoint>
            <Time>2026-04-11T13:54:25.000Z</Time>
            <Position>
              <LatitudeDegrees>37.3609909</LatitudeDegrees>
              <LongitudeDegrees>-121.8575890</LongitudeDegrees>
            </Position>
            <AltitudeMeters>23.1</AltitudeMeters>
            <DistanceMeters>3581.23</DistanceMeters>
            <HeartRateBpm><Value>140</Value></HeartRateBpm>
            <Cadence>168</Cadence>
          </Trackpoint>
          <Trackpoint>
            <Time>2026-04-11T13:54:30.000Z</Time>
            <Position>
              <LatitudeDegrees>37.3610686</LatitudeDegrees>
              <LongitudeDegrees>-121.8574910</LongitudeDegrees>
            </Position>
            <AltitudeMeters>23.1</AltitudeMeters>
            <DistanceMeters>3593.46</DistanceMeters>
            <HeartRateBpm><Value>140</Value></HeartRateBpm>
            <Cadence>168</Cadence>
          </Trackpoint>
          <Trackpoint>
            <Time>2026-04-11T13:54:35.000Z</Time>
            <Position>
              <LatitudeDegrees>37.3611464</LatitudeDegrees>
              <LongitudeDegrees>-121.8573930</LongitudeDegrees>
            </Position>
            <AltitudeMeters>23.1</AltitudeMeters>
            <DistanceMeters>3605.68</DistanceMeters>
            <HeartRateBpm><Value>140</Value></HeartRateBpm>
            <Cadence>168</Cadence>
          </Trackpoint>
          <Trackpoint>
            <Time>2026-04-11T13:54:40.000Z</Time>
            <Position>
              <LatitudeDegrees>37.3612242</LatitudeDegrees>
              <LongitudeDegrees>-121.8572950</LongitudeDegrees>
            </Position>
            <AltitudeMeters>23.1</AltitudeMeters>
            <DistanceMeters>3617.90</DistanceMeters>
            <HeartRateBpm><Value>140</Value></HeartRateBpm>
            <Cadence>168</Cadence>
          </Trackpoint>
          <Trackpoint>
            <Time>2026-04-11T13:54:45.000Z</Time>
            <Position>
              <LatitudeDegrees>37.3613020</LatitudeDegrees>
              <LongitudeDegrees>-121.8571970</LongitudeDegrees>
            </Position>
            <AltitudeMeters>23.2</AltitudeMeters>
            <DistanceMeters>3630.12</DistanceMeters>
            <HeartRateBpm><Value>140</Value></HeartRateBpm>
            <Cadence>168</Cadence>
          </Trackpoint>
          <Trackpoint>
            <Time>2026-04-11T13:54:50.000Z</Time>
            <Position>
              <LatitudeDegrees>37.3613798</LatitudeDegrees>
              <LongitudeDegrees>-121.8570990</LongitudeDegrees>
            </Position>
            <AltitudeMeters>23.2</AltitudeMeters>
            <DistanceMeters>3642.35</DistanceMeters>
            <HeartRateBpm><Value>140</Value></HeartRateBpm>
            <Cadence>168</Cadence>
          </Trackpoint>
          <Trackpoint>
            <Time>2026-04-11T13:54:55.000Z</Time>
            <Position>
              <LatitudeDegrees>37.3614576</LatitudeDegrees>
              <LongitudeDegrees>-121.8570010</LongitudeDegrees>
            </Position>
            <AltitudeMeters>23.2</AltitudeMeters>
            <DistanceMeters>3654.57</DistanceMeters>
            <HeartRateBpm><Value>140</Value></HeartRateBpm>
            <Cadence>168</Cadence>
          </Trackpoint>
          <Trackpoint>
            <Time>2026-04-11T13:55:00.000Z</Time>
            <Position>
              <LatitudeDegrees>37.3615353</LatitudeDegrees>
              <LongitudeDegrees>-121.8569030</LongitudeDegrees>
            </Position>
            <AltitudeMeters>23.3</AltitudeMeters>
            <DistanceMeters>3666.79</DistanceMeters>
            <HeartRateBpm><Value>140</Value></HeartRateBpm>
            <Cadence>168</Cadence>
          </Trackpoint>
          <Trackpoint>
            <Time>2026-04-11T13:55:05.000Z</Time>
            <Position>
              <LatitudeDegrees>37.3616131</LatitudeDegrees>
              <LongitudeDegrees>-121.8568050</LongitudeDegrees>
            </Position>
            <AltitudeMeters>23.3</AltitudeMeters>
            <DistanceMeters>3679.01</DistanceMeters>
            <HeartRateBpm><Value>140</Value></HeartRateBpm>
            <Cadence>168</Cadence>
          </Trackpoint>
          <Trackpoint>
            <Time>2026-04-11T13:55:10.000Z</Time>
            <Position>
              <LatitudeDegrees>37.3616909</LatitudeDegrees>
              <LongitudeDegrees>-121.8567070</LongitudeDegrees>
            </Position>
            <AltitudeMeters>23.4</AltitudeMeters>
            <DistanceMeters>3691.24</DistanceMeters>
            <HeartRateBpm><Value>140</Value></HeartRateBpm>
            <Cadence>168</Cadence>
          </Trackpoint>
          <Trackpoint>
            <Time>2026-04-11T13:55:15.000Z</Time>
            <Position>
              <LatitudeDegrees>37.3617687</LatitudeDegrees>
              <LongitudeDegrees>-121.8566091</LongitudeDegrees>
            </Position>
            <AltitudeMeters>23.4</AltitudeMeters>
            <DistanceMeters>3703.46</DistanceMeters>
            <HeartRateBpm><Value>140</Value></HeartRateBpm>
            <Cadence>168</Cadence>
          </Trackpoint>
          <Trackpoint>
            <Time>2026-04-11T13:55:20.000Z</Time>
            <Position>
              <LatitudeDegrees>37.3618465</LatitudeDegrees>
              <LongitudeDegrees>-121.8565111</LongitudeDegrees>
            </Position>
            <AltitudeMeters>23.4</AltitudeMeters>
            <DistanceMeters>3715.68</DistanceMeters>
            <HeartRateBpm><Value>140</Value></HeartRateBpm>
            <Cadence>168</Cadence>
          </Trackpoint>
          <Trackpoint>
            <Time>2026-04-11T13:55:25.000Z</Time>
            <Position>
              <LatitudeDegrees>37.3619243</LatitudeDegrees>
              <LongitudeDegrees>-121.8564131</LongitudeDegrees>
            </Position>
            <AltitudeMeters>23.5</AltitudeMeters>
            <DistanceMeters>3727.91</DistanceMeters>
            <HeartRateBpm><Value>140</Value></HeartRateBpm>
            <Cadence>168</Cadence>
          </Trackpoint>
          <Trackpoint>
            <Time>2026-04-11T13:55:30.000Z</Time>
            <Position>
              <LatitudeDegrees>37.3620021</LatitudeDegrees>
              <LongitudeDegrees>-121.8563151</LongitudeDegrees>
            </Position>
            <AltitudeMeters>23.5</AltitudeMeters>
            <DistanceMeters>3740.13</DistanceMeters>
            <HeartRateBpm><Value>140</Value></HeartRateBpm>
            <Cadence>168</Cadence>
          </Trackpoint>
          <Trackpoint>
            <Time>2026-04-11T13:55:35.000Z</Time>
            <Position>
              <LatitudeDegrees>37.3620798</LatitudeDegrees>
              <LongitudeDegrees>-121.8562171</LongitudeDegrees>
            </Position>
            <AltitudeMeters>23.6</AltitudeMeters>
            <DistanceMeters>3752.35</DistanceMeters>
            <HeartRateBpm><Value>140</Value></HeartRateBpm>
            <Cadence>168</Cadence>
          </Trackpoint>
          <Trackpoint>
            <Time>2026-04-11T13:55:40.000Z</Time>
            <Position>
              <LatitudeDegrees>37.3621576</LatitudeDegrees>
              <LongitudeDegrees>-121.8561191</LongitudeDegrees>
            </Position>
            <AltitudeMeters>23.7</AltitudeMeters>
            <DistanceMeters>3764.57</DistanceMeters>
            <HeartRateBpm><Value>140</Value></HeartRateBpm>
            <Cadence>168</Cadence>
          </Trackpoint>
          <Trackpoint>
            <Time>2026-04-11T13:55:45.000Z</Time>
            <Position>
              <LatitudeDegrees>37.3622354</LatitudeDegrees>
              <LongitudeDegrees>-121.8560211</LongitudeDegrees>
            </Position>
            <AltitudeMeters>23.7</AltitudeMeters>
            <DistanceMeters>3776.80</DistanceMeters>
            <HeartRateBpm><Value>140</Value></HeartRateBpm>
            <Cadence>168</Cadence>
          </Trackpoint>
          <Trackpoint>
            <Time>2026-04-11T13:55:50.000Z</Time>
            <Position>
              <LatitudeDegrees>37.3623132</LatitudeDegrees>
              <LongitudeDegrees>-121.8559231</LongitudeDegrees>
            </Position>
            <AltitudeMeters>23.8</AltitudeMeters>
            <DistanceMeters>3789.02</DistanceMeters>
            <HeartRateBpm><Value>140</Value></HeartRateBpm>
            <Cadence>168</Cadence>
          </Trackpoint>
          <Trackpoint>
            <Time>2026-04-11T13:55:55.000Z</Time>
            <Position>
              <LatitudeDegrees>37.3623910</LatitudeDegrees>
              <LongitudeDegrees>-121.8558251</LongitudeDegrees>
            </Position>
            <AltitudeMeters>23.8</AltitudeMeters>
            <DistanceMeters>3801.24</DistanceMeters>
            <HeartRateBpm><Value>140</Value></HeartRateBpm>
            <Cadence>168</Cadence>
          </Trackpoint>
          <Trackpoint>
            <Time>2026-04-11T13:56:00.000Z</Time>
            <Position>
              <LatitudeDegrees>37.3624688</LatitudeDegrees>
              <LongitudeDegrees>-121.8557271</LongitudeDegrees>
            </Position>
            <AltitudeMeters>23.9</AltitudeMeters>
            <DistanceMeters>3813.46</DistanceMeters>
            <HeartRateBpm><Value>140</Value></HeartRateBpm>
            <Cadence>168</Cadence>
          </Trackpoint>
          <Trackpoint>
            <Time>2026-04-11T13:56:05.000Z</Time>
            <Position>
              <LatitudeDegrees>37.3625465</LatitudeDegrees>
              <LongitudeDegrees>-121.8556292</LongitudeDegrees>
            </Position>
            <AltitudeMeters>24</AltitudeMeters>
            <DistanceMeters>3825.69</DistanceMeters>
            <HeartRateBpm><Value>140</Value></HeartRateBpm>
            <Cadence>168</Cadence>
          </Trackpoint>
          <Trackpoint>
            <Time>2026-04-11T13:56:10.000Z</Time>
            <Position>
              <LatitudeDegrees>37.3626243</LatitudeDegrees>
              <LongitudeDegrees>-121.8555312</LongitudeDegrees>
            </Position>
            <AltitudeMeters>24</AltitudeMeters>
            <DistanceMeters>3837.91</DistanceMeters>
            <HeartRateBpm><Value>140</Value></HeartRateBpm>
            <Cadence>168</Cadence>
          </Trackpoint>
          <Trackpoint>
            <Time>2026-04-11T13:56:15.000Z</Time>
            <Position>
              <LatitudeDegrees>37.3627021</LatitudeDegrees>
              <LongitudeDegrees>-121.8554332</LongitudeDegrees>
            </Position>
            <AltitudeMeters>24.1</AltitudeMeters>
            <DistanceMeters>3850.13</DistanceMeters>
            <HeartRateBpm><Value>140</Value></HeartRateBpm>
            <Cadence>168</Cadence>
          </Trackpoint>
          <Trackpoint>
            <Time>2026-04-11T13:56:20.000Z</Time>
            <Position>
              <LatitudeDegrees>37.3627799</LatitudeDegrees>
              <LongitudeDegrees>-121.8553352</LongitudeDegrees>
            </Position>
            <AltitudeMeters>24.2</AltitudeMeters>
            <DistanceMeters>3862.35</DistanceMeters>
            <HeartRateBpm><Value>140</Value></HeartRateBpm>
            <Cadence>168</Cadence>
          </Trackpoint>
          <Trackpoint>
            <Time>2026-04-11T13:56:25.000Z</Time>
            <Position>
              <LatitudeDegrees>37.3628577</LatitudeDegrees>
              <LongitudeDegrees>-121.8552372</LongitudeDegrees>
            </Position>
            <AltitudeMeters>24.2</AltitudeMeters>
            <DistanceMeters>3874.58</DistanceMeters>
            <HeartRateBpm><Value>140</Value></HeartRateBpm>
            <Cadence>168</Cadence>
          </Trackpoint>
          <Trackpoint>
            <Time>2026-04-11T13:56:30.000Z</Time>
            <Position>
              <LatitudeDegrees>37.3629355</LatitudeDegrees>
              <LongitudeDegrees>-121.8551392</LongitudeDegrees>
            </Position>
            <AltitudeMeters>24.3</AltitudeMeters>
            <DistanceMeters>3886.80</DistanceMeters>
            <HeartRateBpm><Value>140</Value></HeartRateBpm>
            <Cadence>168</Cadence>
          </Trackpoint>
          <Trackpoint>
            <Time>2026-04-11T13:56:35.000Z</Time>
            <Position>
              <LatitudeDegrees>37.3630133</LatitudeDegrees>
              <LongitudeDegrees>-121.8550412</LongitudeDegrees>
            </Position>
            <AltitudeMeters>24.4</AltitudeMeters>
            <DistanceMeters>3899.02</DistanceMeters>
            <HeartRateBpm><Value>140</Value></HeartRateBpm>
            <Cadence>168</Cadence>
          </Trackpoint>
          <Trackpoint>
            <Time>2026-04-11T13:56:40.000Z</Time>
            <Position>
              <LatitudeDegrees>37.3630910</LatitudeDegrees>
              <LongitudeDegrees>-121.8549432</LongitudeDegrees>
            </Position>
            <AltitudeMeters>24.4</AltitudeMeters>
            <DistanceMeters>3911.24</DistanceMeters>
            <HeartRateBpm><Value>140</Value></HeartRateBpm>
            <Cadence>168</Cadence>
          </Trackpoint>
          <Trackpoint>
            <Time>2026-04-11T13:56:45.000Z</Time>
            <Position>
              <LatitudeDegrees>37.3631688</LatitudeDegrees>
              <LongitudeDegrees>-121.8548452</LongitudeDegrees>
            </Position>
            <AltitudeMeters>24.5</AltitudeMeters>
            <DistanceMeters>3923.47</DistanceMeters>
            <HeartRateBpm><Value>140</Value></HeartRateBpm>
            <Cadence>168</Cadence>
          </Trackpoint>
          <Trackpoint>
            <Time>2026-04-11T13:56:50.000Z</Time>
            <Position>
              <LatitudeDegrees>37.3632466</LatitudeDegrees>
              <LongitudeDegrees>-121.8547472</LongitudeDegrees>
            </Position>
            <AltitudeMeters>24.6</AltitudeMeters>
            <DistanceMeters>3935.69</DistanceMeters>
            <HeartRateBpm><Value>140</Value></HeartRateBpm>
            <Cadence>168</Cadence>
          </Trackpoint>
          <Trackpoint>
            <Time>2026-04-11T13:56:55.000Z</Time>
            <Position>
              <LatitudeDegrees>37.3633244</LatitudeDegrees>
              <LongitudeDegrees>-121.8546493</LongitudeDegrees>
            </Position>
            <AltitudeMeters>24.7</AltitudeMeters>
            <DistanceMeters>3947.91</DistanceMeters>
            <HeartRateBpm><Value>140</Value></HeartRateBpm>
            <Cadence>168</Cadence>
          </Trackpoint>
          <Trackpoint>
            <Time>2026-04-11T13:57:00.000Z</Time>
            <Position>
              <LatitudeDegrees>37.3634022</LatitudeDegrees>
              <LongitudeDegrees>-121.8545513</LongitudeDegrees>
            </Position>
            <AltitudeMeters>24.8</AltitudeMeters>
            <DistanceMeters>3960.14</DistanceMeters>
            <HeartRateBpm><Value>140</Value></HeartRateBpm>
            <Cadence>168</Cadence>
          </Trackpoint>
          <Trackpoint>
            <Time>2026-04-11T13:57:05.000Z</Time>
            <Position>
              <LatitudeDegrees>37.3634800</LatitudeDegrees>
              <LongitudeDegrees>-121.8544533</LongitudeDegrees>
            </Position>
            <AltitudeMeters>24.8</AltitudeMeters>
            <DistanceMeters>3972.36</DistanceMeters>
            <HeartRateBpm><Value>140</Value></HeartRateBpm>
            <Cadence>168</Cadence>
          </Trackpoint>
          <Trackpoint>
            <Time>2026-04-11T13:57:10.000Z</Time>
            <Position>
              <LatitudeDegrees>37.3635577</LatitudeDegrees>
              <LongitudeDegrees>-121.8543553</LongitudeDegrees>
            </Position>
            <AltitudeMeters>24.9</AltitudeMeters>
            <DistanceMeters>3984.58</DistanceMeters>
            <HeartRateBpm><Value>140</Value></HeartRateBpm>
            <Cadence>168</Cadence>
          </Trackpoint>
          <Trackpoint>
            <Time>2026-04-11T13:57:15.000Z</Time>
            <Position>
              <LatitudeDegrees>37.3636355</LatitudeDegrees>
              <LongitudeDegrees>-121.8542573</LongitudeDegrees>
            </Position>
            <AltitudeMeters>25</AltitudeMeters>
            <DistanceMeters>3996.80</DistanceMeters>
            <HeartRateBpm><Value>140</Value></HeartRateBpm>
            <Cadence>168</Cadence>
          </Trackpoint>
          <Trackpoint>
            <Time>2026-04-11T13:57:20.000Z</Time>
            <Position>
              <LatitudeDegrees>37.3637133</LatitudeDegrees>
              <LongitudeDegrees>-121.8541593</LongitudeDegrees>
            </Position>
            <AltitudeMeters>25.1</AltitudeMeters>
            <DistanceMeters>4009.03</DistanceMeters>
            <HeartRateBpm><Value>140</Value></HeartRateBpm>
            <Cadence>168</Cadence>
          </Trackpoint>
          <Trackpoint>
            <Time>2026-04-11T13:57:25.000Z</Time>
            <Position>
              <LatitudeDegrees>37.3637911</LatitudeDegrees>
              <LongitudeDegrees>-121.8540613</LongitudeDegrees>
            </Position>
            <AltitudeMeters>25.1</AltitudeMeters>
            <DistanceMeters>4021.25</DistanceMeters>
            <HeartRateBpm><Value>140</Value></HeartRateBpm>
            <Cadence>168</Cadence>
          </Trackpoint>
          <Trackpoint>
            <Time>2026-04-11T13:57:30.000Z</Time>
            <Position>
              <LatitudeDegrees>37.3638689</LatitudeDegrees>
              <LongitudeDegrees>-121.8539633</LongitudeDegrees>
            </Position>
            <AltitudeMeters>25.2</AltitudeMeters>
            <DistanceMeters>4033.47</DistanceMeters>
            <HeartRateBpm><Value>140</Value></HeartRateBpm>
            <Cadence>168</Cadence>
          </Trackpoint>
          <Trackpoint>
            <Time>2026-04-11T13:57:35.000Z</Time>
            <Position>
              <LatitudeDegrees>37.3639467</LatitudeDegrees>
              <LongitudeDegrees>-121.8538653</LongitudeDegrees>
            </Position>
            <AltitudeMeters>25.3</AltitudeMeters>
            <DistanceMeters>4045.69</DistanceMeters>
            <HeartRateBpm><Value>140</Value></HeartRateBpm>
            <Cadence>168</Cadence>
          </Trackpoint>
          <Trackpoint>
            <Time>2026-04-11T13:57:40.000Z</Time>
            <Position>
              <LatitudeDegrees>37.3640244</LatitudeDegrees>
              <LongitudeDegrees>-121.8537673</LongitudeDegrees>
            </Position>
            <AltitudeMeters>25.4</AltitudeMeters>
            <DistanceMeters>4057.92</DistanceMeters>
            <HeartRateBpm><Value>140</Value></HeartRateBpm>
            <Cadence>168</Cadence>
          </Trackpoint>
          <Trackpoint>
            <Time>2026-04-11T13:57:45.000Z</Time>
            <Position>
              <LatitudeDegrees>37.3641022</LatitudeDegrees>
              <LongitudeDegrees>-121.8536694</LongitudeDegrees>
            </Position>
            <AltitudeMeters>25.4</AltitudeMeters>
            <DistanceMeters>4070.14</DistanceMeters>
            <HeartRateBpm><Value>140</Value></HeartRateBpm>
            <Cadence>168</Cadence>
          </Trackpoint>
          <Trackpoint>
            <Time>2026-04-11T13:57:50.000Z</Time>
            <Position>
              <LatitudeDegrees>37.3641800</LatitudeDegrees>
              <LongitudeDegrees>-121.8535714</LongitudeDegrees>
            </Position>
            <AltitudeMeters>25.5</AltitudeMeters>
            <DistanceMeters>4082.36</DistanceMeters>
            <HeartRateBpm><Value>140</Value></HeartRateBpm>
            <Cadence>168</Cadence>
          </Trackpoint>
          <Trackpoint>
            <Time>2026-04-11T13:57:55.000Z</Time>
            <Position>
              <LatitudeDegrees>37.3642578</LatitudeDegrees>
              <LongitudeDegrees>-121.8534734</LongitudeDegrees>
            </Position>
            <AltitudeMeters>25.6</AltitudeMeters>
            <DistanceMeters>4094.58</DistanceMeters>
            <HeartRateBpm><Value>140</Value></HeartRateBpm>
            <Cadence>168</Cadence>
          </Trackpoint>
          <Trackpoint>
            <Time>2026-04-11T13:58:00.000Z</Time>
            <Position>
              <LatitudeDegrees>37.3643356</LatitudeDegrees>
              <LongitudeDegrees>-121.8533754</LongitudeDegrees>
            </Position>
            <AltitudeMeters>25.7</AltitudeMeters>
            <DistanceMeters>4106.81</DistanceMeters>
            <HeartRateBpm><Value>140</Value></HeartRateBpm>
            <Cadence>168</Cadence>
          </Trackpoint>
          <Trackpoint>
            <Time>2026-04-11T13:58:05.000Z</Time>
            <Position>
              <LatitudeDegrees>37.3644134</LatitudeDegrees>
              <LongitudeDegrees>-121.8532774</LongitudeDegrees>
            </Position>
            <AltitudeMeters>25.7</AltitudeMeters>
            <DistanceMeters>4119.03</DistanceMeters>
            <HeartRateBpm><Value>140</Value></HeartRateBpm>
            <Cadence>168</Cadence>
          </Trackpoint>
          <Trackpoint>
            <Time>2026-04-11T13:58:10.000Z</Time>
            <Position>
              <LatitudeDegrees>37.3644912</LatitudeDegrees>
              <LongitudeDegrees>-121.8531794</LongitudeDegrees>
            </Position>
            <AltitudeMeters>25.8</AltitudeMeters>
            <DistanceMeters>4131.25</DistanceMeters>
            <HeartRateBpm><Value>140</Value></HeartRateBpm>
            <Cadence>168</Cadence>
          </Trackpoint>
          <Trackpoint>
            <Time>2026-04-11T13:58:15.000Z</Time>
            <Position>
              <LatitudeDegrees>37.3645689</LatitudeDegrees>
              <LongitudeDegrees>-121.8530814</LongitudeDegrees>
            </Position>
            <AltitudeMeters>25.9</AltitudeMeters>
            <DistanceMeters>4143.47</DistanceMeters>
            <HeartRateBpm><Value>140</Value></HeartRateBpm>
            <Cadence>168</Cadence>
          </Trackpoint>
          <Trackpoint>
            <Time>2026-04-11T13:58:20.000Z</Time>
            <Position>
              <LatitudeDegrees>37.3646467</LatitudeDegrees>
              <LongitudeDegrees>-121.8529834</LongitudeDegrees>
            </Position>
            <AltitudeMeters>25.9</AltitudeMeters>
            <DistanceMeters>4155.70</DistanceMeters>
            <HeartRateBpm><Value>140</Value></HeartRateBpm>
            <Cadence>168</Cadence>
          </Trackpoint>
          <Trackpoint>
            <Time>2026-04-11T13:58:25.000Z</Time>
            <Position>
              <LatitudeDegrees>37.3647245</LatitudeDegrees>
              <LongitudeDegrees>-121.8528854</LongitudeDegrees>
            </Position>
            <AltitudeMeters>26</AltitudeMeters>
            <DistanceMeters>4167.92</DistanceMeters>
            <HeartRateBpm><Value>140</Value></HeartRateBpm>
            <Cadence>168</Cadence>
          </Trackpoint>
          <Trackpoint>
            <Time>2026-04-11T13:58:30.000Z</Time>
            <Position>
              <LatitudeDegrees>37.3648023</LatitudeDegrees>
              <LongitudeDegrees>-121.8527874</LongitudeDegrees>
            </Position>
            <AltitudeMeters>26.1</AltitudeMeters>
            <DistanceMeters>4180.14</DistanceMeters>
            <HeartRateBpm><Value>140</Value></HeartRateBpm>
            <Cadence>168</Cadence>
          </Trackpoint>
          <Trackpoint>
            <Time>2026-04-11T13:58:35.000Z</Time>
            <Position>
              <LatitudeDegrees>37.3648801</LatitudeDegrees>
              <LongitudeDegrees>-121.8526895</LongitudeDegrees>
            </Position>
            <AltitudeMeters>26.1</AltitudeMeters>
            <DistanceMeters>4192.37</DistanceMeters>
            <HeartRateBpm><Value>140</Value></HeartRateBpm>
            <Cadence>168</Cadence>
          </Trackpoint>
          <Trackpoint>
            <Time>2026-04-11T13:58:40.000Z</Time>
            <Position>
              <LatitudeDegrees>37.3649579</LatitudeDegrees>
              <LongitudeDegrees>-121.8525915</LongitudeDegrees>
            </Position>
            <AltitudeMeters>26.2</AltitudeMeters>
            <DistanceMeters>4204.59</DistanceMeters>
            <HeartRateBpm><Value>140</Value></HeartRateBpm>
            <Cadence>168</Cadence>
          </Trackpoint>
          <Trackpoint>
            <Time>2026-04-11T13:58:45.000Z</Time>
            <Position>
              <LatitudeDegrees>37.3650356</LatitudeDegrees>
              <LongitudeDegrees>-121.8524935</LongitudeDegrees>
            </Position>
            <AltitudeMeters>26.3</AltitudeMeters>
            <DistanceMeters>4216.81</DistanceMeters>
            <HeartRateBpm><Value>140</Value></HeartRateBpm>
            <Cadence>168</Cadence>
          </Trackpoint>
          <Trackpoint>
            <Time>2026-04-11T13:58:50.000Z</Time>
            <Position>
              <LatitudeDegrees>37.3651134</LatitudeDegrees>
              <LongitudeDegrees>-121.8523955</LongitudeDegrees>
            </Position>
            <AltitudeMeters>26.3</AltitudeMeters>
            <DistanceMeters>4229.03</DistanceMeters>
            <HeartRateBpm><Value>140</Value></HeartRateBpm>
            <Cadence>168</Cadence>
          </Trackpoint>
          <Trackpoint>
            <Time>2026-04-11T13:58:55.000Z</Time>
            <Position>
              <LatitudeDegrees>37.3651912</LatitudeDegrees>
              <LongitudeDegrees>-121.8522975</LongitudeDegrees>
            </Position>
            <AltitudeMeters>26.4</AltitudeMeters>
            <DistanceMeters>4241.26</DistanceMeters>
            <HeartRateBpm><Value>140</Value></HeartRateBpm>
            <Cadence>168</Cadence>
          </Trackpoint>
          <Trackpoint>
            <Time>2026-04-11T13:59:00.000Z</Time>
            <Position>
              <LatitudeDegrees>37.3652690</LatitudeDegrees>
              <LongitudeDegrees>-121.8521995</LongitudeDegrees>
            </Position>
            <AltitudeMeters>26.4</AltitudeMeters>
            <DistanceMeters>4253.48</DistanceMeters>
            <HeartRateBpm><Value>140</Value></HeartRateBpm>
            <Cadence>168</Cadence>
          </Trackpoint>
          <Trackpoint>
            <Time>2026-04-11T13:59:05.000Z</Time>
            <Position>
              <LatitudeDegrees>37.3653468</LatitudeDegrees>
              <LongitudeDegrees>-121.8521015</LongitudeDegrees>
            </Position>
            <AltitudeMeters>26.5</AltitudeMeters>
            <DistanceMeters>4265.70</DistanceMeters>
            <HeartRateBpm><Value>140</Value></HeartRateBpm>
            <Cadence>168</Cadence>
          </Trackpoint>
          <Trackpoint>
            <Time>2026-04-11T13:59:10.000Z</Time>
            <Position>
              <LatitudeDegrees>37.3654246</LatitudeDegrees>
              <LongitudeDegrees>-121.8520035</LongitudeDegrees>
            </Position>
            <AltitudeMeters>26.5</AltitudeMeters>
            <DistanceMeters>4277.92</DistanceMeters>
            <HeartRateBpm><Value>140</Value></HeartRateBpm>
            <Cadence>168</Cadence>
          </Trackpoint>
          <Trackpoint>
            <Time>2026-04-11T13:59:15.000Z</Time>
            <Position>
              <LatitudeDegrees>37.3655024</LatitudeDegrees>
              <LongitudeDegrees>-121.8519055</LongitudeDegrees>
            </Position>
            <AltitudeMeters>26.6</AltitudeMeters>
            <DistanceMeters>4290.15</DistanceMeters>
            <HeartRateBpm><Value>140</Value></HeartRateBpm>
            <Cadence>168</Cadence>
          </Trackpoint>
          <Trackpoint>
            <Time>2026-04-11T13:59:20.000Z</Time>
            <Position>
              <LatitudeDegrees>37.3655801</LatitudeDegrees>
              <LongitudeDegrees>-121.8518075</LongitudeDegrees>
            </Position>
            <AltitudeMeters>26.6</AltitudeMeters>
            <DistanceMeters>4302.37</DistanceMeters>
            <HeartRateBpm><Value>140</Value></HeartRateBpm>
            <Cadence>168</Cadence>
          </Trackpoint>
          <Trackpoint>
            <Time>2026-04-11T13:59:25.000Z</Time>
            <Position>
              <LatitudeDegrees>37.3656579</LatitudeDegrees>
              <LongitudeDegrees>-121.8517096</LongitudeDegrees>
            </Position>
            <AltitudeMeters>26.7</AltitudeMeters>
            <DistanceMeters>4314.59</DistanceMeters>
            <HeartRateBpm><Value>140</Value></HeartRateBpm>
            <Cadence>168</Cadence>
          </Trackpoint>
          <Trackpoint>
            <Time>2026-04-11T13:59:30.000Z</Time>
            <Position>
              <LatitudeDegrees>37.3657357</LatitudeDegrees>
              <LongitudeDegrees>-121.8516116</LongitudeDegrees>
            </Position>
            <AltitudeMeters>26.7</AltitudeMeters>
            <DistanceMeters>4326.81</DistanceMeters>
            <HeartRateBpm><Value>140</Value></HeartRateBpm>
            <Cadence>168</Cadence>
          </Trackpoint>
          <Trackpoint>
            <Time>2026-04-11T13:59:35.000Z</Time>
            <Position>
              <LatitudeDegrees>37.3658135</LatitudeDegrees>
              <LongitudeDegrees>-121.8515136</LongitudeDegrees>
            </Position>
            <AltitudeMeters>26.7</AltitudeMeters>
            <DistanceMeters>4339.04</DistanceMeters>
            <HeartRateBpm><Value>140</Value></HeartRateBpm>
            <Cadence>168</Cadence>
          </Trackpoint>
          <Trackpoint>
            <Time>2026-04-11T13:59:40.000Z</Time>
            <Position>
              <LatitudeDegrees>37.3658913</LatitudeDegrees>
              <LongitudeDegrees>-121.8514156</LongitudeDegrees>
            </Position>
            <AltitudeMeters>26.8</AltitudeMeters>
            <DistanceMeters>4351.26</DistanceMeters>
            <HeartRateBpm><Value>140</Value></HeartRateBpm>
            <Cadence>168</Cadence>
          </Trackpoint>
          <Trackpoint>
            <Time>2026-04-11T13:59:45.000Z</Time>
            <Position>
              <LatitudeDegrees>37.3659691</LatitudeDegrees>
              <LongitudeDegrees>-121.8513176</LongitudeDegrees>
            </Position>
            <AltitudeMeters>26.8</AltitudeMeters>
            <DistanceMeters>4363.48</DistanceMeters>
            <HeartRateBpm><Value>140</Value></HeartRateBpm>
            <Cadence>168</Cadence>
          </Trackpoint>
          <Trackpoint>
            <Time>2026-04-11T13:59:50.000Z</Time>
            <Position>
              <LatitudeDegrees>37.3660468</LatitudeDegrees>
              <LongitudeDegrees>-121.8512196</LongitudeDegrees>
            </Position>
            <AltitudeMeters>26.8</AltitudeMeters>
            <DistanceMeters>4375.71</DistanceMeters>
            <HeartRateBpm><Value>140</Value></HeartRateBpm>
            <Cadence>168</Cadence>
          </Trackpoint>
          <Trackpoint>
            <Time>2026-04-11T13:59:55.000Z</Time>
            <Position>
              <LatitudeDegrees>37.3661246</LatitudeDegrees>
              <LongitudeDegrees>-121.8511216</LongitudeDegrees>
            </Position>
            <AltitudeMeters>26.9</AltitudeMeters>
            <DistanceMeters>4387.93</DistanceMeters>
            <HeartRateBpm><Value>140</Value></HeartRateBpm>
            <Cadence>168</Cadence>
          </Trackpoint>
          <Trackpoint>
            <Time>2026-04-11T14:00:00.000Z</Time>
            <Position>
              <LatitudeDegrees>37.3662024</LatitudeDegrees>
              <LongitudeDegrees>-121.8510236</LongitudeDegrees>
            </Position>
            <AltitudeMeters>26.9</AltitudeMeters>
            <DistanceMeters>4400.15</DistanceMeters>
            <HeartRateBpm><Value>140</Value></HeartRateBpm>
            <Cadence>168</Cadence>
          </Trackpoint>
          <Trackpoint>
            <Time>2026-04-11T14:00:05.000Z</Time>
            <Position>
              <LatitudeDegrees>37.3662802</LatitudeDegrees>
              <LongitudeDegrees>-121.8509256</LongitudeDegrees>
            </Position>
            <AltitudeMeters>26.9</AltitudeMeters>
            <DistanceMeters>4412.37</DistanceMeters>
            <HeartRateBpm><Value>140</Value></HeartRateBpm>
            <Cadence>168</Cadence>
          </Trackpoint>
          <Trackpoint>
            <Time>2026-04-11T14:00:10.000Z</Time>
            <Position>
              <LatitudeDegrees>37.3663580</LatitudeDegrees>
              <LongitudeDegrees>-121.8508276</LongitudeDegrees>
            </Position>
            <AltitudeMeters>26.9</AltitudeMeters>
            <DistanceMeters>4424.60</DistanceMeters>
            <HeartRateBpm><Value>140</Value></HeartRateBpm>
            <Cadence>168</Cadence>
          </Trackpoint>
          <Trackpoint>
            <Time>2026-04-11T14:00:15.000Z</Time>
            <Position>
              <LatitudeDegrees>37.3664358</LatitudeDegrees>
              <LongitudeDegrees>-121.8507297</LongitudeDegrees>
            </Position>
            <AltitudeMeters>27</AltitudeMeters>
            <DistanceMeters>4436.82</DistanceMeters>
            <HeartRateBpm><Value>140</Value></HeartRateBpm>
            <Cadence>168</Cadence>
          </Trackpoint>
          <Trackpoint>
            <Time>2026-04-11T14:00:20.000Z</Time>
            <Position>
              <LatitudeDegrees>37.3665136</LatitudeDegrees>
              <LongitudeDegrees>-121.8506317</LongitudeDegrees>
            </Position>
            <AltitudeMeters>27</AltitudeMeters>
            <DistanceMeters>4449.04</DistanceMeters>
            <HeartRateBpm><Value>140</Value></HeartRateBpm>
            <Cadence>168</Cadence>
          </Trackpoint>
          <Trackpoint>
            <Time>2026-04-11T14:00:25.000Z</Time>
            <Position>
              <LatitudeDegrees>37.3665913</LatitudeDegrees>
              <LongitudeDegrees>-121.8505337</LongitudeDegrees>
            </Position>
            <AltitudeMeters>27</AltitudeMeters>
            <DistanceMeters>4461.26</DistanceMeters>
            <HeartRateBpm><Value>140</Value></HeartRateBpm>
            <Cadence>168</Cadence>
          </Trackpoint>
          <Trackpoint>
            <Time>2026-04-11T14:00:30.000Z</Time>
            <Position>
              <LatitudeDegrees>37.3666691</LatitudeDegrees>
              <LongitudeDegrees>-121.8504357</LongitudeDegrees>
            </Position>
            <AltitudeMeters>27</AltitudeMeters>
            <DistanceMeters>4473.49</DistanceMeters>
            <HeartRateBpm><Value>140</Value></HeartRateBpm>
            <Cadence>168</Cadence>
          </Trackpoint>
          <Trackpoint>
            <Time>2026-04-11T14:00:35.000Z</Time>
            <Position>
              <LatitudeDegrees>37.3667469</LatitudeDegrees>
              <LongitudeDegrees>-121.8503377</LongitudeDegrees>
            </Position>
            <AltitudeMeters>27</AltitudeMeters>
            <DistanceMeters>4485.71</DistanceMeters>
            <HeartRateBpm><Value>140</Value></HeartRateBpm>
            <Cadence>168</Cadence>
          </Trackpoint>
          <Trackpoint>
            <Time>2026-04-11T14:00:40.000Z</Time>
            <Position>
              <LatitudeDegrees>37.3668247</LatitudeDegrees>
              <LongitudeDegrees>-121.8502397</LongitudeDegrees>
            </Position>
            <AltitudeMeters>27</AltitudeMeters>
            <DistanceMeters>4497.93</DistanceMeters>
            <HeartRateBpm><Value>140</Value></HeartRateBpm>
            <Cadence>168</Cadence>
          </Trackpoint>
          <Trackpoint>
            <Time>2026-04-11T14:00:45.000Z</Time>
            <Position>
              <LatitudeDegrees>37.3669025</LatitudeDegrees>
              <LongitudeDegrees>-121.8501417</LongitudeDegrees>
            </Position>
            <AltitudeMeters>27</AltitudeMeters>
            <DistanceMeters>4510.15</DistanceMeters>
            <HeartRateBpm><Value>140</Value></HeartRateBpm>
            <Cadence>168</Cadence>
          </Trackpoint>
          <Trackpoint>
            <Time>2026-04-11T14:00:50.000Z</Time>
            <Position>
              <LatitudeDegrees>37.3669803</LatitudeDegrees>
              <LongitudeDegrees>-121.8500437</LongitudeDegrees>
            </Position>
            <AltitudeMeters>27</AltitudeMeters>
            <DistanceMeters>4522.38</DistanceMeters>
            <HeartRateBpm><Value>140</Value></HeartRateBpm>
            <Cadence>168</Cadence>
          </Trackpoint>
          <Trackpoint>
            <Time>2026-04-11T14:00:55.000Z</Time>
            <Position>
              <LatitudeDegrees>37.3670580</LatitudeDegrees>
              <LongitudeDegrees>-121.8499457</LongitudeDegrees>
            </Position>
            <AltitudeMeters>27</AltitudeMeters>
            <DistanceMeters>4534.60</DistanceMeters>
            <HeartRateBpm><Value>140</Value></HeartRateBpm>
            <Cadence>168</Cadence>
          </Trackpoint>
          <Trackpoint>
            <Time>2026-04-11T14:01:00.000Z</Time>
            <Position>
              <LatitudeDegrees>37.3671358</LatitudeDegrees>
              <LongitudeDegrees>-121.8498477</LongitudeDegrees>
            </Position>
            <AltitudeMeters>27</AltitudeMeters>
            <DistanceMeters>4546.82</DistanceMeters>
            <HeartRateBpm><Value>140</Value></HeartRateBpm>
            <Cadence>168</Cadence>
          </Trackpoint>
          <Trackpoint>
            <Time>2026-04-11T14:01:05.000Z</Time>
            <Position>
              <LatitudeDegrees>37.3672136</LatitudeDegrees>
              <LongitudeDegrees>-121.8497498</LongitudeDegrees>
            </Position>
            <AltitudeMeters>27</AltitudeMeters>
            <DistanceMeters>4559.04</DistanceMeters>
            <HeartRateBpm><Value>140</Value></HeartRateBpm>
            <Cadence>168</Cadence>
          </Trackpoint>
          <Trackpoint>
            <Time>2026-04-11T14:01:10.000Z</Time>
            <Position>
              <LatitudeDegrees>37.3672914</LatitudeDegrees>
              <LongitudeDegrees>-121.8496518</LongitudeDegrees>
            </Position>
            <AltitudeMeters>27</AltitudeMeters>
            <DistanceMeters>4571.27</DistanceMeters>
            <HeartRateBpm><Value>140</Value></HeartRateBpm>
            <Cadence>168</Cadence>
          </Trackpoint>
          <Trackpoint>
            <Time>2026-04-11T14:01:15.000Z</Time>
            <Position>
              <LatitudeDegrees>37.3673692</LatitudeDegrees>
              <LongitudeDegrees>-121.8495538</LongitudeDegrees>
            </Position>
            <AltitudeMeters>26.9</AltitudeMeters>
            <DistanceMeters>4583.49</DistanceMeters>
            <HeartRateBpm><Value>140</Value></HeartRateBpm>
            <Cadence>168</Cadence>
          </Trackpoint>
          <Trackpoint>
            <Time>2026-04-11T14:01:20.000Z</Time>
            <Position>
              <LatitudeDegrees>37.3674470</LatitudeDegrees>
              <LongitudeDegrees>-121.8494558</LongitudeDegrees>
            </Position>
            <AltitudeMeters>26.9</AltitudeMeters>
            <DistanceMeters>4595.71</DistanceMeters>
            <HeartRateBpm><Value>140</Value></HeartRateBpm>
            <Cadence>168</Cadence>
          </Trackpoint>
          <Trackpoint>
            <Time>2026-04-11T14:01:25.000Z</Time>
            <Position>
              <LatitudeDegrees>37.3675248</LatitudeDegrees>
              <LongitudeDegrees>-121.8493578</LongitudeDegrees>
            </Position>
            <AltitudeMeters>26.9</AltitudeMeters>
            <DistanceMeters>4607.94</DistanceMeters>
            <HeartRateBpm><Value>140</Value></HeartRateBpm>
            <Cadence>168</Cadence>
          </Trackpoint>
          <Trackpoint>
            <Time>2026-04-11T14:01:30.000Z</Time>
            <Position>
              <LatitudeDegrees>37.3676025</LatitudeDegrees>
              <LongitudeDegrees>-121.8492598</LongitudeDegrees>
            </Position>
            <AltitudeMeters>26.9</AltitudeMeters>
            <DistanceMeters>4620.16</DistanceMeters>
            <HeartRateBpm><Value>140</Value></HeartRateBpm>
            <Cadence>168</Cadence>
          </Trackpoint>
          <Trackpoint>
            <Time>2026-04-11T14:01:35.000Z</Time>
            <Position>
              <LatitudeDegrees>37.3676803</LatitudeDegrees>
              <LongitudeDegrees>-121.8491618</LongitudeDegrees>
            </Position>
            <AltitudeMeters>26.8</AltitudeMeters>
            <DistanceMeters>4632.38</DistanceMeters>
            <HeartRateBpm><Value>140</Value></HeartRateBpm>
            <Cadence>168</Cadence>
          </Trackpoint>
          <Trackpoint>
            <Time>2026-04-11T14:01:40.000Z</Time>
            <Position>
              <LatitudeDegrees>37.3677581</LatitudeDegrees>
              <LongitudeDegrees>-121.8490638</LongitudeDegrees>
            </Position>
            <AltitudeMeters>26.8</AltitudeMeters>
            <DistanceMeters>4644.60</DistanceMeters>
            <HeartRateBpm><Value>140</Value></HeartRateBpm>
            <Cadence>168</Cadence>
          </Trackpoint>
          <Trackpoint>
            <Time>2026-04-11T14:01:45.000Z</Time>
            <Position>
              <LatitudeDegrees>37.3678359</LatitudeDegrees>
              <LongitudeDegrees>-121.8489658</LongitudeDegrees>
            </Position>
            <AltitudeMeters>26.8</AltitudeMeters>
            <DistanceMeters>4656.83</DistanceMeters>
            <HeartRateBpm><Value>140</Value></HeartRateBpm>
            <Cadence>168</Cadence>
          </Trackpoint>
          <Trackpoint>
            <Time>2026-04-11T14:01:50.000Z</Time>
            <Position>
              <LatitudeDegrees>37.3679137</LatitudeDegrees>
              <LongitudeDegrees>-121.8488678</LongitudeDegrees>
            </Position>
            <AltitudeMeters>26.7</AltitudeMeters>
            <DistanceMeters>4669.05</DistanceMeters>
            <HeartRateBpm><Value>140</Value></HeartRateBpm>
            <Cadence>168</Cadence>
          </Trackpoint>
          <Trackpoint>
            <Time>2026-04-11T14:01:55.000Z</Time>
            <Position>
              <LatitudeDegrees>37.3679915</LatitudeDegrees>
              <LongitudeDegrees>-121.8487699</LongitudeDegrees>
            </Position>
            <AltitudeMeters>26.7</AltitudeMeters>
            <DistanceMeters>4681.27</DistanceMeters>
            <HeartRateBpm><Value>140</Value></HeartRateBpm>
            <Cadence>168</Cadence>
          </Trackpoint>
          <Trackpoint>
            <Time>2026-04-11T14:02:00.000Z</Time>
            <Position>
              <LatitudeDegrees>37.3680692</LatitudeDegrees>
              <LongitudeDegrees>-121.8486719</LongitudeDegrees>
            </Position>
            <AltitudeMeters>26.6</AltitudeMeters>
            <DistanceMeters>4693.49</DistanceMeters>
            <HeartRateBpm><Value>140</Value></HeartRateBpm>
            <Cadence>168</Cadence>
          </Trackpoint>
          <Trackpoint>
            <Time>2026-04-11T14:02:05.000Z</Time>
            <Position>
              <LatitudeDegrees>37.3681470</LatitudeDegrees>
              <LongitudeDegrees>-121.8485739</LongitudeDegrees>
            </Position>
            <AltitudeMeters>26.6</AltitudeMeters>
            <DistanceMeters>4705.72</DistanceMeters>
            <HeartRateBpm><Value>140</Value></HeartRateBpm>
            <Cadence>168</Cadence>
          </Trackpoint>
          <Trackpoint>
            <Time>2026-04-11T14:02:10.000Z</Time>
            <Position>
              <LatitudeDegrees>37.3682248</LatitudeDegrees>
              <LongitudeDegrees>-121.8484759</LongitudeDegrees>
            </Position>
            <AltitudeMeters>26.5</AltitudeMeters>
            <DistanceMeters>4717.94</DistanceMeters>
            <HeartRateBpm><Value>140</Value></HeartRateBpm>
            <Cadence>168</Cadence>
          </Trackpoint>
          <Trackpoint>
            <Time>2026-04-11T14:02:15.000Z</Time>
            <Position>
              <LatitudeDegrees>37.3683026</LatitudeDegrees>
              <LongitudeDegrees>-121.8483779</LongitudeDegrees>
            </Position>
            <AltitudeMeters>26.5</AltitudeMeters>
            <DistanceMeters>4730.16</DistanceMeters>
            <HeartRateBpm><Value>140</Value></HeartRateBpm>
            <Cadence>168</Cadence>
          </Trackpoint>
          <Trackpoint>
            <Time>2026-04-11T14:02:20.000Z</Time>
            <Position>
              <LatitudeDegrees>37.3683804</LatitudeDegrees>
              <LongitudeDegrees>-121.8482799</LongitudeDegrees>
            </Position>
            <AltitudeMeters>26.4</AltitudeMeters>
            <DistanceMeters>4742.38</DistanceMeters>
            <HeartRateBpm><Value>140</Value></HeartRateBpm>
            <Cadence>168</Cadence>
          </Trackpoint>
          <Trackpoint>
            <Time>2026-04-11T14:02:25.000Z</Time>
            <Position>
              <LatitudeDegrees>37.3684582</LatitudeDegrees>
              <LongitudeDegrees>-121.8481819</LongitudeDegrees>
            </Position>
            <AltitudeMeters>26.4</AltitudeMeters>
            <DistanceMeters>4754.61</DistanceMeters>
            <HeartRateBpm><Value>140</Value></HeartRateBpm>
            <Cadence>168</Cadence>
          </Trackpoint>
          <Trackpoint>
            <Time>2026-04-11T14:02:30.000Z</Time>
            <Position>
              <LatitudeDegrees>37.3685359</LatitudeDegrees>
              <LongitudeDegrees>-121.8480839</LongitudeDegrees>
            </Position>
            <AltitudeMeters>26.3</AltitudeMeters>
            <DistanceMeters>4766.83</DistanceMeters>
            <HeartRateBpm><Value>140</Value></HeartRateBpm>
            <Cadence>168</Cadence>
          </Trackpoint>
          <Trackpoint>
            <Time>2026-04-11T14:02:35.000Z</Time>
            <Position>
              <LatitudeDegrees>37.3686137</LatitudeDegrees>
              <LongitudeDegrees>-121.8479859</LongitudeDegrees>
            </Position>
            <AltitudeMeters>26.3</AltitudeMeters>
            <DistanceMeters>4779.05</DistanceMeters>
            <HeartRateBpm><Value>140</Value></HeartRateBpm>
            <Cadence>168</Cadence>
          </Trackpoint>
          <Trackpoint>
            <Time>2026-04-11T14:02:40.000Z</Time>
            <Position>
              <LatitudeDegrees>37.3686915</LatitudeDegrees>
              <LongitudeDegrees>-121.8478879</LongitudeDegrees>
            </Position>
            <AltitudeMeters>26.2</AltitudeMeters>
            <DistanceMeters>4791.27</DistanceMeters>
            <HeartRateBpm><Value>140</Value></HeartRateBpm>
            <Cadence>168</Cadence>
          </Trackpoint>
          <Trackpoint>
            <Time>2026-04-11T14:02:45.000Z</Time>
            <Position>
              <LatitudeDegrees>37.3687693</LatitudeDegrees>
              <LongitudeDegrees>-121.8477900</LongitudeDegrees>
            </Position>
            <AltitudeMeters>26.2</AltitudeMeters>
            <DistanceMeters>4803.50</DistanceMeters>
            <HeartRateBpm><Value>140</Value></HeartRateBpm>
            <Cadence>168</Cadence>
          </Trackpoint>
          <Trackpoint>
            <Time>2026-04-11T14:02:50.000Z</Time>
            <Position>
              <LatitudeDegrees>37.3688471</LatitudeDegrees>
              <LongitudeDegrees>-121.8476920</LongitudeDegrees>
            </Position>
            <AltitudeMeters>26.1</AltitudeMeters>
            <DistanceMeters>4815.72</DistanceMeters>
            <HeartRateBpm><Value>140</Value></HeartRateBpm>
            <Cadence>168</Cadence>
          </Trackpoint>
          <Trackpoint>
            <Time>2026-04-11T14:02:55.000Z</Time>
            <Position>
              <LatitudeDegrees>37.3689249</LatitudeDegrees>
              <LongitudeDegrees>-121.8475940</LongitudeDegrees>
            </Position>
            <AltitudeMeters>26</AltitudeMeters>
            <DistanceMeters>4827.94</DistanceMeters>
            <HeartRateBpm><Value>140</Value></HeartRateBpm>
            <Cadence>168</Cadence>
          </Trackpoint>
          <Trackpoint>
            <Time>2026-04-11T14:03:00.000Z</Time>
            <Position>
              <LatitudeDegrees>37.3690027</LatitudeDegrees>
              <LongitudeDegrees>-121.8474960</LongitudeDegrees>
            </Position>
            <AltitudeMeters>26</AltitudeMeters>
            <DistanceMeters>4840.17</DistanceMeters>
            <HeartRateBpm><Value>140</Value></HeartRateBpm>
            <Cadence>168</Cadence>
          </Trackpoint>
          <Trackpoint>
            <Time>2026-04-11T14:03:05.000Z</Time>
            <Position>
              <LatitudeDegrees>37.3690804</LatitudeDegrees>
              <LongitudeDegrees>-121.8473980</LongitudeDegrees>
            </Position>
            <AltitudeMeters>25.9</AltitudeMeters>
            <DistanceMeters>4852.39</DistanceMeters>
            <HeartRateBpm><Value>140</Value></HeartRateBpm>
            <Cadence>168</Cadence>
          </Trackpoint>
          <Trackpoint>
            <Time>2026-04-11T14:03:10.000Z</Time>
            <Position>
              <LatitudeDegrees>37.3691582</LatitudeDegrees>
              <LongitudeDegrees>-121.8473000</LongitudeDegrees>
            </Position>
            <AltitudeMeters>25.8</AltitudeMeters>
            <DistanceMeters>4864.61</DistanceMeters>
            <HeartRateBpm><Value>140</Value></HeartRateBpm>
            <Cadence>168</Cadence>
          </Trackpoint>
          <Trackpoint>
            <Time>2026-04-11T14:03:15.000Z</Time>
            <Position>
              <LatitudeDegrees>37.3692360</LatitudeDegrees>
              <LongitudeDegrees>-121.8472020</LongitudeDegrees>
            </Position>
            <AltitudeMeters>25.8</AltitudeMeters>
            <DistanceMeters>4876.83</DistanceMeters>
            <HeartRateBpm><Value>140</Value></HeartRateBpm>
            <Cadence>168</Cadence>
          </Trackpoint>
          <Trackpoint>
            <Time>2026-04-11T14:03:20.000Z</Time>
            <Position>
              <LatitudeDegrees>37.3693138</LatitudeDegrees>
              <LongitudeDegrees>-121.8471040</LongitudeDegrees>
            </Position>
            <AltitudeMeters>25.7</AltitudeMeters>
            <DistanceMeters>4889.06</DistanceMeters>
            <HeartRateBpm><Value>140</Value></HeartRateBpm>
            <Cadence>168</Cadence>
          </Trackpoint>
          <Trackpoint>
            <Time>2026-04-11T14:03:25.000Z</Time>
            <Position>
              <LatitudeDegrees>37.3693916</LatitudeDegrees>
              <LongitudeDegrees>-121.8470060</LongitudeDegrees>
            </Position>
            <AltitudeMeters>25.6</AltitudeMeters>
            <DistanceMeters>4901.28</DistanceMeters>
            <HeartRateBpm><Value>140</Value></HeartRateBpm>
            <Cadence>168</Cadence>
          </Trackpoint>
          <Trackpoint>
            <Time>2026-04-11T14:03:30.000Z</Time>
            <Position>
              <LatitudeDegrees>37.3694694</LatitudeDegrees>
              <LongitudeDegrees>-121.8469080</LongitudeDegrees>
            </Position>
            <AltitudeMeters>25.5</AltitudeMeters>
            <DistanceMeters>4913.50</DistanceMeters>
            <HeartRateBpm><Value>140</Value></HeartRateBpm>
            <Cadence>168</Cadence>
          </Trackpoint>
          <Trackpoint>
            <Time>2026-04-11T14:03:35.000Z</Time>
            <Position>
              <LatitudeDegrees>37.3695471</LatitudeDegrees>
              <LongitudeDegrees>-121.8468101</LongitudeDegrees>
            </Position>
            <AltitudeMeters>25.5</AltitudeMeters>
            <DistanceMeters>4925.72</DistanceMeters>
            <HeartRateBpm><Value>140</Value></HeartRateBpm>
            <Cadence>168</Cadence>
          </Trackpoint>
          <Trackpoint>
            <Time>2026-04-11T14:03:40.000Z</Time>
            <Position>
              <LatitudeDegrees>37.3696249</LatitudeDegrees>
              <LongitudeDegrees>-121.8467121</LongitudeDegrees>
            </Position>
            <AltitudeMeters>25.4</AltitudeMeters>
            <DistanceMeters>4937.95</DistanceMeters>
            <HeartRateBpm><Value>140</Value></HeartRateBpm>
            <Cadence>168</Cadence>
          </Trackpoint>
          <Trackpoint>
            <Time>2026-04-11T14:03:45.000Z</Time>
            <Position>
              <LatitudeDegrees>37.3697027</LatitudeDegrees>
              <LongitudeDegrees>-121.8466141</LongitudeDegrees>
            </Position>
            <AltitudeMeters>25.3</AltitudeMeters>
            <DistanceMeters>4950.17</DistanceMeters>
            <HeartRateBpm><Value>140</Value></HeartRateBpm>
            <Cadence>168</Cadence>
          </Trackpoint>
          <Trackpoint>
            <Time>2026-04-11T14:03:50.000Z</Time>
            <Position>
              <LatitudeDegrees>37.3697805</LatitudeDegrees>
              <LongitudeDegrees>-121.8465161</LongitudeDegrees>
            </Position>
            <AltitudeMeters>25.2</AltitudeMeters>
            <DistanceMeters>4962.39</DistanceMeters>
            <HeartRateBpm><Value>140</Value></HeartRateBpm>
            <Cadence>168</Cadence>
          </Trackpoint>
          <Trackpoint>
            <Time>2026-04-11T14:03:55.000Z</Time>
            <Position>
              <LatitudeDegrees>37.3698583</LatitudeDegrees>
              <LongitudeDegrees>-121.8464181</LongitudeDegrees>
            </Position>
            <AltitudeMeters>25.2</AltitudeMeters>
            <DistanceMeters>4974.61</DistanceMeters>
            <HeartRateBpm><Value>140</Value></HeartRateBpm>
            <Cadence>168</Cadence>
          </Trackpoint>
          <Trackpoint>
            <Time>2026-04-11T14:04:00.000Z</Time>
            <Position>
              <LatitudeDegrees>37.3699361</LatitudeDegrees>
              <LongitudeDegrees>-121.8463201</LongitudeDegrees>
            </Position>
            <AltitudeMeters>25.1</AltitudeMeters>
            <DistanceMeters>4986.84</DistanceMeters>
            <HeartRateBpm><Value>140</Value></HeartRateBpm>
            <Cadence>168</Cadence>
          </Trackpoint>
          <Trackpoint>
            <Time>2026-04-11T14:04:05.000Z</Time>
            <Position>
              <LatitudeDegrees>37.3700139</LatitudeDegrees>
              <LongitudeDegrees>-121.8462221</LongitudeDegrees>
            </Position>
            <AltitudeMeters>25</AltitudeMeters>
            <DistanceMeters>4999.06</DistanceMeters>
            <HeartRateBpm><Value>140</Value></HeartRateBpm>
            <Cadence>168</Cadence>
          </Trackpoint>
          <Trackpoint>
            <Time>2026-04-11T14:04:10.000Z</Time>
            <Position>
              <LatitudeDegrees>37.3700916</LatitudeDegrees>
              <LongitudeDegrees>-121.8461241</LongitudeDegrees>
            </Position>
            <AltitudeMeters>24.9</AltitudeMeters>
            <DistanceMeters>5011.28</DistanceMeters>
            <HeartRateBpm><Value>140</Value></HeartRateBpm>
            <Cadence>168</Cadence>
          </Trackpoint>
          <Trackpoint>
            <Time>2026-04-11T14:04:15.000Z</Time>
            <Position>
              <LatitudeDegrees>37.3701694</LatitudeDegrees>
              <LongitudeDegrees>-121.8460261</LongitudeDegrees>
            </Position>
            <AltitudeMeters>24.9</AltitudeMeters>
            <DistanceMeters>5023.51</DistanceMeters>
            <HeartRateBpm><Value>140</Value></HeartRateBpm>
            <Cadence>168</Cadence>
          </Trackpoint>
          <Trackpoint>
            <Time>2026-04-11T14:04:20.000Z</Time>
            <Position>
              <LatitudeDegrees>37.3702472</LatitudeDegrees>
              <LongitudeDegrees>-121.8459281</LongitudeDegrees>
            </Position>
            <AltitudeMeters>24.8</AltitudeMeters>
            <DistanceMeters>5035.73</DistanceMeters>
            <HeartRateBpm><Value>140</Value></HeartRateBpm>
            <Cadence>168</Cadence>
          </Trackpoint>
          <Trackpoint>
            <Time>2026-04-11T14:04:25.000Z</Time>
            <Position>
              <LatitudeDegrees>37.3703250</LatitudeDegrees>
              <LongitudeDegrees>-121.8458302</LongitudeDegrees>
            </Position>
            <AltitudeMeters>24.7</AltitudeMeters>
            <DistanceMeters>5047.95</DistanceMeters>
            <HeartRateBpm><Value>140</Value></HeartRateBpm>
            <Cadence>168</Cadence>
          </Trackpoint>
          <Trackpoint>
            <Time>2026-04-11T14:04:30.000Z</Time>
            <Position>
              <LatitudeDegrees>37.3704028</LatitudeDegrees>
              <LongitudeDegrees>-121.8457322</LongitudeDegrees>
            </Position>
            <AltitudeMeters>24.6</AltitudeMeters>
            <DistanceMeters>5060.17</DistanceMeters>
            <HeartRateBpm><Value>140</Value></HeartRateBpm>
            <Cadence>168</Cadence>
          </Trackpoint>
          <Trackpoint>
            <Time>2026-04-11T14:04:35.000Z</Time>
            <Position>
              <LatitudeDegrees>37.3704806</LatitudeDegrees>
              <LongitudeDegrees>-121.8456342</LongitudeDegrees>
            </Position>
            <AltitudeMeters>24.5</AltitudeMeters>
            <DistanceMeters>5072.40</DistanceMeters>
            <HeartRateBpm><Value>140</Value></HeartRateBpm>
            <Cadence>168</Cadence>
          </Trackpoint>
          <Trackpoint>
            <Time>2026-04-11T14:04:40.000Z</Time>
            <Position>
              <LatitudeDegrees>37.3705583</LatitudeDegrees>
              <LongitudeDegrees>-121.8455362</LongitudeDegrees>
            </Position>
            <AltitudeMeters>24.5</AltitudeMeters>
            <DistanceMeters>5084.62</DistanceMeters>
            <HeartRateBpm><Value>140</Value></HeartRateBpm>
            <Cadence>168</Cadence>
          </Trackpoint>
          <Trackpoint>
            <Time>2026-04-11T14:04:45.000Z</Time>
            <Position>
              <LatitudeDegrees>37.3706361</LatitudeDegrees>
              <LongitudeDegrees>-121.8454382</LongitudeDegrees>
            </Position>
            <AltitudeMeters>24.4</AltitudeMeters>
            <DistanceMeters>5096.84</DistanceMeters>
            <HeartRateBpm><Value>140</Value></HeartRateBpm>
            <Cadence>168</Cadence>
          </Trackpoint>
          <Trackpoint>
            <Time>2026-04-11T14:04:50.000Z</Time>
            <Position>
              <LatitudeDegrees>37.3707139</LatitudeDegrees>
              <LongitudeDegrees>-121.8453402</LongitudeDegrees>
            </Position>
            <AltitudeMeters>24.3</AltitudeMeters>
            <DistanceMeters>5109.06</DistanceMeters>
            <HeartRateBpm><Value>140</Value></HeartRateBpm>
            <Cadence>168</Cadence>
          </Trackpoint>
          <Trackpoint>
            <Time>2026-04-11T14:04:55.000Z</Time>
            <Position>
              <LatitudeDegrees>37.3707917</LatitudeDegrees>
              <LongitudeDegrees>-121.8452422</LongitudeDegrees>
            </Position>
            <AltitudeMeters>24.3</AltitudeMeters>
            <DistanceMeters>5121.29</DistanceMeters>
            <HeartRateBpm><Value>140</Value></HeartRateBpm>
            <Cadence>168</Cadence>
          </Trackpoint>
          <Trackpoint>
            <Time>2026-04-11T14:05:00.000Z</Time>
            <Position>
              <LatitudeDegrees>37.3708695</LatitudeDegrees>
              <LongitudeDegrees>-121.8451442</LongitudeDegrees>
            </Position>
            <AltitudeMeters>24.2</AltitudeMeters>
            <DistanceMeters>5133.51</DistanceMeters>
            <HeartRateBpm><Value>140</Value></HeartRateBpm>
            <Cadence>168</Cadence>
          </Trackpoint>
          <Trackpoint>
            <Time>2026-04-11T14:05:05.000Z</Time>
            <Position>
              <LatitudeDegrees>37.3709473</LatitudeDegrees>
              <LongitudeDegrees>-121.8450462</LongitudeDegrees>
            </Position>
            <AltitudeMeters>24.1</AltitudeMeters>
            <DistanceMeters>5145.73</DistanceMeters>
            <HeartRateBpm><Value>140</Value></HeartRateBpm>
            <Cadence>168</Cadence>
          </Trackpoint>
          <Trackpoint>
            <Time>2026-04-11T14:05:10.000Z</Time>
            <Position>
              <LatitudeDegrees>37.3710251</LatitudeDegrees>
              <LongitudeDegrees>-121.8449483</LongitudeDegrees>
            </Position>
            <AltitudeMeters>24</AltitudeMeters>
            <DistanceMeters>5157.95</DistanceMeters>
            <HeartRateBpm><Value>140</Value></HeartRateBpm>
            <Cadence>168</Cadence>
          </Trackpoint>
          <Trackpoint>
            <Time>2026-04-11T14:05:15.000Z</Time>
            <Position>
              <LatitudeDegrees>37.3711028</LatitudeDegrees>
              <LongitudeDegrees>-121.8448503</LongitudeDegrees>
            </Position>
            <AltitudeMeters>24</AltitudeMeters>
            <DistanceMeters>5170.18</DistanceMeters>
            <HeartRateBpm><Value>140</Value></HeartRateBpm>
            <Cadence>168</Cadence>
          </Trackpoint>
          <Trackpoint>
            <Time>2026-04-11T14:05:20.000Z</Time>
            <Position>
              <LatitudeDegrees>37.3711806</LatitudeDegrees>
              <LongitudeDegrees>-121.8447523</LongitudeDegrees>
            </Position>
            <AltitudeMeters>23.9</AltitudeMeters>
            <DistanceMeters>5182.40</DistanceMeters>
            <HeartRateBpm><Value>140</Value></HeartRateBpm>
            <Cadence>168</Cadence>
          </Trackpoint>
          <Trackpoint>
            <Time>2026-04-11T14:05:25.000Z</Time>
            <Position>
              <LatitudeDegrees>37.3712584</LatitudeDegrees>
              <LongitudeDegrees>-121.8446543</LongitudeDegrees>
            </Position>
            <AltitudeMeters>23.9</AltitudeMeters>
            <DistanceMeters>5194.62</DistanceMeters>
            <HeartRateBpm><Value>140</Value></HeartRateBpm>
            <Cadence>168</Cadence>
          </Trackpoint>
          <Trackpoint>
            <Time>2026-04-11T14:05:30.000Z</Time>
            <Position>
              <LatitudeDegrees>37.3713362</LatitudeDegrees>
              <LongitudeDegrees>-121.8445563</LongitudeDegrees>
            </Position>
            <AltitudeMeters>23.8</AltitudeMeters>
            <DistanceMeters>5206.84</DistanceMeters>
            <HeartRateBpm><Value>140</Value></HeartRateBpm>
            <Cadence>168</Cadence>
          </Trackpoint>
          <Trackpoint>
            <Time>2026-04-11T14:05:35.000Z</Time>
            <Position>
              <LatitudeDegrees>37.3714140</LatitudeDegrees>
              <LongitudeDegrees>-121.8444583</LongitudeDegrees>
            </Position>
            <AltitudeMeters>23.7</AltitudeMeters>
            <DistanceMeters>5219.07</DistanceMeters>
            <HeartRateBpm><Value>140</Value></HeartRateBpm>
            <Cadence>168</Cadence>
          </Trackpoint>
          <Trackpoint>
            <Time>2026-04-11T14:05:40.000Z</Time>
            <Position>
              <LatitudeDegrees>37.3714918</LatitudeDegrees>
              <LongitudeDegrees>-121.8443603</LongitudeDegrees>
            </Position>
            <AltitudeMeters>23.7</AltitudeMeters>
            <DistanceMeters>5231.29</DistanceMeters>
            <HeartRateBpm><Value>140</Value></HeartRateBpm>
            <Cadence>168</Cadence>
          </Trackpoint>
          <Trackpoint>
            <Time>2026-04-11T14:05:45.000Z</Time>
            <Position>
              <LatitudeDegrees>37.3715695</LatitudeDegrees>
              <LongitudeDegrees>-121.8442623</LongitudeDegrees>
            </Position>
            <AltitudeMeters>23.6</AltitudeMeters>
            <DistanceMeters>5243.51</DistanceMeters>
            <HeartRateBpm><Value>140</Value></HeartRateBpm>
            <Cadence>168</Cadence>
          </Trackpoint>
          <Trackpoint>
            <Time>2026-04-11T14:05:50.000Z</Time>
            <Position>
              <LatitudeDegrees>37.3716473</LatitudeDegrees>
              <LongitudeDegrees>-121.8441643</LongitudeDegrees>
            </Position>
            <AltitudeMeters>23.6</AltitudeMeters>
            <DistanceMeters>5255.74</DistanceMeters>
            <HeartRateBpm><Value>140</Value></HeartRateBpm>
            <Cadence>168</Cadence>
          </Trackpoint>
          <Trackpoint>
            <Time>2026-04-11T14:05:55.000Z</Time>
            <Position>
              <LatitudeDegrees>37.3717251</LatitudeDegrees>
              <LongitudeDegrees>-121.8440663</LongitudeDegrees>
            </Position>
            <AltitudeMeters>23.5</AltitudeMeters>
            <DistanceMeters>5267.96</DistanceMeters>
            <HeartRateBpm><Value>140</Value></HeartRateBpm>
            <Cadence>168</Cadence>
          </Trackpoint>
          <Trackpoint>
            <Time>2026-04-11T14:06:00.000Z</Time>
            <Position>
              <LatitudeDegrees>37.3718029</LatitudeDegrees>
              <LongitudeDegrees>-121.8439684</LongitudeDegrees>
            </Position>
            <AltitudeMeters>23.5</AltitudeMeters>
            <DistanceMeters>5280.18</DistanceMeters>
            <HeartRateBpm><Value>140</Value></HeartRateBpm>
            <Cadence>168</Cadence>
          </Trackpoint>
          <Trackpoint>
            <Time>2026-04-11T14:06:05.000Z</Time>
            <Position>
              <LatitudeDegrees>37.3718807</LatitudeDegrees>
              <LongitudeDegrees>-121.8438704</LongitudeDegrees>
            </Position>
            <AltitudeMeters>23.4</AltitudeMeters>
            <DistanceMeters>5292.40</DistanceMeters>
            <HeartRateBpm><Value>140</Value></HeartRateBpm>
            <Cadence>168</Cadence>
          </Trackpoint>
          <Trackpoint>
            <Time>2026-04-11T14:06:10.000Z</Time>
            <Position>
              <LatitudeDegrees>37.3719585</LatitudeDegrees>
              <LongitudeDegrees>-121.8437724</LongitudeDegrees>
            </Position>
            <AltitudeMeters>23.4</AltitudeMeters>
            <DistanceMeters>5304.63</DistanceMeters>
            <HeartRateBpm><Value>140</Value></HeartRateBpm>
            <Cadence>168</Cadence>
          </Trackpoint>
          <Trackpoint>
            <Time>2026-04-11T14:06:15.000Z</Time>
            <Position>
              <LatitudeDegrees>37.3720363</LatitudeDegrees>
              <LongitudeDegrees>-121.8436744</LongitudeDegrees>
            </Position>
            <AltitudeMeters>23.3</AltitudeMeters>
            <DistanceMeters>5316.85</DistanceMeters>
            <HeartRateBpm><Value>140</Value></HeartRateBpm>
            <Cadence>168</Cadence>
          </Trackpoint>
          <Trackpoint>
            <Time>2026-04-11T14:06:20.000Z</Time>
            <Position>
              <LatitudeDegrees>37.3721140</LatitudeDegrees>
              <LongitudeDegrees>-121.8435764</LongitudeDegrees>
            </Position>
            <AltitudeMeters>23.3</AltitudeMeters>
            <DistanceMeters>5329.07</DistanceMeters>
            <HeartRateBpm><Value>140</Value></HeartRateBpm>
            <Cadence>168</Cadence>
          </Trackpoint>
          <Trackpoint>
            <Time>2026-04-11T14:06:25.000Z</Time>
            <Position>
              <LatitudeDegrees>37.3721918</LatitudeDegrees>
              <LongitudeDegrees>-121.8434784</LongitudeDegrees>
            </Position>
            <AltitudeMeters>23.2</AltitudeMeters>
            <DistanceMeters>5341.29</DistanceMeters>
            <HeartRateBpm><Value>140</Value></HeartRateBpm>
            <Cadence>168</Cadence>
          </Trackpoint>
          <Trackpoint>
            <Time>2026-04-11T14:06:30.000Z</Time>
            <Position>
              <LatitudeDegrees>37.3722696</LatitudeDegrees>
              <LongitudeDegrees>-121.8433804</LongitudeDegrees>
            </Position>
            <AltitudeMeters>23.2</AltitudeMeters>
            <DistanceMeters>5353.52</DistanceMeters>
            <HeartRateBpm><Value>140</Value></HeartRateBpm>
            <Cadence>168</Cadence>
          </Trackpoint>
          <Trackpoint>
            <Time>2026-04-11T14:06:35.000Z</Time>
            <Position>
              <LatitudeDegrees>37.3723474</LatitudeDegrees>
              <LongitudeDegrees>-121.8432824</LongitudeDegrees>
            </Position>
            <AltitudeMeters>23.2</AltitudeMeters>
            <DistanceMeters>5365.74</DistanceMeters>
            <HeartRateBpm><Value>140</Value></HeartRateBpm>
            <Cadence>168</Cadence>
          </Trackpoint>
          <Trackpoint>
            <Time>2026-04-11T14:06:40.000Z</Time>
            <Position>
              <LatitudeDegrees>37.3724252</LatitudeDegrees>
              <LongitudeDegrees>-121.8431844</LongitudeDegrees>
            </Position>
            <AltitudeMeters>23.1</AltitudeMeters>
            <DistanceMeters>5377.96</DistanceMeters>
            <HeartRateBpm><Value>140</Value></HeartRateBpm>
            <Cadence>168</Cadence>
          </Trackpoint>
          <Trackpoint>
            <Time>2026-04-11T14:06:45.000Z</Time>
            <Position>
              <LatitudeDegrees>37.3725030</LatitudeDegrees>
              <LongitudeDegrees>-121.8430864</LongitudeDegrees>
            </Position>
            <AltitudeMeters>23.1</AltitudeMeters>
            <DistanceMeters>5390.18</DistanceMeters>
            <HeartRateBpm><Value>140</Value></HeartRateBpm>
            <Cadence>168</Cadence>
          </Trackpoint>
          <Trackpoint>
            <Time>2026-04-11T14:06:50.000Z</Time>
            <Position>
              <LatitudeDegrees>37.3725807</LatitudeDegrees>
              <LongitudeDegrees>-121.8429885</LongitudeDegrees>
            </Position>
            <AltitudeMeters>23.1</AltitudeMeters>
            <DistanceMeters>5402.41</DistanceMeters>
            <HeartRateBpm><Value>140</Value></HeartRateBpm>
            <Cadence>168</Cadence>
          </Trackpoint>
          <Trackpoint>
            <Time>2026-04-11T14:06:55.000Z</Time>
            <Position>
              <LatitudeDegrees>37.3726585</LatitudeDegrees>
              <LongitudeDegrees>-121.8428905</LongitudeDegrees>
            </Position>
            <AltitudeMeters>23.1</AltitudeMeters>
            <DistanceMeters>5414.63</DistanceMeters>
            <HeartRateBpm><Value>140</Value></HeartRateBpm>
            <Cadence>168</Cadence>
          </Trackpoint>
          <Trackpoint>
            <Time>2026-04-11T14:07:00.000Z</Time>
            <Position>
              <LatitudeDegrees>37.3727363</LatitudeDegrees>
              <LongitudeDegrees>-121.8427925</LongitudeDegrees>
            </Position>
            <AltitudeMeters>23.1</AltitudeMeters>
            <DistanceMeters>5426.85</DistanceMeters>
            <HeartRateBpm><Value>140</Value></HeartRateBpm>
            <Cadence>168</Cadence>
          </Trackpoint>
          <Trackpoint>
            <Time>2026-04-11T14:07:05.000Z</Time>
            <Position>
              <LatitudeDegrees>37.3728141</LatitudeDegrees>
              <LongitudeDegrees>-121.8426945</LongitudeDegrees>
            </Position>
            <AltitudeMeters>23</AltitudeMeters>
            <DistanceMeters>5439.07</DistanceMeters>
            <HeartRateBpm><Value>140</Value></HeartRateBpm>
            <Cadence>168</Cadence>
          </Trackpoint>
          <Trackpoint>
            <Time>2026-04-11T14:07:10.000Z</Time>
            <Position>
              <LatitudeDegrees>37.3728919</LatitudeDegrees>
              <LongitudeDegrees>-121.8425965</LongitudeDegrees>
            </Position>
            <AltitudeMeters>23</AltitudeMeters>
            <DistanceMeters>5451.30</DistanceMeters>
            <HeartRateBpm><Value>140</Value></HeartRateBpm>
            <Cadence>168</Cadence>
          </Trackpoint>
          <Trackpoint>
            <Time>2026-04-11T14:07:15.000Z</Time>
            <Position>
              <LatitudeDegrees>37.3729697</LatitudeDegrees>
              <LongitudeDegrees>-121.8424985</LongitudeDegrees>
            </Position>
            <AltitudeMeters>23</AltitudeMeters>
            <DistanceMeters>5463.52</DistanceMeters>
            <HeartRateBpm><Value>140</Value></HeartRateBpm>
            <Cadence>168</Cadence>
          </Trackpoint>
          <Trackpoint>
            <Time>2026-04-11T14:07:20.000Z</Time>
            <Position>
              <LatitudeDegrees>37.3730474</LatitudeDegrees>
              <LongitudeDegrees>-121.8424005</LongitudeDegrees>
            </Position>
            <AltitudeMeters>23</AltitudeMeters>
            <DistanceMeters>5475.74</DistanceMeters>
            <HeartRateBpm><Value>140</Value></HeartRateBpm>
            <Cadence>168</Cadence>
          </Trackpoint>
          <Trackpoint>
            <Time>2026-04-11T14:07:25.000Z</Time>
            <Position>
              <LatitudeDegrees>37.3731252</LatitudeDegrees>
              <LongitudeDegrees>-121.8423025</LongitudeDegrees>
            </Position>
            <AltitudeMeters>23</AltitudeMeters>
            <DistanceMeters>5487.97</DistanceMeters>
            <HeartRateBpm><Value>140</Value></HeartRateBpm>
            <Cadence>168</Cadence>
          </Trackpoint>
          <Trackpoint>
            <Time>2026-04-11T14:07:30.000Z</Time>
            <Position>
              <LatitudeDegrees>37.3732030</LatitudeDegrees>
              <LongitudeDegrees>-121.8422045</LongitudeDegrees>
            </Position>
            <AltitudeMeters>23</AltitudeMeters>
            <DistanceMeters>5500.19</DistanceMeters>
            <HeartRateBpm><Value>140</Value></HeartRateBpm>
            <Cadence>168</Cadence>
          </Trackpoint>
          <Trackpoint>
            <Time>2026-04-11T14:07:35.000Z</Time>
            <Position>
              <LatitudeDegrees>37.3732808</LatitudeDegrees>
              <LongitudeDegrees>-121.8421065</LongitudeDegrees>
            </Position>
            <AltitudeMeters>23</AltitudeMeters>
            <DistanceMeters>5512.41</DistanceMeters>
            <HeartRateBpm><Value>140</Value></HeartRateBpm>
            <Cadence>168</Cadence>
          </Trackpoint>
          <Trackpoint>
            <Time>2026-04-11T14:07:40.000Z</Time>
            <Position>
              <LatitudeDegrees>37.3733586</LatitudeDegrees>
              <LongitudeDegrees>-121.8420086</LongitudeDegrees>
            </Position>
            <AltitudeMeters>23</AltitudeMeters>
            <DistanceMeters>5524.63</DistanceMeters>
            <HeartRateBpm><Value>140</Value></HeartRateBpm>
            <Cadence>168</Cadence>
          </Trackpoint>
          <Trackpoint>
            <Time>2026-04-11T14:07:45.000Z</Time>
            <Position>
              <LatitudeDegrees>37.3734364</LatitudeDegrees>
              <LongitudeDegrees>-121.8419106</LongitudeDegrees>
            </Position>
            <AltitudeMeters>23</AltitudeMeters>
            <DistanceMeters>5536.86</DistanceMeters>
            <HeartRateBpm><Value>140</Value></HeartRateBpm>
            <Cadence>168</Cadence>
          </Trackpoint>
          <Trackpoint>
            <Time>2026-04-11T14:07:50.000Z</Time>
            <Position>
              <LatitudeDegrees>37.3735142</LatitudeDegrees>
              <LongitudeDegrees>-121.8418126</LongitudeDegrees>
            </Position>
            <AltitudeMeters>23</AltitudeMeters>
            <DistanceMeters>5549.08</DistanceMeters>
            <HeartRateBpm><Value>140</Value></HeartRateBpm>
            <Cadence>168</Cadence>
          </Trackpoint>
          <Trackpoint>
            <Time>2026-04-11T14:07:55.000Z</Time>
            <Position>
              <LatitudeDegrees>37.3735919</LatitudeDegrees>
              <LongitudeDegrees>-121.8417146</LongitudeDegrees>
            </Position>
            <AltitudeMeters>23</AltitudeMeters>
            <DistanceMeters>5561.30</DistanceMeters>
            <HeartRateBpm><Value>140</Value></HeartRateBpm>
            <Cadence>168</Cadence>
          </Trackpoint>
          <Trackpoint>
            <Time>2026-04-11T14:08:00.000Z</Time>
            <Position>
              <LatitudeDegrees>37.3736697</LatitudeDegrees>
              <LongitudeDegrees>-121.8416166</LongitudeDegrees>
            </Position>
            <AltitudeMeters>23.1</AltitudeMeters>
            <DistanceMeters>5573.52</DistanceMeters>
            <HeartRateBpm><Value>140</Value></HeartRateBpm>
            <Cadence>168</Cadence>
          </Trackpoint>
          <Trackpoint>
            <Time>2026-04-11T14:08:05.000Z</Time>
            <Position>
              <LatitudeDegrees>37.3737475</LatitudeDegrees>
              <LongitudeDegrees>-121.8415186</LongitudeDegrees>
            </Position>
            <AltitudeMeters>23.1</AltitudeMeters>
            <DistanceMeters>5585.75</DistanceMeters>
            <HeartRateBpm><Value>140</Value></HeartRateBpm>
            <Cadence>168</Cadence>
          </Trackpoint>
          <Trackpoint>
            <Time>2026-04-11T14:08:10.000Z</Time>
            <Position>
              <LatitudeDegrees>37.3738253</LatitudeDegrees>
              <LongitudeDegrees>-121.8414206</LongitudeDegrees>
            </Position>
            <AltitudeMeters>23.1</AltitudeMeters>
            <DistanceMeters>5597.97</DistanceMeters>
            <HeartRateBpm><Value>140</Value></HeartRateBpm>
            <Cadence>168</Cadence>
          </Trackpoint>
          <Trackpoint>
            <Time>2026-04-11T14:08:15.000Z</Time>
            <Position>
              <LatitudeDegrees>37.3739031</LatitudeDegrees>
              <LongitudeDegrees>-121.8413226</LongitudeDegrees>
            </Position>
            <AltitudeMeters>23.1</AltitudeMeters>
            <DistanceMeters>5610.19</DistanceMeters>
            <HeartRateBpm><Value>140</Value></HeartRateBpm>
            <Cadence>168</Cadence>
          </Trackpoint>
          <Trackpoint>
            <Time>2026-04-11T14:08:20.000Z</Time>
            <Position>
              <LatitudeDegrees>37.3739809</LatitudeDegrees>
              <LongitudeDegrees>-121.8412246</LongitudeDegrees>
            </Position>
            <AltitudeMeters>23.1</AltitudeMeters>
            <DistanceMeters>5622.41</DistanceMeters>
            <HeartRateBpm><Value>140</Value></HeartRateBpm>
            <Cadence>168</Cadence>
          </Trackpoint>
          <Trackpoint>
            <Time>2026-04-11T14:08:25.000Z</Time>
            <Position>
              <LatitudeDegrees>37.3740586</LatitudeDegrees>
              <LongitudeDegrees>-121.8411266</LongitudeDegrees>
            </Position>
            <AltitudeMeters>23.2</AltitudeMeters>
            <DistanceMeters>5634.64</DistanceMeters>
            <HeartRateBpm><Value>140</Value></HeartRateBpm>
            <Cadence>168</Cadence>
          </Trackpoint>
          <Trackpoint>
            <Time>2026-04-11T14:08:30.000Z</Time>
            <Position>
              <LatitudeDegrees>37.3741364</LatitudeDegrees>
              <LongitudeDegrees>-121.8410287</LongitudeDegrees>
            </Position>
            <AltitudeMeters>23.2</AltitudeMeters>
            <DistanceMeters>5646.86</DistanceMeters>
            <HeartRateBpm><Value>140</Value></HeartRateBpm>
            <Cadence>168</Cadence>
          </Trackpoint>
          <Trackpoint>
            <Time>2026-04-11T14:08:35.000Z</Time>
            <Position>
              <LatitudeDegrees>37.3742142</LatitudeDegrees>
              <LongitudeDegrees>-121.8409307</LongitudeDegrees>
            </Position>
            <AltitudeMeters>23.2</AltitudeMeters>
            <DistanceMeters>5659.08</DistanceMeters>
            <HeartRateBpm><Value>140</Value></HeartRateBpm>
            <Cadence>168</Cadence>
          </Trackpoint>
          <Trackpoint>
            <Time>2026-04-11T14:08:40.000Z</Time>
            <Position>
              <LatitudeDegrees>37.3742920</LatitudeDegrees>
              <LongitudeDegrees>-121.8408327</LongitudeDegrees>
            </Position>
            <AltitudeMeters>23.3</AltitudeMeters>
            <DistanceMeters>5671.31</DistanceMeters>
            <HeartRateBpm><Value>140</Value></HeartRateBpm>
            <Cadence>168</Cadence>
          </Trackpoint>
          <Trackpoint>
            <Time>2026-04-11T14:08:45.000Z</Time>
            <Position>
              <LatitudeDegrees>37.3743698</LatitudeDegrees>
              <LongitudeDegrees>-121.8407347</LongitudeDegrees>
            </Position>
            <AltitudeMeters>23.3</AltitudeMeters>
            <DistanceMeters>5683.53</DistanceMeters>
            <HeartRateBpm><Value>140</Value></HeartRateBpm>
            <Cadence>168</Cadence>
          </Trackpoint>
          <Trackpoint>
            <Time>2026-04-11T14:08:50.000Z</Time>
            <Position>
              <LatitudeDegrees>37.3744476</LatitudeDegrees>
              <LongitudeDegrees>-121.8406367</LongitudeDegrees>
            </Position>
            <AltitudeMeters>23.4</AltitudeMeters>
            <DistanceMeters>5695.75</DistanceMeters>
            <HeartRateBpm><Value>140</Value></HeartRateBpm>
            <Cadence>168</Cadence>
          </Trackpoint>
          <Trackpoint>
            <Time>2026-04-11T14:08:55.000Z</Time>
            <Position>
              <LatitudeDegrees>37.3745254</LatitudeDegrees>
              <LongitudeDegrees>-121.8405387</LongitudeDegrees>
            </Position>
            <AltitudeMeters>23.4</AltitudeMeters>
            <DistanceMeters>5707.97</DistanceMeters>
            <HeartRateBpm><Value>140</Value></HeartRateBpm>
            <Cadence>168</Cadence>
          </Trackpoint>
          <Trackpoint>
            <Time>2026-04-11T14:09:00.000Z</Time>
            <Position>
              <LatitudeDegrees>37.3746031</LatitudeDegrees>
              <LongitudeDegrees>-121.8404407</LongitudeDegrees>
            </Position>
            <AltitudeMeters>23.5</AltitudeMeters>
            <DistanceMeters>5720.20</DistanceMeters>
            <HeartRateBpm><Value>140</Value></HeartRateBpm>
            <Cadence>168</Cadence>
          </Trackpoint>
          <Trackpoint>
            <Time>2026-04-11T14:09:05.000Z</Time>
            <Position>
              <LatitudeDegrees>37.3746809</LatitudeDegrees>
              <LongitudeDegrees>-121.8403427</LongitudeDegrees>
            </Position>
            <AltitudeMeters>23.5</AltitudeMeters>
            <DistanceMeters>5732.42</DistanceMeters>
            <HeartRateBpm><Value>140</Value></HeartRateBpm>
            <Cadence>168</Cadence>
          </Trackpoint>
          <Trackpoint>
            <Time>2026-04-11T14:09:10.000Z</Time>
            <Position>
              <LatitudeDegrees>37.3747587</LatitudeDegrees>
              <LongitudeDegrees>-121.8402447</LongitudeDegrees>
            </Position>
            <AltitudeMeters>23.6</AltitudeMeters>
            <DistanceMeters>5744.64</DistanceMeters>
            <HeartRateBpm><Value>140</Value></HeartRateBpm>
            <Cadence>168</Cadence>
          </Trackpoint>
          <Trackpoint>
            <Time>2026-04-11T14:09:15.000Z</Time>
            <Position>
              <LatitudeDegrees>37.3748365</LatitudeDegrees>
              <LongitudeDegrees>-121.8401467</LongitudeDegrees>
            </Position>
            <AltitudeMeters>23.6</AltitudeMeters>
            <DistanceMeters>5756.86</DistanceMeters>
            <HeartRateBpm><Value>140</Value></HeartRateBpm>
            <Cadence>168</Cadence>
          </Trackpoint>
          <Trackpoint>
            <Time>2026-04-11T14:09:20.000Z</Time>
            <Position>
              <LatitudeDegrees>37.3749143</LatitudeDegrees>
              <LongitudeDegrees>-121.8400488</LongitudeDegrees>
            </Position>
            <AltitudeMeters>23.7</AltitudeMeters>
            <DistanceMeters>5769.09</DistanceMeters>
            <HeartRateBpm><Value>140</Value></HeartRateBpm>
            <Cadence>168</Cadence>
          </Trackpoint>
          <Trackpoint>
            <Time>2026-04-11T14:09:25.000Z</Time>
            <Position>
              <LatitudeDegrees>37.3749921</LatitudeDegrees>
              <LongitudeDegrees>-121.8399508</LongitudeDegrees>
            </Position>
            <AltitudeMeters>23.7</AltitudeMeters>
            <DistanceMeters>5781.31</DistanceMeters>
            <HeartRateBpm><Value>140</Value></HeartRateBpm>
            <Cadence>168</Cadence>
          </Trackpoint>
          <Trackpoint>
            <Time>2026-04-11T14:09:30.000Z</Time>
            <Position>
              <LatitudeDegrees>37.3750698</LatitudeDegrees>
              <LongitudeDegrees>-121.8398528</LongitudeDegrees>
            </Position>
            <AltitudeMeters>23.8</AltitudeMeters>
            <DistanceMeters>5793.53</DistanceMeters>
            <HeartRateBpm><Value>140</Value></HeartRateBpm>
            <Cadence>168</Cadence>
          </Trackpoint>
          <Trackpoint>
            <Time>2026-04-11T14:09:35.000Z</Time>
            <Position>
              <LatitudeDegrees>37.3751476</LatitudeDegrees>
              <LongitudeDegrees>-121.8397548</LongitudeDegrees>
            </Position>
            <AltitudeMeters>23.9</AltitudeMeters>
            <DistanceMeters>5805.75</DistanceMeters>
            <HeartRateBpm><Value>140</Value></HeartRateBpm>
            <Cadence>168</Cadence>
          </Trackpoint>
          <Trackpoint>
            <Time>2026-04-11T14:09:40.000Z</Time>
            <Position>
              <LatitudeDegrees>37.3752254</LatitudeDegrees>
              <LongitudeDegrees>-121.8396568</LongitudeDegrees>
            </Position>
            <AltitudeMeters>23.9</AltitudeMeters>
            <DistanceMeters>5817.98</DistanceMeters>
            <HeartRateBpm><Value>140</Value></HeartRateBpm>
            <Cadence>168</Cadence>
          </Trackpoint>
          <Trackpoint>
            <Time>2026-04-11T14:09:45.000Z</Time>
            <Position>
              <LatitudeDegrees>37.3753032</LatitudeDegrees>
              <LongitudeDegrees>-121.8395588</LongitudeDegrees>
            </Position>
            <AltitudeMeters>24</AltitudeMeters>
            <DistanceMeters>5830.20</DistanceMeters>
            <HeartRateBpm><Value>140</Value></HeartRateBpm>
            <Cadence>168</Cadence>
          </Trackpoint>
          <Trackpoint>
            <Time>2026-04-11T14:09:50.000Z</Time>
            <Position>
              <LatitudeDegrees>37.3753810</LatitudeDegrees>
              <LongitudeDegrees>-121.8394608</LongitudeDegrees>
            </Position>
            <AltitudeMeters>24</AltitudeMeters>
            <DistanceMeters>5842.42</DistanceMeters>
            <HeartRateBpm><Value>140</Value></HeartRateBpm>
            <Cadence>168</Cadence>
          </Trackpoint>
          <Trackpoint>
            <Time>2026-04-11T14:09:55.000Z</Time>
            <Position>
              <LatitudeDegrees>37.3754588</LatitudeDegrees>
              <LongitudeDegrees>-121.8393628</LongitudeDegrees>
            </Position>
            <AltitudeMeters>24.1</AltitudeMeters>
            <DistanceMeters>5854.64</DistanceMeters>
            <HeartRateBpm><Value>140</Value></HeartRateBpm>
            <Cadence>168</Cadence>
          </Trackpoint>
          <Trackpoint>
            <Time>2026-04-11T14:10:00.000Z</Time>
            <Position>
              <LatitudeDegrees>37.3755366</LatitudeDegrees>
              <LongitudeDegrees>-121.8392648</LongitudeDegrees>
            </Position>
            <AltitudeMeters>24.2</AltitudeMeters>
            <DistanceMeters>5866.87</DistanceMeters>
            <HeartRateBpm><Value>140</Value></HeartRateBpm>
            <Cadence>168</Cadence>
          </Trackpoint>
          <Trackpoint>
            <Time>2026-04-11T14:10:05.000Z</Time>
            <Position>
              <LatitudeDegrees>37.3756143</LatitudeDegrees>
              <LongitudeDegrees>-121.8391668</LongitudeDegrees>
            </Position>
            <AltitudeMeters>24.3</AltitudeMeters>
            <DistanceMeters>5879.09</DistanceMeters>
            <HeartRateBpm><Value>140</Value></HeartRateBpm>
            <Cadence>168</Cadence>
          </Trackpoint>
          <Trackpoint>
            <Time>2026-04-11T14:10:10.000Z</Time>
            <Position>
              <LatitudeDegrees>37.3756921</LatitudeDegrees>
              <LongitudeDegrees>-121.8390689</LongitudeDegrees>
            </Position>
            <AltitudeMeters>24.3</AltitudeMeters>
            <DistanceMeters>5891.31</DistanceMeters>
            <HeartRateBpm><Value>140</Value></HeartRateBpm>
            <Cadence>168</Cadence>
          </Trackpoint>
          <Trackpoint>
            <Time>2026-04-11T14:10:15.000Z</Time>
            <Position>
              <LatitudeDegrees>37.3757699</LatitudeDegrees>
              <LongitudeDegrees>-121.8389709</LongitudeDegrees>
            </Position>
            <AltitudeMeters>24.4</AltitudeMeters>
            <DistanceMeters>5903.54</DistanceMeters>
            <HeartRateBpm><Value>140</Value></HeartRateBpm>
            <Cadence>168</Cadence>
          </Trackpoint>
          <Trackpoint>
            <Time>2026-04-11T14:10:20.000Z</Time>
            <Position>
              <LatitudeDegrees>37.3758477</LatitudeDegrees>
              <LongitudeDegrees>-121.8388729</LongitudeDegrees>
            </Position>
            <AltitudeMeters>24.5</AltitudeMeters>
            <DistanceMeters>5915.76</DistanceMeters>
            <HeartRateBpm><Value>140</Value></HeartRateBpm>
            <Cadence>168</Cadence>
          </Trackpoint>
          <Trackpoint>
            <Time>2026-04-11T14:10:25.000Z</Time>
            <Position>
              <LatitudeDegrees>37.3759255</LatitudeDegrees>
              <LongitudeDegrees>-121.8387749</LongitudeDegrees>
            </Position>
            <AltitudeMeters>24.6</AltitudeMeters>
            <DistanceMeters>5927.98</DistanceMeters>
            <HeartRateBpm><Value>140</Value></HeartRateBpm>
            <Cadence>168</Cadence>
          </Trackpoint>
          <Trackpoint>
            <Time>2026-04-11T14:10:30.000Z</Time>
            <Position>
              <LatitudeDegrees>37.3760033</LatitudeDegrees>
              <LongitudeDegrees>-121.8386769</LongitudeDegrees>
            </Position>
            <AltitudeMeters>24.6</AltitudeMeters>
            <DistanceMeters>5940.20</DistanceMeters>
            <HeartRateBpm><Value>140</Value></HeartRateBpm>
            <Cadence>168</Cadence>
          </Trackpoint>
          <Trackpoint>
            <Time>2026-04-11T14:10:35.000Z</Time>
            <Position>
              <LatitudeDegrees>37.3760810</LatitudeDegrees>
              <LongitudeDegrees>-121.8385789</LongitudeDegrees>
            </Position>
            <AltitudeMeters>24.7</AltitudeMeters>
            <DistanceMeters>5952.43</DistanceMeters>
            <HeartRateBpm><Value>140</Value></HeartRateBpm>
            <Cadence>168</Cadence>
          </Trackpoint>
          <Trackpoint>
            <Time>2026-04-11T14:10:40.000Z</Time>
            <Position>
              <LatitudeDegrees>37.3761588</LatitudeDegrees>
              <LongitudeDegrees>-121.8384809</LongitudeDegrees>
            </Position>
            <AltitudeMeters>24.8</AltitudeMeters>
            <DistanceMeters>5964.65</DistanceMeters>
            <HeartRateBpm><Value>140</Value></HeartRateBpm>
            <Cadence>168</Cadence>
          </Trackpoint>
          <Trackpoint>
            <Time>2026-04-11T14:10:45.000Z</Time>
            <Position>
              <LatitudeDegrees>37.3762366</LatitudeDegrees>
              <LongitudeDegrees>-121.8383829</LongitudeDegrees>
            </Position>
            <AltitudeMeters>24.9</AltitudeMeters>
            <DistanceMeters>5976.87</DistanceMeters>
            <HeartRateBpm><Value>140</Value></HeartRateBpm>
            <Cadence>168</Cadence>
          </Trackpoint>
          <Trackpoint>
            <Time>2026-04-11T14:10:50.000Z</Time>
            <Position>
              <LatitudeDegrees>37.3763144</LatitudeDegrees>
              <LongitudeDegrees>-121.8382849</LongitudeDegrees>
            </Position>
            <AltitudeMeters>24.9</AltitudeMeters>
            <DistanceMeters>5989.09</DistanceMeters>
            <HeartRateBpm><Value>140</Value></HeartRateBpm>
            <Cadence>168</Cadence>
          </Trackpoint>
          <Trackpoint>
            <Time>2026-04-11T14:10:55.000Z</Time>
            <Position>
              <LatitudeDegrees>37.3763922</LatitudeDegrees>
              <LongitudeDegrees>-121.8381869</LongitudeDegrees>
            </Position>
            <AltitudeMeters>25</AltitudeMeters>
            <DistanceMeters>6001.32</DistanceMeters>
            <HeartRateBpm><Value>140</Value></HeartRateBpm>
            <Cadence>168</Cadence>
          </Trackpoint>
          <Trackpoint>
            <Time>2026-04-11T14:11:00.000Z</Time>
            <Position>
              <LatitudeDegrees>37.3764700</LatitudeDegrees>
              <LongitudeDegrees>-121.8380890</LongitudeDegrees>
            </Position>
            <AltitudeMeters>25.1</AltitudeMeters>
            <DistanceMeters>6013.54</DistanceMeters>
            <HeartRateBpm><Value>140</Value></HeartRateBpm>
            <Cadence>168</Cadence>
          </Trackpoint>
          <Trackpoint>
            <Time>2026-04-11T14:11:05.000Z</Time>
            <Position>
              <LatitudeDegrees>37.3765478</LatitudeDegrees>
              <LongitudeDegrees>-121.8379910</LongitudeDegrees>
            </Position>
            <AltitudeMeters>25.2</AltitudeMeters>
            <DistanceMeters>6025.76</DistanceMeters>
            <HeartRateBpm><Value>140</Value></HeartRateBpm>
            <Cadence>168</Cadence>
          </Trackpoint>
          <Trackpoint>
            <Time>2026-04-11T14:11:10.000Z</Time>
            <Position>
              <LatitudeDegrees>37.3766255</LatitudeDegrees>
              <LongitudeDegrees>-121.8378930</LongitudeDegrees>
            </Position>
            <AltitudeMeters>25.2</AltitudeMeters>
            <DistanceMeters>6037.98</DistanceMeters>
            <HeartRateBpm><Value>140</Value></HeartRateBpm>
            <Cadence>168</Cadence>
          </Trackpoint>
          <Trackpoint>
            <Time>2026-04-11T14:11:15.000Z</Time>
            <Position>
              <LatitudeDegrees>37.3767033</LatitudeDegrees>
              <LongitudeDegrees>-121.8377950</LongitudeDegrees>
            </Position>
            <AltitudeMeters>25.3</AltitudeMeters>
            <DistanceMeters>6050.21</DistanceMeters>
            <HeartRateBpm><Value>140</Value></HeartRateBpm>
            <Cadence>168</Cadence>
          </Trackpoint>
          <Trackpoint>
            <Time>2026-04-11T14:11:20.000Z</Time>
            <Position>
              <LatitudeDegrees>37.3767811</LatitudeDegrees>
              <LongitudeDegrees>-121.8376970</LongitudeDegrees>
            </Position>
            <AltitudeMeters>25.4</AltitudeMeters>
            <DistanceMeters>6062.43</DistanceMeters>
            <HeartRateBpm><Value>140</Value></HeartRateBpm>
            <Cadence>168</Cadence>
          </Trackpoint>
          <Trackpoint>
            <Time>2026-04-11T14:11:25.000Z</Time>
            <Position>
              <LatitudeDegrees>37.3768589</LatitudeDegrees>
              <LongitudeDegrees>-121.8375990</LongitudeDegrees>
            </Position>
            <AltitudeMeters>25.5</AltitudeMeters>
            <DistanceMeters>6074.65</DistanceMeters>
            <HeartRateBpm><Value>140</Value></HeartRateBpm>
            <Cadence>168</Cadence>
          </Trackpoint>
          <Trackpoint>
            <Time>2026-04-11T14:11:30.000Z</Time>
            <Position>
              <LatitudeDegrees>37.3769367</LatitudeDegrees>
              <LongitudeDegrees>-121.8375010</LongitudeDegrees>
            </Position>
            <AltitudeMeters>25.5</AltitudeMeters>
            <DistanceMeters>6086.87</DistanceMeters>
            <HeartRateBpm><Value>140</Value></HeartRateBpm>
            <Cadence>168</Cadence>
          </Trackpoint>
          <Trackpoint>
            <Time>2026-04-11T14:11:35.000Z</Time>
            <Position>
              <LatitudeDegrees>37.3770145</LatitudeDegrees>
              <LongitudeDegrees>-121.8374030</LongitudeDegrees>
            </Position>
            <AltitudeMeters>25.6</AltitudeMeters>
            <DistanceMeters>6099.10</DistanceMeters>
            <HeartRateBpm><Value>140</Value></HeartRateBpm>
            <Cadence>168</Cadence>
          </Trackpoint>
          <Trackpoint>
            <Time>2026-04-11T14:11:40.000Z</Time>
            <Position>
              <LatitudeDegrees>37.3770922</LatitudeDegrees>
              <LongitudeDegrees>-121.8373050</LongitudeDegrees>
            </Position>
            <AltitudeMeters>25.7</AltitudeMeters>
            <DistanceMeters>6111.32</DistanceMeters>
            <HeartRateBpm><Value>140</Value></HeartRateBpm>
            <Cadence>168</Cadence>
          </Trackpoint>
          <Trackpoint>
            <Time>2026-04-11T14:11:45.000Z</Time>
            <Position>
              <LatitudeDegrees>37.3771700</LatitudeDegrees>
              <LongitudeDegrees>-121.8372070</LongitudeDegrees>
            </Position>
            <AltitudeMeters>25.8</AltitudeMeters>
            <DistanceMeters>6123.54</DistanceMeters>
            <HeartRateBpm><Value>140</Value></HeartRateBpm>
            <Cadence>168</Cadence>
          </Trackpoint>
          <Trackpoint>
            <Time>2026-04-11T14:11:50.000Z</Time>
            <Position>
              <LatitudeDegrees>37.3772478</LatitudeDegrees>
              <LongitudeDegrees>-121.8371091</LongitudeDegrees>
            </Position>
            <AltitudeMeters>25.8</AltitudeMeters>
            <DistanceMeters>6135.77</DistanceMeters>
            <HeartRateBpm><Value>140</Value></HeartRateBpm>
            <Cadence>168</Cadence>
          </Trackpoint>
          <Trackpoint>
            <Time>2026-04-11T14:11:55.000Z</Time>
            <Position>
              <LatitudeDegrees>37.3773256</LatitudeDegrees>
              <LongitudeDegrees>-121.8370111</LongitudeDegrees>
            </Position>
            <AltitudeMeters>25.9</AltitudeMeters>
            <DistanceMeters>6147.99</DistanceMeters>
            <HeartRateBpm><Value>140</Value></HeartRateBpm>
            <Cadence>168</Cadence>
          </Trackpoint>
          <Trackpoint>
            <Time>2026-04-11T14:12:00.000Z</Time>
            <Position>
              <LatitudeDegrees>37.3774034</LatitudeDegrees>
              <LongitudeDegrees>-121.8369131</LongitudeDegrees>
            </Position>
            <AltitudeMeters>26</AltitudeMeters>
            <DistanceMeters>6160.21</DistanceMeters>
            <HeartRateBpm><Value>140</Value></HeartRateBpm>
            <Cadence>168</Cadence>
          </Trackpoint>
          <Trackpoint>
            <Time>2026-04-11T14:12:05.000Z</Time>
            <Position>
              <LatitudeDegrees>37.3774812</LatitudeDegrees>
              <LongitudeDegrees>-121.8368151</LongitudeDegrees>
            </Position>
            <AltitudeMeters>26</AltitudeMeters>
            <DistanceMeters>6172.43</DistanceMeters>
            <HeartRateBpm><Value>140</Value></HeartRateBpm>
            <Cadence>168</Cadence>
          </Trackpoint>
          <Trackpoint>
            <Time>2026-04-11T14:12:10.000Z</Time>
            <Position>
              <LatitudeDegrees>37.3775589</LatitudeDegrees>
              <LongitudeDegrees>-121.8367171</LongitudeDegrees>
            </Position>
            <AltitudeMeters>26.1</AltitudeMeters>
            <DistanceMeters>6184.66</DistanceMeters>
            <HeartRateBpm><Value>140</Value></HeartRateBpm>
            <Cadence>168</Cadence>
          </Trackpoint>
          <Trackpoint>
            <Time>2026-04-11T14:12:15.000Z</Time>
            <Position>
              <LatitudeDegrees>37.3776367</LatitudeDegrees>
              <LongitudeDegrees>-121.8366191</LongitudeDegrees>
            </Position>
            <AltitudeMeters>26.2</AltitudeMeters>
            <DistanceMeters>6196.88</DistanceMeters>
            <HeartRateBpm><Value>140</Value></HeartRateBpm>
            <Cadence>168</Cadence>
          </Trackpoint>
          <Trackpoint>
            <Time>2026-04-11T14:12:20.000Z</Time>
            <Position>
              <LatitudeDegrees>37.3777145</LatitudeDegrees>
              <LongitudeDegrees>-121.8365211</LongitudeDegrees>
            </Position>
            <AltitudeMeters>26.2</AltitudeMeters>
            <DistanceMeters>6209.10</DistanceMeters>
            <HeartRateBpm><Value>140</Value></HeartRateBpm>
            <Cadence>168</Cadence>
          </Trackpoint>
          <Trackpoint>
            <Time>2026-04-11T14:12:25.000Z</Time>
            <Position>
              <LatitudeDegrees>37.3777923</LatitudeDegrees>
              <LongitudeDegrees>-121.8364231</LongitudeDegrees>
            </Position>
            <AltitudeMeters>26.3</AltitudeMeters>
            <DistanceMeters>6221.32</DistanceMeters>
            <HeartRateBpm><Value>140</Value></HeartRateBpm>
            <Cadence>168</Cadence>
          </Trackpoint>
          <Trackpoint>
            <Time>2026-04-11T14:12:30.000Z</Time>
            <Position>
              <LatitudeDegrees>37.3778701</LatitudeDegrees>
              <LongitudeDegrees>-121.8363251</LongitudeDegrees>
            </Position>
            <AltitudeMeters>26.3</AltitudeMeters>
            <DistanceMeters>6233.55</DistanceMeters>
            <HeartRateBpm><Value>140</Value></HeartRateBpm>
            <Cadence>168</Cadence>
          </Trackpoint>
          <Trackpoint>
            <Time>2026-04-11T14:12:35.000Z</Time>
            <Position>
              <LatitudeDegrees>37.3779479</LatitudeDegrees>
              <LongitudeDegrees>-121.8362271</LongitudeDegrees>
            </Position>
            <AltitudeMeters>26.4</AltitudeMeters>
            <DistanceMeters>6245.77</DistanceMeters>
            <HeartRateBpm><Value>140</Value></HeartRateBpm>
            <Cadence>168</Cadence>
          </Trackpoint>
          <Trackpoint>
            <Time>2026-04-11T14:12:40.000Z</Time>
            <Position>
              <LatitudeDegrees>37.3780257</LatitudeDegrees>
              <LongitudeDegrees>-121.8361292</LongitudeDegrees>
            </Position>
            <AltitudeMeters>26.4</AltitudeMeters>
            <DistanceMeters>6257.99</DistanceMeters>
            <HeartRateBpm><Value>140</Value></HeartRateBpm>
            <Cadence>168</Cadence>
          </Trackpoint>
          <Trackpoint>
            <Time>2026-04-11T14:12:45.000Z</Time>
            <Position>
              <LatitudeDegrees>37.3781034</LatitudeDegrees>
              <LongitudeDegrees>-121.8360312</LongitudeDegrees>
            </Position>
            <AltitudeMeters>26.5</AltitudeMeters>
            <DistanceMeters>6270.21</DistanceMeters>
            <HeartRateBpm><Value>140</Value></HeartRateBpm>
            <Cadence>168</Cadence>
          </Trackpoint>
          <Trackpoint>
            <Time>2026-04-11T14:12:50.000Z</Time>
            <Position>
              <LatitudeDegrees>37.3781812</LatitudeDegrees>
              <LongitudeDegrees>-121.8359332</LongitudeDegrees>
            </Position>
            <AltitudeMeters>26.6</AltitudeMeters>
            <DistanceMeters>6282.44</DistanceMeters>
            <HeartRateBpm><Value>140</Value></HeartRateBpm>
            <Cadence>168</Cadence>
          </Trackpoint>
          <Trackpoint>
            <Time>2026-04-11T14:12:55.000Z</Time>
            <Position>
              <LatitudeDegrees>37.3782590</LatitudeDegrees>
              <LongitudeDegrees>-121.8358352</LongitudeDegrees>
            </Position>
            <AltitudeMeters>26.6</AltitudeMeters>
            <DistanceMeters>6294.66</DistanceMeters>
            <HeartRateBpm><Value>140</Value></HeartRateBpm>
            <Cadence>168</Cadence>
          </Trackpoint>
          <Trackpoint>
            <Time>2026-04-11T14:13:00.000Z</Time>
            <Position>
              <LatitudeDegrees>37.3783368</LatitudeDegrees>
              <LongitudeDegrees>-121.8357372</LongitudeDegrees>
            </Position>
            <AltitudeMeters>26.6</AltitudeMeters>
            <DistanceMeters>6306.88</DistanceMeters>
            <HeartRateBpm><Value>140</Value></HeartRateBpm>
            <Cadence>168</Cadence>
          </Trackpoint>
          <Trackpoint>
            <Time>2026-04-11T14:13:05.000Z</Time>
            <Position>
              <LatitudeDegrees>37.3784146</LatitudeDegrees>
              <LongitudeDegrees>-121.8356392</LongitudeDegrees>
            </Position>
            <AltitudeMeters>26.7</AltitudeMeters>
            <DistanceMeters>6319.10</DistanceMeters>
            <HeartRateBpm><Value>140</Value></HeartRateBpm>
            <Cadence>168</Cadence>
          </Trackpoint>
          <Trackpoint>
            <Time>2026-04-11T14:13:10.000Z</Time>
            <Position>
              <LatitudeDegrees>37.3784924</LatitudeDegrees>
              <LongitudeDegrees>-121.8355412</LongitudeDegrees>
            </Position>
            <AltitudeMeters>26.7</AltitudeMeters>
            <DistanceMeters>6331.33</DistanceMeters>
            <HeartRateBpm><Value>140</Value></HeartRateBpm>
            <Cadence>168</Cadence>
          </Trackpoint>
          <Trackpoint>
            <Time>2026-04-11T14:13:15.000Z</Time>
            <Position>
              <LatitudeDegrees>37.3785701</LatitudeDegrees>
              <LongitudeDegrees>-121.8354432</LongitudeDegrees>
            </Position>
            <AltitudeMeters>26.8</AltitudeMeters>
            <DistanceMeters>6343.55</DistanceMeters>
            <HeartRateBpm><Value>140</Value></HeartRateBpm>
            <Cadence>168</Cadence>
          </Trackpoint>
          <Trackpoint>
            <Time>2026-04-11T14:13:20.000Z</Time>
            <Position>
              <LatitudeDegrees>37.3786479</LatitudeDegrees>
              <LongitudeDegrees>-121.8353452</LongitudeDegrees>
            </Position>
            <AltitudeMeters>26.8</AltitudeMeters>
            <DistanceMeters>6355.77</DistanceMeters>
            <HeartRateBpm><Value>140</Value></HeartRateBpm>
            <Cadence>168</Cadence>
          </Trackpoint>
          <Trackpoint>
            <Time>2026-04-11T14:13:25.000Z</Time>
            <Position>
              <LatitudeDegrees>37.3787257</LatitudeDegrees>
              <LongitudeDegrees>-121.8352472</LongitudeDegrees>
            </Position>
            <AltitudeMeters>26.8</AltitudeMeters>
            <DistanceMeters>6368.00</DistanceMeters>
            <HeartRateBpm><Value>140</Value></HeartRateBpm>
            <Cadence>168</Cadence>
          </Trackpoint>
          <Trackpoint>
            <Time>2026-04-11T14:13:30.000Z</Time>
            <Position>
              <LatitudeDegrees>37.3788035</LatitudeDegrees>
              <LongitudeDegrees>-121.8351493</LongitudeDegrees>
            </Position>
            <AltitudeMeters>26.9</AltitudeMeters>
            <DistanceMeters>6380.22</DistanceMeters>
            <HeartRateBpm><Value>140</Value></HeartRateBpm>
            <Cadence>168</Cadence>
          </Trackpoint>
          <Trackpoint>
            <Time>2026-04-11T14:13:35.000Z</Time>
            <Position>
              <LatitudeDegrees>37.3788813</LatitudeDegrees>
              <LongitudeDegrees>-121.8350513</LongitudeDegrees>
            </Position>
            <AltitudeMeters>26.9</AltitudeMeters>
            <DistanceMeters>6392.44</DistanceMeters>
            <HeartRateBpm><Value>140</Value></HeartRateBpm>
            <Cadence>168</Cadence>
          </Trackpoint>
          <Trackpoint>
            <Time>2026-04-11T14:13:40.000Z</Time>
            <Position>
              <LatitudeDegrees>37.3789591</LatitudeDegrees>
              <LongitudeDegrees>-121.8349533</LongitudeDegrees>
            </Position>
            <AltitudeMeters>26.9</AltitudeMeters>
            <DistanceMeters>6404.66</DistanceMeters>
            <HeartRateBpm><Value>140</Value></HeartRateBpm>
            <Cadence>168</Cadence>
          </Trackpoint>
          <Trackpoint>
            <Time>2026-04-11T14:13:45.000Z</Time>
            <Position>
              <LatitudeDegrees>37.3790369</LatitudeDegrees>
              <LongitudeDegrees>-121.8348553</LongitudeDegrees>
            </Position>
            <AltitudeMeters>26.9</AltitudeMeters>
            <DistanceMeters>6416.89</DistanceMeters>
            <HeartRateBpm><Value>140</Value></HeartRateBpm>
            <Cadence>168</Cadence>
          </Trackpoint>
          <Trackpoint>
            <Time>2026-04-11T14:13:50.000Z</Time>
            <Position>
              <LatitudeDegrees>37.3791146</LatitudeDegrees>
              <LongitudeDegrees>-121.8347573</LongitudeDegrees>
            </Position>
            <AltitudeMeters>27</AltitudeMeters>
            <DistanceMeters>6429.11</DistanceMeters>
            <HeartRateBpm><Value>140</Value></HeartRateBpm>
            <Cadence>168</Cadence>
          </Trackpoint>
          <Trackpoint>
            <Time>2026-04-11T14:13:55.000Z</Time>
            <Position>
              <LatitudeDegrees>37.3791924</LatitudeDegrees>
              <LongitudeDegrees>-121.8346593</LongitudeDegrees>
            </Position>
            <AltitudeMeters>27</AltitudeMeters>
            <DistanceMeters>6441.33</DistanceMeters>
            <HeartRateBpm><Value>140</Value></HeartRateBpm>
            <Cadence>168</Cadence>
          </Trackpoint>
          <Trackpoint>
            <Time>2026-04-11T14:14:00.000Z</Time>
            <Position>
              <LatitudeDegrees>37.3792702</LatitudeDegrees>
              <LongitudeDegrees>-121.8345613</LongitudeDegrees>
            </Position>
            <AltitudeMeters>27</AltitudeMeters>
            <DistanceMeters>6453.55</DistanceMeters>
            <HeartRateBpm><Value>140</Value></HeartRateBpm>
            <Cadence>168</Cadence>
          </Trackpoint>
          <Trackpoint>
            <Time>2026-04-11T14:14:05.000Z</Time>
            <Position>
              <LatitudeDegrees>37.3793480</LatitudeDegrees>
              <LongitudeDegrees>-121.8344633</LongitudeDegrees>
            </Position>
            <AltitudeMeters>27</AltitudeMeters>
            <DistanceMeters>6465.78</DistanceMeters>
            <HeartRateBpm><Value>140</Value></HeartRateBpm>
            <Cadence>168</Cadence>
          </Trackpoint>
          <Trackpoint>
            <Time>2026-04-11T14:14:10.000Z</Time>
            <Position>
              <LatitudeDegrees>37.3794258</LatitudeDegrees>
              <LongitudeDegrees>-121.8343653</LongitudeDegrees>
            </Position>
            <AltitudeMeters>27</AltitudeMeters>
            <DistanceMeters>6478.00</DistanceMeters>
            <HeartRateBpm><Value>140</Value></HeartRateBpm>
            <Cadence>168</Cadence>
          </Trackpoint>
          <Trackpoint>
            <Time>2026-04-11T14:14:15.000Z</Time>
            <Position>
              <LatitudeDegrees>37.3795036</LatitudeDegrees>
              <LongitudeDegrees>-121.8342673</LongitudeDegrees>
            </Position>
            <AltitudeMeters>27</AltitudeMeters>
            <DistanceMeters>6490.22</DistanceMeters>
            <HeartRateBpm><Value>140</Value></HeartRateBpm>
            <Cadence>168</Cadence>
          </Trackpoint>
          <Trackpoint>
            <Time>2026-04-11T14:14:19.000Z</Time>
            <Position>
              <LatitudeDegrees>37.3795658</LatitudeDegrees>
              <LongitudeDegrees>-121.8341890</LongitudeDegrees>
            </Position>
            <AltitudeMeters>27</AltitudeMeters>
            <DistanceMeters>6500.00</DistanceMeters>
            <HeartRateBpm><Value>140</Value></HeartRateBpm>
            <Cadence>168</Cadence>
          </Trackpoint>
        </Track>
      </Lap>
      <Lap StartTime="2026-04-11T14:14:19.000Z">
        <TotalTimeSeconds>2691</TotalTimeSeconds>
        <DistanceMeters>6500</DistanceMeters>
        <AverageHeartRateBpm><Value>146</Value></AverageHeartRateBpm>
        <MaximumHeartRateBpm><Value>152</Value></MaximumHeartRateBpm>
        <Intensity>Active</Intensity>
        <TriggerMethod>Manual</TriggerMethod>
        <Track>
          <Trackpoint>
            <Time>2026-04-11T14:14:19.000Z</Time>
            <Position>
              <LatitudeDegrees>37.3795658</LatitudeDegrees>
              <LongitudeDegrees>-121.8341890</LongitudeDegrees>
            </Position>
            <AltitudeMeters>27</AltitudeMeters>
            <DistanceMeters>6500.00</DistanceMeters>
            <HeartRateBpm><Value>138</Value></HeartRateBpm>
            <Cadence>170</Cadence>
          </Trackpoint>
          <Trackpoint>
            <Time>2026-04-11T14:14:24.000Z</Time>
            <Position>
              <LatitudeDegrees>37.3794889</LatitudeDegrees>
              <LongitudeDegrees>-121.8342858</LongitudeDegrees>
            </Position>
            <AltitudeMeters>27</AltitudeMeters>
            <DistanceMeters>6512.08</DistanceMeters>
            <HeartRateBpm><Value>138</Value></HeartRateBpm>
            <Cadence>170</Cadence>
          </Trackpoint>
          <Trackpoint>
            <Time>2026-04-11T14:14:29.000Z</Time>
            <Position>
              <LatitudeDegrees>37.3794121</LatitudeDegrees>
              <LongitudeDegrees>-121.8343826</LongitudeDegrees>
            </Position>
            <AltitudeMeters>27</AltitudeMeters>
            <DistanceMeters>6524.15</DistanceMeters>
            <HeartRateBpm><Value>138</Value></HeartRateBpm>
            <Cadence>170</Cadence>
          </Trackpoint>
          <Trackpoint>
            <Time>2026-04-11T14:14:34.000Z</Time>
            <Position>
              <LatitudeDegrees>37.3793352</LatitudeDegrees>
              <LongitudeDegrees>-121.8344794</LongitudeDegrees>
            </Position>
            <AltitudeMeters>27</AltitudeMeters>
            <DistanceMeters>6536.23</DistanceMeters>
            <HeartRateBpm><Value>138</Value></HeartRateBpm>
            <Cadence>170</Cadence>
          </Trackpoint>
          <Trackpoint>
            <Time>2026-04-11T14:14:39.000Z</Time>
            <Position>
              <LatitudeDegrees>37.3792584</LatitudeDegrees>
              <LongitudeDegrees>-121.8345763</LongitudeDegrees>
            </Position>
            <AltitudeMeters>27</AltitudeMeters>
            <DistanceMeters>6548.31</DistanceMeters>
            <HeartRateBpm><Value>138</Value></HeartRateBpm>
            <Cadence>170</Cadence>
          </Trackpoint>
          <Trackpoint>
            <Time>2026-04-11T14:14:44.000Z</Time>
            <Position>
              <LatitudeDegrees>37.3791815</LatitudeDegrees>
              <LongitudeDegrees>-121.8346731</LongitudeDegrees>
            </Position>
            <AltitudeMeters>27</AltitudeMeters>
            <DistanceMeters>6560.39</DistanceMeters>
            <HeartRateBpm><Value>138</Value></HeartRateBpm>
            <Cadence>170</Cadence>
          </Trackpoint>
          <Trackpoint>
            <Time>2026-04-11T14:14:49.000Z</Time>
            <Position>
              <LatitudeDegrees>37.3791046</LatitudeDegrees>
              <LongitudeDegrees>-121.8347699</LongitudeDegrees>
            </Position>
            <AltitudeMeters>26.9</AltitudeMeters>
            <DistanceMeters>6572.46</DistanceMeters>
            <HeartRateBpm><Value>139</Value></HeartRateBpm>
            <Cadence>170</Cadence>
          </Trackpoint>
          <Trackpoint>
            <Time>2026-04-11T14:14:54.000Z</Time>
            <Position>
              <LatitudeDegrees>37.3790278</LatitudeDegrees>
              <LongitudeDegrees>-121.8348667</LongitudeDegrees>
            </Position>
            <AltitudeMeters>26.9</AltitudeMeters>
            <DistanceMeters>6584.54</DistanceMeters>
            <HeartRateBpm><Value>139</Value></HeartRateBpm>
            <Cadence>170</Cadence>
          </Trackpoint>
          <Trackpoint>
            <Time>2026-04-11T14:14:59.000Z</Time>
            <Position>
              <LatitudeDegrees>37.3789509</LatitudeDegrees>
              <LongitudeDegrees>-121.8349636</LongitudeDegrees>
            </Position>
            <AltitudeMeters>26.9</AltitudeMeters>
            <DistanceMeters>6596.62</DistanceMeters>
            <HeartRateBpm><Value>139</Value></HeartRateBpm>
            <Cadence>170</Cadence>
          </Trackpoint>
          <Trackpoint>
            <Time>2026-04-11T14:15:04.000Z</Time>
            <Position>
              <LatitudeDegrees>37.3788741</LatitudeDegrees>
              <LongitudeDegrees>-121.8350604</LongitudeDegrees>
            </Position>
            <AltitudeMeters>26.9</AltitudeMeters>
            <DistanceMeters>6608.70</DistanceMeters>
            <HeartRateBpm><Value>139</Value></HeartRateBpm>
            <Cadence>170</Cadence>
          </Trackpoint>
          <Trackpoint>
            <Time>2026-04-11T14:15:09.000Z</Time>
            <Position>
              <LatitudeDegrees>37.3787972</LatitudeDegrees>
              <LongitudeDegrees>-121.8351572</LongitudeDegrees>
            </Position>
            <AltitudeMeters>26.9</AltitudeMeters>
            <DistanceMeters>6620.77</DistanceMeters>
            <HeartRateBpm><Value>139</Value></HeartRateBpm>
            <Cadence>170</Cadence>
          </Trackpoint>
          <Trackpoint>
            <Time>2026-04-11T14:15:14.000Z</Time>
            <Position>
              <LatitudeDegrees>37.3787203</LatitudeDegrees>
              <LongitudeDegrees>-121.8352540</LongitudeDegrees>
            </Position>
            <AltitudeMeters>26.8</AltitudeMeters>
            <DistanceMeters>6632.85</DistanceMeters>
            <HeartRateBpm><Value>139</Value></HeartRateBpm>
            <Cadence>170</Cadence>
          </Trackpoint>
          <Trackpoint>
            <Time>2026-04-11T14:15:19.000Z</Time>
            <Position>
              <LatitudeDegrees>37.3786435</LatitudeDegrees>
              <LongitudeDegrees>-121.8353509</LongitudeDegrees>
            </Position>
            <AltitudeMeters>26.8</AltitudeMeters>
            <DistanceMeters>6644.93</DistanceMeters>
            <HeartRateBpm><Value>139</Value></HeartRateBpm>
            <Cadence>170</Cadence>
          </Trackpoint>
          <Trackpoint>
            <Time>2026-04-11T14:15:24.000Z</Time>
            <Position>
              <LatitudeDegrees>37.3785666</LatitudeDegrees>
              <LongitudeDegrees>-121.8354477</LongitudeDegrees>
            </Position>
            <AltitudeMeters>26.8</AltitudeMeters>
            <DistanceMeters>6657.00</DistanceMeters>
            <HeartRateBpm><Value>139</Value></HeartRateBpm>
            <Cadence>170</Cadence>
          </Trackpoint>
          <Trackpoint>
            <Time>2026-04-11T14:15:29.000Z</Time>
            <Position>
              <LatitudeDegrees>37.3784898</LatitudeDegrees>
              <LongitudeDegrees>-121.8355445</LongitudeDegrees>
            </Position>
            <AltitudeMeters>26.7</AltitudeMeters>
            <DistanceMeters>6669.08</DistanceMeters>
            <HeartRateBpm><Value>139</Value></HeartRateBpm>
            <Cadence>170</Cadence>
          </Trackpoint>
          <Trackpoint>
            <Time>2026-04-11T14:15:34.000Z</Time>
            <Position>
              <LatitudeDegrees>37.3784129</LatitudeDegrees>
              <LongitudeDegrees>-121.8356413</LongitudeDegrees>
            </Position>
            <AltitudeMeters>26.7</AltitudeMeters>
            <DistanceMeters>6681.16</DistanceMeters>
            <HeartRateBpm><Value>139</Value></HeartRateBpm>
            <Cadence>170</Cadence>
          </Trackpoint>
          <Trackpoint>
            <Time>2026-04-11T14:15:39.000Z</Time>
            <Position>
              <LatitudeDegrees>37.3783360</LatitudeDegrees>
              <LongitudeDegrees>-121.8357382</LongitudeDegrees>
            </Position>
            <AltitudeMeters>26.6</AltitudeMeters>
            <DistanceMeters>6693.24</DistanceMeters>
            <HeartRateBpm><Value>140</Value></HeartRateBpm>
            <Cadence>170</Cadence>
          </Trackpoint>
          <Trackpoint>
            <Time>2026-04-11T14:15:44.000Z</Time>
            <Position>
              <LatitudeDegrees>37.3782592</LatitudeDegrees>
              <LongitudeDegrees>-121.8358350</LongitudeDegrees>
            </Position>
            <AltitudeMeters>26.6</AltitudeMeters>
            <DistanceMeters>6705.31</DistanceMeters>
            <HeartRateBpm><Value>140</Value></HeartRateBpm>
            <Cadence>170</Cadence>
          </Trackpoint>
          <Trackpoint>
            <Time>2026-04-11T14:15:49.000Z</Time>
            <Position>
              <LatitudeDegrees>37.3781823</LatitudeDegrees>
              <LongitudeDegrees>-121.8359318</LongitudeDegrees>
            </Position>
            <AltitudeMeters>26.6</AltitudeMeters>
            <DistanceMeters>6717.39</DistanceMeters>
            <HeartRateBpm><Value>140</Value></HeartRateBpm>
            <Cadence>170</Cadence>
          </Trackpoint>
          <Trackpoint>
            <Time>2026-04-11T14:15:54.000Z</Time>
            <Position>
              <LatitudeDegrees>37.3781055</LatitudeDegrees>
              <LongitudeDegrees>-121.8360286</LongitudeDegrees>
            </Position>
            <AltitudeMeters>26.5</AltitudeMeters>
            <DistanceMeters>6729.47</DistanceMeters>
            <HeartRateBpm><Value>140</Value></HeartRateBpm>
            <Cadence>170</Cadence>
          </Trackpoint>
          <Trackpoint>
            <Time>2026-04-11T14:15:59.000Z</Time>
            <Position>
              <LatitudeDegrees>37.3780286</LatitudeDegrees>
              <LongitudeDegrees>-121.8361254</LongitudeDegrees>
            </Position>
            <AltitudeMeters>26.5</AltitudeMeters>
            <DistanceMeters>6741.55</DistanceMeters>
            <HeartRateBpm><Value>140</Value></HeartRateBpm>
            <Cadence>170</Cadence>
          </Trackpoint>
          <Trackpoint>
            <Time>2026-04-11T14:16:04.000Z</Time>
            <Position>
              <LatitudeDegrees>37.3779517</LatitudeDegrees>
              <LongitudeDegrees>-121.8362223</LongitudeDegrees>
            </Position>
            <AltitudeMeters>26.4</AltitudeMeters>
            <DistanceMeters>6753.62</DistanceMeters>
            <HeartRateBpm><Value>140</Value></HeartRateBpm>
            <Cadence>170</Cadence>
          </Trackpoint>
          <Trackpoint>
            <Time>2026-04-11T14:16:09.000Z</Time>
            <Position>
              <LatitudeDegrees>37.3778749</LatitudeDegrees>
              <LongitudeDegrees>-121.8363191</LongitudeDegrees>
            </Position>
            <AltitudeMeters>26.3</AltitudeMeters>
            <DistanceMeters>6765.70</DistanceMeters>
            <HeartRateBpm><Value>140</Value></HeartRateBpm>
            <Cadence>170</Cadence>
          </Trackpoint>
          <Trackpoint>
            <Time>2026-04-11T14:16:14.000Z</Time>
            <Position>
              <LatitudeDegrees>37.3777980</LatitudeDegrees>
              <LongitudeDegrees>-121.8364159</LongitudeDegrees>
            </Position>
            <AltitudeMeters>26.3</AltitudeMeters>
            <DistanceMeters>6777.78</DistanceMeters>
            <HeartRateBpm><Value>140</Value></HeartRateBpm>
            <Cadence>170</Cadence>
          </Trackpoint>
          <Trackpoint>
            <Time>2026-04-11T14:16:19.000Z</Time>
            <Position>
              <LatitudeDegrees>37.3777212</LatitudeDegrees>
              <LongitudeDegrees>-121.8365127</LongitudeDegrees>
            </Position>
            <AltitudeMeters>26.2</AltitudeMeters>
            <DistanceMeters>6789.86</DistanceMeters>
            <HeartRateBpm><Value>140</Value></HeartRateBpm>
            <Cadence>170</Cadence>
          </Trackpoint>
          <Trackpoint>
            <Time>2026-04-11T14:16:24.000Z</Time>
            <Position>
              <LatitudeDegrees>37.3776443</LatitudeDegrees>
              <LongitudeDegrees>-121.8366096</LongitudeDegrees>
            </Position>
            <AltitudeMeters>26.2</AltitudeMeters>
            <DistanceMeters>6801.93</DistanceMeters>
            <HeartRateBpm><Value>140</Value></HeartRateBpm>
            <Cadence>170</Cadence>
          </Trackpoint>
          <Trackpoint>
            <Time>2026-04-11T14:16:29.000Z</Time>
            <Position>
              <LatitudeDegrees>37.3775674</LatitudeDegrees>
              <LongitudeDegrees>-121.8367064</LongitudeDegrees>
            </Position>
            <AltitudeMeters>26.1</AltitudeMeters>
            <DistanceMeters>6814.01</DistanceMeters>
            <HeartRateBpm><Value>141</Value></HeartRateBpm>
            <Cadence>170</Cadence>
          </Trackpoint>
          <Trackpoint>
            <Time>2026-04-11T14:16:34.000Z</Time>
            <Position>
              <LatitudeDegrees>37.3774906</LatitudeDegrees>
              <LongitudeDegrees>-121.8368032</LongitudeDegrees>
            </Position>
            <AltitudeMeters>26</AltitudeMeters>
            <DistanceMeters>6826.09</DistanceMeters>
            <HeartRateBpm><Value>141</Value></HeartRateBpm>
            <Cadence>170</Cadence>
          </Trackpoint>
          <Trackpoint>
            <Time>2026-04-11T14:16:39.000Z</Time>
            <Position>
              <LatitudeDegrees>37.3774137</LatitudeDegrees>
              <LongitudeDegrees>-121.8369000</LongitudeDegrees>
            </Position>
            <AltitudeMeters>26</AltitudeMeters>
            <DistanceMeters>6838.16</DistanceMeters>
            <HeartRateBpm><Value>141</Value></HeartRateBpm>
            <Cadence>170</Cadence>
          </Trackpoint>
          <Trackpoint>
            <Time>2026-04-11T14:16:44.000Z</Time>
            <Position>
              <LatitudeDegrees>37.3773369</LatitudeDegrees>
              <LongitudeDegrees>-121.8369969</LongitudeDegrees>
            </Position>
            <AltitudeMeters>25.9</AltitudeMeters>
            <DistanceMeters>6850.24</DistanceMeters>
            <HeartRateBpm><Value>141</Value></HeartRateBpm>
            <Cadence>170</Cadence>
          </Trackpoint>
          <Trackpoint>
            <Time>2026-04-11T14:16:49.000Z</Time>
            <Position>
              <LatitudeDegrees>37.3772600</LatitudeDegrees>
              <LongitudeDegrees>-121.8370937</LongitudeDegrees>
            </Position>
            <AltitudeMeters>25.8</AltitudeMeters>
            <DistanceMeters>6862.32</DistanceMeters>
            <HeartRateBpm><Value>141</Value></HeartRateBpm>
            <Cadence>170</Cadence>
          </Trackpoint>
          <Trackpoint>
            <Time>2026-04-11T14:16:54.000Z</Time>
            <Position>
              <LatitudeDegrees>37.3771831</LatitudeDegrees>
              <LongitudeDegrees>-121.8371905</LongitudeDegrees>
            </Position>
            <AltitudeMeters>25.8</AltitudeMeters>
            <DistanceMeters>6874.40</DistanceMeters>
            <HeartRateBpm><Value>141</Value></HeartRateBpm>
            <Cadence>170</Cadence>
          </Trackpoint>
          <Trackpoint>
            <Time>2026-04-11T14:16:59.000Z</Time>
            <Position>
              <LatitudeDegrees>37.3771063</LatitudeDegrees>
              <LongitudeDegrees>-121.8372873</LongitudeDegrees>
            </Position>
            <AltitudeMeters>25.7</AltitudeMeters>
            <DistanceMeters>6886.47</DistanceMeters>
            <HeartRateBpm><Value>141</Value></HeartRateBpm>
            <Cadence>170</Cadence>
          </Trackpoint>
          <Trackpoint>
            <Time>2026-04-11T14:17:04.000Z</Time>
            <Position>
              <LatitudeDegrees>37.3770294</LatitudeDegrees>
              <LongitudeDegrees>-121.8373842</LongitudeDegrees>
            </Position>
            <AltitudeMeters>25.6</AltitudeMeters>
            <DistanceMeters>6898.55</DistanceMeters>
            <HeartRateBpm><Value>141</Value></HeartRateBpm>
            <Cadence>170</Cadence>
          </Trackpoint>
          <Trackpoint>
            <Time>2026-04-11T14:17:09.000Z</Time>
            <Position>
              <LatitudeDegrees>37.3769526</LatitudeDegrees>
              <LongitudeDegrees>-121.8374810</LongitudeDegrees>
            </Position>
            <AltitudeMeters>25.6</AltitudeMeters>
            <DistanceMeters>6910.63</DistanceMeters>
            <HeartRateBpm><Value>141</Value></HeartRateBpm>
            <Cadence>170</Cadence>
          </Trackpoint>
          <Trackpoint>
            <Time>2026-04-11T14:17:14.000Z</Time>
            <Position>
              <LatitudeDegrees>37.3768757</LatitudeDegrees>
              <LongitudeDegrees>-121.8375778</LongitudeDegrees>
            </Position>
            <AltitudeMeters>25.5</AltitudeMeters>
            <DistanceMeters>6922.71</DistanceMeters>
            <HeartRateBpm><Value>141</Value></HeartRateBpm>
            <Cadence>170</Cadence>
          </Trackpoint>
          <Trackpoint>
            <Time>2026-04-11T14:17:19.000Z</Time>
            <Position>
              <LatitudeDegrees>37.3767988</LatitudeDegrees>
              <LongitudeDegrees>-121.8376746</LongitudeDegrees>
            </Position>
            <AltitudeMeters>25.4</AltitudeMeters>
            <DistanceMeters>6934.78</DistanceMeters>
            <HeartRateBpm><Value>142</Value></HeartRateBpm>
            <Cadence>170</Cadence>
          </Trackpoint>
          <Trackpoint>
            <Time>2026-04-11T14:17:24.000Z</Time>
            <Position>
              <LatitudeDegrees>37.3767220</LatitudeDegrees>
              <LongitudeDegrees>-121.8377715</LongitudeDegrees>
            </Position>
            <AltitudeMeters>25.3</AltitudeMeters>
            <DistanceMeters>6946.86</DistanceMeters>
            <HeartRateBpm><Value>142</Value></HeartRateBpm>
            <Cadence>170</Cadence>
          </Trackpoint>
          <Trackpoint>
            <Time>2026-04-11T14:17:29.000Z</Time>
            <Position>
              <LatitudeDegrees>37.3766451</LatitudeDegrees>
              <LongitudeDegrees>-121.8378683</LongitudeDegrees>
            </Position>
            <AltitudeMeters>25.3</AltitudeMeters>
            <DistanceMeters>6958.94</DistanceMeters>
            <HeartRateBpm><Value>142</Value></HeartRateBpm>
            <Cadence>170</Cadence>
          </Trackpoint>
          <Trackpoint>
            <Time>2026-04-11T14:17:34.000Z</Time>
            <Position>
              <LatitudeDegrees>37.3765683</LatitudeDegrees>
              <LongitudeDegrees>-121.8379651</LongitudeDegrees>
            </Position>
            <AltitudeMeters>25.2</AltitudeMeters>
            <DistanceMeters>6971.01</DistanceMeters>
            <HeartRateBpm><Value>142</Value></HeartRateBpm>
            <Cadence>170</Cadence>
          </Trackpoint>
          <Trackpoint>
            <Time>2026-04-11T14:17:39.000Z</Time>
            <Position>
              <LatitudeDegrees>37.3764914</LatitudeDegrees>
              <LongitudeDegrees>-121.8380619</LongitudeDegrees>
            </Position>
            <AltitudeMeters>25.1</AltitudeMeters>
            <DistanceMeters>6983.09</DistanceMeters>
            <HeartRateBpm><Value>142</Value></HeartRateBpm>
            <Cadence>170</Cadence>
          </Trackpoint>
          <Trackpoint>
            <Time>2026-04-11T14:17:44.000Z</Time>
            <Position>
              <LatitudeDegrees>37.3764145</LatitudeDegrees>
              <LongitudeDegrees>-121.8381588</LongitudeDegrees>
            </Position>
            <AltitudeMeters>25</AltitudeMeters>
            <DistanceMeters>6995.17</DistanceMeters>
            <HeartRateBpm><Value>142</Value></HeartRateBpm>
            <Cadence>170</Cadence>
          </Trackpoint>
          <Trackpoint>
            <Time>2026-04-11T14:17:49.000Z</Time>
            <Position>
              <LatitudeDegrees>37.3763377</LatitudeDegrees>
              <LongitudeDegrees>-121.8382556</LongitudeDegrees>
            </Position>
            <AltitudeMeters>25</AltitudeMeters>
            <DistanceMeters>7007.25</DistanceMeters>
            <HeartRateBpm><Value>142</Value></HeartRateBpm>
            <Cadence>170</Cadence>
          </Trackpoint>
          <Trackpoint>
            <Time>2026-04-11T14:17:54.000Z</Time>
            <Position>
              <LatitudeDegrees>37.3762608</LatitudeDegrees>
              <LongitudeDegrees>-121.8383524</LongitudeDegrees>
            </Position>
            <AltitudeMeters>24.9</AltitudeMeters>
            <DistanceMeters>7019.32</DistanceMeters>
            <HeartRateBpm><Value>142</Value></HeartRateBpm>
            <Cadence>170</Cadence>
          </Trackpoint>
          <Trackpoint>
            <Time>2026-04-11T14:17:59.000Z</Time>
            <Position>
              <LatitudeDegrees>37.3761840</LatitudeDegrees>
              <LongitudeDegrees>-121.8384492</LongitudeDegrees>
            </Position>
            <AltitudeMeters>24.8</AltitudeMeters>
            <DistanceMeters>7031.40</DistanceMeters>
            <HeartRateBpm><Value>142</Value></HeartRateBpm>
            <Cadence>170</Cadence>
          </Trackpoint>
          <Trackpoint>
            <Time>2026-04-11T14:18:04.000Z</Time>
            <Position>
              <LatitudeDegrees>37.3761071</LatitudeDegrees>
              <LongitudeDegrees>-121.8385461</LongitudeDegrees>
            </Position>
            <AltitudeMeters>24.7</AltitudeMeters>
            <DistanceMeters>7043.48</DistanceMeters>
            <HeartRateBpm><Value>142</Value></HeartRateBpm>
            <Cadence>170</Cadence>
          </Trackpoint>
          <Trackpoint>
            <Time>2026-04-11T14:18:09.000Z</Time>
            <Position>
              <LatitudeDegrees>37.3760303</LatitudeDegrees>
              <LongitudeDegrees>-121.8386429</LongitudeDegrees>
            </Position>
            <AltitudeMeters>24.7</AltitudeMeters>
            <DistanceMeters>7055.56</DistanceMeters>
            <HeartRateBpm><Value>143</Value></HeartRateBpm>
            <Cadence>170</Cadence>
          </Trackpoint>
          <Trackpoint>
            <Time>2026-04-11T14:18:14.000Z</Time>
            <Position>
              <LatitudeDegrees>37.3759534</LatitudeDegrees>
              <LongitudeDegrees>-121.8387397</LongitudeDegrees>
            </Position>
            <AltitudeMeters>24.6</AltitudeMeters>
            <DistanceMeters>7067.63</DistanceMeters>
            <HeartRateBpm><Value>143</Value></HeartRateBpm>
            <Cadence>170</Cadence>
          </Trackpoint>
          <Trackpoint>
            <Time>2026-04-11T14:18:19.000Z</Time>
            <Position>
              <LatitudeDegrees>37.3758765</LatitudeDegrees>
              <LongitudeDegrees>-121.8388365</LongitudeDegrees>
            </Position>
            <AltitudeMeters>24.5</AltitudeMeters>
            <DistanceMeters>7079.71</DistanceMeters>
            <HeartRateBpm><Value>143</Value></HeartRateBpm>
            <Cadence>170</Cadence>
          </Trackpoint>
          <Trackpoint>
            <Time>2026-04-11T14:18:24.000Z</Time>
            <Position>
              <LatitudeDegrees>37.3757997</LatitudeDegrees>
              <LongitudeDegrees>-121.8389334</LongitudeDegrees>
            </Position>
            <AltitudeMeters>24.4</AltitudeMeters>
            <DistanceMeters>7091.79</DistanceMeters>
            <HeartRateBpm><Value>143</Value></HeartRateBpm>
            <Cadence>170</Cadence>
          </Trackpoint>
          <Trackpoint>
            <Time>2026-04-11T14:18:29.000Z</Time>
            <Position>
              <LatitudeDegrees>37.3757228</LatitudeDegrees>
              <LongitudeDegrees>-121.8390302</LongitudeDegrees>
            </Position>
            <AltitudeMeters>24.4</AltitudeMeters>
            <DistanceMeters>7103.86</DistanceMeters>
            <HeartRateBpm><Value>143</Value></HeartRateBpm>
            <Cadence>170</Cadence>
          </Trackpoint>
          <Trackpoint>
            <Time>2026-04-11T14:18:34.000Z</Time>
            <Position>
              <LatitudeDegrees>37.3756460</LatitudeDegrees>
              <LongitudeDegrees>-121.8391270</LongitudeDegrees>
            </Position>
            <AltitudeMeters>24.3</AltitudeMeters>
            <DistanceMeters>7115.94</DistanceMeters>
            <HeartRateBpm><Value>143</Value></HeartRateBpm>
            <Cadence>170</Cadence>
          </Trackpoint>
          <Trackpoint>
            <Time>2026-04-11T14:18:39.000Z</Time>
            <Position>
              <LatitudeDegrees>37.3755691</LatitudeDegrees>
              <LongitudeDegrees>-121.8392238</LongitudeDegrees>
            </Position>
            <AltitudeMeters>24.2</AltitudeMeters>
            <DistanceMeters>7128.02</DistanceMeters>
            <HeartRateBpm><Value>143</Value></HeartRateBpm>
            <Cadence>170</Cadence>
          </Trackpoint>
          <Trackpoint>
            <Time>2026-04-11T14:18:44.000Z</Time>
            <Position>
              <LatitudeDegrees>37.3754922</LatitudeDegrees>
              <LongitudeDegrees>-121.8393207</LongitudeDegrees>
            </Position>
            <AltitudeMeters>24.1</AltitudeMeters>
            <DistanceMeters>7140.10</DistanceMeters>
            <HeartRateBpm><Value>143</Value></HeartRateBpm>
            <Cadence>170</Cadence>
          </Trackpoint>
          <Trackpoint>
            <Time>2026-04-11T14:18:49.000Z</Time>
            <Position>
              <LatitudeDegrees>37.3754154</LatitudeDegrees>
              <LongitudeDegrees>-121.8394175</LongitudeDegrees>
            </Position>
            <AltitudeMeters>24.1</AltitudeMeters>
            <DistanceMeters>7152.17</DistanceMeters>
            <HeartRateBpm><Value>143</Value></HeartRateBpm>
            <Cadence>170</Cadence>
          </Trackpoint>
          <Trackpoint>
            <Time>2026-04-11T14:18:54.000Z</Time>
            <Position>
              <LatitudeDegrees>37.3753385</LatitudeDegrees>
              <LongitudeDegrees>-121.8395143</LongitudeDegrees>
            </Position>
            <AltitudeMeters>24</AltitudeMeters>
            <DistanceMeters>7164.25</DistanceMeters>
            <HeartRateBpm><Value>143</Value></HeartRateBpm>
            <Cadence>170</Cadence>
          </Trackpoint>
          <Trackpoint>
            <Time>2026-04-11T14:18:59.000Z</Time>
            <Position>
              <LatitudeDegrees>37.3752617</LatitudeDegrees>
              <LongitudeDegrees>-121.8396111</LongitudeDegrees>
            </Position>
            <AltitudeMeters>23.9</AltitudeMeters>
            <DistanceMeters>7176.33</DistanceMeters>
            <HeartRateBpm><Value>144</Value></HeartRateBpm>
            <Cadence>170</Cadence>
          </Trackpoint>
          <Trackpoint>
            <Time>2026-04-11T14:19:04.000Z</Time>
            <Position>
              <LatitudeDegrees>37.3751848</LatitudeDegrees>
              <LongitudeDegrees>-121.8397080</LongitudeDegrees>
            </Position>
            <AltitudeMeters>23.9</AltitudeMeters>
            <DistanceMeters>7188.41</DistanceMeters>
            <HeartRateBpm><Value>144</Value></HeartRateBpm>
            <Cadence>170</Cadence>
          </Trackpoint>
          <Trackpoint>
            <Time>2026-04-11T14:19:09.000Z</Time>
            <Position>
              <LatitudeDegrees>37.3751079</LatitudeDegrees>
              <LongitudeDegrees>-121.8398048</LongitudeDegrees>
            </Position>
            <AltitudeMeters>23.8</AltitudeMeters>
            <DistanceMeters>7200.48</DistanceMeters>
            <HeartRateBpm><Value>144</Value></HeartRateBpm>
            <Cadence>170</Cadence>
          </Trackpoint>
          <Trackpoint>
            <Time>2026-04-11T14:19:14.000Z</Time>
            <Position>
              <LatitudeDegrees>37.3750311</LatitudeDegrees>
              <LongitudeDegrees>-121.8399016</LongitudeDegrees>
            </Position>
            <AltitudeMeters>23.8</AltitudeMeters>
            <DistanceMeters>7212.56</DistanceMeters>
            <HeartRateBpm><Value>144</Value></HeartRateBpm>
            <Cadence>170</Cadence>
          </Trackpoint>
          <Trackpoint>
            <Time>2026-04-11T14:19:19.000Z</Time>
            <Position>
              <LatitudeDegrees>37.3749542</LatitudeDegrees>
              <LongitudeDegrees>-121.8399984</LongitudeDegrees>
            </Position>
            <AltitudeMeters>23.7</AltitudeMeters>
            <DistanceMeters>7224.64</DistanceMeters>
            <HeartRateBpm><Value>144</Value></HeartRateBpm>
            <Cadence>170</Cadence>
          </Trackpoint>
          <Trackpoint>
            <Time>2026-04-11T14:19:24.000Z</Time>
            <Position>
              <LatitudeDegrees>37.3748774</LatitudeDegrees>
              <LongitudeDegrees>-121.8400953</LongitudeDegrees>
            </Position>
            <AltitudeMeters>23.6</AltitudeMeters>
            <DistanceMeters>7236.71</DistanceMeters>
            <HeartRateBpm><Value>144</Value></HeartRateBpm>
            <Cadence>170</Cadence>
          </Trackpoint>
          <Trackpoint>
            <Time>2026-04-11T14:19:29.000Z</Time>
            <Position>
              <LatitudeDegrees>37.3748005</LatitudeDegrees>
              <LongitudeDegrees>-121.8401921</LongitudeDegrees>
            </Position>
            <AltitudeMeters>23.6</AltitudeMeters>
            <DistanceMeters>7248.79</DistanceMeters>
            <HeartRateBpm><Value>144</Value></HeartRateBpm>
            <Cadence>170</Cadence>
          </Trackpoint>
          <Trackpoint>
            <Time>2026-04-11T14:19:34.000Z</Time>
            <Position>
              <LatitudeDegrees>37.3747236</LatitudeDegrees>
              <LongitudeDegrees>-121.8402889</LongitudeDegrees>
            </Position>
            <AltitudeMeters>23.5</AltitudeMeters>
            <DistanceMeters>7260.87</DistanceMeters>
            <HeartRateBpm><Value>144</Value></HeartRateBpm>
            <Cadence>170</Cadence>
          </Trackpoint>
          <Trackpoint>
            <Time>2026-04-11T14:19:39.000Z</Time>
            <Position>
              <LatitudeDegrees>37.3746468</LatitudeDegrees>
              <LongitudeDegrees>-121.8403857</LongitudeDegrees>
            </Position>
            <AltitudeMeters>23.5</AltitudeMeters>
            <DistanceMeters>7272.95</DistanceMeters>
            <HeartRateBpm><Value>144</Value></HeartRateBpm>
            <Cadence>170</Cadence>
          </Trackpoint>
          <Trackpoint>
            <Time>2026-04-11T14:19:44.000Z</Time>
            <Position>
              <LatitudeDegrees>37.3745699</LatitudeDegrees>
              <LongitudeDegrees>-121.8404826</LongitudeDegrees>
            </Position>
            <AltitudeMeters>23.4</AltitudeMeters>
            <DistanceMeters>7285.02</DistanceMeters>
            <HeartRateBpm><Value>144</Value></HeartRateBpm>
            <Cadence>170</Cadence>
          </Trackpoint>
          <Trackpoint>
            <Time>2026-04-11T14:19:49.000Z</Time>
            <Position>
              <LatitudeDegrees>37.3744931</LatitudeDegrees>
              <LongitudeDegrees>-121.8405794</LongitudeDegrees>
            </Position>
            <AltitudeMeters>23.4</AltitudeMeters>
            <DistanceMeters>7297.10</DistanceMeters>
            <HeartRateBpm><Value>145</Value></HeartRateBpm>
            <Cadence>170</Cadence>
          </Trackpoint>
          <Trackpoint>
            <Time>2026-04-11T14:19:54.000Z</Time>
            <Position>
              <LatitudeDegrees>37.3744162</LatitudeDegrees>
              <LongitudeDegrees>-121.8406762</LongitudeDegrees>
            </Position>
            <AltitudeMeters>23.3</AltitudeMeters>
            <DistanceMeters>7309.18</DistanceMeters>
            <HeartRateBpm><Value>145</Value></HeartRateBpm>
            <Cadence>170</Cadence>
          </Trackpoint>
          <Trackpoint>
            <Time>2026-04-11T14:19:59.000Z</Time>
            <Position>
              <LatitudeDegrees>37.3743393</LatitudeDegrees>
              <LongitudeDegrees>-121.8407730</LongitudeDegrees>
            </Position>
            <AltitudeMeters>23.3</AltitudeMeters>
            <DistanceMeters>7321.26</DistanceMeters>
            <HeartRateBpm><Value>145</Value></HeartRateBpm>
            <Cadence>170</Cadence>
          </Trackpoint>
          <Trackpoint>
            <Time>2026-04-11T14:20:04.000Z</Time>
            <Position>
              <LatitudeDegrees>37.3742625</LatitudeDegrees>
              <LongitudeDegrees>-121.8408699</LongitudeDegrees>
            </Position>
            <AltitudeMeters>23.3</AltitudeMeters>
            <DistanceMeters>7333.33</DistanceMeters>
            <HeartRateBpm><Value>145</Value></HeartRateBpm>
            <Cadence>170</Cadence>
          </Trackpoint>
          <Trackpoint>
            <Time>2026-04-11T14:20:09.000Z</Time>
            <Position>
              <LatitudeDegrees>37.3741856</LatitudeDegrees>
              <LongitudeDegrees>-121.8409667</LongitudeDegrees>
            </Position>
            <AltitudeMeters>23.2</AltitudeMeters>
            <DistanceMeters>7345.41</DistanceMeters>
            <HeartRateBpm><Value>145</Value></HeartRateBpm>
            <Cadence>170</Cadence>
          </Trackpoint>
          <Trackpoint>
            <Time>2026-04-11T14:20:14.000Z</Time>
            <Position>
              <LatitudeDegrees>37.3741088</LatitudeDegrees>
              <LongitudeDegrees>-121.8410635</LongitudeDegrees>
            </Position>
            <AltitudeMeters>23.2</AltitudeMeters>
            <DistanceMeters>7357.49</DistanceMeters>
            <HeartRateBpm><Value>145</Value></HeartRateBpm>
            <Cadence>170</Cadence>
          </Trackpoint>
          <Trackpoint>
            <Time>2026-04-11T14:20:19.000Z</Time>
            <Position>
              <LatitudeDegrees>37.3740319</LatitudeDegrees>
              <LongitudeDegrees>-121.8411603</LongitudeDegrees>
            </Position>
            <AltitudeMeters>23.2</AltitudeMeters>
            <DistanceMeters>7369.57</DistanceMeters>
            <HeartRateBpm><Value>145</Value></HeartRateBpm>
            <Cadence>170</Cadence>
          </Trackpoint>
          <Trackpoint>
            <Time>2026-04-11T14:20:24.000Z</Time>
            <Position>
              <LatitudeDegrees>37.3739550</LatitudeDegrees>
              <LongitudeDegrees>-121.8412572</LongitudeDegrees>
            </Position>
            <AltitudeMeters>23.1</AltitudeMeters>
            <DistanceMeters>7381.64</DistanceMeters>
            <HeartRateBpm><Value>145</Value></HeartRateBpm>
            <Cadence>170</Cadence>
          </Trackpoint>
          <Trackpoint>
            <Time>2026-04-11T14:20:29.000Z</Time>
            <Position>
              <LatitudeDegrees>37.3738782</LatitudeDegrees>
              <LongitudeDegrees>-121.8413540</LongitudeDegrees>
            </Position>
            <AltitudeMeters>23.1</AltitudeMeters>
            <DistanceMeters>7393.72</DistanceMeters>
            <HeartRateBpm><Value>145</Value></HeartRateBpm>
            <Cadence>170</Cadence>
          </Trackpoint>
          <Trackpoint>
            <Time>2026-04-11T14:20:34.000Z</Time>
            <Position>
              <LatitudeDegrees>37.3738013</LatitudeDegrees>
              <LongitudeDegrees>-121.8414508</LongitudeDegrees>
            </Position>
            <AltitudeMeters>23.1</AltitudeMeters>
            <DistanceMeters>7405.80</DistanceMeters>
            <HeartRateBpm><Value>145</Value></HeartRateBpm>
            <Cadence>170</Cadence>
          </Trackpoint>
          <Trackpoint>
            <Time>2026-04-11T14:20:39.000Z</Time>
            <Position>
              <LatitudeDegrees>37.3737245</LatitudeDegrees>
              <LongitudeDegrees>-121.8415476</LongitudeDegrees>
            </Position>
            <AltitudeMeters>23.1</AltitudeMeters>
            <DistanceMeters>7417.87</DistanceMeters>
            <HeartRateBpm><Value>146</Value></HeartRateBpm>
            <Cadence>170</Cadence>
          </Trackpoint>
          <Trackpoint>
            <Time>2026-04-11T14:20:44.000Z</Time>
            <Position>
              <LatitudeDegrees>37.3736476</LatitudeDegrees>
              <LongitudeDegrees>-121.8416445</LongitudeDegrees>
            </Position>
            <AltitudeMeters>23</AltitudeMeters>
            <DistanceMeters>7429.95</DistanceMeters>
            <HeartRateBpm><Value>146</Value></HeartRateBpm>
            <Cadence>170</Cadence>
          </Trackpoint>
          <Trackpoint>
            <Time>2026-04-11T14:20:49.000Z</Time>
            <Position>
              <LatitudeDegrees>37.3735707</LatitudeDegrees>
              <LongitudeDegrees>-121.8417413</LongitudeDegrees>
            </Position>
            <AltitudeMeters>23</AltitudeMeters>
            <DistanceMeters>7442.03</DistanceMeters>
            <HeartRateBpm><Value>146</Value></HeartRateBpm>
            <Cadence>170</Cadence>
          </Trackpoint>
          <Trackpoint>
            <Time>2026-04-11T14:20:54.000Z</Time>
            <Position>
              <LatitudeDegrees>37.3734939</LatitudeDegrees>
              <LongitudeDegrees>-121.8418381</LongitudeDegrees>
            </Position>
            <AltitudeMeters>23</AltitudeMeters>
            <DistanceMeters>7454.11</DistanceMeters>
            <HeartRateBpm><Value>146</Value></HeartRateBpm>
            <Cadence>170</Cadence>
          </Trackpoint>
          <Trackpoint>
            <Time>2026-04-11T14:20:59.000Z</Time>
            <Position>
              <LatitudeDegrees>37.3734170</LatitudeDegrees>
              <LongitudeDegrees>-121.8419349</LongitudeDegrees>
            </Position>
            <AltitudeMeters>23</AltitudeMeters>
            <DistanceMeters>7466.18</DistanceMeters>
            <HeartRateBpm><Value>146</Value></HeartRateBpm>
            <Cadence>170</Cadence>
          </Trackpoint>
          <Trackpoint>
            <Time>2026-04-11T14:21:04.000Z</Time>
            <Position>
              <LatitudeDegrees>37.3733402</LatitudeDegrees>
              <LongitudeDegrees>-121.8420318</LongitudeDegrees>
            </Position>
            <AltitudeMeters>23</AltitudeMeters>
            <DistanceMeters>7478.26</DistanceMeters>
            <HeartRateBpm><Value>146</Value></HeartRateBpm>
            <Cadence>170</Cadence>
          </Trackpoint>
          <Trackpoint>
            <Time>2026-04-11T14:21:09.000Z</Time>
            <Position>
              <LatitudeDegrees>37.3732633</LatitudeDegrees>
              <LongitudeDegrees>-121.8421286</LongitudeDegrees>
            </Position>
            <AltitudeMeters>23</AltitudeMeters>
            <DistanceMeters>7490.34</DistanceMeters>
            <HeartRateBpm><Value>146</Value></HeartRateBpm>
            <Cadence>170</Cadence>
          </Trackpoint>
          <Trackpoint>
            <Time>2026-04-11T14:21:14.000Z</Time>
            <Position>
              <LatitudeDegrees>37.3731864</LatitudeDegrees>
              <LongitudeDegrees>-121.8422254</LongitudeDegrees>
            </Position>
            <AltitudeMeters>23</AltitudeMeters>
            <DistanceMeters>7502.42</DistanceMeters>
            <HeartRateBpm><Value>146</Value></HeartRateBpm>
            <Cadence>170</Cadence>
          </Trackpoint>
          <Trackpoint>
            <Time>2026-04-11T14:21:19.000Z</Time>
            <Position>
              <LatitudeDegrees>37.3731096</LatitudeDegrees>
              <LongitudeDegrees>-121.8423222</LongitudeDegrees>
            </Position>
            <AltitudeMeters>23</AltitudeMeters>
            <DistanceMeters>7514.49</DistanceMeters>
            <HeartRateBpm><Value>146</Value></HeartRateBpm>
            <Cadence>170</Cadence>
          </Trackpoint>
          <Trackpoint>
            <Time>2026-04-11T14:21:24.000Z</Time>
            <Position>
              <LatitudeDegrees>37.3730327</LatitudeDegrees>
              <LongitudeDegrees>-121.8424191</LongitudeDegrees>
            </Position>
            <AltitudeMeters>23</AltitudeMeters>
            <DistanceMeters>7526.57</DistanceMeters>
            <HeartRateBpm><Value>146</Value></HeartRateBpm>
            <Cadence>170</Cadence>
          </Trackpoint>
          <Trackpoint>
            <Time>2026-04-11T14:21:29.000Z</Time>
            <Position>
              <LatitudeDegrees>37.3729559</LatitudeDegrees>
              <LongitudeDegrees>-121.8425159</LongitudeDegrees>
            </Position>
            <AltitudeMeters>23</AltitudeMeters>
            <DistanceMeters>7538.65</DistanceMeters>
            <HeartRateBpm><Value>146</Value></HeartRateBpm>
            <Cadence>170</Cadence>
          </Trackpoint>
          <Trackpoint>
            <Time>2026-04-11T14:21:34.000Z</Time>
            <Position>
              <LatitudeDegrees>37.3728790</LatitudeDegrees>
              <LongitudeDegrees>-121.8426127</LongitudeDegrees>
            </Position>
            <AltitudeMeters>23</AltitudeMeters>
            <DistanceMeters>7550.72</DistanceMeters>
            <HeartRateBpm><Value>146</Value></HeartRateBpm>
            <Cadence>170</Cadence>
          </Trackpoint>
          <Trackpoint>
            <Time>2026-04-11T14:21:39.000Z</Time>
            <Position>
              <LatitudeDegrees>37.3728022</LatitudeDegrees>
              <LongitudeDegrees>-121.8427095</LongitudeDegrees>
            </Position>
            <AltitudeMeters>23</AltitudeMeters>
            <DistanceMeters>7562.80</DistanceMeters>
            <HeartRateBpm><Value>146</Value></HeartRateBpm>
            <Cadence>170</Cadence>
          </Trackpoint>
          <Trackpoint>
            <Time>2026-04-11T14:21:44.000Z</Time>
            <Position>
              <LatitudeDegrees>37.3727253</LatitudeDegrees>
              <LongitudeDegrees>-121.8428064</LongitudeDegrees>
            </Position>
            <AltitudeMeters>23.1</AltitudeMeters>
            <DistanceMeters>7574.88</DistanceMeters>
            <HeartRateBpm><Value>146</Value></HeartRateBpm>
            <Cadence>170</Cadence>
          </Trackpoint>
          <Trackpoint>
            <Time>2026-04-11T14:21:49.000Z</Time>
            <Position>
              <LatitudeDegrees>37.3726484</LatitudeDegrees>
              <LongitudeDegrees>-121.8429032</LongitudeDegrees>
            </Position>
            <AltitudeMeters>23.1</AltitudeMeters>
            <DistanceMeters>7586.96</DistanceMeters>
            <HeartRateBpm><Value>146</Value></HeartRateBpm>
            <Cadence>170</Cadence>
          </Trackpoint>
          <Trackpoint>
            <Time>2026-04-11T14:21:54.000Z</Time>
            <Position>
              <LatitudeDegrees>37.3725716</LatitudeDegrees>
              <LongitudeDegrees>-121.8430000</LongitudeDegrees>
            </Position>
            <AltitudeMeters>23.1</AltitudeMeters>
            <DistanceMeters>7599.03</DistanceMeters>
            <HeartRateBpm><Value>146</Value></HeartRateBpm>
            <Cadence>170</Cadence>
          </Trackpoint>
          <Trackpoint>
            <Time>2026-04-11T14:21:59.000Z</Time>
            <Position>
              <LatitudeDegrees>37.3724947</LatitudeDegrees>
              <LongitudeDegrees>-121.8430968</LongitudeDegrees>
            </Position>
            <AltitudeMeters>23.1</AltitudeMeters>
            <DistanceMeters>7611.11</DistanceMeters>
            <HeartRateBpm><Value>146</Value></HeartRateBpm>
            <Cadence>170</Cadence>
          </Trackpoint>
          <Trackpoint>
            <Time>2026-04-11T14:22:04.000Z</Time>
            <Position>
              <LatitudeDegrees>37.3724179</LatitudeDegrees>
              <LongitudeDegrees>-121.8431937</LongitudeDegrees>
            </Position>
            <AltitudeMeters>23.1</AltitudeMeters>
            <DistanceMeters>7623.19</DistanceMeters>
            <HeartRateBpm><Value>146</Value></HeartRateBpm>
            <Cadence>170</Cadence>
          </Trackpoint>
          <Trackpoint>
            <Time>2026-04-11T14:22:09.000Z</Time>
            <Position>
              <LatitudeDegrees>37.3723410</LatitudeDegrees>
              <LongitudeDegrees>-121.8432905</LongitudeDegrees>
            </Position>
            <AltitudeMeters>23.2</AltitudeMeters>
            <DistanceMeters>7635.27</DistanceMeters>
            <HeartRateBpm><Value>146</Value></HeartRateBpm>
            <Cadence>170</Cadence>
          </Trackpoint>
          <Trackpoint>
            <Time>2026-04-11T14:22:14.000Z</Time>
            <Position>
              <LatitudeDegrees>37.3722641</LatitudeDegrees>
              <LongitudeDegrees>-121.8433873</LongitudeDegrees>
            </Position>
            <AltitudeMeters>23.2</AltitudeMeters>
            <DistanceMeters>7647.34</DistanceMeters>
            <HeartRateBpm><Value>146</Value></HeartRateBpm>
            <Cadence>170</Cadence>
          </Trackpoint>
          <Trackpoint>
            <Time>2026-04-11T14:22:19.000Z</Time>
            <Position>
              <LatitudeDegrees>37.3721873</LatitudeDegrees>
              <LongitudeDegrees>-121.8434841</LongitudeDegrees>
            </Position>
            <AltitudeMeters>23.2</AltitudeMeters>
            <DistanceMeters>7659.42</DistanceMeters>
            <HeartRateBpm><Value>146</Value></HeartRateBpm>
            <Cadence>170</Cadence>
          </Trackpoint>
          <Trackpoint>
            <Time>2026-04-11T14:22:24.000Z</Time>
            <Position>
              <LatitudeDegrees>37.3721104</LatitudeDegrees>
              <LongitudeDegrees>-121.8435810</LongitudeDegrees>
            </Position>
            <AltitudeMeters>23.3</AltitudeMeters>
            <DistanceMeters>7671.50</DistanceMeters>
            <HeartRateBpm><Value>146</Value></HeartRateBpm>
            <Cadence>170</Cadence>
          </Trackpoint>
          <Trackpoint>
            <Time>2026-04-11T14:22:29.000Z</Time>
            <Position>
              <LatitudeDegrees>37.3720336</LatitudeDegrees>
              <LongitudeDegrees>-121.8436778</LongitudeDegrees>
            </Position>
            <AltitudeMeters>23.3</AltitudeMeters>
            <DistanceMeters>7683.57</DistanceMeters>
            <HeartRateBpm><Value>146</Value></HeartRateBpm>
            <Cadence>170</Cadence>
          </Trackpoint>
          <Trackpoint>
            <Time>2026-04-11T14:22:34.000Z</Time>
            <Position>
              <LatitudeDegrees>37.3719567</LatitudeDegrees>
              <LongitudeDegrees>-121.8437746</LongitudeDegrees>
            </Position>
            <AltitudeMeters>23.4</AltitudeMeters>
            <DistanceMeters>7695.65</DistanceMeters>
            <HeartRateBpm><Value>146</Value></HeartRateBpm>
            <Cadence>170</Cadence>
          </Trackpoint>
          <Trackpoint>
            <Time>2026-04-11T14:22:39.000Z</Time>
            <Position>
              <LatitudeDegrees>37.3718798</LatitudeDegrees>
              <LongitudeDegrees>-121.8438714</LongitudeDegrees>
            </Position>
            <AltitudeMeters>23.4</AltitudeMeters>
            <DistanceMeters>7707.73</DistanceMeters>
            <HeartRateBpm><Value>146</Value></HeartRateBpm>
            <Cadence>170</Cadence>
          </Trackpoint>
          <Trackpoint>
            <Time>2026-04-11T14:22:44.000Z</Time>
            <Position>
              <LatitudeDegrees>37.3718030</LatitudeDegrees>
              <LongitudeDegrees>-121.8439682</LongitudeDegrees>
            </Position>
            <AltitudeMeters>23.5</AltitudeMeters>
            <DistanceMeters>7719.81</DistanceMeters>
            <HeartRateBpm><Value>146</Value></HeartRateBpm>
            <Cadence>170</Cadence>
          </Trackpoint>
          <Trackpoint>
            <Time>2026-04-11T14:22:49.000Z</Time>
            <Position>
              <LatitudeDegrees>37.3717261</LatitudeDegrees>
              <LongitudeDegrees>-121.8440651</LongitudeDegrees>
            </Position>
            <AltitudeMeters>23.5</AltitudeMeters>
            <DistanceMeters>7731.88</DistanceMeters>
            <HeartRateBpm><Value>146</Value></HeartRateBpm>
            <Cadence>170</Cadence>
          </Trackpoint>
          <Trackpoint>
            <Time>2026-04-11T14:22:54.000Z</Time>
            <Position>
              <LatitudeDegrees>37.3716493</LatitudeDegrees>
              <LongitudeDegrees>-121.8441619</LongitudeDegrees>
            </Position>
            <AltitudeMeters>23.6</AltitudeMeters>
            <DistanceMeters>7743.96</DistanceMeters>
            <HeartRateBpm><Value>146</Value></HeartRateBpm>
            <Cadence>170</Cadence>
          </Trackpoint>
          <Trackpoint>
            <Time>2026-04-11T14:22:59.000Z</Time>
            <Position>
              <LatitudeDegrees>37.3715724</LatitudeDegrees>
              <LongitudeDegrees>-121.8442587</LongitudeDegrees>
            </Position>
            <AltitudeMeters>23.6</AltitudeMeters>
            <DistanceMeters>7756.04</DistanceMeters>
            <HeartRateBpm><Value>146</Value></HeartRateBpm>
            <Cadence>170</Cadence>
          </Trackpoint>
          <Trackpoint>
            <Time>2026-04-11T14:23:04.000Z</Time>
            <Position>
              <LatitudeDegrees>37.3714955</LatitudeDegrees>
              <LongitudeDegrees>-121.8443555</LongitudeDegrees>
            </Position>
            <AltitudeMeters>23.7</AltitudeMeters>
            <DistanceMeters>7768.12</DistanceMeters>
            <HeartRateBpm><Value>146</Value></HeartRateBpm>
            <Cadence>170</Cadence>
          </Trackpoint>
          <Trackpoint>
            <Time>2026-04-11T14:23:09.000Z</Time>
            <Position>
              <LatitudeDegrees>37.3714187</LatitudeDegrees>
              <LongitudeDegrees>-121.8444524</LongitudeDegrees>
            </Position>
            <AltitudeMeters>23.7</AltitudeMeters>
            <DistanceMeters>7780.19</DistanceMeters>
            <HeartRateBpm><Value>146</Value></HeartRateBpm>
            <Cadence>170</Cadence>
          </Trackpoint>
          <Trackpoint>
            <Time>2026-04-11T14:23:14.000Z</Time>
            <Position>
              <LatitudeDegrees>37.3713418</LatitudeDegrees>
              <LongitudeDegrees>-121.8445492</LongitudeDegrees>
            </Position>
            <AltitudeMeters>23.8</AltitudeMeters>
            <DistanceMeters>7792.27</DistanceMeters>
            <HeartRateBpm><Value>146</Value></HeartRateBpm>
            <Cadence>170</Cadence>
          </Trackpoint>
          <Trackpoint>
            <Time>2026-04-11T14:23:19.000Z</Time>
            <Position>
              <LatitudeDegrees>37.3712650</LatitudeDegrees>
              <LongitudeDegrees>-121.8446460</LongitudeDegrees>
            </Position>
            <AltitudeMeters>23.8</AltitudeMeters>
            <DistanceMeters>7804.35</DistanceMeters>
            <HeartRateBpm><Value>146</Value></HeartRateBpm>
            <Cadence>170</Cadence>
          </Trackpoint>
          <Trackpoint>
            <Time>2026-04-11T14:23:24.000Z</Time>
            <Position>
              <LatitudeDegrees>37.3711881</LatitudeDegrees>
              <LongitudeDegrees>-121.8447428</LongitudeDegrees>
            </Position>
            <AltitudeMeters>23.9</AltitudeMeters>
            <DistanceMeters>7816.43</DistanceMeters>
            <HeartRateBpm><Value>146</Value></HeartRateBpm>
            <Cadence>170</Cadence>
          </Trackpoint>
          <Trackpoint>
            <Time>2026-04-11T14:23:29.000Z</Time>
            <Position>
              <LatitudeDegrees>37.3711112</LatitudeDegrees>
              <LongitudeDegrees>-121.8448397</LongitudeDegrees>
            </Position>
            <AltitudeMeters>24</AltitudeMeters>
            <DistanceMeters>7828.50</DistanceMeters>
            <HeartRateBpm><Value>146</Value></HeartRateBpm>
            <Cadence>170</Cadence>
          </Trackpoint>
          <Trackpoint>
            <Time>2026-04-11T14:23:34.000Z</Time>
            <Position>
              <LatitudeDegrees>37.3710344</LatitudeDegrees>
              <LongitudeDegrees>-121.8449365</LongitudeDegrees>
            </Position>
            <AltitudeMeters>24</AltitudeMeters>
            <DistanceMeters>7840.58</DistanceMeters>
            <HeartRateBpm><Value>146</Value></HeartRateBpm>
            <Cadence>170</Cadence>
          </Trackpoint>
          <Trackpoint>
            <Time>2026-04-11T14:23:39.000Z</Time>
            <Position>
              <LatitudeDegrees>37.3709575</LatitudeDegrees>
              <LongitudeDegrees>-121.8450333</LongitudeDegrees>
            </Position>
            <AltitudeMeters>24.1</AltitudeMeters>
            <DistanceMeters>7852.66</DistanceMeters>
            <HeartRateBpm><Value>146</Value></HeartRateBpm>
            <Cadence>170</Cadence>
          </Trackpoint>
          <Trackpoint>
            <Time>2026-04-11T14:23:44.000Z</Time>
            <Position>
              <LatitudeDegrees>37.3708807</LatitudeDegrees>
              <LongitudeDegrees>-121.8451301</LongitudeDegrees>
            </Position>
            <AltitudeMeters>24.2</AltitudeMeters>
            <DistanceMeters>7864.73</DistanceMeters>
            <HeartRateBpm><Value>146</Value></HeartRateBpm>
            <Cadence>170</Cadence>
          </Trackpoint>
          <Trackpoint>
            <Time>2026-04-11T14:23:49.000Z</Time>
            <Position>
              <LatitudeDegrees>37.3708038</LatitudeDegrees>
              <LongitudeDegrees>-121.8452270</LongitudeDegrees>
            </Position>
            <AltitudeMeters>24.2</AltitudeMeters>
            <DistanceMeters>7876.81</DistanceMeters>
            <HeartRateBpm><Value>146</Value></HeartRateBpm>
            <Cadence>170</Cadence>
          </Trackpoint>
          <Trackpoint>
            <Time>2026-04-11T14:23:54.000Z</Time>
            <Position>
              <LatitudeDegrees>37.3707269</LatitudeDegrees>
              <LongitudeDegrees>-121.8453238</LongitudeDegrees>
            </Position>
            <AltitudeMeters>24.3</AltitudeMeters>
            <DistanceMeters>7888.89</DistanceMeters>
            <HeartRateBpm><Value>146</Value></HeartRateBpm>
            <Cadence>170</Cadence>
          </Trackpoint>
          <Trackpoint>
            <Time>2026-04-11T14:23:59.000Z</Time>
            <Position>
              <LatitudeDegrees>37.3706501</LatitudeDegrees>
              <LongitudeDegrees>-121.8454206</LongitudeDegrees>
            </Position>
            <AltitudeMeters>24.4</AltitudeMeters>
            <DistanceMeters>7900.97</DistanceMeters>
            <HeartRateBpm><Value>146</Value></HeartRateBpm>
            <Cadence>170</Cadence>
          </Trackpoint>
          <Trackpoint>
            <Time>2026-04-11T14:24:04.000Z</Time>
            <Position>
              <LatitudeDegrees>37.3705732</LatitudeDegrees>
              <LongitudeDegrees>-121.8455174</LongitudeDegrees>
            </Position>
            <AltitudeMeters>24.5</AltitudeMeters>
            <DistanceMeters>7913.04</DistanceMeters>
            <HeartRateBpm><Value>146</Value></HeartRateBpm>
            <Cadence>170</Cadence>
          </Trackpoint>
          <Trackpoint>
            <Time>2026-04-11T14:24:09.000Z</Time>
            <Position>
              <LatitudeDegrees>37.3704964</LatitudeDegrees>
              <LongitudeDegrees>-121.8456143</LongitudeDegrees>
            </Position>
            <AltitudeMeters>24.5</AltitudeMeters>
            <DistanceMeters>7925.12</DistanceMeters>
            <HeartRateBpm><Value>146</Value></HeartRateBpm>
            <Cadence>170</Cadence>
          </Trackpoint>
          <Trackpoint>
            <Time>2026-04-11T14:24:14.000Z</Time>
            <Position>
              <LatitudeDegrees>37.3704195</LatitudeDegrees>
              <LongitudeDegrees>-121.8457111</LongitudeDegrees>
            </Position>
            <AltitudeMeters>24.6</AltitudeMeters>
            <DistanceMeters>7937.20</DistanceMeters>
            <HeartRateBpm><Value>146</Value></HeartRateBpm>
            <Cadence>170</Cadence>
          </Trackpoint>
          <Trackpoint>
            <Time>2026-04-11T14:24:19.000Z</Time>
            <Position>
              <LatitudeDegrees>37.3703426</LatitudeDegrees>
              <LongitudeDegrees>-121.8458079</LongitudeDegrees>
            </Position>
            <AltitudeMeters>24.7</AltitudeMeters>
            <DistanceMeters>7949.28</DistanceMeters>
            <HeartRateBpm><Value>146</Value></HeartRateBpm>
            <Cadence>170</Cadence>
          </Trackpoint>
          <Trackpoint>
            <Time>2026-04-11T14:24:24.000Z</Time>
            <Position>
              <LatitudeDegrees>37.3702658</LatitudeDegrees>
              <LongitudeDegrees>-121.8459047</LongitudeDegrees>
            </Position>
            <AltitudeMeters>24.8</AltitudeMeters>
            <DistanceMeters>7961.35</DistanceMeters>
            <HeartRateBpm><Value>146</Value></HeartRateBpm>
            <Cadence>170</Cadence>
          </Trackpoint>
          <Trackpoint>
            <Time>2026-04-11T14:24:29.000Z</Time>
            <Position>
              <LatitudeDegrees>37.3701889</LatitudeDegrees>
              <LongitudeDegrees>-121.8460016</LongitudeDegrees>
            </Position>
            <AltitudeMeters>24.8</AltitudeMeters>
            <DistanceMeters>7973.43</DistanceMeters>
            <HeartRateBpm><Value>146</Value></HeartRateBpm>
            <Cadence>170</Cadence>
          </Trackpoint>
          <Trackpoint>
            <Time>2026-04-11T14:24:34.000Z</Time>
            <Position>
              <LatitudeDegrees>37.3701121</LatitudeDegrees>
              <LongitudeDegrees>-121.8460984</LongitudeDegrees>
            </Position>
            <AltitudeMeters>24.9</AltitudeMeters>
            <DistanceMeters>7985.51</DistanceMeters>
            <HeartRateBpm><Value>146</Value></HeartRateBpm>
            <Cadence>170</Cadence>
          </Trackpoint>
          <Trackpoint>
            <Time>2026-04-11T14:24:39.000Z</Time>
            <Position>
              <LatitudeDegrees>37.3700352</LatitudeDegrees>
              <LongitudeDegrees>-121.8461952</LongitudeDegrees>
            </Position>
            <AltitudeMeters>25</AltitudeMeters>
            <DistanceMeters>7997.58</DistanceMeters>
            <HeartRateBpm><Value>146</Value></HeartRateBpm>
            <Cadence>170</Cadence>
          </Trackpoint>
          <Trackpoint>
            <Time>2026-04-11T14:24:44.000Z</Time>
            <Position>
              <LatitudeDegrees>37.3699583</LatitudeDegrees>
              <LongitudeDegrees>-121.8462920</LongitudeDegrees>
            </Position>
            <AltitudeMeters>25.1</AltitudeMeters>
            <DistanceMeters>8009.66</DistanceMeters>
            <HeartRateBpm><Value>146</Value></HeartRateBpm>
            <Cadence>170</Cadence>
          </Trackpoint>
          <Trackpoint>
            <Time>2026-04-11T14:24:49.000Z</Time>
            <Position>
              <LatitudeDegrees>37.3698815</LatitudeDegrees>
              <LongitudeDegrees>-121.8463889</LongitudeDegrees>
            </Position>
            <AltitudeMeters>25.1</AltitudeMeters>
            <DistanceMeters>8021.74</DistanceMeters>
            <HeartRateBpm><Value>146</Value></HeartRateBpm>
            <Cadence>170</Cadence>
          </Trackpoint>
          <Trackpoint>
            <Time>2026-04-11T14:24:54.000Z</Time>
            <Position>
              <LatitudeDegrees>37.3698046</LatitudeDegrees>
              <LongitudeDegrees>-121.8464857</LongitudeDegrees>
            </Position>
            <AltitudeMeters>25.2</AltitudeMeters>
            <DistanceMeters>8033.82</DistanceMeters>
            <HeartRateBpm><Value>146</Value></HeartRateBpm>
            <Cadence>170</Cadence>
          </Trackpoint>
          <Trackpoint>
            <Time>2026-04-11T14:24:59.000Z</Time>
            <Position>
              <LatitudeDegrees>37.3697278</LatitudeDegrees>
              <LongitudeDegrees>-121.8465825</LongitudeDegrees>
            </Position>
            <AltitudeMeters>25.3</AltitudeMeters>
            <DistanceMeters>8045.89</DistanceMeters>
            <HeartRateBpm><Value>146</Value></HeartRateBpm>
            <Cadence>170</Cadence>
          </Trackpoint>
          <Trackpoint>
            <Time>2026-04-11T14:25:04.000Z</Time>
            <Position>
              <LatitudeDegrees>37.3696509</LatitudeDegrees>
              <LongitudeDegrees>-121.8466793</LongitudeDegrees>
            </Position>
            <AltitudeMeters>25.4</AltitudeMeters>
            <DistanceMeters>8057.97</DistanceMeters>
            <HeartRateBpm><Value>146</Value></HeartRateBpm>
            <Cadence>170</Cadence>
          </Trackpoint>
          <Trackpoint>
            <Time>2026-04-11T14:25:09.000Z</Time>
            <Position>
              <LatitudeDegrees>37.3695741</LatitudeDegrees>
              <LongitudeDegrees>-121.8467762</LongitudeDegrees>
            </Position>
            <AltitudeMeters>25.4</AltitudeMeters>
            <DistanceMeters>8070.05</DistanceMeters>
            <HeartRateBpm><Value>146</Value></HeartRateBpm>
            <Cadence>170</Cadence>
          </Trackpoint>
          <Trackpoint>
            <Time>2026-04-11T14:25:14.000Z</Time>
            <Position>
              <LatitudeDegrees>37.3694972</LatitudeDegrees>
              <LongitudeDegrees>-121.8468730</LongitudeDegrees>
            </Position>
            <AltitudeMeters>25.5</AltitudeMeters>
            <DistanceMeters>8082.13</DistanceMeters>
            <HeartRateBpm><Value>146</Value></HeartRateBpm>
            <Cadence>170</Cadence>
          </Trackpoint>
          <Trackpoint>
            <Time>2026-04-11T14:25:19.000Z</Time>
            <Position>
              <LatitudeDegrees>37.3694203</LatitudeDegrees>
              <LongitudeDegrees>-121.8469698</LongitudeDegrees>
            </Position>
            <AltitudeMeters>25.6</AltitudeMeters>
            <DistanceMeters>8094.20</DistanceMeters>
            <HeartRateBpm><Value>146</Value></HeartRateBpm>
            <Cadence>170</Cadence>
          </Trackpoint>
          <Trackpoint>
            <Time>2026-04-11T14:25:24.000Z</Time>
            <Position>
              <LatitudeDegrees>37.3693435</LatitudeDegrees>
              <LongitudeDegrees>-121.8470666</LongitudeDegrees>
            </Position>
            <AltitudeMeters>25.7</AltitudeMeters>
            <DistanceMeters>8106.28</DistanceMeters>
            <HeartRateBpm><Value>146</Value></HeartRateBpm>
            <Cadence>170</Cadence>
          </Trackpoint>
          <Trackpoint>
            <Time>2026-04-11T14:25:29.000Z</Time>
            <Position>
              <LatitudeDegrees>37.3692666</LatitudeDegrees>
              <LongitudeDegrees>-121.8471635</LongitudeDegrees>
            </Position>
            <AltitudeMeters>25.7</AltitudeMeters>
            <DistanceMeters>8118.36</DistanceMeters>
            <HeartRateBpm><Value>146</Value></HeartRateBpm>
            <Cadence>170</Cadence>
          </Trackpoint>
          <Trackpoint>
            <Time>2026-04-11T14:25:34.000Z</Time>
            <Position>
              <LatitudeDegrees>37.3691898</LatitudeDegrees>
              <LongitudeDegrees>-121.8472603</LongitudeDegrees>
            </Position>
            <AltitudeMeters>25.8</AltitudeMeters>
            <DistanceMeters>8130.43</DistanceMeters>
            <HeartRateBpm><Value>146</Value></HeartRateBpm>
            <Cadence>170</Cadence>
          </Trackpoint>
          <Trackpoint>
            <Time>2026-04-11T14:25:39.000Z</Time>
            <Position>
              <LatitudeDegrees>37.3691129</LatitudeDegrees>
              <LongitudeDegrees>-121.8473571</LongitudeDegrees>
            </Position>
            <AltitudeMeters>25.9</AltitudeMeters>
            <DistanceMeters>8142.51</DistanceMeters>
            <HeartRateBpm><Value>146</Value></HeartRateBpm>
            <Cadence>170</Cadence>
          </Trackpoint>
          <Trackpoint>
            <Time>2026-04-11T14:25:44.000Z</Time>
            <Position>
              <LatitudeDegrees>37.3690360</LatitudeDegrees>
              <LongitudeDegrees>-121.8474539</LongitudeDegrees>
            </Position>
            <AltitudeMeters>25.9</AltitudeMeters>
            <DistanceMeters>8154.59</DistanceMeters>
            <HeartRateBpm><Value>146</Value></HeartRateBpm>
            <Cadence>170</Cadence>
          </Trackpoint>
          <Trackpoint>
            <Time>2026-04-11T14:25:49.000Z</Time>
            <Position>
              <LatitudeDegrees>37.3689592</LatitudeDegrees>
              <LongitudeDegrees>-121.8475508</LongitudeDegrees>
            </Position>
            <AltitudeMeters>26</AltitudeMeters>
            <DistanceMeters>8166.67</DistanceMeters>
            <HeartRateBpm><Value>146</Value></HeartRateBpm>
            <Cadence>170</Cadence>
          </Trackpoint>
          <Trackpoint>
            <Time>2026-04-11T14:25:54.000Z</Time>
            <Position>
              <LatitudeDegrees>37.3688823</LatitudeDegrees>
              <LongitudeDegrees>-121.8476476</LongitudeDegrees>
            </Position>
            <AltitudeMeters>26.1</AltitudeMeters>
            <DistanceMeters>8178.74</DistanceMeters>
            <HeartRateBpm><Value>146</Value></HeartRateBpm>
            <Cadence>170</Cadence>
          </Trackpoint>
          <Trackpoint>
            <Time>2026-04-11T14:25:59.000Z</Time>
            <Position>
              <LatitudeDegrees>37.3688055</LatitudeDegrees>
              <LongitudeDegrees>-121.8477444</LongitudeDegrees>
            </Position>
            <AltitudeMeters>26.1</AltitudeMeters>
            <DistanceMeters>8190.82</DistanceMeters>
            <HeartRateBpm><Value>146</Value></HeartRateBpm>
            <Cadence>170</Cadence>
          </Trackpoint>
          <Trackpoint>
            <Time>2026-04-11T14:26:04.000Z</Time>
            <Position>
              <LatitudeDegrees>37.3687286</LatitudeDegrees>
              <LongitudeDegrees>-121.8478412</LongitudeDegrees>
            </Position>
            <AltitudeMeters>26.2</AltitudeMeters>
            <DistanceMeters>8202.90</DistanceMeters>
            <HeartRateBpm><Value>146</Value></HeartRateBpm>
            <Cadence>170</Cadence>
          </Trackpoint>
          <Trackpoint>
            <Time>2026-04-11T14:26:09.000Z</Time>
            <Position>
              <LatitudeDegrees>37.3686517</LatitudeDegrees>
              <LongitudeDegrees>-121.8479381</LongitudeDegrees>
            </Position>
            <AltitudeMeters>26.3</AltitudeMeters>
            <DistanceMeters>8214.98</DistanceMeters>
            <HeartRateBpm><Value>146</Value></HeartRateBpm>
            <Cadence>170</Cadence>
          </Trackpoint>
          <Trackpoint>
            <Time>2026-04-11T14:26:14.000Z</Time>
            <Position>
              <LatitudeDegrees>37.3685749</LatitudeDegrees>
              <LongitudeDegrees>-121.8480349</LongitudeDegrees>
            </Position>
            <AltitudeMeters>26.3</AltitudeMeters>
            <DistanceMeters>8227.05</DistanceMeters>
            <HeartRateBpm><Value>146</Value></HeartRateBpm>
            <Cadence>170</Cadence>
          </Trackpoint>
          <Trackpoint>
            <Time>2026-04-11T14:26:19.000Z</Time>
            <Position>
              <LatitudeDegrees>37.3684980</LatitudeDegrees>
              <LongitudeDegrees>-121.8481317</LongitudeDegrees>
            </Position>
            <AltitudeMeters>26.4</AltitudeMeters>
            <DistanceMeters>8239.13</DistanceMeters>
            <HeartRateBpm><Value>146</Value></HeartRateBpm>
            <Cadence>170</Cadence>
          </Trackpoint>
          <Trackpoint>
            <Time>2026-04-11T14:26:24.000Z</Time>
            <Position>
              <LatitudeDegrees>37.3684212</LatitudeDegrees>
              <LongitudeDegrees>-121.8482285</LongitudeDegrees>
            </Position>
            <AltitudeMeters>26.4</AltitudeMeters>
            <DistanceMeters>8251.21</DistanceMeters>
            <HeartRateBpm><Value>146</Value></HeartRateBpm>
            <Cadence>170</Cadence>
          </Trackpoint>
          <Trackpoint>
            <Time>2026-04-11T14:26:29.000Z</Time>
            <Position>
              <LatitudeDegrees>37.3683443</LatitudeDegrees>
              <LongitudeDegrees>-121.8483254</LongitudeDegrees>
            </Position>
            <AltitudeMeters>26.5</AltitudeMeters>
            <DistanceMeters>8263.29</DistanceMeters>
            <HeartRateBpm><Value>146</Value></HeartRateBpm>
            <Cadence>170</Cadence>
          </Trackpoint>
          <Trackpoint>
            <Time>2026-04-11T14:26:34.000Z</Time>
            <Position>
              <LatitudeDegrees>37.3682674</LatitudeDegrees>
              <LongitudeDegrees>-121.8484222</LongitudeDegrees>
            </Position>
            <AltitudeMeters>26.5</AltitudeMeters>
            <DistanceMeters>8275.36</DistanceMeters>
            <HeartRateBpm><Value>146</Value></HeartRateBpm>
            <Cadence>170</Cadence>
          </Trackpoint>
          <Trackpoint>
            <Time>2026-04-11T14:26:39.000Z</Time>
            <Position>
              <LatitudeDegrees>37.3681906</LatitudeDegrees>
              <LongitudeDegrees>-121.8485190</LongitudeDegrees>
            </Position>
            <AltitudeMeters>26.6</AltitudeMeters>
            <DistanceMeters>8287.44</DistanceMeters>
            <HeartRateBpm><Value>146</Value></HeartRateBpm>
            <Cadence>170</Cadence>
          </Trackpoint>
          <Trackpoint>
            <Time>2026-04-11T14:26:44.000Z</Time>
            <Position>
              <LatitudeDegrees>37.3681137</LatitudeDegrees>
              <LongitudeDegrees>-121.8486158</LongitudeDegrees>
            </Position>
            <AltitudeMeters>26.6</AltitudeMeters>
            <DistanceMeters>8299.52</DistanceMeters>
            <HeartRateBpm><Value>146</Value></HeartRateBpm>
            <Cadence>170</Cadence>
          </Trackpoint>
          <Trackpoint>
            <Time>2026-04-11T14:26:49.000Z</Time>
            <Position>
              <LatitudeDegrees>37.3680369</LatitudeDegrees>
              <LongitudeDegrees>-121.8487127</LongitudeDegrees>
            </Position>
            <AltitudeMeters>26.7</AltitudeMeters>
            <DistanceMeters>8311.59</DistanceMeters>
            <HeartRateBpm><Value>146</Value></HeartRateBpm>
            <Cadence>170</Cadence>
          </Trackpoint>
          <Trackpoint>
            <Time>2026-04-11T14:26:54.000Z</Time>
            <Position>
              <LatitudeDegrees>37.3679600</LatitudeDegrees>
              <LongitudeDegrees>-121.8488095</LongitudeDegrees>
            </Position>
            <AltitudeMeters>26.7</AltitudeMeters>
            <DistanceMeters>8323.67</DistanceMeters>
            <HeartRateBpm><Value>146</Value></HeartRateBpm>
            <Cadence>170</Cadence>
          </Trackpoint>
          <Trackpoint>
            <Time>2026-04-11T14:26:59.000Z</Time>
            <Position>
              <LatitudeDegrees>37.3678831</LatitudeDegrees>
              <LongitudeDegrees>-121.8489063</LongitudeDegrees>
            </Position>
            <AltitudeMeters>26.7</AltitudeMeters>
            <DistanceMeters>8335.75</DistanceMeters>
            <HeartRateBpm><Value>146</Value></HeartRateBpm>
            <Cadence>170</Cadence>
          </Trackpoint>
          <Trackpoint>
            <Time>2026-04-11T14:27:04.000Z</Time>
            <Position>
              <LatitudeDegrees>37.3678063</LatitudeDegrees>
              <LongitudeDegrees>-121.8490031</LongitudeDegrees>
            </Position>
            <AltitudeMeters>26.8</AltitudeMeters>
            <DistanceMeters>8347.83</DistanceMeters>
            <HeartRateBpm><Value>146</Value></HeartRateBpm>
            <Cadence>170</Cadence>
          </Trackpoint>
          <Trackpoint>
            <Time>2026-04-11T14:27:09.000Z</Time>
            <Position>
              <LatitudeDegrees>37.3677294</LatitudeDegrees>
              <LongitudeDegrees>-121.8491000</LongitudeDegrees>
            </Position>
            <AltitudeMeters>26.8</AltitudeMeters>
            <DistanceMeters>8359.90</DistanceMeters>
            <HeartRateBpm><Value>146</Value></HeartRateBpm>
            <Cadence>170</Cadence>
          </Trackpoint>
          <Trackpoint>
            <Time>2026-04-11T14:27:14.000Z</Time>
            <Position>
              <LatitudeDegrees>37.3676526</LatitudeDegrees>
              <LongitudeDegrees>-121.8491968</LongitudeDegrees>
            </Position>
            <AltitudeMeters>26.8</AltitudeMeters>
            <DistanceMeters>8371.98</DistanceMeters>
            <HeartRateBpm><Value>146</Value></HeartRateBpm>
            <Cadence>170</Cadence>
          </Trackpoint>
          <Trackpoint>
            <Time>2026-04-11T14:27:19.000Z</Time>
            <Position>
              <LatitudeDegrees>37.3675757</LatitudeDegrees>
              <LongitudeDegrees>-121.8492936</LongitudeDegrees>
            </Position>
            <AltitudeMeters>26.9</AltitudeMeters>
            <DistanceMeters>8384.06</DistanceMeters>
            <HeartRateBpm><Value>146</Value></HeartRateBpm>
            <Cadence>170</Cadence>
          </Trackpoint>
          <Trackpoint>
            <Time>2026-04-11T14:27:24.000Z</Time>
            <Position>
              <LatitudeDegrees>37.3674988</LatitudeDegrees>
              <LongitudeDegrees>-121.8493904</LongitudeDegrees>
            </Position>
            <AltitudeMeters>26.9</AltitudeMeters>
            <DistanceMeters>8396.14</DistanceMeters>
            <HeartRateBpm><Value>146</Value></HeartRateBpm>
            <Cadence>170</Cadence>
          </Trackpoint>
          <Trackpoint>
            <Time>2026-04-11T14:27:29.000Z</Time>
            <Position>
              <LatitudeDegrees>37.3674220</LatitudeDegrees>
              <LongitudeDegrees>-121.8494873</LongitudeDegrees>
            </Position>
            <AltitudeMeters>26.9</AltitudeMeters>
            <DistanceMeters>8408.21</DistanceMeters>
            <HeartRateBpm><Value>146</Value></HeartRateBpm>
            <Cadence>170</Cadence>
          </Trackpoint>
          <Trackpoint>
            <Time>2026-04-11T14:27:34.000Z</Time>
            <Position>
              <LatitudeDegrees>37.3673451</LatitudeDegrees>
              <LongitudeDegrees>-121.8495841</LongitudeDegrees>
            </Position>
            <AltitudeMeters>26.9</AltitudeMeters>
            <DistanceMeters>8420.29</DistanceMeters>
            <HeartRateBpm><Value>146</Value></HeartRateBpm>
            <Cadence>170</Cadence>
          </Trackpoint>
          <Trackpoint>
            <Time>2026-04-11T14:27:39.000Z</Time>
            <Position>
              <LatitudeDegrees>37.3672683</LatitudeDegrees>
              <LongitudeDegrees>-121.8496809</LongitudeDegrees>
            </Position>
            <AltitudeMeters>27</AltitudeMeters>
            <DistanceMeters>8432.37</DistanceMeters>
            <HeartRateBpm><Value>146</Value></HeartRateBpm>
            <Cadence>170</Cadence>
          </Trackpoint>
          <Trackpoint>
            <Time>2026-04-11T14:27:44.000Z</Time>
            <Position>
              <LatitudeDegrees>37.3671914</LatitudeDegrees>
              <LongitudeDegrees>-121.8497777</LongitudeDegrees>
            </Position>
            <AltitudeMeters>27</AltitudeMeters>
            <DistanceMeters>8444.44</DistanceMeters>
            <HeartRateBpm><Value>146</Value></HeartRateBpm>
            <Cadence>170</Cadence>
          </Trackpoint>
          <Trackpoint>
            <Time>2026-04-11T14:27:49.000Z</Time>
            <Position>
              <LatitudeDegrees>37.3671145</LatitudeDegrees>
              <LongitudeDegrees>-121.8498746</LongitudeDegrees>
            </Position>
            <AltitudeMeters>27</AltitudeMeters>
            <DistanceMeters>8456.52</DistanceMeters>
            <HeartRateBpm><Value>146</Value></HeartRateBpm>
            <Cadence>170</Cadence>
          </Trackpoint>
          <Trackpoint>
            <Time>2026-04-11T14:27:54.000Z</Time>
            <Position>
              <LatitudeDegrees>37.3670377</LatitudeDegrees>
              <LongitudeDegrees>-121.8499714</LongitudeDegrees>
            </Position>
            <AltitudeMeters>27</AltitudeMeters>
            <DistanceMeters>8468.60</DistanceMeters>
            <HeartRateBpm><Value>146</Value></HeartRateBpm>
            <Cadence>170</Cadence>
          </Trackpoint>
          <Trackpoint>
            <Time>2026-04-11T14:27:59.000Z</Time>
            <Position>
              <LatitudeDegrees>37.3669608</LatitudeDegrees>
              <LongitudeDegrees>-121.8500682</LongitudeDegrees>
            </Position>
            <AltitudeMeters>27</AltitudeMeters>
            <DistanceMeters>8480.68</DistanceMeters>
            <HeartRateBpm><Value>146</Value></HeartRateBpm>
            <Cadence>170</Cadence>
          </Trackpoint>
          <Trackpoint>
            <Time>2026-04-11T14:28:04.000Z</Time>
            <Position>
              <LatitudeDegrees>37.3668840</LatitudeDegrees>
              <LongitudeDegrees>-121.8501650</LongitudeDegrees>
            </Position>
            <AltitudeMeters>27</AltitudeMeters>
            <DistanceMeters>8492.75</DistanceMeters>
            <HeartRateBpm><Value>146</Value></HeartRateBpm>
            <Cadence>170</Cadence>
          </Trackpoint>
          <Trackpoint>
            <Time>2026-04-11T14:28:09.000Z</Time>
            <Position>
              <LatitudeDegrees>37.3668071</LatitudeDegrees>
              <LongitudeDegrees>-121.8502619</LongitudeDegrees>
            </Position>
            <AltitudeMeters>27</AltitudeMeters>
            <DistanceMeters>8504.83</DistanceMeters>
            <HeartRateBpm><Value>146</Value></HeartRateBpm>
            <Cadence>170</Cadence>
          </Trackpoint>
          <Trackpoint>
            <Time>2026-04-11T14:28:14.000Z</Time>
            <Position>
              <LatitudeDegrees>37.3667302</LatitudeDegrees>
              <LongitudeDegrees>-121.8503587</LongitudeDegrees>
            </Position>
            <AltitudeMeters>27</AltitudeMeters>
            <DistanceMeters>8516.91</DistanceMeters>
            <HeartRateBpm><Value>146</Value></HeartRateBpm>
            <Cadence>170</Cadence>
          </Trackpoint>
          <Trackpoint>
            <Time>2026-04-11T14:28:19.000Z</Time>
            <Position>
              <LatitudeDegrees>37.3666534</LatitudeDegrees>
              <LongitudeDegrees>-121.8504555</LongitudeDegrees>
            </Position>
            <AltitudeMeters>27</AltitudeMeters>
            <DistanceMeters>8528.99</DistanceMeters>
            <HeartRateBpm><Value>146</Value></HeartRateBpm>
            <Cadence>170</Cadence>
          </Trackpoint>
          <Trackpoint>
            <Time>2026-04-11T14:28:24.000Z</Time>
            <Position>
              <LatitudeDegrees>37.3665765</LatitudeDegrees>
              <LongitudeDegrees>-121.8505523</LongitudeDegrees>
            </Position>
            <AltitudeMeters>27</AltitudeMeters>
            <DistanceMeters>8541.06</DistanceMeters>
            <HeartRateBpm><Value>146</Value></HeartRateBpm>
            <Cadence>170</Cadence>
          </Trackpoint>
          <Trackpoint>
            <Time>2026-04-11T14:28:29.000Z</Time>
            <Position>
              <LatitudeDegrees>37.3664997</LatitudeDegrees>
              <LongitudeDegrees>-121.8506492</LongitudeDegrees>
            </Position>
            <AltitudeMeters>27</AltitudeMeters>
            <DistanceMeters>8553.14</DistanceMeters>
            <HeartRateBpm><Value>146</Value></HeartRateBpm>
            <Cadence>170</Cadence>
          </Trackpoint>
          <Trackpoint>
            <Time>2026-04-11T14:28:34.000Z</Time>
            <Position>
              <LatitudeDegrees>37.3664228</LatitudeDegrees>
              <LongitudeDegrees>-121.8507460</LongitudeDegrees>
            </Position>
            <AltitudeMeters>27</AltitudeMeters>
            <DistanceMeters>8565.22</DistanceMeters>
            <HeartRateBpm><Value>146</Value></HeartRateBpm>
            <Cadence>170</Cadence>
          </Trackpoint>
          <Trackpoint>
            <Time>2026-04-11T14:28:39.000Z</Time>
            <Position>
              <LatitudeDegrees>37.3663460</LatitudeDegrees>
              <LongitudeDegrees>-121.8508428</LongitudeDegrees>
            </Position>
            <AltitudeMeters>26.9</AltitudeMeters>
            <DistanceMeters>8577.29</DistanceMeters>
            <HeartRateBpm><Value>146</Value></HeartRateBpm>
            <Cadence>170</Cadence>
          </Trackpoint>
          <Trackpoint>
            <Time>2026-04-11T14:28:44.000Z</Time>
            <Position>
              <LatitudeDegrees>37.3662691</LatitudeDegrees>
              <LongitudeDegrees>-121.8509396</LongitudeDegrees>
            </Position>
            <AltitudeMeters>26.9</AltitudeMeters>
            <DistanceMeters>8589.37</DistanceMeters>
            <HeartRateBpm><Value>146</Value></HeartRateBpm>
            <Cadence>170</Cadence>
          </Trackpoint>
          <Trackpoint>
            <Time>2026-04-11T14:28:49.000Z</Time>
            <Position>
              <LatitudeDegrees>37.3661922</LatitudeDegrees>
              <LongitudeDegrees>-121.8510365</LongitudeDegrees>
            </Position>
            <AltitudeMeters>26.9</AltitudeMeters>
            <DistanceMeters>8601.45</DistanceMeters>
            <HeartRateBpm><Value>146</Value></HeartRateBpm>
            <Cadence>170</Cadence>
          </Trackpoint>
          <Trackpoint>
            <Time>2026-04-11T14:28:54.000Z</Time>
            <Position>
              <LatitudeDegrees>37.3661154</LatitudeDegrees>
              <LongitudeDegrees>-121.8511333</LongitudeDegrees>
            </Position>
            <AltitudeMeters>26.9</AltitudeMeters>
            <DistanceMeters>8613.53</DistanceMeters>
            <HeartRateBpm><Value>146</Value></HeartRateBpm>
            <Cadence>170</Cadence>
          </Trackpoint>
          <Trackpoint>
            <Time>2026-04-11T14:28:59.000Z</Time>
            <Position>
              <LatitudeDegrees>37.3660385</LatitudeDegrees>
              <LongitudeDegrees>-121.8512301</LongitudeDegrees>
            </Position>
            <AltitudeMeters>26.8</AltitudeMeters>
            <DistanceMeters>8625.60</DistanceMeters>
            <HeartRateBpm><Value>146</Value></HeartRateBpm>
            <Cadence>170</Cadence>
          </Trackpoint>
          <Trackpoint>
            <Time>2026-04-11T14:29:04.000Z</Time>
            <Position>
              <LatitudeDegrees>37.3659617</LatitudeDegrees>
              <LongitudeDegrees>-121.8513269</LongitudeDegrees>
            </Position>
            <AltitudeMeters>26.8</AltitudeMeters>
            <DistanceMeters>8637.68</DistanceMeters>
            <HeartRateBpm><Value>146</Value></HeartRateBpm>
            <Cadence>170</Cadence>
          </Trackpoint>
          <Trackpoint>
            <Time>2026-04-11T14:29:09.000Z</Time>
            <Position>
              <LatitudeDegrees>37.3658848</LatitudeDegrees>
              <LongitudeDegrees>-121.8514237</LongitudeDegrees>
            </Position>
            <AltitudeMeters>26.8</AltitudeMeters>
            <DistanceMeters>8649.76</DistanceMeters>
            <HeartRateBpm><Value>146</Value></HeartRateBpm>
            <Cadence>170</Cadence>
          </Trackpoint>
          <Trackpoint>
            <Time>2026-04-11T14:29:14.000Z</Time>
            <Position>
              <LatitudeDegrees>37.3658079</LatitudeDegrees>
              <LongitudeDegrees>-121.8515206</LongitudeDegrees>
            </Position>
            <AltitudeMeters>26.7</AltitudeMeters>
            <DistanceMeters>8661.84</DistanceMeters>
            <HeartRateBpm><Value>146</Value></HeartRateBpm>
            <Cadence>170</Cadence>
          </Trackpoint>
          <Trackpoint>
            <Time>2026-04-11T14:29:19.000Z</Time>
            <Position>
              <LatitudeDegrees>37.3657311</LatitudeDegrees>
              <LongitudeDegrees>-121.8516174</LongitudeDegrees>
            </Position>
            <AltitudeMeters>26.7</AltitudeMeters>
            <DistanceMeters>8673.91</DistanceMeters>
            <HeartRateBpm><Value>146</Value></HeartRateBpm>
            <Cadence>170</Cadence>
          </Trackpoint>
          <Trackpoint>
            <Time>2026-04-11T14:29:24.000Z</Time>
            <Position>
              <LatitudeDegrees>37.3656542</LatitudeDegrees>
              <LongitudeDegrees>-121.8517142</LongitudeDegrees>
            </Position>
            <AltitudeMeters>26.7</AltitudeMeters>
            <DistanceMeters>8685.99</DistanceMeters>
            <HeartRateBpm><Value>146</Value></HeartRateBpm>
            <Cadence>170</Cadence>
          </Trackpoint>
          <Trackpoint>
            <Time>2026-04-11T14:29:29.000Z</Time>
            <Position>
              <LatitudeDegrees>37.3655774</LatitudeDegrees>
              <LongitudeDegrees>-121.8518110</LongitudeDegrees>
            </Position>
            <AltitudeMeters>26.6</AltitudeMeters>
            <DistanceMeters>8698.07</DistanceMeters>
            <HeartRateBpm><Value>146</Value></HeartRateBpm>
            <Cadence>170</Cadence>
          </Trackpoint>
          <Trackpoint>
            <Time>2026-04-11T14:29:34.000Z</Time>
            <Position>
              <LatitudeDegrees>37.3655005</LatitudeDegrees>
              <LongitudeDegrees>-121.8519079</LongitudeDegrees>
            </Position>
            <AltitudeMeters>26.6</AltitudeMeters>
            <DistanceMeters>8710.14</DistanceMeters>
            <HeartRateBpm><Value>146</Value></HeartRateBpm>
            <Cadence>170</Cadence>
          </Trackpoint>
          <Trackpoint>
            <Time>2026-04-11T14:29:39.000Z</Time>
            <Position>
              <LatitudeDegrees>37.3654236</LatitudeDegrees>
              <LongitudeDegrees>-121.8520047</LongitudeDegrees>
            </Position>
            <AltitudeMeters>26.5</AltitudeMeters>
            <DistanceMeters>8722.22</DistanceMeters>
            <HeartRateBpm><Value>146</Value></HeartRateBpm>
            <Cadence>170</Cadence>
          </Trackpoint>
          <Trackpoint>
            <Time>2026-04-11T14:29:44.000Z</Time>
            <Position>
              <LatitudeDegrees>37.3653468</LatitudeDegrees>
              <LongitudeDegrees>-121.8521015</LongitudeDegrees>
            </Position>
            <AltitudeMeters>26.5</AltitudeMeters>
            <DistanceMeters>8734.30</DistanceMeters>
            <HeartRateBpm><Value>146</Value></HeartRateBpm>
            <Cadence>170</Cadence>
          </Trackpoint>
          <Trackpoint>
            <Time>2026-04-11T14:29:49.000Z</Time>
            <Position>
              <LatitudeDegrees>37.3652699</LatitudeDegrees>
              <LongitudeDegrees>-121.8521983</LongitudeDegrees>
            </Position>
            <AltitudeMeters>26.4</AltitudeMeters>
            <DistanceMeters>8746.38</DistanceMeters>
            <HeartRateBpm><Value>146</Value></HeartRateBpm>
            <Cadence>170</Cadence>
          </Trackpoint>
          <Trackpoint>
            <Time>2026-04-11T14:29:54.000Z</Time>
            <Position>
              <LatitudeDegrees>37.3651931</LatitudeDegrees>
              <LongitudeDegrees>-121.8522952</LongitudeDegrees>
            </Position>
            <AltitudeMeters>26.4</AltitudeMeters>
            <DistanceMeters>8758.45</DistanceMeters>
            <HeartRateBpm><Value>146</Value></HeartRateBpm>
            <Cadence>170</Cadence>
          </Trackpoint>
          <Trackpoint>
            <Time>2026-04-11T14:29:59.000Z</Time>
            <Position>
              <LatitudeDegrees>37.3651162</LatitudeDegrees>
              <LongitudeDegrees>-121.8523920</LongitudeDegrees>
            </Position>
            <AltitudeMeters>26.3</AltitudeMeters>
            <DistanceMeters>8770.53</DistanceMeters>
            <HeartRateBpm><Value>146</Value></HeartRateBpm>
            <Cadence>170</Cadence>
          </Trackpoint>
          <Trackpoint>
            <Time>2026-04-11T14:30:04.000Z</Time>
            <Position>
              <LatitudeDegrees>37.3650393</LatitudeDegrees>
              <LongitudeDegrees>-121.8524888</LongitudeDegrees>
            </Position>
            <AltitudeMeters>26.3</AltitudeMeters>
            <DistanceMeters>8782.61</DistanceMeters>
            <HeartRateBpm><Value>146</Value></HeartRateBpm>
            <Cadence>170</Cadence>
          </Trackpoint>
          <Trackpoint>
            <Time>2026-04-11T14:30:09.000Z</Time>
            <Position>
              <LatitudeDegrees>37.3649625</LatitudeDegrees>
              <LongitudeDegrees>-121.8525856</LongitudeDegrees>
            </Position>
            <AltitudeMeters>26.2</AltitudeMeters>
            <DistanceMeters>8794.69</DistanceMeters>
            <HeartRateBpm><Value>146</Value></HeartRateBpm>
            <Cadence>170</Cadence>
          </Trackpoint>
          <Trackpoint>
            <Time>2026-04-11T14:30:14.000Z</Time>
            <Position>
              <LatitudeDegrees>37.3648856</LatitudeDegrees>
              <LongitudeDegrees>-121.8526825</LongitudeDegrees>
            </Position>
            <AltitudeMeters>26.1</AltitudeMeters>
            <DistanceMeters>8806.76</DistanceMeters>
            <HeartRateBpm><Value>146</Value></HeartRateBpm>
            <Cadence>170</Cadence>
          </Trackpoint>
          <Trackpoint>
            <Time>2026-04-11T14:30:19.000Z</Time>
            <Position>
              <LatitudeDegrees>37.3648088</LatitudeDegrees>
              <LongitudeDegrees>-121.8527793</LongitudeDegrees>
            </Position>
            <AltitudeMeters>26.1</AltitudeMeters>
            <DistanceMeters>8818.84</DistanceMeters>
            <HeartRateBpm><Value>146</Value></HeartRateBpm>
            <Cadence>170</Cadence>
          </Trackpoint>
          <Trackpoint>
            <Time>2026-04-11T14:30:24.000Z</Time>
            <Position>
              <LatitudeDegrees>37.3647319</LatitudeDegrees>
              <LongitudeDegrees>-121.8528761</LongitudeDegrees>
            </Position>
            <AltitudeMeters>26</AltitudeMeters>
            <DistanceMeters>8830.92</DistanceMeters>
            <HeartRateBpm><Value>146</Value></HeartRateBpm>
            <Cadence>170</Cadence>
          </Trackpoint>
          <Trackpoint>
            <Time>2026-04-11T14:30:29.000Z</Time>
            <Position>
              <LatitudeDegrees>37.3646550</LatitudeDegrees>
              <LongitudeDegrees>-121.8529729</LongitudeDegrees>
            </Position>
            <AltitudeMeters>25.9</AltitudeMeters>
            <DistanceMeters>8843.00</DistanceMeters>
            <HeartRateBpm><Value>146</Value></HeartRateBpm>
            <Cadence>170</Cadence>
          </Trackpoint>
          <Trackpoint>
            <Time>2026-04-11T14:30:34.000Z</Time>
            <Position>
              <LatitudeDegrees>37.3645782</LatitudeDegrees>
              <LongitudeDegrees>-121.8530698</LongitudeDegrees>
            </Position>
            <AltitudeMeters>25.9</AltitudeMeters>
            <DistanceMeters>8855.07</DistanceMeters>
            <HeartRateBpm><Value>146</Value></HeartRateBpm>
            <Cadence>170</Cadence>
          </Trackpoint>
          <Trackpoint>
            <Time>2026-04-11T14:30:39.000Z</Time>
            <Position>
              <LatitudeDegrees>37.3645013</LatitudeDegrees>
              <LongitudeDegrees>-121.8531666</LongitudeDegrees>
            </Position>
            <AltitudeMeters>25.8</AltitudeMeters>
            <DistanceMeters>8867.15</DistanceMeters>
            <HeartRateBpm><Value>146</Value></HeartRateBpm>
            <Cadence>170</Cadence>
          </Trackpoint>
          <Trackpoint>
            <Time>2026-04-11T14:30:44.000Z</Time>
            <Position>
              <LatitudeDegrees>37.3644245</LatitudeDegrees>
              <LongitudeDegrees>-121.8532634</LongitudeDegrees>
            </Position>
            <AltitudeMeters>25.7</AltitudeMeters>
            <DistanceMeters>8879.23</DistanceMeters>
            <HeartRateBpm><Value>146</Value></HeartRateBpm>
            <Cadence>170</Cadence>
          </Trackpoint>
          <Trackpoint>
            <Time>2026-04-11T14:30:49.000Z</Time>
            <Position>
              <LatitudeDegrees>37.3643476</LatitudeDegrees>
              <LongitudeDegrees>-121.8533602</LongitudeDegrees>
            </Position>
            <AltitudeMeters>25.7</AltitudeMeters>
            <DistanceMeters>8891.30</DistanceMeters>
            <HeartRateBpm><Value>146</Value></HeartRateBpm>
            <Cadence>170</Cadence>
          </Trackpoint>
          <Trackpoint>
            <Time>2026-04-11T14:30:54.000Z</Time>
            <Position>
              <LatitudeDegrees>37.3642707</LatitudeDegrees>
              <LongitudeDegrees>-121.8534571</LongitudeDegrees>
            </Position>
            <AltitudeMeters>25.6</AltitudeMeters>
            <DistanceMeters>8903.38</DistanceMeters>
            <HeartRateBpm><Value>146</Value></HeartRateBpm>
            <Cadence>170</Cadence>
          </Trackpoint>
          <Trackpoint>
            <Time>2026-04-11T14:30:59.000Z</Time>
            <Position>
              <LatitudeDegrees>37.3641939</LatitudeDegrees>
              <LongitudeDegrees>-121.8535539</LongitudeDegrees>
            </Position>
            <AltitudeMeters>25.5</AltitudeMeters>
            <DistanceMeters>8915.46</DistanceMeters>
            <HeartRateBpm><Value>146</Value></HeartRateBpm>
            <Cadence>170</Cadence>
          </Trackpoint>
          <Trackpoint>
            <Time>2026-04-11T14:31:04.000Z</Time>
            <Position>
              <LatitudeDegrees>37.3641170</LatitudeDegrees>
              <LongitudeDegrees>-121.8536507</LongitudeDegrees>
            </Position>
            <AltitudeMeters>25.5</AltitudeMeters>
            <DistanceMeters>8927.54</DistanceMeters>
            <HeartRateBpm><Value>146</Value></HeartRateBpm>
            <Cadence>170</Cadence>
          </Trackpoint>
          <Trackpoint>
            <Time>2026-04-11T14:31:09.000Z</Time>
            <Position>
              <LatitudeDegrees>37.3640402</LatitudeDegrees>
              <LongitudeDegrees>-121.8537475</LongitudeDegrees>
            </Position>
            <AltitudeMeters>25.4</AltitudeMeters>
            <DistanceMeters>8939.61</DistanceMeters>
            <HeartRateBpm><Value>146</Value></HeartRateBpm>
            <Cadence>170</Cadence>
          </Trackpoint>
          <Trackpoint>
            <Time>2026-04-11T14:31:14.000Z</Time>
            <Position>
              <LatitudeDegrees>37.3639633</LatitudeDegrees>
              <LongitudeDegrees>-121.8538444</LongitudeDegrees>
            </Position>
            <AltitudeMeters>25.3</AltitudeMeters>
            <DistanceMeters>8951.69</DistanceMeters>
            <HeartRateBpm><Value>146</Value></HeartRateBpm>
            <Cadence>170</Cadence>
          </Trackpoint>
          <Trackpoint>
            <Time>2026-04-11T14:31:19.000Z</Time>
            <Position>
              <LatitudeDegrees>37.3638864</LatitudeDegrees>
              <LongitudeDegrees>-121.8539412</LongitudeDegrees>
            </Position>
            <AltitudeMeters>25.2</AltitudeMeters>
            <DistanceMeters>8963.77</DistanceMeters>
            <HeartRateBpm><Value>146</Value></HeartRateBpm>
            <Cadence>170</Cadence>
          </Trackpoint>
          <Trackpoint>
            <Time>2026-04-11T14:31:24.000Z</Time>
            <Position>
              <LatitudeDegrees>37.3638096</LatitudeDegrees>
              <LongitudeDegrees>-121.8540380</LongitudeDegrees>
            </Position>
            <AltitudeMeters>25.2</AltitudeMeters>
            <DistanceMeters>8975.85</DistanceMeters>
            <HeartRateBpm><Value>146</Value></HeartRateBpm>
            <Cadence>170</Cadence>
          </Trackpoint>
          <Trackpoint>
            <Time>2026-04-11T14:31:29.000Z</Time>
            <Position>
              <LatitudeDegrees>37.3637327</LatitudeDegrees>
              <LongitudeDegrees>-121.8541348</LongitudeDegrees>
            </Position>
            <AltitudeMeters>25.1</AltitudeMeters>
            <DistanceMeters>8987.92</DistanceMeters>
            <HeartRateBpm><Value>146</Value></HeartRateBpm>
            <Cadence>170</Cadence>
          </Trackpoint>
          <Trackpoint>
            <Time>2026-04-11T14:31:34.000Z</Time>
            <Position>
              <LatitudeDegrees>37.3636559</LatitudeDegrees>
              <LongitudeDegrees>-121.8542317</LongitudeDegrees>
            </Position>
            <AltitudeMeters>25</AltitudeMeters>
            <DistanceMeters>9000.00</DistanceMeters>
            <HeartRateBpm><Value>146</Value></HeartRateBpm>
            <Cadence>170</Cadence>
          </Trackpoint>
          <Trackpoint>
            <Time>2026-04-11T14:31:39.000Z</Time>
            <Position>
              <LatitudeDegrees>37.3635790</LatitudeDegrees>
              <LongitudeDegrees>-121.8543285</LongitudeDegrees>
            </Position>
            <AltitudeMeters>24.9</AltitudeMeters>
            <DistanceMeters>9012.08</DistanceMeters>
            <HeartRateBpm><Value>146</Value></HeartRateBpm>
            <Cadence>170</Cadence>
          </Trackpoint>
          <Trackpoint>
            <Time>2026-04-11T14:31:44.000Z</Time>
            <Position>
              <LatitudeDegrees>37.3635022</LatitudeDegrees>
              <LongitudeDegrees>-121.8544253</LongitudeDegrees>
            </Position>
            <AltitudeMeters>24.8</AltitudeMeters>
            <DistanceMeters>9024.15</DistanceMeters>
            <HeartRateBpm><Value>146</Value></HeartRateBpm>
            <Cadence>170</Cadence>
          </Trackpoint>
          <Trackpoint>
            <Time>2026-04-11T14:31:49.000Z</Time>
            <Position>
              <LatitudeDegrees>37.3634253</LatitudeDegrees>
              <LongitudeDegrees>-121.8545221</LongitudeDegrees>
            </Position>
            <AltitudeMeters>24.8</AltitudeMeters>
            <DistanceMeters>9036.23</DistanceMeters>
            <HeartRateBpm><Value>146</Value></HeartRateBpm>
            <Cadence>170</Cadence>
          </Trackpoint>
          <Trackpoint>
            <Time>2026-04-11T14:31:54.000Z</Time>
            <Position>
              <LatitudeDegrees>37.3633484</LatitudeDegrees>
              <LongitudeDegrees>-121.8546190</LongitudeDegrees>
            </Position>
            <AltitudeMeters>24.7</AltitudeMeters>
            <DistanceMeters>9048.31</DistanceMeters>
            <HeartRateBpm><Value>146</Value></HeartRateBpm>
            <Cadence>170</Cadence>
          </Trackpoint>
          <Trackpoint>
            <Time>2026-04-11T14:31:59.000Z</Time>
            <Position>
              <LatitudeDegrees>37.3632716</LatitudeDegrees>
              <LongitudeDegrees>-121.8547158</LongitudeDegrees>
            </Position>
            <AltitudeMeters>24.6</AltitudeMeters>
            <DistanceMeters>9060.39</DistanceMeters>
            <HeartRateBpm><Value>146</Value></HeartRateBpm>
            <Cadence>170</Cadence>
          </Trackpoint>
          <Trackpoint>
            <Time>2026-04-11T14:32:04.000Z</Time>
            <Position>
              <LatitudeDegrees>37.3631947</LatitudeDegrees>
              <LongitudeDegrees>-121.8548126</LongitudeDegrees>
            </Position>
            <AltitudeMeters>24.5</AltitudeMeters>
            <DistanceMeters>9072.46</DistanceMeters>
            <HeartRateBpm><Value>146</Value></HeartRateBpm>
            <Cadence>170</Cadence>
          </Trackpoint>
          <Trackpoint>
            <Time>2026-04-11T14:32:09.000Z</Time>
            <Position>
              <LatitudeDegrees>37.3631179</LatitudeDegrees>
              <LongitudeDegrees>-121.8549094</LongitudeDegrees>
            </Position>
            <AltitudeMeters>24.5</AltitudeMeters>
            <DistanceMeters>9084.54</DistanceMeters>
            <HeartRateBpm><Value>146</Value></HeartRateBpm>
            <Cadence>170</Cadence>
          </Trackpoint>
          <Trackpoint>
            <Time>2026-04-11T14:32:14.000Z</Time>
            <Position>
              <LatitudeDegrees>37.3630410</LatitudeDegrees>
              <LongitudeDegrees>-121.8550063</LongitudeDegrees>
            </Position>
            <AltitudeMeters>24.4</AltitudeMeters>
            <DistanceMeters>9096.62</DistanceMeters>
            <HeartRateBpm><Value>146</Value></HeartRateBpm>
            <Cadence>170</Cadence>
          </Trackpoint>
          <Trackpoint>
            <Time>2026-04-11T14:32:19.000Z</Time>
            <Position>
              <LatitudeDegrees>37.3629641</LatitudeDegrees>
              <LongitudeDegrees>-121.8551031</LongitudeDegrees>
            </Position>
            <AltitudeMeters>24.3</AltitudeMeters>
            <DistanceMeters>9108.70</DistanceMeters>
            <HeartRateBpm><Value>146</Value></HeartRateBpm>
            <Cadence>170</Cadence>
          </Trackpoint>
          <Trackpoint>
            <Time>2026-04-11T14:32:24.000Z</Time>
            <Position>
              <LatitudeDegrees>37.3628873</LatitudeDegrees>
              <LongitudeDegrees>-121.8551999</LongitudeDegrees>
            </Position>
            <AltitudeMeters>24.3</AltitudeMeters>
            <DistanceMeters>9120.77</DistanceMeters>
            <HeartRateBpm><Value>146</Value></HeartRateBpm>
            <Cadence>170</Cadence>
          </Trackpoint>
          <Trackpoint>
            <Time>2026-04-11T14:32:29.000Z</Time>
            <Position>
              <LatitudeDegrees>37.3628104</LatitudeDegrees>
              <LongitudeDegrees>-121.8552967</LongitudeDegrees>
            </Position>
            <AltitudeMeters>24.2</AltitudeMeters>
            <DistanceMeters>9132.85</DistanceMeters>
            <HeartRateBpm><Value>146</Value></HeartRateBpm>
            <Cadence>170</Cadence>
          </Trackpoint>
          <Trackpoint>
            <Time>2026-04-11T14:32:34.000Z</Time>
            <Position>
              <LatitudeDegrees>37.3627336</LatitudeDegrees>
              <LongitudeDegrees>-121.8553936</LongitudeDegrees>
            </Position>
            <AltitudeMeters>24.1</AltitudeMeters>
            <DistanceMeters>9144.93</DistanceMeters>
            <HeartRateBpm><Value>146</Value></HeartRateBpm>
            <Cadence>170</Cadence>
          </Trackpoint>
          <Trackpoint>
            <Time>2026-04-11T14:32:39.000Z</Time>
            <Position>
              <LatitudeDegrees>37.3626567</LatitudeDegrees>
              <LongitudeDegrees>-121.8554904</LongitudeDegrees>
            </Position>
            <AltitudeMeters>24.1</AltitudeMeters>
            <DistanceMeters>9157.00</DistanceMeters>
            <HeartRateBpm><Value>146</Value></HeartRateBpm>
            <Cadence>170</Cadence>
          </Trackpoint>
          <Trackpoint>
            <Time>2026-04-11T14:32:44.000Z</Time>
            <Position>
              <LatitudeDegrees>37.3625798</LatitudeDegrees>
              <LongitudeDegrees>-121.8555872</LongitudeDegrees>
            </Position>
            <AltitudeMeters>24</AltitudeMeters>
            <DistanceMeters>9169.08</DistanceMeters>
            <HeartRateBpm><Value>146</Value></HeartRateBpm>
            <Cadence>170</Cadence>
          </Trackpoint>
          <Trackpoint>
            <Time>2026-04-11T14:32:49.000Z</Time>
            <Position>
              <LatitudeDegrees>37.3625030</LatitudeDegrees>
              <LongitudeDegrees>-121.8556840</LongitudeDegrees>
            </Position>
            <AltitudeMeters>23.9</AltitudeMeters>
            <DistanceMeters>9181.16</DistanceMeters>
            <HeartRateBpm><Value>146</Value></HeartRateBpm>
            <Cadence>170</Cadence>
          </Trackpoint>
          <Trackpoint>
            <Time>2026-04-11T14:32:54.000Z</Time>
            <Position>
              <LatitudeDegrees>37.3624261</LatitudeDegrees>
              <LongitudeDegrees>-121.8557809</LongitudeDegrees>
            </Position>
            <AltitudeMeters>23.9</AltitudeMeters>
            <DistanceMeters>9193.24</DistanceMeters>
            <HeartRateBpm><Value>146</Value></HeartRateBpm>
            <Cadence>170</Cadence>
          </Trackpoint>
          <Trackpoint>
            <Time>2026-04-11T14:32:59.000Z</Time>
            <Position>
              <LatitudeDegrees>37.3623493</LatitudeDegrees>
              <LongitudeDegrees>-121.8558777</LongitudeDegrees>
            </Position>
            <AltitudeMeters>23.8</AltitudeMeters>
            <DistanceMeters>9205.31</DistanceMeters>
            <HeartRateBpm><Value>146</Value></HeartRateBpm>
            <Cadence>170</Cadence>
          </Trackpoint>
          <Trackpoint>
            <Time>2026-04-11T14:33:04.000Z</Time>
            <Position>
              <LatitudeDegrees>37.3622724</LatitudeDegrees>
              <LongitudeDegrees>-121.8559745</LongitudeDegrees>
            </Position>
            <AltitudeMeters>23.7</AltitudeMeters>
            <DistanceMeters>9217.39</DistanceMeters>
            <HeartRateBpm><Value>146</Value></HeartRateBpm>
            <Cadence>170</Cadence>
          </Trackpoint>
          <Trackpoint>
            <Time>2026-04-11T14:33:09.000Z</Time>
            <Position>
              <LatitudeDegrees>37.3621955</LatitudeDegrees>
              <LongitudeDegrees>-121.8560713</LongitudeDegrees>
            </Position>
            <AltitudeMeters>23.7</AltitudeMeters>
            <DistanceMeters>9229.47</DistanceMeters>
            <HeartRateBpm><Value>146</Value></HeartRateBpm>
            <Cadence>170</Cadence>
          </Trackpoint>
          <Trackpoint>
            <Time>2026-04-11T14:33:14.000Z</Time>
            <Position>
              <LatitudeDegrees>37.3621187</LatitudeDegrees>
              <LongitudeDegrees>-121.8561682</LongitudeDegrees>
            </Position>
            <AltitudeMeters>23.6</AltitudeMeters>
            <DistanceMeters>9241.55</DistanceMeters>
            <HeartRateBpm><Value>146</Value></HeartRateBpm>
            <Cadence>170</Cadence>
          </Trackpoint>
          <Trackpoint>
            <Time>2026-04-11T14:33:19.000Z</Time>
            <Position>
              <LatitudeDegrees>37.3620418</LatitudeDegrees>
              <LongitudeDegrees>-121.8562650</LongitudeDegrees>
            </Position>
            <AltitudeMeters>23.6</AltitudeMeters>
            <DistanceMeters>9253.62</DistanceMeters>
            <HeartRateBpm><Value>146</Value></HeartRateBpm>
            <Cadence>170</Cadence>
          </Trackpoint>
          <Trackpoint>
            <Time>2026-04-11T14:33:24.000Z</Time>
            <Position>
              <LatitudeDegrees>37.3619650</LatitudeDegrees>
              <LongitudeDegrees>-121.8563618</LongitudeDegrees>
            </Position>
            <AltitudeMeters>23.5</AltitudeMeters>
            <DistanceMeters>9265.70</DistanceMeters>
            <HeartRateBpm><Value>146</Value></HeartRateBpm>
            <Cadence>170</Cadence>
          </Trackpoint>
          <Trackpoint>
            <Time>2026-04-11T14:33:29.000Z</Time>
            <Position>
              <LatitudeDegrees>37.3618881</LatitudeDegrees>
              <LongitudeDegrees>-121.8564586</LongitudeDegrees>
            </Position>
            <AltitudeMeters>23.5</AltitudeMeters>
            <DistanceMeters>9277.78</DistanceMeters>
            <HeartRateBpm><Value>146</Value></HeartRateBpm>
            <Cadence>170</Cadence>
          </Trackpoint>
          <Trackpoint>
            <Time>2026-04-11T14:33:34.000Z</Time>
            <Position>
              <LatitudeDegrees>37.3618112</LatitudeDegrees>
              <LongitudeDegrees>-121.8565555</LongitudeDegrees>
            </Position>
            <AltitudeMeters>23.4</AltitudeMeters>
            <DistanceMeters>9289.86</DistanceMeters>
            <HeartRateBpm><Value>146</Value></HeartRateBpm>
            <Cadence>170</Cadence>
          </Trackpoint>
          <Trackpoint>
            <Time>2026-04-11T14:33:39.000Z</Time>
            <Position>
              <LatitudeDegrees>37.3617344</LatitudeDegrees>
              <LongitudeDegrees>-121.8566523</LongitudeDegrees>
            </Position>
            <AltitudeMeters>23.4</AltitudeMeters>
            <DistanceMeters>9301.93</DistanceMeters>
            <HeartRateBpm><Value>146</Value></HeartRateBpm>
            <Cadence>170</Cadence>
          </Trackpoint>
          <Trackpoint>
            <Time>2026-04-11T14:33:44.000Z</Time>
            <Position>
              <LatitudeDegrees>37.3616575</LatitudeDegrees>
              <LongitudeDegrees>-121.8567491</LongitudeDegrees>
            </Position>
            <AltitudeMeters>23.3</AltitudeMeters>
            <DistanceMeters>9314.01</DistanceMeters>
            <HeartRateBpm><Value>146</Value></HeartRateBpm>
            <Cadence>170</Cadence>
          </Trackpoint>
          <Trackpoint>
            <Time>2026-04-11T14:33:49.000Z</Time>
            <Position>
              <LatitudeDegrees>37.3615807</LatitudeDegrees>
              <LongitudeDegrees>-121.8568459</LongitudeDegrees>
            </Position>
            <AltitudeMeters>23.3</AltitudeMeters>
            <DistanceMeters>9326.09</DistanceMeters>
            <HeartRateBpm><Value>146</Value></HeartRateBpm>
            <Cadence>170</Cadence>
          </Trackpoint>
          <Trackpoint>
            <Time>2026-04-11T14:33:54.000Z</Time>
            <Position>
              <LatitudeDegrees>37.3615038</LatitudeDegrees>
              <LongitudeDegrees>-121.8569428</LongitudeDegrees>
            </Position>
            <AltitudeMeters>23.3</AltitudeMeters>
            <DistanceMeters>9338.16</DistanceMeters>
            <HeartRateBpm><Value>146</Value></HeartRateBpm>
            <Cadence>170</Cadence>
          </Trackpoint>
          <Trackpoint>
            <Time>2026-04-11T14:33:59.000Z</Time>
            <Position>
              <LatitudeDegrees>37.3614269</LatitudeDegrees>
              <LongitudeDegrees>-121.8570396</LongitudeDegrees>
            </Position>
            <AltitudeMeters>23.2</AltitudeMeters>
            <DistanceMeters>9350.24</DistanceMeters>
            <HeartRateBpm><Value>146</Value></HeartRateBpm>
            <Cadence>170</Cadence>
          </Trackpoint>
          <Trackpoint>
            <Time>2026-04-11T14:34:04.000Z</Time>
            <Position>
              <LatitudeDegrees>37.3613501</LatitudeDegrees>
              <LongitudeDegrees>-121.8571364</LongitudeDegrees>
            </Position>
            <AltitudeMeters>23.2</AltitudeMeters>
            <DistanceMeters>9362.32</DistanceMeters>
            <HeartRateBpm><Value>146</Value></HeartRateBpm>
            <Cadence>170</Cadence>
          </Trackpoint>
          <Trackpoint>
            <Time>2026-04-11T14:34:09.000Z</Time>
            <Position>
              <LatitudeDegrees>37.3612732</LatitudeDegrees>
              <LongitudeDegrees>-121.8572332</LongitudeDegrees>
            </Position>
            <AltitudeMeters>23.2</AltitudeMeters>
            <DistanceMeters>9374.40</DistanceMeters>
            <HeartRateBpm><Value>146</Value></HeartRateBpm>
            <Cadence>170</Cadence>
          </Trackpoint>
          <Trackpoint>
            <Time>2026-04-11T14:34:14.000Z</Time>
            <Position>
              <LatitudeDegrees>37.3611964</LatitudeDegrees>
              <LongitudeDegrees>-121.8573301</LongitudeDegrees>
            </Position>
            <AltitudeMeters>23.1</AltitudeMeters>
            <DistanceMeters>9386.47</DistanceMeters>
            <HeartRateBpm><Value>146</Value></HeartRateBpm>
            <Cadence>170</Cadence>
          </Trackpoint>
          <Trackpoint>
            <Time>2026-04-11T14:34:19.000Z</Time>
            <Position>
              <LatitudeDegrees>37.3611195</LatitudeDegrees>
              <LongitudeDegrees>-121.8574269</LongitudeDegrees>
            </Position>
            <AltitudeMeters>23.1</AltitudeMeters>
            <DistanceMeters>9398.55</DistanceMeters>
            <HeartRateBpm><Value>146</Value></HeartRateBpm>
            <Cadence>170</Cadence>
          </Trackpoint>
          <Trackpoint>
            <Time>2026-04-11T14:34:24.000Z</Time>
            <Position>
              <LatitudeDegrees>37.3610426</LatitudeDegrees>
              <LongitudeDegrees>-121.8575237</LongitudeDegrees>
            </Position>
            <AltitudeMeters>23.1</AltitudeMeters>
            <DistanceMeters>9410.63</DistanceMeters>
            <HeartRateBpm><Value>146</Value></HeartRateBpm>
            <Cadence>170</Cadence>
          </Trackpoint>
          <Trackpoint>
            <Time>2026-04-11T14:34:29.000Z</Time>
            <Position>
              <LatitudeDegrees>37.3609658</LatitudeDegrees>
              <LongitudeDegrees>-121.8576205</LongitudeDegrees>
            </Position>
            <AltitudeMeters>23.1</AltitudeMeters>
            <DistanceMeters>9422.71</DistanceMeters>
            <HeartRateBpm><Value>146</Value></HeartRateBpm>
            <Cadence>170</Cadence>
          </Trackpoint>
          <Trackpoint>
            <Time>2026-04-11T14:34:34.000Z</Time>
            <Position>
              <LatitudeDegrees>37.3608889</LatitudeDegrees>
              <LongitudeDegrees>-121.8577174</LongitudeDegrees>
            </Position>
            <AltitudeMeters>23</AltitudeMeters>
            <DistanceMeters>9434.78</DistanceMeters>
            <HeartRateBpm><Value>146</Value></HeartRateBpm>
            <Cadence>170</Cadence>
          </Trackpoint>
          <Trackpoint>
            <Time>2026-04-11T14:34:39.000Z</Time>
            <Position>
              <LatitudeDegrees>37.3608121</LatitudeDegrees>
              <LongitudeDegrees>-121.8578142</LongitudeDegrees>
            </Position>
            <AltitudeMeters>23</AltitudeMeters>
            <DistanceMeters>9446.86</DistanceMeters>
            <HeartRateBpm><Value>146</Value></HeartRateBpm>
            <Cadence>170</Cadence>
          </Trackpoint>
          <Trackpoint>
            <Time>2026-04-11T14:34:44.000Z</Time>
            <Position>
              <LatitudeDegrees>37.3607352</LatitudeDegrees>
              <LongitudeDegrees>-121.8579110</LongitudeDegrees>
            </Position>
            <AltitudeMeters>23</AltitudeMeters>
            <DistanceMeters>9458.94</DistanceMeters>
            <HeartRateBpm><Value>146</Value></HeartRateBpm>
            <Cadence>170</Cadence>
          </Trackpoint>
          <Trackpoint>
            <Time>2026-04-11T14:34:49.000Z</Time>
            <Position>
              <LatitudeDegrees>37.3606583</LatitudeDegrees>
              <LongitudeDegrees>-121.8580078</LongitudeDegrees>
            </Position>
            <AltitudeMeters>23</AltitudeMeters>
            <DistanceMeters>9471.01</DistanceMeters>
            <HeartRateBpm><Value>146</Value></HeartRateBpm>
            <Cadence>170</Cadence>
          </Trackpoint>
          <Trackpoint>
            <Time>2026-04-11T14:34:54.000Z</Time>
            <Position>
              <LatitudeDegrees>37.3605815</LatitudeDegrees>
              <LongitudeDegrees>-121.8581047</LongitudeDegrees>
            </Position>
            <AltitudeMeters>23</AltitudeMeters>
            <DistanceMeters>9483.09</DistanceMeters>
            <HeartRateBpm><Value>146</Value></HeartRateBpm>
            <Cadence>170</Cadence>
          </Trackpoint>
          <Trackpoint>
            <Time>2026-04-11T14:34:59.000Z</Time>
            <Position>
              <LatitudeDegrees>37.3605046</LatitudeDegrees>
              <LongitudeDegrees>-121.8582015</LongitudeDegrees>
            </Position>
            <AltitudeMeters>23</AltitudeMeters>
            <DistanceMeters>9495.17</DistanceMeters>
            <HeartRateBpm><Value>146</Value></HeartRateBpm>
            <Cadence>170</Cadence>
          </Trackpoint>
          <Trackpoint>
            <Time>2026-04-11T14:35:04.000Z</Time>
            <Position>
              <LatitudeDegrees>37.3604278</LatitudeDegrees>
              <LongitudeDegrees>-121.8582983</LongitudeDegrees>
            </Position>
            <AltitudeMeters>23</AltitudeMeters>
            <DistanceMeters>9507.25</DistanceMeters>
            <HeartRateBpm><Value>146</Value></HeartRateBpm>
            <Cadence>170</Cadence>
          </Trackpoint>
          <Trackpoint>
            <Time>2026-04-11T14:35:09.000Z</Time>
            <Position>
              <LatitudeDegrees>37.3603509</LatitudeDegrees>
              <LongitudeDegrees>-121.8583951</LongitudeDegrees>
            </Position>
            <AltitudeMeters>23</AltitudeMeters>
            <DistanceMeters>9519.32</DistanceMeters>
            <HeartRateBpm><Value>146</Value></HeartRateBpm>
            <Cadence>170</Cadence>
          </Trackpoint>
          <Trackpoint>
            <Time>2026-04-11T14:35:14.000Z</Time>
            <Position>
              <LatitudeDegrees>37.3602741</LatitudeDegrees>
              <LongitudeDegrees>-121.8584920</LongitudeDegrees>
            </Position>
            <AltitudeMeters>23</AltitudeMeters>
            <DistanceMeters>9531.40</DistanceMeters>
            <HeartRateBpm><Value>146</Value></HeartRateBpm>
            <Cadence>170</Cadence>
          </Trackpoint>
          <Trackpoint>
            <Time>2026-04-11T14:35:19.000Z</Time>
            <Position>
              <LatitudeDegrees>37.3601972</LatitudeDegrees>
              <LongitudeDegrees>-121.8585888</LongitudeDegrees>
            </Position>
            <AltitudeMeters>23</AltitudeMeters>
            <DistanceMeters>9543.48</DistanceMeters>
            <HeartRateBpm><Value>146</Value></HeartRateBpm>
            <Cadence>170</Cadence>
          </Trackpoint>
          <Trackpoint>
            <Time>2026-04-11T14:35:24.000Z</Time>
            <Position>
              <LatitudeDegrees>37.3601203</LatitudeDegrees>
              <LongitudeDegrees>-121.8586856</LongitudeDegrees>
            </Position>
            <AltitudeMeters>23</AltitudeMeters>
            <DistanceMeters>9555.56</DistanceMeters>
            <HeartRateBpm><Value>146</Value></HeartRateBpm>
            <Cadence>170</Cadence>
          </Trackpoint>
          <Trackpoint>
            <Time>2026-04-11T14:35:29.000Z</Time>
            <Position>
              <LatitudeDegrees>37.3600435</LatitudeDegrees>
              <LongitudeDegrees>-121.8587824</LongitudeDegrees>
            </Position>
            <AltitudeMeters>23</AltitudeMeters>
            <DistanceMeters>9567.63</DistanceMeters>
            <HeartRateBpm><Value>146</Value></HeartRateBpm>
            <Cadence>170</Cadence>
          </Trackpoint>
          <Trackpoint>
            <Time>2026-04-11T14:35:34.000Z</Time>
            <Position>
              <LatitudeDegrees>37.3599666</LatitudeDegrees>
              <LongitudeDegrees>-121.8588792</LongitudeDegrees>
            </Position>
            <AltitudeMeters>23.1</AltitudeMeters>
            <DistanceMeters>9579.71</DistanceMeters>
            <HeartRateBpm><Value>146</Value></HeartRateBpm>
            <Cadence>170</Cadence>
          </Trackpoint>
          <Trackpoint>
            <Time>2026-04-11T14:35:39.000Z</Time>
            <Position>
              <LatitudeDegrees>37.3598898</LatitudeDegrees>
              <LongitudeDegrees>-121.8589761</LongitudeDegrees>
            </Position>
            <AltitudeMeters>23.1</AltitudeMeters>
            <DistanceMeters>9591.79</DistanceMeters>
            <HeartRateBpm><Value>146</Value></HeartRateBpm>
            <Cadence>170</Cadence>
          </Trackpoint>
          <Trackpoint>
            <Time>2026-04-11T14:35:44.000Z</Time>
            <Position>
              <LatitudeDegrees>37.3598129</LatitudeDegrees>
              <LongitudeDegrees>-121.8590729</LongitudeDegrees>
            </Position>
            <AltitudeMeters>23.1</AltitudeMeters>
            <DistanceMeters>9603.86</DistanceMeters>
            <HeartRateBpm><Value>146</Value></HeartRateBpm>
            <Cadence>170</Cadence>
          </Trackpoint>
          <Trackpoint>
            <Time>2026-04-11T14:35:49.000Z</Time>
            <Position>
              <LatitudeDegrees>37.3597360</LatitudeDegrees>
              <LongitudeDegrees>-121.8591697</LongitudeDegrees>
            </Position>
            <AltitudeMeters>23.1</AltitudeMeters>
            <DistanceMeters>9615.94</DistanceMeters>
            <HeartRateBpm><Value>146</Value></HeartRateBpm>
            <Cadence>170</Cadence>
          </Trackpoint>
          <Trackpoint>
            <Time>2026-04-11T14:35:54.000Z</Time>
            <Position>
              <LatitudeDegrees>37.3596592</LatitudeDegrees>
              <LongitudeDegrees>-121.8592665</LongitudeDegrees>
            </Position>
            <AltitudeMeters>23.2</AltitudeMeters>
            <DistanceMeters>9628.02</DistanceMeters>
            <HeartRateBpm><Value>146</Value></HeartRateBpm>
            <Cadence>170</Cadence>
          </Trackpoint>
          <Trackpoint>
            <Time>2026-04-11T14:35:59.000Z</Time>
            <Position>
              <LatitudeDegrees>37.3595823</LatitudeDegrees>
              <LongitudeDegrees>-121.8593634</LongitudeDegrees>
            </Position>
            <AltitudeMeters>23.2</AltitudeMeters>
            <DistanceMeters>9640.10</DistanceMeters>
            <HeartRateBpm><Value>146</Value></HeartRateBpm>
            <Cadence>170</Cadence>
          </Trackpoint>
          <Trackpoint>
            <Time>2026-04-11T14:36:04.000Z</Time>
            <Position>
              <LatitudeDegrees>37.3595055</LatitudeDegrees>
              <LongitudeDegrees>-121.8594602</LongitudeDegrees>
            </Position>
            <AltitudeMeters>23.2</AltitudeMeters>
            <DistanceMeters>9652.17</DistanceMeters>
            <HeartRateBpm><Value>146</Value></HeartRateBpm>
            <Cadence>170</Cadence>
          </Trackpoint>
          <Trackpoint>
            <Time>2026-04-11T14:36:09.000Z</Time>
            <Position>
              <LatitudeDegrees>37.3594286</LatitudeDegrees>
              <LongitudeDegrees>-121.8595570</LongitudeDegrees>
            </Position>
            <AltitudeMeters>23.3</AltitudeMeters>
            <DistanceMeters>9664.25</DistanceMeters>
            <HeartRateBpm><Value>146</Value></HeartRateBpm>
            <Cadence>170</Cadence>
          </Trackpoint>
          <Trackpoint>
            <Time>2026-04-11T14:36:14.000Z</Time>
            <Position>
              <LatitudeDegrees>37.3593517</LatitudeDegrees>
              <LongitudeDegrees>-121.8596538</LongitudeDegrees>
            </Position>
            <AltitudeMeters>23.3</AltitudeMeters>
            <DistanceMeters>9676.33</DistanceMeters>
            <HeartRateBpm><Value>146</Value></HeartRateBpm>
            <Cadence>170</Cadence>
          </Trackpoint>
          <Trackpoint>
            <Time>2026-04-11T14:36:19.000Z</Time>
            <Position>
              <LatitudeDegrees>37.3592749</LatitudeDegrees>
              <LongitudeDegrees>-121.8597507</LongitudeDegrees>
            </Position>
            <AltitudeMeters>23.3</AltitudeMeters>
            <DistanceMeters>9688.41</DistanceMeters>
            <HeartRateBpm><Value>146</Value></HeartRateBpm>
            <Cadence>170</Cadence>
          </Trackpoint>
          <Trackpoint>
            <Time>2026-04-11T14:36:24.000Z</Time>
            <Position>
              <LatitudeDegrees>37.3591980</LatitudeDegrees>
              <LongitudeDegrees>-121.8598475</LongitudeDegrees>
            </Position>
            <AltitudeMeters>23.4</AltitudeMeters>
            <DistanceMeters>9700.48</DistanceMeters>
            <HeartRateBpm><Value>146</Value></HeartRateBpm>
            <Cadence>170</Cadence>
          </Trackpoint>
          <Trackpoint>
            <Time>2026-04-11T14:36:29.000Z</Time>
            <Position>
              <LatitudeDegrees>37.3591212</LatitudeDegrees>
              <LongitudeDegrees>-121.8599443</LongitudeDegrees>
            </Position>
            <AltitudeMeters>23.4</AltitudeMeters>
            <DistanceMeters>9712.56</DistanceMeters>
            <HeartRateBpm><Value>146</Value></HeartRateBpm>
            <Cadence>170</Cadence>
          </Trackpoint>
          <Trackpoint>
            <Time>2026-04-11T14:36:34.000Z</Time>
            <Position>
              <LatitudeDegrees>37.3590443</LatitudeDegrees>
              <LongitudeDegrees>-121.8600411</LongitudeDegrees>
            </Position>
            <AltitudeMeters>23.5</AltitudeMeters>
            <DistanceMeters>9724.64</DistanceMeters>
            <HeartRateBpm><Value>146</Value></HeartRateBpm>
            <Cadence>170</Cadence>
          </Trackpoint>
          <Trackpoint>
            <Time>2026-04-11T14:36:39.000Z</Time>
            <Position>
              <LatitudeDegrees>37.3589674</LatitudeDegrees>
              <LongitudeDegrees>-121.8601380</LongitudeDegrees>
            </Position>
            <AltitudeMeters>23.5</AltitudeMeters>
            <DistanceMeters>9736.71</DistanceMeters>
            <HeartRateBpm><Value>146</Value></HeartRateBpm>
            <Cadence>170</Cadence>
          </Trackpoint>
          <Trackpoint>
            <Time>2026-04-11T14:36:44.000Z</Time>
            <Position>
              <LatitudeDegrees>37.3588906</LatitudeDegrees>
              <LongitudeDegrees>-121.8602348</LongitudeDegrees>
            </Position>
            <AltitudeMeters>23.6</AltitudeMeters>
            <DistanceMeters>9748.79</DistanceMeters>
            <HeartRateBpm><Value>146</Value></HeartRateBpm>
            <Cadence>170</Cadence>
          </Trackpoint>
          <Trackpoint>
            <Time>2026-04-11T14:36:49.000Z</Time>
            <Position>
              <LatitudeDegrees>37.3588137</LatitudeDegrees>
              <LongitudeDegrees>-121.8603316</LongitudeDegrees>
            </Position>
            <AltitudeMeters>23.6</AltitudeMeters>
            <DistanceMeters>9760.87</DistanceMeters>
            <HeartRateBpm><Value>146</Value></HeartRateBpm>
            <Cadence>170</Cadence>
          </Trackpoint>
          <Trackpoint>
            <Time>2026-04-11T14:36:54.000Z</Time>
            <Position>
              <LatitudeDegrees>37.3587369</LatitudeDegrees>
              <LongitudeDegrees>-121.8604284</LongitudeDegrees>
            </Position>
            <AltitudeMeters>23.7</AltitudeMeters>
            <DistanceMeters>9772.95</DistanceMeters>
            <HeartRateBpm><Value>146</Value></HeartRateBpm>
            <Cadence>170</Cadence>
          </Trackpoint>
          <Trackpoint>
            <Time>2026-04-11T14:36:59.000Z</Time>
            <Position>
              <LatitudeDegrees>37.3586600</LatitudeDegrees>
              <LongitudeDegrees>-121.8605253</LongitudeDegrees>
            </Position>
            <AltitudeMeters>23.7</AltitudeMeters>
            <DistanceMeters>9785.02</DistanceMeters>
            <HeartRateBpm><Value>146</Value></HeartRateBpm>
            <Cadence>170</Cadence>
          </Trackpoint>
          <Trackpoint>
            <Time>2026-04-11T14:37:04.000Z</Time>
            <Position>
              <LatitudeDegrees>37.3585831</LatitudeDegrees>
              <LongitudeDegrees>-121.8606221</LongitudeDegrees>
            </Position>
            <AltitudeMeters>23.8</AltitudeMeters>
            <DistanceMeters>9797.10</DistanceMeters>
            <HeartRateBpm><Value>146</Value></HeartRateBpm>
            <Cadence>170</Cadence>
          </Trackpoint>
          <Trackpoint>
            <Time>2026-04-11T14:37:09.000Z</Time>
            <Position>
              <LatitudeDegrees>37.3585063</LatitudeDegrees>
              <LongitudeDegrees>-121.8607189</LongitudeDegrees>
            </Position>
            <AltitudeMeters>23.9</AltitudeMeters>
            <DistanceMeters>9809.18</DistanceMeters>
            <HeartRateBpm><Value>146</Value></HeartRateBpm>
            <Cadence>170</Cadence>
          </Trackpoint>
          <Trackpoint>
            <Time>2026-04-11T14:37:14.000Z</Time>
            <Position>
              <LatitudeDegrees>37.3584294</LatitudeDegrees>
              <LongitudeDegrees>-121.8608157</LongitudeDegrees>
            </Position>
            <AltitudeMeters>23.9</AltitudeMeters>
            <DistanceMeters>9821.26</DistanceMeters>
            <HeartRateBpm><Value>146</Value></HeartRateBpm>
            <Cadence>170</Cadence>
          </Trackpoint>
          <Trackpoint>
            <Time>2026-04-11T14:37:19.000Z</Time>
            <Position>
              <LatitudeDegrees>37.3583526</LatitudeDegrees>
              <LongitudeDegrees>-121.8609126</LongitudeDegrees>
            </Position>
            <AltitudeMeters>24</AltitudeMeters>
            <DistanceMeters>9833.33</DistanceMeters>
            <HeartRateBpm><Value>146</Value></HeartRateBpm>
            <Cadence>170</Cadence>
          </Trackpoint>
          <Trackpoint>
            <Time>2026-04-11T14:37:24.000Z</Time>
            <Position>
              <LatitudeDegrees>37.3582757</LatitudeDegrees>
              <LongitudeDegrees>-121.8610094</LongitudeDegrees>
            </Position>
            <AltitudeMeters>24.1</AltitudeMeters>
            <DistanceMeters>9845.41</DistanceMeters>
            <HeartRateBpm><Value>146</Value></HeartRateBpm>
            <Cadence>170</Cadence>
          </Trackpoint>
          <Trackpoint>
            <Time>2026-04-11T14:37:29.000Z</Time>
            <Position>
              <LatitudeDegrees>37.3581988</LatitudeDegrees>
              <LongitudeDegrees>-121.8611062</LongitudeDegrees>
            </Position>
            <AltitudeMeters>24.1</AltitudeMeters>
            <DistanceMeters>9857.49</DistanceMeters>
            <HeartRateBpm><Value>146</Value></HeartRateBpm>
            <Cadence>170</Cadence>
          </Trackpoint>
          <Trackpoint>
            <Time>2026-04-11T14:37:34.000Z</Time>
            <Position>
              <LatitudeDegrees>37.3581220</LatitudeDegrees>
              <LongitudeDegrees>-121.8612030</LongitudeDegrees>
            </Position>
            <AltitudeMeters>24.2</AltitudeMeters>
            <DistanceMeters>9869.57</DistanceMeters>
            <HeartRateBpm><Value>146</Value></HeartRateBpm>
            <Cadence>170</Cadence>
          </Trackpoint>
          <Trackpoint>
            <Time>2026-04-11T14:37:39.000Z</Time>
            <Position>
              <LatitudeDegrees>37.3580451</LatitudeDegrees>
              <LongitudeDegrees>-121.8612999</LongitudeDegrees>
            </Position>
            <AltitudeMeters>24.3</AltitudeMeters>
            <DistanceMeters>9881.64</DistanceMeters>
            <HeartRateBpm><Value>146</Value></HeartRateBpm>
            <Cadence>170</Cadence>
          </Trackpoint>
          <Trackpoint>
            <Time>2026-04-11T14:37:44.000Z</Time>
            <Position>
              <LatitudeDegrees>37.3579683</LatitudeDegrees>
              <LongitudeDegrees>-121.8613967</LongitudeDegrees>
            </Position>
            <AltitudeMeters>24.3</AltitudeMeters>
            <DistanceMeters>9893.72</DistanceMeters>
            <HeartRateBpm><Value>146</Value></HeartRateBpm>
            <Cadence>170</Cadence>
          </Trackpoint>
          <Trackpoint>
            <Time>2026-04-11T14:37:49.000Z</Time>
            <Position>
              <LatitudeDegrees>37.3578914</LatitudeDegrees>
              <LongitudeDegrees>-121.8614935</LongitudeDegrees>
            </Position>
            <AltitudeMeters>24.4</AltitudeMeters>
            <DistanceMeters>9905.80</DistanceMeters>
            <HeartRateBpm><Value>146</Value></HeartRateBpm>
            <Cadence>170</Cadence>
          </Trackpoint>
          <Trackpoint>
            <Time>2026-04-11T14:37:54.000Z</Time>
            <Position>
              <LatitudeDegrees>37.3578145</LatitudeDegrees>
              <LongitudeDegrees>-121.8615903</LongitudeDegrees>
            </Position>
            <AltitudeMeters>24.5</AltitudeMeters>
            <DistanceMeters>9917.87</DistanceMeters>
            <HeartRateBpm><Value>146</Value></HeartRateBpm>
            <Cadence>170</Cadence>
          </Trackpoint>
          <Trackpoint>
            <Time>2026-04-11T14:37:59.000Z</Time>
            <Position>
              <LatitudeDegrees>37.3577377</LatitudeDegrees>
              <LongitudeDegrees>-121.8616872</LongitudeDegrees>
            </Position>
            <AltitudeMeters>24.6</AltitudeMeters>
            <DistanceMeters>9929.95</DistanceMeters>
            <HeartRateBpm><Value>146</Value></HeartRateBpm>
            <Cadence>170</Cadence>
          </Trackpoint>
          <Trackpoint>
            <Time>2026-04-11T14:38:04.000Z</Time>
            <Position>
              <LatitudeDegrees>37.3576608</LatitudeDegrees>
              <LongitudeDegrees>-121.8617840</LongitudeDegrees>
            </Position>
            <AltitudeMeters>24.6</AltitudeMeters>
            <DistanceMeters>9942.03</DistanceMeters>
            <HeartRateBpm><Value>146</Value></HeartRateBpm>
            <Cadence>170</Cadence>
          </Trackpoint>
          <Trackpoint>
            <Time>2026-04-11T14:38:09.000Z</Time>
            <Position>
              <LatitudeDegrees>37.3575840</LatitudeDegrees>
              <LongitudeDegrees>-121.8618808</LongitudeDegrees>
            </Position>
            <AltitudeMeters>24.7</AltitudeMeters>
            <DistanceMeters>9954.11</DistanceMeters>
            <HeartRateBpm><Value>146</Value></HeartRateBpm>
            <Cadence>170</Cadence>
          </Trackpoint>
          <Trackpoint>
            <Time>2026-04-11T14:38:14.000Z</Time>
            <Position>
              <LatitudeDegrees>37.3575071</LatitudeDegrees>
              <LongitudeDegrees>-121.8619776</LongitudeDegrees>
            </Position>
            <AltitudeMeters>24.8</AltitudeMeters>
            <DistanceMeters>9966.18</DistanceMeters>
            <HeartRateBpm><Value>146</Value></HeartRateBpm>
            <Cadence>170</Cadence>
          </Trackpoint>
          <Trackpoint>
            <Time>2026-04-11T14:38:19.000Z</Time>
            <Position>
              <LatitudeDegrees>37.3574302</LatitudeDegrees>
              <LongitudeDegrees>-121.8620745</LongitudeDegrees>
            </Position>
            <AltitudeMeters>24.9</AltitudeMeters>
            <DistanceMeters>9978.26</DistanceMeters>
            <HeartRateBpm><Value>146</Value></HeartRateBpm>
            <Cadence>170</Cadence>
          </Trackpoint>
          <Trackpoint>
            <Time>2026-04-11T14:38:24.000Z</Time>
            <Position>
              <LatitudeDegrees>37.3573534</LatitudeDegrees>
              <LongitudeDegrees>-121.8621713</LongitudeDegrees>
            </Position>
            <AltitudeMeters>24.9</AltitudeMeters>
            <DistanceMeters>9990.34</DistanceMeters>
            <HeartRateBpm><Value>146</Value></HeartRateBpm>
            <Cadence>170</Cadence>
          </Trackpoint>
          <Trackpoint>
            <Time>2026-04-11T14:38:29.000Z</Time>
            <Position>
              <LatitudeDegrees>37.3572765</LatitudeDegrees>
              <LongitudeDegrees>-121.8622681</LongitudeDegrees>
            </Position>
            <AltitudeMeters>25</AltitudeMeters>
            <DistanceMeters>10002.42</DistanceMeters>
            <HeartRateBpm><Value>146</Value></HeartRateBpm>
            <Cadence>170</Cadence>
          </Trackpoint>
          <Trackpoint>
            <Time>2026-04-11T14:38:34.000Z</Time>
            <Position>
              <LatitudeDegrees>37.3571997</LatitudeDegrees>
              <LongitudeDegrees>-121.8623649</LongitudeDegrees>
            </Position>
            <AltitudeMeters>25.1</AltitudeMeters>
            <DistanceMeters>10014.49</DistanceMeters>
            <HeartRateBpm><Value>146</Value></HeartRateBpm>
            <Cadence>170</Cadence>
          </Trackpoint>
          <Trackpoint>
            <Time>2026-04-11T14:38:39.000Z</Time>
            <Position>
              <LatitudeDegrees>37.3571228</LatitudeDegrees>
              <LongitudeDegrees>-121.8624618</LongitudeDegrees>
            </Position>
            <AltitudeMeters>25.2</AltitudeMeters>
            <DistanceMeters>10026.57</DistanceMeters>
            <HeartRateBpm><Value>146</Value></HeartRateBpm>
            <Cadence>170</Cadence>
          </Trackpoint>
          <Trackpoint>
            <Time>2026-04-11T14:38:44.000Z</Time>
            <Position>
              <LatitudeDegrees>37.3570460</LatitudeDegrees>
              <LongitudeDegrees>-121.8625586</LongitudeDegrees>
            </Position>
            <AltitudeMeters>25.2</AltitudeMeters>
            <DistanceMeters>10038.65</DistanceMeters>
            <HeartRateBpm><Value>146</Value></HeartRateBpm>
            <Cadence>170</Cadence>
          </Trackpoint>
          <Trackpoint>
            <Time>2026-04-11T14:38:49.000Z</Time>
            <Position>
              <LatitudeDegrees>37.3569691</LatitudeDegrees>
              <LongitudeDegrees>-121.8626554</LongitudeDegrees>
            </Position>
            <AltitudeMeters>25.3</AltitudeMeters>
            <DistanceMeters>10050.72</DistanceMeters>
            <HeartRateBpm><Value>146</Value></HeartRateBpm>
            <Cadence>170</Cadence>
          </Trackpoint>
          <Trackpoint>
            <Time>2026-04-11T14:38:54.000Z</Time>
            <Position>
              <LatitudeDegrees>37.3568922</LatitudeDegrees>
              <LongitudeDegrees>-121.8627522</LongitudeDegrees>
            </Position>
            <AltitudeMeters>25.4</AltitudeMeters>
            <DistanceMeters>10062.80</DistanceMeters>
            <HeartRateBpm><Value>146</Value></HeartRateBpm>
            <Cadence>170</Cadence>
          </Trackpoint>
          <Trackpoint>
            <Time>2026-04-11T14:38:59.000Z</Time>
            <Position>
              <LatitudeDegrees>37.3568154</LatitudeDegrees>
              <LongitudeDegrees>-121.8628491</LongitudeDegrees>
            </Position>
            <AltitudeMeters>25.5</AltitudeMeters>
            <DistanceMeters>10074.88</DistanceMeters>
            <HeartRateBpm><Value>146</Value></HeartRateBpm>
            <Cadence>170</Cadence>
          </Trackpoint>
          <Trackpoint>
            <Time>2026-04-11T14:39:04.000Z</Time>
            <Position>
              <LatitudeDegrees>37.3567385</LatitudeDegrees>
              <LongitudeDegrees>-121.8629459</LongitudeDegrees>
            </Position>
            <AltitudeMeters>25.5</AltitudeMeters>
            <DistanceMeters>10086.96</DistanceMeters>
            <HeartRateBpm><Value>146</Value></HeartRateBpm>
            <Cadence>170</Cadence>
          </Trackpoint>
          <Trackpoint>
            <Time>2026-04-11T14:39:09.000Z</Time>
            <Position>
              <LatitudeDegrees>37.3566617</LatitudeDegrees>
              <LongitudeDegrees>-121.8630427</LongitudeDegrees>
            </Position>
            <AltitudeMeters>25.6</AltitudeMeters>
            <DistanceMeters>10099.03</DistanceMeters>
            <HeartRateBpm><Value>146</Value></HeartRateBpm>
            <Cadence>170</Cadence>
          </Trackpoint>
          <Trackpoint>
            <Time>2026-04-11T14:39:14.000Z</Time>
            <Position>
              <LatitudeDegrees>37.3565848</LatitudeDegrees>
              <LongitudeDegrees>-121.8631395</LongitudeDegrees>
            </Position>
            <AltitudeMeters>25.7</AltitudeMeters>
            <DistanceMeters>10111.11</DistanceMeters>
            <HeartRateBpm><Value>146</Value></HeartRateBpm>
            <Cadence>170</Cadence>
          </Trackpoint>
          <Trackpoint>
            <Time>2026-04-11T14:39:19.000Z</Time>
            <Position>
              <LatitudeDegrees>37.3565079</LatitudeDegrees>
              <LongitudeDegrees>-121.8632364</LongitudeDegrees>
            </Position>
            <AltitudeMeters>25.8</AltitudeMeters>
            <DistanceMeters>10123.19</DistanceMeters>
            <HeartRateBpm><Value>146</Value></HeartRateBpm>
            <Cadence>170</Cadence>
          </Trackpoint>
          <Trackpoint>
            <Time>2026-04-11T14:39:24.000Z</Time>
            <Position>
              <LatitudeDegrees>37.3564311</LatitudeDegrees>
              <LongitudeDegrees>-121.8633332</LongitudeDegrees>
            </Position>
            <AltitudeMeters>25.8</AltitudeMeters>
            <DistanceMeters>10135.27</DistanceMeters>
            <HeartRateBpm><Value>146</Value></HeartRateBpm>
            <Cadence>170</Cadence>
          </Trackpoint>
          <Trackpoint>
            <Time>2026-04-11T14:39:29.000Z</Time>
            <Position>
              <LatitudeDegrees>37.3563542</LatitudeDegrees>
              <LongitudeDegrees>-121.8634300</LongitudeDegrees>
            </Position>
            <AltitudeMeters>25.9</AltitudeMeters>
            <DistanceMeters>10147.34</DistanceMeters>
            <HeartRateBpm><Value>146</Value></HeartRateBpm>
            <Cadence>170</Cadence>
          </Trackpoint>
          <Trackpoint>
            <Time>2026-04-11T14:39:34.000Z</Time>
            <Position>
              <LatitudeDegrees>37.3562774</LatitudeDegrees>
              <LongitudeDegrees>-121.8635268</LongitudeDegrees>
            </Position>
            <AltitudeMeters>26</AltitudeMeters>
            <DistanceMeters>10159.42</DistanceMeters>
            <HeartRateBpm><Value>146</Value></HeartRateBpm>
            <Cadence>170</Cadence>
          </Trackpoint>
          <Trackpoint>
            <Time>2026-04-11T14:39:39.000Z</Time>
            <Position>
              <LatitudeDegrees>37.3562005</LatitudeDegrees>
              <LongitudeDegrees>-121.8636237</LongitudeDegrees>
            </Position>
            <AltitudeMeters>26</AltitudeMeters>
            <DistanceMeters>10171.50</DistanceMeters>
            <HeartRateBpm><Value>146</Value></HeartRateBpm>
            <Cadence>170</Cadence>
          </Trackpoint>
          <Trackpoint>
            <Time>2026-04-11T14:39:44.000Z</Time>
            <Position>
              <LatitudeDegrees>37.3561236</LatitudeDegrees>
              <LongitudeDegrees>-121.8637205</LongitudeDegrees>
            </Position>
            <AltitudeMeters>26.1</AltitudeMeters>
            <DistanceMeters>10183.57</DistanceMeters>
            <HeartRateBpm><Value>146</Value></HeartRateBpm>
            <Cadence>170</Cadence>
          </Trackpoint>
          <Trackpoint>
            <Time>2026-04-11T14:39:49.000Z</Time>
            <Position>
              <LatitudeDegrees>37.3560468</LatitudeDegrees>
              <LongitudeDegrees>-121.8638173</LongitudeDegrees>
            </Position>
            <AltitudeMeters>26.2</AltitudeMeters>
            <DistanceMeters>10195.65</DistanceMeters>
            <HeartRateBpm><Value>146</Value></HeartRateBpm>
            <Cadence>170</Cadence>
          </Trackpoint>
          <Trackpoint>
            <Time>2026-04-11T14:39:54.000Z</Time>
            <Position>
              <LatitudeDegrees>37.3559699</LatitudeDegrees>
              <LongitudeDegrees>-121.8639141</LongitudeDegrees>
            </Position>
            <AltitudeMeters>26.2</AltitudeMeters>
            <DistanceMeters>10207.73</DistanceMeters>
            <HeartRateBpm><Value>146</Value></HeartRateBpm>
            <Cadence>170</Cadence>
          </Trackpoint>
          <Trackpoint>
            <Time>2026-04-11T14:39:59.000Z</Time>
            <Position>
              <LatitudeDegrees>37.3558931</LatitudeDegrees>
              <LongitudeDegrees>-121.8640110</LongitudeDegrees>
            </Position>
            <AltitudeMeters>26.3</AltitudeMeters>
            <DistanceMeters>10219.81</DistanceMeters>
            <HeartRateBpm><Value>146</Value></HeartRateBpm>
            <Cadence>170</Cadence>
          </Trackpoint>
          <Trackpoint>
            <Time>2026-04-11T14:40:04.000Z</Time>
            <Position>
              <LatitudeDegrees>37.3558162</LatitudeDegrees>
              <LongitudeDegrees>-121.8641078</LongitudeDegrees>
            </Position>
            <AltitudeMeters>26.3</AltitudeMeters>
            <DistanceMeters>10231.88</DistanceMeters>
            <HeartRateBpm><Value>146</Value></HeartRateBpm>
            <Cadence>170</Cadence>
          </Trackpoint>
          <Trackpoint>
            <Time>2026-04-11T14:40:09.000Z</Time>
            <Position>
              <LatitudeDegrees>37.3557393</LatitudeDegrees>
              <LongitudeDegrees>-121.8642046</LongitudeDegrees>
            </Position>
            <AltitudeMeters>26.4</AltitudeMeters>
            <DistanceMeters>10243.96</DistanceMeters>
            <HeartRateBpm><Value>146</Value></HeartRateBpm>
            <Cadence>170</Cadence>
          </Trackpoint>
          <Trackpoint>
            <Time>2026-04-11T14:40:14.000Z</Time>
            <Position>
              <LatitudeDegrees>37.3556625</LatitudeDegrees>
              <LongitudeDegrees>-121.8643014</LongitudeDegrees>
            </Position>
            <AltitudeMeters>26.4</AltitudeMeters>
            <DistanceMeters>10256.04</DistanceMeters>
            <HeartRateBpm><Value>146</Value></HeartRateBpm>
            <Cadence>170</Cadence>
          </Trackpoint>
          <Trackpoint>
            <Time>2026-04-11T14:40:19.000Z</Time>
            <Position>
              <LatitudeDegrees>37.3555856</LatitudeDegrees>
              <LongitudeDegrees>-121.8643983</LongitudeDegrees>
            </Position>
            <AltitudeMeters>26.5</AltitudeMeters>
            <DistanceMeters>10268.12</DistanceMeters>
            <HeartRateBpm><Value>146</Value></HeartRateBpm>
            <Cadence>170</Cadence>
          </Trackpoint>
          <Trackpoint>
            <Time>2026-04-11T14:40:24.000Z</Time>
            <Position>
              <LatitudeDegrees>37.3555088</LatitudeDegrees>
              <LongitudeDegrees>-121.8644951</LongitudeDegrees>
            </Position>
            <AltitudeMeters>26.5</AltitudeMeters>
            <DistanceMeters>10280.19</DistanceMeters>
            <HeartRateBpm><Value>146</Value></HeartRateBpm>
            <Cadence>170</Cadence>
          </Trackpoint>
          <Trackpoint>
            <Time>2026-04-11T14:40:29.000Z</Time>
            <Position>
              <LatitudeDegrees>37.3554319</LatitudeDegrees>
              <LongitudeDegrees>-121.8645919</LongitudeDegrees>
            </Position>
            <AltitudeMeters>26.6</AltitudeMeters>
            <DistanceMeters>10292.27</DistanceMeters>
            <HeartRateBpm><Value>146</Value></HeartRateBpm>
            <Cadence>170</Cadence>
          </Trackpoint>
          <Trackpoint>
            <Time>2026-04-11T14:40:34.000Z</Time>
            <Position>
              <LatitudeDegrees>37.3553550</LatitudeDegrees>
              <LongitudeDegrees>-121.8646887</LongitudeDegrees>
            </Position>
            <AltitudeMeters>26.6</AltitudeMeters>
            <DistanceMeters>10304.35</DistanceMeters>
            <HeartRateBpm><Value>146</Value></HeartRateBpm>
            <Cadence>170</Cadence>
          </Trackpoint>
          <Trackpoint>
            <Time>2026-04-11T14:40:39.000Z</Time>
            <Position>
              <LatitudeDegrees>37.3552782</LatitudeDegrees>
              <LongitudeDegrees>-121.8647856</LongitudeDegrees>
            </Position>
            <AltitudeMeters>26.7</AltitudeMeters>
            <DistanceMeters>10316.43</DistanceMeters>
            <HeartRateBpm><Value>146</Value></HeartRateBpm>
            <Cadence>170</Cadence>
          </Trackpoint>
          <Trackpoint>
            <Time>2026-04-11T14:40:44.000Z</Time>
            <Position>
              <LatitudeDegrees>37.3552013</LatitudeDegrees>
              <LongitudeDegrees>-121.8648824</LongitudeDegrees>
            </Position>
            <AltitudeMeters>26.7</AltitudeMeters>
            <DistanceMeters>10328.50</DistanceMeters>
            <HeartRateBpm><Value>146</Value></HeartRateBpm>
            <Cadence>170</Cadence>
          </Trackpoint>
          <Trackpoint>
            <Time>2026-04-11T14:40:49.000Z</Time>
            <Position>
              <LatitudeDegrees>37.3551245</LatitudeDegrees>
              <LongitudeDegrees>-121.8649792</LongitudeDegrees>
            </Position>
            <AltitudeMeters>26.8</AltitudeMeters>
            <DistanceMeters>10340.58</DistanceMeters>
            <HeartRateBpm><Value>146</Value></HeartRateBpm>
            <Cadence>170</Cadence>
          </Trackpoint>
          <Trackpoint>
            <Time>2026-04-11T14:40:54.000Z</Time>
            <Position>
              <LatitudeDegrees>37.3550476</LatitudeDegrees>
              <LongitudeDegrees>-121.8650760</LongitudeDegrees>
            </Position>
            <AltitudeMeters>26.8</AltitudeMeters>
            <DistanceMeters>10352.66</DistanceMeters>
            <HeartRateBpm><Value>146</Value></HeartRateBpm>
            <Cadence>170</Cadence>
          </Trackpoint>
          <Trackpoint>
            <Time>2026-04-11T14:40:59.000Z</Time>
            <Position>
              <LatitudeDegrees>37.3549707</LatitudeDegrees>
              <LongitudeDegrees>-121.8651729</LongitudeDegrees>
            </Position>
            <AltitudeMeters>26.8</AltitudeMeters>
            <DistanceMeters>10364.73</DistanceMeters>
            <HeartRateBpm><Value>146</Value></HeartRateBpm>
            <Cadence>170</Cadence>
          </Trackpoint>
          <Trackpoint>
            <Time>2026-04-11T14:41:04.000Z</Time>
            <Position>
              <LatitudeDegrees>37.3548939</LatitudeDegrees>
              <LongitudeDegrees>-121.8652697</LongitudeDegrees>
            </Position>
            <AltitudeMeters>26.9</AltitudeMeters>
            <DistanceMeters>10376.81</DistanceMeters>
            <HeartRateBpm><Value>146</Value></HeartRateBpm>
            <Cadence>170</Cadence>
          </Trackpoint>
          <Trackpoint>
            <Time>2026-04-11T14:41:09.000Z</Time>
            <Position>
              <LatitudeDegrees>37.3548170</LatitudeDegrees>
              <LongitudeDegrees>-121.8653665</LongitudeDegrees>
            </Position>
            <AltitudeMeters>26.9</AltitudeMeters>
            <DistanceMeters>10388.89</DistanceMeters>
            <HeartRateBpm><Value>146</Value></HeartRateBpm>
            <Cadence>170</Cadence>
          </Trackpoint>
          <Trackpoint>
            <Time>2026-04-11T14:41:14.000Z</Time>
            <Position>
              <LatitudeDegrees>37.3547402</LatitudeDegrees>
              <LongitudeDegrees>-121.8654633</LongitudeDegrees>
            </Position>
            <AltitudeMeters>26.9</AltitudeMeters>
            <DistanceMeters>10400.97</DistanceMeters>
            <HeartRateBpm><Value>146</Value></HeartRateBpm>
            <Cadence>170</Cadence>
          </Trackpoint>
          <Trackpoint>
            <Time>2026-04-11T14:41:19.000Z</Time>
            <Position>
              <LatitudeDegrees>37.3546633</LatitudeDegrees>
              <LongitudeDegrees>-121.8655602</LongitudeDegrees>
            </Position>
            <AltitudeMeters>26.9</AltitudeMeters>
            <DistanceMeters>10413.04</DistanceMeters>
            <HeartRateBpm><Value>146</Value></HeartRateBpm>
            <Cadence>170</Cadence>
          </Trackpoint>
          <Trackpoint>
            <Time>2026-04-11T14:41:24.000Z</Time>
            <Position>
              <LatitudeDegrees>37.3545864</LatitudeDegrees>
              <LongitudeDegrees>-121.8656570</LongitudeDegrees>
            </Position>
            <AltitudeMeters>26.9</AltitudeMeters>
            <DistanceMeters>10425.12</DistanceMeters>
            <HeartRateBpm><Value>146</Value></HeartRateBpm>
            <Cadence>170</Cadence>
          </Trackpoint>
          <Trackpoint>
            <Time>2026-04-11T14:41:29.000Z</Time>
            <Position>
              <LatitudeDegrees>37.3545096</LatitudeDegrees>
              <LongitudeDegrees>-121.8657538</LongitudeDegrees>
            </Position>
            <AltitudeMeters>27</AltitudeMeters>
            <DistanceMeters>10437.20</DistanceMeters>
            <HeartRateBpm><Value>146</Value></HeartRateBpm>
            <Cadence>170</Cadence>
          </Trackpoint>
          <Trackpoint>
            <Time>2026-04-11T14:41:34.000Z</Time>
            <Position>
              <LatitudeDegrees>37.3544327</LatitudeDegrees>
              <LongitudeDegrees>-121.8658506</LongitudeDegrees>
            </Position>
            <AltitudeMeters>27</AltitudeMeters>
            <DistanceMeters>10449.28</DistanceMeters>
            <HeartRateBpm><Value>146</Value></HeartRateBpm>
            <Cadence>170</Cadence>
          </Trackpoint>
          <Trackpoint>
            <Time>2026-04-11T14:41:39.000Z</Time>
            <Position>
              <LatitudeDegrees>37.3543559</LatitudeDegrees>
              <LongitudeDegrees>-121.8659475</LongitudeDegrees>
            </Position>
            <AltitudeMeters>27</AltitudeMeters>
            <DistanceMeters>10461.35</DistanceMeters>
            <HeartRateBpm><Value>146</Value></HeartRateBpm>
            <Cadence>170</Cadence>
          </Trackpoint>
          <Trackpoint>
            <Time>2026-04-11T14:41:44.000Z</Time>
            <Position>
              <LatitudeDegrees>37.3542790</LatitudeDegrees>
              <LongitudeDegrees>-121.8660443</LongitudeDegrees>
            </Position>
            <AltitudeMeters>27</AltitudeMeters>
            <DistanceMeters>10473.43</DistanceMeters>
            <HeartRateBpm><Value>146</Value></HeartRateBpm>
            <Cadence>170</Cadence>
          </Trackpoint>
          <Trackpoint>
            <Time>2026-04-11T14:41:49.000Z</Time>
            <Position>
              <LatitudeDegrees>37.3542021</LatitudeDegrees>
              <LongitudeDegrees>-121.8661411</LongitudeDegrees>
            </Position>
            <AltitudeMeters>27</AltitudeMeters>
            <DistanceMeters>10485.51</DistanceMeters>
            <HeartRateBpm><Value>146</Value></HeartRateBpm>
            <Cadence>170</Cadence>
          </Trackpoint>
          <Trackpoint>
            <Time>2026-04-11T14:41:54.000Z</Time>
            <Position>
              <LatitudeDegrees>37.3541253</LatitudeDegrees>
              <LongitudeDegrees>-121.8662379</LongitudeDegrees>
            </Position>
            <AltitudeMeters>27</AltitudeMeters>
            <DistanceMeters>10497.58</DistanceMeters>
            <HeartRateBpm><Value>146</Value></HeartRateBpm>
            <Cadence>170</Cadence>
          </Trackpoint>
          <Trackpoint>
            <Time>2026-04-11T14:41:59.000Z</Time>
            <Position>
              <LatitudeDegrees>37.3540484</LatitudeDegrees>
              <LongitudeDegrees>-121.8663348</LongitudeDegrees>
            </Position>
            <AltitudeMeters>27</AltitudeMeters>
            <DistanceMeters>10509.66</DistanceMeters>
            <HeartRateBpm><Value>146</Value></HeartRateBpm>
            <Cadence>170</Cadence>
          </Trackpoint>
          <Trackpoint>
            <Time>2026-04-11T14:42:04.000Z</Time>
            <Position>
              <LatitudeDegrees>37.3539716</LatitudeDegrees>
              <LongitudeDegrees>-121.8664316</LongitudeDegrees>
            </Position>
            <AltitudeMeters>27</AltitudeMeters>
            <DistanceMeters>10521.74</DistanceMeters>
            <HeartRateBpm><Value>146</Value></HeartRateBpm>
            <Cadence>170</Cadence>
          </Trackpoint>
          <Trackpoint>
            <Time>2026-04-11T14:42:09.000Z</Time>
            <Position>
              <LatitudeDegrees>37.3538947</LatitudeDegrees>
              <LongitudeDegrees>-121.8665284</LongitudeDegrees>
            </Position>
            <AltitudeMeters>27</AltitudeMeters>
            <DistanceMeters>10533.82</DistanceMeters>
            <HeartRateBpm><Value>146</Value></HeartRateBpm>
            <Cadence>170</Cadence>
          </Trackpoint>
          <Trackpoint>
            <Time>2026-04-11T14:42:14.000Z</Time>
            <Position>
              <LatitudeDegrees>37.3538179</LatitudeDegrees>
              <LongitudeDegrees>-121.8666252</LongitudeDegrees>
            </Position>
            <AltitudeMeters>27</AltitudeMeters>
            <DistanceMeters>10545.89</DistanceMeters>
            <HeartRateBpm><Value>146</Value></HeartRateBpm>
            <Cadence>170</Cadence>
          </Trackpoint>
          <Trackpoint>
            <Time>2026-04-11T14:42:19.000Z</Time>
            <Position>
              <LatitudeDegrees>37.3537410</LatitudeDegrees>
              <LongitudeDegrees>-121.8667220</LongitudeDegrees>
            </Position>
            <AltitudeMeters>27</AltitudeMeters>
            <DistanceMeters>10557.97</DistanceMeters>
            <HeartRateBpm><Value>146</Value></HeartRateBpm>
            <Cadence>170</Cadence>
          </Trackpoint>
          <Trackpoint>
            <Time>2026-04-11T14:42:24.000Z</Time>
            <Position>
              <LatitudeDegrees>37.3536641</LatitudeDegrees>
              <LongitudeDegrees>-121.8668189</LongitudeDegrees>
            </Position>
            <AltitudeMeters>27</AltitudeMeters>
            <DistanceMeters>10570.05</DistanceMeters>
            <HeartRateBpm><Value>146</Value></HeartRateBpm>
            <Cadence>170</Cadence>
          </Trackpoint>
          <Trackpoint>
            <Time>2026-04-11T14:42:29.000Z</Time>
            <Position>
              <LatitudeDegrees>37.3535873</LatitudeDegrees>
              <LongitudeDegrees>-121.8669157</LongitudeDegrees>
            </Position>
            <AltitudeMeters>26.9</AltitudeMeters>
            <DistanceMeters>10582.13</DistanceMeters>
            <HeartRateBpm><Value>146</Value></HeartRateBpm>
            <Cadence>170</Cadence>
          </Trackpoint>
          <Trackpoint>
            <Time>2026-04-11T14:42:34.000Z</Time>
            <Position>
              <LatitudeDegrees>37.3535104</LatitudeDegrees>
              <LongitudeDegrees>-121.8670125</LongitudeDegrees>
            </Position>
            <AltitudeMeters>26.9</AltitudeMeters>
            <DistanceMeters>10594.20</DistanceMeters>
            <HeartRateBpm><Value>146</Value></HeartRateBpm>
            <Cadence>170</Cadence>
          </Trackpoint>
          <Trackpoint>
            <Time>2026-04-11T14:42:39.000Z</Time>
            <Position>
              <LatitudeDegrees>37.3534336</LatitudeDegrees>
              <LongitudeDegrees>-121.8671093</LongitudeDegrees>
            </Position>
            <AltitudeMeters>26.9</AltitudeMeters>
            <DistanceMeters>10606.28</DistanceMeters>
            <HeartRateBpm><Value>146</Value></HeartRateBpm>
            <Cadence>170</Cadence>
          </Trackpoint>
          <Trackpoint>
            <Time>2026-04-11T14:42:44.000Z</Time>
            <Position>
              <LatitudeDegrees>37.3533567</LatitudeDegrees>
              <LongitudeDegrees>-121.8672062</LongitudeDegrees>
            </Position>
            <AltitudeMeters>26.9</AltitudeMeters>
            <DistanceMeters>10618.36</DistanceMeters>
            <HeartRateBpm><Value>146</Value></HeartRateBpm>
            <Cadence>170</Cadence>
          </Trackpoint>
          <Trackpoint>
            <Time>2026-04-11T14:42:49.000Z</Time>
            <Position>
              <LatitudeDegrees>37.3532798</LatitudeDegrees>
              <LongitudeDegrees>-121.8673030</LongitudeDegrees>
            </Position>
            <AltitudeMeters>26.8</AltitudeMeters>
            <DistanceMeters>10630.43</DistanceMeters>
            <HeartRateBpm><Value>146</Value></HeartRateBpm>
            <Cadence>170</Cadence>
          </Trackpoint>
          <Trackpoint>
            <Time>2026-04-11T14:42:54.000Z</Time>
            <Position>
              <LatitudeDegrees>37.3532030</LatitudeDegrees>
              <LongitudeDegrees>-121.8673998</LongitudeDegrees>
            </Position>
            <AltitudeMeters>26.8</AltitudeMeters>
            <DistanceMeters>10642.51</DistanceMeters>
            <HeartRateBpm><Value>146</Value></HeartRateBpm>
            <Cadence>170</Cadence>
          </Trackpoint>
          <Trackpoint>
            <Time>2026-04-11T14:42:59.000Z</Time>
            <Position>
              <LatitudeDegrees>37.3531261</LatitudeDegrees>
              <LongitudeDegrees>-121.8674966</LongitudeDegrees>
            </Position>
            <AltitudeMeters>26.8</AltitudeMeters>
            <DistanceMeters>10654.59</DistanceMeters>
            <HeartRateBpm><Value>146</Value></HeartRateBpm>
            <Cadence>170</Cadence>
          </Trackpoint>
          <Trackpoint>
            <Time>2026-04-11T14:43:04.000Z</Time>
            <Position>
              <LatitudeDegrees>37.3530493</LatitudeDegrees>
              <LongitudeDegrees>-121.8675935</LongitudeDegrees>
            </Position>
            <AltitudeMeters>26.7</AltitudeMeters>
            <DistanceMeters>10666.67</DistanceMeters>
            <HeartRateBpm><Value>146</Value></HeartRateBpm>
            <Cadence>170</Cadence>
          </Trackpoint>
          <Trackpoint>
            <Time>2026-04-11T14:43:09.000Z</Time>
            <Position>
              <LatitudeDegrees>37.3529724</LatitudeDegrees>
              <LongitudeDegrees>-121.8676903</LongitudeDegrees>
            </Position>
            <AltitudeMeters>26.7</AltitudeMeters>
            <DistanceMeters>10678.74</DistanceMeters>
            <HeartRateBpm><Value>146</Value></HeartRateBpm>
            <Cadence>170</Cadence>
          </Trackpoint>
          <Trackpoint>
            <Time>2026-04-11T14:43:14.000Z</Time>
            <Position>
              <LatitudeDegrees>37.3528955</LatitudeDegrees>
              <LongitudeDegrees>-121.8677871</LongitudeDegrees>
            </Position>
            <AltitudeMeters>26.7</AltitudeMeters>
            <DistanceMeters>10690.82</DistanceMeters>
            <HeartRateBpm><Value>146</Value></HeartRateBpm>
            <Cadence>170</Cadence>
          </Trackpoint>
          <Trackpoint>
            <Time>2026-04-11T14:43:19.000Z</Time>
            <Position>
              <LatitudeDegrees>37.3528187</LatitudeDegrees>
              <LongitudeDegrees>-121.8678839</LongitudeDegrees>
            </Position>
            <AltitudeMeters>26.6</AltitudeMeters>
            <DistanceMeters>10702.90</DistanceMeters>
            <HeartRateBpm><Value>146</Value></HeartRateBpm>
            <Cadence>170</Cadence>
          </Trackpoint>
          <Trackpoint>
            <Time>2026-04-11T14:43:24.000Z</Time>
            <Position>
              <LatitudeDegrees>37.3527418</LatitudeDegrees>
              <LongitudeDegrees>-121.8679808</LongitudeDegrees>
            </Position>
            <AltitudeMeters>26.6</AltitudeMeters>
            <DistanceMeters>10714.98</DistanceMeters>
            <HeartRateBpm><Value>146</Value></HeartRateBpm>
            <Cadence>170</Cadence>
          </Trackpoint>
          <Trackpoint>
            <Time>2026-04-11T14:43:29.000Z</Time>
            <Position>
              <LatitudeDegrees>37.3526650</LatitudeDegrees>
              <LongitudeDegrees>-121.8680776</LongitudeDegrees>
            </Position>
            <AltitudeMeters>26.5</AltitudeMeters>
            <DistanceMeters>10727.05</DistanceMeters>
            <HeartRateBpm><Value>146</Value></HeartRateBpm>
            <Cadence>170</Cadence>
          </Trackpoint>
          <Trackpoint>
            <Time>2026-04-11T14:43:34.000Z</Time>
            <Position>
              <LatitudeDegrees>37.3525881</LatitudeDegrees>
              <LongitudeDegrees>-121.8681744</LongitudeDegrees>
            </Position>
            <AltitudeMeters>26.5</AltitudeMeters>
            <DistanceMeters>10739.13</DistanceMeters>
            <HeartRateBpm><Value>146</Value></HeartRateBpm>
            <Cadence>170</Cadence>
          </Trackpoint>
          <Trackpoint>
            <Time>2026-04-11T14:43:39.000Z</Time>
            <Position>
              <LatitudeDegrees>37.3525112</LatitudeDegrees>
              <LongitudeDegrees>-121.8682712</LongitudeDegrees>
            </Position>
            <AltitudeMeters>26.4</AltitudeMeters>
            <DistanceMeters>10751.21</DistanceMeters>
            <HeartRateBpm><Value>146</Value></HeartRateBpm>
            <Cadence>170</Cadence>
          </Trackpoint>
          <Trackpoint>
            <Time>2026-04-11T14:43:44.000Z</Time>
            <Position>
              <LatitudeDegrees>37.3524344</LatitudeDegrees>
              <LongitudeDegrees>-121.8683681</LongitudeDegrees>
            </Position>
            <AltitudeMeters>26.4</AltitudeMeters>
            <DistanceMeters>10763.29</DistanceMeters>
            <HeartRateBpm><Value>146</Value></HeartRateBpm>
            <Cadence>170</Cadence>
          </Trackpoint>
          <Trackpoint>
            <Time>2026-04-11T14:43:49.000Z</Time>
            <Position>
              <LatitudeDegrees>37.3523575</LatitudeDegrees>
              <LongitudeDegrees>-121.8684649</LongitudeDegrees>
            </Position>
            <AltitudeMeters>26.3</AltitudeMeters>
            <DistanceMeters>10775.36</DistanceMeters>
            <HeartRateBpm><Value>146</Value></HeartRateBpm>
            <Cadence>170</Cadence>
          </Trackpoint>
          <Trackpoint>
            <Time>2026-04-11T14:43:54.000Z</Time>
            <Position>
              <LatitudeDegrees>37.3522807</LatitudeDegrees>
              <LongitudeDegrees>-121.8685617</LongitudeDegrees>
            </Position>
            <AltitudeMeters>26.2</AltitudeMeters>
            <DistanceMeters>10787.44</DistanceMeters>
            <HeartRateBpm><Value>146</Value></HeartRateBpm>
            <Cadence>170</Cadence>
          </Trackpoint>
          <Trackpoint>
            <Time>2026-04-11T14:43:59.000Z</Time>
            <Position>
              <LatitudeDegrees>37.3522038</LatitudeDegrees>
              <LongitudeDegrees>-121.8686585</LongitudeDegrees>
            </Position>
            <AltitudeMeters>26.2</AltitudeMeters>
            <DistanceMeters>10799.52</DistanceMeters>
            <HeartRateBpm><Value>146</Value></HeartRateBpm>
            <Cadence>170</Cadence>
          </Trackpoint>
          <Trackpoint>
            <Time>2026-04-11T14:44:04.000Z</Time>
            <Position>
              <LatitudeDegrees>37.3521269</LatitudeDegrees>
              <LongitudeDegrees>-121.8687554</LongitudeDegrees>
            </Position>
            <AltitudeMeters>26.1</AltitudeMeters>
            <DistanceMeters>10811.59</DistanceMeters>
            <HeartRateBpm><Value>146</Value></HeartRateBpm>
            <Cadence>170</Cadence>
          </Trackpoint>
          <Trackpoint>
            <Time>2026-04-11T14:44:09.000Z</Time>
            <Position>
              <LatitudeDegrees>37.3520501</LatitudeDegrees>
              <LongitudeDegrees>-121.8688522</LongitudeDegrees>
            </Position>
            <AltitudeMeters>26.1</AltitudeMeters>
            <DistanceMeters>10823.67</DistanceMeters>
            <HeartRateBpm><Value>146</Value></HeartRateBpm>
            <Cadence>170</Cadence>
          </Trackpoint>
          <Trackpoint>
            <Time>2026-04-11T14:44:14.000Z</Time>
            <Position>
              <LatitudeDegrees>37.3519732</LatitudeDegrees>
              <LongitudeDegrees>-121.8689490</LongitudeDegrees>
            </Position>
            <AltitudeMeters>26</AltitudeMeters>
            <DistanceMeters>10835.75</DistanceMeters>
            <HeartRateBpm><Value>146</Value></HeartRateBpm>
            <Cadence>170</Cadence>
          </Trackpoint>
          <Trackpoint>
            <Time>2026-04-11T14:44:19.000Z</Time>
            <Position>
              <LatitudeDegrees>37.3518964</LatitudeDegrees>
              <LongitudeDegrees>-121.8690458</LongitudeDegrees>
            </Position>
            <AltitudeMeters>25.9</AltitudeMeters>
            <DistanceMeters>10847.83</DistanceMeters>
            <HeartRateBpm><Value>146</Value></HeartRateBpm>
            <Cadence>170</Cadence>
          </Trackpoint>
          <Trackpoint>
            <Time>2026-04-11T14:44:24.000Z</Time>
            <Position>
              <LatitudeDegrees>37.3518195</LatitudeDegrees>
              <LongitudeDegrees>-121.8691427</LongitudeDegrees>
            </Position>
            <AltitudeMeters>25.9</AltitudeMeters>
            <DistanceMeters>10859.90</DistanceMeters>
            <HeartRateBpm><Value>146</Value></HeartRateBpm>
            <Cadence>170</Cadence>
          </Trackpoint>
          <Trackpoint>
            <Time>2026-04-11T14:44:29.000Z</Time>
            <Position>
              <LatitudeDegrees>37.3517426</LatitudeDegrees>
              <LongitudeDegrees>-121.8692395</LongitudeDegrees>
            </Position>
            <AltitudeMeters>25.8</AltitudeMeters>
            <DistanceMeters>10871.98</DistanceMeters>
            <HeartRateBpm><Value>146</Value></HeartRateBpm>
            <Cadence>170</Cadence>
          </Trackpoint>
          <Trackpoint>
            <Time>2026-04-11T14:44:34.000Z</Time>
            <Position>
              <LatitudeDegrees>37.3516658</LatitudeDegrees>
              <LongitudeDegrees>-121.8693363</LongitudeDegrees>
            </Position>
            <AltitudeMeters>25.7</AltitudeMeters>
            <DistanceMeters>10884.06</DistanceMeters>
            <HeartRateBpm><Value>146</Value></HeartRateBpm>
            <Cadence>170</Cadence>
          </Trackpoint>
          <Trackpoint>
            <Time>2026-04-11T14:44:39.000Z</Time>
            <Position>
              <LatitudeDegrees>37.3515889</LatitudeDegrees>
              <LongitudeDegrees>-121.8694331</LongitudeDegrees>
            </Position>
            <AltitudeMeters>25.6</AltitudeMeters>
            <DistanceMeters>10896.14</DistanceMeters>
            <HeartRateBpm><Value>146</Value></HeartRateBpm>
            <Cadence>170</Cadence>
          </Trackpoint>
          <Trackpoint>
            <Time>2026-04-11T14:44:44.000Z</Time>
            <Position>
              <LatitudeDegrees>37.3515121</LatitudeDegrees>
              <LongitudeDegrees>-121.8695300</LongitudeDegrees>
            </Position>
            <AltitudeMeters>25.6</AltitudeMeters>
            <DistanceMeters>10908.21</DistanceMeters>
            <HeartRateBpm><Value>146</Value></HeartRateBpm>
            <Cadence>170</Cadence>
          </Trackpoint>
          <Trackpoint>
            <Time>2026-04-11T14:44:49.000Z</Time>
            <Position>
              <LatitudeDegrees>37.3514352</LatitudeDegrees>
              <LongitudeDegrees>-121.8696268</LongitudeDegrees>
            </Position>
            <AltitudeMeters>25.5</AltitudeMeters>
            <DistanceMeters>10920.29</DistanceMeters>
            <HeartRateBpm><Value>146</Value></HeartRateBpm>
            <Cadence>170</Cadence>
          </Trackpoint>
          <Trackpoint>
            <Time>2026-04-11T14:44:54.000Z</Time>
            <Position>
              <LatitudeDegrees>37.3513583</LatitudeDegrees>
              <LongitudeDegrees>-121.8697236</LongitudeDegrees>
            </Position>
            <AltitudeMeters>25.4</AltitudeMeters>
            <DistanceMeters>10932.37</DistanceMeters>
            <HeartRateBpm><Value>146</Value></HeartRateBpm>
            <Cadence>170</Cadence>
          </Trackpoint>
          <Trackpoint>
            <Time>2026-04-11T14:44:59.000Z</Time>
            <Position>
              <LatitudeDegrees>37.3512815</LatitudeDegrees>
              <LongitudeDegrees>-121.8698204</LongitudeDegrees>
            </Position>
            <AltitudeMeters>25.3</AltitudeMeters>
            <DistanceMeters>10944.44</DistanceMeters>
            <HeartRateBpm><Value>146</Value></HeartRateBpm>
            <Cadence>170</Cadence>
          </Trackpoint>
          <Trackpoint>
            <Time>2026-04-11T14:45:04.000Z</Time>
            <Position>
              <LatitudeDegrees>37.3512046</LatitudeDegrees>
              <LongitudeDegrees>-121.8699173</LongitudeDegrees>
            </Position>
            <AltitudeMeters>25.3</AltitudeMeters>
            <DistanceMeters>10956.52</DistanceMeters>
            <HeartRateBpm><Value>146</Value></HeartRateBpm>
            <Cadence>170</Cadence>
          </Trackpoint>
          <Trackpoint>
            <Time>2026-04-11T14:45:09.000Z</Time>
            <Position>
              <LatitudeDegrees>37.3511278</LatitudeDegrees>
              <LongitudeDegrees>-121.8700141</LongitudeDegrees>
            </Position>
            <AltitudeMeters>25.2</AltitudeMeters>
            <DistanceMeters>10968.60</DistanceMeters>
            <HeartRateBpm><Value>146</Value></HeartRateBpm>
            <Cadence>170</Cadence>
          </Trackpoint>
          <Trackpoint>
            <Time>2026-04-11T14:45:14.000Z</Time>
            <Position>
              <LatitudeDegrees>37.3510509</LatitudeDegrees>
              <LongitudeDegrees>-121.8701109</LongitudeDegrees>
            </Position>
            <AltitudeMeters>25.1</AltitudeMeters>
            <DistanceMeters>10980.68</DistanceMeters>
            <HeartRateBpm><Value>146</Value></HeartRateBpm>
            <Cadence>170</Cadence>
          </Trackpoint>
          <Trackpoint>
            <Time>2026-04-11T14:45:19.000Z</Time>
            <Position>
              <LatitudeDegrees>37.3509741</LatitudeDegrees>
              <LongitudeDegrees>-121.8702077</LongitudeDegrees>
            </Position>
            <AltitudeMeters>25</AltitudeMeters>
            <DistanceMeters>10992.75</DistanceMeters>
            <HeartRateBpm><Value>146</Value></HeartRateBpm>
            <Cadence>170</Cadence>
          </Trackpoint>
          <Trackpoint>
            <Time>2026-04-11T14:45:24.000Z</Time>
            <Position>
              <LatitudeDegrees>37.3508972</LatitudeDegrees>
              <LongitudeDegrees>-121.8703046</LongitudeDegrees>
            </Position>
            <AltitudeMeters>25</AltitudeMeters>
            <DistanceMeters>11004.83</DistanceMeters>
            <HeartRateBpm><Value>146</Value></HeartRateBpm>
            <Cadence>170</Cadence>
          </Trackpoint>
          <Trackpoint>
            <Time>2026-04-11T14:45:29.000Z</Time>
            <Position>
              <LatitudeDegrees>37.3508203</LatitudeDegrees>
              <LongitudeDegrees>-121.8704014</LongitudeDegrees>
            </Position>
            <AltitudeMeters>24.9</AltitudeMeters>
            <DistanceMeters>11016.91</DistanceMeters>
            <HeartRateBpm><Value>146</Value></HeartRateBpm>
            <Cadence>170</Cadence>
          </Trackpoint>
          <Trackpoint>
            <Time>2026-04-11T14:45:34.000Z</Time>
            <Position>
              <LatitudeDegrees>37.3507435</LatitudeDegrees>
              <LongitudeDegrees>-121.8704982</LongitudeDegrees>
            </Position>
            <AltitudeMeters>24.8</AltitudeMeters>
            <DistanceMeters>11028.99</DistanceMeters>
            <HeartRateBpm><Value>146</Value></HeartRateBpm>
            <Cadence>170</Cadence>
          </Trackpoint>
          <Trackpoint>
            <Time>2026-04-11T14:45:39.000Z</Time>
            <Position>
              <LatitudeDegrees>37.3506666</LatitudeDegrees>
              <LongitudeDegrees>-121.8705950</LongitudeDegrees>
            </Position>
            <AltitudeMeters>24.7</AltitudeMeters>
            <DistanceMeters>11041.06</DistanceMeters>
            <HeartRateBpm><Value>146</Value></HeartRateBpm>
            <Cadence>170</Cadence>
          </Trackpoint>
          <Trackpoint>
            <Time>2026-04-11T14:45:44.000Z</Time>
            <Position>
              <LatitudeDegrees>37.3505898</LatitudeDegrees>
              <LongitudeDegrees>-121.8706919</LongitudeDegrees>
            </Position>
            <AltitudeMeters>24.7</AltitudeMeters>
            <DistanceMeters>11053.14</DistanceMeters>
            <HeartRateBpm><Value>146</Value></HeartRateBpm>
            <Cadence>170</Cadence>
          </Trackpoint>
          <Trackpoint>
            <Time>2026-04-11T14:45:49.000Z</Time>
            <Position>
              <LatitudeDegrees>37.3505129</LatitudeDegrees>
              <LongitudeDegrees>-121.8707887</LongitudeDegrees>
            </Position>
            <AltitudeMeters>24.6</AltitudeMeters>
            <DistanceMeters>11065.22</DistanceMeters>
            <HeartRateBpm><Value>146</Value></HeartRateBpm>
            <Cadence>170</Cadence>
          </Trackpoint>
          <Trackpoint>
            <Time>2026-04-11T14:45:54.000Z</Time>
            <Position>
              <LatitudeDegrees>37.3504360</LatitudeDegrees>
              <LongitudeDegrees>-121.8708855</LongitudeDegrees>
            </Position>
            <AltitudeMeters>24.5</AltitudeMeters>
            <DistanceMeters>11077.29</DistanceMeters>
            <HeartRateBpm><Value>146</Value></HeartRateBpm>
            <Cadence>170</Cadence>
          </Trackpoint>
          <Trackpoint>
            <Time>2026-04-11T14:45:59.000Z</Time>
            <Position>
              <LatitudeDegrees>37.3503592</LatitudeDegrees>
              <LongitudeDegrees>-121.8709823</LongitudeDegrees>
            </Position>
            <AltitudeMeters>24.4</AltitudeMeters>
            <DistanceMeters>11089.37</DistanceMeters>
            <HeartRateBpm><Value>146</Value></HeartRateBpm>
            <Cadence>170</Cadence>
          </Trackpoint>
          <Trackpoint>
            <Time>2026-04-11T14:46:04.000Z</Time>
            <Position>
              <LatitudeDegrees>37.3502823</LatitudeDegrees>
              <LongitudeDegrees>-121.8710792</LongitudeDegrees>
            </Position>
            <AltitudeMeters>24.4</AltitudeMeters>
            <DistanceMeters>11101.45</DistanceMeters>
            <HeartRateBpm><Value>146</Value></HeartRateBpm>
            <Cadence>170</Cadence>
          </Trackpoint>
          <Trackpoint>
            <Time>2026-04-11T14:46:09.000Z</Time>
            <Position>
              <LatitudeDegrees>37.3502055</LatitudeDegrees>
              <LongitudeDegrees>-121.8711760</LongitudeDegrees>
            </Position>
            <AltitudeMeters>24.3</AltitudeMeters>
            <DistanceMeters>11113.53</DistanceMeters>
            <HeartRateBpm><Value>146</Value></HeartRateBpm>
            <Cadence>170</Cadence>
          </Trackpoint>
          <Trackpoint>
            <Time>2026-04-11T14:46:14.000Z</Time>
            <Position>
              <LatitudeDegrees>37.3501286</LatitudeDegrees>
              <LongitudeDegrees>-121.8712728</LongitudeDegrees>
            </Position>
            <AltitudeMeters>24.2</AltitudeMeters>
            <DistanceMeters>11125.60</DistanceMeters>
            <HeartRateBpm><Value>146</Value></HeartRateBpm>
            <Cadence>170</Cadence>
          </Trackpoint>
          <Trackpoint>
            <Time>2026-04-11T14:46:19.000Z</Time>
            <Position>
              <LatitudeDegrees>37.3500517</LatitudeDegrees>
              <LongitudeDegrees>-121.8713696</LongitudeDegrees>
            </Position>
            <AltitudeMeters>24.2</AltitudeMeters>
            <DistanceMeters>11137.68</DistanceMeters>
            <HeartRateBpm><Value>146</Value></HeartRateBpm>
            <Cadence>170</Cadence>
          </Trackpoint>
          <Trackpoint>
            <Time>2026-04-11T14:46:24.000Z</Time>
            <Position>
              <LatitudeDegrees>37.3499749</LatitudeDegrees>
              <LongitudeDegrees>-121.8714665</LongitudeDegrees>
            </Position>
            <AltitudeMeters>24.1</AltitudeMeters>
            <DistanceMeters>11149.76</DistanceMeters>
            <HeartRateBpm><Value>146</Value></HeartRateBpm>
            <Cadence>170</Cadence>
          </Trackpoint>
          <Trackpoint>
            <Time>2026-04-11T14:46:29.000Z</Time>
            <Position>
              <LatitudeDegrees>37.3498980</LatitudeDegrees>
              <LongitudeDegrees>-121.8715633</LongitudeDegrees>
            </Position>
            <AltitudeMeters>24</AltitudeMeters>
            <DistanceMeters>11161.84</DistanceMeters>
            <HeartRateBpm><Value>146</Value></HeartRateBpm>
            <Cadence>170</Cadence>
          </Trackpoint>
          <Trackpoint>
            <Time>2026-04-11T14:46:34.000Z</Time>
            <Position>
              <LatitudeDegrees>37.3498212</LatitudeDegrees>
              <LongitudeDegrees>-121.8716601</LongitudeDegrees>
            </Position>
            <AltitudeMeters>24</AltitudeMeters>
            <DistanceMeters>11173.91</DistanceMeters>
            <HeartRateBpm><Value>146</Value></HeartRateBpm>
            <Cadence>170</Cadence>
          </Trackpoint>
          <Trackpoint>
            <Time>2026-04-11T14:46:39.000Z</Time>
            <Position>
              <LatitudeDegrees>37.3497443</LatitudeDegrees>
              <LongitudeDegrees>-121.8717569</LongitudeDegrees>
            </Position>
            <AltitudeMeters>23.9</AltitudeMeters>
            <DistanceMeters>11185.99</DistanceMeters>
            <HeartRateBpm><Value>146</Value></HeartRateBpm>
            <Cadence>170</Cadence>
          </Trackpoint>
          <Trackpoint>
            <Time>2026-04-11T14:46:44.000Z</Time>
            <Position>
              <LatitudeDegrees>37.3496674</LatitudeDegrees>
              <LongitudeDegrees>-121.8718538</LongitudeDegrees>
            </Position>
            <AltitudeMeters>23.8</AltitudeMeters>
            <DistanceMeters>11198.07</DistanceMeters>
            <HeartRateBpm><Value>146</Value></HeartRateBpm>
            <Cadence>170</Cadence>
          </Trackpoint>
          <Trackpoint>
            <Time>2026-04-11T14:46:49.000Z</Time>
            <Position>
              <LatitudeDegrees>37.3495906</LatitudeDegrees>
              <LongitudeDegrees>-121.8719506</LongitudeDegrees>
            </Position>
            <AltitudeMeters>23.8</AltitudeMeters>
            <DistanceMeters>11210.14</DistanceMeters>
            <HeartRateBpm><Value>146</Value></HeartRateBpm>
            <Cadence>170</Cadence>
          </Trackpoint>
          <Trackpoint>
            <Time>2026-04-11T14:46:54.000Z</Time>
            <Position>
              <LatitudeDegrees>37.3495137</LatitudeDegrees>
              <LongitudeDegrees>-121.8720474</LongitudeDegrees>
            </Position>
            <AltitudeMeters>23.7</AltitudeMeters>
            <DistanceMeters>11222.22</DistanceMeters>
            <HeartRateBpm><Value>146</Value></HeartRateBpm>
            <Cadence>170</Cadence>
          </Trackpoint>
          <Trackpoint>
            <Time>2026-04-11T14:46:59.000Z</Time>
            <Position>
              <LatitudeDegrees>37.3494369</LatitudeDegrees>
              <LongitudeDegrees>-121.8721442</LongitudeDegrees>
            </Position>
            <AltitudeMeters>23.7</AltitudeMeters>
            <DistanceMeters>11234.30</DistanceMeters>
            <HeartRateBpm><Value>146</Value></HeartRateBpm>
            <Cadence>170</Cadence>
          </Trackpoint>
          <Trackpoint>
            <Time>2026-04-11T14:47:04.000Z</Time>
            <Position>
              <LatitudeDegrees>37.3493600</LatitudeDegrees>
              <LongitudeDegrees>-121.8722411</LongitudeDegrees>
            </Position>
            <AltitudeMeters>23.6</AltitudeMeters>
            <DistanceMeters>11246.38</DistanceMeters>
            <HeartRateBpm><Value>146</Value></HeartRateBpm>
            <Cadence>170</Cadence>
          </Trackpoint>
          <Trackpoint>
            <Time>2026-04-11T14:47:09.000Z</Time>
            <Position>
              <LatitudeDegrees>37.3492831</LatitudeDegrees>
              <LongitudeDegrees>-121.8723379</LongitudeDegrees>
            </Position>
            <AltitudeMeters>23.5</AltitudeMeters>
            <DistanceMeters>11258.45</DistanceMeters>
            <HeartRateBpm><Value>146</Value></HeartRateBpm>
            <Cadence>170</Cadence>
          </Trackpoint>
          <Trackpoint>
            <Time>2026-04-11T14:47:14.000Z</Time>
            <Position>
              <LatitudeDegrees>37.3492063</LatitudeDegrees>
              <LongitudeDegrees>-121.8724347</LongitudeDegrees>
            </Position>
            <AltitudeMeters>23.5</AltitudeMeters>
            <DistanceMeters>11270.53</DistanceMeters>
            <HeartRateBpm><Value>146</Value></HeartRateBpm>
            <Cadence>170</Cadence>
          </Trackpoint>
          <Trackpoint>
            <Time>2026-04-11T14:47:19.000Z</Time>
            <Position>
              <LatitudeDegrees>37.3491294</LatitudeDegrees>
              <LongitudeDegrees>-121.8725315</LongitudeDegrees>
            </Position>
            <AltitudeMeters>23.4</AltitudeMeters>
            <DistanceMeters>11282.61</DistanceMeters>
            <HeartRateBpm><Value>146</Value></HeartRateBpm>
            <Cadence>170</Cadence>
          </Trackpoint>
          <Trackpoint>
            <Time>2026-04-11T14:47:24.000Z</Time>
            <Position>
              <LatitudeDegrees>37.3490526</LatitudeDegrees>
              <LongitudeDegrees>-121.8726284</LongitudeDegrees>
            </Position>
            <AltitudeMeters>23.4</AltitudeMeters>
            <DistanceMeters>11294.69</DistanceMeters>
            <HeartRateBpm><Value>146</Value></HeartRateBpm>
            <Cadence>170</Cadence>
          </Trackpoint>
          <Trackpoint>
            <Time>2026-04-11T14:47:29.000Z</Time>
            <Position>
              <LatitudeDegrees>37.3489757</LatitudeDegrees>
              <LongitudeDegrees>-121.8727252</LongitudeDegrees>
            </Position>
            <AltitudeMeters>23.4</AltitudeMeters>
            <DistanceMeters>11306.76</DistanceMeters>
            <HeartRateBpm><Value>146</Value></HeartRateBpm>
            <Cadence>170</Cadence>
          </Trackpoint>
          <Trackpoint>
            <Time>2026-04-11T14:47:34.000Z</Time>
            <Position>
              <LatitudeDegrees>37.3488988</LatitudeDegrees>
              <LongitudeDegrees>-121.8728220</LongitudeDegrees>
            </Position>
            <AltitudeMeters>23.3</AltitudeMeters>
            <DistanceMeters>11318.84</DistanceMeters>
            <HeartRateBpm><Value>146</Value></HeartRateBpm>
            <Cadence>170</Cadence>
          </Trackpoint>
          <Trackpoint>
            <Time>2026-04-11T14:47:39.000Z</Time>
            <Position>
              <LatitudeDegrees>37.3488220</LatitudeDegrees>
              <LongitudeDegrees>-121.8729188</LongitudeDegrees>
            </Position>
            <AltitudeMeters>23.3</AltitudeMeters>
            <DistanceMeters>11330.92</DistanceMeters>
            <HeartRateBpm><Value>146</Value></HeartRateBpm>
            <Cadence>170</Cadence>
          </Trackpoint>
          <Trackpoint>
            <Time>2026-04-11T14:47:44.000Z</Time>
            <Position>
              <LatitudeDegrees>37.3487451</LatitudeDegrees>
              <LongitudeDegrees>-121.8730157</LongitudeDegrees>
            </Position>
            <AltitudeMeters>23.2</AltitudeMeters>
            <DistanceMeters>11343.00</DistanceMeters>
            <HeartRateBpm><Value>146</Value></HeartRateBpm>
            <Cadence>170</Cadence>
          </Trackpoint>
          <Trackpoint>
            <Time>2026-04-11T14:47:49.000Z</Time>
            <Position>
              <LatitudeDegrees>37.3486683</LatitudeDegrees>
              <LongitudeDegrees>-121.8731125</LongitudeDegrees>
            </Position>
            <AltitudeMeters>23.2</AltitudeMeters>
            <DistanceMeters>11355.07</DistanceMeters>
            <HeartRateBpm><Value>146</Value></HeartRateBpm>
            <Cadence>170</Cadence>
          </Trackpoint>
          <Trackpoint>
            <Time>2026-04-11T14:47:54.000Z</Time>
            <Position>
              <LatitudeDegrees>37.3485914</LatitudeDegrees>
              <LongitudeDegrees>-121.8732093</LongitudeDegrees>
            </Position>
            <AltitudeMeters>23.2</AltitudeMeters>
            <DistanceMeters>11367.15</DistanceMeters>
            <HeartRateBpm><Value>146</Value></HeartRateBpm>
            <Cadence>170</Cadence>
          </Trackpoint>
          <Trackpoint>
            <Time>2026-04-11T14:47:59.000Z</Time>
            <Position>
              <LatitudeDegrees>37.3485145</LatitudeDegrees>
              <LongitudeDegrees>-121.8733061</LongitudeDegrees>
            </Position>
            <AltitudeMeters>23.1</AltitudeMeters>
            <DistanceMeters>11379.23</DistanceMeters>
            <HeartRateBpm><Value>146</Value></HeartRateBpm>
            <Cadence>170</Cadence>
          </Trackpoint>
          <Trackpoint>
            <Time>2026-04-11T14:48:04.000Z</Time>
            <Position>
              <LatitudeDegrees>37.3484377</LatitudeDegrees>
              <LongitudeDegrees>-121.8734030</LongitudeDegrees>
            </Position>
            <AltitudeMeters>23.1</AltitudeMeters>
            <DistanceMeters>11391.30</DistanceMeters>
            <HeartRateBpm><Value>146</Value></HeartRateBpm>
            <Cadence>170</Cadence>
          </Trackpoint>
          <Trackpoint>
            <Time>2026-04-11T14:48:09.000Z</Time>
            <Position>
              <LatitudeDegrees>37.3483608</LatitudeDegrees>
              <LongitudeDegrees>-121.8734998</LongitudeDegrees>
            </Position>
            <AltitudeMeters>23.1</AltitudeMeters>
            <DistanceMeters>11403.38</DistanceMeters>
            <HeartRateBpm><Value>146</Value></HeartRateBpm>
            <Cadence>170</Cadence>
          </Trackpoint>
          <Trackpoint>
            <Time>2026-04-11T14:48:14.000Z</Time>
            <Position>
              <LatitudeDegrees>37.3482840</LatitudeDegrees>
              <LongitudeDegrees>-121.8735966</LongitudeDegrees>
            </Position>
            <AltitudeMeters>23.1</AltitudeMeters>
            <DistanceMeters>11415.46</DistanceMeters>
            <HeartRateBpm><Value>146</Value></HeartRateBpm>
            <Cadence>170</Cadence>
          </Trackpoint>
          <Trackpoint>
            <Time>2026-04-11T14:48:19.000Z</Time>
            <Position>
              <LatitudeDegrees>37.3482071</LatitudeDegrees>
              <LongitudeDegrees>-121.8736934</LongitudeDegrees>
            </Position>
            <AltitudeMeters>23.1</AltitudeMeters>
            <DistanceMeters>11427.54</DistanceMeters>
            <HeartRateBpm><Value>146</Value></HeartRateBpm>
            <Cadence>170</Cadence>
          </Trackpoint>
          <Trackpoint>
            <Time>2026-04-11T14:48:24.000Z</Time>
            <Position>
              <LatitudeDegrees>37.3481302</LatitudeDegrees>
              <LongitudeDegrees>-121.8737903</LongitudeDegrees>
            </Position>
            <AltitudeMeters>23</AltitudeMeters>
            <DistanceMeters>11439.61</DistanceMeters>
            <HeartRateBpm><Value>146</Value></HeartRateBpm>
            <Cadence>170</Cadence>
          </Trackpoint>
          <Trackpoint>
            <Time>2026-04-11T14:48:29.000Z</Time>
            <Position>
              <LatitudeDegrees>37.3480534</LatitudeDegrees>
              <LongitudeDegrees>-121.8738871</LongitudeDegrees>
            </Position>
            <AltitudeMeters>23</AltitudeMeters>
            <DistanceMeters>11451.69</DistanceMeters>
            <HeartRateBpm><Value>146</Value></HeartRateBpm>
            <Cadence>170</Cadence>
          </Trackpoint>
          <Trackpoint>
            <Time>2026-04-11T14:48:34.000Z</Time>
            <Position>
              <LatitudeDegrees>37.3479765</LatitudeDegrees>
              <LongitudeDegrees>-121.8739839</LongitudeDegrees>
            </Position>
            <AltitudeMeters>23</AltitudeMeters>
            <DistanceMeters>11463.77</DistanceMeters>
            <HeartRateBpm><Value>146</Value></HeartRateBpm>
            <Cadence>170</Cadence>
          </Trackpoint>
          <Trackpoint>
            <Time>2026-04-11T14:48:39.000Z</Time>
            <Position>
              <LatitudeDegrees>37.3478997</LatitudeDegrees>
              <LongitudeDegrees>-121.8740807</LongitudeDegrees>
            </Position>
            <AltitudeMeters>23</AltitudeMeters>
            <DistanceMeters>11475.85</DistanceMeters>
            <HeartRateBpm><Value>146</Value></HeartRateBpm>
            <Cadence>170</Cadence>
          </Trackpoint>
          <Trackpoint>
            <Time>2026-04-11T14:48:44.000Z</Time>
            <Position>
              <LatitudeDegrees>37.3478228</LatitudeDegrees>
              <LongitudeDegrees>-121.8741775</LongitudeDegrees>
            </Position>
            <AltitudeMeters>23</AltitudeMeters>
            <DistanceMeters>11487.92</DistanceMeters>
            <HeartRateBpm><Value>146</Value></HeartRateBpm>
            <Cadence>170</Cadence>
          </Trackpoint>
          <Trackpoint>
            <Time>2026-04-11T14:48:49.000Z</Time>
            <Position>
              <LatitudeDegrees>37.3477460</LatitudeDegrees>
              <LongitudeDegrees>-121.8742744</LongitudeDegrees>
            </Position>
            <AltitudeMeters>23</AltitudeMeters>
            <DistanceMeters>11500.00</DistanceMeters>
            <HeartRateBpm><Value>146</Value></HeartRateBpm>
            <Cadence>170</Cadence>
          </Trackpoint>
          <Trackpoint>
            <Time>2026-04-11T14:48:54.000Z</Time>
            <Position>
              <LatitudeDegrees>37.3476691</LatitudeDegrees>
              <LongitudeDegrees>-121.8743712</LongitudeDegrees>
            </Position>
            <AltitudeMeters>23</AltitudeMeters>
            <DistanceMeters>11512.08</DistanceMeters>
            <HeartRateBpm><Value>146</Value></HeartRateBpm>
            <Cadence>170</Cadence>
          </Trackpoint>
          <Trackpoint>
            <Time>2026-04-11T14:48:59.000Z</Time>
            <Position>
              <LatitudeDegrees>37.3475922</LatitudeDegrees>
              <LongitudeDegrees>-121.8744680</LongitudeDegrees>
            </Position>
            <AltitudeMeters>23</AltitudeMeters>
            <DistanceMeters>11524.15</DistanceMeters>
            <HeartRateBpm><Value>146</Value></HeartRateBpm>
            <Cadence>170</Cadence>
          </Trackpoint>
          <Trackpoint>
            <Time>2026-04-11T14:49:04.000Z</Time>
            <Position>
              <LatitudeDegrees>37.3475154</LatitudeDegrees>
              <LongitudeDegrees>-121.8745648</LongitudeDegrees>
            </Position>
            <AltitudeMeters>23</AltitudeMeters>
            <DistanceMeters>11536.23</DistanceMeters>
            <HeartRateBpm><Value>146</Value></HeartRateBpm>
            <Cadence>170</Cadence>
          </Trackpoint>
          <Trackpoint>
            <Time>2026-04-11T14:49:09.000Z</Time>
            <Position>
              <LatitudeDegrees>37.3474385</LatitudeDegrees>
              <LongitudeDegrees>-121.8746617</LongitudeDegrees>
            </Position>
            <AltitudeMeters>23</AltitudeMeters>
            <DistanceMeters>11548.31</DistanceMeters>
            <HeartRateBpm><Value>146</Value></HeartRateBpm>
            <Cadence>170</Cadence>
          </Trackpoint>
          <Trackpoint>
            <Time>2026-04-11T14:49:14.000Z</Time>
            <Position>
              <LatitudeDegrees>37.3473617</LatitudeDegrees>
              <LongitudeDegrees>-121.8747585</LongitudeDegrees>
            </Position>
            <AltitudeMeters>23</AltitudeMeters>
            <DistanceMeters>11560.39</DistanceMeters>
            <HeartRateBpm><Value>146</Value></HeartRateBpm>
            <Cadence>170</Cadence>
          </Trackpoint>
          <Trackpoint>
            <Time>2026-04-11T14:49:19.000Z</Time>
            <Position>
              <LatitudeDegrees>37.3472848</LatitudeDegrees>
              <LongitudeDegrees>-121.8748553</LongitudeDegrees>
            </Position>
            <AltitudeMeters>23.1</AltitudeMeters>
            <DistanceMeters>11572.46</DistanceMeters>
            <HeartRateBpm><Value>146</Value></HeartRateBpm>
            <Cadence>170</Cadence>
          </Trackpoint>
          <Trackpoint>
            <Time>2026-04-11T14:49:24.000Z</Time>
            <Position>
              <LatitudeDegrees>37.3472079</LatitudeDegrees>
              <LongitudeDegrees>-121.8749521</LongitudeDegrees>
            </Position>
            <AltitudeMeters>23.1</AltitudeMeters>
            <DistanceMeters>11584.54</DistanceMeters>
            <HeartRateBpm><Value>146</Value></HeartRateBpm>
            <Cadence>170</Cadence>
          </Trackpoint>
          <Trackpoint>
            <Time>2026-04-11T14:49:29.000Z</Time>
            <Position>
              <LatitudeDegrees>37.3471311</LatitudeDegrees>
              <LongitudeDegrees>-121.8750490</LongitudeDegrees>
            </Position>
            <AltitudeMeters>23.1</AltitudeMeters>
            <DistanceMeters>11596.62</DistanceMeters>
            <HeartRateBpm><Value>146</Value></HeartRateBpm>
            <Cadence>170</Cadence>
          </Trackpoint>
          <Trackpoint>
            <Time>2026-04-11T14:49:34.000Z</Time>
            <Position>
              <LatitudeDegrees>37.3470542</LatitudeDegrees>
              <LongitudeDegrees>-121.8751458</LongitudeDegrees>
            </Position>
            <AltitudeMeters>23.1</AltitudeMeters>
            <DistanceMeters>11608.70</DistanceMeters>
            <HeartRateBpm><Value>146</Value></HeartRateBpm>
            <Cadence>170</Cadence>
          </Trackpoint>
          <Trackpoint>
            <Time>2026-04-11T14:49:39.000Z</Time>
            <Position>
              <LatitudeDegrees>37.3469774</LatitudeDegrees>
              <LongitudeDegrees>-121.8752426</LongitudeDegrees>
            </Position>
            <AltitudeMeters>23.1</AltitudeMeters>
            <DistanceMeters>11620.77</DistanceMeters>
            <HeartRateBpm><Value>146</Value></HeartRateBpm>
            <Cadence>170</Cadence>
          </Trackpoint>
          <Trackpoint>
            <Time>2026-04-11T14:49:44.000Z</Time>
            <Position>
              <LatitudeDegrees>37.3469005</LatitudeDegrees>
              <LongitudeDegrees>-121.8753394</LongitudeDegrees>
            </Position>
            <AltitudeMeters>23.2</AltitudeMeters>
            <DistanceMeters>11632.85</DistanceMeters>
            <HeartRateBpm><Value>146</Value></HeartRateBpm>
            <Cadence>170</Cadence>
          </Trackpoint>
          <Trackpoint>
            <Time>2026-04-11T14:49:49.000Z</Time>
            <Position>
              <LatitudeDegrees>37.3468236</LatitudeDegrees>
              <LongitudeDegrees>-121.8754363</LongitudeDegrees>
            </Position>
            <AltitudeMeters>23.2</AltitudeMeters>
            <DistanceMeters>11644.93</DistanceMeters>
            <HeartRateBpm><Value>146</Value></HeartRateBpm>
            <Cadence>170</Cadence>
          </Trackpoint>
          <Trackpoint>
            <Time>2026-04-11T14:49:54.000Z</Time>
            <Position>
              <LatitudeDegrees>37.3467468</LatitudeDegrees>
              <LongitudeDegrees>-121.8755331</LongitudeDegrees>
            </Position>
            <AltitudeMeters>23.2</AltitudeMeters>
            <DistanceMeters>11657.00</DistanceMeters>
            <HeartRateBpm><Value>146</Value></HeartRateBpm>
            <Cadence>170</Cadence>
          </Trackpoint>
          <Trackpoint>
            <Time>2026-04-11T14:49:59.000Z</Time>
            <Position>
              <LatitudeDegrees>37.3466699</LatitudeDegrees>
              <LongitudeDegrees>-121.8756299</LongitudeDegrees>
            </Position>
            <AltitudeMeters>23.3</AltitudeMeters>
            <DistanceMeters>11669.08</DistanceMeters>
            <HeartRateBpm><Value>146</Value></HeartRateBpm>
            <Cadence>170</Cadence>
          </Trackpoint>
          <Trackpoint>
            <Time>2026-04-11T14:50:04.000Z</Time>
            <Position>
              <LatitudeDegrees>37.3465931</LatitudeDegrees>
              <LongitudeDegrees>-121.8757267</LongitudeDegrees>
            </Position>
            <AltitudeMeters>23.3</AltitudeMeters>
            <DistanceMeters>11681.16</DistanceMeters>
            <HeartRateBpm><Value>146</Value></HeartRateBpm>
            <Cadence>170</Cadence>
          </Trackpoint>
          <Trackpoint>
            <Time>2026-04-11T14:50:09.000Z</Time>
            <Position>
              <LatitudeDegrees>37.3465162</LatitudeDegrees>
              <LongitudeDegrees>-121.8758236</LongitudeDegrees>
            </Position>
            <AltitudeMeters>23.4</AltitudeMeters>
            <DistanceMeters>11693.24</DistanceMeters>
            <HeartRateBpm><Value>146</Value></HeartRateBpm>
            <Cadence>170</Cadence>
          </Trackpoint>
          <Trackpoint>
            <Time>2026-04-11T14:50:14.000Z</Time>
            <Position>
              <LatitudeDegrees>37.3464393</LatitudeDegrees>
              <LongitudeDegrees>-121.8759204</LongitudeDegrees>
            </Position>
            <AltitudeMeters>23.4</AltitudeMeters>
            <DistanceMeters>11705.31</DistanceMeters>
            <HeartRateBpm><Value>146</Value></HeartRateBpm>
            <Cadence>170</Cadence>
          </Trackpoint>
          <Trackpoint>
            <Time>2026-04-11T14:50:19.000Z</Time>
            <Position>
              <LatitudeDegrees>37.3463625</LatitudeDegrees>
              <LongitudeDegrees>-121.8760172</LongitudeDegrees>
            </Position>
            <AltitudeMeters>23.4</AltitudeMeters>
            <DistanceMeters>11717.39</DistanceMeters>
            <HeartRateBpm><Value>146</Value></HeartRateBpm>
            <Cadence>170</Cadence>
          </Trackpoint>
          <Trackpoint>
            <Time>2026-04-11T14:50:24.000Z</Time>
            <Position>
              <LatitudeDegrees>37.3462856</LatitudeDegrees>
              <LongitudeDegrees>-121.8761140</LongitudeDegrees>
            </Position>
            <AltitudeMeters>23.5</AltitudeMeters>
            <DistanceMeters>11729.47</DistanceMeters>
            <HeartRateBpm><Value>146</Value></HeartRateBpm>
            <Cadence>170</Cadence>
          </Trackpoint>
          <Trackpoint>
            <Time>2026-04-11T14:50:29.000Z</Time>
            <Position>
              <LatitudeDegrees>37.3462088</LatitudeDegrees>
              <LongitudeDegrees>-121.8762109</LongitudeDegrees>
            </Position>
            <AltitudeMeters>23.5</AltitudeMeters>
            <DistanceMeters>11741.55</DistanceMeters>
            <HeartRateBpm><Value>146</Value></HeartRateBpm>
            <Cadence>170</Cadence>
          </Trackpoint>
          <Trackpoint>
            <Time>2026-04-11T14:50:34.000Z</Time>
            <Position>
              <LatitudeDegrees>37.3461319</LatitudeDegrees>
              <LongitudeDegrees>-121.8763077</LongitudeDegrees>
            </Position>
            <AltitudeMeters>23.6</AltitudeMeters>
            <DistanceMeters>11753.62</DistanceMeters>
            <HeartRateBpm><Value>146</Value></HeartRateBpm>
            <Cadence>170</Cadence>
          </Trackpoint>
          <Trackpoint>
            <Time>2026-04-11T14:50:39.000Z</Time>
            <Position>
              <LatitudeDegrees>37.3460550</LatitudeDegrees>
              <LongitudeDegrees>-121.8764045</LongitudeDegrees>
            </Position>
            <AltitudeMeters>23.7</AltitudeMeters>
            <DistanceMeters>11765.70</DistanceMeters>
            <HeartRateBpm><Value>146</Value></HeartRateBpm>
            <Cadence>170</Cadence>
          </Trackpoint>
          <Trackpoint>
            <Time>2026-04-11T14:50:44.000Z</Time>
            <Position>
              <LatitudeDegrees>37.3459782</LatitudeDegrees>
              <LongitudeDegrees>-121.8765013</LongitudeDegrees>
            </Position>
            <AltitudeMeters>23.7</AltitudeMeters>
            <DistanceMeters>11777.78</DistanceMeters>
            <HeartRateBpm><Value>146</Value></HeartRateBpm>
            <Cadence>170</Cadence>
          </Trackpoint>
          <Trackpoint>
            <Time>2026-04-11T14:50:49.000Z</Time>
            <Position>
              <LatitudeDegrees>37.3459013</LatitudeDegrees>
              <LongitudeDegrees>-121.8765982</LongitudeDegrees>
            </Position>
            <AltitudeMeters>23.8</AltitudeMeters>
            <DistanceMeters>11789.86</DistanceMeters>
            <HeartRateBpm><Value>146</Value></HeartRateBpm>
            <Cadence>170</Cadence>
          </Trackpoint>
          <Trackpoint>
            <Time>2026-04-11T14:50:54.000Z</Time>
            <Position>
              <LatitudeDegrees>37.3458245</LatitudeDegrees>
              <LongitudeDegrees>-121.8766950</LongitudeDegrees>
            </Position>
            <AltitudeMeters>23.8</AltitudeMeters>
            <DistanceMeters>11801.93</DistanceMeters>
            <HeartRateBpm><Value>146</Value></HeartRateBpm>
            <Cadence>170</Cadence>
          </Trackpoint>
          <Trackpoint>
            <Time>2026-04-11T14:50:59.000Z</Time>
            <Position>
              <LatitudeDegrees>37.3457476</LatitudeDegrees>
              <LongitudeDegrees>-121.8767918</LongitudeDegrees>
            </Position>
            <AltitudeMeters>23.9</AltitudeMeters>
            <DistanceMeters>11814.01</DistanceMeters>
            <HeartRateBpm><Value>146</Value></HeartRateBpm>
            <Cadence>170</Cadence>
          </Trackpoint>
          <Trackpoint>
            <Time>2026-04-11T14:51:04.000Z</Time>
            <Position>
              <LatitudeDegrees>37.3456707</LatitudeDegrees>
              <LongitudeDegrees>-121.8768886</LongitudeDegrees>
            </Position>
            <AltitudeMeters>24</AltitudeMeters>
            <DistanceMeters>11826.09</DistanceMeters>
            <HeartRateBpm><Value>146</Value></HeartRateBpm>
            <Cadence>170</Cadence>
          </Trackpoint>
          <Trackpoint>
            <Time>2026-04-11T14:51:09.000Z</Time>
            <Position>
              <LatitudeDegrees>37.3455939</LatitudeDegrees>
              <LongitudeDegrees>-121.8769855</LongitudeDegrees>
            </Position>
            <AltitudeMeters>24</AltitudeMeters>
            <DistanceMeters>11838.16</DistanceMeters>
            <HeartRateBpm><Value>146</Value></HeartRateBpm>
            <Cadence>170</Cadence>
          </Trackpoint>
          <Trackpoint>
            <Time>2026-04-11T14:51:14.000Z</Time>
            <Position>
              <LatitudeDegrees>37.3455170</LatitudeDegrees>
              <LongitudeDegrees>-121.8770823</LongitudeDegrees>
            </Position>
            <AltitudeMeters>24.1</AltitudeMeters>
            <DistanceMeters>11850.24</DistanceMeters>
            <HeartRateBpm><Value>146</Value></HeartRateBpm>
            <Cadence>170</Cadence>
          </Trackpoint>
          <Trackpoint>
            <Time>2026-04-11T14:51:19.000Z</Time>
            <Position>
              <LatitudeDegrees>37.3454402</LatitudeDegrees>
              <LongitudeDegrees>-121.8771791</LongitudeDegrees>
            </Position>
            <AltitudeMeters>24.2</AltitudeMeters>
            <DistanceMeters>11862.32</DistanceMeters>
            <HeartRateBpm><Value>146</Value></HeartRateBpm>
            <Cadence>170</Cadence>
          </Trackpoint>
          <Trackpoint>
            <Time>2026-04-11T14:51:24.000Z</Time>
            <Position>
              <LatitudeDegrees>37.3453633</LatitudeDegrees>
              <LongitudeDegrees>-121.8772759</LongitudeDegrees>
            </Position>
            <AltitudeMeters>24.2</AltitudeMeters>
            <DistanceMeters>11874.40</DistanceMeters>
            <HeartRateBpm><Value>146</Value></HeartRateBpm>
            <Cadence>170</Cadence>
          </Trackpoint>
          <Trackpoint>
            <Time>2026-04-11T14:51:29.000Z</Time>
            <Position>
              <LatitudeDegrees>37.3452864</LatitudeDegrees>
              <LongitudeDegrees>-121.8773728</LongitudeDegrees>
            </Position>
            <AltitudeMeters>24.3</AltitudeMeters>
            <DistanceMeters>11886.47</DistanceMeters>
            <HeartRateBpm><Value>146</Value></HeartRateBpm>
            <Cadence>170</Cadence>
          </Trackpoint>
          <Trackpoint>
            <Time>2026-04-11T14:51:34.000Z</Time>
            <Position>
              <LatitudeDegrees>37.3452096</LatitudeDegrees>
              <LongitudeDegrees>-121.8774696</LongitudeDegrees>
            </Position>
            <AltitudeMeters>24.4</AltitudeMeters>
            <DistanceMeters>11898.55</DistanceMeters>
            <HeartRateBpm><Value>146</Value></HeartRateBpm>
            <Cadence>170</Cadence>
          </Trackpoint>
          <Trackpoint>
            <Time>2026-04-11T14:51:39.000Z</Time>
            <Position>
              <LatitudeDegrees>37.3451327</LatitudeDegrees>
              <LongitudeDegrees>-121.8775664</LongitudeDegrees>
            </Position>
            <AltitudeMeters>24.4</AltitudeMeters>
            <DistanceMeters>11910.63</DistanceMeters>
            <HeartRateBpm><Value>146</Value></HeartRateBpm>
            <Cadence>170</Cadence>
          </Trackpoint>
          <Trackpoint>
            <Time>2026-04-11T14:51:44.000Z</Time>
            <Position>
              <LatitudeDegrees>37.3450559</LatitudeDegrees>
              <LongitudeDegrees>-121.8776632</LongitudeDegrees>
            </Position>
            <AltitudeMeters>24.5</AltitudeMeters>
            <DistanceMeters>11922.71</DistanceMeters>
            <HeartRateBpm><Value>146</Value></HeartRateBpm>
            <Cadence>170</Cadence>
          </Trackpoint>
          <Trackpoint>
            <Time>2026-04-11T14:51:49.000Z</Time>
            <Position>
              <LatitudeDegrees>37.3449790</LatitudeDegrees>
              <LongitudeDegrees>-121.8777601</LongitudeDegrees>
            </Position>
            <AltitudeMeters>24.6</AltitudeMeters>
            <DistanceMeters>11934.78</DistanceMeters>
            <HeartRateBpm><Value>146</Value></HeartRateBpm>
            <Cadence>170</Cadence>
          </Trackpoint>
          <Trackpoint>
            <Time>2026-04-11T14:51:54.000Z</Time>
            <Position>
              <LatitudeDegrees>37.3449021</LatitudeDegrees>
              <LongitudeDegrees>-121.8778569</LongitudeDegrees>
            </Position>
            <AltitudeMeters>24.7</AltitudeMeters>
            <DistanceMeters>11946.86</DistanceMeters>
            <HeartRateBpm><Value>146</Value></HeartRateBpm>
            <Cadence>170</Cadence>
          </Trackpoint>
          <Trackpoint>
            <Time>2026-04-11T14:51:59.000Z</Time>
            <Position>
              <LatitudeDegrees>37.3448253</LatitudeDegrees>
              <LongitudeDegrees>-121.8779537</LongitudeDegrees>
            </Position>
            <AltitudeMeters>24.7</AltitudeMeters>
            <DistanceMeters>11958.94</DistanceMeters>
            <HeartRateBpm><Value>146</Value></HeartRateBpm>
            <Cadence>170</Cadence>
          </Trackpoint>
          <Trackpoint>
            <Time>2026-04-11T14:52:04.000Z</Time>
            <Position>
              <LatitudeDegrees>37.3447484</LatitudeDegrees>
              <LongitudeDegrees>-121.8780505</LongitudeDegrees>
            </Position>
            <AltitudeMeters>24.8</AltitudeMeters>
            <DistanceMeters>11971.01</DistanceMeters>
            <HeartRateBpm><Value>146</Value></HeartRateBpm>
            <Cadence>170</Cadence>
          </Trackpoint>
          <Trackpoint>
            <Time>2026-04-11T14:52:09.000Z</Time>
            <Position>
              <LatitudeDegrees>37.3446716</LatitudeDegrees>
              <LongitudeDegrees>-121.8781474</LongitudeDegrees>
            </Position>
            <AltitudeMeters>24.9</AltitudeMeters>
            <DistanceMeters>11983.09</DistanceMeters>
            <HeartRateBpm><Value>146</Value></HeartRateBpm>
            <Cadence>170</Cadence>
          </Trackpoint>
          <Trackpoint>
            <Time>2026-04-11T14:52:14.000Z</Time>
            <Position>
              <LatitudeDegrees>37.3445947</LatitudeDegrees>
              <LongitudeDegrees>-121.8782442</LongitudeDegrees>
            </Position>
            <AltitudeMeters>25</AltitudeMeters>
            <DistanceMeters>11995.17</DistanceMeters>
            <HeartRateBpm><Value>146</Value></HeartRateBpm>
            <Cadence>170</Cadence>
          </Trackpoint>
          <Trackpoint>
            <Time>2026-04-11T14:52:19.000Z</Time>
            <Position>
              <LatitudeDegrees>37.3445179</LatitudeDegrees>
              <LongitudeDegrees>-121.8783410</LongitudeDegrees>
            </Position>
            <AltitudeMeters>25</AltitudeMeters>
            <DistanceMeters>12007.25</DistanceMeters>
            <HeartRateBpm><Value>146</Value></HeartRateBpm>
            <Cadence>170</Cadence>
          </Trackpoint>
          <Trackpoint>
            <Time>2026-04-11T14:52:24.000Z</Time>
            <Position>
              <LatitudeDegrees>37.3444410</LatitudeDegrees>
              <LongitudeDegrees>-121.8784378</LongitudeDegrees>
            </Position>
            <AltitudeMeters>25.1</AltitudeMeters>
            <DistanceMeters>12019.32</DistanceMeters>
            <HeartRateBpm><Value>146</Value></HeartRateBpm>
            <Cadence>170</Cadence>
          </Trackpoint>
          <Trackpoint>
            <Time>2026-04-11T14:52:29.000Z</Time>
            <Position>
              <LatitudeDegrees>37.3443641</LatitudeDegrees>
              <LongitudeDegrees>-121.8785347</LongitudeDegrees>
            </Position>
            <AltitudeMeters>25.2</AltitudeMeters>
            <DistanceMeters>12031.40</DistanceMeters>
            <HeartRateBpm><Value>146</Value></HeartRateBpm>
            <Cadence>170</Cadence>
          </Trackpoint>
          <Trackpoint>
            <Time>2026-04-11T14:52:34.000Z</Time>
            <Position>
              <LatitudeDegrees>37.3442873</LatitudeDegrees>
              <LongitudeDegrees>-121.8786315</LongitudeDegrees>
            </Position>
            <AltitudeMeters>25.3</AltitudeMeters>
            <DistanceMeters>12043.48</DistanceMeters>
            <HeartRateBpm><Value>146</Value></HeartRateBpm>
            <Cadence>170</Cadence>
          </Trackpoint>
          <Trackpoint>
            <Time>2026-04-11T14:52:39.000Z</Time>
            <Position>
              <LatitudeDegrees>37.3442104</LatitudeDegrees>
              <LongitudeDegrees>-121.8787283</LongitudeDegrees>
            </Position>
            <AltitudeMeters>25.3</AltitudeMeters>
            <DistanceMeters>12055.56</DistanceMeters>
            <HeartRateBpm><Value>146</Value></HeartRateBpm>
            <Cadence>170</Cadence>
          </Trackpoint>
          <Trackpoint>
            <Time>2026-04-11T14:52:44.000Z</Time>
            <Position>
              <LatitudeDegrees>37.3441336</LatitudeDegrees>
              <LongitudeDegrees>-121.8788251</LongitudeDegrees>
            </Position>
            <AltitudeMeters>25.4</AltitudeMeters>
            <DistanceMeters>12067.63</DistanceMeters>
            <HeartRateBpm><Value>146</Value></HeartRateBpm>
            <Cadence>170</Cadence>
          </Trackpoint>
          <Trackpoint>
            <Time>2026-04-11T14:52:49.000Z</Time>
            <Position>
              <LatitudeDegrees>37.3440567</LatitudeDegrees>
              <LongitudeDegrees>-121.8789220</LongitudeDegrees>
            </Position>
            <AltitudeMeters>25.5</AltitudeMeters>
            <DistanceMeters>12079.71</DistanceMeters>
            <HeartRateBpm><Value>146</Value></HeartRateBpm>
            <Cadence>170</Cadence>
          </Trackpoint>
          <Trackpoint>
            <Time>2026-04-11T14:52:54.000Z</Time>
            <Position>
              <LatitudeDegrees>37.3439798</LatitudeDegrees>
              <LongitudeDegrees>-121.8790188</LongitudeDegrees>
            </Position>
            <AltitudeMeters>25.6</AltitudeMeters>
            <DistanceMeters>12091.79</DistanceMeters>
            <HeartRateBpm><Value>146</Value></HeartRateBpm>
            <Cadence>170</Cadence>
          </Trackpoint>
          <Trackpoint>
            <Time>2026-04-11T14:52:59.000Z</Time>
            <Position>
              <LatitudeDegrees>37.3439030</LatitudeDegrees>
              <LongitudeDegrees>-121.8791156</LongitudeDegrees>
            </Position>
            <AltitudeMeters>25.6</AltitudeMeters>
            <DistanceMeters>12103.86</DistanceMeters>
            <HeartRateBpm><Value>146</Value></HeartRateBpm>
            <Cadence>170</Cadence>
          </Trackpoint>
          <Trackpoint>
            <Time>2026-04-11T14:53:04.000Z</Time>
            <Position>
              <LatitudeDegrees>37.3438261</LatitudeDegrees>
              <LongitudeDegrees>-121.8792124</LongitudeDegrees>
            </Position>
            <AltitudeMeters>25.7</AltitudeMeters>
            <DistanceMeters>12115.94</DistanceMeters>
            <HeartRateBpm><Value>146</Value></HeartRateBpm>
            <Cadence>170</Cadence>
          </Trackpoint>
          <Trackpoint>
            <Time>2026-04-11T14:53:09.000Z</Time>
            <Position>
              <LatitudeDegrees>37.3437493</LatitudeDegrees>
              <LongitudeDegrees>-121.8793093</LongitudeDegrees>
            </Position>
            <AltitudeMeters>25.8</AltitudeMeters>
            <DistanceMeters>12128.02</DistanceMeters>
            <HeartRateBpm><Value>146</Value></HeartRateBpm>
            <Cadence>170</Cadence>
          </Trackpoint>
          <Trackpoint>
            <Time>2026-04-11T14:53:14.000Z</Time>
            <Position>
              <LatitudeDegrees>37.3436724</LatitudeDegrees>
              <LongitudeDegrees>-121.8794061</LongitudeDegrees>
            </Position>
            <AltitudeMeters>25.9</AltitudeMeters>
            <DistanceMeters>12140.10</DistanceMeters>
            <HeartRateBpm><Value>146</Value></HeartRateBpm>
            <Cadence>170</Cadence>
          </Trackpoint>
          <Trackpoint>
            <Time>2026-04-11T14:53:19.000Z</Time>
            <Position>
              <LatitudeDegrees>37.3435955</LatitudeDegrees>
              <LongitudeDegrees>-121.8795029</LongitudeDegrees>
            </Position>
            <AltitudeMeters>25.9</AltitudeMeters>
            <DistanceMeters>12152.17</DistanceMeters>
            <HeartRateBpm><Value>146</Value></HeartRateBpm>
            <Cadence>170</Cadence>
          </Trackpoint>
          <Trackpoint>
            <Time>2026-04-11T14:53:24.000Z</Time>
            <Position>
              <LatitudeDegrees>37.3435187</LatitudeDegrees>
              <LongitudeDegrees>-121.8795997</LongitudeDegrees>
            </Position>
            <AltitudeMeters>26</AltitudeMeters>
            <DistanceMeters>12164.25</DistanceMeters>
            <HeartRateBpm><Value>146</Value></HeartRateBpm>
            <Cadence>170</Cadence>
          </Trackpoint>
          <Trackpoint>
            <Time>2026-04-11T14:53:29.000Z</Time>
            <Position>
              <LatitudeDegrees>37.3434418</LatitudeDegrees>
              <LongitudeDegrees>-121.8796966</LongitudeDegrees>
            </Position>
            <AltitudeMeters>26.1</AltitudeMeters>
            <DistanceMeters>12176.33</DistanceMeters>
            <HeartRateBpm><Value>146</Value></HeartRateBpm>
            <Cadence>170</Cadence>
          </Trackpoint>
          <Trackpoint>
            <Time>2026-04-11T14:53:34.000Z</Time>
            <Position>
              <LatitudeDegrees>37.3433650</LatitudeDegrees>
              <LongitudeDegrees>-121.8797934</LongitudeDegrees>
            </Position>
            <AltitudeMeters>26.1</AltitudeMeters>
            <DistanceMeters>12188.41</DistanceMeters>
            <HeartRateBpm><Value>146</Value></HeartRateBpm>
            <Cadence>170</Cadence>
          </Trackpoint>
          <Trackpoint>
            <Time>2026-04-11T14:53:39.000Z</Time>
            <Position>
              <LatitudeDegrees>37.3432881</LatitudeDegrees>
              <LongitudeDegrees>-121.8798902</LongitudeDegrees>
            </Position>
            <AltitudeMeters>26.2</AltitudeMeters>
            <DistanceMeters>12200.48</DistanceMeters>
            <HeartRateBpm><Value>146</Value></HeartRateBpm>
            <Cadence>170</Cadence>
          </Trackpoint>
          <Trackpoint>
            <Time>2026-04-11T14:53:44.000Z</Time>
            <Position>
              <LatitudeDegrees>37.3432112</LatitudeDegrees>
              <LongitudeDegrees>-121.8799870</LongitudeDegrees>
            </Position>
            <AltitudeMeters>26.2</AltitudeMeters>
            <DistanceMeters>12212.56</DistanceMeters>
            <HeartRateBpm><Value>146</Value></HeartRateBpm>
            <Cadence>170</Cadence>
          </Trackpoint>
          <Trackpoint>
            <Time>2026-04-11T14:53:49.000Z</Time>
            <Position>
              <LatitudeDegrees>37.3431344</LatitudeDegrees>
              <LongitudeDegrees>-121.8800839</LongitudeDegrees>
            </Position>
            <AltitudeMeters>26.3</AltitudeMeters>
            <DistanceMeters>12224.64</DistanceMeters>
            <HeartRateBpm><Value>146</Value></HeartRateBpm>
            <Cadence>170</Cadence>
          </Trackpoint>
          <Trackpoint>
            <Time>2026-04-11T14:53:54.000Z</Time>
            <Position>
              <LatitudeDegrees>37.3430575</LatitudeDegrees>
              <LongitudeDegrees>-121.8801807</LongitudeDegrees>
            </Position>
            <AltitudeMeters>26.4</AltitudeMeters>
            <DistanceMeters>12236.71</DistanceMeters>
            <HeartRateBpm><Value>146</Value></HeartRateBpm>
            <Cadence>170</Cadence>
          </Trackpoint>
          <Trackpoint>
            <Time>2026-04-11T14:53:59.000Z</Time>
            <Position>
              <LatitudeDegrees>37.3429807</LatitudeDegrees>
              <LongitudeDegrees>-121.8802775</LongitudeDegrees>
            </Position>
            <AltitudeMeters>26.4</AltitudeMeters>
            <DistanceMeters>12248.79</DistanceMeters>
            <HeartRateBpm><Value>146</Value></HeartRateBpm>
            <Cadence>170</Cadence>
          </Trackpoint>
          <Trackpoint>
            <Time>2026-04-11T14:54:04.000Z</Time>
            <Position>
              <LatitudeDegrees>37.3429038</LatitudeDegrees>
              <LongitudeDegrees>-121.8803743</LongitudeDegrees>
            </Position>
            <AltitudeMeters>26.5</AltitudeMeters>
            <DistanceMeters>12260.87</DistanceMeters>
            <HeartRateBpm><Value>146</Value></HeartRateBpm>
            <Cadence>170</Cadence>
          </Trackpoint>
          <Trackpoint>
            <Time>2026-04-11T14:54:09.000Z</Time>
            <Position>
              <LatitudeDegrees>37.3428269</LatitudeDegrees>
              <LongitudeDegrees>-121.8804712</LongitudeDegrees>
            </Position>
            <AltitudeMeters>26.5</AltitudeMeters>
            <DistanceMeters>12272.95</DistanceMeters>
            <HeartRateBpm><Value>146</Value></HeartRateBpm>
            <Cadence>170</Cadence>
          </Trackpoint>
          <Trackpoint>
            <Time>2026-04-11T14:54:14.000Z</Time>
            <Position>
              <LatitudeDegrees>37.3427501</LatitudeDegrees>
              <LongitudeDegrees>-121.8805680</LongitudeDegrees>
            </Position>
            <AltitudeMeters>26.6</AltitudeMeters>
            <DistanceMeters>12285.02</DistanceMeters>
            <HeartRateBpm><Value>146</Value></HeartRateBpm>
            <Cadence>170</Cadence>
          </Trackpoint>
          <Trackpoint>
            <Time>2026-04-11T14:54:19.000Z</Time>
            <Position>
              <LatitudeDegrees>37.3426732</LatitudeDegrees>
              <LongitudeDegrees>-121.8806648</LongitudeDegrees>
            </Position>
            <AltitudeMeters>26.6</AltitudeMeters>
            <DistanceMeters>12297.10</DistanceMeters>
            <HeartRateBpm><Value>146</Value></HeartRateBpm>
            <Cadence>170</Cadence>
          </Trackpoint>
          <Trackpoint>
            <Time>2026-04-11T14:54:24.000Z</Time>
            <Position>
              <LatitudeDegrees>37.3425964</LatitudeDegrees>
              <LongitudeDegrees>-121.8807616</LongitudeDegrees>
            </Position>
            <AltitudeMeters>26.7</AltitudeMeters>
            <DistanceMeters>12309.18</DistanceMeters>
            <HeartRateBpm><Value>146</Value></HeartRateBpm>
            <Cadence>170</Cadence>
          </Trackpoint>
          <Trackpoint>
            <Time>2026-04-11T14:54:29.000Z</Time>
            <Position>
              <LatitudeDegrees>37.3425195</LatitudeDegrees>
              <LongitudeDegrees>-121.8808585</LongitudeDegrees>
            </Position>
            <AltitudeMeters>26.7</AltitudeMeters>
            <DistanceMeters>12321.26</DistanceMeters>
            <HeartRateBpm><Value>146</Value></HeartRateBpm>
            <Cadence>170</Cadence>
          </Trackpoint>
          <Trackpoint>
            <Time>2026-04-11T14:54:34.000Z</Time>
            <Position>
              <LatitudeDegrees>37.3424426</LatitudeDegrees>
              <LongitudeDegrees>-121.8809553</LongitudeDegrees>
            </Position>
            <AltitudeMeters>26.7</AltitudeMeters>
            <DistanceMeters>12333.33</DistanceMeters>
            <HeartRateBpm><Value>146</Value></HeartRateBpm>
            <Cadence>170</Cadence>
          </Trackpoint>
          <Trackpoint>
            <Time>2026-04-11T14:54:39.000Z</Time>
            <Position>
              <LatitudeDegrees>37.3423658</LatitudeDegrees>
              <LongitudeDegrees>-121.8810521</LongitudeDegrees>
            </Position>
            <AltitudeMeters>26.8</AltitudeMeters>
            <DistanceMeters>12345.41</DistanceMeters>
            <HeartRateBpm><Value>146</Value></HeartRateBpm>
            <Cadence>170</Cadence>
          </Trackpoint>
          <Trackpoint>
            <Time>2026-04-11T14:54:44.000Z</Time>
            <Position>
              <LatitudeDegrees>37.3422889</LatitudeDegrees>
              <LongitudeDegrees>-121.8811489</LongitudeDegrees>
            </Position>
            <AltitudeMeters>26.8</AltitudeMeters>
            <DistanceMeters>12357.49</DistanceMeters>
            <HeartRateBpm><Value>146</Value></HeartRateBpm>
            <Cadence>170</Cadence>
          </Trackpoint>
          <Trackpoint>
            <Time>2026-04-11T14:54:49.000Z</Time>
            <Position>
              <LatitudeDegrees>37.3422121</LatitudeDegrees>
              <LongitudeDegrees>-121.8812458</LongitudeDegrees>
            </Position>
            <AltitudeMeters>26.8</AltitudeMeters>
            <DistanceMeters>12369.57</DistanceMeters>
            <HeartRateBpm><Value>146</Value></HeartRateBpm>
            <Cadence>170</Cadence>
          </Trackpoint>
          <Trackpoint>
            <Time>2026-04-11T14:54:54.000Z</Time>
            <Position>
              <LatitudeDegrees>37.3421352</LatitudeDegrees>
              <LongitudeDegrees>-121.8813426</LongitudeDegrees>
            </Position>
            <AltitudeMeters>26.9</AltitudeMeters>
            <DistanceMeters>12381.64</DistanceMeters>
            <HeartRateBpm><Value>146</Value></HeartRateBpm>
            <Cadence>170</Cadence>
          </Trackpoint>
          <Trackpoint>
            <Time>2026-04-11T14:54:59.000Z</Time>
            <Position>
              <LatitudeDegrees>37.3420583</LatitudeDegrees>
              <LongitudeDegrees>-121.8814394</LongitudeDegrees>
            </Position>
            <AltitudeMeters>26.9</AltitudeMeters>
            <DistanceMeters>12393.72</DistanceMeters>
            <HeartRateBpm><Value>146</Value></HeartRateBpm>
            <Cadence>170</Cadence>
          </Trackpoint>
          <Trackpoint>
            <Time>2026-04-11T14:55:04.000Z</Time>
            <Position>
              <LatitudeDegrees>37.3419815</LatitudeDegrees>
              <LongitudeDegrees>-121.8815362</LongitudeDegrees>
            </Position>
            <AltitudeMeters>26.9</AltitudeMeters>
            <DistanceMeters>12405.80</DistanceMeters>
            <HeartRateBpm><Value>146</Value></HeartRateBpm>
            <Cadence>170</Cadence>
          </Trackpoint>
          <Trackpoint>
            <Time>2026-04-11T14:55:09.000Z</Time>
            <Position>
              <LatitudeDegrees>37.3419046</LatitudeDegrees>
              <LongitudeDegrees>-121.8816331</LongitudeDegrees>
            </Position>
            <AltitudeMeters>26.9</AltitudeMeters>
            <DistanceMeters>12417.87</DistanceMeters>
            <HeartRateBpm><Value>146</Value></HeartRateBpm>
            <Cadence>170</Cadence>
          </Trackpoint>
          <Trackpoint>
            <Time>2026-04-11T14:55:14.000Z</Time>
            <Position>
              <LatitudeDegrees>37.3418278</LatitudeDegrees>
              <LongitudeDegrees>-121.8817299</LongitudeDegrees>
            </Position>
            <AltitudeMeters>27</AltitudeMeters>
            <DistanceMeters>12429.95</DistanceMeters>
            <HeartRateBpm><Value>146</Value></HeartRateBpm>
            <Cadence>170</Cadence>
          </Trackpoint>
          <Trackpoint>
            <Time>2026-04-11T14:55:19.000Z</Time>
            <Position>
              <LatitudeDegrees>37.3417509</LatitudeDegrees>
              <LongitudeDegrees>-121.8818267</LongitudeDegrees>
            </Position>
            <AltitudeMeters>27</AltitudeMeters>
            <DistanceMeters>12442.03</DistanceMeters>
            <HeartRateBpm><Value>146</Value></HeartRateBpm>
            <Cadence>170</Cadence>
          </Trackpoint>
          <Trackpoint>
            <Time>2026-04-11T14:55:24.000Z</Time>
            <Position>
              <LatitudeDegrees>37.3416740</LatitudeDegrees>
              <LongitudeDegrees>-121.8819235</LongitudeDegrees>
            </Position>
            <AltitudeMeters>27</AltitudeMeters>
            <DistanceMeters>12454.11</DistanceMeters>
            <HeartRateBpm><Value>146</Value></HeartRateBpm>
            <Cadence>170</Cadence>
          </Trackpoint>
          <Trackpoint>
            <Time>2026-04-11T14:55:29.000Z</Time>
            <Position>
              <LatitudeDegrees>37.3415972</LatitudeDegrees>
              <LongitudeDegrees>-121.8820203</LongitudeDegrees>
            </Position>
            <AltitudeMeters>27</AltitudeMeters>
            <DistanceMeters>12466.18</DistanceMeters>
            <HeartRateBpm><Value>146</Value></HeartRateBpm>
            <Cadence>170</Cadence>
          </Trackpoint>
          <Trackpoint>
            <Time>2026-04-11T14:55:34.000Z</Time>
            <Position>
              <LatitudeDegrees>37.3415203</LatitudeDegrees>
              <LongitudeDegrees>-121.8821172</LongitudeDegrees>
            </Position>
            <AltitudeMeters>27</AltitudeMeters>
            <DistanceMeters>12478.26</DistanceMeters>
            <HeartRateBpm><Value>146</Value></HeartRateBpm>
            <Cadence>170</Cadence>
          </Trackpoint>
          <Trackpoint>
            <Time>2026-04-11T14:55:39.000Z</Time>
            <Position>
              <LatitudeDegrees>37.3414435</LatitudeDegrees>
              <LongitudeDegrees>-121.8822140</LongitudeDegrees>
            </Position>
            <AltitudeMeters>27</AltitudeMeters>
            <DistanceMeters>12490.34</DistanceMeters>
            <HeartRateBpm><Value>146</Value></HeartRateBpm>
            <Cadence>170</Cadence>
          </Trackpoint>
          <Trackpoint>
            <Time>2026-04-11T14:55:44.000Z</Time>
            <Position>
              <LatitudeDegrees>37.3413666</LatitudeDegrees>
              <LongitudeDegrees>-121.8823108</LongitudeDegrees>
            </Position>
            <AltitudeMeters>27</AltitudeMeters>
            <DistanceMeters>12502.42</DistanceMeters>
            <HeartRateBpm><Value>146</Value></HeartRateBpm>
            <Cadence>170</Cadence>
          </Trackpoint>
          <Trackpoint>
            <Time>2026-04-11T14:55:49.000Z</Time>
            <Position>
              <LatitudeDegrees>37.3412898</LatitudeDegrees>
              <LongitudeDegrees>-121.8824076</LongitudeDegrees>
            </Position>
            <AltitudeMeters>27</AltitudeMeters>
            <DistanceMeters>12514.49</DistanceMeters>
            <HeartRateBpm><Value>146</Value></HeartRateBpm>
            <Cadence>170</Cadence>
          </Trackpoint>
          <Trackpoint>
            <Time>2026-04-11T14:55:54.000Z</Time>
            <Position>
              <LatitudeDegrees>37.3412129</LatitudeDegrees>
              <LongitudeDegrees>-121.8825045</LongitudeDegrees>
            </Position>
            <AltitudeMeters>27</AltitudeMeters>
            <DistanceMeters>12526.57</DistanceMeters>
            <HeartRateBpm><Value>146</Value></HeartRateBpm>
            <Cadence>170</Cadence>
          </Trackpoint>
          <Trackpoint>
            <Time>2026-04-11T14:55:59.000Z</Time>
            <Position>
              <LatitudeDegrees>37.3411360</LatitudeDegrees>
              <LongitudeDegrees>-121.8826013</LongitudeDegrees>
            </Position>
            <AltitudeMeters>27</AltitudeMeters>
            <DistanceMeters>12538.65</DistanceMeters>
            <HeartRateBpm><Value>146</Value></HeartRateBpm>
            <Cadence>170</Cadence>
          </Trackpoint>
          <Trackpoint>
            <Time>2026-04-11T14:56:04.000Z</Time>
            <Position>
              <LatitudeDegrees>37.3410592</LatitudeDegrees>
              <LongitudeDegrees>-121.8826981</LongitudeDegrees>
            </Position>
            <AltitudeMeters>27</AltitudeMeters>
            <DistanceMeters>12550.72</DistanceMeters>
            <HeartRateBpm><Value>146</Value></HeartRateBpm>
            <Cadence>170</Cadence>
          </Trackpoint>
          <Trackpoint>
            <Time>2026-04-11T14:56:09.000Z</Time>
            <Position>
              <LatitudeDegrees>37.3409823</LatitudeDegrees>
              <LongitudeDegrees>-121.8827949</LongitudeDegrees>
            </Position>
            <AltitudeMeters>27</AltitudeMeters>
            <DistanceMeters>12562.80</DistanceMeters>
            <HeartRateBpm><Value>146</Value></HeartRateBpm>
            <Cadence>170</Cadence>
          </Trackpoint>
          <Trackpoint>
            <Time>2026-04-11T14:56:14.000Z</Time>
            <Position>
              <LatitudeDegrees>37.3409055</LatitudeDegrees>
              <LongitudeDegrees>-121.8828918</LongitudeDegrees>
            </Position>
            <AltitudeMeters>26.9</AltitudeMeters>
            <DistanceMeters>12574.88</DistanceMeters>
            <HeartRateBpm><Value>146</Value></HeartRateBpm>
            <Cadence>170</Cadence>
          </Trackpoint>
          <Trackpoint>
            <Time>2026-04-11T14:56:19.000Z</Time>
            <Position>
              <LatitudeDegrees>37.3408286</LatitudeDegrees>
              <LongitudeDegrees>-121.8829886</LongitudeDegrees>
            </Position>
            <AltitudeMeters>26.9</AltitudeMeters>
            <DistanceMeters>12586.96</DistanceMeters>
            <HeartRateBpm><Value>146</Value></HeartRateBpm>
            <Cadence>170</Cadence>
          </Trackpoint>
          <Trackpoint>
            <Time>2026-04-11T14:56:24.000Z</Time>
            <Position>
              <LatitudeDegrees>37.3407517</LatitudeDegrees>
              <LongitudeDegrees>-121.8830854</LongitudeDegrees>
            </Position>
            <AltitudeMeters>26.9</AltitudeMeters>
            <DistanceMeters>12599.03</DistanceMeters>
            <HeartRateBpm><Value>146</Value></HeartRateBpm>
            <Cadence>170</Cadence>
          </Trackpoint>
          <Trackpoint>
            <Time>2026-04-11T14:56:29.000Z</Time>
            <Position>
              <LatitudeDegrees>37.3406749</LatitudeDegrees>
              <LongitudeDegrees>-121.8831822</LongitudeDegrees>
            </Position>
            <AltitudeMeters>26.9</AltitudeMeters>
            <DistanceMeters>12611.11</DistanceMeters>
            <HeartRateBpm><Value>146</Value></HeartRateBpm>
            <Cadence>170</Cadence>
          </Trackpoint>
          <Trackpoint>
            <Time>2026-04-11T14:56:34.000Z</Time>
            <Position>
              <LatitudeDegrees>37.3405980</LatitudeDegrees>
              <LongitudeDegrees>-121.8832791</LongitudeDegrees>
            </Position>
            <AltitudeMeters>26.9</AltitudeMeters>
            <DistanceMeters>12623.19</DistanceMeters>
            <HeartRateBpm><Value>146</Value></HeartRateBpm>
            <Cadence>170</Cadence>
          </Trackpoint>
          <Trackpoint>
            <Time>2026-04-11T14:56:39.000Z</Time>
            <Position>
              <LatitudeDegrees>37.3405212</LatitudeDegrees>
              <LongitudeDegrees>-121.8833759</LongitudeDegrees>
            </Position>
            <AltitudeMeters>26.8</AltitudeMeters>
            <DistanceMeters>12635.27</DistanceMeters>
            <HeartRateBpm><Value>146</Value></HeartRateBpm>
            <Cadence>170</Cadence>
          </Trackpoint>
          <Trackpoint>
            <Time>2026-04-11T14:56:44.000Z</Time>
            <Position>
              <LatitudeDegrees>37.3404443</LatitudeDegrees>
              <LongitudeDegrees>-121.8834727</LongitudeDegrees>
            </Position>
            <AltitudeMeters>26.8</AltitudeMeters>
            <DistanceMeters>12647.34</DistanceMeters>
            <HeartRateBpm><Value>146</Value></HeartRateBpm>
            <Cadence>170</Cadence>
          </Trackpoint>
          <Trackpoint>
            <Time>2026-04-11T14:56:49.000Z</Time>
            <Position>
              <LatitudeDegrees>37.3403674</LatitudeDegrees>
              <LongitudeDegrees>-121.8835695</LongitudeDegrees>
            </Position>
            <AltitudeMeters>26.8</AltitudeMeters>
            <DistanceMeters>12659.42</DistanceMeters>
            <HeartRateBpm><Value>146</Value></HeartRateBpm>
            <Cadence>170</Cadence>
          </Trackpoint>
          <Trackpoint>
            <Time>2026-04-11T14:56:54.000Z</Time>
            <Position>
              <LatitudeDegrees>37.3402906</LatitudeDegrees>
              <LongitudeDegrees>-121.8836664</LongitudeDegrees>
            </Position>
            <AltitudeMeters>26.7</AltitudeMeters>
            <DistanceMeters>12671.50</DistanceMeters>
            <HeartRateBpm><Value>146</Value></HeartRateBpm>
            <Cadence>170</Cadence>
          </Trackpoint>
          <Trackpoint>
            <Time>2026-04-11T14:56:59.000Z</Time>
            <Position>
              <LatitudeDegrees>37.3402137</LatitudeDegrees>
              <LongitudeDegrees>-121.8837632</LongitudeDegrees>
            </Position>
            <AltitudeMeters>26.7</AltitudeMeters>
            <DistanceMeters>12683.57</DistanceMeters>
            <HeartRateBpm><Value>146</Value></HeartRateBpm>
            <Cadence>170</Cadence>
          </Trackpoint>
          <Trackpoint>
            <Time>2026-04-11T14:57:04.000Z</Time>
            <Position>
              <LatitudeDegrees>37.3401369</LatitudeDegrees>
              <LongitudeDegrees>-121.8838600</LongitudeDegrees>
            </Position>
            <AltitudeMeters>26.6</AltitudeMeters>
            <DistanceMeters>12695.65</DistanceMeters>
            <HeartRateBpm><Value>146</Value></HeartRateBpm>
            <Cadence>170</Cadence>
          </Trackpoint>
          <Trackpoint>
            <Time>2026-04-11T14:57:09.000Z</Time>
            <Position>
              <LatitudeDegrees>37.3400600</LatitudeDegrees>
              <LongitudeDegrees>-121.8839568</LongitudeDegrees>
            </Position>
            <AltitudeMeters>26.6</AltitudeMeters>
            <DistanceMeters>12707.73</DistanceMeters>
            <HeartRateBpm><Value>146</Value></HeartRateBpm>
            <Cadence>170</Cadence>
          </Trackpoint>
          <Trackpoint>
            <Time>2026-04-11T14:57:14.000Z</Time>
            <Position>
              <LatitudeDegrees>37.3399831</LatitudeDegrees>
              <LongitudeDegrees>-121.8840537</LongitudeDegrees>
            </Position>
            <AltitudeMeters>26.5</AltitudeMeters>
            <DistanceMeters>12719.81</DistanceMeters>
            <HeartRateBpm><Value>146</Value></HeartRateBpm>
            <Cadence>170</Cadence>
          </Trackpoint>
          <Trackpoint>
            <Time>2026-04-11T14:57:19.000Z</Time>
            <Position>
              <LatitudeDegrees>37.3399063</LatitudeDegrees>
              <LongitudeDegrees>-121.8841505</LongitudeDegrees>
            </Position>
            <AltitudeMeters>26.5</AltitudeMeters>
            <DistanceMeters>12731.88</DistanceMeters>
            <HeartRateBpm><Value>146</Value></HeartRateBpm>
            <Cadence>170</Cadence>
          </Trackpoint>
          <Trackpoint>
            <Time>2026-04-11T14:57:24.000Z</Time>
            <Position>
              <LatitudeDegrees>37.3398294</LatitudeDegrees>
              <LongitudeDegrees>-121.8842473</LongitudeDegrees>
            </Position>
            <AltitudeMeters>26.4</AltitudeMeters>
            <DistanceMeters>12743.96</DistanceMeters>
            <HeartRateBpm><Value>146</Value></HeartRateBpm>
            <Cadence>170</Cadence>
          </Trackpoint>
          <Trackpoint>
            <Time>2026-04-11T14:57:29.000Z</Time>
            <Position>
              <LatitudeDegrees>37.3397526</LatitudeDegrees>
              <LongitudeDegrees>-121.8843441</LongitudeDegrees>
            </Position>
            <AltitudeMeters>26.4</AltitudeMeters>
            <DistanceMeters>12756.04</DistanceMeters>
            <HeartRateBpm><Value>146</Value></HeartRateBpm>
            <Cadence>170</Cadence>
          </Trackpoint>
          <Trackpoint>
            <Time>2026-04-11T14:57:34.000Z</Time>
            <Position>
              <LatitudeDegrees>37.3396757</LatitudeDegrees>
              <LongitudeDegrees>-121.8844410</LongitudeDegrees>
            </Position>
            <AltitudeMeters>26.3</AltitudeMeters>
            <DistanceMeters>12768.12</DistanceMeters>
            <HeartRateBpm><Value>146</Value></HeartRateBpm>
            <Cadence>170</Cadence>
          </Trackpoint>
          <Trackpoint>
            <Time>2026-04-11T14:57:39.000Z</Time>
            <Position>
              <LatitudeDegrees>37.3395988</LatitudeDegrees>
              <LongitudeDegrees>-121.8845378</LongitudeDegrees>
            </Position>
            <AltitudeMeters>26.3</AltitudeMeters>
            <DistanceMeters>12780.19</DistanceMeters>
            <HeartRateBpm><Value>146</Value></HeartRateBpm>
            <Cadence>170</Cadence>
          </Trackpoint>
          <Trackpoint>
            <Time>2026-04-11T14:57:44.000Z</Time>
            <Position>
              <LatitudeDegrees>37.3395220</LatitudeDegrees>
              <LongitudeDegrees>-121.8846346</LongitudeDegrees>
            </Position>
            <AltitudeMeters>26.2</AltitudeMeters>
            <DistanceMeters>12792.27</DistanceMeters>
            <HeartRateBpm><Value>146</Value></HeartRateBpm>
            <Cadence>170</Cadence>
          </Trackpoint>
          <Trackpoint>
            <Time>2026-04-11T14:57:49.000Z</Time>
            <Position>
              <LatitudeDegrees>37.3394451</LatitudeDegrees>
              <LongitudeDegrees>-121.8847314</LongitudeDegrees>
            </Position>
            <AltitudeMeters>26.2</AltitudeMeters>
            <DistanceMeters>12804.35</DistanceMeters>
            <HeartRateBpm><Value>146</Value></HeartRateBpm>
            <Cadence>170</Cadence>
          </Trackpoint>
          <Trackpoint>
            <Time>2026-04-11T14:57:54.000Z</Time>
            <Position>
              <LatitudeDegrees>37.3393683</LatitudeDegrees>
              <LongitudeDegrees>-121.8848283</LongitudeDegrees>
            </Position>
            <AltitudeMeters>26.1</AltitudeMeters>
            <DistanceMeters>12816.43</DistanceMeters>
            <HeartRateBpm><Value>146</Value></HeartRateBpm>
            <Cadence>170</Cadence>
          </Trackpoint>
          <Trackpoint>
            <Time>2026-04-11T14:57:59.000Z</Time>
            <Position>
              <LatitudeDegrees>37.3392914</LatitudeDegrees>
              <LongitudeDegrees>-121.8849251</LongitudeDegrees>
            </Position>
            <AltitudeMeters>26</AltitudeMeters>
            <DistanceMeters>12828.50</DistanceMeters>
            <HeartRateBpm><Value>146</Value></HeartRateBpm>
            <Cadence>170</Cadence>
          </Trackpoint>
          <Trackpoint>
            <Time>2026-04-11T14:58:04.000Z</Time>
            <Position>
              <LatitudeDegrees>37.3392145</LatitudeDegrees>
              <LongitudeDegrees>-121.8850219</LongitudeDegrees>
            </Position>
            <AltitudeMeters>26</AltitudeMeters>
            <DistanceMeters>12840.58</DistanceMeters>
            <HeartRateBpm><Value>146</Value></HeartRateBpm>
            <Cadence>170</Cadence>
          </Trackpoint>
          <Trackpoint>
            <Time>2026-04-11T14:58:09.000Z</Time>
            <Position>
              <LatitudeDegrees>37.3391377</LatitudeDegrees>
              <LongitudeDegrees>-121.8851187</LongitudeDegrees>
            </Position>
            <AltitudeMeters>25.9</AltitudeMeters>
            <DistanceMeters>12852.66</DistanceMeters>
            <HeartRateBpm><Value>146</Value></HeartRateBpm>
            <Cadence>170</Cadence>
          </Trackpoint>
          <Trackpoint>
            <Time>2026-04-11T14:58:14.000Z</Time>
            <Position>
              <LatitudeDegrees>37.3390608</LatitudeDegrees>
              <LongitudeDegrees>-121.8852156</LongitudeDegrees>
            </Position>
            <AltitudeMeters>25.8</AltitudeMeters>
            <DistanceMeters>12864.73</DistanceMeters>
            <HeartRateBpm><Value>146</Value></HeartRateBpm>
            <Cadence>170</Cadence>
          </Trackpoint>
          <Trackpoint>
            <Time>2026-04-11T14:58:19.000Z</Time>
            <Position>
              <LatitudeDegrees>37.3389840</LatitudeDegrees>
              <LongitudeDegrees>-121.8853124</LongitudeDegrees>
            </Position>
            <AltitudeMeters>25.8</AltitudeMeters>
            <DistanceMeters>12876.81</DistanceMeters>
            <HeartRateBpm><Value>146</Value></HeartRateBpm>
            <Cadence>170</Cadence>
          </Trackpoint>
          <Trackpoint>
            <Time>2026-04-11T14:58:24.000Z</Time>
            <Position>
              <LatitudeDegrees>37.3389071</LatitudeDegrees>
              <LongitudeDegrees>-121.8854092</LongitudeDegrees>
            </Position>
            <AltitudeMeters>25.7</AltitudeMeters>
            <DistanceMeters>12888.89</DistanceMeters>
            <HeartRateBpm><Value>146</Value></HeartRateBpm>
            <Cadence>170</Cadence>
          </Trackpoint>
          <Trackpoint>
            <Time>2026-04-11T14:58:29.000Z</Time>
            <Position>
              <LatitudeDegrees>37.3388302</LatitudeDegrees>
              <LongitudeDegrees>-121.8855060</LongitudeDegrees>
            </Position>
            <AltitudeMeters>25.6</AltitudeMeters>
            <DistanceMeters>12900.97</DistanceMeters>
            <HeartRateBpm><Value>146</Value></HeartRateBpm>
            <Cadence>170</Cadence>
          </Trackpoint>
          <Trackpoint>
            <Time>2026-04-11T14:58:34.000Z</Time>
            <Position>
              <LatitudeDegrees>37.3387534</LatitudeDegrees>
              <LongitudeDegrees>-121.8856029</LongitudeDegrees>
            </Position>
            <AltitudeMeters>25.5</AltitudeMeters>
            <DistanceMeters>12913.04</DistanceMeters>
            <HeartRateBpm><Value>146</Value></HeartRateBpm>
            <Cadence>170</Cadence>
          </Trackpoint>
          <Trackpoint>
            <Time>2026-04-11T14:58:39.000Z</Time>
            <Position>
              <LatitudeDegrees>37.3386765</LatitudeDegrees>
              <LongitudeDegrees>-121.8856997</LongitudeDegrees>
            </Position>
            <AltitudeMeters>25.5</AltitudeMeters>
            <DistanceMeters>12925.12</DistanceMeters>
            <HeartRateBpm><Value>146</Value></HeartRateBpm>
            <Cadence>170</Cadence>
          </Trackpoint>
          <Trackpoint>
            <Time>2026-04-11T14:58:44.000Z</Time>
            <Position>
              <LatitudeDegrees>37.3385997</LatitudeDegrees>
              <LongitudeDegrees>-121.8857965</LongitudeDegrees>
            </Position>
            <AltitudeMeters>25.4</AltitudeMeters>
            <DistanceMeters>12937.20</DistanceMeters>
            <HeartRateBpm><Value>146</Value></HeartRateBpm>
            <Cadence>170</Cadence>
          </Trackpoint>
          <Trackpoint>
            <Time>2026-04-11T14:58:49.000Z</Time>
            <Position>
              <LatitudeDegrees>37.3385228</LatitudeDegrees>
              <LongitudeDegrees>-121.8858933</LongitudeDegrees>
            </Position>
            <AltitudeMeters>25.3</AltitudeMeters>
            <DistanceMeters>12949.28</DistanceMeters>
            <HeartRateBpm><Value>146</Value></HeartRateBpm>
            <Cadence>170</Cadence>
          </Trackpoint>
          <Trackpoint>
            <Time>2026-04-11T14:58:54.000Z</Time>
            <Position>
              <LatitudeDegrees>37.3384460</LatitudeDegrees>
              <LongitudeDegrees>-121.8859902</LongitudeDegrees>
            </Position>
            <AltitudeMeters>25.2</AltitudeMeters>
            <DistanceMeters>12961.35</DistanceMeters>
            <HeartRateBpm><Value>146</Value></HeartRateBpm>
            <Cadence>170</Cadence>
          </Trackpoint>
          <Trackpoint>
            <Time>2026-04-11T14:58:59.000Z</Time>
            <Position>
              <LatitudeDegrees>37.3383691</LatitudeDegrees>
              <LongitudeDegrees>-121.8860870</LongitudeDegrees>
            </Position>
            <AltitudeMeters>25.2</AltitudeMeters>
            <DistanceMeters>12973.43</DistanceMeters>
            <HeartRateBpm><Value>146</Value></HeartRateBpm>
            <Cadence>170</Cadence>
          </Trackpoint>
          <Trackpoint>
            <Time>2026-04-11T14:59:04.000Z</Time>
            <Position>
              <LatitudeDegrees>37.3382922</LatitudeDegrees>
              <LongitudeDegrees>-121.8861838</LongitudeDegrees>
            </Position>
            <AltitudeMeters>25.1</AltitudeMeters>
            <DistanceMeters>12985.51</DistanceMeters>
            <HeartRateBpm><Value>146</Value></HeartRateBpm>
            <Cadence>170</Cadence>
          </Trackpoint>
          <Trackpoint>
            <Time>2026-04-11T14:59:09.000Z</Time>
            <Position>
              <LatitudeDegrees>37.3382154</LatitudeDegrees>
              <LongitudeDegrees>-121.8862806</LongitudeDegrees>
            </Position>
            <AltitudeMeters>25</AltitudeMeters>
            <DistanceMeters>12997.58</DistanceMeters>
            <HeartRateBpm><Value>146</Value></HeartRateBpm>
            <Cadence>170</Cadence>
          </Trackpoint>
          <Trackpoint>
            <Time>2026-04-11T14:59:10.000Z</Time>
            <Position>
              <LatitudeDegrees>37.3382000</LatitudeDegrees>
              <LongitudeDegrees>-121.8863000</LongitudeDegrees>
            </Position>
            <AltitudeMeters>25</AltitudeMeters>
            <DistanceMeters>13000.00</DistanceMeters>
            <HeartRateBpm><Value>146</Value></HeartRateBpm>
            <Cadence>170</Cadence>
          </Trackpoint>
        </Track>
      </Lap>
    </Activity>
  </Activities>
</TrainingCenterDatabase>