<?xml version="1.0" encoding="UTF-8"?>
<TrainingCenterDatabase
  xmlns="http://www.garmin.com/xmlschemas/TrainingCenterDatabase/v2"
  xmlns:xsi="http://www.w3.org/2001/XMLSchema-instance"
  xsi:schemaLocation="http://www.garmin.com/xmlschemas/TrainingCenterDatabase/v2 https://www.garmin.com/xmlschemas/TrainingCenterDatabasev2.xsd">
  <Activities>
    <Activity Sport="Running">
      <Id>2026-02-14T13:30:00.000Z</Id>
      <Lap StartTime="2026-02-14T13:30:00.000Z">
        <TotalTimeSeconds>2581</TotalTimeSeconds>
        <DistanceMeters>6500</DistanceMeters>
        <AverageHeartRateBpm><Value>137</Value></AverageHeartRateBpm>
        <MaximumHeartRateBpm><Value>152</Value></MaximumHeartRateBpm>
        <Intensity>Active</Intensity>
        <TriggerMethod>Manual</TriggerMethod>
        <Track>
          <Trackpoint>
            <Time>2026-02-14T13:30:00.000Z</Time>
            <Position>
              <LatitudeDegrees>37.3382000</LatitudeDegrees>
              <LongitudeDegrees>-121.8863000</LongitudeDegrees>
            </Position>
            <AltitudeMeters>25</AltitudeMeters>
            <DistanceMeters>0.00</DistanceMeters>
            <HeartRateBpm><Value>129</Value></HeartRateBpm>
            <Cadence>164</Cadence>
          </Trackpoint>
          <Trackpoint>
            <Time>2026-02-14T13:30:05.000Z</Time>
            <Position>
              <LatitudeDegrees>37.3382801</LatitudeDegrees>
              <LongitudeDegrees>-121.8861990</LongitudeDegrees>
            </Position>
            <AltitudeMeters>25.1</AltitudeMeters>
            <DistanceMeters>12.59</DistanceMeters>
            <HeartRateBpm><Value>129</Value></HeartRateBpm>
            <Cadence>164</Cadence>
          </Trackpoint>
          <Trackpoint>
            <Time>2026-02-14T13:30:10.000Z</Time>
            <Position>
              <LatitudeDegrees>37.3383603</LatitudeDegrees>
              <LongitudeDegrees>-121.8860981</LongitudeDegrees>
            </Position>
            <AltitudeMeters>25.2</AltitudeMeters>
            <DistanceMeters>25.18</DistanceMeters>
            <HeartRateBpm><Value>129</Value></HeartRateBpm>
            <Cadence>164</Cadence>
          </Trackpoint>
          <Trackpoint>
            <Time>2026-02-14T13:30:15.000Z</Time>
            <Position>
              <LatitudeDegrees>37.3384404</LatitudeDegrees>
              <LongitudeDegrees>-121.8859971</LongitudeDegrees>
            </Position>
            <AltitudeMeters>25.2</AltitudeMeters>
            <DistanceMeters>37.78</DistanceMeters>
            <HeartRateBpm><Value>129</Value></HeartRateBpm>
            <Cadence>164</Cadence>
          </Trackpoint>
          <Trackpoint>
            <Time>2026-02-14T13:30:20.000Z</Time>
            <Position>
              <LatitudeDegrees>37.3385205</LatitudeDegrees>
              <LongitudeDegrees>-121.8858962</LongitudeDegrees>
            </Position>
            <AltitudeMeters>25.3</AltitudeMeters>
            <DistanceMeters>50.37</DistanceMeters>
            <HeartRateBpm><Value>129</Value></HeartRateBpm>
            <Cadence>164</Cadence>
          </Trackpoint>
          <Trackpoint>
            <Time>2026-02-14T13:30:25.000Z</Time>
            <Position>
              <LatitudeDegrees>37.3386007</LatitudeDegrees>
              <LongitudeDegrees>-121.8857952</LongitudeDegrees>
            </Position>
            <AltitudeMeters>25.4</AltitudeMeters>
            <DistanceMeters>62.96</DistanceMeters>
            <HeartRateBpm><Value>130</Value></HeartRateBpm>
            <Cadence>164</Cadence>
          </Trackpoint>
          <Trackpoint>
            <Time>2026-02-14T13:30:30.000Z</Time>
            <Position>
              <LatitudeDegrees>37.3386808</LatitudeDegrees>
              <LongitudeDegrees>-121.8856943</LongitudeDegrees>
            </Position>
            <AltitudeMeters>25.5</AltitudeMeters>
            <DistanceMeters>75.55</DistanceMeters>
            <HeartRateBpm><Value>130</Value></HeartRateBpm>
            <Cadence>164</Cadence>
          </Trackpoint>
          <Trackpoint>
            <Time>2026-02-14T13:30:35.000Z</Time>
            <Position>
              <LatitudeDegrees>37.3387609</LatitudeDegrees>
              <LongitudeDegrees>-121.8855933</LongitudeDegrees>
            </Position>
            <AltitudeMeters>25.5</AltitudeMeters>
            <DistanceMeters>88.14</DistanceMeters>
            <HeartRateBpm><Value>130</Value></HeartRateBpm>
            <Cadence>164</Cadence>
          </Trackpoint>
          <Trackpoint>
            <Time>2026-02-14T13:30:40.000Z</Time>
            <Position>
              <LatitudeDegrees>37.3388411</LatitudeDegrees>
              <LongitudeDegrees>-121.8854924</LongitudeDegrees>
            </Position>
            <AltitudeMeters>25.6</AltitudeMeters>
            <DistanceMeters>100.74</DistanceMeters>
            <HeartRateBpm><Value>130</Value></HeartRateBpm>
            <Cadence>164</Cadence>
          </Trackpoint>
          <Trackpoint>
            <Time>2026-02-14T13:30:45.000Z</Time>
            <Position>
              <LatitudeDegrees>37.3389212</LatitudeDegrees>
              <LongitudeDegrees>-121.8853914</LongitudeDegrees>
            </Position>
            <AltitudeMeters>25.7</AltitudeMeters>
            <DistanceMeters>113.33</DistanceMeters>
            <HeartRateBpm><Value>130</Value></HeartRateBpm>
            <Cadence>164</Cadence>
          </Trackpoint>
          <Trackpoint>
            <Time>2026-02-14T13:30:50.000Z</Time>
            <Position>
              <LatitudeDegrees>37.3390014</LatitudeDegrees>
              <LongitudeDegrees>-121.8852905</LongitudeDegrees>
            </Position>
            <AltitudeMeters>25.8</AltitudeMeters>
            <DistanceMeters>125.92</DistanceMeters>
            <HeartRateBpm><Value>130</Value></HeartRateBpm>
            <Cadence>164</Cadence>
          </Trackpoint>
          <Trackpoint>
            <Time>2026-02-14T13:30:55.000Z</Time>
            <Position>
              <LatitudeDegrees>37.3390815</LatitudeDegrees>
              <LongitudeDegrees>-121.8851895</LongitudeDegrees>
            </Position>
            <AltitudeMeters>25.8</AltitudeMeters>
            <DistanceMeters>138.51</DistanceMeters>
            <HeartRateBpm><Value>130</Value></HeartRateBpm>
            <Cadence>164</Cadence>
          </Trackpoint>
          <Trackpoint>
            <Time>2026-02-14T13:31:00.000Z</Time>
            <Position>
              <LatitudeDegrees>37.3391616</LatitudeDegrees>
              <LongitudeDegrees>-121.8850886</LongitudeDegrees>
            </Position>
            <AltitudeMeters>25.9</AltitudeMeters>
            <DistanceMeters>151.10</DistanceMeters>
            <HeartRateBpm><Value>130</Value></HeartRateBpm>
            <Cadence>164</Cadence>
          </Trackpoint>
          <Trackpoint>
            <Time>2026-02-14T13:31:05.000Z</Time>
            <Position>
              <LatitudeDegrees>37.3392418</LatitudeDegrees>
              <LongitudeDegrees>-121.8849876</LongitudeDegrees>
            </Position>
            <AltitudeMeters>26</AltitudeMeters>
            <DistanceMeters>163.70</DistanceMeters>
            <HeartRateBpm><Value>130</Value></HeartRateBpm>
            <Cadence>164</Cadence>
          </Trackpoint>
          <Trackpoint>
            <Time>2026-02-14T13:31:10.000Z</Time>
            <Position>
              <LatitudeDegrees>37.3393219</LatitudeDegrees>
              <LongitudeDegrees>-121.8848867</LongitudeDegrees>
            </Position>
            <AltitudeMeters>26.1</AltitudeMeters>
            <DistanceMeters>176.29</DistanceMeters>
            <HeartRateBpm><Value>130</Value></HeartRateBpm>
            <Cadence>164</Cadence>
          </Trackpoint>
          <Trackpoint>
            <Time>2026-02-14T13:31:15.000Z</Time>
            <Position>
              <LatitudeDegrees>37.3394020</LatitudeDegrees>
              <LongitudeDegrees>-121.8847857</LongitudeDegrees>
            </Position>
            <AltitudeMeters>26.1</AltitudeMeters>
            <DistanceMeters>188.88</DistanceMeters>
            <HeartRateBpm><Value>131</Value></HeartRateBpm>
            <Cadence>164</Cadence>
          </Trackpoint>
          <Trackpoint>
            <Time>2026-02-14T13:31:20.000Z</Time>
            <Position>
              <LatitudeDegrees>37.3394822</LatitudeDegrees>
              <LongitudeDegrees>-121.8846848</LongitudeDegrees>
            </Position>
            <AltitudeMeters>26.2</AltitudeMeters>
            <DistanceMeters>201.47</DistanceMeters>
            <HeartRateBpm><Value>131</Value></HeartRateBpm>
            <Cadence>164</Cadence>
          </Trackpoint>
          <Trackpoint>
            <Time>2026-02-14T13:31:25.000Z</Time>
            <Position>
              <LatitudeDegrees>37.3395623</LatitudeDegrees>
              <LongitudeDegrees>-121.8845838</LongitudeDegrees>
            </Position>
            <AltitudeMeters>26.2</AltitudeMeters>
            <DistanceMeters>214.06</DistanceMeters>
            <HeartRateBpm><Value>131</Value></HeartRateBpm>
            <Cadence>164</Cadence>
          </Trackpoint>
          <Trackpoint>
            <Time>2026-02-14T13:31:30.000Z</Time>
            <Position>
              <LatitudeDegrees>37.3396424</LatitudeDegrees>
              <LongitudeDegrees>-121.8844829</LongitudeDegrees>
            </Position>
            <AltitudeMeters>26.3</AltitudeMeters>
            <DistanceMeters>226.66</DistanceMeters>
            <HeartRateBpm><Value>131</Value></HeartRateBpm>
            <Cadence>164</Cadence>
          </Trackpoint>
          <Trackpoint>
            <Time>2026-02-14T13:31:35.000Z</Time>
            <Position>
              <LatitudeDegrees>37.3397226</LatitudeDegrees>
              <LongitudeDegrees>-121.8843819</LongitudeDegrees>
            </Position>
            <AltitudeMeters>26.4</AltitudeMeters>
            <DistanceMeters>239.25</DistanceMeters>
            <HeartRateBpm><Value>131</Value></HeartRateBpm>
            <Cadence>164</Cadence>
          </Trackpoint>
          <Trackpoint>
            <Time>2026-02-14T13:31:40.000Z</Time>
            <Position>
              <LatitudeDegrees>37.3398027</LatitudeDegrees>
              <LongitudeDegrees>-121.8842810</LongitudeDegrees>
            </Position>
            <AltitudeMeters>26.4</AltitudeMeters>
            <DistanceMeters>251.84</DistanceMeters>
            <HeartRateBpm><Value>131</Value></HeartRateBpm>
            <Cadence>164</Cadence>
          </Trackpoint>
          <Trackpoint>
            <Time>2026-02-14T13:31:45.000Z</Time>
            <Position>
              <LatitudeDegrees>37.3398828</LatitudeDegrees>
              <LongitudeDegrees>-121.8841800</LongitudeDegrees>
            </Position>
            <AltitudeMeters>26.5</AltitudeMeters>
            <DistanceMeters>264.43</DistanceMeters>
            <HeartRateBpm><Value>131</Value></HeartRateBpm>
            <Cadence>164</Cadence>
          </Trackpoint>
          <Trackpoint>
            <Time>2026-02-14T13:31:50.000Z</Time>
            <Position>
              <LatitudeDegrees>37.3399630</LatitudeDegrees>
              <LongitudeDegrees>-121.8840791</LongitudeDegrees>
            </Position>
            <AltitudeMeters>26.5</AltitudeMeters>
            <DistanceMeters>277.02</DistanceMeters>
            <HeartRateBpm><Value>131</Value></HeartRateBpm>
            <Cadence>164</Cadence>
          </Trackpoint>
          <Trackpoint>
            <Time>2026-02-14T13:31:55.000Z</Time>
            <Position>
              <LatitudeDegrees>37.3400431</LatitudeDegrees>
              <LongitudeDegrees>-121.8839781</LongitudeDegrees>
            </Position>
            <AltitudeMeters>26.6</AltitudeMeters>
            <DistanceMeters>289.62</DistanceMeters>
            <HeartRateBpm><Value>131</Value></HeartRateBpm>
            <Cadence>164</Cadence>
          </Trackpoint>
          <Trackpoint>
            <Time>2026-02-14T13:32:00.000Z</Time>
            <Position>
              <LatitudeDegrees>37.3401232</LatitudeDegrees>
              <LongitudeDegrees>-121.8838772</LongitudeDegrees>
            </Position>
            <AltitudeMeters>26.6</AltitudeMeters>
            <DistanceMeters>302.21</DistanceMeters>
            <HeartRateBpm><Value>131</Value></HeartRateBpm>
            <Cadence>164</Cadence>
          </Trackpoint>
          <Trackpoint>
            <Time>2026-02-14T13:32:05.000Z</Time>
            <Position>
              <LatitudeDegrees>37.3402034</LatitudeDegrees>
              <LongitudeDegrees>-121.8837762</LongitudeDegrees>
            </Position>
            <AltitudeMeters>26.7</AltitudeMeters>
            <DistanceMeters>314.80</DistanceMeters>
            <HeartRateBpm><Value>132</Value></HeartRateBpm>
            <Cadence>164</Cadence>
          </Trackpoint>
          <Trackpoint>
            <Time>2026-02-14T13:32:10.000Z</Time>
            <Position>
              <LatitudeDegrees>37.3402835</LatitudeDegrees>
              <LongitudeDegrees>-121.8836753</LongitudeDegrees>
            </Position>
            <AltitudeMeters>26.7</AltitudeMeters>
            <DistanceMeters>327.39</DistanceMeters>
            <HeartRateBpm><Value>132</Value></HeartRateBpm>
            <Cadence>164</Cadence>
          </Trackpoint>
          <Trackpoint>
            <Time>2026-02-14T13:32:15.000Z</Time>
            <Position>
              <LatitudeDegrees>37.3403637</LatitudeDegrees>
              <LongitudeDegrees>-121.8835743</LongitudeDegrees>
            </Position>
            <AltitudeMeters>26.8</AltitudeMeters>
            <DistanceMeters>339.98</DistanceMeters>
            <HeartRateBpm><Value>132</Value></HeartRateBpm>
            <Cadence>164</Cadence>
          </Trackpoint>
          <Trackpoint>
            <Time>2026-02-14T13:32:20.000Z</Time>
            <Position>
              <LatitudeDegrees>37.3404438</LatitudeDegrees>
              <LongitudeDegrees>-121.8834734</LongitudeDegrees>
            </Position>
            <AltitudeMeters>26.8</AltitudeMeters>
            <DistanceMeters>352.58</DistanceMeters>
            <HeartRateBpm><Value>132</Value></HeartRateBpm>
            <Cadence>164</Cadence>
          </Trackpoint>
          <Trackpoint>
            <Time>2026-02-14T13:32:25.000Z</Time>
            <Position>
              <LatitudeDegrees>37.3405239</LatitudeDegrees>
              <LongitudeDegrees>-121.8833724</LongitudeDegrees>
            </Position>
            <AltitudeMeters>26.8</AltitudeMeters>
            <DistanceMeters>365.17</DistanceMeters>
            <HeartRateBpm><Value>132</Value></HeartRateBpm>
            <Cadence>164</Cadence>
          </Trackpoint>
          <Trackpoint>
            <Time>2026-02-14T13:32:30.000Z</Time>
            <Position>
              <LatitudeDegrees>37.3406041</LatitudeDegrees>
              <LongitudeDegrees>-121.8832715</LongitudeDegrees>
            </Position>
            <AltitudeMeters>26.9</AltitudeMeters>
            <DistanceMeters>377.76</DistanceMeters>
            <HeartRateBpm><Value>132</Value></HeartRateBpm>
            <Cadence>164</Cadence>
          </Trackpoint>
          <Trackpoint>
            <Time>2026-02-14T13:32:35.000Z</Time>
            <Position>
              <LatitudeDegrees>37.3406842</LatitudeDegrees>
              <LongitudeDegrees>-121.8831705</LongitudeDegrees>
            </Position>
            <AltitudeMeters>26.9</AltitudeMeters>
            <DistanceMeters>390.35</DistanceMeters>
            <HeartRateBpm><Value>132</Value></HeartRateBpm>
            <Cadence>164</Cadence>
          </Trackpoint>
          <Trackpoint>
            <Time>2026-02-14T13:32:40.000Z</Time>
            <Position>
              <LatitudeDegrees>37.3407643</LatitudeDegrees>
              <LongitudeDegrees>-121.8830696</LongitudeDegrees>
            </Position>
            <AltitudeMeters>26.9</AltitudeMeters>
            <DistanceMeters>402.94</DistanceMeters>
            <HeartRateBpm><Value>132</Value></HeartRateBpm>
            <Cadence>164</Cadence>
          </Trackpoint>
          <Trackpoint>
            <Time>2026-02-14T13:32:45.000Z</Time>
            <Position>
              <LatitudeDegrees>37.3408445</LatitudeDegrees>
              <LongitudeDegrees>-121.8829686</LongitudeDegrees>
            </Position>
            <AltitudeMeters>26.9</AltitudeMeters>
            <DistanceMeters>415.54</DistanceMeters>
            <HeartRateBpm><Value>132</Value></HeartRateBpm>
            <Cadence>164</Cadence>
          </Trackpoint>
          <Trackpoint>
            <Time>2026-02-14T13:32:50.000Z</Time>
            <Position>
              <LatitudeDegrees>37.3409246</LatitudeDegrees>
              <LongitudeDegrees>-121.8828677</LongitudeDegrees>
            </Position>
            <AltitudeMeters>26.9</AltitudeMeters>
            <DistanceMeters>428.13</DistanceMeters>
            <HeartRateBpm><Value>133</Value></HeartRateBpm>
            <Cadence>164</Cadence>
          </Trackpoint>
          <Trackpoint>
            <Time>2026-02-14T13:32:55.000Z</Time>
            <Position>
              <LatitudeDegrees>37.3410047</LatitudeDegrees>
              <LongitudeDegrees>-121.8827667</LongitudeDegrees>
            </Position>
            <AltitudeMeters>27</AltitudeMeters>
            <DistanceMeters>440.72</DistanceMeters>
            <HeartRateBpm><Value>133</Value></HeartRateBpm>
            <Cadence>164</Cadence>
          </Trackpoint>
          <Trackpoint>
            <Time>2026-02-14T13:33:00.000Z</Time>
            <Position>
              <LatitudeDegrees>37.3410849</LatitudeDegrees>
              <LongitudeDegrees>-121.8826658</LongitudeDegrees>
            </Position>
            <AltitudeMeters>27</AltitudeMeters>
            <DistanceMeters>453.31</DistanceMeters>
            <HeartRateBpm><Value>133</Value></HeartRateBpm>
            <Cadence>164</Cadence>
          </Trackpoint>
          <Trackpoint>
            <Time>2026-02-14T13:33:05.000Z</Time>
            <Position>
              <LatitudeDegrees>37.3411650</LatitudeDegrees>
              <LongitudeDegrees>-121.8825648</LongitudeDegrees>
            </Position>
            <AltitudeMeters>27</AltitudeMeters>
            <DistanceMeters>465.90</DistanceMeters>
            <HeartRateBpm><Value>133</Value></HeartRateBpm>
            <Cadence>164</Cadence>
          </Trackpoint>
          <Trackpoint>
            <Time>2026-02-14T13:33:10.000Z</Time>
            <Position>
              <LatitudeDegrees>37.3412451</LatitudeDegrees>
              <LongitudeDegrees>-121.8824639</LongitudeDegrees>
            </Position>
            <AltitudeMeters>27</AltitudeMeters>
            <DistanceMeters>478.50</DistanceMeters>
            <HeartRateBpm><Value>133</Value></HeartRateBpm>
            <Cadence>164</Cadence>
          </Trackpoint>
          <Trackpoint>
            <Time>2026-02-14T13:33:15.000Z</Time>
            <Position>
              <LatitudeDegrees>37.3413253</LatitudeDegrees>
              <LongitudeDegrees>-121.8823629</LongitudeDegrees>
            </Position>
            <AltitudeMeters>27</AltitudeMeters>
            <DistanceMeters>491.09</DistanceMeters>
            <HeartRateBpm><Value>133</Value></HeartRateBpm>
            <Cadence>164</Cadence>
          </Trackpoint>
          <Trackpoint>
            <Time>2026-02-14T13:33:20.000Z</Time>
            <Position>
              <LatitudeDegrees>37.3414054</LatitudeDegrees>
              <LongitudeDegrees>-121.8822619</LongitudeDegrees>
            </Position>
            <AltitudeMeters>27</AltitudeMeters>
            <DistanceMeters>503.68</DistanceMeters>
            <HeartRateBpm><Value>133</Value></HeartRateBpm>
            <Cadence>164</Cadence>
          </Trackpoint>
          <Trackpoint>
            <Time>2026-02-14T13:33:25.000Z</Time>
            <Position>
              <LatitudeDegrees>37.3414855</LatitudeDegrees>
              <LongitudeDegrees>-121.8821610</LongitudeDegrees>
            </Position>
            <AltitudeMeters>27</AltitudeMeters>
            <DistanceMeters>516.27</DistanceMeters>
            <HeartRateBpm><Value>133</Value></HeartRateBpm>
            <Cadence>164</Cadence>
          </Trackpoint>
          <Trackpoint>
            <Time>2026-02-14T13:33:30.000Z</Time>
            <Position>
              <LatitudeDegrees>37.3415657</LatitudeDegrees>
              <LongitudeDegrees>-121.8820600</LongitudeDegrees>
            </Position>
            <AltitudeMeters>27</AltitudeMeters>
            <DistanceMeters>528.86</DistanceMeters>
            <HeartRateBpm><Value>133</Value></HeartRateBpm>
            <Cadence>164</Cadence>
          </Trackpoint>
          <Trackpoint>
            <Time>2026-02-14T13:33:35.000Z</Time>
            <Position>
              <LatitudeDegrees>37.3416458</LatitudeDegrees>
              <LongitudeDegrees>-121.8819591</LongitudeDegrees>
            </Position>
            <AltitudeMeters>27</AltitudeMeters>
            <DistanceMeters>541.46</DistanceMeters>
            <HeartRateBpm><Value>133</Value></HeartRateBpm>
            <Cadence>164</Cadence>
          </Trackpoint>
          <Trackpoint>
            <Time>2026-02-14T13:33:40.000Z</Time>
            <Position>
              <LatitudeDegrees>37.3417259</LatitudeDegrees>
              <LongitudeDegrees>-121.8818581</LongitudeDegrees>
            </Position>
            <AltitudeMeters>27</AltitudeMeters>
            <DistanceMeters>554.05</DistanceMeters>
            <HeartRateBpm><Value>134</Value></HeartRateBpm>
            <Cadence>164</Cadence>
          </Trackpoint>
          <Trackpoint>
            <Time>2026-02-14T13:33:45.000Z</Time>
            <Position>
              <LatitudeDegrees>37.3418061</LatitudeDegrees>
              <LongitudeDegrees>-121.8817572</LongitudeDegrees>
            </Position>
            <AltitudeMeters>27</AltitudeMeters>
            <DistanceMeters>566.64</DistanceMeters>
            <HeartRateBpm><Value>134</Value></HeartRateBpm>
            <Cadence>164</Cadence>
          </Trackpoint>
          <Trackpoint>
            <Time>2026-02-14T13:33:50.000Z</Time>
            <Position>
              <LatitudeDegrees>37.3418862</LatitudeDegrees>
              <LongitudeDegrees>-121.8816562</LongitudeDegrees>
            </Position>
            <AltitudeMeters>26.9</AltitudeMeters>
            <DistanceMeters>579.23</DistanceMeters>
            <HeartRateBpm><Value>134</Value></HeartRateBpm>
            <Cadence>164</Cadence>
          </Trackpoint>
          <Trackpoint>
            <Time>2026-02-14T13:33:55.000Z</Time>
            <Position>
              <LatitudeDegrees>37.3419664</LatitudeDegrees>
              <LongitudeDegrees>-121.8815553</LongitudeDegrees>
            </Position>
            <AltitudeMeters>26.9</AltitudeMeters>
            <DistanceMeters>591.82</DistanceMeters>
            <HeartRateBpm><Value>134</Value></HeartRateBpm>
            <Cadence>164</Cadence>
          </Trackpoint>
          <Trackpoint>
            <Time>2026-02-14T13:34:00.000Z</Time>
            <Position>
              <LatitudeDegrees>37.3420465</LatitudeDegrees>
              <LongitudeDegrees>-121.8814543</LongitudeDegrees>
            </Position>
            <AltitudeMeters>26.9</AltitudeMeters>
            <DistanceMeters>604.42</DistanceMeters>
            <HeartRateBpm><Value>134</Value></HeartRateBpm>
            <Cadence>164</Cadence>
          </Trackpoint>
          <Trackpoint>
            <Time>2026-02-14T13:34:05.000Z</Time>
            <Position>
              <LatitudeDegrees>37.3421266</LatitudeDegrees>
              <LongitudeDegrees>-121.8813534</LongitudeDegrees>
            </Position>
            <AltitudeMeters>26.9</AltitudeMeters>
            <DistanceMeters>617.01</DistanceMeters>
            <HeartRateBpm><Value>134</Value></HeartRateBpm>
            <Cadence>164</Cadence>
          </Trackpoint>
          <Trackpoint>
            <Time>2026-02-14T13:34:10.000Z</Time>
            <Position>
              <LatitudeDegrees>37.3422068</LatitudeDegrees>
              <LongitudeDegrees>-121.8812524</LongitudeDegrees>
            </Position>
            <AltitudeMeters>26.8</AltitudeMeters>
            <DistanceMeters>629.60</DistanceMeters>
            <HeartRateBpm><Value>134</Value></HeartRateBpm>
            <Cadence>164</Cadence>
          </Trackpoint>
          <Trackpoint>
            <Time>2026-02-14T13:34:15.000Z</Time>
            <Position>
              <LatitudeDegrees>37.3422869</LatitudeDegrees>
              <LongitudeDegrees>-121.8811515</LongitudeDegrees>
            </Position>
            <AltitudeMeters>26.8</AltitudeMeters>
            <DistanceMeters>642.19</DistanceMeters>
            <HeartRateBpm><Value>134</Value></HeartRateBpm>
            <Cadence>164</Cadence>
          </Trackpoint>
          <Trackpoint>
            <Time>2026-02-14T13:34:20.000Z</Time>
            <Position>
              <LatitudeDegrees>37.3423670</LatitudeDegrees>
              <LongitudeDegrees>-121.8810505</LongitudeDegrees>
            </Position>
            <AltitudeMeters>26.8</AltitudeMeters>
            <DistanceMeters>654.78</DistanceMeters>
            <HeartRateBpm><Value>134</Value></HeartRateBpm>
            <Cadence>164</Cadence>
          </Trackpoint>
          <Trackpoint>
            <Time>2026-02-14T13:34:25.000Z</Time>
            <Position>
              <LatitudeDegrees>37.3424472</LatitudeDegrees>
              <LongitudeDegrees>-121.8809496</LongitudeDegrees>
            </Position>
            <AltitudeMeters>26.7</AltitudeMeters>
            <DistanceMeters>667.38</DistanceMeters>
            <HeartRateBpm><Value>134</Value></HeartRateBpm>
            <Cadence>164</Cadence>
          </Trackpoint>
          <Trackpoint>
            <Time>2026-02-14T13:34:30.000Z</Time>
            <Position>
              <LatitudeDegrees>37.3425273</LatitudeDegrees>
              <LongitudeDegrees>-121.8808486</LongitudeDegrees>
            </Position>
            <AltitudeMeters>26.7</AltitudeMeters>
            <DistanceMeters>679.97</DistanceMeters>
            <HeartRateBpm><Value>135</Value></HeartRateBpm>
            <Cadence>164</Cadence>
          </Trackpoint>
          <Trackpoint>
            <Time>2026-02-14T13:34:35.000Z</Time>
            <Position>
              <LatitudeDegrees>37.3426074</LatitudeDegrees>
              <LongitudeDegrees>-121.8807477</LongitudeDegrees>
            </Position>
            <AltitudeMeters>26.6</AltitudeMeters>
            <DistanceMeters>692.56</DistanceMeters>
            <HeartRateBpm><Value>135</Value></HeartRateBpm>
            <Cadence>164</Cadence>
          </Trackpoint>
          <Trackpoint>
            <Time>2026-02-14T13:34:40.000Z</Time>
            <Position>
              <LatitudeDegrees>37.3426876</LatitudeDegrees>
              <LongitudeDegrees>-121.8806467</LongitudeDegrees>
            </Position>
            <AltitudeMeters>26.6</AltitudeMeters>
            <DistanceMeters>705.15</DistanceMeters>
            <HeartRateBpm><Value>135</Value></HeartRateBpm>
            <Cadence>164</Cadence>
          </Trackpoint>
          <Trackpoint>
            <Time>2026-02-14T13:34:45.000Z</Time>
            <Position>
              <LatitudeDegrees>37.3427677</LatitudeDegrees>
              <LongitudeDegrees>-121.8805458</LongitudeDegrees>
            </Position>
            <AltitudeMeters>26.6</AltitudeMeters>
            <DistanceMeters>717.75</DistanceMeters>
            <HeartRateBpm><Value>135</Value></HeartRateBpm>
            <Cadence>164</Cadence>
          </Trackpoint>
          <Trackpoint>
            <Time>2026-02-14T13:34:50.000Z</Time>
            <Position>
              <LatitudeDegrees>37.3428478</LatitudeDegrees>
              <LongitudeDegrees>-121.8804448</LongitudeDegrees>
            </Position>
            <AltitudeMeters>26.5</AltitudeMeters>
            <DistanceMeters>730.34</DistanceMeters>
            <HeartRateBpm><Value>135</Value></HeartRateBpm>
            <Cadence>164</Cadence>
          </Trackpoint>
          <Trackpoint>
            <Time>2026-02-14T13:34:55.000Z</Time>
            <Position>
              <LatitudeDegrees>37.3429280</LatitudeDegrees>
              <LongitudeDegrees>-121.8803439</LongitudeDegrees>
            </Position>
            <AltitudeMeters>26.4</AltitudeMeters>
            <DistanceMeters>742.93</DistanceMeters>
            <HeartRateBpm><Value>135</Value></HeartRateBpm>
            <Cadence>164</Cadence>
          </Trackpoint>
          <Trackpoint>
            <Time>2026-02-14T13:35:00.000Z</Time>
            <Position>
              <LatitudeDegrees>37.3430081</LatitudeDegrees>
              <LongitudeDegrees>-121.8802429</LongitudeDegrees>
            </Position>
            <AltitudeMeters>26.4</AltitudeMeters>
            <DistanceMeters>755.52</DistanceMeters>
            <HeartRateBpm><Value>135</Value></HeartRateBpm>
            <Cadence>164</Cadence>
          </Trackpoint>
          <Trackpoint>
            <Time>2026-02-14T13:35:05.000Z</Time>
            <Position>
              <LatitudeDegrees>37.3430882</LatitudeDegrees>
              <LongitudeDegrees>-121.8801420</LongitudeDegrees>
            </Position>
            <AltitudeMeters>26.3</AltitudeMeters>
            <DistanceMeters>768.11</DistanceMeters>
            <HeartRateBpm><Value>135</Value></HeartRateBpm>
            <Cadence>164</Cadence>
          </Trackpoint>
          <Trackpoint>
            <Time>2026-02-14T13:35:10.000Z</Time>
            <Position>
              <LatitudeDegrees>37.3431684</LatitudeDegrees>
              <LongitudeDegrees>-121.8800410</LongitudeDegrees>
            </Position>
            <AltitudeMeters>26.3</AltitudeMeters>
            <DistanceMeters>780.71</DistanceMeters>
            <HeartRateBpm><Value>135</Value></HeartRateBpm>
            <Cadence>164</Cadence>
          </Trackpoint>
          <Trackpoint>
            <Time>2026-02-14T13:35:15.000Z</Time>
            <Position>
              <LatitudeDegrees>37.3432485</LatitudeDegrees>
              <LongitudeDegrees>-121.8799401</LongitudeDegrees>
            </Position>
            <AltitudeMeters>26.2</AltitudeMeters>
            <DistanceMeters>793.30</DistanceMeters>
            <HeartRateBpm><Value>136</Value></HeartRateBpm>
            <Cadence>164</Cadence>
          </Trackpoint>
          <Trackpoint>
            <Time>2026-02-14T13:35:20.000Z</Time>
            <Position>
              <LatitudeDegrees>37.3433287</LatitudeDegrees>
              <LongitudeDegrees>-121.8798391</LongitudeDegrees>
            </Position>
            <AltitudeMeters>26.1</AltitudeMeters>
            <DistanceMeters>805.89</DistanceMeters>
            <HeartRateBpm><Value>136</Value></HeartRateBpm>
            <Cadence>164</Cadence>
          </Trackpoint>
          <Trackpoint>
            <Time>2026-02-14T13:35:25.000Z</Time>
            <Position>
              <LatitudeDegrees>37.3434088</LatitudeDegrees>
              <LongitudeDegrees>-121.8797382</LongitudeDegrees>
            </Position>
            <AltitudeMeters>26.1</AltitudeMeters>
            <DistanceMeters>818.48</DistanceMeters>
            <HeartRateBpm><Value>136</Value></HeartRateBpm>
            <Cadence>164</Cadence>
          </Trackpoint>
          <Trackpoint>
            <Time>2026-02-14T13:35:30.000Z</Time>
            <Position>
              <LatitudeDegrees>37.3434889</LatitudeDegrees>
              <LongitudeDegrees>-121.8796372</LongitudeDegrees>
            </Position>
            <AltitudeMeters>26</AltitudeMeters>
            <DistanceMeters>831.07</DistanceMeters>
            <HeartRateBpm><Value>136</Value></HeartRateBpm>
            <Cadence>164</Cadence>
          </Trackpoint>
          <Trackpoint>
            <Time>2026-02-14T13:35:35.000Z</Time>
            <Position>
              <LatitudeDegrees>37.3435691</LatitudeDegrees>
              <LongitudeDegrees>-121.8795363</LongitudeDegrees>
            </Position>
            <AltitudeMeters>25.9</AltitudeMeters>
            <DistanceMeters>843.67</DistanceMeters>
            <HeartRateBpm><Value>136</Value></HeartRateBpm>
            <Cadence>164</Cadence>
          </Trackpoint>
          <Trackpoint>
            <Time>2026-02-14T13:35:40.000Z</Time>
            <Position>
              <LatitudeDegrees>37.3436492</LatitudeDegrees>
              <LongitudeDegrees>-121.8794353</LongitudeDegrees>
            </Position>
            <AltitudeMeters>25.9</AltitudeMeters>
            <DistanceMeters>856.26</DistanceMeters>
            <HeartRateBpm><Value>136</Value></HeartRateBpm>
            <Cadence>164</Cadence>
          </Trackpoint>
          <Trackpoint>
            <Time>2026-02-14T13:35:45.000Z</Time>
            <Position>
              <LatitudeDegrees>37.3437293</LatitudeDegrees>
              <LongitudeDegrees>-121.8793344</LongitudeDegrees>
            </Position>
            <AltitudeMeters>25.8</AltitudeMeters>
            <DistanceMeters>868.85</DistanceMeters>
            <HeartRateBpm><Value>136</Value></HeartRateBpm>
            <Cadence>164</Cadence>
          </Trackpoint>
          <Trackpoint>
            <Time>2026-02-14T13:35:50.000Z</Time>
            <Position>
              <LatitudeDegrees>37.3438095</LatitudeDegrees>
              <LongitudeDegrees>-121.8792334</LongitudeDegrees>
            </Position>
            <AltitudeMeters>25.7</AltitudeMeters>
            <DistanceMeters>881.44</DistanceMeters>
            <HeartRateBpm><Value>136</Value></HeartRateBpm>
            <Cadence>164</Cadence>
          </Trackpoint>
          <Trackpoint>
            <Time>2026-02-14T13:35:55.000Z</Time>
            <Position>
              <LatitudeDegrees>37.3438896</LatitudeDegrees>
              <LongitudeDegrees>-121.8791325</LongitudeDegrees>
            </Position>
            <AltitudeMeters>25.7</AltitudeMeters>
            <DistanceMeters>894.03</DistanceMeters>
            <HeartRateBpm><Value>136</Value></HeartRateBpm>
            <Cadence>164</Cadence>
          </Trackpoint>
          <Trackpoint>
            <Time>2026-02-14T13:36:00.000Z</Time>
            <Position>
              <LatitudeDegrees>37.3439697</LatitudeDegrees>
              <LongitudeDegrees>-121.8790315</LongitudeDegrees>
            </Position>
            <AltitudeMeters>25.6</AltitudeMeters>
            <DistanceMeters>906.63</DistanceMeters>
            <HeartRateBpm><Value>136</Value></HeartRateBpm>
            <Cadence>164</Cadence>
          </Trackpoint>
          <Trackpoint>
            <Time>2026-02-14T13:36:05.000Z</Time>
            <Position>
              <LatitudeDegrees>37.3440499</LatitudeDegrees>
              <LongitudeDegrees>-121.8789306</LongitudeDegrees>
            </Position>
            <AltitudeMeters>25.5</AltitudeMeters>
            <DistanceMeters>919.22</DistanceMeters>
            <HeartRateBpm><Value>137</Value></HeartRateBpm>
            <Cadence>164</Cadence>
          </Trackpoint>
          <Trackpoint>
            <Time>2026-02-14T13:36:10.000Z</Time>
            <Position>
              <LatitudeDegrees>37.3441300</LatitudeDegrees>
              <LongitudeDegrees>-121.8788296</LongitudeDegrees>
            </Position>
            <AltitudeMeters>25.4</AltitudeMeters>
            <DistanceMeters>931.81</DistanceMeters>
            <HeartRateBpm><Value>137</Value></HeartRateBpm>
            <Cadence>164</Cadence>
          </Trackpoint>
          <Trackpoint>
            <Time>2026-02-14T13:36:15.000Z</Time>
            <Position>
              <LatitudeDegrees>37.3442101</LatitudeDegrees>
              <LongitudeDegrees>-121.8787287</LongitudeDegrees>
            </Position>
            <AltitudeMeters>25.3</AltitudeMeters>
            <DistanceMeters>944.40</DistanceMeters>
            <HeartRateBpm><Value>137</Value></HeartRateBpm>
            <Cadence>164</Cadence>
          </Trackpoint>
          <Trackpoint>
            <Time>2026-02-14T13:36:20.000Z</Time>
            <Position>
              <LatitudeDegrees>37.3442903</LatitudeDegrees>
              <LongitudeDegrees>-121.8786277</LongitudeDegrees>
            </Position>
            <AltitudeMeters>25.3</AltitudeMeters>
            <DistanceMeters>956.99</DistanceMeters>
            <HeartRateBpm><Value>137</Value></HeartRateBpm>
            <Cadence>164</Cadence>
          </Trackpoint>
          <Trackpoint>
            <Time>2026-02-14T13:36:25.000Z</Time>
            <Position>
              <LatitudeDegrees>37.3443704</LatitudeDegrees>
              <LongitudeDegrees>-121.8785268</LongitudeDegrees>
            </Position>
            <AltitudeMeters>25.2</AltitudeMeters>
            <DistanceMeters>969.59</DistanceMeters>
            <HeartRateBpm><Value>137</Value></HeartRateBpm>
            <Cadence>164</Cadence>
          </Trackpoint>
          <Trackpoint>
            <Time>2026-02-14T13:36:30.000Z</Time>
            <Position>
              <LatitudeDegrees>37.3444505</LatitudeDegrees>
              <LongitudeDegrees>-121.8784258</LongitudeDegrees>
            </Position>
            <AltitudeMeters>25.1</AltitudeMeters>
            <DistanceMeters>982.18</DistanceMeters>
            <HeartRateBpm><Value>137</Value></HeartRateBpm>
            <Cadence>164</Cadence>
          </Trackpoint>
          <Trackpoint>
            <Time>2026-02-14T13:36:35.000Z</Time>
            <Position>
              <LatitudeDegrees>37.3445307</LatitudeDegrees>
              <LongitudeDegrees>-121.8783248</LongitudeDegrees>
            </Position>
            <AltitudeMeters>25</AltitudeMeters>
            <DistanceMeters>994.77</DistanceMeters>
            <HeartRateBpm><Value>137</Value></HeartRateBpm>
            <Cadence>164</Cadence>
          </Trackpoint>
          <Trackpoint>
            <Time>2026-02-14T13:36:40.000Z</Time>
            <Position>
              <LatitudeDegrees>37.3446108</LatitudeDegrees>
              <LongitudeDegrees>-121.8782239</LongitudeDegrees>
            </Position>
            <AltitudeMeters>25</AltitudeMeters>
            <DistanceMeters>1007.36</DistanceMeters>
            <HeartRateBpm><Value>137</Value></HeartRateBpm>
            <Cadence>164</Cadence>
          </Trackpoint>
          <Trackpoint>
            <Time>2026-02-14T13:36:45.000Z</Time>
            <Position>
              <LatitudeDegrees>37.3446910</LatitudeDegrees>
              <LongitudeDegrees>-121.8781229</LongitudeDegrees>
            </Position>
            <AltitudeMeters>24.9</AltitudeMeters>
            <DistanceMeters>1019.95</DistanceMeters>
            <HeartRateBpm><Value>137</Value></HeartRateBpm>
            <Cadence>164</Cadence>
          </Trackpoint>
          <Trackpoint>
            <Time>2026-02-14T13:36:50.000Z</Time>
            <Position>
              <LatitudeDegrees>37.3447711</LatitudeDegrees>
              <LongitudeDegrees>-121.8780220</LongitudeDegrees>
            </Position>
            <AltitudeMeters>24.8</AltitudeMeters>
            <DistanceMeters>1032.55</DistanceMeters>
            <HeartRateBpm><Value>137</Value></HeartRateBpm>
            <Cadence>164</Cadence>
          </Trackpoint>
          <Trackpoint>
            <Time>2026-02-14T13:36:55.000Z</Time>
            <Position>
              <LatitudeDegrees>37.3448512</LatitudeDegrees>
              <LongitudeDegrees>-121.8779210</LongitudeDegrees>
            </Position>
            <AltitudeMeters>24.7</AltitudeMeters>
            <DistanceMeters>1045.14</DistanceMeters>
            <HeartRateBpm><Value>137</Value></HeartRateBpm>
            <Cadence>164</Cadence>
          </Trackpoint>
          <Trackpoint>
            <Time>2026-02-14T13:37:00.000Z</Time>
            <Position>
              <LatitudeDegrees>37.3449314</LatitudeDegrees>
              <LongitudeDegrees>-121.8778201</LongitudeDegrees>
            </Position>
            <AltitudeMeters>24.6</AltitudeMeters>
            <DistanceMeters>1057.73</DistanceMeters>
            <HeartRateBpm><Value>137</Value></HeartRateBpm>
            <Cadence>164</Cadence>
          </Trackpoint>
          <Trackpoint>
            <Time>2026-02-14T13:37:05.000Z</Time>
            <Position>
              <LatitudeDegrees>37.3450115</LatitudeDegrees>
              <LongitudeDegrees>-121.8777191</LongitudeDegrees>
            </Position>
            <AltitudeMeters>24.6</AltitudeMeters>
            <DistanceMeters>1070.32</DistanceMeters>
            <HeartRateBpm><Value>137</Value></HeartRateBpm>
            <Cadence>164</Cadence>
          </Trackpoint>
          <Trackpoint>
            <Time>2026-02-14T13:37:10.000Z</Time>
            <Position>
              <LatitudeDegrees>37.3450916</LatitudeDegrees>
              <LongitudeDegrees>-121.8776182</LongitudeDegrees>
            </Position>
            <AltitudeMeters>24.5</AltitudeMeters>
            <DistanceMeters>1082.91</DistanceMeters>
            <HeartRateBpm><Value>137</Value></HeartRateBpm>
            <Cadence>164</Cadence>
          </Trackpoint>
          <Trackpoint>
            <Time>2026-02-14T13:37:15.000Z</Time>
            <Position>
              <LatitudeDegrees>37.3451718</LatitudeDegrees>
              <LongitudeDegrees>-121.8775172</LongitudeDegrees>
            </Position>
            <AltitudeMeters>24.4</AltitudeMeters>
            <DistanceMeters>1095.51</DistanceMeters>
            <HeartRateBpm><Value>137</Value></HeartRateBpm>
            <Cadence>164</Cadence>
          </Trackpoint>
          <Trackpoint>
            <Time>2026-02-14T13:37:20.000Z</Time>
            <Position>
              <LatitudeDegrees>37.3452519</LatitudeDegrees>
              <LongitudeDegrees>-121.8774163</LongitudeDegrees>
            </Position>
            <AltitudeMeters>24.3</AltitudeMeters>
            <DistanceMeters>1108.10</DistanceMeters>
            <HeartRateBpm><Value>137</Value></HeartRateBpm>
            <Cadence>164</Cadence>
          </Trackpoint>
          <Trackpoint>
            <Time>2026-02-14T13:37:25.000Z</Time>
            <Position>
              <LatitudeDegrees>37.3453320</LatitudeDegrees>
              <LongitudeDegrees>-121.8773153</LongitudeDegrees>
            </Position>
            <AltitudeMeters>24.3</AltitudeMeters>
            <DistanceMeters>1120.69</DistanceMeters>
            <HeartRateBpm><Value>137</Value></HeartRateBpm>
            <Cadence>164</Cadence>
          </Trackpoint>
          <Trackpoint>
            <Time>2026-02-14T13:37:30.000Z</Time>
            <Position>
              <LatitudeDegrees>37.3454122</LatitudeDegrees>
              <LongitudeDegrees>-121.8772144</LongitudeDegrees>
            </Position>
            <AltitudeMeters>24.2</AltitudeMeters>
            <DistanceMeters>1133.28</DistanceMeters>
            <HeartRateBpm><Value>137</Value></HeartRateBpm>
            <Cadence>164</Cadence>
          </Trackpoint>
          <Trackpoint>
            <Time>2026-02-14T13:37:35.000Z</Time>
            <Position>
              <LatitudeDegrees>37.3454923</LatitudeDegrees>
              <LongitudeDegrees>-121.8771134</LongitudeDegrees>
            </Position>
            <AltitudeMeters>24.1</AltitudeMeters>
            <DistanceMeters>1145.87</DistanceMeters>
            <HeartRateBpm><Value>137</Value></HeartRateBpm>
            <Cadence>164</Cadence>
          </Trackpoint>
          <Trackpoint>
            <Time>2026-02-14T13:37:40.000Z</Time>
            <Position>
              <LatitudeDegrees>37.3455724</LatitudeDegrees>
              <LongitudeDegrees>-121.8770125</LongitudeDegrees>
            </Position>
            <AltitudeMeters>24</AltitudeMeters>
            <DistanceMeters>1158.47</DistanceMeters>
            <HeartRateBpm><Value>137</Value></HeartRateBpm>
            <Cadence>164</Cadence>
          </Trackpoint>
          <Trackpoint>
            <Time>2026-02-14T13:37:45.000Z</Time>
            <Position>
              <LatitudeDegrees>37.3456526</LatitudeDegrees>
              <LongitudeDegrees>-121.8769115</LongitudeDegrees>
            </Position>
            <AltitudeMeters>24</AltitudeMeters>
            <DistanceMeters>1171.06</DistanceMeters>
            <HeartRateBpm><Value>137</Value></HeartRateBpm>
            <Cadence>164</Cadence>
          </Trackpoint>
          <Trackpoint>
            <Time>2026-02-14T13:37:50.000Z</Time>
            <Position>
              <LatitudeDegrees>37.3457327</LatitudeDegrees>
              <LongitudeDegrees>-121.8768106</LongitudeDegrees>
            </Position>
            <AltitudeMeters>23.9</AltitudeMeters>
            <DistanceMeters>1183.65</DistanceMeters>
            <HeartRateBpm><Value>137</Value></HeartRateBpm>
            <Cadence>164</Cadence>
          </Trackpoint>
          <Trackpoint>
            <Time>2026-02-14T13:37:55.000Z</Time>
            <Position>
              <LatitudeDegrees>37.3458128</LatitudeDegrees>
              <LongitudeDegrees>-121.8767096</LongitudeDegrees>
            </Position>
            <AltitudeMeters>23.8</AltitudeMeters>
            <DistanceMeters>1196.24</DistanceMeters>
            <HeartRateBpm><Value>137</Value></HeartRateBpm>
            <Cadence>164</Cadence>
          </Trackpoint>
          <Trackpoint>
            <Time>2026-02-14T13:38:00.000Z</Time>
            <Position>
              <LatitudeDegrees>37.3458930</LatitudeDegrees>
              <LongitudeDegrees>-121.8766087</LongitudeDegrees>
            </Position>
            <AltitudeMeters>23.8</AltitudeMeters>
            <DistanceMeters>1208.83</DistanceMeters>
            <HeartRateBpm><Value>137</Value></HeartRateBpm>
            <Cadence>164</Cadence>
          </Trackpoint>
          <Trackpoint>
            <Time>2026-02-14T13:38:05.000Z</Time>
            <Position>
              <LatitudeDegrees>37.3459731</LatitudeDegrees>
              <LongitudeDegrees>-121.8765077</LongitudeDegrees>
            </Position>
            <AltitudeMeters>23.7</AltitudeMeters>
            <DistanceMeters>1221.43</DistanceMeters>
            <HeartRateBpm><Value>137</Value></HeartRateBpm>
            <Cadence>164</Cadence>
          </Trackpoint>
          <Trackpoint>
            <Time>2026-02-14T13:38:10.000Z</Time>
            <Position>
              <LatitudeDegrees>37.3460532</LatitudeDegrees>
              <LongitudeDegrees>-121.8764068</LongitudeDegrees>
            </Position>
            <AltitudeMeters>23.7</AltitudeMeters>
            <DistanceMeters>1234.02</DistanceMeters>
            <HeartRateBpm><Value>137</Value></HeartRateBpm>
            <Cadence>164</Cadence>
          </Trackpoint>
          <Trackpoint>
            <Time>2026-02-14T13:38:15.000Z</Time>
            <Position>
              <LatitudeDegrees>37.3461334</LatitudeDegrees>
              <LongitudeDegrees>-121.8763058</LongitudeDegrees>
            </Position>
            <AltitudeMeters>23.6</AltitudeMeters>
            <DistanceMeters>1246.61</DistanceMeters>
            <HeartRateBpm><Value>137</Value></HeartRateBpm>
            <Cadence>164</Cadence>
          </Trackpoint>
          <Trackpoint>
            <Time>2026-02-14T13:38:20.000Z</Time>
            <Position>
              <LatitudeDegrees>37.3462135</LatitudeDegrees>
              <LongitudeDegrees>-121.8762049</LongitudeDegrees>
            </Position>
            <AltitudeMeters>23.5</AltitudeMeters>
            <DistanceMeters>1259.20</DistanceMeters>
            <HeartRateBpm><Value>137</Value></HeartRateBpm>
            <Cadence>164</Cadence>
          </Trackpoint>
          <Trackpoint>
            <Time>2026-02-14T13:38:25.000Z</Time>
            <Position>
              <LatitudeDegrees>37.3462937</LatitudeDegrees>
              <LongitudeDegrees>-121.8761039</LongitudeDegrees>
            </Position>
            <AltitudeMeters>23.5</AltitudeMeters>
            <DistanceMeters>1271.79</DistanceMeters>
            <HeartRateBpm><Value>137</Value></HeartRateBpm>
            <Cadence>164</Cadence>
          </Trackpoint>
          <Trackpoint>
            <Time>2026-02-14T13:38:30.000Z</Time>
            <Position>
              <LatitudeDegrees>37.3463738</LatitudeDegrees>
              <LongitudeDegrees>-121.8760030</LongitudeDegrees>
            </Position>
            <AltitudeMeters>23.4</AltitudeMeters>
            <DistanceMeters>1284.39</DistanceMeters>
            <HeartRateBpm><Value>137</Value></HeartRateBpm>
            <Cadence>164</Cadence>
          </Trackpoint>
          <Trackpoint>
            <Time>2026-02-14T13:38:35.000Z</Time>
            <Position>
              <LatitudeDegrees>37.3464539</LatitudeDegrees>
              <LongitudeDegrees>-121.8759020</LongitudeDegrees>
            </Position>
            <AltitudeMeters>23.4</AltitudeMeters>
            <DistanceMeters>1296.98</DistanceMeters>
            <HeartRateBpm><Value>137</Value></HeartRateBpm>
            <Cadence>164</Cadence>
          </Trackpoint>
          <Trackpoint>
            <Time>2026-02-14T13:38:40.000Z</Time>
            <Position>
              <LatitudeDegrees>37.3465341</LatitudeDegrees>
              <LongitudeDegrees>-121.8758011</LongitudeDegrees>
            </Position>
            <AltitudeMeters>23.3</AltitudeMeters>
            <DistanceMeters>1309.57</DistanceMeters>
            <HeartRateBpm><Value>137</Value></HeartRateBpm>
            <Cadence>164</Cadence>
          </Trackpoint>
          <Trackpoint>
            <Time>2026-02-14T13:38:45.000Z</Time>
            <Position>
              <LatitudeDegrees>37.3466142</LatitudeDegrees>
              <LongitudeDegrees>-121.8757001</LongitudeDegrees>
            </Position>
            <AltitudeMeters>23.3</AltitudeMeters>
            <DistanceMeters>1322.16</DistanceMeters>
            <HeartRateBpm><Value>137</Value></HeartRateBpm>
            <Cadence>164</Cadence>
          </Trackpoint>
          <Trackpoint>
            <Time>2026-02-14T13:38:50.000Z</Time>
            <Position>
              <LatitudeDegrees>37.3466943</LatitudeDegrees>
              <LongitudeDegrees>-121.8755992</LongitudeDegrees>
            </Position>
            <AltitudeMeters>23.3</AltitudeMeters>
            <DistanceMeters>1334.75</DistanceMeters>
            <HeartRateBpm><Value>137</Value></HeartRateBpm>
            <Cadence>164</Cadence>
          </Trackpoint>
          <Trackpoint>
            <Time>2026-02-14T13:38:55.000Z</Time>
            <Position>
              <LatitudeDegrees>37.3467745</LatitudeDegrees>
              <LongitudeDegrees>-121.8754982</LongitudeDegrees>
            </Position>
            <AltitudeMeters>23.2</AltitudeMeters>
            <DistanceMeters>1347.35</DistanceMeters>
            <HeartRateBpm><Value>137</Value></HeartRateBpm>
            <Cadence>164</Cadence>
          </Trackpoint>
          <Trackpoint>
            <Time>2026-02-14T13:39:00.000Z</Time>
            <Position>
              <LatitudeDegrees>37.3468546</LatitudeDegrees>
              <LongitudeDegrees>-121.8753973</LongitudeDegrees>
            </Position>
            <AltitudeMeters>23.2</AltitudeMeters>
            <DistanceMeters>1359.94</DistanceMeters>
            <HeartRateBpm><Value>137</Value></HeartRateBpm>
            <Cadence>164</Cadence>
          </Trackpoint>
          <Trackpoint>
            <Time>2026-02-14T13:39:05.000Z</Time>
            <Position>
              <LatitudeDegrees>37.3469347</LatitudeDegrees>
              <LongitudeDegrees>-121.8752963</LongitudeDegrees>
            </Position>
            <AltitudeMeters>23.2</AltitudeMeters>
            <DistanceMeters>1372.53</DistanceMeters>
            <HeartRateBpm><Value>137</Value></HeartRateBpm>
            <Cadence>164</Cadence>
          </Trackpoint>
          <Trackpoint>
            <Time>2026-02-14T13:39:10.000Z</Time>
            <Position>
              <LatitudeDegrees>37.3470149</LatitudeDegrees>
              <LongitudeDegrees>-121.8751954</LongitudeDegrees>
            </Position>
            <AltitudeMeters>23.1</AltitudeMeters>
            <DistanceMeters>1385.12</DistanceMeters>
            <HeartRateBpm><Value>137</Value></HeartRateBpm>
            <Cadence>164</Cadence>
          </Trackpoint>
          <Trackpoint>
            <Time>2026-02-14T13:39:15.000Z</Time>
            <Position>
              <LatitudeDegrees>37.3470950</LatitudeDegrees>
              <LongitudeDegrees>-121.8750944</LongitudeDegrees>
            </Position>
            <AltitudeMeters>23.1</AltitudeMeters>
            <DistanceMeters>1397.71</DistanceMeters>
            <HeartRateBpm><Value>137</Value></HeartRateBpm>
            <Cadence>164</Cadence>
          </Trackpoint>
          <Trackpoint>
            <Time>2026-02-14T13:39:20.000Z</Time>
            <Position>
              <LatitudeDegrees>37.3471751</LatitudeDegrees>
              <LongitudeDegrees>-121.8749935</LongitudeDegrees>
            </Position>
            <AltitudeMeters>23.1</AltitudeMeters>
            <DistanceMeters>1410.31</DistanceMeters>
            <HeartRateBpm><Value>137</Value></HeartRateBpm>
            <Cadence>164</Cadence>
          </Trackpoint>
          <Trackpoint>
            <Time>2026-02-14T13:39:25.000Z</Time>
            <Position>
              <LatitudeDegrees>37.3472553</LatitudeDegrees>
              <LongitudeDegrees>-121.8748925</LongitudeDegrees>
            </Position>
            <AltitudeMeters>23.1</AltitudeMeters>
            <DistanceMeters>1422.90</DistanceMeters>
            <HeartRateBpm><Value>137</Value></HeartRateBpm>
            <Cadence>164</Cadence>
          </Trackpoint>
          <Trackpoint>
            <Time>2026-02-14T13:39:30.000Z</Time>
            <Position>
              <LatitudeDegrees>37.3473354</LatitudeDegrees>
              <LongitudeDegrees>-121.8747916</LongitudeDegrees>
            </Position>
            <AltitudeMeters>23</AltitudeMeters>
            <DistanceMeters>1435.49</DistanceMeters>
            <HeartRateBpm><Value>137</Value></HeartRateBpm>
            <Cadence>164</Cadence>
          </Trackpoint>
          <Trackpoint>
            <Time>2026-02-14T13:39:35.000Z</Time>
            <Position>
              <LatitudeDegrees>37.3474155</LatitudeDegrees>
              <LongitudeDegrees>-121.8746906</LongitudeDegrees>
            </Position>
            <AltitudeMeters>23</AltitudeMeters>
            <DistanceMeters>1448.08</DistanceMeters>
            <HeartRateBpm><Value>137</Value></HeartRateBpm>
            <Cadence>164</Cadence>
          </Trackpoint>
          <Trackpoint>
            <Time>2026-02-14T13:39:40.000Z</Time>
            <Position>
              <LatitudeDegrees>37.3474957</LatitudeDegrees>
              <LongitudeDegrees>-121.8745897</LongitudeDegrees>
            </Position>
            <AltitudeMeters>23</AltitudeMeters>
            <DistanceMeters>1460.67</DistanceMeters>
            <HeartRateBpm><Value>137</Value></HeartRateBpm>
            <Cadence>164</Cadence>
          </Trackpoint>
          <Trackpoint>
            <Time>2026-02-14T13:39:45.000Z</Time>
            <Position>
              <LatitudeDegrees>37.3475758</LatitudeDegrees>
              <LongitudeDegrees>-121.8744887</LongitudeDegrees>
            </Position>
            <AltitudeMeters>23</AltitudeMeters>
            <DistanceMeters>1473.27</DistanceMeters>
            <HeartRateBpm><Value>137</Value></HeartRateBpm>
            <Cadence>164</Cadence>
          </Trackpoint>
          <Trackpoint>
            <Time>2026-02-14T13:39:50.000Z</Time>
            <Position>
              <LatitudeDegrees>37.3476560</LatitudeDegrees>
              <LongitudeDegrees>-121.8743878</LongitudeDegrees>
            </Position>
            <AltitudeMeters>23</AltitudeMeters>
            <DistanceMeters>1485.86</DistanceMeters>
            <HeartRateBpm><Value>137</Value></HeartRateBpm>
            <Cadence>164</Cadence>
          </Trackpoint>
          <Trackpoint>
            <Time>2026-02-14T13:39:55.000Z</Time>
            <Position>
              <LatitudeDegrees>37.3477361</LatitudeDegrees>
              <LongitudeDegrees>-121.8742868</LongitudeDegrees>
            </Position>
            <AltitudeMeters>23</AltitudeMeters>
            <DistanceMeters>1498.45</DistanceMeters>
            <HeartRateBpm><Value>137</Value></HeartRateBpm>
            <Cadence>164</Cadence>
          </Trackpoint>
          <Trackpoint>
            <Time>2026-02-14T13:40:00.000Z</Time>
            <Position>
              <LatitudeDegrees>37.3478162</LatitudeDegrees>
              <LongitudeDegrees>-121.8741858</LongitudeDegrees>
            </Position>
            <AltitudeMeters>23</AltitudeMeters>
            <DistanceMeters>1511.04</DistanceMeters>
            <HeartRateBpm><Value>137</Value></HeartRateBpm>
            <Cadence>164</Cadence>
          </Trackpoint>
          <Trackpoint>
            <Time>2026-02-14T13:40:05.000Z</Time>
            <Position>
              <LatitudeDegrees>37.3478964</LatitudeDegrees>
              <LongitudeDegrees>-121.8740849</LongitudeDegrees>
            </Position>
            <AltitudeMeters>23</AltitudeMeters>
            <DistanceMeters>1523.63</DistanceMeters>
            <HeartRateBpm><Value>137</Value></HeartRateBpm>
            <Cadence>164</Cadence>
          </Trackpoint>
          <Trackpoint>
            <Time>2026-02-14T13:40:10.000Z</Time>
            <Position>
              <LatitudeDegrees>37.3479765</LatitudeDegrees>
              <LongitudeDegrees>-121.8739839</LongitudeDegrees>
            </Position>
            <AltitudeMeters>23</AltitudeMeters>
            <DistanceMeters>1536.23</DistanceMeters>
            <HeartRateBpm><Value>137</Value></HeartRateBpm>
            <Cadence>164</Cadence>
          </Trackpoint>
          <Trackpoint>
            <Time>2026-02-14T13:40:15.000Z</Time>
            <Position>
              <LatitudeDegrees>37.3480566</LatitudeDegrees>
              <LongitudeDegrees>-121.8738830</LongitudeDegrees>
            </Position>
            <AltitudeMeters>23</AltitudeMeters>
            <DistanceMeters>1548.82</DistanceMeters>
            <HeartRateBpm><Value>137</Value></HeartRateBpm>
            <Cadence>164</Cadence>
          </Trackpoint>
          <Trackpoint>
            <Time>2026-02-14T13:40:20.000Z</Time>
            <Position>
              <LatitudeDegrees>37.3481368</LatitudeDegrees>
              <LongitudeDegrees>-121.8737820</LongitudeDegrees>
            </Position>
            <AltitudeMeters>23</AltitudeMeters>
            <DistanceMeters>1561.41</DistanceMeters>
            <HeartRateBpm><Value>137</Value></HeartRateBpm>
            <Cadence>164</Cadence>
          </Trackpoint>
          <Trackpoint>
            <Time>2026-02-14T13:40:25.000Z</Time>
            <Position>
              <LatitudeDegrees>37.3482169</LatitudeDegrees>
              <LongitudeDegrees>-121.8736811</LongitudeDegrees>
            </Position>
            <AltitudeMeters>23.1</AltitudeMeters>
            <DistanceMeters>1574.00</DistanceMeters>
            <HeartRateBpm><Value>137</Value></HeartRateBpm>
            <Cadence>164</Cadence>
          </Trackpoint>
          <Trackpoint>
            <Time>2026-02-14T13:40:30.000Z</Time>
            <Position>
              <LatitudeDegrees>37.3482970</LatitudeDegrees>
              <LongitudeDegrees>-121.8735801</LongitudeDegrees>
            </Position>
            <AltitudeMeters>23.1</AltitudeMeters>
            <DistanceMeters>1586.59</DistanceMeters>
            <HeartRateBpm><Value>137</Value></HeartRateBpm>
            <Cadence>164</Cadence>
          </Trackpoint>
          <Trackpoint>
            <Time>2026-02-14T13:40:35.000Z</Time>
            <Position>
              <LatitudeDegrees>37.3483772</LatitudeDegrees>
              <LongitudeDegrees>-121.8734792</LongitudeDegrees>
            </Position>
            <AltitudeMeters>23.1</AltitudeMeters>
            <DistanceMeters>1599.19</DistanceMeters>
            <HeartRateBpm><Value>137</Value></HeartRateBpm>
            <Cadence>164</Cadence>
          </Trackpoint>
          <Trackpoint>
            <Time>2026-02-14T13:40:40.000Z</Time>
            <Position>
              <LatitudeDegrees>37.3484573</LatitudeDegrees>
              <LongitudeDegrees>-121.8733782</LongitudeDegrees>
            </Position>
            <AltitudeMeters>23.1</AltitudeMeters>
            <DistanceMeters>1611.78</DistanceMeters>
            <HeartRateBpm><Value>137</Value></HeartRateBpm>
            <Cadence>164</Cadence>
          </Trackpoint>
          <Trackpoint>
            <Time>2026-02-14T13:40:45.000Z</Time>
            <Position>
              <LatitudeDegrees>37.3485374</LatitudeDegrees>
              <LongitudeDegrees>-121.8732773</LongitudeDegrees>
            </Position>
            <AltitudeMeters>23.2</AltitudeMeters>
            <DistanceMeters>1624.37</DistanceMeters>
            <HeartRateBpm><Value>137</Value></HeartRateBpm>
            <Cadence>164</Cadence>
          </Trackpoint>
          <Trackpoint>
            <Time>2026-02-14T13:40:50.000Z</Time>
            <Position>
              <LatitudeDegrees>37.3486176</LatitudeDegrees>
              <LongitudeDegrees>-121.8731763</LongitudeDegrees>
            </Position>
            <AltitudeMeters>23.2</AltitudeMeters>
            <DistanceMeters>1636.96</DistanceMeters>
            <HeartRateBpm><Value>137</Value></HeartRateBpm>
            <Cadence>164</Cadence>
          </Trackpoint>
          <Trackpoint>
            <Time>2026-02-14T13:40:55.000Z</Time>
            <Position>
              <LatitudeDegrees>37.3486977</LatitudeDegrees>
              <LongitudeDegrees>-121.8730754</LongitudeDegrees>
            </Position>
            <AltitudeMeters>23.2</AltitudeMeters>
            <DistanceMeters>1649.55</DistanceMeters>
            <HeartRateBpm><Value>137</Value></HeartRateBpm>
            <Cadence>164</Cadence>
          </Trackpoint>
          <Trackpoint>
            <Time>2026-02-14T13:41:00.000Z</Time>
            <Position>
              <LatitudeDegrees>37.3487778</LatitudeDegrees>
              <LongitudeDegrees>-121.8729744</LongitudeDegrees>
            </Position>
            <AltitudeMeters>23.3</AltitudeMeters>
            <DistanceMeters>1662.15</DistanceMeters>
            <HeartRateBpm><Value>137</Value></HeartRateBpm>
            <Cadence>164</Cadence>
          </Trackpoint>
          <Trackpoint>
            <Time>2026-02-14T13:41:05.000Z</Time>
            <Position>
              <LatitudeDegrees>37.3488580</LatitudeDegrees>
              <LongitudeDegrees>-121.8728735</LongitudeDegrees>
            </Position>
            <AltitudeMeters>23.3</AltitudeMeters>
            <DistanceMeters>1674.74</DistanceMeters>
            <HeartRateBpm><Value>137</Value></HeartRateBpm>
            <Cadence>164</Cadence>
          </Trackpoint>
          <Trackpoint>
            <Time>2026-02-14T13:41:10.000Z</Time>
            <Position>
              <LatitudeDegrees>37.3489381</LatitudeDegrees>
              <LongitudeDegrees>-121.8727725</LongitudeDegrees>
            </Position>
            <AltitudeMeters>23.3</AltitudeMeters>
            <DistanceMeters>1687.33</DistanceMeters>
            <HeartRateBpm><Value>137</Value></HeartRateBpm>
            <Cadence>164</Cadence>
          </Trackpoint>
          <Trackpoint>
            <Time>2026-02-14T13:41:15.000Z</Time>
            <Position>
              <LatitudeDegrees>37.3490183</LatitudeDegrees>
              <LongitudeDegrees>-121.8726716</LongitudeDegrees>
            </Position>
            <AltitudeMeters>23.4</AltitudeMeters>
            <DistanceMeters>1699.92</DistanceMeters>
            <HeartRateBpm><Value>137</Value></HeartRateBpm>
            <Cadence>164</Cadence>
          </Trackpoint>
          <Trackpoint>
            <Time>2026-02-14T13:41:20.000Z</Time>
            <Position>
              <LatitudeDegrees>37.3490984</LatitudeDegrees>
              <LongitudeDegrees>-121.8725706</LongitudeDegrees>
            </Position>
            <AltitudeMeters>23.4</AltitudeMeters>
            <DistanceMeters>1712.51</DistanceMeters>
            <HeartRateBpm><Value>137</Value></HeartRateBpm>
            <Cadence>164</Cadence>
          </Trackpoint>
          <Trackpoint>
            <Time>2026-02-14T13:41:25.000Z</Time>
            <Position>
              <LatitudeDegrees>37.3491785</LatitudeDegrees>
              <LongitudeDegrees>-121.8724697</LongitudeDegrees>
            </Position>
            <AltitudeMeters>23.5</AltitudeMeters>
            <DistanceMeters>1725.11</DistanceMeters>
            <HeartRateBpm><Value>137</Value></HeartRateBpm>
            <Cadence>164</Cadence>
          </Trackpoint>
          <Trackpoint>
            <Time>2026-02-14T13:41:30.000Z</Time>
            <Position>
              <LatitudeDegrees>37.3492587</LatitudeDegrees>
              <LongitudeDegrees>-121.8723687</LongitudeDegrees>
            </Position>
            <AltitudeMeters>23.5</AltitudeMeters>
            <DistanceMeters>1737.70</DistanceMeters>
            <HeartRateBpm><Value>137</Value></HeartRateBpm>
            <Cadence>164</Cadence>
          </Trackpoint>
          <Trackpoint>
            <Time>2026-02-14T13:41:35.000Z</Time>
            <Position>
              <LatitudeDegrees>37.3493388</LatitudeDegrees>
              <LongitudeDegrees>-121.8722678</LongitudeDegrees>
            </Position>
            <AltitudeMeters>23.6</AltitudeMeters>
            <DistanceMeters>1750.29</DistanceMeters>
            <HeartRateBpm><Value>137</Value></HeartRateBpm>
            <Cadence>164</Cadence>
          </Trackpoint>
          <Trackpoint>
            <Time>2026-02-14T13:41:40.000Z</Time>
            <Position>
              <LatitudeDegrees>37.3494189</LatitudeDegrees>
              <LongitudeDegrees>-121.8721668</LongitudeDegrees>
            </Position>
            <AltitudeMeters>23.6</AltitudeMeters>
            <DistanceMeters>1762.88</DistanceMeters>
            <HeartRateBpm><Value>137</Value></HeartRateBpm>
            <Cadence>164</Cadence>
          </Trackpoint>
          <Trackpoint>
            <Time>2026-02-14T13:41:45.000Z</Time>
            <Position>
              <LatitudeDegrees>37.3494991</LatitudeDegrees>
              <LongitudeDegrees>-121.8720659</LongitudeDegrees>
            </Position>
            <AltitudeMeters>23.7</AltitudeMeters>
            <DistanceMeters>1775.47</DistanceMeters>
            <HeartRateBpm><Value>137</Value></HeartRateBpm>
            <Cadence>164</Cadence>
          </Trackpoint>
          <Trackpoint>
            <Time>2026-02-14T13:41:50.000Z</Time>
            <Position>
              <LatitudeDegrees>37.3495792</LatitudeDegrees>
              <LongitudeDegrees>-121.8719649</LongitudeDegrees>
            </Position>
            <AltitudeMeters>23.8</AltitudeMeters>
            <DistanceMeters>1788.07</DistanceMeters>
            <HeartRateBpm><Value>137</Value></HeartRateBpm>
            <Cadence>164</Cadence>
          </Trackpoint>
          <Trackpoint>
            <Time>2026-02-14T13:41:55.000Z</Time>
            <Position>
              <LatitudeDegrees>37.3496593</LatitudeDegrees>
              <LongitudeDegrees>-121.8718640</LongitudeDegrees>
            </Position>
            <AltitudeMeters>23.8</AltitudeMeters>
            <DistanceMeters>1800.66</DistanceMeters>
            <HeartRateBpm><Value>137</Value></HeartRateBpm>
            <Cadence>164</Cadence>
          </Trackpoint>
          <Trackpoint>
            <Time>2026-02-14T13:42:00.000Z</Time>
            <Position>
              <LatitudeDegrees>37.3497395</LatitudeDegrees>
              <LongitudeDegrees>-121.8717630</LongitudeDegrees>
            </Position>
            <AltitudeMeters>23.9</AltitudeMeters>
            <DistanceMeters>1813.25</DistanceMeters>
            <HeartRateBpm><Value>137</Value></HeartRateBpm>
            <Cadence>164</Cadence>
          </Trackpoint>
          <Trackpoint>
            <Time>2026-02-14T13:42:05.000Z</Time>
            <Position>
              <LatitudeDegrees>37.3498196</LatitudeDegrees>
              <LongitudeDegrees>-121.8716621</LongitudeDegrees>
            </Position>
            <AltitudeMeters>24</AltitudeMeters>
            <DistanceMeters>1825.84</DistanceMeters>
            <HeartRateBpm><Value>137</Value></HeartRateBpm>
            <Cadence>164</Cadence>
          </Trackpoint>
          <Trackpoint>
            <Time>2026-02-14T13:42:10.000Z</Time>
            <Position>
              <LatitudeDegrees>37.3498997</LatitudeDegrees>
              <LongitudeDegrees>-121.8715611</LongitudeDegrees>
            </Position>
            <AltitudeMeters>24</AltitudeMeters>
            <DistanceMeters>1838.43</DistanceMeters>
            <HeartRateBpm><Value>137</Value></HeartRateBpm>
            <Cadence>164</Cadence>
          </Trackpoint>
          <Trackpoint>
            <Time>2026-02-14T13:42:15.000Z</Time>
            <Position>
              <LatitudeDegrees>37.3499799</LatitudeDegrees>
              <LongitudeDegrees>-121.8714602</LongitudeDegrees>
            </Position>
            <AltitudeMeters>24.1</AltitudeMeters>
            <DistanceMeters>1851.03</DistanceMeters>
            <HeartRateBpm><Value>137</Value></HeartRateBpm>
            <Cadence>164</Cadence>
          </Trackpoint>
          <Trackpoint>
            <Time>2026-02-14T13:42:20.000Z</Time>
            <Position>
              <LatitudeDegrees>37.3500600</LatitudeDegrees>
              <LongitudeDegrees>-121.8713592</LongitudeDegrees>
            </Position>
            <AltitudeMeters>24.2</AltitudeMeters>
            <DistanceMeters>1863.62</DistanceMeters>
            <HeartRateBpm><Value>137</Value></HeartRateBpm>
            <Cadence>164</Cadence>
          </Trackpoint>
          <Trackpoint>
            <Time>2026-02-14T13:42:25.000Z</Time>
            <Position>
              <LatitudeDegrees>37.3501401</LatitudeDegrees>
              <LongitudeDegrees>-121.8712583</LongitudeDegrees>
            </Position>
            <AltitudeMeters>24.2</AltitudeMeters>
            <DistanceMeters>1876.21</DistanceMeters>
            <HeartRateBpm><Value>137</Value></HeartRateBpm>
            <Cadence>164</Cadence>
          </Trackpoint>
          <Trackpoint>
            <Time>2026-02-14T13:42:30.000Z</Time>
            <Position>
              <LatitudeDegrees>37.3502203</LatitudeDegrees>
              <LongitudeDegrees>-121.8711573</LongitudeDegrees>
            </Position>
            <AltitudeMeters>24.3</AltitudeMeters>
            <DistanceMeters>1888.80</DistanceMeters>
            <HeartRateBpm><Value>137</Value></HeartRateBpm>
            <Cadence>164</Cadence>
          </Trackpoint>
          <Trackpoint>
            <Time>2026-02-14T13:42:35.000Z</Time>
            <Position>
              <LatitudeDegrees>37.3503004</LatitudeDegrees>
              <LongitudeDegrees>-121.8710564</LongitudeDegrees>
            </Position>
            <AltitudeMeters>24.4</AltitudeMeters>
            <DistanceMeters>1901.39</DistanceMeters>
            <HeartRateBpm><Value>137</Value></HeartRateBpm>
            <Cadence>164</Cadence>
          </Trackpoint>
          <Trackpoint>
            <Time>2026-02-14T13:42:40.000Z</Time>
            <Position>
              <LatitudeDegrees>37.3503805</LatitudeDegrees>
              <LongitudeDegrees>-121.8709554</LongitudeDegrees>
            </Position>
            <AltitudeMeters>24.5</AltitudeMeters>
            <DistanceMeters>1913.99</DistanceMeters>
            <HeartRateBpm><Value>137</Value></HeartRateBpm>
            <Cadence>164</Cadence>
          </Trackpoint>
          <Trackpoint>
            <Time>2026-02-14T13:42:45.000Z</Time>
            <Position>
              <LatitudeDegrees>37.3504607</LatitudeDegrees>
              <LongitudeDegrees>-121.8708545</LongitudeDegrees>
            </Position>
            <AltitudeMeters>24.5</AltitudeMeters>
            <DistanceMeters>1926.58</DistanceMeters>
            <HeartRateBpm><Value>137</Value></HeartRateBpm>
            <Cadence>164</Cadence>
          </Trackpoint>
          <Trackpoint>
            <Time>2026-02-14T13:42:50.000Z</Time>
            <Position>
              <LatitudeDegrees>37.3505408</LatitudeDegrees>
              <LongitudeDegrees>-121.8707535</LongitudeDegrees>
            </Position>
            <AltitudeMeters>24.6</AltitudeMeters>
            <DistanceMeters>1939.17</DistanceMeters>
            <HeartRateBpm><Value>137</Value></HeartRateBpm>
            <Cadence>164</Cadence>
          </Trackpoint>
          <Trackpoint>
            <Time>2026-02-14T13:42:55.000Z</Time>
            <Position>
              <LatitudeDegrees>37.3506210</LatitudeDegrees>
              <LongitudeDegrees>-121.8706526</LongitudeDegrees>
            </Position>
            <AltitudeMeters>24.7</AltitudeMeters>
            <DistanceMeters>1951.76</DistanceMeters>
            <HeartRateBpm><Value>137</Value></HeartRateBpm>
            <Cadence>164</Cadence>
          </Trackpoint>
          <Trackpoint>
            <Time>2026-02-14T13:43:00.000Z</Time>
            <Position>
              <LatitudeDegrees>37.3507011</LatitudeDegrees>
              <LongitudeDegrees>-121.8705516</LongitudeDegrees>
            </Position>
            <AltitudeMeters>24.8</AltitudeMeters>
            <DistanceMeters>1964.35</DistanceMeters>
            <HeartRateBpm><Value>137</Value></HeartRateBpm>
            <Cadence>164</Cadence>
          </Trackpoint>
          <Trackpoint>
            <Time>2026-02-14T13:43:05.000Z</Time>
            <Position>
              <LatitudeDegrees>37.3507812</LatitudeDegrees>
              <LongitudeDegrees>-121.8704507</LongitudeDegrees>
            </Position>
            <AltitudeMeters>24.9</AltitudeMeters>
            <DistanceMeters>1976.95</DistanceMeters>
            <HeartRateBpm><Value>137</Value></HeartRateBpm>
            <Cadence>164</Cadence>
          </Trackpoint>
          <Trackpoint>
            <Time>2026-02-14T13:43:10.000Z</Time>
            <Position>
              <LatitudeDegrees>37.3508614</LatitudeDegrees>
              <LongitudeDegrees>-121.8703497</LongitudeDegrees>
            </Position>
            <AltitudeMeters>24.9</AltitudeMeters>
            <DistanceMeters>1989.54</DistanceMeters>
            <HeartRateBpm><Value>137</Value></HeartRateBpm>
            <Cadence>164</Cadence>
          </Trackpoint>
          <Trackpoint>
            <Time>2026-02-14T13:43:15.000Z</Time>
            <Position>
              <LatitudeDegrees>37.3509415</LatitudeDegrees>
              <LongitudeDegrees>-121.8702487</LongitudeDegrees>
            </Position>
            <AltitudeMeters>25</AltitudeMeters>
            <DistanceMeters>2002.13</DistanceMeters>
            <HeartRateBpm><Value>137</Value></HeartRateBpm>
            <Cadence>164</Cadence>
          </Trackpoint>
          <Trackpoint>
            <Time>2026-02-14T13:43:20.000Z</Time>
            <Position>
              <LatitudeDegrees>37.3510216</LatitudeDegrees>
              <LongitudeDegrees>-121.8701478</LongitudeDegrees>
            </Position>
            <AltitudeMeters>25.1</AltitudeMeters>
            <DistanceMeters>2014.72</DistanceMeters>
            <HeartRateBpm><Value>137</Value></HeartRateBpm>
            <Cadence>164</Cadence>
          </Trackpoint>
          <Trackpoint>
            <Time>2026-02-14T13:43:25.000Z</Time>
            <Position>
              <LatitudeDegrees>37.3511018</LatitudeDegrees>
              <LongitudeDegrees>-121.8700468</LongitudeDegrees>
            </Position>
            <AltitudeMeters>25.2</AltitudeMeters>
            <DistanceMeters>2027.31</DistanceMeters>
            <HeartRateBpm><Value>137</Value></HeartRateBpm>
            <Cadence>164</Cadence>
          </Trackpoint>
          <Trackpoint>
            <Time>2026-02-14T13:43:30.000Z</Time>
            <Position>
              <LatitudeDegrees>37.3511819</LatitudeDegrees>
              <LongitudeDegrees>-121.8699459</LongitudeDegrees>
            </Position>
            <AltitudeMeters>25.3</AltitudeMeters>
            <DistanceMeters>2039.91</DistanceMeters>
            <HeartRateBpm><Value>137</Value></HeartRateBpm>
            <Cadence>164</Cadence>
          </Trackpoint>
          <Trackpoint>
            <Time>2026-02-14T13:43:35.000Z</Time>
            <Position>
              <LatitudeDegrees>37.3512620</LatitudeDegrees>
              <LongitudeDegrees>-121.8698449</LongitudeDegrees>
            </Position>
            <AltitudeMeters>25.3</AltitudeMeters>
            <DistanceMeters>2052.50</DistanceMeters>
            <HeartRateBpm><Value>137</Value></HeartRateBpm>
            <Cadence>164</Cadence>
          </Trackpoint>
          <Trackpoint>
            <Time>2026-02-14T13:43:40.000Z</Time>
            <Position>
              <LatitudeDegrees>37.3513422</LatitudeDegrees>
              <LongitudeDegrees>-121.8697440</LongitudeDegrees>
            </Position>
            <AltitudeMeters>25.4</AltitudeMeters>
            <DistanceMeters>2065.09</DistanceMeters>
            <HeartRateBpm><Value>137</Value></HeartRateBpm>
            <Cadence>164</Cadence>
          </Trackpoint>
          <Trackpoint>
            <Time>2026-02-14T13:43:45.000Z</Time>
            <Position>
              <LatitudeDegrees>37.3514223</LatitudeDegrees>
              <LongitudeDegrees>-121.8696430</LongitudeDegrees>
            </Position>
            <AltitudeMeters>25.5</AltitudeMeters>
            <DistanceMeters>2077.68</DistanceMeters>
            <HeartRateBpm><Value>137</Value></HeartRateBpm>
            <Cadence>164</Cadence>
          </Trackpoint>
          <Trackpoint>
            <Time>2026-02-14T13:43:50.000Z</Time>
            <Position>
              <LatitudeDegrees>37.3515024</LatitudeDegrees>
              <LongitudeDegrees>-121.8695421</LongitudeDegrees>
            </Position>
            <AltitudeMeters>25.6</AltitudeMeters>
            <DistanceMeters>2090.28</DistanceMeters>
            <HeartRateBpm><Value>137</Value></HeartRateBpm>
            <Cadence>164</Cadence>
          </Trackpoint>
          <Trackpoint>
            <Time>2026-02-14T13:43:55.000Z</Time>
            <Position>
              <LatitudeDegrees>37.3515826</LatitudeDegrees>
              <LongitudeDegrees>-121.8694411</LongitudeDegrees>
            </Position>
            <AltitudeMeters>25.6</AltitudeMeters>
            <DistanceMeters>2102.87</DistanceMeters>
            <HeartRateBpm><Value>137</Value></HeartRateBpm>
            <Cadence>164</Cadence>
          </Trackpoint>
          <Trackpoint>
            <Time>2026-02-14T13:44:00.000Z</Time>
            <Position>
              <LatitudeDegrees>37.3516627</LatitudeDegrees>
              <LongitudeDegrees>-121.8693402</LongitudeDegrees>
            </Position>
            <AltitudeMeters>25.7</AltitudeMeters>
            <DistanceMeters>2115.46</DistanceMeters>
            <HeartRateBpm><Value>137</Value></HeartRateBpm>
            <Cadence>164</Cadence>
          </Trackpoint>
          <Trackpoint>
            <Time>2026-02-14T13:44:05.000Z</Time>
            <Position>
              <LatitudeDegrees>37.3517428</LatitudeDegrees>
              <LongitudeDegrees>-121.8692392</LongitudeDegrees>
            </Position>
            <AltitudeMeters>25.8</AltitudeMeters>
            <DistanceMeters>2128.05</DistanceMeters>
            <HeartRateBpm><Value>137</Value></HeartRateBpm>
            <Cadence>164</Cadence>
          </Trackpoint>
          <Trackpoint>
            <Time>2026-02-14T13:44:10.000Z</Time>
            <Position>
              <LatitudeDegrees>37.3518230</LatitudeDegrees>
              <LongitudeDegrees>-121.8691383</LongitudeDegrees>
            </Position>
            <AltitudeMeters>25.9</AltitudeMeters>
            <DistanceMeters>2140.64</DistanceMeters>
            <HeartRateBpm><Value>137</Value></HeartRateBpm>
            <Cadence>164</Cadence>
          </Trackpoint>
          <Trackpoint>
            <Time>2026-02-14T13:44:15.000Z</Time>
            <Position>
              <LatitudeDegrees>37.3519031</LatitudeDegrees>
              <LongitudeDegrees>-121.8690373</LongitudeDegrees>
            </Position>
            <AltitudeMeters>25.9</AltitudeMeters>
            <DistanceMeters>2153.24</DistanceMeters>
            <HeartRateBpm><Value>137</Value></HeartRateBpm>
            <Cadence>164</Cadence>
          </Trackpoint>
          <Trackpoint>
            <Time>2026-02-14T13:44:20.000Z</Time>
            <Position>
              <LatitudeDegrees>37.3519833</LatitudeDegrees>
              <LongitudeDegrees>-121.8689364</LongitudeDegrees>
            </Position>
            <AltitudeMeters>26</AltitudeMeters>
            <DistanceMeters>2165.83</DistanceMeters>
            <HeartRateBpm><Value>137</Value></HeartRateBpm>
            <Cadence>164</Cadence>
          </Trackpoint>
          <Trackpoint>
            <Time>2026-02-14T13:44:25.000Z</Time>
            <Position>
              <LatitudeDegrees>37.3520634</LatitudeDegrees>
              <LongitudeDegrees>-121.8688354</LongitudeDegrees>
            </Position>
            <AltitudeMeters>26.1</AltitudeMeters>
            <DistanceMeters>2178.42</DistanceMeters>
            <HeartRateBpm><Value>137</Value></HeartRateBpm>
            <Cadence>164</Cadence>
          </Trackpoint>
          <Trackpoint>
            <Time>2026-02-14T13:44:30.000Z</Time>
            <Position>
              <LatitudeDegrees>37.3521435</LatitudeDegrees>
              <LongitudeDegrees>-121.8687345</LongitudeDegrees>
            </Position>
            <AltitudeMeters>26.1</AltitudeMeters>
            <DistanceMeters>2191.01</DistanceMeters>
            <HeartRateBpm><Value>137</Value></HeartRateBpm>
            <Cadence>164</Cadence>
          </Trackpoint>
          <Trackpoint>
            <Time>2026-02-14T13:44:35.000Z</Time>
            <Position>
              <LatitudeDegrees>37.3522237</LatitudeDegrees>
              <LongitudeDegrees>-121.8686335</LongitudeDegrees>
            </Position>
            <AltitudeMeters>26.2</AltitudeMeters>
            <DistanceMeters>2203.60</DistanceMeters>
            <HeartRateBpm><Value>137</Value></HeartRateBpm>
            <Cadence>164</Cadence>
          </Trackpoint>
          <Trackpoint>
            <Time>2026-02-14T13:44:40.000Z</Time>
            <Position>
              <LatitudeDegrees>37.3523038</LatitudeDegrees>
              <LongitudeDegrees>-121.8685326</LongitudeDegrees>
            </Position>
            <AltitudeMeters>26.3</AltitudeMeters>
            <DistanceMeters>2216.20</DistanceMeters>
            <HeartRateBpm><Value>137</Value></HeartRateBpm>
            <Cadence>164</Cadence>
          </Trackpoint>
          <Trackpoint>
            <Time>2026-02-14T13:44:45.000Z</Time>
            <Position>
              <LatitudeDegrees>37.3523839</LatitudeDegrees>
              <LongitudeDegrees>-121.8684316</LongitudeDegrees>
            </Position>
            <AltitudeMeters>26.3</AltitudeMeters>
            <DistanceMeters>2228.79</DistanceMeters>
            <HeartRateBpm><Value>137</Value></HeartRateBpm>
            <Cadence>164</Cadence>
          </Trackpoint>
          <Trackpoint>
            <Time>2026-02-14T13:44:50.000Z</Time>
            <Position>
              <LatitudeDegrees>37.3524641</LatitudeDegrees>
              <LongitudeDegrees>-121.8683307</LongitudeDegrees>
            </Position>
            <AltitudeMeters>26.4</AltitudeMeters>
            <DistanceMeters>2241.38</DistanceMeters>
            <HeartRateBpm><Value>137</Value></HeartRateBpm>
            <Cadence>164</Cadence>
          </Trackpoint>
          <Trackpoint>
            <Time>2026-02-14T13:44:55.000Z</Time>
            <Position>
              <LatitudeDegrees>37.3525442</LatitudeDegrees>
              <LongitudeDegrees>-121.8682297</LongitudeDegrees>
            </Position>
            <AltitudeMeters>26.4</AltitudeMeters>
            <DistanceMeters>2253.97</DistanceMeters>
            <HeartRateBpm><Value>137</Value></HeartRateBpm>
            <Cadence>164</Cadence>
          </Trackpoint>
          <Trackpoint>
            <Time>2026-02-14T13:45:00.000Z</Time>
            <Position>
              <LatitudeDegrees>37.3526243</LatitudeDegrees>
              <LongitudeDegrees>-121.8681288</LongitudeDegrees>
            </Position>
            <AltitudeMeters>26.5</AltitudeMeters>
            <DistanceMeters>2266.56</DistanceMeters>
            <HeartRateBpm><Value>137</Value></HeartRateBpm>
            <Cadence>164</Cadence>
          </Trackpoint>
          <Trackpoint>
            <Time>2026-02-14T13:45:05.000Z</Time>
            <Position>
              <LatitudeDegrees>37.3527045</LatitudeDegrees>
              <LongitudeDegrees>-121.8680278</LongitudeDegrees>
            </Position>
            <AltitudeMeters>26.5</AltitudeMeters>
            <DistanceMeters>2279.16</DistanceMeters>
            <HeartRateBpm><Value>137</Value></HeartRateBpm>
            <Cadence>164</Cadence>
          </Trackpoint>
          <Trackpoint>
            <Time>2026-02-14T13:45:10.000Z</Time>
            <Position>
              <LatitudeDegrees>37.3527846</LatitudeDegrees>
              <LongitudeDegrees>-121.8679269</LongitudeDegrees>
            </Position>
            <AltitudeMeters>26.6</AltitudeMeters>
            <DistanceMeters>2291.75</DistanceMeters>
            <HeartRateBpm><Value>137</Value></HeartRateBpm>
            <Cadence>164</Cadence>
          </Trackpoint>
          <Trackpoint>
            <Time>2026-02-14T13:45:15.000Z</Time>
            <Position>
              <LatitudeDegrees>37.3528647</LatitudeDegrees>
              <LongitudeDegrees>-121.8678259</LongitudeDegrees>
            </Position>
            <AltitudeMeters>26.6</AltitudeMeters>
            <DistanceMeters>2304.34</DistanceMeters>
            <HeartRateBpm><Value>137</Value></HeartRateBpm>
            <Cadence>164</Cadence>
          </Trackpoint>
          <Trackpoint>
            <Time>2026-02-14T13:45:20.000Z</Time>
            <Position>
              <LatitudeDegrees>37.3529449</LatitudeDegrees>
              <LongitudeDegrees>-121.8677250</LongitudeDegrees>
            </Position>
            <AltitudeMeters>26.7</AltitudeMeters>
            <DistanceMeters>2316.93</DistanceMeters>
            <HeartRateBpm><Value>137</Value></HeartRateBpm>
            <Cadence>164</Cadence>
          </Trackpoint>
          <Trackpoint>
            <Time>2026-02-14T13:45:25.000Z</Time>
            <Position>
              <LatitudeDegrees>37.3530250</LatitudeDegrees>
              <LongitudeDegrees>-121.8676240</LongitudeDegrees>
            </Position>
            <AltitudeMeters>26.7</AltitudeMeters>
            <DistanceMeters>2329.52</DistanceMeters>
            <HeartRateBpm><Value>137</Value></HeartRateBpm>
            <Cadence>164</Cadence>
          </Trackpoint>
          <Trackpoint>
            <Time>2026-02-14T13:45:30.000Z</Time>
            <Position>
              <LatitudeDegrees>37.3531051</LatitudeDegrees>
              <LongitudeDegrees>-121.8675231</LongitudeDegrees>
            </Position>
            <AltitudeMeters>26.8</AltitudeMeters>
            <DistanceMeters>2342.12</DistanceMeters>
            <HeartRateBpm><Value>137</Value></HeartRateBpm>
            <Cadence>164</Cadence>
          </Trackpoint>
          <Trackpoint>
            <Time>2026-02-14T13:45:35.000Z</Time>
            <Position>
              <LatitudeDegrees>37.3531853</LatitudeDegrees>
              <LongitudeDegrees>-121.8674221</LongitudeDegrees>
            </Position>
            <AltitudeMeters>26.8</AltitudeMeters>
            <DistanceMeters>2354.71</DistanceMeters>
            <HeartRateBpm><Value>137</Value></HeartRateBpm>
            <Cadence>164</Cadence>
          </Trackpoint>
          <Trackpoint>
            <Time>2026-02-14T13:45:40.000Z</Time>
            <Position>
              <LatitudeDegrees>37.3532654</LatitudeDegrees>
              <LongitudeDegrees>-121.8673212</LongitudeDegrees>
            </Position>
            <AltitudeMeters>26.8</AltitudeMeters>
            <DistanceMeters>2367.30</DistanceMeters>
            <HeartRateBpm><Value>137</Value></HeartRateBpm>
            <Cadence>164</Cadence>
          </Trackpoint>
          <Trackpoint>
            <Time>2026-02-14T13:45:45.000Z</Time>
            <Position>
              <LatitudeDegrees>37.3533456</LatitudeDegrees>
              <LongitudeDegrees>-121.8672202</LongitudeDegrees>
            </Position>
            <AltitudeMeters>26.9</AltitudeMeters>
            <DistanceMeters>2379.89</DistanceMeters>
            <HeartRateBpm><Value>137</Value></HeartRateBpm>
            <Cadence>164</Cadence>
          </Trackpoint>
          <Trackpoint>
            <Time>2026-02-14T13:45:50.000Z</Time>
            <Position>
              <LatitudeDegrees>37.3534257</LatitudeDegrees>
              <LongitudeDegrees>-121.8671193</LongitudeDegrees>
            </Position>
            <AltitudeMeters>26.9</AltitudeMeters>
            <DistanceMeters>2392.48</DistanceMeters>
            <HeartRateBpm><Value>137</Value></HeartRateBpm>
            <Cadence>164</Cadence>
          </Trackpoint>
          <Trackpoint>
            <Time>2026-02-14T13:45:55.000Z</Time>
            <Position>
              <LatitudeDegrees>37.3535058</LatitudeDegrees>
              <LongitudeDegrees>-121.8670183</LongitudeDegrees>
            </Position>
            <AltitudeMeters>26.9</AltitudeMeters>
            <DistanceMeters>2405.08</DistanceMeters>
            <HeartRateBpm><Value>137</Value></HeartRateBpm>
            <Cadence>164</Cadence>
          </Trackpoint>
          <Trackpoint>
            <Time>2026-02-14T13:46:00.000Z</Time>
            <Position>
              <LatitudeDegrees>37.3535860</LatitudeDegrees>
              <LongitudeDegrees>-121.8669174</LongitudeDegrees>
            </Position>
            <AltitudeMeters>26.9</AltitudeMeters>
            <DistanceMeters>2417.67</DistanceMeters>
            <HeartRateBpm><Value>137</Value></HeartRateBpm>
            <Cadence>164</Cadence>
          </Trackpoint>
          <Trackpoint>
            <Time>2026-02-14T13:46:05.000Z</Time>
            <Position>
              <LatitudeDegrees>37.3536661</LatitudeDegrees>
              <LongitudeDegrees>-121.8668164</LongitudeDegrees>
            </Position>
            <AltitudeMeters>27</AltitudeMeters>
            <DistanceMeters>2430.26</DistanceMeters>
            <HeartRateBpm><Value>137</Value></HeartRateBpm>
            <Cadence>164</Cadence>
          </Trackpoint>
          <Trackpoint>
            <Time>2026-02-14T13:46:10.000Z</Time>
            <Position>
              <LatitudeDegrees>37.3537462</LatitudeDegrees>
              <LongitudeDegrees>-121.8667155</LongitudeDegrees>
            </Position>
            <AltitudeMeters>27</AltitudeMeters>
            <DistanceMeters>2442.85</DistanceMeters>
            <HeartRateBpm><Value>137</Value></HeartRateBpm>
            <Cadence>164</Cadence>
          </Trackpoint>
          <Trackpoint>
            <Time>2026-02-14T13:46:15.000Z</Time>
            <Position>
              <LatitudeDegrees>37.3538264</LatitudeDegrees>
              <LongitudeDegrees>-121.8666145</LongitudeDegrees>
            </Position>
            <AltitudeMeters>27</AltitudeMeters>
            <DistanceMeters>2455.44</DistanceMeters>
            <HeartRateBpm><Value>137</Value></HeartRateBpm>
            <Cadence>164</Cadence>
          </Trackpoint>
          <Trackpoint>
            <Time>2026-02-14T13:46:20.000Z</Time>
            <Position>
              <LatitudeDegrees>37.3539065</LatitudeDegrees>
              <LongitudeDegrees>-121.8665136</LongitudeDegrees>
            </Position>
            <AltitudeMeters>27</AltitudeMeters>
            <DistanceMeters>2468.04</DistanceMeters>
            <HeartRateBpm><Value>137</Value></HeartRateBpm>
            <Cadence>164</Cadence>
          </Trackpoint>
          <Trackpoint>
            <Time>2026-02-14T13:46:25.000Z</Time>
            <Position>
              <LatitudeDegrees>37.3539866</LatitudeDegrees>
              <LongitudeDegrees>-121.8664126</LongitudeDegrees>
            </Position>
            <AltitudeMeters>27</AltitudeMeters>
            <DistanceMeters>2480.63</DistanceMeters>
            <HeartRateBpm><Value>137</Value></HeartRateBpm>
            <Cadence>164</Cadence>
          </Trackpoint>
          <Trackpoint>
            <Time>2026-02-14T13:46:30.000Z</Time>
            <Position>
              <LatitudeDegrees>37.3540668</LatitudeDegrees>
              <LongitudeDegrees>-121.8663116</LongitudeDegrees>
            </Position>
            <AltitudeMeters>27</AltitudeMeters>
            <DistanceMeters>2493.22</DistanceMeters>
            <HeartRateBpm><Value>137</Value></HeartRateBpm>
            <Cadence>164</Cadence>
          </Trackpoint>
          <Trackpoint>
            <Time>2026-02-14T13:46:35.000Z</Time>
            <Position>
              <LatitudeDegrees>37.3541469</LatitudeDegrees>
              <LongitudeDegrees>-121.8662107</LongitudeDegrees>
            </Position>
            <AltitudeMeters>27</AltitudeMeters>
            <DistanceMeters>2505.81</DistanceMeters>
            <HeartRateBpm><Value>137</Value></HeartRateBpm>
            <Cadence>164</Cadence>
          </Trackpoint>
          <Trackpoint>
            <Time>2026-02-14T13:46:40.000Z</Time>
            <Position>
              <LatitudeDegrees>37.3542270</LatitudeDegrees>
              <LongitudeDegrees>-121.8661097</LongitudeDegrees>
            </Position>
            <AltitudeMeters>27</AltitudeMeters>
            <DistanceMeters>2518.40</DistanceMeters>
            <HeartRateBpm><Value>137</Value></HeartRateBpm>
            <Cadence>164</Cadence>
          </Trackpoint>
          <Trackpoint>
            <Time>2026-02-14T13:46:45.000Z</Time>
            <Position>
              <LatitudeDegrees>37.3543072</LatitudeDegrees>
              <LongitudeDegrees>-121.8660088</LongitudeDegrees>
            </Position>
            <AltitudeMeters>27</AltitudeMeters>
            <DistanceMeters>2531.00</DistanceMeters>
            <HeartRateBpm><Value>137</Value></HeartRateBpm>
            <Cadence>164</Cadence>
          </Trackpoint>
          <Trackpoint>
            <Time>2026-02-14T13:46:50.000Z</Time>
            <Position>
              <LatitudeDegrees>37.3543873</LatitudeDegrees>
              <LongitudeDegrees>-121.8659078</LongitudeDegrees>
            </Position>
            <AltitudeMeters>27</AltitudeMeters>
            <DistanceMeters>2543.59</DistanceMeters>
            <HeartRateBpm><Value>137</Value></HeartRateBpm>
            <Cadence>164</Cadence>
          </Trackpoint>
          <Trackpoint>
            <Time>2026-02-14T13:46:55.000Z</Time>
            <Position>
              <LatitudeDegrees>37.3544674</LatitudeDegrees>
              <LongitudeDegrees>-121.8658069</LongitudeDegrees>
            </Position>
            <AltitudeMeters>27</AltitudeMeters>
            <DistanceMeters>2556.18</DistanceMeters>
            <HeartRateBpm><Value>137</Value></HeartRateBpm>
            <Cadence>164</Cadence>
          </Trackpoint>
          <Trackpoint>
            <Time>2026-02-14T13:47:00.000Z</Time>
            <Position>
              <LatitudeDegrees>37.3545476</LatitudeDegrees>
              <LongitudeDegrees>-121.8657059</LongitudeDegrees>
            </Position>
            <AltitudeMeters>27</AltitudeMeters>
            <DistanceMeters>2568.77</DistanceMeters>
            <HeartRateBpm><Value>137</Value></HeartRateBpm>
            <Cadence>164</Cadence>
          </Trackpoint>
          <Trackpoint>
            <Time>2026-02-14T13:47:05.000Z</Time>
            <Position>
              <LatitudeDegrees>37.3546277</LatitudeDegrees>
              <LongitudeDegrees>-121.8656050</LongitudeDegrees>
            </Position>
            <AltitudeMeters>26.9</AltitudeMeters>
            <DistanceMeters>2581.36</DistanceMeters>
            <HeartRateBpm><Value>137</Value></HeartRateBpm>
            <Cadence>164</Cadence>
          </Trackpoint>
          <Trackpoint>
            <Time>2026-02-14T13:47:10.000Z</Time>
            <Position>
              <LatitudeDegrees>37.3547079</LatitudeDegrees>
              <LongitudeDegrees>-121.8655040</LongitudeDegrees>
            </Position>
            <AltitudeMeters>26.9</AltitudeMeters>
            <DistanceMeters>2593.96</DistanceMeters>
            <HeartRateBpm><Value>137</Value></HeartRateBpm>
            <Cadence>164</Cadence>
          </Trackpoint>
          <Trackpoint>
            <Time>2026-02-14T13:47:15.000Z</Time>
            <Position>
              <LatitudeDegrees>37.3547880</LatitudeDegrees>
              <LongitudeDegrees>-121.8654031</LongitudeDegrees>
            </Position>
            <AltitudeMeters>26.9</AltitudeMeters>
            <DistanceMeters>2606.55</DistanceMeters>
            <HeartRateBpm><Value>137</Value></HeartRateBpm>
            <Cadence>164</Cadence>
          </Trackpoint>
          <Trackpoint>
            <Time>2026-02-14T13:47:20.000Z</Time>
            <Position>
              <LatitudeDegrees>37.3548681</LatitudeDegrees>
              <LongitudeDegrees>-121.8653021</LongitudeDegrees>
            </Position>
            <AltitudeMeters>26.9</AltitudeMeters>
            <DistanceMeters>2619.14</DistanceMeters>
            <HeartRateBpm><Value>137</Value></HeartRateBpm>
            <Cadence>164</Cadence>
          </Trackpoint>
          <Trackpoint>
            <Time>2026-02-14T13:47:25.000Z</Time>
            <Position>
              <LatitudeDegrees>37.3549483</LatitudeDegrees>
              <LongitudeDegrees>-121.8652012</LongitudeDegrees>
            </Position>
            <AltitudeMeters>26.8</AltitudeMeters>
            <DistanceMeters>2631.73</DistanceMeters>
            <HeartRateBpm><Value>137</Value></HeartRateBpm>
            <Cadence>164</Cadence>
          </Trackpoint>
          <Trackpoint>
            <Time>2026-02-14T13:47:30.000Z</Time>
            <Position>
              <LatitudeDegrees>37.3550284</LatitudeDegrees>
              <LongitudeDegrees>-121.8651002</LongitudeDegrees>
            </Position>
            <AltitudeMeters>26.8</AltitudeMeters>
            <DistanceMeters>2644.32</DistanceMeters>
            <HeartRateBpm><Value>137</Value></HeartRateBpm>
            <Cadence>164</Cadence>
          </Trackpoint>
          <Trackpoint>
            <Time>2026-02-14T13:47:35.000Z</Time>
            <Position>
              <LatitudeDegrees>37.3551085</LatitudeDegrees>
              <LongitudeDegrees>-121.8649993</LongitudeDegrees>
            </Position>
            <AltitudeMeters>26.8</AltitudeMeters>
            <DistanceMeters>2656.92</DistanceMeters>
            <HeartRateBpm><Value>137</Value></HeartRateBpm>
            <Cadence>164</Cadence>
          </Trackpoint>
          <Trackpoint>
            <Time>2026-02-14T13:47:40.000Z</Time>
            <Position>
              <LatitudeDegrees>37.3551887</LatitudeDegrees>
              <LongitudeDegrees>-121.8648983</LongitudeDegrees>
            </Position>
            <AltitudeMeters>26.7</AltitudeMeters>
            <DistanceMeters>2669.51</DistanceMeters>
            <HeartRateBpm><Value>137</Value></HeartRateBpm>
            <Cadence>164</Cadence>
          </Trackpoint>
          <Trackpoint>
            <Time>2026-02-14T13:47:45.000Z</Time>
            <Position>
              <LatitudeDegrees>37.3552688</LatitudeDegrees>
              <LongitudeDegrees>-121.8647974</LongitudeDegrees>
            </Position>
            <AltitudeMeters>26.7</AltitudeMeters>
            <DistanceMeters>2682.10</DistanceMeters>
            <HeartRateBpm><Value>137</Value></HeartRateBpm>
            <Cadence>164</Cadence>
          </Trackpoint>
          <Trackpoint>
            <Time>2026-02-14T13:47:50.000Z</Time>
            <Position>
              <LatitudeDegrees>37.3553489</LatitudeDegrees>
              <LongitudeDegrees>-121.8646964</LongitudeDegrees>
            </Position>
            <AltitudeMeters>26.6</AltitudeMeters>
            <DistanceMeters>2694.69</DistanceMeters>
            <HeartRateBpm><Value>137</Value></HeartRateBpm>
            <Cadence>164</Cadence>
          </Trackpoint>
          <Trackpoint>
            <Time>2026-02-14T13:47:55.000Z</Time>
            <Position>
              <LatitudeDegrees>37.3554291</LatitudeDegrees>
              <LongitudeDegrees>-121.8645955</LongitudeDegrees>
            </Position>
            <AltitudeMeters>26.6</AltitudeMeters>
            <DistanceMeters>2707.28</DistanceMeters>
            <HeartRateBpm><Value>137</Value></HeartRateBpm>
            <Cadence>164</Cadence>
          </Trackpoint>
          <Trackpoint>
            <Time>2026-02-14T13:48:00.000Z</Time>
            <Position>
              <LatitudeDegrees>37.3555092</LatitudeDegrees>
              <LongitudeDegrees>-121.8644945</LongitudeDegrees>
            </Position>
            <AltitudeMeters>26.5</AltitudeMeters>
            <DistanceMeters>2719.88</DistanceMeters>
            <HeartRateBpm><Value>137</Value></HeartRateBpm>
            <Cadence>164</Cadence>
          </Trackpoint>
          <Trackpoint>
            <Time>2026-02-14T13:48:05.000Z</Time>
            <Position>
              <LatitudeDegrees>37.3555893</LatitudeDegrees>
              <LongitudeDegrees>-121.8643936</LongitudeDegrees>
            </Position>
            <AltitudeMeters>26.5</AltitudeMeters>
            <DistanceMeters>2732.47</DistanceMeters>
            <HeartRateBpm><Value>137</Value></HeartRateBpm>
            <Cadence>164</Cadence>
          </Trackpoint>
          <Trackpoint>
            <Time>2026-02-14T13:48:10.000Z</Time>
            <Position>
              <LatitudeDegrees>37.3556695</LatitudeDegrees>
              <LongitudeDegrees>-121.8642926</LongitudeDegrees>
            </Position>
            <AltitudeMeters>26.4</AltitudeMeters>
            <DistanceMeters>2745.06</DistanceMeters>
            <HeartRateBpm><Value>137</Value></HeartRateBpm>
            <Cadence>164</Cadence>
          </Trackpoint>
          <Trackpoint>
            <Time>2026-02-14T13:48:15.000Z</Time>
            <Position>
              <LatitudeDegrees>37.3557496</LatitudeDegrees>
              <LongitudeDegrees>-121.8641917</LongitudeDegrees>
            </Position>
            <AltitudeMeters>26.4</AltitudeMeters>
            <DistanceMeters>2757.65</DistanceMeters>
            <HeartRateBpm><Value>137</Value></HeartRateBpm>
            <Cadence>164</Cadence>
          </Trackpoint>
          <Trackpoint>
            <Time>2026-02-14T13:48:20.000Z</Time>
            <Position>
              <LatitudeDegrees>37.3558297</LatitudeDegrees>
              <LongitudeDegrees>-121.8640907</LongitudeDegrees>
            </Position>
            <AltitudeMeters>26.3</AltitudeMeters>
            <DistanceMeters>2770.24</DistanceMeters>
            <HeartRateBpm><Value>137</Value></HeartRateBpm>
            <Cadence>164</Cadence>
          </Trackpoint>
          <Trackpoint>
            <Time>2026-02-14T13:48:25.000Z</Time>
            <Position>
              <LatitudeDegrees>37.3559099</LatitudeDegrees>
              <LongitudeDegrees>-121.8639898</LongitudeDegrees>
            </Position>
            <AltitudeMeters>26.3</AltitudeMeters>
            <DistanceMeters>2782.84</DistanceMeters>
            <HeartRateBpm><Value>137</Value></HeartRateBpm>
            <Cadence>164</Cadence>
          </Trackpoint>
          <Trackpoint>
            <Time>2026-02-14T13:48:30.000Z</Time>
            <Position>
              <LatitudeDegrees>37.3559900</LatitudeDegrees>
              <LongitudeDegrees>-121.8638888</LongitudeDegrees>
            </Position>
            <AltitudeMeters>26.2</AltitudeMeters>
            <DistanceMeters>2795.43</DistanceMeters>
            <HeartRateBpm><Value>137</Value></HeartRateBpm>
            <Cadence>164</Cadence>
          </Trackpoint>
          <Trackpoint>
            <Time>2026-02-14T13:48:35.000Z</Time>
            <Position>
              <LatitudeDegrees>37.3560701</LatitudeDegrees>
              <LongitudeDegrees>-121.8637879</LongitudeDegrees>
            </Position>
            <AltitudeMeters>26.1</AltitudeMeters>
            <DistanceMeters>2808.02</DistanceMeters>
            <HeartRateBpm><Value>137</Value></HeartRateBpm>
            <Cadence>164</Cadence>
          </Trackpoint>
          <Trackpoint>
            <Time>2026-02-14T13:48:40.000Z</Time>
            <Position>
              <LatitudeDegrees>37.3561503</LatitudeDegrees>
              <LongitudeDegrees>-121.8636869</LongitudeDegrees>
            </Position>
            <AltitudeMeters>26.1</AltitudeMeters>
            <DistanceMeters>2820.61</DistanceMeters>
            <HeartRateBpm><Value>137</Value></HeartRateBpm>
            <Cadence>164</Cadence>
          </Trackpoint>
          <Trackpoint>
            <Time>2026-02-14T13:48:45.000Z</Time>
            <Position>
              <LatitudeDegrees>37.3562304</LatitudeDegrees>
              <LongitudeDegrees>-121.8635860</LongitudeDegrees>
            </Position>
            <AltitudeMeters>26</AltitudeMeters>
            <DistanceMeters>2833.20</DistanceMeters>
            <HeartRateBpm><Value>137</Value></HeartRateBpm>
            <Cadence>164</Cadence>
          </Trackpoint>
          <Trackpoint>
            <Time>2026-02-14T13:48:50.000Z</Time>
            <Position>
              <LatitudeDegrees>37.3563106</LatitudeDegrees>
              <LongitudeDegrees>-121.8634850</LongitudeDegrees>
            </Position>
            <AltitudeMeters>25.9</AltitudeMeters>
            <DistanceMeters>2845.80</DistanceMeters>
            <HeartRateBpm><Value>137</Value></HeartRateBpm>
            <Cadence>164</Cadence>
          </Trackpoint>
          <Trackpoint>
            <Time>2026-02-14T13:48:55.000Z</Time>
            <Position>
              <LatitudeDegrees>37.3563907</LatitudeDegrees>
              <LongitudeDegrees>-121.8633841</LongitudeDegrees>
            </Position>
            <AltitudeMeters>25.9</AltitudeMeters>
            <DistanceMeters>2858.39</DistanceMeters>
            <HeartRateBpm><Value>137</Value></HeartRateBpm>
            <Cadence>164</Cadence>
          </Trackpoint>
          <Trackpoint>
            <Time>2026-02-14T13:49:00.000Z</Time>
            <Position>
              <LatitudeDegrees>37.3564708</LatitudeDegrees>
              <LongitudeDegrees>-121.8632831</LongitudeDegrees>
            </Position>
            <AltitudeMeters>25.8</AltitudeMeters>
            <DistanceMeters>2870.98</DistanceMeters>
            <HeartRateBpm><Value>137</Value></HeartRateBpm>
            <Cadence>164</Cadence>
          </Trackpoint>
          <Trackpoint>
            <Time>2026-02-14T13:49:05.000Z</Time>
            <Position>
              <LatitudeDegrees>37.3565510</LatitudeDegrees>
              <LongitudeDegrees>-121.8631822</LongitudeDegrees>
            </Position>
            <AltitudeMeters>25.7</AltitudeMeters>
            <DistanceMeters>2883.57</DistanceMeters>
            <HeartRateBpm><Value>137</Value></HeartRateBpm>
            <Cadence>164</Cadence>
          </Trackpoint>
          <Trackpoint>
            <Time>2026-02-14T13:49:10.000Z</Time>
            <Position>
              <LatitudeDegrees>37.3566311</LatitudeDegrees>
              <LongitudeDegrees>-121.8630812</LongitudeDegrees>
            </Position>
            <AltitudeMeters>25.6</AltitudeMeters>
            <DistanceMeters>2896.16</DistanceMeters>
            <HeartRateBpm><Value>137</Value></HeartRateBpm>
            <Cadence>164</Cadence>
          </Trackpoint>
          <Trackpoint>
            <Time>2026-02-14T13:49:15.000Z</Time>
            <Position>
              <LatitudeDegrees>37.3567112</LatitudeDegrees>
              <LongitudeDegrees>-121.8629803</LongitudeDegrees>
            </Position>
            <AltitudeMeters>25.6</AltitudeMeters>
            <DistanceMeters>2908.76</DistanceMeters>
            <HeartRateBpm><Value>137</Value></HeartRateBpm>
            <Cadence>164</Cadence>
          </Trackpoint>
          <Trackpoint>
            <Time>2026-02-14T13:49:20.000Z</Time>
            <Position>
              <LatitudeDegrees>37.3567914</LatitudeDegrees>
              <LongitudeDegrees>-121.8628793</LongitudeDegrees>
            </Position>
            <AltitudeMeters>25.5</AltitudeMeters>
            <DistanceMeters>2921.35</DistanceMeters>
            <HeartRateBpm><Value>137</Value></HeartRateBpm>
            <Cadence>164</Cadence>
          </Trackpoint>
          <Trackpoint>
            <Time>2026-02-14T13:49:25.000Z</Time>
            <Position>
              <LatitudeDegrees>37.3568715</LatitudeDegrees>
              <LongitudeDegrees>-121.8627784</LongitudeDegrees>
            </Position>
            <AltitudeMeters>25.4</AltitudeMeters>
            <DistanceMeters>2933.94</DistanceMeters>
            <HeartRateBpm><Value>137</Value></HeartRateBpm>
            <Cadence>164</Cadence>
          </Trackpoint>
          <Trackpoint>
            <Time>2026-02-14T13:49:30.000Z</Time>
            <Position>
              <LatitudeDegrees>37.3569516</LatitudeDegrees>
              <LongitudeDegrees>-121.8626774</LongitudeDegrees>
            </Position>
            <AltitudeMeters>25.3</AltitudeMeters>
            <DistanceMeters>2946.53</DistanceMeters>
            <HeartRateBpm><Value>137</Value></HeartRateBpm>
            <Cadence>164</Cadence>
          </Trackpoint>
          <Trackpoint>
            <Time>2026-02-14T13:49:35.000Z</Time>
            <Position>
              <LatitudeDegrees>37.3570318</LatitudeDegrees>
              <LongitudeDegrees>-121.8625765</LongitudeDegrees>
            </Position>
            <AltitudeMeters>25.3</AltitudeMeters>
            <DistanceMeters>2959.12</DistanceMeters>
            <HeartRateBpm><Value>137</Value></HeartRateBpm>
            <Cadence>164</Cadence>
          </Trackpoint>
          <Trackpoint>
            <Time>2026-02-14T13:49:40.000Z</Time>
            <Position>
              <LatitudeDegrees>37.3571119</LatitudeDegrees>
              <LongitudeDegrees>-121.8624755</LongitudeDegrees>
            </Position>
            <AltitudeMeters>25.2</AltitudeMeters>
            <DistanceMeters>2971.72</DistanceMeters>
            <HeartRateBpm><Value>137</Value></HeartRateBpm>
            <Cadence>164</Cadence>
          </Trackpoint>
          <Trackpoint>
            <Time>2026-02-14T13:49:45.000Z</Time>
            <Position>
              <LatitudeDegrees>37.3571920</LatitudeDegrees>
              <LongitudeDegrees>-121.8623745</LongitudeDegrees>
            </Position>
            <AltitudeMeters>25.1</AltitudeMeters>
            <DistanceMeters>2984.31</DistanceMeters>
            <HeartRateBpm><Value>137</Value></HeartRateBpm>
            <Cadence>164</Cadence>
          </Trackpoint>
          <Trackpoint>
            <Time>2026-02-14T13:49:50.000Z</Time>
            <Position>
              <LatitudeDegrees>37.3572722</LatitudeDegrees>
              <LongitudeDegrees>-121.8622736</LongitudeDegrees>
            </Position>
            <AltitudeMeters>25</AltitudeMeters>
            <DistanceMeters>2996.90</DistanceMeters>
            <HeartRateBpm><Value>137</Value></HeartRateBpm>
            <Cadence>164</Cadence>
          </Trackpoint>
          <Trackpoint>
            <Time>2026-02-14T13:49:55.000Z</Time>
            <Position>
              <LatitudeDegrees>37.3573523</LatitudeDegrees>
              <LongitudeDegrees>-121.8621726</LongitudeDegrees>
            </Position>
            <AltitudeMeters>24.9</AltitudeMeters>
            <DistanceMeters>3009.49</DistanceMeters>
            <HeartRateBpm><Value>137</Value></HeartRateBpm>
            <Cadence>164</Cadence>
          </Trackpoint>
          <Trackpoint>
            <Time>2026-02-14T13:50:00.000Z</Time>
            <Position>
              <LatitudeDegrees>37.3574324</LatitudeDegrees>
              <LongitudeDegrees>-121.8620717</LongitudeDegrees>
            </Position>
            <AltitudeMeters>24.9</AltitudeMeters>
            <DistanceMeters>3022.08</DistanceMeters>
            <HeartRateBpm><Value>137</Value></HeartRateBpm>
            <Cadence>164</Cadence>
          </Trackpoint>
          <Trackpoint>
            <Time>2026-02-14T13:50:05.000Z</Time>
            <Position>
              <LatitudeDegrees>37.3575126</LatitudeDegrees>
              <LongitudeDegrees>-121.8619707</LongitudeDegrees>
            </Position>
            <AltitudeMeters>24.8</AltitudeMeters>
            <DistanceMeters>3034.68</DistanceMeters>
            <HeartRateBpm><Value>137</Value></HeartRateBpm>
            <Cadence>164</Cadence>
          </Trackpoint>
          <Trackpoint>
            <Time>2026-02-14T13:50:10.000Z</Time>
            <Position>
              <LatitudeDegrees>37.3575927</LatitudeDegrees>
              <LongitudeDegrees>-121.8618698</LongitudeDegrees>
            </Position>
            <AltitudeMeters>24.7</AltitudeMeters>
            <DistanceMeters>3047.27</DistanceMeters>
            <HeartRateBpm><Value>137</Value></HeartRateBpm>
            <Cadence>164</Cadence>
          </Trackpoint>
          <Trackpoint>
            <Time>2026-02-14T13:50:15.000Z</Time>
            <Position>
              <LatitudeDegrees>37.3576729</LatitudeDegrees>
              <LongitudeDegrees>-121.8617688</LongitudeDegrees>
            </Position>
            <AltitudeMeters>24.6</AltitudeMeters>
            <DistanceMeters>3059.86</DistanceMeters>
            <HeartRateBpm><Value>137</Value></HeartRateBpm>
            <Cadence>164</Cadence>
          </Trackpoint>
          <Trackpoint>
            <Time>2026-02-14T13:50:20.000Z</Time>
            <Position>
              <LatitudeDegrees>37.3577530</LatitudeDegrees>
              <LongitudeDegrees>-121.8616679</LongitudeDegrees>
            </Position>
            <AltitudeMeters>24.5</AltitudeMeters>
            <DistanceMeters>3072.45</DistanceMeters>
            <HeartRateBpm><Value>137</Value></HeartRateBpm>
            <Cadence>164</Cadence>
          </Trackpoint>
          <Trackpoint>
            <Time>2026-02-14T13:50:25.000Z</Time>
            <Position>
              <LatitudeDegrees>37.3578331</LatitudeDegrees>
              <LongitudeDegrees>-121.8615669</LongitudeDegrees>
            </Position>
            <AltitudeMeters>24.5</AltitudeMeters>
            <DistanceMeters>3085.04</DistanceMeters>
            <HeartRateBpm><Value>137</Value></HeartRateBpm>
            <Cadence>164</Cadence>
          </Trackpoint>
          <Trackpoint>
            <Time>2026-02-14T13:50:30.000Z</Time>
            <Position>
              <LatitudeDegrees>37.3579133</LatitudeDegrees>
              <LongitudeDegrees>-121.8614660</LongitudeDegrees>
            </Position>
            <AltitudeMeters>24.4</AltitudeMeters>
            <DistanceMeters>3097.64</DistanceMeters>
            <HeartRateBpm><Value>137</Value></HeartRateBpm>
            <Cadence>164</Cadence>
          </Trackpoint>
          <Trackpoint>
            <Time>2026-02-14T13:50:35.000Z</Time>
            <Position>
              <LatitudeDegrees>37.3579934</LatitudeDegrees>
              <LongitudeDegrees>-121.8613650</LongitudeDegrees>
            </Position>
            <AltitudeMeters>24.3</AltitudeMeters>
            <DistanceMeters>3110.23</DistanceMeters>
            <HeartRateBpm><Value>137</Value></HeartRateBpm>
            <Cadence>164</Cadence>
          </Trackpoint>
          <Trackpoint>
            <Time>2026-02-14T13:50:40.000Z</Time>
            <Position>
              <LatitudeDegrees>37.3580735</LatitudeDegrees>
              <LongitudeDegrees>-121.8612641</LongitudeDegrees>
            </Position>
            <AltitudeMeters>24.2</AltitudeMeters>
            <DistanceMeters>3122.82</DistanceMeters>
            <HeartRateBpm><Value>137</Value></HeartRateBpm>
            <Cadence>164</Cadence>
          </Trackpoint>
          <Trackpoint>
            <Time>2026-02-14T13:50:45.000Z</Time>
            <Position>
              <LatitudeDegrees>37.3581537</LatitudeDegrees>
              <LongitudeDegrees>-121.8611631</LongitudeDegrees>
            </Position>
            <AltitudeMeters>24.2</AltitudeMeters>
            <DistanceMeters>3135.41</DistanceMeters>
            <HeartRateBpm><Value>137</Value></HeartRateBpm>
            <Cadence>164</Cadence>
          </Trackpoint>
          <Trackpoint>
            <Time>2026-02-14T13:50:50.000Z</Time>
            <Position>
              <LatitudeDegrees>37.3582338</LatitudeDegrees>
              <LongitudeDegrees>-121.8610622</LongitudeDegrees>
            </Position>
            <AltitudeMeters>24.1</AltitudeMeters>
            <DistanceMeters>3148.00</DistanceMeters>
            <HeartRateBpm><Value>137</Value></HeartRateBpm>
            <Cadence>164</Cadence>
          </Trackpoint>
          <Trackpoint>
            <Time>2026-02-14T13:50:55.000Z</Time>
            <Position>
              <LatitudeDegrees>37.3583139</LatitudeDegrees>
              <LongitudeDegrees>-121.8609612</LongitudeDegrees>
            </Position>
            <AltitudeMeters>24</AltitudeMeters>
            <DistanceMeters>3160.60</DistanceMeters>
            <HeartRateBpm><Value>137</Value></HeartRateBpm>
            <Cadence>164</Cadence>
          </Trackpoint>
          <Trackpoint>
            <Time>2026-02-14T13:51:00.000Z</Time>
            <Position>
              <LatitudeDegrees>37.3583941</LatitudeDegrees>
              <LongitudeDegrees>-121.8608603</LongitudeDegrees>
            </Position>
            <AltitudeMeters>24</AltitudeMeters>
            <DistanceMeters>3173.19</DistanceMeters>
            <HeartRateBpm><Value>137</Value></HeartRateBpm>
            <Cadence>164</Cadence>
          </Trackpoint>
          <Trackpoint>
            <Time>2026-02-14T13:51:05.000Z</Time>
            <Position>
              <LatitudeDegrees>37.3584742</LatitudeDegrees>
              <LongitudeDegrees>-121.8607593</LongitudeDegrees>
            </Position>
            <AltitudeMeters>23.9</AltitudeMeters>
            <DistanceMeters>3185.78</DistanceMeters>
            <HeartRateBpm><Value>137</Value></HeartRateBpm>
            <Cadence>164</Cadence>
          </Trackpoint>
          <Trackpoint>
            <Time>2026-02-14T13:51:10.000Z</Time>
            <Position>
              <LatitudeDegrees>37.3585543</LatitudeDegrees>
              <LongitudeDegrees>-121.8606584</LongitudeDegrees>
            </Position>
            <AltitudeMeters>23.8</AltitudeMeters>
            <DistanceMeters>3198.37</DistanceMeters>
            <HeartRateBpm><Value>137</Value></HeartRateBpm>
            <Cadence>164</Cadence>
          </Trackpoint>
          <Trackpoint>
            <Time>2026-02-14T13:51:15.000Z</Time>
            <Position>
              <LatitudeDegrees>37.3586345</LatitudeDegrees>
              <LongitudeDegrees>-121.8605574</LongitudeDegrees>
            </Position>
            <AltitudeMeters>23.8</AltitudeMeters>
            <DistanceMeters>3210.96</DistanceMeters>
            <HeartRateBpm><Value>137</Value></HeartRateBpm>
            <Cadence>164</Cadence>
          </Trackpoint>
          <Trackpoint>
            <Time>2026-02-14T13:51:20.000Z</Time>
            <Position>
              <LatitudeDegrees>37.3587146</LatitudeDegrees>
              <LongitudeDegrees>-121.8604565</LongitudeDegrees>
            </Position>
            <AltitudeMeters>23.7</AltitudeMeters>
            <DistanceMeters>3223.56</DistanceMeters>
            <HeartRateBpm><Value>137</Value></HeartRateBpm>
            <Cadence>164</Cadence>
          </Trackpoint>
          <Trackpoint>
            <Time>2026-02-14T13:51:25.000Z</Time>
            <Position>
              <LatitudeDegrees>37.3587947</LatitudeDegrees>
              <LongitudeDegrees>-121.8603555</LongitudeDegrees>
            </Position>
            <AltitudeMeters>23.6</AltitudeMeters>
            <DistanceMeters>3236.15</DistanceMeters>
            <HeartRateBpm><Value>137</Value></HeartRateBpm>
            <Cadence>164</Cadence>
          </Trackpoint>
          <Trackpoint>
            <Time>2026-02-14T13:51:30.000Z</Time>
            <Position>
              <LatitudeDegrees>37.3588749</LatitudeDegrees>
              <LongitudeDegrees>-121.8602546</LongitudeDegrees>
            </Position>
            <AltitudeMeters>23.6</AltitudeMeters>
            <DistanceMeters>3248.74</DistanceMeters>
            <HeartRateBpm><Value>137</Value></HeartRateBpm>
            <Cadence>164</Cadence>
          </Trackpoint>
          <Trackpoint>
            <Time>2026-02-14T13:51:35.000Z</Time>
            <Position>
              <LatitudeDegrees>37.3589550</LatitudeDegrees>
              <LongitudeDegrees>-121.8601536</LongitudeDegrees>
            </Position>
            <AltitudeMeters>23.5</AltitudeMeters>
            <DistanceMeters>3261.33</DistanceMeters>
            <HeartRateBpm><Value>137</Value></HeartRateBpm>
            <Cadence>164</Cadence>
          </Trackpoint>
          <Trackpoint>
            <Time>2026-02-14T13:51:40.000Z</Time>
            <Position>
              <LatitudeDegrees>37.3590352</LatitudeDegrees>
              <LongitudeDegrees>-121.8600527</LongitudeDegrees>
            </Position>
            <AltitudeMeters>23.5</AltitudeMeters>
            <DistanceMeters>3273.92</DistanceMeters>
            <HeartRateBpm><Value>137</Value></HeartRateBpm>
            <Cadence>164</Cadence>
          </Trackpoint>
          <Trackpoint>
            <Time>2026-02-14T13:51:45.000Z</Time>
            <Position>
              <LatitudeDegrees>37.3591153</LatitudeDegrees>
              <LongitudeDegrees>-121.8599517</LongitudeDegrees>
            </Position>
            <AltitudeMeters>23.4</AltitudeMeters>
            <DistanceMeters>3286.52</DistanceMeters>
            <HeartRateBpm><Value>137</Value></HeartRateBpm>
            <Cadence>164</Cadence>
          </Trackpoint>
          <Trackpoint>
            <Time>2026-02-14T13:51:50.000Z</Time>
            <Position>
              <LatitudeDegrees>37.3591954</LatitudeDegrees>
              <LongitudeDegrees>-121.8598508</LongitudeDegrees>
            </Position>
            <AltitudeMeters>23.4</AltitudeMeters>
            <DistanceMeters>3299.11</DistanceMeters>
            <HeartRateBpm><Value>137</Value></HeartRateBpm>
            <Cadence>164</Cadence>
          </Trackpoint>
          <Trackpoint>
            <Time>2026-02-14T13:51:55.000Z</Time>
            <Position>
              <LatitudeDegrees>37.3592756</LatitudeDegrees>
              <LongitudeDegrees>-121.8597498</LongitudeDegrees>
            </Position>
            <AltitudeMeters>23.3</AltitudeMeters>
            <DistanceMeters>3311.70</DistanceMeters>
            <HeartRateBpm><Value>137</Value></HeartRateBpm>
            <Cadence>164</Cadence>
          </Trackpoint>
          <Trackpoint>
            <Time>2026-02-14T13:52:00.000Z</Time>
            <Position>
              <LatitudeDegrees>37.3593557</LatitudeDegrees>
              <LongitudeDegrees>-121.8596489</LongitudeDegrees>
            </Position>
            <AltitudeMeters>23.3</AltitudeMeters>
            <DistanceMeters>3324.29</DistanceMeters>
            <HeartRateBpm><Value>137</Value></HeartRateBpm>
            <Cadence>164</Cadence>
          </Trackpoint>
          <Trackpoint>
            <Time>2026-02-14T13:52:05.000Z</Time>
            <Position>
              <LatitudeDegrees>37.3594358</LatitudeDegrees>
              <LongitudeDegrees>-121.8595479</LongitudeDegrees>
            </Position>
            <AltitudeMeters>23.3</AltitudeMeters>
            <DistanceMeters>3336.88</DistanceMeters>
            <HeartRateBpm><Value>137</Value></HeartRateBpm>
            <Cadence>164</Cadence>
          </Trackpoint>
          <Trackpoint>
            <Time>2026-02-14T13:52:10.000Z</Time>
            <Position>
              <LatitudeDegrees>37.3595160</LatitudeDegrees>
              <LongitudeDegrees>-121.8594470</LongitudeDegrees>
            </Position>
            <AltitudeMeters>23.2</AltitudeMeters>
            <DistanceMeters>3349.48</DistanceMeters>
            <HeartRateBpm><Value>137</Value></HeartRateBpm>
            <Cadence>164</Cadence>
          </Trackpoint>
          <Trackpoint>
            <Time>2026-02-14T13:52:15.000Z</Time>
            <Position>
              <LatitudeDegrees>37.3595961</LatitudeDegrees>
              <LongitudeDegrees>-121.8593460</LongitudeDegrees>
            </Position>
            <AltitudeMeters>23.2</AltitudeMeters>
            <DistanceMeters>3362.07</DistanceMeters>
            <HeartRateBpm><Value>137</Value></HeartRateBpm>
            <Cadence>164</Cadence>
          </Trackpoint>
          <Trackpoint>
            <Time>2026-02-14T13:52:20.000Z</Time>
            <Position>
              <LatitudeDegrees>37.3596762</LatitudeDegrees>
              <LongitudeDegrees>-121.8592451</LongitudeDegrees>
            </Position>
            <AltitudeMeters>23.2</AltitudeMeters>
            <DistanceMeters>3374.66</DistanceMeters>
            <HeartRateBpm><Value>137</Value></HeartRateBpm>
            <Cadence>164</Cadence>
          </Trackpoint>
          <Trackpoint>
            <Time>2026-02-14T13:52:25.000Z</Time>
            <Position>
              <LatitudeDegrees>37.3597564</LatitudeDegrees>
              <LongitudeDegrees>-121.8591441</LongitudeDegrees>
            </Position>
            <AltitudeMeters>23.1</AltitudeMeters>
            <DistanceMeters>3387.25</DistanceMeters>
            <HeartRateBpm><Value>137</Value></HeartRateBpm>
            <Cadence>164</Cadence>
          </Trackpoint>
          <Trackpoint>
            <Time>2026-02-14T13:52:30.000Z</Time>
            <Position>
              <LatitudeDegrees>37.3598365</LatitudeDegrees>
              <LongitudeDegrees>-121.8590432</LongitudeDegrees>
            </Position>
            <AltitudeMeters>23.1</AltitudeMeters>
            <DistanceMeters>3399.85</DistanceMeters>
            <HeartRateBpm><Value>137</Value></HeartRateBpm>
            <Cadence>164</Cadence>
          </Trackpoint>
          <Trackpoint>
            <Time>2026-02-14T13:52:35.000Z</Time>
            <Position>
              <LatitudeDegrees>37.3599166</LatitudeDegrees>
              <LongitudeDegrees>-121.8589422</LongitudeDegrees>
            </Position>
            <AltitudeMeters>23.1</AltitudeMeters>
            <DistanceMeters>3412.44</DistanceMeters>
            <HeartRateBpm><Value>137</Value></HeartRateBpm>
            <Cadence>164</Cadence>
          </Trackpoint>
          <Trackpoint>
            <Time>2026-02-14T13:52:40.000Z</Time>
            <Position>
              <LatitudeDegrees>37.3599968</LatitudeDegrees>
              <LongitudeDegrees>-121.8588413</LongitudeDegrees>
            </Position>
            <AltitudeMeters>23.1</AltitudeMeters>
            <DistanceMeters>3425.03</DistanceMeters>
            <HeartRateBpm><Value>137</Value></HeartRateBpm>
            <Cadence>164</Cadence>
          </Trackpoint>
          <Trackpoint>
            <Time>2026-02-14T13:52:45.000Z</Time>
            <Position>
              <LatitudeDegrees>37.3600769</LatitudeDegrees>
              <LongitudeDegrees>-121.8587403</LongitudeDegrees>
            </Position>
            <AltitudeMeters>23</AltitudeMeters>
            <DistanceMeters>3437.62</DistanceMeters>
            <HeartRateBpm><Value>137</Value></HeartRateBpm>
            <Cadence>164</Cadence>
          </Trackpoint>
          <Trackpoint>
            <Time>2026-02-14T13:52:50.000Z</Time>
            <Position>
              <LatitudeDegrees>37.3601570</LatitudeDegrees>
              <LongitudeDegrees>-121.8586394</LongitudeDegrees>
            </Position>
            <AltitudeMeters>23</AltitudeMeters>
            <DistanceMeters>3450.21</DistanceMeters>
            <HeartRateBpm><Value>137</Value></HeartRateBpm>
            <Cadence>164</Cadence>
          </Trackpoint>
          <Trackpoint>
            <Time>2026-02-14T13:52:55.000Z</Time>
            <Position>
              <LatitudeDegrees>37.3602372</LatitudeDegrees>
              <LongitudeDegrees>-121.8585384</LongitudeDegrees>
            </Position>
            <AltitudeMeters>23</AltitudeMeters>
            <DistanceMeters>3462.81</DistanceMeters>
            <HeartRateBpm><Value>137</Value></HeartRateBpm>
            <Cadence>164</Cadence>
          </Trackpoint>
          <Trackpoint>
            <Time>2026-02-14T13:53:00.000Z</Time>
            <Position>
              <LatitudeDegrees>37.3603173</LatitudeDegrees>
              <LongitudeDegrees>-121.8584375</LongitudeDegrees>
            </Position>
            <AltitudeMeters>23</AltitudeMeters>
            <DistanceMeters>3475.40</DistanceMeters>
            <HeartRateBpm><Value>137</Value></HeartRateBpm>
            <Cadence>164</Cadence>
          </Trackpoint>
          <Trackpoint>
            <Time>2026-02-14T13:53:05.000Z</Time>
            <Position>
              <LatitudeDegrees>37.3603974</LatitudeDegrees>
              <LongitudeDegrees>-121.8583365</LongitudeDegrees>
            </Position>
            <AltitudeMeters>23</AltitudeMeters>
            <DistanceMeters>3487.99</DistanceMeters>
            <HeartRateBpm><Value>137</Value></HeartRateBpm>
            <Cadence>164</Cadence>
          </Trackpoint>
          <Trackpoint>
            <Time>2026-02-14T13:53:10.000Z</Time>
            <Position>
              <LatitudeDegrees>37.3604776</LatitudeDegrees>
              <LongitudeDegrees>-121.8582355</LongitudeDegrees>
            </Position>
            <AltitudeMeters>23</AltitudeMeters>
            <DistanceMeters>3500.58</DistanceMeters>
            <HeartRateBpm><Value>137</Value></HeartRateBpm>
            <Cadence>164</Cadence>
          </Trackpoint>
          <Trackpoint>
            <Time>2026-02-14T13:53:15.000Z</Time>
            <Position>
              <LatitudeDegrees>37.3605577</LatitudeDegrees>
              <LongitudeDegrees>-121.8581346</LongitudeDegrees>
            </Position>
            <AltitudeMeters>23</AltitudeMeters>
            <DistanceMeters>3513.17</DistanceMeters>
            <HeartRateBpm><Value>137</Value></HeartRateBpm>
            <Cadence>164</Cadence>
          </Trackpoint>
          <Trackpoint>
            <Time>2026-02-14T13:53:20.000Z</Time>
            <Position>
              <LatitudeDegrees>37.3606379</LatitudeDegrees>
              <LongitudeDegrees>-121.8580336</LongitudeDegrees>
            </Position>
            <AltitudeMeters>23</AltitudeMeters>
            <DistanceMeters>3525.77</DistanceMeters>
            <HeartRateBpm><Value>137</Value></HeartRateBpm>
            <Cadence>164</Cadence>
          </Trackpoint>
          <Trackpoint>
            <Time>2026-02-14T13:53:25.000Z</Time>
            <Position>
              <LatitudeDegrees>37.3607180</LatitudeDegrees>
              <LongitudeDegrees>-121.8579327</LongitudeDegrees>
            </Position>
            <AltitudeMeters>23</AltitudeMeters>
            <DistanceMeters>3538.36</DistanceMeters>
            <HeartRateBpm><Value>137</Value></HeartRateBpm>
            <Cadence>164</Cadence>
          </Trackpoint>
          <Trackpoint>
            <Time>2026-02-14T13:53:30.000Z</Time>
            <Position>
              <LatitudeDegrees>37.3607981</LatitudeDegrees>
              <LongitudeDegrees>-121.8578317</LongitudeDegrees>
            </Position>
            <AltitudeMeters>23</AltitudeMeters>
            <DistanceMeters>3550.95</DistanceMeters>
            <HeartRateBpm><Value>137</Value></HeartRateBpm>
            <Cadence>164</Cadence>
          </Trackpoint>
          <Trackpoint>
            <Time>2026-02-14T13:53:35.000Z</Time>
            <Position>
              <LatitudeDegrees>37.3608783</LatitudeDegrees>
              <LongitudeDegrees>-121.8577308</LongitudeDegrees>
            </Position>
            <AltitudeMeters>23</AltitudeMeters>
            <DistanceMeters>3563.54</DistanceMeters>
            <HeartRateBpm><Value>137</Value></HeartRateBpm>
            <Cadence>164</Cadence>
          </Trackpoint>
          <Trackpoint>
            <Time>2026-02-14T13:53:40.000Z</Time>
            <Position>
              <LatitudeDegrees>37.3609584</LatitudeDegrees>
              <LongitudeDegrees>-121.8576298</LongitudeDegrees>
            </Position>
            <AltitudeMeters>23.1</AltitudeMeters>
            <DistanceMeters>3576.13</DistanceMeters>
            <HeartRateBpm><Value>137</Value></HeartRateBpm>
            <Cadence>164</Cadence>
          </Trackpoint>
          <Trackpoint>
            <Time>2026-02-14T13:53:45.000Z</Time>
            <Position>
              <LatitudeDegrees>37.3610385</LatitudeDegrees>
              <LongitudeDegrees>-121.8575289</LongitudeDegrees>
            </Position>
            <AltitudeMeters>23.1</AltitudeMeters>
            <DistanceMeters>3588.73</DistanceMeters>
            <HeartRateBpm><Value>137</Value></HeartRateBpm>
            <Cadence>164</Cadence>
          </Trackpoint>
          <Trackpoint>
            <Time>2026-02-14T13:53:50.000Z</Time>
            <Position>
              <LatitudeDegrees>37.3611187</LatitudeDegrees>
              <LongitudeDegrees>-121.8574279</LongitudeDegrees>
            </Position>
            <AltitudeMeters>23.1</AltitudeMeters>
            <DistanceMeters>3601.32</DistanceMeters>
            <HeartRateBpm><Value>137</Value></HeartRateBpm>
            <Cadence>164</Cadence>
          </Trackpoint>
          <Trackpoint>
            <Time>2026-02-14T13:53:55.000Z</Time>
            <Position>
              <LatitudeDegrees>37.3611988</LatitudeDegrees>
              <LongitudeDegrees>-121.8573270</LongitudeDegrees>
            </Position>
            <AltitudeMeters>23.1</AltitudeMeters>
            <DistanceMeters>3613.91</DistanceMeters>
            <HeartRateBpm><Value>137</Value></HeartRateBpm>
            <Cadence>164</Cadence>
          </Trackpoint>
          <Trackpoint>
            <Time>2026-02-14T13:54:00.000Z</Time>
            <Position>
              <LatitudeDegrees>37.3612789</LatitudeDegrees>
              <LongitudeDegrees>-121.8572260</LongitudeDegrees>
            </Position>
            <AltitudeMeters>23.2</AltitudeMeters>
            <DistanceMeters>3626.50</DistanceMeters>
            <HeartRateBpm><Value>137</Value></HeartRateBpm>
            <Cadence>164</Cadence>
          </Trackpoint>
          <Trackpoint>
            <Time>2026-02-14T13:54:05.000Z</Time>
            <Position>
              <LatitudeDegrees>37.3613591</LatitudeDegrees>
              <LongitudeDegrees>-121.8571251</LongitudeDegrees>
            </Position>
            <AltitudeMeters>23.2</AltitudeMeters>
            <DistanceMeters>3639.09</DistanceMeters>
            <HeartRateBpm><Value>137</Value></HeartRateBpm>
            <Cadence>164</Cadence>
          </Trackpoint>
          <Trackpoint>
            <Time>2026-02-14T13:54:10.000Z</Time>
            <Position>
              <LatitudeDegrees>37.3614392</LatitudeDegrees>
              <LongitudeDegrees>-121.8570241</LongitudeDegrees>
            </Position>
            <AltitudeMeters>23.2</AltitudeMeters>
            <DistanceMeters>3651.69</DistanceMeters>
            <HeartRateBpm><Value>137</Value></HeartRateBpm>
            <Cadence>164</Cadence>
          </Trackpoint>
          <Trackpoint>
            <Time>2026-02-14T13:54:15.000Z</Time>
            <Position>
              <LatitudeDegrees>37.3615193</LatitudeDegrees>
              <LongitudeDegrees>-121.8569232</LongitudeDegrees>
            </Position>
            <AltitudeMeters>23.3</AltitudeMeters>
            <DistanceMeters>3664.28</DistanceMeters>
            <HeartRateBpm><Value>137</Value></HeartRateBpm>
            <Cadence>164</Cadence>
          </Trackpoint>
          <Trackpoint>
            <Time>2026-02-14T13:54:20.000Z</Time>
            <Position>
              <LatitudeDegrees>37.3615995</LatitudeDegrees>
              <LongitudeDegrees>-121.8568222</LongitudeDegrees>
            </Position>
            <AltitudeMeters>23.3</AltitudeMeters>
            <DistanceMeters>3676.87</DistanceMeters>
            <HeartRateBpm><Value>137</Value></HeartRateBpm>
            <Cadence>164</Cadence>
          </Trackpoint>
          <Trackpoint>
            <Time>2026-02-14T13:54:25.000Z</Time>
            <Position>
              <LatitudeDegrees>37.3616796</LatitudeDegrees>
              <LongitudeDegrees>-121.8567213</LongitudeDegrees>
            </Position>
            <AltitudeMeters>23.3</AltitudeMeters>
            <DistanceMeters>3689.46</DistanceMeters>
            <HeartRateBpm><Value>137</Value></HeartRateBpm>
            <Cadence>164</Cadence>
          </Trackpoint>
          <Trackpoint>
            <Time>2026-02-14T13:54:30.000Z</Time>
            <Position>
              <LatitudeDegrees>37.3617597</LatitudeDegrees>
              <LongitudeDegrees>-121.8566203</LongitudeDegrees>
            </Position>
            <AltitudeMeters>23.4</AltitudeMeters>
            <DistanceMeters>3702.05</DistanceMeters>
            <HeartRateBpm><Value>137</Value></HeartRateBpm>
            <Cadence>164</Cadence>
          </Trackpoint>
          <Trackpoint>
            <Time>2026-02-14T13:54:35.000Z</Time>
            <Position>
              <LatitudeDegrees>37.3618399</LatitudeDegrees>
              <LongitudeDegrees>-121.8565194</LongitudeDegrees>
            </Position>
            <AltitudeMeters>23.4</AltitudeMeters>
            <DistanceMeters>3714.65</DistanceMeters>
            <HeartRateBpm><Value>137</Value></HeartRateBpm>
            <Cadence>164</Cadence>
          </Trackpoint>
          <Trackpoint>
            <Time>2026-02-14T13:54:40.000Z</Time>
            <Position>
              <LatitudeDegrees>37.3619200</LatitudeDegrees>
              <LongitudeDegrees>-121.8564184</LongitudeDegrees>
            </Position>
            <AltitudeMeters>23.5</AltitudeMeters>
            <DistanceMeters>3727.24</DistanceMeters>
            <HeartRateBpm><Value>137</Value></HeartRateBpm>
            <Cadence>164</Cadence>
          </Trackpoint>
          <Trackpoint>
            <Time>2026-02-14T13:54:45.000Z</Time>
            <Position>
              <LatitudeDegrees>37.3620002</LatitudeDegrees>
              <LongitudeDegrees>-121.8563175</LongitudeDegrees>
            </Position>
            <AltitudeMeters>23.5</AltitudeMeters>
            <DistanceMeters>3739.83</DistanceMeters>
            <HeartRateBpm><Value>137</Value></HeartRateBpm>
            <Cadence>164</Cadence>
          </Trackpoint>
          <Trackpoint>
            <Time>2026-02-14T13:54:50.000Z</Time>
            <Position>
              <LatitudeDegrees>37.3620803</LatitudeDegrees>
              <LongitudeDegrees>-121.8562165</LongitudeDegrees>
            </Position>
            <AltitudeMeters>23.6</AltitudeMeters>
            <DistanceMeters>3752.42</DistanceMeters>
            <HeartRateBpm><Value>137</Value></HeartRateBpm>
            <Cadence>164</Cadence>
          </Trackpoint>
          <Trackpoint>
            <Time>2026-02-14T13:54:55.000Z</Time>
            <Position>
              <LatitudeDegrees>37.3621604</LatitudeDegrees>
              <LongitudeDegrees>-121.8561156</LongitudeDegrees>
            </Position>
            <AltitudeMeters>23.7</AltitudeMeters>
            <DistanceMeters>3765.01</DistanceMeters>
            <HeartRateBpm><Value>137</Value></HeartRateBpm>
            <Cadence>164</Cadence>
          </Trackpoint>
          <Trackpoint>
            <Time>2026-02-14T13:55:00.000Z</Time>
            <Position>
              <LatitudeDegrees>37.3622406</LatitudeDegrees>
              <LongitudeDegrees>-121.8560146</LongitudeDegrees>
            </Position>
            <AltitudeMeters>23.7</AltitudeMeters>
            <DistanceMeters>3777.61</DistanceMeters>
            <HeartRateBpm><Value>137</Value></HeartRateBpm>
            <Cadence>164</Cadence>
          </Trackpoint>
          <Trackpoint>
            <Time>2026-02-14T13:55:05.000Z</Time>
            <Position>
              <LatitudeDegrees>37.3623207</LatitudeDegrees>
              <LongitudeDegrees>-121.8559137</LongitudeDegrees>
            </Position>
            <AltitudeMeters>23.8</AltitudeMeters>
            <DistanceMeters>3790.20</DistanceMeters>
            <HeartRateBpm><Value>137</Value></HeartRateBpm>
            <Cadence>164</Cadence>
          </Trackpoint>
          <Trackpoint>
            <Time>2026-02-14T13:55:10.000Z</Time>
            <Position>
              <LatitudeDegrees>37.3624008</LatitudeDegrees>
              <LongitudeDegrees>-121.8558127</LongitudeDegrees>
            </Position>
            <AltitudeMeters>23.8</AltitudeMeters>
            <DistanceMeters>3802.79</DistanceMeters>
            <HeartRateBpm><Value>137</Value></HeartRateBpm>
            <Cadence>164</Cadence>
          </Trackpoint>
          <Trackpoint>
            <Time>2026-02-14T13:55:15.000Z</Time>
            <Position>
              <LatitudeDegrees>37.3624810</LatitudeDegrees>
              <LongitudeDegrees>-121.8557118</LongitudeDegrees>
            </Position>
            <AltitudeMeters>23.9</AltitudeMeters>
            <DistanceMeters>3815.38</DistanceMeters>
            <HeartRateBpm><Value>137</Value></HeartRateBpm>
            <Cadence>164</Cadence>
          </Trackpoint>
          <Trackpoint>
            <Time>2026-02-14T13:55:20.000Z</Time>
            <Position>
              <LatitudeDegrees>37.3625611</LatitudeDegrees>
              <LongitudeDegrees>-121.8556108</LongitudeDegrees>
            </Position>
            <AltitudeMeters>24</AltitudeMeters>
            <DistanceMeters>3827.97</DistanceMeters>
            <HeartRateBpm><Value>137</Value></HeartRateBpm>
            <Cadence>164</Cadence>
          </Trackpoint>
          <Trackpoint>
            <Time>2026-02-14T13:55:25.000Z</Time>
            <Position>
              <LatitudeDegrees>37.3626412</LatitudeDegrees>
              <LongitudeDegrees>-121.8555099</LongitudeDegrees>
            </Position>
            <AltitudeMeters>24</AltitudeMeters>
            <DistanceMeters>3840.57</DistanceMeters>
            <HeartRateBpm><Value>137</Value></HeartRateBpm>
            <Cadence>164</Cadence>
          </Trackpoint>
          <Trackpoint>
            <Time>2026-02-14T13:55:30.000Z</Time>
            <Position>
              <LatitudeDegrees>37.3627214</LatitudeDegrees>
              <LongitudeDegrees>-121.8554089</LongitudeDegrees>
            </Position>
            <AltitudeMeters>24.1</AltitudeMeters>
            <DistanceMeters>3853.16</DistanceMeters>
            <HeartRateBpm><Value>137</Value></HeartRateBpm>
            <Cadence>164</Cadence>
          </Trackpoint>
          <Trackpoint>
            <Time>2026-02-14T13:55:35.000Z</Time>
            <Position>
              <LatitudeDegrees>37.3628015</LatitudeDegrees>
              <LongitudeDegrees>-121.8553080</LongitudeDegrees>
            </Position>
            <AltitudeMeters>24.2</AltitudeMeters>
            <DistanceMeters>3865.75</DistanceMeters>
            <HeartRateBpm><Value>137</Value></HeartRateBpm>
            <Cadence>164</Cadence>
          </Trackpoint>
          <Trackpoint>
            <Time>2026-02-14T13:55:40.000Z</Time>
            <Position>
              <LatitudeDegrees>37.3628816</LatitudeDegrees>
              <LongitudeDegrees>-121.8552070</LongitudeDegrees>
            </Position>
            <AltitudeMeters>24.3</AltitudeMeters>
            <DistanceMeters>3878.34</DistanceMeters>
            <HeartRateBpm><Value>137</Value></HeartRateBpm>
            <Cadence>164</Cadence>
          </Trackpoint>
          <Trackpoint>
            <Time>2026-02-14T13:55:45.000Z</Time>
            <Position>
              <LatitudeDegrees>37.3629618</LatitudeDegrees>
              <LongitudeDegrees>-121.8551061</LongitudeDegrees>
            </Position>
            <AltitudeMeters>24.3</AltitudeMeters>
            <DistanceMeters>3890.93</DistanceMeters>
            <HeartRateBpm><Value>137</Value></HeartRateBpm>
            <Cadence>164</Cadence>
          </Trackpoint>
          <Trackpoint>
            <Time>2026-02-14T13:55:50.000Z</Time>
            <Position>
              <LatitudeDegrees>37.3630419</LatitudeDegrees>
              <LongitudeDegrees>-121.8550051</LongitudeDegrees>
            </Position>
            <AltitudeMeters>24.4</AltitudeMeters>
            <DistanceMeters>3903.53</DistanceMeters>
            <HeartRateBpm><Value>137</Value></HeartRateBpm>
            <Cadence>164</Cadence>
          </Trackpoint>
          <Trackpoint>
            <Time>2026-02-14T13:55:55.000Z</Time>
            <Position>
              <LatitudeDegrees>37.3631220</LatitudeDegrees>
              <LongitudeDegrees>-121.8549042</LongitudeDegrees>
            </Position>
            <AltitudeMeters>24.5</AltitudeMeters>
            <DistanceMeters>3916.12</DistanceMeters>
            <HeartRateBpm><Value>137</Value></HeartRateBpm>
            <Cadence>164</Cadence>
          </Trackpoint>
          <Trackpoint>
            <Time>2026-02-14T13:56:00.000Z</Time>
            <Position>
              <LatitudeDegrees>37.3632022</LatitudeDegrees>
              <LongitudeDegrees>-121.8548032</LongitudeDegrees>
            </Position>
            <AltitudeMeters>24.6</AltitudeMeters>
            <DistanceMeters>3928.71</DistanceMeters>
            <HeartRateBpm><Value>137</Value></HeartRateBpm>
            <Cadence>164</Cadence>
          </Trackpoint>
          <Trackpoint>
            <Time>2026-02-14T13:56:05.000Z</Time>
            <Position>
              <LatitudeDegrees>37.3632823</LatitudeDegrees>
              <LongitudeDegrees>-121.8547023</LongitudeDegrees>
            </Position>
            <AltitudeMeters>24.6</AltitudeMeters>
            <DistanceMeters>3941.30</DistanceMeters>
            <HeartRateBpm><Value>137</Value></HeartRateBpm>
            <Cadence>164</Cadence>
          </Trackpoint>
          <Trackpoint>
            <Time>2026-02-14T13:56:10.000Z</Time>
            <Position>
              <LatitudeDegrees>37.3633625</LatitudeDegrees>
              <LongitudeDegrees>-121.8546013</LongitudeDegrees>
            </Position>
            <AltitudeMeters>24.7</AltitudeMeters>
            <DistanceMeters>3953.89</DistanceMeters>
            <HeartRateBpm><Value>137</Value></HeartRateBpm>
            <Cadence>164</Cadence>
          </Trackpoint>
          <Trackpoint>
            <Time>2026-02-14T13:56:15.000Z</Time>
            <Position>
              <LatitudeDegrees>37.3634426</LatitudeDegrees>
              <LongitudeDegrees>-121.8545004</LongitudeDegrees>
            </Position>
            <AltitudeMeters>24.8</AltitudeMeters>
            <DistanceMeters>3966.49</DistanceMeters>
            <HeartRateBpm><Value>137</Value></HeartRateBpm>
            <Cadence>164</Cadence>
          </Trackpoint>
          <Trackpoint>
            <Time>2026-02-14T13:56:20.000Z</Time>
            <Position>
              <LatitudeDegrees>37.3635227</LatitudeDegrees>
              <LongitudeDegrees>-121.8543994</LongitudeDegrees>
            </Position>
            <AltitudeMeters>24.9</AltitudeMeters>
            <DistanceMeters>3979.08</DistanceMeters>
            <HeartRateBpm><Value>137</Value></HeartRateBpm>
            <Cadence>164</Cadence>
          </Trackpoint>
          <Trackpoint>
            <Time>2026-02-14T13:56:25.000Z</Time>
            <Position>
              <LatitudeDegrees>37.3636029</LatitudeDegrees>
              <LongitudeDegrees>-121.8542984</LongitudeDegrees>
            </Position>
            <AltitudeMeters>24.9</AltitudeMeters>
            <DistanceMeters>3991.67</DistanceMeters>
            <HeartRateBpm><Value>137</Value></HeartRateBpm>
            <Cadence>164</Cadence>
          </Trackpoint>
          <Trackpoint>
            <Time>2026-02-14T13:56:30.000Z</Time>
            <Position>
              <LatitudeDegrees>37.3636830</LatitudeDegrees>
              <LongitudeDegrees>-121.8541975</LongitudeDegrees>
            </Position>
            <AltitudeMeters>25</AltitudeMeters>
            <DistanceMeters>4004.26</DistanceMeters>
            <HeartRateBpm><Value>137</Value></HeartRateBpm>
            <Cadence>164</Cadence>
          </Trackpoint>
          <Trackpoint>
            <Time>2026-02-14T13:56:35.000Z</Time>
            <Position>
              <LatitudeDegrees>37.3637631</LatitudeDegrees>
              <LongitudeDegrees>-121.8540965</LongitudeDegrees>
            </Position>
            <AltitudeMeters>25.1</AltitudeMeters>
            <DistanceMeters>4016.85</DistanceMeters>
            <HeartRateBpm><Value>137</Value></HeartRateBpm>
            <Cadence>164</Cadence>
          </Trackpoint>
          <Trackpoint>
            <Time>2026-02-14T13:56:40.000Z</Time>
            <Position>
              <LatitudeDegrees>37.3638433</LatitudeDegrees>
              <LongitudeDegrees>-121.8539956</LongitudeDegrees>
            </Position>
            <AltitudeMeters>25.2</AltitudeMeters>
            <DistanceMeters>4029.45</DistanceMeters>
            <HeartRateBpm><Value>137</Value></HeartRateBpm>
            <Cadence>164</Cadence>
          </Trackpoint>
          <Trackpoint>
            <Time>2026-02-14T13:56:45.000Z</Time>
            <Position>
              <LatitudeDegrees>37.3639234</LatitudeDegrees>
              <LongitudeDegrees>-121.8538946</LongitudeDegrees>
            </Position>
            <AltitudeMeters>25.3</AltitudeMeters>
            <DistanceMeters>4042.04</DistanceMeters>
            <HeartRateBpm><Value>137</Value></HeartRateBpm>
            <Cadence>164</Cadence>
          </Trackpoint>
          <Trackpoint>
            <Time>2026-02-14T13:56:50.000Z</Time>
            <Position>
              <LatitudeDegrees>37.3640035</LatitudeDegrees>
              <LongitudeDegrees>-121.8537937</LongitudeDegrees>
            </Position>
            <AltitudeMeters>25.3</AltitudeMeters>
            <DistanceMeters>4054.63</DistanceMeters>
            <HeartRateBpm><Value>137</Value></HeartRateBpm>
            <Cadence>164</Cadence>
          </Trackpoint>
          <Trackpoint>
            <Time>2026-02-14T13:56:55.000Z</Time>
            <Position>
              <LatitudeDegrees>37.3640837</LatitudeDegrees>
              <LongitudeDegrees>-121.8536927</LongitudeDegrees>
            </Position>
            <AltitudeMeters>25.4</AltitudeMeters>
            <DistanceMeters>4067.22</DistanceMeters>
            <HeartRateBpm><Value>137</Value></HeartRateBpm>
            <Cadence>164</Cadence>
          </Trackpoint>
          <Trackpoint>
            <Time>2026-02-14T13:57:00.000Z</Time>
            <Position>
              <LatitudeDegrees>37.3641638</LatitudeDegrees>
              <LongitudeDegrees>-121.8535918</LongitudeDegrees>
            </Position>
            <AltitudeMeters>25.5</AltitudeMeters>
            <DistanceMeters>4079.81</DistanceMeters>
            <HeartRateBpm><Value>137</Value></HeartRateBpm>
            <Cadence>164</Cadence>
          </Trackpoint>
          <Trackpoint>
            <Time>2026-02-14T13:57:05.000Z</Time>
            <Position>
              <LatitudeDegrees>37.3642439</LatitudeDegrees>
              <LongitudeDegrees>-121.8534908</LongitudeDegrees>
            </Position>
            <AltitudeMeters>25.6</AltitudeMeters>
            <DistanceMeters>4092.41</DistanceMeters>
            <HeartRateBpm><Value>137</Value></HeartRateBpm>
            <Cadence>164</Cadence>
          </Trackpoint>
          <Trackpoint>
            <Time>2026-02-14T13:57:10.000Z</Time>
            <Position>
              <LatitudeDegrees>37.3643241</LatitudeDegrees>
              <LongitudeDegrees>-121.8533899</LongitudeDegrees>
            </Position>
            <AltitudeMeters>25.6</AltitudeMeters>
            <DistanceMeters>4105.00</DistanceMeters>
            <HeartRateBpm><Value>137</Value></HeartRateBpm>
            <Cadence>164</Cadence>
          </Trackpoint>
          <Trackpoint>
            <Time>2026-02-14T13:57:15.000Z</Time>
            <Position>
              <LatitudeDegrees>37.3644042</LatitudeDegrees>
              <LongitudeDegrees>-121.8532889</LongitudeDegrees>
            </Position>
            <AltitudeMeters>25.7</AltitudeMeters>
            <DistanceMeters>4117.59</DistanceMeters>
            <HeartRateBpm><Value>137</Value></HeartRateBpm>
            <Cadence>164</Cadence>
          </Trackpoint>
          <Trackpoint>
            <Time>2026-02-14T13:57:20.000Z</Time>
            <Position>
              <LatitudeDegrees>37.3644843</LatitudeDegrees>
              <LongitudeDegrees>-121.8531880</LongitudeDegrees>
            </Position>
            <AltitudeMeters>25.8</AltitudeMeters>
            <DistanceMeters>4130.18</DistanceMeters>
            <HeartRateBpm><Value>137</Value></HeartRateBpm>
            <Cadence>164</Cadence>
          </Trackpoint>
          <Trackpoint>
            <Time>2026-02-14T13:57:25.000Z</Time>
            <Position>
              <LatitudeDegrees>37.3645645</LatitudeDegrees>
              <LongitudeDegrees>-121.8530870</LongitudeDegrees>
            </Position>
            <AltitudeMeters>25.9</AltitudeMeters>
            <DistanceMeters>4142.77</DistanceMeters>
            <HeartRateBpm><Value>137</Value></HeartRateBpm>
            <Cadence>164</Cadence>
          </Trackpoint>
          <Trackpoint>
            <Time>2026-02-14T13:57:30.000Z</Time>
            <Position>
              <LatitudeDegrees>37.3646446</LatitudeDegrees>
              <LongitudeDegrees>-121.8529861</LongitudeDegrees>
            </Position>
            <AltitudeMeters>25.9</AltitudeMeters>
            <DistanceMeters>4155.37</DistanceMeters>
            <HeartRateBpm><Value>137</Value></HeartRateBpm>
            <Cadence>164</Cadence>
          </Trackpoint>
          <Trackpoint>
            <Time>2026-02-14T13:57:35.000Z</Time>
            <Position>
              <LatitudeDegrees>37.3647247</LatitudeDegrees>
              <LongitudeDegrees>-121.8528851</LongitudeDegrees>
            </Position>
            <AltitudeMeters>26</AltitudeMeters>
            <DistanceMeters>4167.96</DistanceMeters>
            <HeartRateBpm><Value>137</Value></HeartRateBpm>
            <Cadence>164</Cadence>
          </Trackpoint>
          <Trackpoint>
            <Time>2026-02-14T13:57:40.000Z</Time>
            <Position>
              <LatitudeDegrees>37.3648049</LatitudeDegrees>
              <LongitudeDegrees>-121.8527842</LongitudeDegrees>
            </Position>
            <AltitudeMeters>26.1</AltitudeMeters>
            <DistanceMeters>4180.55</DistanceMeters>
            <HeartRateBpm><Value>137</Value></HeartRateBpm>
            <Cadence>164</Cadence>
          </Trackpoint>
          <Trackpoint>
            <Time>2026-02-14T13:57:45.000Z</Time>
            <Position>
              <LatitudeDegrees>37.3648850</LatitudeDegrees>
              <LongitudeDegrees>-121.8526832</LongitudeDegrees>
            </Position>
            <AltitudeMeters>26.1</AltitudeMeters>
            <DistanceMeters>4193.14</DistanceMeters>
            <HeartRateBpm><Value>137</Value></HeartRateBpm>
            <Cadence>164</Cadence>
          </Trackpoint>
          <Trackpoint>
            <Time>2026-02-14T13:57:50.000Z</Time>
            <Position>
              <LatitudeDegrees>37.3649652</LatitudeDegrees>
              <LongitudeDegrees>-121.8525823</LongitudeDegrees>
            </Position>
            <AltitudeMeters>26.2</AltitudeMeters>
            <DistanceMeters>4205.73</DistanceMeters>
            <HeartRateBpm><Value>137</Value></HeartRateBpm>
            <Cadence>164</Cadence>
          </Trackpoint>
          <Trackpoint>
            <Time>2026-02-14T13:57:55.000Z</Time>
            <Position>
              <LatitudeDegrees>37.3650453</LatitudeDegrees>
              <LongitudeDegrees>-121.8524813</LongitudeDegrees>
            </Position>
            <AltitudeMeters>26.3</AltitudeMeters>
            <DistanceMeters>4218.33</DistanceMeters>
            <HeartRateBpm><Value>137</Value></HeartRateBpm>
            <Cadence>164</Cadence>
          </Trackpoint>
          <Trackpoint>
            <Time>2026-02-14T13:58:00.000Z</Time>
            <Position>
              <LatitudeDegrees>37.3651254</LatitudeDegrees>
              <LongitudeDegrees>-121.8523804</LongitudeDegrees>
            </Position>
            <AltitudeMeters>26.3</AltitudeMeters>
            <DistanceMeters>4230.92</DistanceMeters>
            <HeartRateBpm><Value>137</Value></HeartRateBpm>
            <Cadence>164</Cadence>
          </Trackpoint>
          <Trackpoint>
            <Time>2026-02-14T13:58:05.000Z</Time>
            <Position>
              <LatitudeDegrees>37.3652056</LatitudeDegrees>
              <LongitudeDegrees>-121.8522794</LongitudeDegrees>
            </Position>
            <AltitudeMeters>26.4</AltitudeMeters>
            <DistanceMeters>4243.51</DistanceMeters>
            <HeartRateBpm><Value>137</Value></HeartRateBpm>
            <Cadence>164</Cadence>
          </Trackpoint>
          <Trackpoint>
            <Time>2026-02-14T13:58:10.000Z</Time>
            <Position>
              <LatitudeDegrees>37.3652857</LatitudeDegrees>
              <LongitudeDegrees>-121.8521785</LongitudeDegrees>
            </Position>
            <AltitudeMeters>26.4</AltitudeMeters>
            <DistanceMeters>4256.10</DistanceMeters>
            <HeartRateBpm><Value>137</Value></HeartRateBpm>
            <Cadence>164</Cadence>
          </Trackpoint>
          <Trackpoint>
            <Time>2026-02-14T13:58:15.000Z</Time>
            <Position>
              <LatitudeDegrees>37.3653658</LatitudeDegrees>
              <LongitudeDegrees>-121.8520775</LongitudeDegrees>
            </Position>
            <AltitudeMeters>26.5</AltitudeMeters>
            <DistanceMeters>4268.69</DistanceMeters>
            <HeartRateBpm><Value>137</Value></HeartRateBpm>
            <Cadence>164</Cadence>
          </Trackpoint>
          <Trackpoint>
            <Time>2026-02-14T13:58:20.000Z</Time>
            <Position>
              <LatitudeDegrees>37.3654460</LatitudeDegrees>
              <LongitudeDegrees>-121.8519766</LongitudeDegrees>
            </Position>
            <AltitudeMeters>26.5</AltitudeMeters>
            <DistanceMeters>4281.29</DistanceMeters>
            <HeartRateBpm><Value>137</Value></HeartRateBpm>
            <Cadence>164</Cadence>
          </Trackpoint>
          <Trackpoint>
            <Time>2026-02-14T13:58:25.000Z</Time>
            <Position>
              <LatitudeDegrees>37.3655261</LatitudeDegrees>
              <LongitudeDegrees>-121.8518756</LongitudeDegrees>
            </Position>
            <AltitudeMeters>26.6</AltitudeMeters>
            <DistanceMeters>4293.88</DistanceMeters>
            <HeartRateBpm><Value>137</Value></HeartRateBpm>
            <Cadence>164</Cadence>
          </Trackpoint>
          <Trackpoint>
            <Time>2026-02-14T13:58:30.000Z</Time>
            <Position>
              <LatitudeDegrees>37.3656062</LatitudeDegrees>
              <LongitudeDegrees>-121.8517747</LongitudeDegrees>
            </Position>
            <AltitudeMeters>26.6</AltitudeMeters>
            <DistanceMeters>4306.47</DistanceMeters>
            <HeartRateBpm><Value>137</Value></HeartRateBpm>
            <Cadence>164</Cadence>
          </Trackpoint>
          <Trackpoint>
            <Time>2026-02-14T13:58:35.000Z</Time>
            <Position>
              <LatitudeDegrees>37.3656864</LatitudeDegrees>
              <LongitudeDegrees>-121.8516737</LongitudeDegrees>
            </Position>
            <AltitudeMeters>26.7</AltitudeMeters>
            <DistanceMeters>4319.06</DistanceMeters>
            <HeartRateBpm><Value>137</Value></HeartRateBpm>
            <Cadence>164</Cadence>
          </Trackpoint>
          <Trackpoint>
            <Time>2026-02-14T13:58:40.000Z</Time>
            <Position>
              <LatitudeDegrees>37.3657665</LatitudeDegrees>
              <LongitudeDegrees>-121.8515728</LongitudeDegrees>
            </Position>
            <AltitudeMeters>26.7</AltitudeMeters>
            <DistanceMeters>4331.65</DistanceMeters>
            <HeartRateBpm><Value>137</Value></HeartRateBpm>
            <Cadence>164</Cadence>
          </Trackpoint>
          <Trackpoint>
            <Time>2026-02-14T13:58:45.000Z</Time>
            <Position>
              <LatitudeDegrees>37.3658466</LatitudeDegrees>
              <LongitudeDegrees>-121.8514718</LongitudeDegrees>
            </Position>
            <AltitudeMeters>26.8</AltitudeMeters>
            <DistanceMeters>4344.25</DistanceMeters>
            <HeartRateBpm><Value>137</Value></HeartRateBpm>
            <Cadence>164</Cadence>
          </Trackpoint>
          <Trackpoint>
            <Time>2026-02-14T13:58:50.000Z</Time>
            <Position>
              <LatitudeDegrees>37.3659268</LatitudeDegrees>
              <LongitudeDegrees>-121.8513709</LongitudeDegrees>
            </Position>
            <AltitudeMeters>26.8</AltitudeMeters>
            <DistanceMeters>4356.84</DistanceMeters>
            <HeartRateBpm><Value>137</Value></HeartRateBpm>
            <Cadence>164</Cadence>
          </Trackpoint>
          <Trackpoint>
            <Time>2026-02-14T13:58:55.000Z</Time>
            <Position>
              <LatitudeDegrees>37.3660069</LatitudeDegrees>
              <LongitudeDegrees>-121.8512699</LongitudeDegrees>
            </Position>
            <AltitudeMeters>26.8</AltitudeMeters>
            <DistanceMeters>4369.43</DistanceMeters>
            <HeartRateBpm><Value>137</Value></HeartRateBpm>
            <Cadence>164</Cadence>
          </Trackpoint>
          <Trackpoint>
            <Time>2026-02-14T13:59:00.000Z</Time>
            <Position>
              <LatitudeDegrees>37.3660870</LatitudeDegrees>
              <LongitudeDegrees>-121.8511690</LongitudeDegrees>
            </Position>
            <AltitudeMeters>26.9</AltitudeMeters>
            <DistanceMeters>4382.02</DistanceMeters>
            <HeartRateBpm><Value>137</Value></HeartRateBpm>
            <Cadence>164</Cadence>
          </Trackpoint>
          <Trackpoint>
            <Time>2026-02-14T13:59:05.000Z</Time>
            <Position>
              <LatitudeDegrees>37.3661672</LatitudeDegrees>
              <LongitudeDegrees>-121.8510680</LongitudeDegrees>
            </Position>
            <AltitudeMeters>26.9</AltitudeMeters>
            <DistanceMeters>4394.61</DistanceMeters>
            <HeartRateBpm><Value>137</Value></HeartRateBpm>
            <Cadence>164</Cadence>
          </Trackpoint>
          <Trackpoint>
            <Time>2026-02-14T13:59:10.000Z</Time>
            <Position>
              <LatitudeDegrees>37.3662473</LatitudeDegrees>
              <LongitudeDegrees>-121.8509671</LongitudeDegrees>
            </Position>
            <AltitudeMeters>26.9</AltitudeMeters>
            <DistanceMeters>4407.21</DistanceMeters>
            <HeartRateBpm><Value>137</Value></HeartRateBpm>
            <Cadence>164</Cadence>
          </Trackpoint>
          <Trackpoint>
            <Time>2026-02-14T13:59:15.000Z</Time>
            <Position>
              <LatitudeDegrees>37.3663275</LatitudeDegrees>
              <LongitudeDegrees>-121.8508661</LongitudeDegrees>
            </Position>
            <AltitudeMeters>26.9</AltitudeMeters>
            <DistanceMeters>4419.80</DistanceMeters>
            <HeartRateBpm><Value>137</Value></HeartRateBpm>
            <Cadence>164</Cadence>
          </Trackpoint>
          <Trackpoint>
            <Time>2026-02-14T13:59:20.000Z</Time>
            <Position>
              <LatitudeDegrees>37.3664076</LatitudeDegrees>
              <LongitudeDegrees>-121.8507652</LongitudeDegrees>
            </Position>
            <AltitudeMeters>27</AltitudeMeters>
            <DistanceMeters>4432.39</DistanceMeters>
            <HeartRateBpm><Value>137</Value></HeartRateBpm>
            <Cadence>164</Cadence>
          </Trackpoint>
          <Trackpoint>
            <Time>2026-02-14T13:59:25.000Z</Time>
            <Position>
              <LatitudeDegrees>37.3664877</LatitudeDegrees>
              <LongitudeDegrees>-121.8506642</LongitudeDegrees>
            </Position>
            <AltitudeMeters>27</AltitudeMeters>
            <DistanceMeters>4444.98</DistanceMeters>
            <HeartRateBpm><Value>137</Value></HeartRateBpm>
            <Cadence>164</Cadence>
          </Trackpoint>
          <Trackpoint>
            <Time>2026-02-14T13:59:30.000Z</Time>
            <Position>
              <LatitudeDegrees>37.3665679</LatitudeDegrees>
              <LongitudeDegrees>-121.8505633</LongitudeDegrees>
            </Position>
            <AltitudeMeters>27</AltitudeMeters>
            <DistanceMeters>4457.57</DistanceMeters>
            <HeartRateBpm><Value>137</Value></HeartRateBpm>
            <Cadence>164</Cadence>
          </Trackpoint>
          <Trackpoint>
            <Time>2026-02-14T13:59:35.000Z</Time>
            <Position>
              <LatitudeDegrees>37.3666480</LatitudeDegrees>
              <LongitudeDegrees>-121.8504623</LongitudeDegrees>
            </Position>
            <AltitudeMeters>27</AltitudeMeters>
            <DistanceMeters>4470.17</DistanceMeters>
            <HeartRateBpm><Value>137</Value></HeartRateBpm>
            <Cadence>164</Cadence>
          </Trackpoint>
          <Trackpoint>
            <Time>2026-02-14T13:59:40.000Z</Time>
            <Position>
              <LatitudeDegrees>37.3667281</LatitudeDegrees>
              <LongitudeDegrees>-121.8503613</LongitudeDegrees>
            </Position>
            <AltitudeMeters>27</AltitudeMeters>
            <DistanceMeters>4482.76</DistanceMeters>
            <HeartRateBpm><Value>137</Value></HeartRateBpm>
            <Cadence>164</Cadence>
          </Trackpoint>
          <Trackpoint>
            <Time>2026-02-14T13:59:45.000Z</Time>
            <Position>
              <LatitudeDegrees>37.3668083</LatitudeDegrees>
              <LongitudeDegrees>-121.8502604</LongitudeDegrees>
            </Position>
            <AltitudeMeters>27</AltitudeMeters>
            <DistanceMeters>4495.35</DistanceMeters>
            <HeartRateBpm><Value>137</Value></HeartRateBpm>
            <Cadence>164</Cadence>
          </Trackpoint>
          <Trackpoint>
            <Time>2026-02-14T13:59:50.000Z</Time>
            <Position>
              <LatitudeDegrees>37.3668884</LatitudeDegrees>
              <LongitudeDegrees>-121.8501594</LongitudeDegrees>
            </Position>
            <AltitudeMeters>27</AltitudeMeters>
            <DistanceMeters>4507.94</DistanceMeters>
            <HeartRateBpm><Value>137</Value></HeartRateBpm>
            <Cadence>164</Cadence>
          </Trackpoint>
          <Trackpoint>
            <Time>2026-02-14T13:59:55.000Z</Time>
            <Position>
              <LatitudeDegrees>37.3669685</LatitudeDegrees>
              <LongitudeDegrees>-121.8500585</LongitudeDegrees>
            </Position>
            <AltitudeMeters>27</AltitudeMeters>
            <DistanceMeters>4520.53</DistanceMeters>
            <HeartRateBpm><Value>137</Value></HeartRateBpm>
            <Cadence>164</Cadence>
          </Trackpoint>
          <Trackpoint>
            <Time>2026-02-14T14:00:00.000Z</Time>
            <Position>
              <LatitudeDegrees>37.3670487</LatitudeDegrees>
              <LongitudeDegrees>-121.8499575</LongitudeDegrees>
            </Position>
            <AltitudeMeters>27</AltitudeMeters>
            <DistanceMeters>4533.13</DistanceMeters>
            <HeartRateBpm><Value>137</Value></HeartRateBpm>
            <Cadence>164</Cadence>
          </Trackpoint>
          <Trackpoint>
            <Time>2026-02-14T14:00:05.000Z</Time>
            <Position>
              <LatitudeDegrees>37.3671288</LatitudeDegrees>
              <LongitudeDegrees>-121.8498566</LongitudeDegrees>
            </Position>
            <AltitudeMeters>27</AltitudeMeters>
            <DistanceMeters>4545.72</DistanceMeters>
            <HeartRateBpm><Value>137</Value></HeartRateBpm>
            <Cadence>164</Cadence>
          </Trackpoint>
          <Trackpoint>
            <Time>2026-02-14T14:00:10.000Z</Time>
            <Position>
              <LatitudeDegrees>37.3672089</LatitudeDegrees>
              <LongitudeDegrees>-121.8497556</LongitudeDegrees>
            </Position>
            <AltitudeMeters>27</AltitudeMeters>
            <DistanceMeters>4558.31</DistanceMeters>
            <HeartRateBpm><Value>137</Value></HeartRateBpm>
            <Cadence>164</Cadence>
          </Trackpoint>
          <Trackpoint>
            <Time>2026-02-14T14:00:15.000Z</Time>
            <Position>
              <LatitudeDegrees>37.3672891</LatitudeDegrees>
              <LongitudeDegrees>-121.8496547</LongitudeDegrees>
            </Position>
            <AltitudeMeters>27</AltitudeMeters>
            <DistanceMeters>4570.90</DistanceMeters>
            <HeartRateBpm><Value>137</Value></HeartRateBpm>
            <Cadence>164</Cadence>
          </Trackpoint>
          <Trackpoint>
            <Time>2026-02-14T14:00:20.000Z</Time>
            <Position>
              <LatitudeDegrees>37.3673692</LatitudeDegrees>
              <LongitudeDegrees>-121.8495537</LongitudeDegrees>
            </Position>
            <AltitudeMeters>26.9</AltitudeMeters>
            <DistanceMeters>4583.49</DistanceMeters>
            <HeartRateBpm><Value>137</Value></HeartRateBpm>
            <Cadence>164</Cadence>
          </Trackpoint>
          <Trackpoint>
            <Time>2026-02-14T14:00:25.000Z</Time>
            <Position>
              <LatitudeDegrees>37.3674493</LatitudeDegrees>
              <LongitudeDegrees>-121.8494528</LongitudeDegrees>
            </Position>
            <AltitudeMeters>26.9</AltitudeMeters>
            <DistanceMeters>4596.09</DistanceMeters>
            <HeartRateBpm><Value>137</Value></HeartRateBpm>
            <Cadence>164</Cadence>
          </Trackpoint>
          <Trackpoint>
            <Time>2026-02-14T14:00:30.000Z</Time>
            <Position>
              <LatitudeDegrees>37.3675295</LatitudeDegrees>
              <LongitudeDegrees>-121.8493518</LongitudeDegrees>
            </Position>
            <AltitudeMeters>26.9</AltitudeMeters>
            <DistanceMeters>4608.68</DistanceMeters>
            <HeartRateBpm><Value>137</Value></HeartRateBpm>
            <Cadence>164</Cadence>
          </Trackpoint>
          <Trackpoint>
            <Time>2026-02-14T14:00:35.000Z</Time>
            <Position>
              <LatitudeDegrees>37.3676096</LatitudeDegrees>
              <LongitudeDegrees>-121.8492509</LongitudeDegrees>
            </Position>
            <AltitudeMeters>26.9</AltitudeMeters>
            <DistanceMeters>4621.27</DistanceMeters>
            <HeartRateBpm><Value>137</Value></HeartRateBpm>
            <Cadence>164</Cadence>
          </Trackpoint>
          <Trackpoint>
            <Time>2026-02-14T14:00:40.000Z</Time>
            <Position>
              <LatitudeDegrees>37.3676898</LatitudeDegrees>
              <LongitudeDegrees>-121.8491499</LongitudeDegrees>
            </Position>
            <AltitudeMeters>26.8</AltitudeMeters>
            <DistanceMeters>4633.86</DistanceMeters>
            <HeartRateBpm><Value>137</Value></HeartRateBpm>
            <Cadence>164</Cadence>
          </Trackpoint>
          <Trackpoint>
            <Time>2026-02-14T14:00:45.000Z</Time>
            <Position>
              <LatitudeDegrees>37.3677699</LatitudeDegrees>
              <LongitudeDegrees>-121.8490490</LongitudeDegrees>
            </Position>
            <AltitudeMeters>26.8</AltitudeMeters>
            <DistanceMeters>4646.45</DistanceMeters>
            <HeartRateBpm><Value>137</Value></HeartRateBpm>
            <Cadence>164</Cadence>
          </Trackpoint>
          <Trackpoint>
            <Time>2026-02-14T14:00:50.000Z</Time>
            <Position>
              <LatitudeDegrees>37.3678500</LatitudeDegrees>
              <LongitudeDegrees>-121.8489480</LongitudeDegrees>
            </Position>
            <AltitudeMeters>26.8</AltitudeMeters>
            <DistanceMeters>4659.05</DistanceMeters>
            <HeartRateBpm><Value>137</Value></HeartRateBpm>
            <Cadence>164</Cadence>
          </Trackpoint>
          <Trackpoint>
            <Time>2026-02-14T14:00:55.000Z</Time>
            <Position>
              <LatitudeDegrees>37.3679302</LatitudeDegrees>
              <LongitudeDegrees>-121.8488471</LongitudeDegrees>
            </Position>
            <AltitudeMeters>26.7</AltitudeMeters>
            <DistanceMeters>4671.64</DistanceMeters>
            <HeartRateBpm><Value>137</Value></HeartRateBpm>
            <Cadence>164</Cadence>
          </Trackpoint>
          <Trackpoint>
            <Time>2026-02-14T14:01:00.000Z</Time>
            <Position>
              <LatitudeDegrees>37.3680103</LatitudeDegrees>
              <LongitudeDegrees>-121.8487461</LongitudeDegrees>
            </Position>
            <AltitudeMeters>26.7</AltitudeMeters>
            <DistanceMeters>4684.23</DistanceMeters>
            <HeartRateBpm><Value>137</Value></HeartRateBpm>
            <Cadence>164</Cadence>
          </Trackpoint>
          <Trackpoint>
            <Time>2026-02-14T14:01:05.000Z</Time>
            <Position>
              <LatitudeDegrees>37.3680904</LatitudeDegrees>
              <LongitudeDegrees>-121.8486452</LongitudeDegrees>
            </Position>
            <AltitudeMeters>26.6</AltitudeMeters>
            <DistanceMeters>4696.82</DistanceMeters>
            <HeartRateBpm><Value>137</Value></HeartRateBpm>
            <Cadence>164</Cadence>
          </Trackpoint>
          <Trackpoint>
            <Time>2026-02-14T14:01:10.000Z</Time>
            <Position>
              <LatitudeDegrees>37.3681706</LatitudeDegrees>
              <LongitudeDegrees>-121.8485442</LongitudeDegrees>
            </Position>
            <AltitudeMeters>26.6</AltitudeMeters>
            <DistanceMeters>4709.41</DistanceMeters>
            <HeartRateBpm><Value>137</Value></HeartRateBpm>
            <Cadence>164</Cadence>
          </Trackpoint>
          <Trackpoint>
            <Time>2026-02-14T14:01:15.000Z</Time>
            <Position>
              <LatitudeDegrees>37.3682507</LatitudeDegrees>
              <LongitudeDegrees>-121.8484433</LongitudeDegrees>
            </Position>
            <AltitudeMeters>26.5</AltitudeMeters>
            <DistanceMeters>4722.01</DistanceMeters>
            <HeartRateBpm><Value>137</Value></HeartRateBpm>
            <Cadence>164</Cadence>
          </Trackpoint>
          <Trackpoint>
            <Time>2026-02-14T14:01:20.000Z</Time>
            <Position>
              <LatitudeDegrees>37.3683308</LatitudeDegrees>
              <LongitudeDegrees>-121.8483423</LongitudeDegrees>
            </Position>
            <AltitudeMeters>26.5</AltitudeMeters>
            <DistanceMeters>4734.60</DistanceMeters>
            <HeartRateBpm><Value>137</Value></HeartRateBpm>
            <Cadence>164</Cadence>
          </Trackpoint>
          <Trackpoint>
            <Time>2026-02-14T14:01:25.000Z</Time>
            <Position>
              <LatitudeDegrees>37.3684110</LatitudeDegrees>
              <LongitudeDegrees>-121.8482414</LongitudeDegrees>
            </Position>
            <AltitudeMeters>26.4</AltitudeMeters>
            <DistanceMeters>4747.19</DistanceMeters>
            <HeartRateBpm><Value>137</Value></HeartRateBpm>
            <Cadence>164</Cadence>
          </Trackpoint>
          <Trackpoint>
            <Time>2026-02-14T14:01:30.000Z</Time>
            <Position>
              <LatitudeDegrees>37.3684911</LatitudeDegrees>
              <LongitudeDegrees>-121.8481404</LongitudeDegrees>
            </Position>
            <AltitudeMeters>26.4</AltitudeMeters>
            <DistanceMeters>4759.78</DistanceMeters>
            <HeartRateBpm><Value>137</Value></HeartRateBpm>
            <Cadence>164</Cadence>
          </Trackpoint>
          <Trackpoint>
            <Time>2026-02-14T14:01:35.000Z</Time>
            <Position>
              <LatitudeDegrees>37.3685712</LatitudeDegrees>
              <LongitudeDegrees>-121.8480395</LongitudeDegrees>
            </Position>
            <AltitudeMeters>26.3</AltitudeMeters>
            <DistanceMeters>4772.38</DistanceMeters>
            <HeartRateBpm><Value>137</Value></HeartRateBpm>
            <Cadence>164</Cadence>
          </Trackpoint>
          <Trackpoint>
            <Time>2026-02-14T14:01:40.000Z</Time>
            <Position>
              <LatitudeDegrees>37.3686514</LatitudeDegrees>
              <LongitudeDegrees>-121.8479385</LongitudeDegrees>
            </Position>
            <AltitudeMeters>26.3</AltitudeMeters>
            <DistanceMeters>4784.97</DistanceMeters>
            <HeartRateBpm><Value>137</Value></HeartRateBpm>
            <Cadence>164</Cadence>
          </Trackpoint>
          <Trackpoint>
            <Time>2026-02-14T14:01:45.000Z</Time>
            <Position>
              <LatitudeDegrees>37.3687315</LatitudeDegrees>
              <LongitudeDegrees>-121.8478376</LongitudeDegrees>
            </Position>
            <AltitudeMeters>26.2</AltitudeMeters>
            <DistanceMeters>4797.56</DistanceMeters>
            <HeartRateBpm><Value>137</Value></HeartRateBpm>
            <Cadence>164</Cadence>
          </Trackpoint>
          <Trackpoint>
            <Time>2026-02-14T14:01:50.000Z</Time>
            <Position>
              <LatitudeDegrees>37.3688116</LatitudeDegrees>
              <LongitudeDegrees>-121.8477366</LongitudeDegrees>
            </Position>
            <AltitudeMeters>26.1</AltitudeMeters>
            <DistanceMeters>4810.15</DistanceMeters>
            <HeartRateBpm><Value>137</Value></HeartRateBpm>
            <Cadence>164</Cadence>
          </Trackpoint>
          <Trackpoint>
            <Time>2026-02-14T14:01:55.000Z</Time>
            <Position>
              <LatitudeDegrees>37.3688918</LatitudeDegrees>
              <LongitudeDegrees>-121.8476357</LongitudeDegrees>
            </Position>
            <AltitudeMeters>26.1</AltitudeMeters>
            <DistanceMeters>4822.74</DistanceMeters>
            <HeartRateBpm><Value>137</Value></HeartRateBpm>
            <Cadence>164</Cadence>
          </Trackpoint>
          <Trackpoint>
            <Time>2026-02-14T14:02:00.000Z</Time>
            <Position>
              <LatitudeDegrees>37.3689719</LatitudeDegrees>
              <LongitudeDegrees>-121.8475347</LongitudeDegrees>
            </Position>
            <AltitudeMeters>26</AltitudeMeters>
            <DistanceMeters>4835.34</DistanceMeters>
            <HeartRateBpm><Value>137</Value></HeartRateBpm>
            <Cadence>164</Cadence>
          </Trackpoint>
          <Trackpoint>
            <Time>2026-02-14T14:02:05.000Z</Time>
            <Position>
              <LatitudeDegrees>37.3690521</LatitudeDegrees>
              <LongitudeDegrees>-121.8474338</LongitudeDegrees>
            </Position>
            <AltitudeMeters>25.9</AltitudeMeters>
            <DistanceMeters>4847.93</DistanceMeters>
            <HeartRateBpm><Value>137</Value></HeartRateBpm>
            <Cadence>164</Cadence>
          </Trackpoint>
          <Trackpoint>
            <Time>2026-02-14T14:02:10.000Z</Time>
            <Position>
              <LatitudeDegrees>37.3691322</LatitudeDegrees>
              <LongitudeDegrees>-121.8473328</LongitudeDegrees>
            </Position>
            <AltitudeMeters>25.8</AltitudeMeters>
            <DistanceMeters>4860.52</DistanceMeters>
            <HeartRateBpm><Value>137</Value></HeartRateBpm>
            <Cadence>164</Cadence>
          </Trackpoint>
          <Trackpoint>
            <Time>2026-02-14T14:02:15.000Z</Time>
            <Position>
              <LatitudeDegrees>37.3692123</LatitudeDegrees>
              <LongitudeDegrees>-121.8472319</LongitudeDegrees>
            </Position>
            <AltitudeMeters>25.8</AltitudeMeters>
            <DistanceMeters>4873.11</DistanceMeters>
            <HeartRateBpm><Value>137</Value></HeartRateBpm>
            <Cadence>164</Cadence>
          </Trackpoint>
          <Trackpoint>
            <Time>2026-02-14T14:02:20.000Z</Time>
            <Position>
              <LatitudeDegrees>37.3692925</LatitudeDegrees>
              <LongitudeDegrees>-121.8471309</LongitudeDegrees>
            </Position>
            <AltitudeMeters>25.7</AltitudeMeters>
            <DistanceMeters>4885.70</DistanceMeters>
            <HeartRateBpm><Value>137</Value></HeartRateBpm>
            <Cadence>164</Cadence>
          </Trackpoint>
          <Trackpoint>
            <Time>2026-02-14T14:02:25.000Z</Time>
            <Position>
              <LatitudeDegrees>37.3693726</LatitudeDegrees>
              <LongitudeDegrees>-121.8470300</LongitudeDegrees>
            </Position>
            <AltitudeMeters>25.6</AltitudeMeters>
            <DistanceMeters>4898.30</DistanceMeters>
            <HeartRateBpm><Value>137</Value></HeartRateBpm>
            <Cadence>164</Cadence>
          </Trackpoint>
          <Trackpoint>
            <Time>2026-02-14T14:02:30.000Z</Time>
            <Position>
              <LatitudeDegrees>37.3694527</LatitudeDegrees>
              <LongitudeDegrees>-121.8469290</LongitudeDegrees>
            </Position>
            <AltitudeMeters>25.6</AltitudeMeters>
            <DistanceMeters>4910.89</DistanceMeters>
            <HeartRateBpm><Value>137</Value></HeartRateBpm>
            <Cadence>164</Cadence>
          </Trackpoint>
          <Trackpoint>
            <Time>2026-02-14T14:02:35.000Z</Time>
            <Position>
              <LatitudeDegrees>37.3695329</LatitudeDegrees>
              <LongitudeDegrees>-121.8468281</LongitudeDegrees>
            </Position>
            <AltitudeMeters>25.5</AltitudeMeters>
            <DistanceMeters>4923.48</DistanceMeters>
            <HeartRateBpm><Value>137</Value></HeartRateBpm>
            <Cadence>164</Cadence>
          </Trackpoint>
          <Trackpoint>
            <Time>2026-02-14T14:02:40.000Z</Time>
            <Position>
              <LatitudeDegrees>37.3696130</LatitudeDegrees>
              <LongitudeDegrees>-121.8467271</LongitudeDegrees>
            </Position>
            <AltitudeMeters>25.4</AltitudeMeters>
            <DistanceMeters>4936.07</DistanceMeters>
            <HeartRateBpm><Value>137</Value></HeartRateBpm>
            <Cadence>164</Cadence>
          </Trackpoint>
          <Trackpoint>
            <Time>2026-02-14T14:02:45.000Z</Time>
            <Position>
              <LatitudeDegrees>37.3696931</LatitudeDegrees>
              <LongitudeDegrees>-121.8466262</LongitudeDegrees>
            </Position>
            <AltitudeMeters>25.3</AltitudeMeters>
            <DistanceMeters>4948.66</DistanceMeters>
            <HeartRateBpm><Value>137</Value></HeartRateBpm>
            <Cadence>164</Cadence>
          </Trackpoint>
          <Trackpoint>
            <Time>2026-02-14T14:02:50.000Z</Time>
            <Position>
              <LatitudeDegrees>37.3697733</LatitudeDegrees>
              <LongitudeDegrees>-121.8465252</LongitudeDegrees>
            </Position>
            <AltitudeMeters>25.2</AltitudeMeters>
            <DistanceMeters>4961.26</DistanceMeters>
            <HeartRateBpm><Value>137</Value></HeartRateBpm>
            <Cadence>164</Cadence>
          </Trackpoint>
          <Trackpoint>
            <Time>2026-02-14T14:02:55.000Z</Time>
            <Position>
              <LatitudeDegrees>37.3698534</LatitudeDegrees>
              <LongitudeDegrees>-121.8464242</LongitudeDegrees>
            </Position>
            <AltitudeMeters>25.2</AltitudeMeters>
            <DistanceMeters>4973.85</DistanceMeters>
            <HeartRateBpm><Value>137</Value></HeartRateBpm>
            <Cadence>164</Cadence>
          </Trackpoint>
          <Trackpoint>
            <Time>2026-02-14T14:03:00.000Z</Time>
            <Position>
              <LatitudeDegrees>37.3699335</LatitudeDegrees>
              <LongitudeDegrees>-121.8463233</LongitudeDegrees>
            </Position>
            <AltitudeMeters>25.1</AltitudeMeters>
            <DistanceMeters>4986.44</DistanceMeters>
            <HeartRateBpm><Value>137</Value></HeartRateBpm>
            <Cadence>164</Cadence>
          </Trackpoint>
          <Trackpoint>
            <Time>2026-02-14T14:03:05.000Z</Time>
            <Position>
              <LatitudeDegrees>37.3700137</LatitudeDegrees>
              <LongitudeDegrees>-121.8462223</LongitudeDegrees>
            </Position>
            <AltitudeMeters>25</AltitudeMeters>
            <DistanceMeters>4999.03</DistanceMeters>
            <HeartRateBpm><Value>137</Value></HeartRateBpm>
            <Cadence>164</Cadence>
          </Trackpoint>
          <Trackpoint>
            <Time>2026-02-14T14:03:10.000Z</Time>
            <Position>
              <LatitudeDegrees>37.3700938</LatitudeDegrees>
              <LongitudeDegrees>-121.8461214</LongitudeDegrees>
            </Position>
            <AltitudeMeters>24.9</AltitudeMeters>
            <DistanceMeters>5011.62</DistanceMeters>
            <HeartRateBpm><Value>137</Value></HeartRateBpm>
            <Cadence>164</Cadence>
          </Trackpoint>
          <Trackpoint>
            <Time>2026-02-14T14:03:15.000Z</Time>
            <Position>
              <LatitudeDegrees>37.3701739</LatitudeDegrees>
              <LongitudeDegrees>-121.8460204</LongitudeDegrees>
            </Position>
            <AltitudeMeters>24.8</AltitudeMeters>
            <DistanceMeters>5024.22</DistanceMeters>
            <HeartRateBpm><Value>137</Value></HeartRateBpm>
            <Cadence>164</Cadence>
          </Trackpoint>
          <Trackpoint>
            <Time>2026-02-14T14:03:20.000Z</Time>
            <Position>
              <LatitudeDegrees>37.3702541</LatitudeDegrees>
              <LongitudeDegrees>-121.8459195</LongitudeDegrees>
            </Position>
            <AltitudeMeters>24.8</AltitudeMeters>
            <DistanceMeters>5036.81</DistanceMeters>
            <HeartRateBpm><Value>137</Value></HeartRateBpm>
            <Cadence>164</Cadence>
          </Trackpoint>
          <Trackpoint>
            <Time>2026-02-14T14:03:25.000Z</Time>
            <Position>
              <LatitudeDegrees>37.3703342</LatitudeDegrees>
              <LongitudeDegrees>-121.8458185</LongitudeDegrees>
            </Position>
            <AltitudeMeters>24.7</AltitudeMeters>
            <DistanceMeters>5049.40</DistanceMeters>
            <HeartRateBpm><Value>137</Value></HeartRateBpm>
            <Cadence>164</Cadence>
          </Trackpoint>
          <Trackpoint>
            <Time>2026-02-14T14:03:30.000Z</Time>
            <Position>
              <LatitudeDegrees>37.3704143</LatitudeDegrees>
              <LongitudeDegrees>-121.8457176</LongitudeDegrees>
            </Position>
            <AltitudeMeters>24.6</AltitudeMeters>
            <DistanceMeters>5061.99</DistanceMeters>
            <HeartRateBpm><Value>137</Value></HeartRateBpm>
            <Cadence>164</Cadence>
          </Trackpoint>
          <Trackpoint>
            <Time>2026-02-14T14:03:35.000Z</Time>
            <Position>
              <LatitudeDegrees>37.3704945</LatitudeDegrees>
              <LongitudeDegrees>-121.8456166</LongitudeDegrees>
            </Position>
            <AltitudeMeters>24.5</AltitudeMeters>
            <DistanceMeters>5074.58</DistanceMeters>
            <HeartRateBpm><Value>137</Value></HeartRateBpm>
            <Cadence>164</Cadence>
          </Trackpoint>
          <Trackpoint>
            <Time>2026-02-14T14:03:40.000Z</Time>
            <Position>
              <LatitudeDegrees>37.3705746</LatitudeDegrees>
              <LongitudeDegrees>-121.8455157</LongitudeDegrees>
            </Position>
            <AltitudeMeters>24.5</AltitudeMeters>
            <DistanceMeters>5087.18</DistanceMeters>
            <HeartRateBpm><Value>137</Value></HeartRateBpm>
            <Cadence>164</Cadence>
          </Trackpoint>
          <Trackpoint>
            <Time>2026-02-14T14:03:45.000Z</Time>
            <Position>
              <LatitudeDegrees>37.3706548</LatitudeDegrees>
              <LongitudeDegrees>-121.8454147</LongitudeDegrees>
            </Position>
            <AltitudeMeters>24.4</AltitudeMeters>
            <DistanceMeters>5099.77</DistanceMeters>
            <HeartRateBpm><Value>137</Value></HeartRateBpm>
            <Cadence>164</Cadence>
          </Trackpoint>
          <Trackpoint>
            <Time>2026-02-14T14:03:50.000Z</Time>
            <Position>
              <LatitudeDegrees>37.3707349</LatitudeDegrees>
              <LongitudeDegrees>-121.8453138</LongitudeDegrees>
            </Position>
            <AltitudeMeters>24.3</AltitudeMeters>
            <DistanceMeters>5112.36</DistanceMeters>
            <HeartRateBpm><Value>137</Value></HeartRateBpm>
            <Cadence>164</Cadence>
          </Trackpoint>
          <Trackpoint>
            <Time>2026-02-14T14:03:55.000Z</Time>
            <Position>
              <LatitudeDegrees>37.3708150</LatitudeDegrees>
              <LongitudeDegrees>-121.8452128</LongitudeDegrees>
            </Position>
            <AltitudeMeters>24.2</AltitudeMeters>
            <DistanceMeters>5124.95</DistanceMeters>
            <HeartRateBpm><Value>137</Value></HeartRateBpm>
            <Cadence>164</Cadence>
          </Trackpoint>
          <Trackpoint>
            <Time>2026-02-14T14:04:00.000Z</Time>
            <Position>
              <LatitudeDegrees>37.3708952</LatitudeDegrees>
              <LongitudeDegrees>-121.8451119</LongitudeDegrees>
            </Position>
            <AltitudeMeters>24.2</AltitudeMeters>
            <DistanceMeters>5137.54</DistanceMeters>
            <HeartRateBpm><Value>137</Value></HeartRateBpm>
            <Cadence>164</Cadence>
          </Trackpoint>
          <Trackpoint>
            <Time>2026-02-14T14:04:05.000Z</Time>
            <Position>
              <LatitudeDegrees>37.3709753</LatitudeDegrees>
              <LongitudeDegrees>-121.8450109</LongitudeDegrees>
            </Position>
            <AltitudeMeters>24.1</AltitudeMeters>
            <DistanceMeters>5150.14</DistanceMeters>
            <HeartRateBpm><Value>137</Value></HeartRateBpm>
            <Cadence>164</Cadence>
          </Trackpoint>
          <Trackpoint>
            <Time>2026-02-14T14:04:10.000Z</Time>
            <Position>
              <LatitudeDegrees>37.3710554</LatitudeDegrees>
              <LongitudeDegrees>-121.8449100</LongitudeDegrees>
            </Position>
            <AltitudeMeters>24</AltitudeMeters>
            <DistanceMeters>5162.73</DistanceMeters>
            <HeartRateBpm><Value>137</Value></HeartRateBpm>
            <Cadence>164</Cadence>
          </Trackpoint>
          <Trackpoint>
            <Time>2026-02-14T14:04:15.000Z</Time>
            <Position>
              <LatitudeDegrees>37.3711356</LatitudeDegrees>
              <LongitudeDegrees>-121.8448090</LongitudeDegrees>
            </Position>
            <AltitudeMeters>24</AltitudeMeters>
            <DistanceMeters>5175.32</DistanceMeters>
            <HeartRateBpm><Value>137</Value></HeartRateBpm>
            <Cadence>164</Cadence>
          </Trackpoint>
          <Trackpoint>
            <Time>2026-02-14T14:04:20.000Z</Time>
            <Position>
              <LatitudeDegrees>37.3712157</LatitudeDegrees>
              <LongitudeDegrees>-121.8447081</LongitudeDegrees>
            </Position>
            <AltitudeMeters>23.9</AltitudeMeters>
            <DistanceMeters>5187.91</DistanceMeters>
            <HeartRateBpm><Value>137</Value></HeartRateBpm>
            <Cadence>164</Cadence>
          </Trackpoint>
          <Trackpoint>
            <Time>2026-02-14T14:04:25.000Z</Time>
            <Position>
              <LatitudeDegrees>37.3712958</LatitudeDegrees>
              <LongitudeDegrees>-121.8446071</LongitudeDegrees>
            </Position>
            <AltitudeMeters>23.8</AltitudeMeters>
            <DistanceMeters>5200.50</DistanceMeters>
            <HeartRateBpm><Value>137</Value></HeartRateBpm>
            <Cadence>164</Cadence>
          </Trackpoint>
          <Trackpoint>
            <Time>2026-02-14T14:04:30.000Z</Time>
            <Position>
              <LatitudeDegrees>37.3713760</LatitudeDegrees>
              <LongitudeDegrees>-121.8445062</LongitudeDegrees>
            </Position>
            <AltitudeMeters>23.8</AltitudeMeters>
            <DistanceMeters>5213.10</DistanceMeters>
            <HeartRateBpm><Value>137</Value></HeartRateBpm>
            <Cadence>164</Cadence>
          </Trackpoint>
          <Trackpoint>
            <Time>2026-02-14T14:04:35.000Z</Time>
            <Position>
              <LatitudeDegrees>37.3714561</LatitudeDegrees>
              <LongitudeDegrees>-121.8444052</LongitudeDegrees>
            </Position>
            <AltitudeMeters>23.7</AltitudeMeters>
            <DistanceMeters>5225.69</DistanceMeters>
            <HeartRateBpm><Value>137</Value></HeartRateBpm>
            <Cadence>164</Cadence>
          </Trackpoint>
          <Trackpoint>
            <Time>2026-02-14T14:04:40.000Z</Time>
            <Position>
              <LatitudeDegrees>37.3715362</LatitudeDegrees>
              <LongitudeDegrees>-121.8443043</LongitudeDegrees>
            </Position>
            <AltitudeMeters>23.6</AltitudeMeters>
            <DistanceMeters>5238.28</DistanceMeters>
            <HeartRateBpm><Value>137</Value></HeartRateBpm>
            <Cadence>164</Cadence>
          </Trackpoint>
          <Trackpoint>
            <Time>2026-02-14T14:04:45.000Z</Time>
            <Position>
              <LatitudeDegrees>37.3716164</LatitudeDegrees>
              <LongitudeDegrees>-121.8442033</LongitudeDegrees>
            </Position>
            <AltitudeMeters>23.6</AltitudeMeters>
            <DistanceMeters>5250.87</DistanceMeters>
            <HeartRateBpm><Value>137</Value></HeartRateBpm>
            <Cadence>164</Cadence>
          </Trackpoint>
          <Trackpoint>
            <Time>2026-02-14T14:04:50.000Z</Time>
            <Position>
              <LatitudeDegrees>37.3716965</LatitudeDegrees>
              <LongitudeDegrees>-121.8441024</LongitudeDegrees>
            </Position>
            <AltitudeMeters>23.5</AltitudeMeters>
            <DistanceMeters>5263.46</DistanceMeters>
            <HeartRateBpm><Value>137</Value></HeartRateBpm>
            <Cadence>164</Cadence>
          </Trackpoint>
          <Trackpoint>
            <Time>2026-02-14T14:04:55.000Z</Time>
            <Position>
              <LatitudeDegrees>37.3717766</LatitudeDegrees>
              <LongitudeDegrees>-121.8440014</LongitudeDegrees>
            </Position>
            <AltitudeMeters>23.5</AltitudeMeters>
            <DistanceMeters>5276.06</DistanceMeters>
            <HeartRateBpm><Value>137</Value></HeartRateBpm>
            <Cadence>164</Cadence>
          </Trackpoint>
          <Trackpoint>
            <Time>2026-02-14T14:05:00.000Z</Time>
            <Position>
              <LatitudeDegrees>37.3718568</LatitudeDegrees>
              <LongitudeDegrees>-121.8439005</LongitudeDegrees>
            </Position>
            <AltitudeMeters>23.4</AltitudeMeters>
            <DistanceMeters>5288.65</DistanceMeters>
            <HeartRateBpm><Value>137</Value></HeartRateBpm>
            <Cadence>164</Cadence>
          </Trackpoint>
          <Trackpoint>
            <Time>2026-02-14T14:05:05.000Z</Time>
            <Position>
              <LatitudeDegrees>37.3719369</LatitudeDegrees>
              <LongitudeDegrees>-121.8437995</LongitudeDegrees>
            </Position>
            <AltitudeMeters>23.4</AltitudeMeters>
            <DistanceMeters>5301.24</DistanceMeters>
            <HeartRateBpm><Value>137</Value></HeartRateBpm>
            <Cadence>164</Cadence>
          </Trackpoint>
          <Trackpoint>
            <Time>2026-02-14T14:05:10.000Z</Time>
            <Position>
              <LatitudeDegrees>37.3720171</LatitudeDegrees>
              <LongitudeDegrees>-121.8436986</LongitudeDegrees>
            </Position>
            <AltitudeMeters>23.3</AltitudeMeters>
            <DistanceMeters>5313.83</DistanceMeters>
            <HeartRateBpm><Value>137</Value></HeartRateBpm>
            <Cadence>164</Cadence>
          </Trackpoint>
          <Trackpoint>
            <Time>2026-02-14T14:05:15.000Z</Time>
            <Position>
              <LatitudeDegrees>37.3720972</LatitudeDegrees>
              <LongitudeDegrees>-121.8435976</LongitudeDegrees>
            </Position>
            <AltitudeMeters>23.3</AltitudeMeters>
            <DistanceMeters>5326.42</DistanceMeters>
            <HeartRateBpm><Value>137</Value></HeartRateBpm>
            <Cadence>164</Cadence>
          </Trackpoint>
          <Trackpoint>
            <Time>2026-02-14T14:05:20.000Z</Time>
            <Position>
              <LatitudeDegrees>37.3721773</LatitudeDegrees>
              <LongitudeDegrees>-121.8434967</LongitudeDegrees>
            </Position>
            <AltitudeMeters>23.3</AltitudeMeters>
            <DistanceMeters>5339.02</DistanceMeters>
            <HeartRateBpm><Value>137</Value></HeartRateBpm>
            <Cadence>164</Cadence>
          </Trackpoint>
          <Trackpoint>
            <Time>2026-02-14T14:05:25.000Z</Time>
            <Position>
              <LatitudeDegrees>37.3722575</LatitudeDegrees>
              <LongitudeDegrees>-121.8433957</LongitudeDegrees>
            </Position>
            <AltitudeMeters>23.2</AltitudeMeters>
            <DistanceMeters>5351.61</DistanceMeters>
            <HeartRateBpm><Value>137</Value></HeartRateBpm>
            <Cadence>164</Cadence>
          </Trackpoint>
          <Trackpoint>
            <Time>2026-02-14T14:05:30.000Z</Time>
            <Position>
              <LatitudeDegrees>37.3723376</LatitudeDegrees>
              <LongitudeDegrees>-121.8432948</LongitudeDegrees>
            </Position>
            <AltitudeMeters>23.2</AltitudeMeters>
            <DistanceMeters>5364.20</DistanceMeters>
            <HeartRateBpm><Value>137</Value></HeartRateBpm>
            <Cadence>164</Cadence>
          </Trackpoint>
          <Trackpoint>
            <Time>2026-02-14T14:05:35.000Z</Time>
            <Position>
              <LatitudeDegrees>37.3724177</LatitudeDegrees>
              <LongitudeDegrees>-121.8431938</LongitudeDegrees>
            </Position>
            <AltitudeMeters>23.1</AltitudeMeters>
            <DistanceMeters>5376.79</DistanceMeters>
            <HeartRateBpm><Value>137</Value></HeartRateBpm>
            <Cadence>164</Cadence>
          </Trackpoint>
          <Trackpoint>
            <Time>2026-02-14T14:05:40.000Z</Time>
            <Position>
              <LatitudeDegrees>37.3724979</LatitudeDegrees>
              <LongitudeDegrees>-121.8430929</LongitudeDegrees>
            </Position>
            <AltitudeMeters>23.1</AltitudeMeters>
            <DistanceMeters>5389.38</DistanceMeters>
            <HeartRateBpm><Value>137</Value></HeartRateBpm>
            <Cadence>164</Cadence>
          </Trackpoint>
          <Trackpoint>
            <Time>2026-02-14T14:05:45.000Z</Time>
            <Position>
              <LatitudeDegrees>37.3725780</LatitudeDegrees>
              <LongitudeDegrees>-121.8429919</LongitudeDegrees>
            </Position>
            <AltitudeMeters>23.1</AltitudeMeters>
            <DistanceMeters>5401.98</DistanceMeters>
            <HeartRateBpm><Value>137</Value></HeartRateBpm>
            <Cadence>164</Cadence>
          </Trackpoint>
          <Trackpoint>
            <Time>2026-02-14T14:05:50.000Z</Time>
            <Position>
              <LatitudeDegrees>37.3726581</LatitudeDegrees>
              <LongitudeDegrees>-121.8428910</LongitudeDegrees>
            </Position>
            <AltitudeMeters>23.1</AltitudeMeters>
            <DistanceMeters>5414.57</DistanceMeters>
            <HeartRateBpm><Value>137</Value></HeartRateBpm>
            <Cadence>164</Cadence>
          </Trackpoint>
          <Trackpoint>
            <Time>2026-02-14T14:05:55.000Z</Time>
            <Position>
              <LatitudeDegrees>37.3727383</LatitudeDegrees>
              <LongitudeDegrees>-121.8427900</LongitudeDegrees>
            </Position>
            <AltitudeMeters>23.1</AltitudeMeters>
            <DistanceMeters>5427.16</DistanceMeters>
            <HeartRateBpm><Value>137</Value></HeartRateBpm>
            <Cadence>164</Cadence>
          </Trackpoint>
          <Trackpoint>
            <Time>2026-02-14T14:06:00.000Z</Time>
            <Position>
              <LatitudeDegrees>37.3728184</LatitudeDegrees>
              <LongitudeDegrees>-121.8426891</LongitudeDegrees>
            </Position>
            <AltitudeMeters>23</AltitudeMeters>
            <DistanceMeters>5439.75</DistanceMeters>
            <HeartRateBpm><Value>137</Value></HeartRateBpm>
            <Cadence>164</Cadence>
          </Trackpoint>
          <Trackpoint>
            <Time>2026-02-14T14:06:05.000Z</Time>
            <Position>
              <LatitudeDegrees>37.3728985</LatitudeDegrees>
              <LongitudeDegrees>-121.8425881</LongitudeDegrees>
            </Position>
            <AltitudeMeters>23</AltitudeMeters>
            <DistanceMeters>5452.34</DistanceMeters>
            <HeartRateBpm><Value>137</Value></HeartRateBpm>
            <Cadence>164</Cadence>
          </Trackpoint>
          <Trackpoint>
            <Time>2026-02-14T14:06:10.000Z</Time>
            <Position>
              <LatitudeDegrees>37.3729787</LatitudeDegrees>
              <LongitudeDegrees>-121.8424872</LongitudeDegrees>
            </Position>
            <AltitudeMeters>23</AltitudeMeters>
            <DistanceMeters>5464.94</DistanceMeters>
            <HeartRateBpm><Value>137</Value></HeartRateBpm>
            <Cadence>164</Cadence>
          </Trackpoint>
          <Trackpoint>
            <Time>2026-02-14T14:06:15.000Z</Time>
            <Position>
              <LatitudeDegrees>37.3730588</LatitudeDegrees>
              <LongitudeDegrees>-121.8423862</LongitudeDegrees>
            </Position>
            <AltitudeMeters>23</AltitudeMeters>
            <DistanceMeters>5477.53</DistanceMeters>
            <HeartRateBpm><Value>137</Value></HeartRateBpm>
            <Cadence>164</Cadence>
          </Trackpoint>
          <Trackpoint>
            <Time>2026-02-14T14:06:20.000Z</Time>
            <Position>
              <LatitudeDegrees>37.3731389</LatitudeDegrees>
              <LongitudeDegrees>-121.8422852</LongitudeDegrees>
            </Position>
            <AltitudeMeters>23</AltitudeMeters>
            <DistanceMeters>5490.12</DistanceMeters>
            <HeartRateBpm><Value>137</Value></HeartRateBpm>
            <Cadence>164</Cadence>
          </Trackpoint>
          <Trackpoint>
            <Time>2026-02-14T14:06:25.000Z</Time>
            <Position>
              <LatitudeDegrees>37.3732191</LatitudeDegrees>
              <LongitudeDegrees>-121.8421843</LongitudeDegrees>
            </Position>
            <AltitudeMeters>23</AltitudeMeters>
            <DistanceMeters>5502.71</DistanceMeters>
            <HeartRateBpm><Value>137</Value></HeartRateBpm>
            <Cadence>164</Cadence>
          </Trackpoint>
          <Trackpoint>
            <Time>2026-02-14T14:06:30.000Z</Time>
            <Position>
              <LatitudeDegrees>37.3732992</LatitudeDegrees>
              <LongitudeDegrees>-121.8420833</LongitudeDegrees>
            </Position>
            <AltitudeMeters>23</AltitudeMeters>
            <DistanceMeters>5515.30</DistanceMeters>
            <HeartRateBpm><Value>137</Value></HeartRateBpm>
            <Cadence>164</Cadence>
          </Trackpoint>
          <Trackpoint>
            <Time>2026-02-14T14:06:35.000Z</Time>
            <Position>
              <LatitudeDegrees>37.3733794</LatitudeDegrees>
              <LongitudeDegrees>-121.8419824</LongitudeDegrees>
            </Position>
            <AltitudeMeters>23</AltitudeMeters>
            <DistanceMeters>5527.90</DistanceMeters>
            <HeartRateBpm><Value>137</Value></HeartRateBpm>
            <Cadence>164</Cadence>
          </Trackpoint>
          <Trackpoint>
            <Time>2026-02-14T14:06:40.000Z</Time>
            <Position>
              <LatitudeDegrees>37.3734595</LatitudeDegrees>
              <LongitudeDegrees>-121.8418814</LongitudeDegrees>
            </Position>
            <AltitudeMeters>23</AltitudeMeters>
            <DistanceMeters>5540.49</DistanceMeters>
            <HeartRateBpm><Value>137</Value></HeartRateBpm>
            <Cadence>164</Cadence>
          </Trackpoint>
          <Trackpoint>
            <Time>2026-02-14T14:06:45.000Z</Time>
            <Position>
              <LatitudeDegrees>37.3735396</LatitudeDegrees>
              <LongitudeDegrees>-121.8417805</LongitudeDegrees>
            </Position>
            <AltitudeMeters>23</AltitudeMeters>
            <DistanceMeters>5553.08</DistanceMeters>
            <HeartRateBpm><Value>137</Value></HeartRateBpm>
            <Cadence>164</Cadence>
          </Trackpoint>
          <Trackpoint>
            <Time>2026-02-14T14:06:50.000Z</Time>
            <Position>
              <LatitudeDegrees>37.3736198</LatitudeDegrees>
              <LongitudeDegrees>-121.8416795</LongitudeDegrees>
            </Position>
            <AltitudeMeters>23</AltitudeMeters>
            <DistanceMeters>5565.67</DistanceMeters>
            <HeartRateBpm><Value>137</Value></HeartRateBpm>
            <Cadence>164</Cadence>
          </Trackpoint>
          <Trackpoint>
            <Time>2026-02-14T14:06:55.000Z</Time>
            <Position>
              <LatitudeDegrees>37.3736999</LatitudeDegrees>
              <LongitudeDegrees>-121.8415786</LongitudeDegrees>
            </Position>
            <AltitudeMeters>23.1</AltitudeMeters>
            <DistanceMeters>5578.26</DistanceMeters>
            <HeartRateBpm><Value>137</Value></HeartRateBpm>
            <Cadence>164</Cadence>
          </Trackpoint>
          <Trackpoint>
            <Time>2026-02-14T14:07:00.000Z</Time>
            <Position>
              <LatitudeDegrees>37.3737800</LatitudeDegrees>
              <LongitudeDegrees>-121.8414776</LongitudeDegrees>
            </Position>
            <AltitudeMeters>23.1</AltitudeMeters>
            <DistanceMeters>5590.86</DistanceMeters>
            <HeartRateBpm><Value>137</Value></HeartRateBpm>
            <Cadence>164</Cadence>
          </Trackpoint>
          <Trackpoint>
            <Time>2026-02-14T14:07:05.000Z</Time>
            <Position>
              <LatitudeDegrees>37.3738602</LatitudeDegrees>
              <LongitudeDegrees>-121.8413767</LongitudeDegrees>
            </Position>
            <AltitudeMeters>23.1</AltitudeMeters>
            <DistanceMeters>5603.45</DistanceMeters>
            <HeartRateBpm><Value>137</Value></HeartRateBpm>
            <Cadence>164</Cadence>
          </Trackpoint>
          <Trackpoint>
            <Time>2026-02-14T14:07:10.000Z</Time>
            <Position>
              <LatitudeDegrees>37.3739403</LatitudeDegrees>
              <LongitudeDegrees>-121.8412757</LongitudeDegrees>
            </Position>
            <AltitudeMeters>23.1</AltitudeMeters>
            <DistanceMeters>5616.04</DistanceMeters>
            <HeartRateBpm><Value>137</Value></HeartRateBpm>
            <Cadence>164</Cadence>
          </Trackpoint>
          <Trackpoint>
            <Time>2026-02-14T14:07:15.000Z</Time>
            <Position>
              <LatitudeDegrees>37.3740204</LatitudeDegrees>
              <LongitudeDegrees>-121.8411748</LongitudeDegrees>
            </Position>
            <AltitudeMeters>23.2</AltitudeMeters>
            <DistanceMeters>5628.63</DistanceMeters>
            <HeartRateBpm><Value>137</Value></HeartRateBpm>
            <Cadence>164</Cadence>
          </Trackpoint>
          <Trackpoint>
            <Time>2026-02-14T14:07:20.000Z</Time>
            <Position>
              <LatitudeDegrees>37.3741006</LatitudeDegrees>
              <LongitudeDegrees>-121.8410738</LongitudeDegrees>
            </Position>
            <AltitudeMeters>23.2</AltitudeMeters>
            <DistanceMeters>5641.22</DistanceMeters>
            <HeartRateBpm><Value>137</Value></HeartRateBpm>
            <Cadence>164</Cadence>
          </Trackpoint>
          <Trackpoint>
            <Time>2026-02-14T14:07:25.000Z</Time>
            <Position>
              <LatitudeDegrees>37.3741807</LatitudeDegrees>
              <LongitudeDegrees>-121.8409729</LongitudeDegrees>
            </Position>
            <AltitudeMeters>23.2</AltitudeMeters>
            <DistanceMeters>5653.82</DistanceMeters>
            <HeartRateBpm><Value>137</Value></HeartRateBpm>
            <Cadence>164</Cadence>
          </Trackpoint>
          <Trackpoint>
            <Time>2026-02-14T14:07:30.000Z</Time>
            <Position>
              <LatitudeDegrees>37.3742608</LatitudeDegrees>
              <LongitudeDegrees>-121.8408719</LongitudeDegrees>
            </Position>
            <AltitudeMeters>23.3</AltitudeMeters>
            <DistanceMeters>5666.41</DistanceMeters>
            <HeartRateBpm><Value>137</Value></HeartRateBpm>
            <Cadence>164</Cadence>
          </Trackpoint>
          <Trackpoint>
            <Time>2026-02-14T14:07:35.000Z</Time>
            <Position>
              <LatitudeDegrees>37.3743410</LatitudeDegrees>
              <LongitudeDegrees>-121.8407710</LongitudeDegrees>
            </Position>
            <AltitudeMeters>23.3</AltitudeMeters>
            <DistanceMeters>5679.00</DistanceMeters>
            <HeartRateBpm><Value>137</Value></HeartRateBpm>
            <Cadence>164</Cadence>
          </Trackpoint>
          <Trackpoint>
            <Time>2026-02-14T14:07:40.000Z</Time>
            <Position>
              <LatitudeDegrees>37.3744211</LatitudeDegrees>
              <LongitudeDegrees>-121.8406700</LongitudeDegrees>
            </Position>
            <AltitudeMeters>23.4</AltitudeMeters>
            <DistanceMeters>5691.59</DistanceMeters>
            <HeartRateBpm><Value>137</Value></HeartRateBpm>
            <Cadence>164</Cadence>
          </Trackpoint>
          <Trackpoint>
            <Time>2026-02-14T14:07:45.000Z</Time>
            <Position>
              <LatitudeDegrees>37.3745012</LatitudeDegrees>
              <LongitudeDegrees>-121.8405691</LongitudeDegrees>
            </Position>
            <AltitudeMeters>23.4</AltitudeMeters>
            <DistanceMeters>5704.18</DistanceMeters>
            <HeartRateBpm><Value>137</Value></HeartRateBpm>
            <Cadence>164</Cadence>
          </Trackpoint>
          <Trackpoint>
            <Time>2026-02-14T14:07:50.000Z</Time>
            <Position>
              <LatitudeDegrees>37.3745814</LatitudeDegrees>
              <LongitudeDegrees>-121.8404681</LongitudeDegrees>
            </Position>
            <AltitudeMeters>23.4</AltitudeMeters>
            <DistanceMeters>5716.78</DistanceMeters>
            <HeartRateBpm><Value>137</Value></HeartRateBpm>
            <Cadence>164</Cadence>
          </Trackpoint>
          <Trackpoint>
            <Time>2026-02-14T14:07:55.000Z</Time>
            <Position>
              <LatitudeDegrees>37.3746615</LatitudeDegrees>
              <LongitudeDegrees>-121.8403672</LongitudeDegrees>
            </Position>
            <AltitudeMeters>23.5</AltitudeMeters>
            <DistanceMeters>5729.37</DistanceMeters>
            <HeartRateBpm><Value>137</Value></HeartRateBpm>
            <Cadence>164</Cadence>
          </Trackpoint>
          <Trackpoint>
            <Time>2026-02-14T14:08:00.000Z</Time>
            <Position>
              <LatitudeDegrees>37.3747416</LatitudeDegrees>
              <LongitudeDegrees>-121.8402662</LongitudeDegrees>
            </Position>
            <AltitudeMeters>23.6</AltitudeMeters>
            <DistanceMeters>5741.96</DistanceMeters>
            <HeartRateBpm><Value>137</Value></HeartRateBpm>
            <Cadence>164</Cadence>
          </Trackpoint>
          <Trackpoint>
            <Time>2026-02-14T14:08:05.000Z</Time>
            <Position>
              <LatitudeDegrees>37.3748218</LatitudeDegrees>
              <LongitudeDegrees>-121.8401653</LongitudeDegrees>
            </Position>
            <AltitudeMeters>23.6</AltitudeMeters>
            <DistanceMeters>5754.55</DistanceMeters>
            <HeartRateBpm><Value>137</Value></HeartRateBpm>
            <Cadence>164</Cadence>
          </Trackpoint>
          <Trackpoint>
            <Time>2026-02-14T14:08:10.000Z</Time>
            <Position>
              <LatitudeDegrees>37.3749019</LatitudeDegrees>
              <LongitudeDegrees>-121.8400643</LongitudeDegrees>
            </Position>
            <AltitudeMeters>23.7</AltitudeMeters>
            <DistanceMeters>5767.14</DistanceMeters>
            <HeartRateBpm><Value>137</Value></HeartRateBpm>
            <Cadence>164</Cadence>
          </Trackpoint>
          <Trackpoint>
            <Time>2026-02-14T14:08:15.000Z</Time>
            <Position>
              <LatitudeDegrees>37.3749821</LatitudeDegrees>
              <LongitudeDegrees>-121.8399634</LongitudeDegrees>
            </Position>
            <AltitudeMeters>23.7</AltitudeMeters>
            <DistanceMeters>5779.74</DistanceMeters>
            <HeartRateBpm><Value>137</Value></HeartRateBpm>
            <Cadence>164</Cadence>
          </Trackpoint>
          <Trackpoint>
            <Time>2026-02-14T14:08:20.000Z</Time>
            <Position>
              <LatitudeDegrees>37.3750622</LatitudeDegrees>
              <LongitudeDegrees>-121.8398624</LongitudeDegrees>
            </Position>
            <AltitudeMeters>23.8</AltitudeMeters>
            <DistanceMeters>5792.33</DistanceMeters>
            <HeartRateBpm><Value>137</Value></HeartRateBpm>
            <Cadence>164</Cadence>
          </Trackpoint>
          <Trackpoint>
            <Time>2026-02-14T14:08:25.000Z</Time>
            <Position>
              <LatitudeDegrees>37.3751423</LatitudeDegrees>
              <LongitudeDegrees>-121.8397615</LongitudeDegrees>
            </Position>
            <AltitudeMeters>23.8</AltitudeMeters>
            <DistanceMeters>5804.92</DistanceMeters>
            <HeartRateBpm><Value>137</Value></HeartRateBpm>
            <Cadence>164</Cadence>
          </Trackpoint>
          <Trackpoint>
            <Time>2026-02-14T14:08:30.000Z</Time>
            <Position>
              <LatitudeDegrees>37.3752225</LatitudeDegrees>
              <LongitudeDegrees>-121.8396605</LongitudeDegrees>
            </Position>
            <AltitudeMeters>23.9</AltitudeMeters>
            <DistanceMeters>5817.51</DistanceMeters>
            <HeartRateBpm><Value>137</Value></HeartRateBpm>
            <Cadence>164</Cadence>
          </Trackpoint>
          <Trackpoint>
            <Time>2026-02-14T14:08:35.000Z</Time>
            <Position>
              <LatitudeDegrees>37.3753026</LatitudeDegrees>
              <LongitudeDegrees>-121.8395596</LongitudeDegrees>
            </Position>
            <AltitudeMeters>24</AltitudeMeters>
            <DistanceMeters>5830.10</DistanceMeters>
            <HeartRateBpm><Value>137</Value></HeartRateBpm>
            <Cadence>164</Cadence>
          </Trackpoint>
          <Trackpoint>
            <Time>2026-02-14T14:08:40.000Z</Time>
            <Position>
              <LatitudeDegrees>37.3753827</LatitudeDegrees>
              <LongitudeDegrees>-121.8394586</LongitudeDegrees>
            </Position>
            <AltitudeMeters>24.1</AltitudeMeters>
            <DistanceMeters>5842.70</DistanceMeters>
            <HeartRateBpm><Value>137</Value></HeartRateBpm>
            <Cadence>164</Cadence>
          </Trackpoint>
          <Trackpoint>
            <Time>2026-02-14T14:08:45.000Z</Time>
            <Position>
              <LatitudeDegrees>37.3754629</LatitudeDegrees>
              <LongitudeDegrees>-121.8393577</LongitudeDegrees>
            </Position>
            <AltitudeMeters>24.1</AltitudeMeters>
            <DistanceMeters>5855.29</DistanceMeters>
            <HeartRateBpm><Value>137</Value></HeartRateBpm>
            <Cadence>164</Cadence>
          </Trackpoint>
          <Trackpoint>
            <Time>2026-02-14T14:08:50.000Z</Time>
            <Position>
              <LatitudeDegrees>37.3755430</LatitudeDegrees>
              <LongitudeDegrees>-121.8392567</LongitudeDegrees>
            </Position>
            <AltitudeMeters>24.2</AltitudeMeters>
            <DistanceMeters>5867.88</DistanceMeters>
            <HeartRateBpm><Value>137</Value></HeartRateBpm>
            <Cadence>164</Cadence>
          </Trackpoint>
          <Trackpoint>
            <Time>2026-02-14T14:08:55.000Z</Time>
            <Position>
              <LatitudeDegrees>37.3756231</LatitudeDegrees>
              <LongitudeDegrees>-121.8391558</LongitudeDegrees>
            </Position>
            <AltitudeMeters>24.3</AltitudeMeters>
            <DistanceMeters>5880.47</DistanceMeters>
            <HeartRateBpm><Value>137</Value></HeartRateBpm>
            <Cadence>164</Cadence>
          </Trackpoint>
          <Trackpoint>
            <Time>2026-02-14T14:09:00.000Z</Time>
            <Position>
              <LatitudeDegrees>37.3757033</LatitudeDegrees>
              <LongitudeDegrees>-121.8390548</LongitudeDegrees>
            </Position>
            <AltitudeMeters>24.3</AltitudeMeters>
            <DistanceMeters>5893.06</DistanceMeters>
            <HeartRateBpm><Value>137</Value></HeartRateBpm>
            <Cadence>164</Cadence>
          </Trackpoint>
          <Trackpoint>
            <Time>2026-02-14T14:09:05.000Z</Time>
            <Position>
              <LatitudeDegrees>37.3757834</LatitudeDegrees>
              <LongitudeDegrees>-121.8389539</LongitudeDegrees>
            </Position>
            <AltitudeMeters>24.4</AltitudeMeters>
            <DistanceMeters>5905.66</DistanceMeters>
            <HeartRateBpm><Value>137</Value></HeartRateBpm>
            <Cadence>164</Cadence>
          </Trackpoint>
          <Trackpoint>
            <Time>2026-02-14T14:09:10.000Z</Time>
            <Position>
              <LatitudeDegrees>37.3758635</LatitudeDegrees>
              <LongitudeDegrees>-121.8388529</LongitudeDegrees>
            </Position>
            <AltitudeMeters>24.5</AltitudeMeters>
            <DistanceMeters>5918.25</DistanceMeters>
            <HeartRateBpm><Value>137</Value></HeartRateBpm>
            <Cadence>164</Cadence>
          </Trackpoint>
          <Trackpoint>
            <Time>2026-02-14T14:09:15.000Z</Time>
            <Position>
              <LatitudeDegrees>37.3759437</LatitudeDegrees>
              <LongitudeDegrees>-121.8387520</LongitudeDegrees>
            </Position>
            <AltitudeMeters>24.6</AltitudeMeters>
            <DistanceMeters>5930.84</DistanceMeters>
            <HeartRateBpm><Value>137</Value></HeartRateBpm>
            <Cadence>164</Cadence>
          </Trackpoint>
          <Trackpoint>
            <Time>2026-02-14T14:09:20.000Z</Time>
            <Position>
              <LatitudeDegrees>37.3760238</LatitudeDegrees>
              <LongitudeDegrees>-121.8386510</LongitudeDegrees>
            </Position>
            <AltitudeMeters>24.6</AltitudeMeters>
            <DistanceMeters>5943.43</DistanceMeters>
            <HeartRateBpm><Value>137</Value></HeartRateBpm>
            <Cadence>164</Cadence>
          </Trackpoint>
          <Trackpoint>
            <Time>2026-02-14T14:09:25.000Z</Time>
            <Position>
              <LatitudeDegrees>37.3761039</LatitudeDegrees>
              <LongitudeDegrees>-121.8385501</LongitudeDegrees>
            </Position>
            <AltitudeMeters>24.7</AltitudeMeters>
            <DistanceMeters>5956.02</DistanceMeters>
            <HeartRateBpm><Value>137</Value></HeartRateBpm>
            <Cadence>164</Cadence>
          </Trackpoint>
          <Trackpoint>
            <Time>2026-02-14T14:09:30.000Z</Time>
            <Position>
              <LatitudeDegrees>37.3761841</LatitudeDegrees>
              <LongitudeDegrees>-121.8384491</LongitudeDegrees>
            </Position>
            <AltitudeMeters>24.8</AltitudeMeters>
            <DistanceMeters>5968.62</DistanceMeters>
            <HeartRateBpm><Value>137</Value></HeartRateBpm>
            <Cadence>164</Cadence>
          </Trackpoint>
          <Trackpoint>
            <Time>2026-02-14T14:09:35.000Z</Time>
            <Position>
              <LatitudeDegrees>37.3762642</LatitudeDegrees>
              <LongitudeDegrees>-121.8383481</LongitudeDegrees>
            </Position>
            <AltitudeMeters>24.9</AltitudeMeters>
            <DistanceMeters>5981.21</DistanceMeters>
            <HeartRateBpm><Value>137</Value></HeartRateBpm>
            <Cadence>164</Cadence>
          </Trackpoint>
          <Trackpoint>
            <Time>2026-02-14T14:09:40.000Z</Time>
            <Position>
              <LatitudeDegrees>37.3763444</LatitudeDegrees>
              <LongitudeDegrees>-121.8382472</LongitudeDegrees>
            </Position>
            <AltitudeMeters>25</AltitudeMeters>
            <DistanceMeters>5993.80</DistanceMeters>
            <HeartRateBpm><Value>137</Value></HeartRateBpm>
            <Cadence>164</Cadence>
          </Trackpoint>
          <Trackpoint>
            <Time>2026-02-14T14:09:45.000Z</Time>
            <Position>
              <LatitudeDegrees>37.3764245</LatitudeDegrees>
              <LongitudeDegrees>-121.8381462</LongitudeDegrees>
            </Position>
            <AltitudeMeters>25</AltitudeMeters>
            <DistanceMeters>6006.39</DistanceMeters>
            <HeartRateBpm><Value>137</Value></HeartRateBpm>
            <Cadence>164</Cadence>
          </Trackpoint>
          <Trackpoint>
            <Time>2026-02-14T14:09:50.000Z</Time>
            <Position>
              <LatitudeDegrees>37.3765046</LatitudeDegrees>
              <LongitudeDegrees>-121.8380453</LongitudeDegrees>
            </Position>
            <AltitudeMeters>25.1</AltitudeMeters>
            <DistanceMeters>6018.98</DistanceMeters>
            <HeartRateBpm><Value>137</Value></HeartRateBpm>
            <Cadence>164</Cadence>
          </Trackpoint>
          <Trackpoint>
            <Time>2026-02-14T14:09:55.000Z</Time>
            <Position>
              <LatitudeDegrees>37.3765848</LatitudeDegrees>
              <LongitudeDegrees>-121.8379443</LongitudeDegrees>
            </Position>
            <AltitudeMeters>25.2</AltitudeMeters>
            <DistanceMeters>6031.58</DistanceMeters>
            <HeartRateBpm><Value>137</Value></HeartRateBpm>
            <Cadence>164</Cadence>
          </Trackpoint>
          <Trackpoint>
            <Time>2026-02-14T14:10:00.000Z</Time>
            <Position>
              <LatitudeDegrees>37.3766649</LatitudeDegrees>
              <LongitudeDegrees>-121.8378434</LongitudeDegrees>
            </Position>
            <AltitudeMeters>25.3</AltitudeMeters>
            <DistanceMeters>6044.17</DistanceMeters>
            <HeartRateBpm><Value>137</Value></HeartRateBpm>
            <Cadence>164</Cadence>
          </Trackpoint>
          <Trackpoint>
            <Time>2026-02-14T14:10:05.000Z</Time>
            <Position>
              <LatitudeDegrees>37.3767450</LatitudeDegrees>
              <LongitudeDegrees>-121.8377424</LongitudeDegrees>
            </Position>
            <AltitudeMeters>25.4</AltitudeMeters>
            <DistanceMeters>6056.76</DistanceMeters>
            <HeartRateBpm><Value>137</Value></HeartRateBpm>
            <Cadence>164</Cadence>
          </Trackpoint>
          <Trackpoint>
            <Time>2026-02-14T14:10:10.000Z</Time>
            <Position>
              <LatitudeDegrees>37.3768252</LatitudeDegrees>
              <LongitudeDegrees>-121.8376415</LongitudeDegrees>
            </Position>
            <AltitudeMeters>25.4</AltitudeMeters>
            <DistanceMeters>6069.35</DistanceMeters>
            <HeartRateBpm><Value>137</Value></HeartRateBpm>
            <Cadence>164</Cadence>
          </Trackpoint>
          <Trackpoint>
            <Time>2026-02-14T14:10:15.000Z</Time>
            <Position>
              <LatitudeDegrees>37.3769053</LatitudeDegrees>
              <LongitudeDegrees>-121.8375405</LongitudeDegrees>
            </Position>
            <AltitudeMeters>25.5</AltitudeMeters>
            <DistanceMeters>6081.94</DistanceMeters>
            <HeartRateBpm><Value>137</Value></HeartRateBpm>
            <Cadence>164</Cadence>
          </Trackpoint>
          <Trackpoint>
            <Time>2026-02-14T14:10:20.000Z</Time>
            <Position>
              <LatitudeDegrees>37.3769854</LatitudeDegrees>
              <LongitudeDegrees>-121.8374396</LongitudeDegrees>
            </Position>
            <AltitudeMeters>25.6</AltitudeMeters>
            <DistanceMeters>6094.54</DistanceMeters>
            <HeartRateBpm><Value>137</Value></HeartRateBpm>
            <Cadence>164</Cadence>
          </Trackpoint>
          <Trackpoint>
            <Time>2026-02-14T14:10:25.000Z</Time>
            <Position>
              <LatitudeDegrees>37.3770656</LatitudeDegrees>
              <LongitudeDegrees>-121.8373386</LongitudeDegrees>
            </Position>
            <AltitudeMeters>25.7</AltitudeMeters>
            <DistanceMeters>6107.13</DistanceMeters>
            <HeartRateBpm><Value>137</Value></HeartRateBpm>
            <Cadence>164</Cadence>
          </Trackpoint>
          <Trackpoint>
            <Time>2026-02-14T14:10:30.000Z</Time>
            <Position>
              <LatitudeDegrees>37.3771457</LatitudeDegrees>
              <LongitudeDegrees>-121.8372377</LongitudeDegrees>
            </Position>
            <AltitudeMeters>25.7</AltitudeMeters>
            <DistanceMeters>6119.72</DistanceMeters>
            <HeartRateBpm><Value>137</Value></HeartRateBpm>
            <Cadence>164</Cadence>
          </Trackpoint>
          <Trackpoint>
            <Time>2026-02-14T14:10:35.000Z</Time>
            <Position>
              <LatitudeDegrees>37.3772258</LatitudeDegrees>
              <LongitudeDegrees>-121.8371367</LongitudeDegrees>
            </Position>
            <AltitudeMeters>25.8</AltitudeMeters>
            <DistanceMeters>6132.31</DistanceMeters>
            <HeartRateBpm><Value>137</Value></HeartRateBpm>
            <Cadence>164</Cadence>
          </Trackpoint>
          <Trackpoint>
            <Time>2026-02-14T14:10:40.000Z</Time>
            <Position>
              <LatitudeDegrees>37.3773060</LatitudeDegrees>
              <LongitudeDegrees>-121.8370358</LongitudeDegrees>
            </Position>
            <AltitudeMeters>25.9</AltitudeMeters>
            <DistanceMeters>6144.91</DistanceMeters>
            <HeartRateBpm><Value>137</Value></HeartRateBpm>
            <Cadence>164</Cadence>
          </Trackpoint>
          <Trackpoint>
            <Time>2026-02-14T14:10:45.000Z</Time>
            <Position>
              <LatitudeDegrees>37.3773861</LatitudeDegrees>
              <LongitudeDegrees>-121.8369348</LongitudeDegrees>
            </Position>
            <AltitudeMeters>25.9</AltitudeMeters>
            <DistanceMeters>6157.50</DistanceMeters>
            <HeartRateBpm><Value>137</Value></HeartRateBpm>
            <Cadence>164</Cadence>
          </Trackpoint>
          <Trackpoint>
            <Time>2026-02-14T14:10:50.000Z</Time>
            <Position>
              <LatitudeDegrees>37.3774662</LatitudeDegrees>
              <LongitudeDegrees>-121.8368339</LongitudeDegrees>
            </Position>
            <AltitudeMeters>26</AltitudeMeters>
            <DistanceMeters>6170.09</DistanceMeters>
            <HeartRateBpm><Value>137</Value></HeartRateBpm>
            <Cadence>164</Cadence>
          </Trackpoint>
          <Trackpoint>
            <Time>2026-02-14T14:10:55.000Z</Time>
            <Position>
              <LatitudeDegrees>37.3775464</LatitudeDegrees>
              <LongitudeDegrees>-121.8367329</LongitudeDegrees>
            </Position>
            <AltitudeMeters>26.1</AltitudeMeters>
            <DistanceMeters>6182.68</DistanceMeters>
            <HeartRateBpm><Value>137</Value></HeartRateBpm>
            <Cadence>164</Cadence>
          </Trackpoint>
          <Trackpoint>
            <Time>2026-02-14T14:11:00.000Z</Time>
            <Position>
              <LatitudeDegrees>37.3776265</LatitudeDegrees>
              <LongitudeDegrees>-121.8366320</LongitudeDegrees>
            </Position>
            <AltitudeMeters>26.2</AltitudeMeters>
            <DistanceMeters>6195.27</DistanceMeters>
            <HeartRateBpm><Value>137</Value></HeartRateBpm>
            <Cadence>164</Cadence>
          </Trackpoint>
          <Trackpoint>
            <Time>2026-02-14T14:11:05.000Z</Time>
            <Position>
              <LatitudeDegrees>37.3777067</LatitudeDegrees>
              <LongitudeDegrees>-121.8365310</LongitudeDegrees>
            </Position>
            <AltitudeMeters>26.2</AltitudeMeters>
            <DistanceMeters>6207.87</DistanceMeters>
            <HeartRateBpm><Value>137</Value></HeartRateBpm>
            <Cadence>164</Cadence>
          </Trackpoint>
          <Trackpoint>
            <Time>2026-02-14T14:11:10.000Z</Time>
            <Position>
              <LatitudeDegrees>37.3777868</LatitudeDegrees>
              <LongitudeDegrees>-121.8364301</LongitudeDegrees>
            </Position>
            <AltitudeMeters>26.3</AltitudeMeters>
            <DistanceMeters>6220.46</DistanceMeters>
            <HeartRateBpm><Value>137</Value></HeartRateBpm>
            <Cadence>164</Cadence>
          </Trackpoint>
          <Trackpoint>
            <Time>2026-02-14T14:11:15.000Z</Time>
            <Position>
              <LatitudeDegrees>37.3778669</LatitudeDegrees>
              <LongitudeDegrees>-121.8363291</LongitudeDegrees>
            </Position>
            <AltitudeMeters>26.3</AltitudeMeters>
            <DistanceMeters>6233.05</DistanceMeters>
            <HeartRateBpm><Value>137</Value></HeartRateBpm>
            <Cadence>164</Cadence>
          </Trackpoint>
          <Trackpoint>
            <Time>2026-02-14T14:11:20.000Z</Time>
            <Position>
              <LatitudeDegrees>37.3779471</LatitudeDegrees>
              <LongitudeDegrees>-121.8362282</LongitudeDegrees>
            </Position>
            <AltitudeMeters>26.4</AltitudeMeters>
            <DistanceMeters>6245.64</DistanceMeters>
            <HeartRateBpm><Value>137</Value></HeartRateBpm>
            <Cadence>164</Cadence>
          </Trackpoint>
          <Trackpoint>
            <Time>2026-02-14T14:11:25.000Z</Time>
            <Position>
              <LatitudeDegrees>37.3780272</LatitudeDegrees>
              <LongitudeDegrees>-121.8361272</LongitudeDegrees>
            </Position>
            <AltitudeMeters>26.5</AltitudeMeters>
            <DistanceMeters>6258.23</DistanceMeters>
            <HeartRateBpm><Value>137</Value></HeartRateBpm>
            <Cadence>164</Cadence>
          </Trackpoint>
          <Trackpoint>
            <Time>2026-02-14T14:11:30.000Z</Time>
            <Position>
              <LatitudeDegrees>37.3781073</LatitudeDegrees>
              <LongitudeDegrees>-121.8360263</LongitudeDegrees>
            </Position>
            <AltitudeMeters>26.5</AltitudeMeters>
            <DistanceMeters>6270.83</DistanceMeters>
            <HeartRateBpm><Value>137</Value></HeartRateBpm>
            <Cadence>164</Cadence>
          </Trackpoint>
          <Trackpoint>
            <Time>2026-02-14T14:11:35.000Z</Time>
            <Position>
              <LatitudeDegrees>37.3781875</LatitudeDegrees>
              <LongitudeDegrees>-121.8359253</LongitudeDegrees>
            </Position>
            <AltitudeMeters>26.6</AltitudeMeters>
            <DistanceMeters>6283.42</DistanceMeters>
            <HeartRateBpm><Value>137</Value></HeartRateBpm>
            <Cadence>164</Cadence>
          </Trackpoint>
          <Trackpoint>
            <Time>2026-02-14T14:11:40.000Z</Time>
            <Position>
              <LatitudeDegrees>37.3782676</LatitudeDegrees>
              <LongitudeDegrees>-121.8358244</LongitudeDegrees>
            </Position>
            <AltitudeMeters>26.6</AltitudeMeters>
            <DistanceMeters>6296.01</DistanceMeters>
            <HeartRateBpm><Value>137</Value></HeartRateBpm>
            <Cadence>164</Cadence>
          </Trackpoint>
          <Trackpoint>
            <Time>2026-02-14T14:11:45.000Z</Time>
            <Position>
              <LatitudeDegrees>37.3783477</LatitudeDegrees>
              <LongitudeDegrees>-121.8357234</LongitudeDegrees>
            </Position>
            <AltitudeMeters>26.6</AltitudeMeters>
            <DistanceMeters>6308.60</DistanceMeters>
            <HeartRateBpm><Value>137</Value></HeartRateBpm>
            <Cadence>164</Cadence>
          </Trackpoint>
          <Trackpoint>
            <Time>2026-02-14T14:11:50.000Z</Time>
            <Position>
              <LatitudeDegrees>37.3784279</LatitudeDegrees>
              <LongitudeDegrees>-121.8356225</LongitudeDegrees>
            </Position>
            <AltitudeMeters>26.7</AltitudeMeters>
            <DistanceMeters>6321.19</DistanceMeters>
            <HeartRateBpm><Value>137</Value></HeartRateBpm>
            <Cadence>164</Cadence>
          </Trackpoint>
          <Trackpoint>
            <Time>2026-02-14T14:11:55.000Z</Time>
            <Position>
              <LatitudeDegrees>37.3785080</LatitudeDegrees>
              <LongitudeDegrees>-121.8355215</LongitudeDegrees>
            </Position>
            <AltitudeMeters>26.7</AltitudeMeters>
            <DistanceMeters>6333.79</DistanceMeters>
            <HeartRateBpm><Value>137</Value></HeartRateBpm>
            <Cadence>164</Cadence>
          </Trackpoint>
          <Trackpoint>
            <Time>2026-02-14T14:12:00.000Z</Time>
            <Position>
              <LatitudeDegrees>37.3785881</LatitudeDegrees>
              <LongitudeDegrees>-121.8354206</LongitudeDegrees>
            </Position>
            <AltitudeMeters>26.8</AltitudeMeters>
            <DistanceMeters>6346.38</DistanceMeters>
            <HeartRateBpm><Value>137</Value></HeartRateBpm>
            <Cadence>164</Cadence>
          </Trackpoint>
          <Trackpoint>
            <Time>2026-02-14T14:12:05.000Z</Time>
            <Position>
              <LatitudeDegrees>37.3786683</LatitudeDegrees>
              <LongitudeDegrees>-121.8353196</LongitudeDegrees>
            </Position>
            <AltitudeMeters>26.8</AltitudeMeters>
            <DistanceMeters>6358.97</DistanceMeters>
            <HeartRateBpm><Value>137</Value></HeartRateBpm>
            <Cadence>164</Cadence>
          </Trackpoint>
          <Trackpoint>
            <Time>2026-02-14T14:12:10.000Z</Time>
            <Position>
              <LatitudeDegrees>37.3787484</LatitudeDegrees>
              <LongitudeDegrees>-121.8352187</LongitudeDegrees>
            </Position>
            <AltitudeMeters>26.8</AltitudeMeters>
            <DistanceMeters>6371.56</DistanceMeters>
            <HeartRateBpm><Value>137</Value></HeartRateBpm>
            <Cadence>164</Cadence>
          </Trackpoint>
          <Trackpoint>
            <Time>2026-02-14T14:12:15.000Z</Time>
            <Position>
              <LatitudeDegrees>37.3788285</LatitudeDegrees>
              <LongitudeDegrees>-121.8351177</LongitudeDegrees>
            </Position>
            <AltitudeMeters>26.9</AltitudeMeters>
            <DistanceMeters>6384.15</DistanceMeters>
            <HeartRateBpm><Value>137</Value></HeartRateBpm>
            <Cadence>164</Cadence>
          </Trackpoint>
          <Trackpoint>
            <Time>2026-02-14T14:12:20.000Z</Time>
            <Position>
              <LatitudeDegrees>37.3789087</LatitudeDegrees>
              <LongitudeDegrees>-121.8350168</LongitudeDegrees>
            </Position>
            <AltitudeMeters>26.9</AltitudeMeters>
            <DistanceMeters>6396.75</DistanceMeters>
            <HeartRateBpm><Value>137</Value></HeartRateBpm>
            <Cadence>164</Cadence>
          </Trackpoint>
          <Trackpoint>
            <Time>2026-02-14T14:12:25.000Z</Time>
            <Position>
              <LatitudeDegrees>37.3789888</LatitudeDegrees>
              <LongitudeDegrees>-121.8349158</LongitudeDegrees>
            </Position>
            <AltitudeMeters>26.9</AltitudeMeters>
            <DistanceMeters>6409.34</DistanceMeters>
            <HeartRateBpm><Value>137</Value></HeartRateBpm>
            <Cadence>164</Cadence>
          </Trackpoint>
          <Trackpoint>
            <Time>2026-02-14T14:12:30.000Z</Time>
            <Position>
              <LatitudeDegrees>37.3790689</LatitudeDegrees>
              <LongitudeDegrees>-121.8348149</LongitudeDegrees>
            </Position>
            <AltitudeMeters>26.9</AltitudeMeters>
            <DistanceMeters>6421.93</DistanceMeters>
            <HeartRateBpm><Value>137</Value></HeartRateBpm>
            <Cadence>164</Cadence>
          </Trackpoint>
          <Trackpoint>
            <Time>2026-02-14T14:12:35.000Z</Time>
            <Position>
              <LatitudeDegrees>37.3791491</LatitudeDegrees>
              <LongitudeDegrees>-121.8347139</LongitudeDegrees>
            </Position>
            <AltitudeMeters>27</AltitudeMeters>
            <DistanceMeters>6434.52</DistanceMeters>
            <HeartRateBpm><Value>137</Value></HeartRateBpm>
            <Cadence>164</Cadence>
          </Trackpoint>
          <Trackpoint>
            <Time>2026-02-14T14:12:40.000Z</Time>
            <Position>
              <LatitudeDegrees>37.3792292</LatitudeDegrees>
              <LongitudeDegrees>-121.8346130</LongitudeDegrees>
            </Position>
            <AltitudeMeters>27</AltitudeMeters>
            <DistanceMeters>6447.11</DistanceMeters>
            <HeartRateBpm><Value>137</Value></HeartRateBpm>
            <Cadence>164</Cadence>
          </Trackpoint>
          <Trackpoint>
            <Time>2026-02-14T14:12:45.000Z</Time>
            <Position>
              <LatitudeDegrees>37.3793094</LatitudeDegrees>
              <LongitudeDegrees>-121.8345120</LongitudeDegrees>
            </Position>
            <AltitudeMeters>27</AltitudeMeters>
            <DistanceMeters>6459.71</DistanceMeters>
            <HeartRateBpm><Value>137</Value></HeartRateBpm>
            <Cadence>164</Cadence>
          </Trackpoint>
          <Trackpoint>
            <Time>2026-02-14T14:12:50.000Z</Time>
            <Position>
              <LatitudeDegrees>37.3793895</LatitudeDegrees>
              <LongitudeDegrees>-121.8344110</LongitudeDegrees>
            </Position>
            <AltitudeMeters>27</AltitudeMeters>
            <DistanceMeters>6472.30</DistanceMeters>
            <HeartRateBpm><Value>137</Value></HeartRateBpm>
            <Cadence>164</Cadence>
          </Trackpoint>
          <Trackpoint>
            <Time>2026-02-14T14:12:55.000Z</Time>
            <Position>
              <LatitudeDegrees>37.3794696</LatitudeDegrees>
              <LongitudeDegrees>-121.8343101</LongitudeDegrees>
            </Position>
            <AltitudeMeters>27</AltitudeMeters>
            <DistanceMeters>6484.89</DistanceMeters>
            <HeartRateBpm><Value>137</Value></HeartRateBpm>
            <Cadence>164</Cadence>
          </Trackpoint>
          <Trackpoint>
            <Time>2026-02-14T14:13:00.000Z</Time>
            <Position>
              <LatitudeDegrees>37.3795498</LatitudeDegrees>
              <LongitudeDegrees>-121.8342091</LongitudeDegrees>
            </Position>
            <AltitudeMeters>27</AltitudeMeters>
            <DistanceMeters>6497.48</DistanceMeters>
            <HeartRateBpm><Value>137</Value></HeartRateBpm>
            <Cadence>164</Cadence>
          </Trackpoint>
          <Trackpoint>
            <Time>2026-02-14T14:13:01.000Z</Time>
            <Position>
              <LatitudeDegrees>37.3795658</LatitudeDegrees>
              <LongitudeDegrees>-121.8341890</LongitudeDegrees>
            </Position>
            <AltitudeMeters>27</AltitudeMeters>
            <DistanceMeters>6500.00</DistanceMeters>
            <HeartRateBpm><Value>137</Value></HeartRateBpm>
            <Cadence>164</Cadence>
          </Trackpoint>
        </Track>
      </Lap>
      <Lap StartTime="2026-02-14T14:13:01.000Z">
        <TotalTimeSeconds>2613</TotalTimeSeconds>
        <DistanceMeters>6500</DistanceMeters>
        <AverageHeartRateBpm><Value>143</Value></AverageHeartRateBpm>
        <MaximumHeartRateBpm><Value>157</Value></MaximumHeartRateBpm>
        <Intensity>Active</Intensity>
        <TriggerMethod>Manual</TriggerMethod>
        <Track>
          <Trackpoint>
            <Time>2026-02-14T14:13:01.000Z</Time>
            <Position>
              <LatitudeDegrees>37.3795658</LatitudeDegrees>
              <LongitudeDegrees>-121.8341890</LongitudeDegrees>
            </Position>
            <AltitudeMeters>27</AltitudeMeters>
            <DistanceMeters>6500.00</DistanceMeters>
            <HeartRateBpm><Value>135</Value></HeartRateBpm>
            <Cadence>166</Cadence>
          </Trackpoint>
          <Trackpoint>
            <Time>2026-02-14T14:13:06.000Z</Time>
            <Position>
              <LatitudeDegrees>37.3794866</LatitudeDegrees>
              <LongitudeDegrees>-121.8342887</LongitudeDegrees>
            </Position>
            <AltitudeMeters>27</AltitudeMeters>
            <DistanceMeters>6512.44</DistanceMeters>
            <HeartRateBpm><Value>135</Value></HeartRateBpm>
            <Cadence>166</Cadence>
          </Trackpoint>
          <Trackpoint>
            <Time>2026-02-14T14:13:11.000Z</Time>
            <Position>
              <LatitudeDegrees>37.3794075</LatitudeDegrees>
              <LongitudeDegrees>-121.8343884</LongitudeDegrees>
            </Position>
            <AltitudeMeters>27</AltitudeMeters>
            <DistanceMeters>6524.88</DistanceMeters>
            <HeartRateBpm><Value>135</Value></HeartRateBpm>
            <Cadence>166</Cadence>
          </Trackpoint>
          <Trackpoint>
            <Time>2026-02-14T14:13:16.000Z</Time>
            <Position>
              <LatitudeDegrees>37.3793283</LatitudeDegrees>
              <LongitudeDegrees>-121.8344881</LongitudeDegrees>
            </Position>
            <AltitudeMeters>27</AltitudeMeters>
            <DistanceMeters>6537.31</DistanceMeters>
            <HeartRateBpm><Value>135</Value></HeartRateBpm>
            <Cadence>166</Cadence>
          </Trackpoint>
          <Trackpoint>
            <Time>2026-02-14T14:13:21.000Z</Time>
            <Position>
              <LatitudeDegrees>37.3792492</LatitudeDegrees>
              <LongitudeDegrees>-121.8345878</LongitudeDegrees>
            </Position>
            <AltitudeMeters>27</AltitudeMeters>
            <DistanceMeters>6549.75</DistanceMeters>
            <HeartRateBpm><Value>135</Value></HeartRateBpm>
            <Cadence>166</Cadence>
          </Trackpoint>
          <Trackpoint>
            <Time>2026-02-14T14:13:26.000Z</Time>
            <Position>
              <LatitudeDegrees>37.3791700</LatitudeDegrees>
              <LongitudeDegrees>-121.8346875</LongitudeDegrees>
            </Position>
            <AltitudeMeters>27</AltitudeMeters>
            <DistanceMeters>6562.19</DistanceMeters>
            <HeartRateBpm><Value>136</Value></HeartRateBpm>
            <Cadence>166</Cadence>
          </Trackpoint>
          <Trackpoint>
            <Time>2026-02-14T14:13:31.000Z</Time>
            <Position>
              <LatitudeDegrees>37.3790909</LatitudeDegrees>
              <LongitudeDegrees>-121.8347872</LongitudeDegrees>
            </Position>
            <AltitudeMeters>26.9</AltitudeMeters>
            <DistanceMeters>6574.63</DistanceMeters>
            <HeartRateBpm><Value>136</Value></HeartRateBpm>
            <Cadence>166</Cadence>
          </Trackpoint>
          <Trackpoint>
            <Time>2026-02-14T14:13:36.000Z</Time>
            <Position>
              <LatitudeDegrees>37.3790117</LatitudeDegrees>
              <LongitudeDegrees>-121.8348870</LongitudeDegrees>
            </Position>
            <AltitudeMeters>26.9</AltitudeMeters>
            <DistanceMeters>6587.06</DistanceMeters>
            <HeartRateBpm><Value>136</Value></HeartRateBpm>
            <Cadence>166</Cadence>
          </Trackpoint>
          <Trackpoint>
            <Time>2026-02-14T14:13:41.000Z</Time>
            <Position>
              <LatitudeDegrees>37.3789326</LatitudeDegrees>
              <LongitudeDegrees>-121.8349867</LongitudeDegrees>
            </Position>
            <AltitudeMeters>26.9</AltitudeMeters>
            <DistanceMeters>6599.50</DistanceMeters>
            <HeartRateBpm><Value>136</Value></HeartRateBpm>
            <Cadence>166</Cadence>
          </Trackpoint>
          <Trackpoint>
            <Time>2026-02-14T14:13:46.000Z</Time>
            <Position>
              <LatitudeDegrees>37.3788534</LatitudeDegrees>
              <LongitudeDegrees>-121.8350864</LongitudeDegrees>
            </Position>
            <AltitudeMeters>26.9</AltitudeMeters>
            <DistanceMeters>6611.94</DistanceMeters>
            <HeartRateBpm><Value>136</Value></HeartRateBpm>
            <Cadence>166</Cadence>
          </Trackpoint>
          <Trackpoint>
            <Time>2026-02-14T14:13:51.000Z</Time>
            <Position>
              <LatitudeDegrees>37.3787742</LatitudeDegrees>
              <LongitudeDegrees>-121.8351861</LongitudeDegrees>
            </Position>
            <AltitudeMeters>26.8</AltitudeMeters>
            <DistanceMeters>6624.38</DistanceMeters>
            <HeartRateBpm><Value>136</Value></HeartRateBpm>
            <Cadence>166</Cadence>
          </Trackpoint>
          <Trackpoint>
            <Time>2026-02-14T14:13:56.000Z</Time>
            <Position>
              <LatitudeDegrees>37.3786951</LatitudeDegrees>
              <LongitudeDegrees>-121.8352858</LongitudeDegrees>
            </Position>
            <AltitudeMeters>26.8</AltitudeMeters>
            <DistanceMeters>6636.82</DistanceMeters>
            <HeartRateBpm><Value>136</Value></HeartRateBpm>
            <Cadence>166</Cadence>
          </Trackpoint>
          <Trackpoint>
            <Time>2026-02-14T14:14:01.000Z</Time>
            <Position>
              <LatitudeDegrees>37.3786159</LatitudeDegrees>
              <LongitudeDegrees>-121.8353855</LongitudeDegrees>
            </Position>
            <AltitudeMeters>26.8</AltitudeMeters>
            <DistanceMeters>6649.25</DistanceMeters>
            <HeartRateBpm><Value>136</Value></HeartRateBpm>
            <Cadence>166</Cadence>
          </Trackpoint>
          <Trackpoint>
            <Time>2026-02-14T14:14:06.000Z</Time>
            <Position>
              <LatitudeDegrees>37.3785368</LatitudeDegrees>
              <LongitudeDegrees>-121.8354853</LongitudeDegrees>
            </Position>
            <AltitudeMeters>26.7</AltitudeMeters>
            <DistanceMeters>6661.69</DistanceMeters>
            <HeartRateBpm><Value>136</Value></HeartRateBpm>
            <Cadence>166</Cadence>
          </Trackpoint>
          <Trackpoint>
            <Time>2026-02-14T14:14:11.000Z</Time>
            <Position>
              <LatitudeDegrees>37.3784576</LatitudeDegrees>
              <LongitudeDegrees>-121.8355850</LongitudeDegrees>
            </Position>
            <AltitudeMeters>26.7</AltitudeMeters>
            <DistanceMeters>6674.13</DistanceMeters>
            <HeartRateBpm><Value>136</Value></HeartRateBpm>
            <Cadence>166</Cadence>
          </Trackpoint>
          <Trackpoint>
            <Time>2026-02-14T14:14:16.000Z</Time>
            <Position>
              <LatitudeDegrees>37.3783785</LatitudeDegrees>
              <LongitudeDegrees>-121.8356847</LongitudeDegrees>
            </Position>
            <AltitudeMeters>26.7</AltitudeMeters>
            <DistanceMeters>6686.57</DistanceMeters>
            <HeartRateBpm><Value>137</Value></HeartRateBpm>
            <Cadence>166</Cadence>
          </Trackpoint>
          <Trackpoint>
            <Time>2026-02-14T14:14:21.000Z</Time>
            <Position>
              <LatitudeDegrees>37.3782993</LatitudeDegrees>
              <LongitudeDegrees>-121.8357844</LongitudeDegrees>
            </Position>
            <AltitudeMeters>26.6</AltitudeMeters>
            <DistanceMeters>6699.00</DistanceMeters>
            <HeartRateBpm><Value>137</Value></HeartRateBpm>
            <Cadence>166</Cadence>
          </Trackpoint>
          <Trackpoint>
            <Time>2026-02-14T14:14:26.000Z</Time>
            <Position>
              <LatitudeDegrees>37.3782202</LatitudeDegrees>
              <LongitudeDegrees>-121.8358841</LongitudeDegrees>
            </Position>
            <AltitudeMeters>26.6</AltitudeMeters>
            <DistanceMeters>6711.44</DistanceMeters>
            <HeartRateBpm><Value>137</Value></HeartRateBpm>
            <Cadence>166</Cadence>
          </Trackpoint>
          <Trackpoint>
            <Time>2026-02-14T14:14:31.000Z</Time>
            <Position>
              <LatitudeDegrees>37.3781410</LatitudeDegrees>
              <LongitudeDegrees>-121.8359838</LongitudeDegrees>
            </Position>
            <AltitudeMeters>26.5</AltitudeMeters>
            <DistanceMeters>6723.88</DistanceMeters>
            <HeartRateBpm><Value>137</Value></HeartRateBpm>
            <Cadence>166</Cadence>
          </Trackpoint>
          <Trackpoint>
            <Time>2026-02-14T14:14:36.000Z</Time>
            <Position>
              <LatitudeDegrees>37.3780619</LatitudeDegrees>
              <LongitudeDegrees>-121.8360835</LongitudeDegrees>
            </Position>
            <AltitudeMeters>26.5</AltitudeMeters>
            <DistanceMeters>6736.32</DistanceMeters>
            <HeartRateBpm><Value>137</Value></HeartRateBpm>
            <Cadence>166</Cadence>
          </Trackpoint>
          <Trackpoint>
            <Time>2026-02-14T14:14:41.000Z</Time>
            <Position>
              <LatitudeDegrees>37.3779827</LatitudeDegrees>
              <LongitudeDegrees>-121.8361833</LongitudeDegrees>
            </Position>
            <AltitudeMeters>26.4</AltitudeMeters>
            <DistanceMeters>6748.76</DistanceMeters>
            <HeartRateBpm><Value>137</Value></HeartRateBpm>
            <Cadence>166</Cadence>
          </Trackpoint>
          <Trackpoint>
            <Time>2026-02-14T14:14:46.000Z</Time>
            <Position>
              <LatitudeDegrees>37.3779036</LatitudeDegrees>
              <LongitudeDegrees>-121.8362830</LongitudeDegrees>
            </Position>
            <AltitudeMeters>26.4</AltitudeMeters>
            <DistanceMeters>6761.19</DistanceMeters>
            <HeartRateBpm><Value>137</Value></HeartRateBpm>
            <Cadence>166</Cadence>
          </Trackpoint>
          <Trackpoint>
            <Time>2026-02-14T14:14:51.000Z</Time>
            <Position>
              <LatitudeDegrees>37.3778244</LatitudeDegrees>
              <LongitudeDegrees>-121.8363827</LongitudeDegrees>
            </Position>
            <AltitudeMeters>26.3</AltitudeMeters>
            <DistanceMeters>6773.63</DistanceMeters>
            <HeartRateBpm><Value>137</Value></HeartRateBpm>
            <Cadence>166</Cadence>
          </Trackpoint>
          <Trackpoint>
            <Time>2026-02-14T14:14:56.000Z</Time>
            <Position>
              <LatitudeDegrees>37.3777453</LatitudeDegrees>
              <LongitudeDegrees>-121.8364824</LongitudeDegrees>
            </Position>
            <AltitudeMeters>26.2</AltitudeMeters>
            <DistanceMeters>6786.07</DistanceMeters>
            <HeartRateBpm><Value>137</Value></HeartRateBpm>
            <Cadence>166</Cadence>
          </Trackpoint>
          <Trackpoint>
            <Time>2026-02-14T14:15:01.000Z</Time>
            <Position>
              <LatitudeDegrees>37.3776661</LatitudeDegrees>
              <LongitudeDegrees>-121.8365821</LongitudeDegrees>
            </Position>
            <AltitudeMeters>26.2</AltitudeMeters>
            <DistanceMeters>6798.51</DistanceMeters>
            <HeartRateBpm><Value>137</Value></HeartRateBpm>
            <Cadence>166</Cadence>
          </Trackpoint>
          <Trackpoint>
            <Time>2026-02-14T14:15:06.000Z</Time>
            <Position>
              <LatitudeDegrees>37.3775869</LatitudeDegrees>
              <LongitudeDegrees>-121.8366818</LongitudeDegrees>
            </Position>
            <AltitudeMeters>26.1</AltitudeMeters>
            <DistanceMeters>6810.95</DistanceMeters>
            <HeartRateBpm><Value>138</Value></HeartRateBpm>
            <Cadence>166</Cadence>
          </Trackpoint>
          <Trackpoint>
            <Time>2026-02-14T14:15:11.000Z</Time>
            <Position>
              <LatitudeDegrees>37.3775078</LatitudeDegrees>
              <LongitudeDegrees>-121.8367815</LongitudeDegrees>
            </Position>
            <AltitudeMeters>26.1</AltitudeMeters>
            <DistanceMeters>6823.38</DistanceMeters>
            <HeartRateBpm><Value>138</Value></HeartRateBpm>
            <Cadence>166</Cadence>
          </Trackpoint>
          <Trackpoint>
            <Time>2026-02-14T14:15:16.000Z</Time>
            <Position>
              <LatitudeDegrees>37.3774286</LatitudeDegrees>
              <LongitudeDegrees>-121.8368813</LongitudeDegrees>
            </Position>
            <AltitudeMeters>26</AltitudeMeters>
            <DistanceMeters>6835.82</DistanceMeters>
            <HeartRateBpm><Value>138</Value></HeartRateBpm>
            <Cadence>166</Cadence>
          </Trackpoint>
          <Trackpoint>
            <Time>2026-02-14T14:15:21.000Z</Time>
            <Position>
              <LatitudeDegrees>37.3773495</LatitudeDegrees>
              <LongitudeDegrees>-121.8369810</LongitudeDegrees>
            </Position>
            <AltitudeMeters>25.9</AltitudeMeters>
            <DistanceMeters>6848.26</DistanceMeters>
            <HeartRateBpm><Value>138</Value></HeartRateBpm>
            <Cadence>166</Cadence>
          </Trackpoint>
          <Trackpoint>
            <Time>2026-02-14T14:15:26.000Z</Time>
            <Position>
              <LatitudeDegrees>37.3772703</LatitudeDegrees>
              <LongitudeDegrees>-121.8370807</LongitudeDegrees>
            </Position>
            <AltitudeMeters>25.8</AltitudeMeters>
            <DistanceMeters>6860.70</DistanceMeters>
            <HeartRateBpm><Value>138</Value></HeartRateBpm>
            <Cadence>166</Cadence>
          </Trackpoint>
          <Trackpoint>
            <Time>2026-02-14T14:15:31.000Z</Time>
            <Position>
              <LatitudeDegrees>37.3771912</LatitudeDegrees>
              <LongitudeDegrees>-121.8371804</LongitudeDegrees>
            </Position>
            <AltitudeMeters>25.8</AltitudeMeters>
            <DistanceMeters>6873.13</DistanceMeters>
            <HeartRateBpm><Value>138</Value></HeartRateBpm>
            <Cadence>166</Cadence>
          </Trackpoint>
          <Trackpoint>
            <Time>2026-02-14T14:15:36.000Z</Time>
            <Position>
              <LatitudeDegrees>37.3771120</LatitudeDegrees>
              <LongitudeDegrees>-121.8372801</LongitudeDegrees>
            </Position>
            <AltitudeMeters>25.7</AltitudeMeters>
            <DistanceMeters>6885.57</DistanceMeters>
            <HeartRateBpm><Value>138</Value></HeartRateBpm>
            <Cadence>166</Cadence>
          </Trackpoint>
          <Trackpoint>
            <Time>2026-02-14T14:15:41.000Z</Time>
            <Position>
              <LatitudeDegrees>37.3770329</LatitudeDegrees>
              <LongitudeDegrees>-121.8373798</LongitudeDegrees>
            </Position>
            <AltitudeMeters>25.6</AltitudeMeters>
            <DistanceMeters>6898.01</DistanceMeters>
            <HeartRateBpm><Value>138</Value></HeartRateBpm>
            <Cadence>166</Cadence>
          </Trackpoint>
          <Trackpoint>
            <Time>2026-02-14T14:15:46.000Z</Time>
            <Position>
              <LatitudeDegrees>37.3769537</LatitudeDegrees>
              <LongitudeDegrees>-121.8374796</LongitudeDegrees>
            </Position>
            <AltitudeMeters>25.6</AltitudeMeters>
            <DistanceMeters>6910.45</DistanceMeters>
            <HeartRateBpm><Value>138</Value></HeartRateBpm>
            <Cadence>166</Cadence>
          </Trackpoint>
          <Trackpoint>
            <Time>2026-02-14T14:15:51.000Z</Time>
            <Position>
              <LatitudeDegrees>37.3768746</LatitudeDegrees>
              <LongitudeDegrees>-121.8375793</LongitudeDegrees>
            </Position>
            <AltitudeMeters>25.5</AltitudeMeters>
            <DistanceMeters>6922.89</DistanceMeters>
            <HeartRateBpm><Value>138</Value></HeartRateBpm>
            <Cadence>166</Cadence>
          </Trackpoint>
          <Trackpoint>
            <Time>2026-02-14T14:15:56.000Z</Time>
            <Position>
              <LatitudeDegrees>37.3767954</LatitudeDegrees>
              <LongitudeDegrees>-121.8376790</LongitudeDegrees>
            </Position>
            <AltitudeMeters>25.4</AltitudeMeters>
            <DistanceMeters>6935.32</DistanceMeters>
            <HeartRateBpm><Value>139</Value></HeartRateBpm>
            <Cadence>166</Cadence>
          </Trackpoint>
          <Trackpoint>
            <Time>2026-02-14T14:16:01.000Z</Time>
            <Position>
              <LatitudeDegrees>37.3767163</LatitudeDegrees>
              <LongitudeDegrees>-121.8377787</LongitudeDegrees>
            </Position>
            <AltitudeMeters>25.3</AltitudeMeters>
            <DistanceMeters>6947.76</DistanceMeters>
            <HeartRateBpm><Value>139</Value></HeartRateBpm>
            <Cadence>166</Cadence>
          </Trackpoint>
          <Trackpoint>
            <Time>2026-02-14T14:16:06.000Z</Time>
            <Position>
              <LatitudeDegrees>37.3766371</LatitudeDegrees>
              <LongitudeDegrees>-121.8378784</LongitudeDegrees>
            </Position>
            <AltitudeMeters>25.2</AltitudeMeters>
            <DistanceMeters>6960.20</DistanceMeters>
            <HeartRateBpm><Value>139</Value></HeartRateBpm>
            <Cadence>166</Cadence>
          </Trackpoint>
          <Trackpoint>
            <Time>2026-02-14T14:16:11.000Z</Time>
            <Position>
              <LatitudeDegrees>37.3765579</LatitudeDegrees>
              <LongitudeDegrees>-121.8379781</LongitudeDegrees>
            </Position>
            <AltitudeMeters>25.2</AltitudeMeters>
            <DistanceMeters>6972.64</DistanceMeters>
            <HeartRateBpm><Value>139</Value></HeartRateBpm>
            <Cadence>166</Cadence>
          </Trackpoint>
          <Trackpoint>
            <Time>2026-02-14T14:16:16.000Z</Time>
            <Position>
              <LatitudeDegrees>37.3764788</LatitudeDegrees>
              <LongitudeDegrees>-121.8380778</LongitudeDegrees>
            </Position>
            <AltitudeMeters>25.1</AltitudeMeters>
            <DistanceMeters>6985.07</DistanceMeters>
            <HeartRateBpm><Value>139</Value></HeartRateBpm>
            <Cadence>166</Cadence>
          </Trackpoint>
          <Trackpoint>
            <Time>2026-02-14T14:16:21.000Z</Time>
            <Position>
              <LatitudeDegrees>37.3763996</LatitudeDegrees>
              <LongitudeDegrees>-121.8381776</LongitudeDegrees>
            </Position>
            <AltitudeMeters>25</AltitudeMeters>
            <DistanceMeters>6997.51</DistanceMeters>
            <HeartRateBpm><Value>139</Value></HeartRateBpm>
            <Cadence>166</Cadence>
          </Trackpoint>
          <Trackpoint>
            <Time>2026-02-14T14:16:26.000Z</Time>
            <Position>
              <LatitudeDegrees>37.3763205</LatitudeDegrees>
              <LongitudeDegrees>-121.8382773</LongitudeDegrees>
            </Position>
            <AltitudeMeters>24.9</AltitudeMeters>
            <DistanceMeters>7009.95</DistanceMeters>
            <HeartRateBpm><Value>139</Value></HeartRateBpm>
            <Cadence>166</Cadence>
          </Trackpoint>
          <Trackpoint>
            <Time>2026-02-14T14:16:31.000Z</Time>
            <Position>
              <LatitudeDegrees>37.3762413</LatitudeDegrees>
              <LongitudeDegrees>-121.8383770</LongitudeDegrees>
            </Position>
            <AltitudeMeters>24.9</AltitudeMeters>
            <DistanceMeters>7022.39</DistanceMeters>
            <HeartRateBpm><Value>139</Value></HeartRateBpm>
            <Cadence>166</Cadence>
          </Trackpoint>
          <Trackpoint>
            <Time>2026-02-14T14:16:36.000Z</Time>
            <Position>
              <LatitudeDegrees>37.3761622</LatitudeDegrees>
              <LongitudeDegrees>-121.8384767</LongitudeDegrees>
            </Position>
            <AltitudeMeters>24.8</AltitudeMeters>
            <DistanceMeters>7034.83</DistanceMeters>
            <HeartRateBpm><Value>139</Value></HeartRateBpm>
            <Cadence>166</Cadence>
          </Trackpoint>
          <Trackpoint>
            <Time>2026-02-14T14:16:41.000Z</Time>
            <Position>
              <LatitudeDegrees>37.3760830</LatitudeDegrees>
              <LongitudeDegrees>-121.8385764</LongitudeDegrees>
            </Position>
            <AltitudeMeters>24.7</AltitudeMeters>
            <DistanceMeters>7047.26</DistanceMeters>
            <HeartRateBpm><Value>139</Value></HeartRateBpm>
            <Cadence>166</Cadence>
          </Trackpoint>
          <Trackpoint>
            <Time>2026-02-14T14:16:46.000Z</Time>
            <Position>
              <LatitudeDegrees>37.3760039</LatitudeDegrees>
              <LongitudeDegrees>-121.8386761</LongitudeDegrees>
            </Position>
            <AltitudeMeters>24.6</AltitudeMeters>
            <DistanceMeters>7059.70</DistanceMeters>
            <HeartRateBpm><Value>140</Value></HeartRateBpm>
            <Cadence>166</Cadence>
          </Trackpoint>
          <Trackpoint>
            <Time>2026-02-14T14:16:51.000Z</Time>
            <Position>
              <LatitudeDegrees>37.3759247</LatitudeDegrees>
              <LongitudeDegrees>-121.8387758</LongitudeDegrees>
            </Position>
            <AltitudeMeters>24.6</AltitudeMeters>
            <DistanceMeters>7072.14</DistanceMeters>
            <HeartRateBpm><Value>140</Value></HeartRateBpm>
            <Cadence>166</Cadence>
          </Trackpoint>
          <Trackpoint>
            <Time>2026-02-14T14:16:56.000Z</Time>
            <Position>
              <LatitudeDegrees>37.3758456</LatitudeDegrees>
              <LongitudeDegrees>-121.8388756</LongitudeDegrees>
            </Position>
            <AltitudeMeters>24.5</AltitudeMeters>
            <DistanceMeters>7084.58</DistanceMeters>
            <HeartRateBpm><Value>140</Value></HeartRateBpm>
            <Cadence>166</Cadence>
          </Trackpoint>
          <Trackpoint>
            <Time>2026-02-14T14:17:01.000Z</Time>
            <Position>
              <LatitudeDegrees>37.3757664</LatitudeDegrees>
              <LongitudeDegrees>-121.8389753</LongitudeDegrees>
            </Position>
            <AltitudeMeters>24.4</AltitudeMeters>
            <DistanceMeters>7097.01</DistanceMeters>
            <HeartRateBpm><Value>140</Value></HeartRateBpm>
            <Cadence>166</Cadence>
          </Trackpoint>
          <Trackpoint>
            <Time>2026-02-14T14:17:06.000Z</Time>
            <Position>
              <LatitudeDegrees>37.3756873</LatitudeDegrees>
              <LongitudeDegrees>-121.8390750</LongitudeDegrees>
            </Position>
            <AltitudeMeters>24.3</AltitudeMeters>
            <DistanceMeters>7109.45</DistanceMeters>
            <HeartRateBpm><Value>140</Value></HeartRateBpm>
            <Cadence>166</Cadence>
          </Trackpoint>
          <Trackpoint>
            <Time>2026-02-14T14:17:11.000Z</Time>
            <Position>
              <LatitudeDegrees>37.3756081</LatitudeDegrees>
              <LongitudeDegrees>-121.8391747</LongitudeDegrees>
            </Position>
            <AltitudeMeters>24.3</AltitudeMeters>
            <DistanceMeters>7121.89</DistanceMeters>
            <HeartRateBpm><Value>140</Value></HeartRateBpm>
            <Cadence>166</Cadence>
          </Trackpoint>
          <Trackpoint>
            <Time>2026-02-14T14:17:16.000Z</Time>
            <Position>
              <LatitudeDegrees>37.3755289</LatitudeDegrees>
              <LongitudeDegrees>-121.8392744</LongitudeDegrees>
            </Position>
            <AltitudeMeters>24.2</AltitudeMeters>
            <DistanceMeters>7134.33</DistanceMeters>
            <HeartRateBpm><Value>140</Value></HeartRateBpm>
            <Cadence>166</Cadence>
          </Trackpoint>
          <Trackpoint>
            <Time>2026-02-14T14:17:21.000Z</Time>
            <Position>
              <LatitudeDegrees>37.3754498</LatitudeDegrees>
              <LongitudeDegrees>-121.8393741</LongitudeDegrees>
            </Position>
            <AltitudeMeters>24.1</AltitudeMeters>
            <DistanceMeters>7146.77</DistanceMeters>
            <HeartRateBpm><Value>140</Value></HeartRateBpm>
            <Cadence>166</Cadence>
          </Trackpoint>
          <Trackpoint>
            <Time>2026-02-14T14:17:26.000Z</Time>
            <Position>
              <LatitudeDegrees>37.3753706</LatitudeDegrees>
              <LongitudeDegrees>-121.8394738</LongitudeDegrees>
            </Position>
            <AltitudeMeters>24</AltitudeMeters>
            <DistanceMeters>7159.20</DistanceMeters>
            <HeartRateBpm><Value>140</Value></HeartRateBpm>
            <Cadence>166</Cadence>
          </Trackpoint>
          <Trackpoint>
            <Time>2026-02-14T14:17:31.000Z</Time>
            <Position>
              <LatitudeDegrees>37.3752915</LatitudeDegrees>
              <LongitudeDegrees>-121.8395736</LongitudeDegrees>
            </Position>
            <AltitudeMeters>24</AltitudeMeters>
            <DistanceMeters>7171.64</DistanceMeters>
            <HeartRateBpm><Value>141</Value></HeartRateBpm>
            <Cadence>166</Cadence>
          </Trackpoint>
          <Trackpoint>
            <Time>2026-02-14T14:17:36.000Z</Time>
            <Position>
              <LatitudeDegrees>37.3752123</LatitudeDegrees>
              <LongitudeDegrees>-121.8396733</LongitudeDegrees>
            </Position>
            <AltitudeMeters>23.9</AltitudeMeters>
            <DistanceMeters>7184.08</DistanceMeters>
            <HeartRateBpm><Value>141</Value></HeartRateBpm>
            <Cadence>166</Cadence>
          </Trackpoint>
          <Trackpoint>
            <Time>2026-02-14T14:17:41.000Z</Time>
            <Position>
              <LatitudeDegrees>37.3751332</LatitudeDegrees>
              <LongitudeDegrees>-121.8397730</LongitudeDegrees>
            </Position>
            <AltitudeMeters>23.8</AltitudeMeters>
            <DistanceMeters>7196.52</DistanceMeters>
            <HeartRateBpm><Value>141</Value></HeartRateBpm>
            <Cadence>166</Cadence>
          </Trackpoint>
          <Trackpoint>
            <Time>2026-02-14T14:17:46.000Z</Time>
            <Position>
              <LatitudeDegrees>37.3750540</LatitudeDegrees>
              <LongitudeDegrees>-121.8398727</LongitudeDegrees>
            </Position>
            <AltitudeMeters>23.8</AltitudeMeters>
            <DistanceMeters>7208.96</DistanceMeters>
            <HeartRateBpm><Value>141</Value></HeartRateBpm>
            <Cadence>166</Cadence>
          </Trackpoint>
          <Trackpoint>
            <Time>2026-02-14T14:17:51.000Z</Time>
            <Position>
              <LatitudeDegrees>37.3749749</LatitudeDegrees>
              <LongitudeDegrees>-121.8399724</LongitudeDegrees>
            </Position>
            <AltitudeMeters>23.7</AltitudeMeters>
            <DistanceMeters>7221.39</DistanceMeters>
            <HeartRateBpm><Value>141</Value></HeartRateBpm>
            <Cadence>166</Cadence>
          </Trackpoint>
          <Trackpoint>
            <Time>2026-02-14T14:17:56.000Z</Time>
            <Position>
              <LatitudeDegrees>37.3748957</LatitudeDegrees>
              <LongitudeDegrees>-121.8400721</LongitudeDegrees>
            </Position>
            <AltitudeMeters>23.7</AltitudeMeters>
            <DistanceMeters>7233.83</DistanceMeters>
            <HeartRateBpm><Value>141</Value></HeartRateBpm>
            <Cadence>166</Cadence>
          </Trackpoint>
          <Trackpoint>
            <Time>2026-02-14T14:18:01.000Z</Time>
            <Position>
              <LatitudeDegrees>37.3748166</LatitudeDegrees>
              <LongitudeDegrees>-121.8401719</LongitudeDegrees>
            </Position>
            <AltitudeMeters>23.6</AltitudeMeters>
            <DistanceMeters>7246.27</DistanceMeters>
            <HeartRateBpm><Value>141</Value></HeartRateBpm>
            <Cadence>166</Cadence>
          </Trackpoint>
          <Trackpoint>
            <Time>2026-02-14T14:18:06.000Z</Time>
            <Position>
              <LatitudeDegrees>37.3747374</LatitudeDegrees>
              <LongitudeDegrees>-121.8402716</LongitudeDegrees>
            </Position>
            <AltitudeMeters>23.5</AltitudeMeters>
            <DistanceMeters>7258.71</DistanceMeters>
            <HeartRateBpm><Value>141</Value></HeartRateBpm>
            <Cadence>166</Cadence>
          </Trackpoint>
          <Trackpoint>
            <Time>2026-02-14T14:18:11.000Z</Time>
            <Position>
              <LatitudeDegrees>37.3746583</LatitudeDegrees>
              <LongitudeDegrees>-121.8403713</LongitudeDegrees>
            </Position>
            <AltitudeMeters>23.5</AltitudeMeters>
            <DistanceMeters>7271.14</DistanceMeters>
            <HeartRateBpm><Value>141</Value></HeartRateBpm>
            <Cadence>166</Cadence>
          </Trackpoint>
          <Trackpoint>
            <Time>2026-02-14T14:18:16.000Z</Time>
            <Position>
              <LatitudeDegrees>37.3745791</LatitudeDegrees>
              <LongitudeDegrees>-121.8404710</LongitudeDegrees>
            </Position>
            <AltitudeMeters>23.4</AltitudeMeters>
            <DistanceMeters>7283.58</DistanceMeters>
            <HeartRateBpm><Value>141</Value></HeartRateBpm>
            <Cadence>166</Cadence>
          </Trackpoint>
          <Trackpoint>
            <Time>2026-02-14T14:18:21.000Z</Time>
            <Position>
              <LatitudeDegrees>37.3744999</LatitudeDegrees>
              <LongitudeDegrees>-121.8405707</LongitudeDegrees>
            </Position>
            <AltitudeMeters>23.4</AltitudeMeters>
            <DistanceMeters>7296.02</DistanceMeters>
            <HeartRateBpm><Value>142</Value></HeartRateBpm>
            <Cadence>166</Cadence>
          </Trackpoint>
          <Trackpoint>
            <Time>2026-02-14T14:18:26.000Z</Time>
            <Position>
              <LatitudeDegrees>37.3744208</LatitudeDegrees>
              <LongitudeDegrees>-121.8406704</LongitudeDegrees>
            </Position>
            <AltitudeMeters>23.4</AltitudeMeters>
            <DistanceMeters>7308.46</DistanceMeters>
            <HeartRateBpm><Value>142</Value></HeartRateBpm>
            <Cadence>166</Cadence>
          </Trackpoint>
          <Trackpoint>
            <Time>2026-02-14T14:18:31.000Z</Time>
            <Position>
              <LatitudeDegrees>37.3743416</LatitudeDegrees>
              <LongitudeDegrees>-121.8407701</LongitudeDegrees>
            </Position>
            <AltitudeMeters>23.3</AltitudeMeters>
            <DistanceMeters>7320.90</DistanceMeters>
            <HeartRateBpm><Value>142</Value></HeartRateBpm>
            <Cadence>166</Cadence>
          </Trackpoint>
          <Trackpoint>
            <Time>2026-02-14T14:18:36.000Z</Time>
            <Position>
              <LatitudeDegrees>37.3742625</LatitudeDegrees>
              <LongitudeDegrees>-121.8408699</LongitudeDegrees>
            </Position>
            <AltitudeMeters>23.3</AltitudeMeters>
            <DistanceMeters>7333.33</DistanceMeters>
            <HeartRateBpm><Value>142</Value></HeartRateBpm>
            <Cadence>166</Cadence>
          </Trackpoint>
          <Trackpoint>
            <Time>2026-02-14T14:18:41.000Z</Time>
            <Position>
              <LatitudeDegrees>37.3741833</LatitudeDegrees>
              <LongitudeDegrees>-121.8409696</LongitudeDegrees>
            </Position>
            <AltitudeMeters>23.2</AltitudeMeters>
            <DistanceMeters>7345.77</DistanceMeters>
            <HeartRateBpm><Value>142</Value></HeartRateBpm>
            <Cadence>166</Cadence>
          </Trackpoint>
          <Trackpoint>
            <Time>2026-02-14T14:18:46.000Z</Time>
            <Position>
              <LatitudeDegrees>37.3741042</LatitudeDegrees>
              <LongitudeDegrees>-121.8410693</LongitudeDegrees>
            </Position>
            <AltitudeMeters>23.2</AltitudeMeters>
            <DistanceMeters>7358.21</DistanceMeters>
            <HeartRateBpm><Value>142</Value></HeartRateBpm>
            <Cadence>166</Cadence>
          </Trackpoint>
          <Trackpoint>
            <Time>2026-02-14T14:18:51.000Z</Time>
            <Position>
              <LatitudeDegrees>37.3740250</LatitudeDegrees>
              <LongitudeDegrees>-121.8411690</LongitudeDegrees>
            </Position>
            <AltitudeMeters>23.2</AltitudeMeters>
            <DistanceMeters>7370.65</DistanceMeters>
            <HeartRateBpm><Value>142</Value></HeartRateBpm>
            <Cadence>166</Cadence>
          </Trackpoint>
          <Trackpoint>
            <Time>2026-02-14T14:18:56.000Z</Time>
            <Position>
              <LatitudeDegrees>37.3739459</LatitudeDegrees>
              <LongitudeDegrees>-121.8412687</LongitudeDegrees>
            </Position>
            <AltitudeMeters>23.1</AltitudeMeters>
            <DistanceMeters>7383.08</DistanceMeters>
            <HeartRateBpm><Value>142</Value></HeartRateBpm>
            <Cadence>166</Cadence>
          </Trackpoint>
          <Trackpoint>
            <Time>2026-02-14T14:19:01.000Z</Time>
            <Position>
              <LatitudeDegrees>37.3738667</LatitudeDegrees>
              <LongitudeDegrees>-121.8413684</LongitudeDegrees>
            </Position>
            <AltitudeMeters>23.1</AltitudeMeters>
            <DistanceMeters>7395.52</DistanceMeters>
            <HeartRateBpm><Value>142</Value></HeartRateBpm>
            <Cadence>166</Cadence>
          </Trackpoint>
          <Trackpoint>
            <Time>2026-02-14T14:19:06.000Z</Time>
            <Position>
              <LatitudeDegrees>37.3737876</LatitudeDegrees>
              <LongitudeDegrees>-121.8414681</LongitudeDegrees>
            </Position>
            <AltitudeMeters>23.1</AltitudeMeters>
            <DistanceMeters>7407.96</DistanceMeters>
            <HeartRateBpm><Value>142</Value></HeartRateBpm>
            <Cadence>166</Cadence>
          </Trackpoint>
          <Trackpoint>
            <Time>2026-02-14T14:19:11.000Z</Time>
            <Position>
              <LatitudeDegrees>37.3737084</LatitudeDegrees>
              <LongitudeDegrees>-121.8415679</LongitudeDegrees>
            </Position>
            <AltitudeMeters>23.1</AltitudeMeters>
            <DistanceMeters>7420.40</DistanceMeters>
            <HeartRateBpm><Value>143</Value></HeartRateBpm>
            <Cadence>166</Cadence>
          </Trackpoint>
          <Trackpoint>
            <Time>2026-02-14T14:19:16.000Z</Time>
            <Position>
              <LatitudeDegrees>37.3736293</LatitudeDegrees>
              <LongitudeDegrees>-121.8416676</LongitudeDegrees>
            </Position>
            <AltitudeMeters>23</AltitudeMeters>
            <DistanceMeters>7432.84</DistanceMeters>
            <HeartRateBpm><Value>143</Value></HeartRateBpm>
            <Cadence>166</Cadence>
          </Trackpoint>
          <Trackpoint>
            <Time>2026-02-14T14:19:21.000Z</Time>
            <Position>
              <LatitudeDegrees>37.3735501</LatitudeDegrees>
              <LongitudeDegrees>-121.8417673</LongitudeDegrees>
            </Position>
            <AltitudeMeters>23</AltitudeMeters>
            <DistanceMeters>7445.27</DistanceMeters>
            <HeartRateBpm><Value>143</Value></HeartRateBpm>
            <Cadence>166</Cadence>
          </Trackpoint>
          <Trackpoint>
            <Time>2026-02-14T14:19:26.000Z</Time>
            <Position>
              <LatitudeDegrees>37.3734709</LatitudeDegrees>
              <LongitudeDegrees>-121.8418670</LongitudeDegrees>
            </Position>
            <AltitudeMeters>23</AltitudeMeters>
            <DistanceMeters>7457.71</DistanceMeters>
            <HeartRateBpm><Value>143</Value></HeartRateBpm>
            <Cadence>166</Cadence>
          </Trackpoint>
          <Trackpoint>
            <Time>2026-02-14T14:19:31.000Z</Time>
            <Position>
              <LatitudeDegrees>37.3733918</LatitudeDegrees>
              <LongitudeDegrees>-121.8419667</LongitudeDegrees>
            </Position>
            <AltitudeMeters>23</AltitudeMeters>
            <DistanceMeters>7470.15</DistanceMeters>
            <HeartRateBpm><Value>143</Value></HeartRateBpm>
            <Cadence>166</Cadence>
          </Trackpoint>
          <Trackpoint>
            <Time>2026-02-14T14:19:36.000Z</Time>
            <Position>
              <LatitudeDegrees>37.3733126</LatitudeDegrees>
              <LongitudeDegrees>-121.8420664</LongitudeDegrees>
            </Position>
            <AltitudeMeters>23</AltitudeMeters>
            <DistanceMeters>7482.59</DistanceMeters>
            <HeartRateBpm><Value>143</Value></HeartRateBpm>
            <Cadence>166</Cadence>
          </Trackpoint>
          <Trackpoint>
            <Time>2026-02-14T14:19:41.000Z</Time>
            <Position>
              <LatitudeDegrees>37.3732335</LatitudeDegrees>
              <LongitudeDegrees>-121.8421662</LongitudeDegrees>
            </Position>
            <AltitudeMeters>23</AltitudeMeters>
            <DistanceMeters>7495.02</DistanceMeters>
            <HeartRateBpm><Value>143</Value></HeartRateBpm>
            <Cadence>166</Cadence>
          </Trackpoint>
          <Trackpoint>
            <Time>2026-02-14T14:19:46.000Z</Time>
            <Position>
              <LatitudeDegrees>37.3731543</LatitudeDegrees>
              <LongitudeDegrees>-121.8422659</LongitudeDegrees>
            </Position>
            <AltitudeMeters>23</AltitudeMeters>
            <DistanceMeters>7507.46</DistanceMeters>
            <HeartRateBpm><Value>143</Value></HeartRateBpm>
            <Cadence>166</Cadence>
          </Trackpoint>
          <Trackpoint>
            <Time>2026-02-14T14:19:51.000Z</Time>
            <Position>
              <LatitudeDegrees>37.3730752</LatitudeDegrees>
              <LongitudeDegrees>-121.8423656</LongitudeDegrees>
            </Position>
            <AltitudeMeters>23</AltitudeMeters>
            <DistanceMeters>7519.90</DistanceMeters>
            <HeartRateBpm><Value>143</Value></HeartRateBpm>
            <Cadence>166</Cadence>
          </Trackpoint>
          <Trackpoint>
            <Time>2026-02-14T14:19:56.000Z</Time>
            <Position>
              <LatitudeDegrees>37.3729960</LatitudeDegrees>
              <LongitudeDegrees>-121.8424653</LongitudeDegrees>
            </Position>
            <AltitudeMeters>23</AltitudeMeters>
            <DistanceMeters>7532.34</DistanceMeters>
            <HeartRateBpm><Value>143</Value></HeartRateBpm>
            <Cadence>166</Cadence>
          </Trackpoint>
          <Trackpoint>
            <Time>2026-02-14T14:20:01.000Z</Time>
            <Position>
              <LatitudeDegrees>37.3729169</LatitudeDegrees>
              <LongitudeDegrees>-121.8425650</LongitudeDegrees>
            </Position>
            <AltitudeMeters>23</AltitudeMeters>
            <DistanceMeters>7544.78</DistanceMeters>
            <HeartRateBpm><Value>143</Value></HeartRateBpm>
            <Cadence>166</Cadence>
          </Trackpoint>
          <Trackpoint>
            <Time>2026-02-14T14:20:06.000Z</Time>
            <Position>
              <LatitudeDegrees>37.3728377</LatitudeDegrees>
              <LongitudeDegrees>-121.8426647</LongitudeDegrees>
            </Position>
            <AltitudeMeters>23</AltitudeMeters>
            <DistanceMeters>7557.21</DistanceMeters>
            <HeartRateBpm><Value>143</Value></HeartRateBpm>
            <Cadence>166</Cadence>
          </Trackpoint>
          <Trackpoint>
            <Time>2026-02-14T14:20:11.000Z</Time>
            <Position>
              <LatitudeDegrees>37.3727586</LatitudeDegrees>
              <LongitudeDegrees>-121.8427644</LongitudeDegrees>
            </Position>
            <AltitudeMeters>23</AltitudeMeters>
            <DistanceMeters>7569.65</DistanceMeters>
            <HeartRateBpm><Value>143</Value></HeartRateBpm>
            <Cadence>166</Cadence>
          </Trackpoint>
          <Trackpoint>
            <Time>2026-02-14T14:20:16.000Z</Time>
            <Position>
              <LatitudeDegrees>37.3726794</LatitudeDegrees>
              <LongitudeDegrees>-121.8428642</LongitudeDegrees>
            </Position>
            <AltitudeMeters>23.1</AltitudeMeters>
            <DistanceMeters>7582.09</DistanceMeters>
            <HeartRateBpm><Value>143</Value></HeartRateBpm>
            <Cadence>166</Cadence>
          </Trackpoint>
          <Trackpoint>
            <Time>2026-02-14T14:20:21.000Z</Time>
            <Position>
              <LatitudeDegrees>37.3726003</LatitudeDegrees>
              <LongitudeDegrees>-121.8429639</LongitudeDegrees>
            </Position>
            <AltitudeMeters>23.1</AltitudeMeters>
            <DistanceMeters>7594.53</DistanceMeters>
            <HeartRateBpm><Value>143</Value></HeartRateBpm>
            <Cadence>166</Cadence>
          </Trackpoint>
          <Trackpoint>
            <Time>2026-02-14T14:20:26.000Z</Time>
            <Position>
              <LatitudeDegrees>37.3725211</LatitudeDegrees>
              <LongitudeDegrees>-121.8430636</LongitudeDegrees>
            </Position>
            <AltitudeMeters>23.1</AltitudeMeters>
            <DistanceMeters>7606.97</DistanceMeters>
            <HeartRateBpm><Value>143</Value></HeartRateBpm>
            <Cadence>166</Cadence>
          </Trackpoint>
          <Trackpoint>
            <Time>2026-02-14T14:20:31.000Z</Time>
            <Position>
              <LatitudeDegrees>37.3724419</LatitudeDegrees>
              <LongitudeDegrees>-121.8431633</LongitudeDegrees>
            </Position>
            <AltitudeMeters>23.1</AltitudeMeters>
            <DistanceMeters>7619.40</DistanceMeters>
            <HeartRateBpm><Value>143</Value></HeartRateBpm>
            <Cadence>166</Cadence>
          </Trackpoint>
          <Trackpoint>
            <Time>2026-02-14T14:20:36.000Z</Time>
            <Position>
              <LatitudeDegrees>37.3723628</LatitudeDegrees>
              <LongitudeDegrees>-121.8432630</LongitudeDegrees>
            </Position>
            <AltitudeMeters>23.2</AltitudeMeters>
            <DistanceMeters>7631.84</DistanceMeters>
            <HeartRateBpm><Value>143</Value></HeartRateBpm>
            <Cadence>166</Cadence>
          </Trackpoint>
          <Trackpoint>
            <Time>2026-02-14T14:20:41.000Z</Time>
            <Position>
              <LatitudeDegrees>37.3722836</LatitudeDegrees>
              <LongitudeDegrees>-121.8433627</LongitudeDegrees>
            </Position>
            <AltitudeMeters>23.2</AltitudeMeters>
            <DistanceMeters>7644.28</DistanceMeters>
            <HeartRateBpm><Value>143</Value></HeartRateBpm>
            <Cadence>166</Cadence>
          </Trackpoint>
          <Trackpoint>
            <Time>2026-02-14T14:20:46.000Z</Time>
            <Position>
              <LatitudeDegrees>37.3722045</LatitudeDegrees>
              <LongitudeDegrees>-121.8434624</LongitudeDegrees>
            </Position>
            <AltitudeMeters>23.2</AltitudeMeters>
            <DistanceMeters>7656.72</DistanceMeters>
            <HeartRateBpm><Value>143</Value></HeartRateBpm>
            <Cadence>166</Cadence>
          </Trackpoint>
          <Trackpoint>
            <Time>2026-02-14T14:20:51.000Z</Time>
            <Position>
              <LatitudeDegrees>37.3721253</LatitudeDegrees>
              <LongitudeDegrees>-121.8435622</LongitudeDegrees>
            </Position>
            <AltitudeMeters>23.3</AltitudeMeters>
            <DistanceMeters>7669.15</DistanceMeters>
            <HeartRateBpm><Value>143</Value></HeartRateBpm>
            <Cadence>166</Cadence>
          </Trackpoint>
          <Trackpoint>
            <Time>2026-02-14T14:20:56.000Z</Time>
            <Position>
              <LatitudeDegrees>37.3720462</LatitudeDegrees>
              <LongitudeDegrees>-121.8436619</LongitudeDegrees>
            </Position>
            <AltitudeMeters>23.3</AltitudeMeters>
            <DistanceMeters>7681.59</DistanceMeters>
            <HeartRateBpm><Value>143</Value></HeartRateBpm>
            <Cadence>166</Cadence>
          </Trackpoint>
          <Trackpoint>
            <Time>2026-02-14T14:21:01.000Z</Time>
            <Position>
              <LatitudeDegrees>37.3719670</LatitudeDegrees>
              <LongitudeDegrees>-121.8437616</LongitudeDegrees>
            </Position>
            <AltitudeMeters>23.4</AltitudeMeters>
            <DistanceMeters>7694.03</DistanceMeters>
            <HeartRateBpm><Value>143</Value></HeartRateBpm>
            <Cadence>166</Cadence>
          </Trackpoint>
          <Trackpoint>
            <Time>2026-02-14T14:21:06.000Z</Time>
            <Position>
              <LatitudeDegrees>37.3718879</LatitudeDegrees>
              <LongitudeDegrees>-121.8438613</LongitudeDegrees>
            </Position>
            <AltitudeMeters>23.4</AltitudeMeters>
            <DistanceMeters>7706.47</DistanceMeters>
            <HeartRateBpm><Value>143</Value></HeartRateBpm>
            <Cadence>166</Cadence>
          </Trackpoint>
          <Trackpoint>
            <Time>2026-02-14T14:21:11.000Z</Time>
            <Position>
              <LatitudeDegrees>37.3718087</LatitudeDegrees>
              <LongitudeDegrees>-121.8439610</LongitudeDegrees>
            </Position>
            <AltitudeMeters>23.5</AltitudeMeters>
            <DistanceMeters>7718.91</DistanceMeters>
            <HeartRateBpm><Value>143</Value></HeartRateBpm>
            <Cadence>166</Cadence>
          </Trackpoint>
          <Trackpoint>
            <Time>2026-02-14T14:21:16.000Z</Time>
            <Position>
              <LatitudeDegrees>37.3717296</LatitudeDegrees>
              <LongitudeDegrees>-121.8440607</LongitudeDegrees>
            </Position>
            <AltitudeMeters>23.5</AltitudeMeters>
            <DistanceMeters>7731.34</DistanceMeters>
            <HeartRateBpm><Value>143</Value></HeartRateBpm>
            <Cadence>166</Cadence>
          </Trackpoint>
          <Trackpoint>
            <Time>2026-02-14T14:21:21.000Z</Time>
            <Position>
              <LatitudeDegrees>37.3716504</LatitudeDegrees>
              <LongitudeDegrees>-121.8441605</LongitudeDegrees>
            </Position>
            <AltitudeMeters>23.6</AltitudeMeters>
            <DistanceMeters>7743.78</DistanceMeters>
            <HeartRateBpm><Value>143</Value></HeartRateBpm>
            <Cadence>166</Cadence>
          </Trackpoint>
          <Trackpoint>
            <Time>2026-02-14T14:21:26.000Z</Time>
            <Position>
              <LatitudeDegrees>37.3715713</LatitudeDegrees>
              <LongitudeDegrees>-121.8442602</LongitudeDegrees>
            </Position>
            <AltitudeMeters>23.6</AltitudeMeters>
            <DistanceMeters>7756.22</DistanceMeters>
            <HeartRateBpm><Value>143</Value></HeartRateBpm>
            <Cadence>166</Cadence>
          </Trackpoint>
          <Trackpoint>
            <Time>2026-02-14T14:21:31.000Z</Time>
            <Position>
              <LatitudeDegrees>37.3714921</LatitudeDegrees>
              <LongitudeDegrees>-121.8443599</LongitudeDegrees>
            </Position>
            <AltitudeMeters>23.7</AltitudeMeters>
            <DistanceMeters>7768.66</DistanceMeters>
            <HeartRateBpm><Value>143</Value></HeartRateBpm>
            <Cadence>166</Cadence>
          </Trackpoint>
          <Trackpoint>
            <Time>2026-02-14T14:21:36.000Z</Time>
            <Position>
              <LatitudeDegrees>37.3714129</LatitudeDegrees>
              <LongitudeDegrees>-121.8444596</LongitudeDegrees>
            </Position>
            <AltitudeMeters>23.7</AltitudeMeters>
            <DistanceMeters>7781.09</DistanceMeters>
            <HeartRateBpm><Value>143</Value></HeartRateBpm>
            <Cadence>166</Cadence>
          </Trackpoint>
          <Trackpoint>
            <Time>2026-02-14T14:21:41.000Z</Time>
            <Position>
              <LatitudeDegrees>37.3713338</LatitudeDegrees>
              <LongitudeDegrees>-121.8445593</LongitudeDegrees>
            </Position>
            <AltitudeMeters>23.8</AltitudeMeters>
            <DistanceMeters>7793.53</DistanceMeters>
            <HeartRateBpm><Value>143</Value></HeartRateBpm>
            <Cadence>166</Cadence>
          </Trackpoint>
          <Trackpoint>
            <Time>2026-02-14T14:21:46.000Z</Time>
            <Position>
              <LatitudeDegrees>37.3712546</LatitudeDegrees>
              <LongitudeDegrees>-121.8446590</LongitudeDegrees>
            </Position>
            <AltitudeMeters>23.9</AltitudeMeters>
            <DistanceMeters>7805.97</DistanceMeters>
            <HeartRateBpm><Value>143</Value></HeartRateBpm>
            <Cadence>166</Cadence>
          </Trackpoint>
          <Trackpoint>
            <Time>2026-02-14T14:21:51.000Z</Time>
            <Position>
              <LatitudeDegrees>37.3711755</LatitudeDegrees>
              <LongitudeDegrees>-121.8447587</LongitudeDegrees>
            </Position>
            <AltitudeMeters>23.9</AltitudeMeters>
            <DistanceMeters>7818.41</DistanceMeters>
            <HeartRateBpm><Value>143</Value></HeartRateBpm>
            <Cadence>166</Cadence>
          </Trackpoint>
          <Trackpoint>
            <Time>2026-02-14T14:21:56.000Z</Time>
            <Position>
              <LatitudeDegrees>37.3710963</LatitudeDegrees>
              <LongitudeDegrees>-121.8448585</LongitudeDegrees>
            </Position>
            <AltitudeMeters>24</AltitudeMeters>
            <DistanceMeters>7830.85</DistanceMeters>
            <HeartRateBpm><Value>143</Value></HeartRateBpm>
            <Cadence>166</Cadence>
          </Trackpoint>
          <Trackpoint>
            <Time>2026-02-14T14:22:01.000Z</Time>
            <Position>
              <LatitudeDegrees>37.3710172</LatitudeDegrees>
              <LongitudeDegrees>-121.8449582</LongitudeDegrees>
            </Position>
            <AltitudeMeters>24.1</AltitudeMeters>
            <DistanceMeters>7843.28</DistanceMeters>
            <HeartRateBpm><Value>143</Value></HeartRateBpm>
            <Cadence>166</Cadence>
          </Trackpoint>
          <Trackpoint>
            <Time>2026-02-14T14:22:06.000Z</Time>
            <Position>
              <LatitudeDegrees>37.3709380</LatitudeDegrees>
              <LongitudeDegrees>-121.8450579</LongitudeDegrees>
            </Position>
            <AltitudeMeters>24.1</AltitudeMeters>
            <DistanceMeters>7855.72</DistanceMeters>
            <HeartRateBpm><Value>143</Value></HeartRateBpm>
            <Cadence>166</Cadence>
          </Trackpoint>
          <Trackpoint>
            <Time>2026-02-14T14:22:11.000Z</Time>
            <Position>
              <LatitudeDegrees>37.3708589</LatitudeDegrees>
              <LongitudeDegrees>-121.8451576</LongitudeDegrees>
            </Position>
            <AltitudeMeters>24.2</AltitudeMeters>
            <DistanceMeters>7868.16</DistanceMeters>
            <HeartRateBpm><Value>143</Value></HeartRateBpm>
            <Cadence>166</Cadence>
          </Trackpoint>
          <Trackpoint>
            <Time>2026-02-14T14:22:16.000Z</Time>
            <Position>
              <LatitudeDegrees>37.3707797</LatitudeDegrees>
              <LongitudeDegrees>-121.8452573</LongitudeDegrees>
            </Position>
            <AltitudeMeters>24.3</AltitudeMeters>
            <DistanceMeters>7880.60</DistanceMeters>
            <HeartRateBpm><Value>143</Value></HeartRateBpm>
            <Cadence>166</Cadence>
          </Trackpoint>
          <Trackpoint>
            <Time>2026-02-14T14:22:21.000Z</Time>
            <Position>
              <LatitudeDegrees>37.3707006</LatitudeDegrees>
              <LongitudeDegrees>-121.8453570</LongitudeDegrees>
            </Position>
            <AltitudeMeters>24.3</AltitudeMeters>
            <DistanceMeters>7893.03</DistanceMeters>
            <HeartRateBpm><Value>143</Value></HeartRateBpm>
            <Cadence>166</Cadence>
          </Trackpoint>
          <Trackpoint>
            <Time>2026-02-14T14:22:26.000Z</Time>
            <Position>
              <LatitudeDegrees>37.3706214</LatitudeDegrees>
              <LongitudeDegrees>-121.8454567</LongitudeDegrees>
            </Position>
            <AltitudeMeters>24.4</AltitudeMeters>
            <DistanceMeters>7905.47</DistanceMeters>
            <HeartRateBpm><Value>143</Value></HeartRateBpm>
            <Cadence>166</Cadence>
          </Trackpoint>
          <Trackpoint>
            <Time>2026-02-14T14:22:31.000Z</Time>
            <Position>
              <LatitudeDegrees>37.3705423</LatitudeDegrees>
              <LongitudeDegrees>-121.8455565</LongitudeDegrees>
            </Position>
            <AltitudeMeters>24.5</AltitudeMeters>
            <DistanceMeters>7917.91</DistanceMeters>
            <HeartRateBpm><Value>143</Value></HeartRateBpm>
            <Cadence>166</Cadence>
          </Trackpoint>
          <Trackpoint>
            <Time>2026-02-14T14:22:36.000Z</Time>
            <Position>
              <LatitudeDegrees>37.3704631</LatitudeDegrees>
              <LongitudeDegrees>-121.8456562</LongitudeDegrees>
            </Position>
            <AltitudeMeters>24.6</AltitudeMeters>
            <DistanceMeters>7930.35</DistanceMeters>
            <HeartRateBpm><Value>143</Value></HeartRateBpm>
            <Cadence>166</Cadence>
          </Trackpoint>
          <Trackpoint>
            <Time>2026-02-14T14:22:41.000Z</Time>
            <Position>
              <LatitudeDegrees>37.3703839</LatitudeDegrees>
              <LongitudeDegrees>-121.8457559</LongitudeDegrees>
            </Position>
            <AltitudeMeters>24.6</AltitudeMeters>
            <DistanceMeters>7942.79</DistanceMeters>
            <HeartRateBpm><Value>143</Value></HeartRateBpm>
            <Cadence>166</Cadence>
          </Trackpoint>
          <Trackpoint>
            <Time>2026-02-14T14:22:46.000Z</Time>
            <Position>
              <LatitudeDegrees>37.3703048</LatitudeDegrees>
              <LongitudeDegrees>-121.8458556</LongitudeDegrees>
            </Position>
            <AltitudeMeters>24.7</AltitudeMeters>
            <DistanceMeters>7955.22</DistanceMeters>
            <HeartRateBpm><Value>143</Value></HeartRateBpm>
            <Cadence>166</Cadence>
          </Trackpoint>
          <Trackpoint>
            <Time>2026-02-14T14:22:51.000Z</Time>
            <Position>
              <LatitudeDegrees>37.3702256</LatitudeDegrees>
              <LongitudeDegrees>-121.8459553</LongitudeDegrees>
            </Position>
            <AltitudeMeters>24.8</AltitudeMeters>
            <DistanceMeters>7967.66</DistanceMeters>
            <HeartRateBpm><Value>143</Value></HeartRateBpm>
            <Cadence>166</Cadence>
          </Trackpoint>
          <Trackpoint>
            <Time>2026-02-14T14:22:56.000Z</Time>
            <Position>
              <LatitudeDegrees>37.3701465</LatitudeDegrees>
              <LongitudeDegrees>-121.8460550</LongitudeDegrees>
            </Position>
            <AltitudeMeters>24.9</AltitudeMeters>
            <DistanceMeters>7980.10</DistanceMeters>
            <HeartRateBpm><Value>143</Value></HeartRateBpm>
            <Cadence>166</Cadence>
          </Trackpoint>
          <Trackpoint>
            <Time>2026-02-14T14:23:01.000Z</Time>
            <Position>
              <LatitudeDegrees>37.3700673</LatitudeDegrees>
              <LongitudeDegrees>-121.8461548</LongitudeDegrees>
            </Position>
            <AltitudeMeters>25</AltitudeMeters>
            <DistanceMeters>7992.54</DistanceMeters>
            <HeartRateBpm><Value>143</Value></HeartRateBpm>
            <Cadence>166</Cadence>
          </Trackpoint>
          <Trackpoint>
            <Time>2026-02-14T14:23:06.000Z</Time>
            <Position>
              <LatitudeDegrees>37.3699882</LatitudeDegrees>
              <LongitudeDegrees>-121.8462545</LongitudeDegrees>
            </Position>
            <AltitudeMeters>25</AltitudeMeters>
            <DistanceMeters>8004.98</DistanceMeters>
            <HeartRateBpm><Value>143</Value></HeartRateBpm>
            <Cadence>166</Cadence>
          </Trackpoint>
          <Trackpoint>
            <Time>2026-02-14T14:23:11.000Z</Time>
            <Position>
              <LatitudeDegrees>37.3699090</LatitudeDegrees>
              <LongitudeDegrees>-121.8463542</LongitudeDegrees>
            </Position>
            <AltitudeMeters>25.1</AltitudeMeters>
            <DistanceMeters>8017.41</DistanceMeters>
            <HeartRateBpm><Value>143</Value></HeartRateBpm>
            <Cadence>166</Cadence>
          </Trackpoint>
          <Trackpoint>
            <Time>2026-02-14T14:23:16.000Z</Time>
            <Position>
              <LatitudeDegrees>37.3698299</LatitudeDegrees>
              <LongitudeDegrees>-121.8464539</LongitudeDegrees>
            </Position>
            <AltitudeMeters>25.2</AltitudeMeters>
            <DistanceMeters>8029.85</DistanceMeters>
            <HeartRateBpm><Value>143</Value></HeartRateBpm>
            <Cadence>166</Cadence>
          </Trackpoint>
          <Trackpoint>
            <Time>2026-02-14T14:23:21.000Z</Time>
            <Position>
              <LatitudeDegrees>37.3697507</LatitudeDegrees>
              <LongitudeDegrees>-121.8465536</LongitudeDegrees>
            </Position>
            <AltitudeMeters>25.3</AltitudeMeters>
            <DistanceMeters>8042.29</DistanceMeters>
            <HeartRateBpm><Value>143</Value></HeartRateBpm>
            <Cadence>166</Cadence>
          </Trackpoint>
          <Trackpoint>
            <Time>2026-02-14T14:23:26.000Z</Time>
            <Position>
              <LatitudeDegrees>37.3696716</LatitudeDegrees>
              <LongitudeDegrees>-121.8466533</LongitudeDegrees>
            </Position>
            <AltitudeMeters>25.3</AltitudeMeters>
            <DistanceMeters>8054.73</DistanceMeters>
            <HeartRateBpm><Value>143</Value></HeartRateBpm>
            <Cadence>166</Cadence>
          </Trackpoint>
          <Trackpoint>
            <Time>2026-02-14T14:23:31.000Z</Time>
            <Position>
              <LatitudeDegrees>37.3695924</LatitudeDegrees>
              <LongitudeDegrees>-121.8467530</LongitudeDegrees>
            </Position>
            <AltitudeMeters>25.4</AltitudeMeters>
            <DistanceMeters>8067.16</DistanceMeters>
            <HeartRateBpm><Value>143</Value></HeartRateBpm>
            <Cadence>166</Cadence>
          </Trackpoint>
          <Trackpoint>
            <Time>2026-02-14T14:23:36.000Z</Time>
            <Position>
              <LatitudeDegrees>37.3695133</LatitudeDegrees>
              <LongitudeDegrees>-121.8468528</LongitudeDegrees>
            </Position>
            <AltitudeMeters>25.5</AltitudeMeters>
            <DistanceMeters>8079.60</DistanceMeters>
            <HeartRateBpm><Value>143</Value></HeartRateBpm>
            <Cadence>166</Cadence>
          </Trackpoint>
          <Trackpoint>
            <Time>2026-02-14T14:23:41.000Z</Time>
            <Position>
              <LatitudeDegrees>37.3694341</LatitudeDegrees>
              <LongitudeDegrees>-121.8469525</LongitudeDegrees>
            </Position>
            <AltitudeMeters>25.6</AltitudeMeters>
            <DistanceMeters>8092.04</DistanceMeters>
            <HeartRateBpm><Value>143</Value></HeartRateBpm>
            <Cadence>166</Cadence>
          </Trackpoint>
          <Trackpoint>
            <Time>2026-02-14T14:23:46.000Z</Time>
            <Position>
              <LatitudeDegrees>37.3693549</LatitudeDegrees>
              <LongitudeDegrees>-121.8470522</LongitudeDegrees>
            </Position>
            <AltitudeMeters>25.6</AltitudeMeters>
            <DistanceMeters>8104.48</DistanceMeters>
            <HeartRateBpm><Value>143</Value></HeartRateBpm>
            <Cadence>166</Cadence>
          </Trackpoint>
          <Trackpoint>
            <Time>2026-02-14T14:23:51.000Z</Time>
            <Position>
              <LatitudeDegrees>37.3692758</LatitudeDegrees>
              <LongitudeDegrees>-121.8471519</LongitudeDegrees>
            </Position>
            <AltitudeMeters>25.7</AltitudeMeters>
            <DistanceMeters>8116.92</DistanceMeters>
            <HeartRateBpm><Value>143</Value></HeartRateBpm>
            <Cadence>166</Cadence>
          </Trackpoint>
          <Trackpoint>
            <Time>2026-02-14T14:23:56.000Z</Time>
            <Position>
              <LatitudeDegrees>37.3691966</LatitudeDegrees>
              <LongitudeDegrees>-121.8472516</LongitudeDegrees>
            </Position>
            <AltitudeMeters>25.8</AltitudeMeters>
            <DistanceMeters>8129.35</DistanceMeters>
            <HeartRateBpm><Value>143</Value></HeartRateBpm>
            <Cadence>166</Cadence>
          </Trackpoint>
          <Trackpoint>
            <Time>2026-02-14T14:24:01.000Z</Time>
            <Position>
              <LatitudeDegrees>37.3691175</LatitudeDegrees>
              <LongitudeDegrees>-121.8473513</LongitudeDegrees>
            </Position>
            <AltitudeMeters>25.9</AltitudeMeters>
            <DistanceMeters>8141.79</DistanceMeters>
            <HeartRateBpm><Value>143</Value></HeartRateBpm>
            <Cadence>166</Cadence>
          </Trackpoint>
          <Trackpoint>
            <Time>2026-02-14T14:24:06.000Z</Time>
            <Position>
              <LatitudeDegrees>37.3690383</LatitudeDegrees>
              <LongitudeDegrees>-121.8474510</LongitudeDegrees>
            </Position>
            <AltitudeMeters>25.9</AltitudeMeters>
            <DistanceMeters>8154.23</DistanceMeters>
            <HeartRateBpm><Value>143</Value></HeartRateBpm>
            <Cadence>166</Cadence>
          </Trackpoint>
          <Trackpoint>
            <Time>2026-02-14T14:24:11.000Z</Time>
            <Position>
              <LatitudeDegrees>37.3689592</LatitudeDegrees>
              <LongitudeDegrees>-121.8475508</LongitudeDegrees>
            </Position>
            <AltitudeMeters>26</AltitudeMeters>
            <DistanceMeters>8166.67</DistanceMeters>
            <HeartRateBpm><Value>143</Value></HeartRateBpm>
            <Cadence>166</Cadence>
          </Trackpoint>
          <Trackpoint>
            <Time>2026-02-14T14:24:16.000Z</Time>
            <Position>
              <LatitudeDegrees>37.3688800</LatitudeDegrees>
              <LongitudeDegrees>-121.8476505</LongitudeDegrees>
            </Position>
            <AltitudeMeters>26.1</AltitudeMeters>
            <DistanceMeters>8179.10</DistanceMeters>
            <HeartRateBpm><Value>143</Value></HeartRateBpm>
            <Cadence>166</Cadence>
          </Trackpoint>
          <Trackpoint>
            <Time>2026-02-14T14:24:21.000Z</Time>
            <Position>
              <LatitudeDegrees>37.3688009</LatitudeDegrees>
              <LongitudeDegrees>-121.8477502</LongitudeDegrees>
            </Position>
            <AltitudeMeters>26.1</AltitudeMeters>
            <DistanceMeters>8191.54</DistanceMeters>
            <HeartRateBpm><Value>143</Value></HeartRateBpm>
            <Cadence>166</Cadence>
          </Trackpoint>
          <Trackpoint>
            <Time>2026-02-14T14:24:26.000Z</Time>
            <Position>
              <LatitudeDegrees>37.3687217</LatitudeDegrees>
              <LongitudeDegrees>-121.8478499</LongitudeDegrees>
            </Position>
            <AltitudeMeters>26.2</AltitudeMeters>
            <DistanceMeters>8203.98</DistanceMeters>
            <HeartRateBpm><Value>143</Value></HeartRateBpm>
            <Cadence>166</Cadence>
          </Trackpoint>
          <Trackpoint>
            <Time>2026-02-14T14:24:31.000Z</Time>
            <Position>
              <LatitudeDegrees>37.3686426</LatitudeDegrees>
              <LongitudeDegrees>-121.8479496</LongitudeDegrees>
            </Position>
            <AltitudeMeters>26.3</AltitudeMeters>
            <DistanceMeters>8216.42</DistanceMeters>
            <HeartRateBpm><Value>143</Value></HeartRateBpm>
            <Cadence>166</Cadence>
          </Trackpoint>
          <Trackpoint>
            <Time>2026-02-14T14:24:36.000Z</Time>
            <Position>
              <LatitudeDegrees>37.3685634</LatitudeDegrees>
              <LongitudeDegrees>-121.8480493</LongitudeDegrees>
            </Position>
            <AltitudeMeters>26.3</AltitudeMeters>
            <DistanceMeters>8228.86</DistanceMeters>
            <HeartRateBpm><Value>143</Value></HeartRateBpm>
            <Cadence>166</Cadence>
          </Trackpoint>
          <Trackpoint>
            <Time>2026-02-14T14:24:41.000Z</Time>
            <Position>
              <LatitudeDegrees>37.3684843</LatitudeDegrees>
              <LongitudeDegrees>-121.8481491</LongitudeDegrees>
            </Position>
            <AltitudeMeters>26.4</AltitudeMeters>
            <DistanceMeters>8241.29</DistanceMeters>
            <HeartRateBpm><Value>143</Value></HeartRateBpm>
            <Cadence>166</Cadence>
          </Trackpoint>
          <Trackpoint>
            <Time>2026-02-14T14:24:46.000Z</Time>
            <Position>
              <LatitudeDegrees>37.3684051</LatitudeDegrees>
              <LongitudeDegrees>-121.8482488</LongitudeDegrees>
            </Position>
            <AltitudeMeters>26.4</AltitudeMeters>
            <DistanceMeters>8253.73</DistanceMeters>
            <HeartRateBpm><Value>143</Value></HeartRateBpm>
            <Cadence>166</Cadence>
          </Trackpoint>
          <Trackpoint>
            <Time>2026-02-14T14:24:51.000Z</Time>
            <Position>
              <LatitudeDegrees>37.3683259</LatitudeDegrees>
              <LongitudeDegrees>-121.8483485</LongitudeDegrees>
            </Position>
            <AltitudeMeters>26.5</AltitudeMeters>
            <DistanceMeters>8266.17</DistanceMeters>
            <HeartRateBpm><Value>143</Value></HeartRateBpm>
            <Cadence>166</Cadence>
          </Trackpoint>
          <Trackpoint>
            <Time>2026-02-14T14:24:56.000Z</Time>
            <Position>
              <LatitudeDegrees>37.3682468</LatitudeDegrees>
              <LongitudeDegrees>-121.8484482</LongitudeDegrees>
            </Position>
            <AltitudeMeters>26.5</AltitudeMeters>
            <DistanceMeters>8278.61</DistanceMeters>
            <HeartRateBpm><Value>143</Value></HeartRateBpm>
            <Cadence>166</Cadence>
          </Trackpoint>
          <Trackpoint>
            <Time>2026-02-14T14:25:01.000Z</Time>
            <Position>
              <LatitudeDegrees>37.3681676</LatitudeDegrees>
              <LongitudeDegrees>-121.8485479</LongitudeDegrees>
            </Position>
            <AltitudeMeters>26.6</AltitudeMeters>
            <DistanceMeters>8291.04</DistanceMeters>
            <HeartRateBpm><Value>143</Value></HeartRateBpm>
            <Cadence>166</Cadence>
          </Trackpoint>
          <Trackpoint>
            <Time>2026-02-14T14:25:06.000Z</Time>
            <Position>
              <LatitudeDegrees>37.3680885</LatitudeDegrees>
              <LongitudeDegrees>-121.8486476</LongitudeDegrees>
            </Position>
            <AltitudeMeters>26.6</AltitudeMeters>
            <DistanceMeters>8303.48</DistanceMeters>
            <HeartRateBpm><Value>143</Value></HeartRateBpm>
            <Cadence>166</Cadence>
          </Trackpoint>
          <Trackpoint>
            <Time>2026-02-14T14:25:11.000Z</Time>
            <Position>
              <LatitudeDegrees>37.3680093</LatitudeDegrees>
              <LongitudeDegrees>-121.8487473</LongitudeDegrees>
            </Position>
            <AltitudeMeters>26.7</AltitudeMeters>
            <DistanceMeters>8315.92</DistanceMeters>
            <HeartRateBpm><Value>143</Value></HeartRateBpm>
            <Cadence>166</Cadence>
          </Trackpoint>
          <Trackpoint>
            <Time>2026-02-14T14:25:16.000Z</Time>
            <Position>
              <LatitudeDegrees>37.3679302</LatitudeDegrees>
              <LongitudeDegrees>-121.8488471</LongitudeDegrees>
            </Position>
            <AltitudeMeters>26.7</AltitudeMeters>
            <DistanceMeters>8328.36</DistanceMeters>
            <HeartRateBpm><Value>143</Value></HeartRateBpm>
            <Cadence>166</Cadence>
          </Trackpoint>
          <Trackpoint>
            <Time>2026-02-14T14:25:21.000Z</Time>
            <Position>
              <LatitudeDegrees>37.3678510</LatitudeDegrees>
              <LongitudeDegrees>-121.8489468</LongitudeDegrees>
            </Position>
            <AltitudeMeters>26.8</AltitudeMeters>
            <DistanceMeters>8340.80</DistanceMeters>
            <HeartRateBpm><Value>143</Value></HeartRateBpm>
            <Cadence>166</Cadence>
          </Trackpoint>
          <Trackpoint>
            <Time>2026-02-14T14:25:26.000Z</Time>
            <Position>
              <LatitudeDegrees>37.3677719</LatitudeDegrees>
              <LongitudeDegrees>-121.8490465</LongitudeDegrees>
            </Position>
            <AltitudeMeters>26.8</AltitudeMeters>
            <DistanceMeters>8353.23</DistanceMeters>
            <HeartRateBpm><Value>143</Value></HeartRateBpm>
            <Cadence>166</Cadence>
          </Trackpoint>
          <Trackpoint>
            <Time>2026-02-14T14:25:31.000Z</Time>
            <Position>
              <LatitudeDegrees>37.3676927</LatitudeDegrees>
              <LongitudeDegrees>-121.8491462</LongitudeDegrees>
            </Position>
            <AltitudeMeters>26.8</AltitudeMeters>
            <DistanceMeters>8365.67</DistanceMeters>
            <HeartRateBpm><Value>143</Value></HeartRateBpm>
            <Cadence>166</Cadence>
          </Trackpoint>
          <Trackpoint>
            <Time>2026-02-14T14:25:36.000Z</Time>
            <Position>
              <LatitudeDegrees>37.3676136</LatitudeDegrees>
              <LongitudeDegrees>-121.8492459</LongitudeDegrees>
            </Position>
            <AltitudeMeters>26.9</AltitudeMeters>
            <DistanceMeters>8378.11</DistanceMeters>
            <HeartRateBpm><Value>143</Value></HeartRateBpm>
            <Cadence>166</Cadence>
          </Trackpoint>
          <Trackpoint>
            <Time>2026-02-14T14:25:41.000Z</Time>
            <Position>
              <LatitudeDegrees>37.3675344</LatitudeDegrees>
              <LongitudeDegrees>-121.8493456</LongitudeDegrees>
            </Position>
            <AltitudeMeters>26.9</AltitudeMeters>
            <DistanceMeters>8390.55</DistanceMeters>
            <HeartRateBpm><Value>143</Value></HeartRateBpm>
            <Cadence>166</Cadence>
          </Trackpoint>
          <Trackpoint>
            <Time>2026-02-14T14:25:46.000Z</Time>
            <Position>
              <LatitudeDegrees>37.3674553</LatitudeDegrees>
              <LongitudeDegrees>-121.8494453</LongitudeDegrees>
            </Position>
            <AltitudeMeters>26.9</AltitudeMeters>
            <DistanceMeters>8402.99</DistanceMeters>
            <HeartRateBpm><Value>143</Value></HeartRateBpm>
            <Cadence>166</Cadence>
          </Trackpoint>
          <Trackpoint>
            <Time>2026-02-14T14:25:51.000Z</Time>
            <Position>
              <LatitudeDegrees>37.3673761</LatitudeDegrees>
              <LongitudeDegrees>-121.8495451</LongitudeDegrees>
            </Position>
            <AltitudeMeters>26.9</AltitudeMeters>
            <DistanceMeters>8415.42</DistanceMeters>
            <HeartRateBpm><Value>143</Value></HeartRateBpm>
            <Cadence>166</Cadence>
          </Trackpoint>
          <Trackpoint>
            <Time>2026-02-14T14:25:56.000Z</Time>
            <Position>
              <LatitudeDegrees>37.3672969</LatitudeDegrees>
              <LongitudeDegrees>-121.8496448</LongitudeDegrees>
            </Position>
            <AltitudeMeters>26.9</AltitudeMeters>
            <DistanceMeters>8427.86</DistanceMeters>
            <HeartRateBpm><Value>143</Value></HeartRateBpm>
            <Cadence>166</Cadence>
          </Trackpoint>
          <Trackpoint>
            <Time>2026-02-14T14:26:01.000Z</Time>
            <Position>
              <LatitudeDegrees>37.3672178</LatitudeDegrees>
              <LongitudeDegrees>-121.8497445</LongitudeDegrees>
            </Position>
            <AltitudeMeters>27</AltitudeMeters>
            <DistanceMeters>8440.30</DistanceMeters>
            <HeartRateBpm><Value>143</Value></HeartRateBpm>
            <Cadence>166</Cadence>
          </Trackpoint>
          <Trackpoint>
            <Time>2026-02-14T14:26:06.000Z</Time>
            <Position>
              <LatitudeDegrees>37.3671386</LatitudeDegrees>
              <LongitudeDegrees>-121.8498442</LongitudeDegrees>
            </Position>
            <AltitudeMeters>27</AltitudeMeters>
            <DistanceMeters>8452.74</DistanceMeters>
            <HeartRateBpm><Value>143</Value></HeartRateBpm>
            <Cadence>166</Cadence>
          </Trackpoint>
          <Trackpoint>
            <Time>2026-02-14T14:26:11.000Z</Time>
            <Position>
              <LatitudeDegrees>37.3670595</LatitudeDegrees>
              <LongitudeDegrees>-121.8499439</LongitudeDegrees>
            </Position>
            <AltitudeMeters>27</AltitudeMeters>
            <DistanceMeters>8465.17</DistanceMeters>
            <HeartRateBpm><Value>143</Value></HeartRateBpm>
            <Cadence>166</Cadence>
          </Trackpoint>
          <Trackpoint>
            <Time>2026-02-14T14:26:16.000Z</Time>
            <Position>
              <LatitudeDegrees>37.3669803</LatitudeDegrees>
              <LongitudeDegrees>-121.8500436</LongitudeDegrees>
            </Position>
            <AltitudeMeters>27</AltitudeMeters>
            <DistanceMeters>8477.61</DistanceMeters>
            <HeartRateBpm><Value>143</Value></HeartRateBpm>
            <Cadence>166</Cadence>
          </Trackpoint>
          <Trackpoint>
            <Time>2026-02-14T14:26:21.000Z</Time>
            <Position>
              <LatitudeDegrees>37.3669012</LatitudeDegrees>
              <LongitudeDegrees>-121.8501434</LongitudeDegrees>
            </Position>
            <AltitudeMeters>27</AltitudeMeters>
            <DistanceMeters>8490.05</DistanceMeters>
            <HeartRateBpm><Value>143</Value></HeartRateBpm>
            <Cadence>166</Cadence>
          </Trackpoint>
          <Trackpoint>
            <Time>2026-02-14T14:26:26.000Z</Time>
            <Position>
              <LatitudeDegrees>37.3668220</LatitudeDegrees>
              <LongitudeDegrees>-121.8502431</LongitudeDegrees>
            </Position>
            <AltitudeMeters>27</AltitudeMeters>
            <DistanceMeters>8502.49</DistanceMeters>
            <HeartRateBpm><Value>143</Value></HeartRateBpm>
            <Cadence>166</Cadence>
          </Trackpoint>
          <Trackpoint>
            <Time>2026-02-14T14:26:31.000Z</Time>
            <Position>
              <LatitudeDegrees>37.3667429</LatitudeDegrees>
              <LongitudeDegrees>-121.8503428</LongitudeDegrees>
            </Position>
            <AltitudeMeters>27</AltitudeMeters>
            <DistanceMeters>8514.93</DistanceMeters>
            <HeartRateBpm><Value>143</Value></HeartRateBpm>
            <Cadence>166</Cadence>
          </Trackpoint>
          <Trackpoint>
            <Time>2026-02-14T14:26:36.000Z</Time>
            <Position>
              <LatitudeDegrees>37.3666637</LatitudeDegrees>
              <LongitudeDegrees>-121.8504425</LongitudeDegrees>
            </Position>
            <AltitudeMeters>27</AltitudeMeters>
            <DistanceMeters>8527.36</DistanceMeters>
            <HeartRateBpm><Value>143</Value></HeartRateBpm>
            <Cadence>166</Cadence>
          </Trackpoint>
          <Trackpoint>
            <Time>2026-02-14T14:26:41.000Z</Time>
            <Position>
              <LatitudeDegrees>37.3665846</LatitudeDegrees>
              <LongitudeDegrees>-121.8505422</LongitudeDegrees>
            </Position>
            <AltitudeMeters>27</AltitudeMeters>
            <DistanceMeters>8539.80</DistanceMeters>
            <HeartRateBpm><Value>143</Value></HeartRateBpm>
            <Cadence>166</Cadence>
          </Trackpoint>
          <Trackpoint>
            <Time>2026-02-14T14:26:46.000Z</Time>
            <Position>
              <LatitudeDegrees>37.3665054</LatitudeDegrees>
              <LongitudeDegrees>-121.8506419</LongitudeDegrees>
            </Position>
            <AltitudeMeters>27</AltitudeMeters>
            <DistanceMeters>8552.24</DistanceMeters>
            <HeartRateBpm><Value>143</Value></HeartRateBpm>
            <Cadence>166</Cadence>
          </Trackpoint>
          <Trackpoint>
            <Time>2026-02-14T14:26:51.000Z</Time>
            <Position>
              <LatitudeDegrees>37.3664263</LatitudeDegrees>
              <LongitudeDegrees>-121.8507416</LongitudeDegrees>
            </Position>
            <AltitudeMeters>27</AltitudeMeters>
            <DistanceMeters>8564.68</DistanceMeters>
            <HeartRateBpm><Value>143</Value></HeartRateBpm>
            <Cadence>166</Cadence>
          </Trackpoint>
          <Trackpoint>
            <Time>2026-02-14T14:26:56.000Z</Time>
            <Position>
              <LatitudeDegrees>37.3663471</LatitudeDegrees>
              <LongitudeDegrees>-121.8508414</LongitudeDegrees>
            </Position>
            <AltitudeMeters>26.9</AltitudeMeters>
            <DistanceMeters>8577.11</DistanceMeters>
            <HeartRateBpm><Value>143</Value></HeartRateBpm>
            <Cadence>166</Cadence>
          </Trackpoint>
          <Trackpoint>
            <Time>2026-02-14T14:27:01.000Z</Time>
            <Position>
              <LatitudeDegrees>37.3662679</LatitudeDegrees>
              <LongitudeDegrees>-121.8509411</LongitudeDegrees>
            </Position>
            <AltitudeMeters>26.9</AltitudeMeters>
            <DistanceMeters>8589.55</DistanceMeters>
            <HeartRateBpm><Value>143</Value></HeartRateBpm>
            <Cadence>166</Cadence>
          </Trackpoint>
          <Trackpoint>
            <Time>2026-02-14T14:27:06.000Z</Time>
            <Position>
              <LatitudeDegrees>37.3661888</LatitudeDegrees>
              <LongitudeDegrees>-121.8510408</LongitudeDegrees>
            </Position>
            <AltitudeMeters>26.9</AltitudeMeters>
            <DistanceMeters>8601.99</DistanceMeters>
            <HeartRateBpm><Value>143</Value></HeartRateBpm>
            <Cadence>166</Cadence>
          </Trackpoint>
          <Trackpoint>
            <Time>2026-02-14T14:27:11.000Z</Time>
            <Position>
              <LatitudeDegrees>37.3661096</LatitudeDegrees>
              <LongitudeDegrees>-121.8511405</LongitudeDegrees>
            </Position>
            <AltitudeMeters>26.9</AltitudeMeters>
            <DistanceMeters>8614.43</DistanceMeters>
            <HeartRateBpm><Value>143</Value></HeartRateBpm>
            <Cadence>166</Cadence>
          </Trackpoint>
          <Trackpoint>
            <Time>2026-02-14T14:27:16.000Z</Time>
            <Position>
              <LatitudeDegrees>37.3660305</LatitudeDegrees>
              <LongitudeDegrees>-121.8512402</LongitudeDegrees>
            </Position>
            <AltitudeMeters>26.8</AltitudeMeters>
            <DistanceMeters>8626.87</DistanceMeters>
            <HeartRateBpm><Value>143</Value></HeartRateBpm>
            <Cadence>166</Cadence>
          </Trackpoint>
          <Trackpoint>
            <Time>2026-02-14T14:27:21.000Z</Time>
            <Position>
              <LatitudeDegrees>37.3659513</LatitudeDegrees>
              <LongitudeDegrees>-121.8513399</LongitudeDegrees>
            </Position>
            <AltitudeMeters>26.8</AltitudeMeters>
            <DistanceMeters>8639.30</DistanceMeters>
            <HeartRateBpm><Value>143</Value></HeartRateBpm>
            <Cadence>166</Cadence>
          </Trackpoint>
          <Trackpoint>
            <Time>2026-02-14T14:27:26.000Z</Time>
            <Position>
              <LatitudeDegrees>37.3658722</LatitudeDegrees>
              <LongitudeDegrees>-121.8514396</LongitudeDegrees>
            </Position>
            <AltitudeMeters>26.8</AltitudeMeters>
            <DistanceMeters>8651.74</DistanceMeters>
            <HeartRateBpm><Value>143</Value></HeartRateBpm>
            <Cadence>166</Cadence>
          </Trackpoint>
          <Trackpoint>
            <Time>2026-02-14T14:27:31.000Z</Time>
            <Position>
              <LatitudeDegrees>37.3657930</LatitudeDegrees>
              <LongitudeDegrees>-121.8515394</LongitudeDegrees>
            </Position>
            <AltitudeMeters>26.7</AltitudeMeters>
            <DistanceMeters>8664.18</DistanceMeters>
            <HeartRateBpm><Value>143</Value></HeartRateBpm>
            <Cadence>166</Cadence>
          </Trackpoint>
          <Trackpoint>
            <Time>2026-02-14T14:27:36.000Z</Time>
            <Position>
              <LatitudeDegrees>37.3657139</LatitudeDegrees>
              <LongitudeDegrees>-121.8516391</LongitudeDegrees>
            </Position>
            <AltitudeMeters>26.7</AltitudeMeters>
            <DistanceMeters>8676.62</DistanceMeters>
            <HeartRateBpm><Value>143</Value></HeartRateBpm>
            <Cadence>166</Cadence>
          </Trackpoint>
          <Trackpoint>
            <Time>2026-02-14T14:27:41.000Z</Time>
            <Position>
              <LatitudeDegrees>37.3656347</LatitudeDegrees>
              <LongitudeDegrees>-121.8517388</LongitudeDegrees>
            </Position>
            <AltitudeMeters>26.7</AltitudeMeters>
            <DistanceMeters>8689.05</DistanceMeters>
            <HeartRateBpm><Value>143</Value></HeartRateBpm>
            <Cadence>166</Cadence>
          </Trackpoint>
          <Trackpoint>
            <Time>2026-02-14T14:27:46.000Z</Time>
            <Position>
              <LatitudeDegrees>37.3655556</LatitudeDegrees>
              <LongitudeDegrees>-121.8518385</LongitudeDegrees>
            </Position>
            <AltitudeMeters>26.6</AltitudeMeters>
            <DistanceMeters>8701.49</DistanceMeters>
            <HeartRateBpm><Value>143</Value></HeartRateBpm>
            <Cadence>166</Cadence>
          </Trackpoint>
          <Trackpoint>
            <Time>2026-02-14T14:27:51.000Z</Time>
            <Position>
              <LatitudeDegrees>37.3654764</LatitudeDegrees>
              <LongitudeDegrees>-121.8519382</LongitudeDegrees>
            </Position>
            <AltitudeMeters>26.6</AltitudeMeters>
            <DistanceMeters>8713.93</DistanceMeters>
            <HeartRateBpm><Value>143</Value></HeartRateBpm>
            <Cadence>166</Cadence>
          </Trackpoint>
          <Trackpoint>
            <Time>2026-02-14T14:27:56.000Z</Time>
            <Position>
              <LatitudeDegrees>37.3653973</LatitudeDegrees>
              <LongitudeDegrees>-121.8520379</LongitudeDegrees>
            </Position>
            <AltitudeMeters>26.5</AltitudeMeters>
            <DistanceMeters>8726.37</DistanceMeters>
            <HeartRateBpm><Value>143</Value></HeartRateBpm>
            <Cadence>166</Cadence>
          </Trackpoint>
          <Trackpoint>
            <Time>2026-02-14T14:28:01.000Z</Time>
            <Position>
              <LatitudeDegrees>37.3653181</LatitudeDegrees>
              <LongitudeDegrees>-121.8521377</LongitudeDegrees>
            </Position>
            <AltitudeMeters>26.5</AltitudeMeters>
            <DistanceMeters>8738.81</DistanceMeters>
            <HeartRateBpm><Value>143</Value></HeartRateBpm>
            <Cadence>166</Cadence>
          </Trackpoint>
          <Trackpoint>
            <Time>2026-02-14T14:28:06.000Z</Time>
            <Position>
              <LatitudeDegrees>37.3652389</LatitudeDegrees>
              <LongitudeDegrees>-121.8522374</LongitudeDegrees>
            </Position>
            <AltitudeMeters>26.4</AltitudeMeters>
            <DistanceMeters>8751.24</DistanceMeters>
            <HeartRateBpm><Value>143</Value></HeartRateBpm>
            <Cadence>166</Cadence>
          </Trackpoint>
          <Trackpoint>
            <Time>2026-02-14T14:28:11.000Z</Time>
            <Position>
              <LatitudeDegrees>37.3651598</LatitudeDegrees>
              <LongitudeDegrees>-121.8523371</LongitudeDegrees>
            </Position>
            <AltitudeMeters>26.4</AltitudeMeters>
            <DistanceMeters>8763.68</DistanceMeters>
            <HeartRateBpm><Value>143</Value></HeartRateBpm>
            <Cadence>166</Cadence>
          </Trackpoint>
          <Trackpoint>
            <Time>2026-02-14T14:28:16.000Z</Time>
            <Position>
              <LatitudeDegrees>37.3650806</LatitudeDegrees>
              <LongitudeDegrees>-121.8524368</LongitudeDegrees>
            </Position>
            <AltitudeMeters>26.3</AltitudeMeters>
            <DistanceMeters>8776.12</DistanceMeters>
            <HeartRateBpm><Value>143</Value></HeartRateBpm>
            <Cadence>166</Cadence>
          </Trackpoint>
          <Trackpoint>
            <Time>2026-02-14T14:28:21.000Z</Time>
            <Position>
              <LatitudeDegrees>37.3650015</LatitudeDegrees>
              <LongitudeDegrees>-121.8525365</LongitudeDegrees>
            </Position>
            <AltitudeMeters>26.2</AltitudeMeters>
            <DistanceMeters>8788.56</DistanceMeters>
            <HeartRateBpm><Value>143</Value></HeartRateBpm>
            <Cadence>166</Cadence>
          </Trackpoint>
          <Trackpoint>
            <Time>2026-02-14T14:28:26.000Z</Time>
            <Position>
              <LatitudeDegrees>37.3649223</LatitudeDegrees>
              <LongitudeDegrees>-121.8526362</LongitudeDegrees>
            </Position>
            <AltitudeMeters>26.2</AltitudeMeters>
            <DistanceMeters>8801.00</DistanceMeters>
            <HeartRateBpm><Value>143</Value></HeartRateBpm>
            <Cadence>166</Cadence>
          </Trackpoint>
          <Trackpoint>
            <Time>2026-02-14T14:28:31.000Z</Time>
            <Position>
              <LatitudeDegrees>37.3648432</LatitudeDegrees>
              <LongitudeDegrees>-121.8527359</LongitudeDegrees>
            </Position>
            <AltitudeMeters>26.1</AltitudeMeters>
            <DistanceMeters>8813.43</DistanceMeters>
            <HeartRateBpm><Value>143</Value></HeartRateBpm>
            <Cadence>166</Cadence>
          </Trackpoint>
          <Trackpoint>
            <Time>2026-02-14T14:28:36.000Z</Time>
            <Position>
              <LatitudeDegrees>37.3647640</LatitudeDegrees>
              <LongitudeDegrees>-121.8528357</LongitudeDegrees>
            </Position>
            <AltitudeMeters>26</AltitudeMeters>
            <DistanceMeters>8825.87</DistanceMeters>
            <HeartRateBpm><Value>143</Value></HeartRateBpm>
            <Cadence>166</Cadence>
          </Trackpoint>
          <Trackpoint>
            <Time>2026-02-14T14:28:41.000Z</Time>
            <Position>
              <LatitudeDegrees>37.3646849</LatitudeDegrees>
              <LongitudeDegrees>-121.8529354</LongitudeDegrees>
            </Position>
            <AltitudeMeters>26</AltitudeMeters>
            <DistanceMeters>8838.31</DistanceMeters>
            <HeartRateBpm><Value>143</Value></HeartRateBpm>
            <Cadence>166</Cadence>
          </Trackpoint>
          <Trackpoint>
            <Time>2026-02-14T14:28:46.000Z</Time>
            <Position>
              <LatitudeDegrees>37.3646057</LatitudeDegrees>
              <LongitudeDegrees>-121.8530351</LongitudeDegrees>
            </Position>
            <AltitudeMeters>25.9</AltitudeMeters>
            <DistanceMeters>8850.75</DistanceMeters>
            <HeartRateBpm><Value>143</Value></HeartRateBpm>
            <Cadence>166</Cadence>
          </Trackpoint>
          <Trackpoint>
            <Time>2026-02-14T14:28:51.000Z</Time>
            <Position>
              <LatitudeDegrees>37.3645266</LatitudeDegrees>
              <LongitudeDegrees>-121.8531348</LongitudeDegrees>
            </Position>
            <AltitudeMeters>25.8</AltitudeMeters>
            <DistanceMeters>8863.18</DistanceMeters>
            <HeartRateBpm><Value>143</Value></HeartRateBpm>
            <Cadence>166</Cadence>
          </Trackpoint>
          <Trackpoint>
            <Time>2026-02-14T14:28:56.000Z</Time>
            <Position>
              <LatitudeDegrees>37.3644474</LatitudeDegrees>
              <LongitudeDegrees>-121.8532345</LongitudeDegrees>
            </Position>
            <AltitudeMeters>25.8</AltitudeMeters>
            <DistanceMeters>8875.62</DistanceMeters>
            <HeartRateBpm><Value>143</Value></HeartRateBpm>
            <Cadence>166</Cadence>
          </Trackpoint>
          <Trackpoint>
            <Time>2026-02-14T14:29:01.000Z</Time>
            <Position>
              <LatitudeDegrees>37.3643683</LatitudeDegrees>
              <LongitudeDegrees>-121.8533342</LongitudeDegrees>
            </Position>
            <AltitudeMeters>25.7</AltitudeMeters>
            <DistanceMeters>8888.06</DistanceMeters>
            <HeartRateBpm><Value>143</Value></HeartRateBpm>
            <Cadence>166</Cadence>
          </Trackpoint>
          <Trackpoint>
            <Time>2026-02-14T14:29:06.000Z</Time>
            <Position>
              <LatitudeDegrees>37.3642891</LatitudeDegrees>
              <LongitudeDegrees>-121.8534339</LongitudeDegrees>
            </Position>
            <AltitudeMeters>25.6</AltitudeMeters>
            <DistanceMeters>8900.50</DistanceMeters>
            <HeartRateBpm><Value>143</Value></HeartRateBpm>
            <Cadence>166</Cadence>
          </Trackpoint>
          <Trackpoint>
            <Time>2026-02-14T14:29:11.000Z</Time>
            <Position>
              <LatitudeDegrees>37.3642099</LatitudeDegrees>
              <LongitudeDegrees>-121.8535337</LongitudeDegrees>
            </Position>
            <AltitudeMeters>25.5</AltitudeMeters>
            <DistanceMeters>8912.94</DistanceMeters>
            <HeartRateBpm><Value>143</Value></HeartRateBpm>
            <Cadence>166</Cadence>
          </Trackpoint>
          <Trackpoint>
            <Time>2026-02-14T14:29:16.000Z</Time>
            <Position>
              <LatitudeDegrees>37.3641308</LatitudeDegrees>
              <LongitudeDegrees>-121.8536334</LongitudeDegrees>
            </Position>
            <AltitudeMeters>25.5</AltitudeMeters>
            <DistanceMeters>8925.37</DistanceMeters>
            <HeartRateBpm><Value>143</Value></HeartRateBpm>
            <Cadence>166</Cadence>
          </Trackpoint>
          <Trackpoint>
            <Time>2026-02-14T14:29:21.000Z</Time>
            <Position>
              <LatitudeDegrees>37.3640516</LatitudeDegrees>
              <LongitudeDegrees>-121.8537331</LongitudeDegrees>
            </Position>
            <AltitudeMeters>25.4</AltitudeMeters>
            <DistanceMeters>8937.81</DistanceMeters>
            <HeartRateBpm><Value>143</Value></HeartRateBpm>
            <Cadence>166</Cadence>
          </Trackpoint>
          <Trackpoint>
            <Time>2026-02-14T14:29:26.000Z</Time>
            <Position>
              <LatitudeDegrees>37.3639725</LatitudeDegrees>
              <LongitudeDegrees>-121.8538328</LongitudeDegrees>
            </Position>
            <AltitudeMeters>25.3</AltitudeMeters>
            <DistanceMeters>8950.25</DistanceMeters>
            <HeartRateBpm><Value>143</Value></HeartRateBpm>
            <Cadence>166</Cadence>
          </Trackpoint>
          <Trackpoint>
            <Time>2026-02-14T14:29:31.000Z</Time>
            <Position>
              <LatitudeDegrees>37.3638933</LatitudeDegrees>
              <LongitudeDegrees>-121.8539325</LongitudeDegrees>
            </Position>
            <AltitudeMeters>25.2</AltitudeMeters>
            <DistanceMeters>8962.69</DistanceMeters>
            <HeartRateBpm><Value>143</Value></HeartRateBpm>
            <Cadence>166</Cadence>
          </Trackpoint>
          <Trackpoint>
            <Time>2026-02-14T14:29:36.000Z</Time>
            <Position>
              <LatitudeDegrees>37.3638142</LatitudeDegrees>
              <LongitudeDegrees>-121.8540322</LongitudeDegrees>
            </Position>
            <AltitudeMeters>25.2</AltitudeMeters>
            <DistanceMeters>8975.12</DistanceMeters>
            <HeartRateBpm><Value>143</Value></HeartRateBpm>
            <Cadence>166</Cadence>
          </Trackpoint>
          <Trackpoint>
            <Time>2026-02-14T14:29:41.000Z</Time>
            <Position>
              <LatitudeDegrees>37.3637350</LatitudeDegrees>
              <LongitudeDegrees>-121.8541320</LongitudeDegrees>
            </Position>
            <AltitudeMeters>25.1</AltitudeMeters>
            <DistanceMeters>8987.56</DistanceMeters>
            <HeartRateBpm><Value>143</Value></HeartRateBpm>
            <Cadence>166</Cadence>
          </Trackpoint>
          <Trackpoint>
            <Time>2026-02-14T14:29:46.000Z</Time>
            <Position>
              <LatitudeDegrees>37.3636559</LatitudeDegrees>
              <LongitudeDegrees>-121.8542317</LongitudeDegrees>
            </Position>
            <AltitudeMeters>25</AltitudeMeters>
            <DistanceMeters>9000.00</DistanceMeters>
            <HeartRateBpm><Value>143</Value></HeartRateBpm>
            <Cadence>166</Cadence>
          </Trackpoint>
          <Trackpoint>
            <Time>2026-02-14T14:29:51.000Z</Time>
            <Position>
              <LatitudeDegrees>37.3635767</LatitudeDegrees>
              <LongitudeDegrees>-121.8543314</LongitudeDegrees>
            </Position>
            <AltitudeMeters>24.9</AltitudeMeters>
            <DistanceMeters>9012.44</DistanceMeters>
            <HeartRateBpm><Value>143</Value></HeartRateBpm>
            <Cadence>166</Cadence>
          </Trackpoint>
          <Trackpoint>
            <Time>2026-02-14T14:29:56.000Z</Time>
            <Position>
              <LatitudeDegrees>37.3634976</LatitudeDegrees>
              <LongitudeDegrees>-121.8544311</LongitudeDegrees>
            </Position>
            <AltitudeMeters>24.8</AltitudeMeters>
            <DistanceMeters>9024.88</DistanceMeters>
            <HeartRateBpm><Value>143</Value></HeartRateBpm>
            <Cadence>166</Cadence>
          </Trackpoint>
          <Trackpoint>
            <Time>2026-02-14T14:30:01.000Z</Time>
            <Position>
              <LatitudeDegrees>37.3634184</LatitudeDegrees>
              <LongitudeDegrees>-121.8545308</LongitudeDegrees>
            </Position>
            <AltitudeMeters>24.8</AltitudeMeters>
            <DistanceMeters>9037.31</DistanceMeters>
            <HeartRateBpm><Value>143</Value></HeartRateBpm>
            <Cadence>166</Cadence>
          </Trackpoint>
          <Trackpoint>
            <Time>2026-02-14T14:30:06.000Z</Time>
            <Position>
              <LatitudeDegrees>37.3633393</LatitudeDegrees>
              <LongitudeDegrees>-121.8546305</LongitudeDegrees>
            </Position>
            <AltitudeMeters>24.7</AltitudeMeters>
            <DistanceMeters>9049.75</DistanceMeters>
            <HeartRateBpm><Value>143</Value></HeartRateBpm>
            <Cadence>166</Cadence>
          </Trackpoint>
          <Trackpoint>
            <Time>2026-02-14T14:30:11.000Z</Time>
            <Position>
              <LatitudeDegrees>37.3632601</LatitudeDegrees>
              <LongitudeDegrees>-121.8547302</LongitudeDegrees>
            </Position>
            <AltitudeMeters>24.6</AltitudeMeters>
            <DistanceMeters>9062.19</DistanceMeters>
            <HeartRateBpm><Value>143</Value></HeartRateBpm>
            <Cadence>166</Cadence>
          </Trackpoint>
          <Trackpoint>
            <Time>2026-02-14T14:30:16.000Z</Time>
            <Position>
              <LatitudeDegrees>37.3631809</LatitudeDegrees>
              <LongitudeDegrees>-121.8548300</LongitudeDegrees>
            </Position>
            <AltitudeMeters>24.5</AltitudeMeters>
            <DistanceMeters>9074.63</DistanceMeters>
            <HeartRateBpm><Value>143</Value></HeartRateBpm>
            <Cadence>166</Cadence>
          </Trackpoint>
          <Trackpoint>
            <Time>2026-02-14T14:30:21.000Z</Time>
            <Position>
              <LatitudeDegrees>37.3631018</LatitudeDegrees>
              <LongitudeDegrees>-121.8549297</LongitudeDegrees>
            </Position>
            <AltitudeMeters>24.5</AltitudeMeters>
            <DistanceMeters>9087.06</DistanceMeters>
            <HeartRateBpm><Value>143</Value></HeartRateBpm>
            <Cadence>166</Cadence>
          </Trackpoint>
          <Trackpoint>
            <Time>2026-02-14T14:30:26.000Z</Time>
            <Position>
              <LatitudeDegrees>37.3630226</LatitudeDegrees>
              <LongitudeDegrees>-121.8550294</LongitudeDegrees>
            </Position>
            <AltitudeMeters>24.4</AltitudeMeters>
            <DistanceMeters>9099.50</DistanceMeters>
            <HeartRateBpm><Value>143</Value></HeartRateBpm>
            <Cadence>166</Cadence>
          </Trackpoint>
          <Trackpoint>
            <Time>2026-02-14T14:30:31.000Z</Time>
            <Position>
              <LatitudeDegrees>37.3629435</LatitudeDegrees>
              <LongitudeDegrees>-121.8551291</LongitudeDegrees>
            </Position>
            <AltitudeMeters>24.3</AltitudeMeters>
            <DistanceMeters>9111.94</DistanceMeters>
            <HeartRateBpm><Value>143</Value></HeartRateBpm>
            <Cadence>166</Cadence>
          </Trackpoint>
          <Trackpoint>
            <Time>2026-02-14T14:30:36.000Z</Time>
            <Position>
              <LatitudeDegrees>37.3628643</LatitudeDegrees>
              <LongitudeDegrees>-121.8552288</LongitudeDegrees>
            </Position>
            <AltitudeMeters>24.2</AltitudeMeters>
            <DistanceMeters>9124.38</DistanceMeters>
            <HeartRateBpm><Value>143</Value></HeartRateBpm>
            <Cadence>166</Cadence>
          </Trackpoint>
          <Trackpoint>
            <Time>2026-02-14T14:30:41.000Z</Time>
            <Position>
              <LatitudeDegrees>37.3627852</LatitudeDegrees>
              <LongitudeDegrees>-121.8553285</LongitudeDegrees>
            </Position>
            <AltitudeMeters>24.2</AltitudeMeters>
            <DistanceMeters>9136.82</DistanceMeters>
            <HeartRateBpm><Value>143</Value></HeartRateBpm>
            <Cadence>166</Cadence>
          </Trackpoint>
          <Trackpoint>
            <Time>2026-02-14T14:30:46.000Z</Time>
            <Position>
              <LatitudeDegrees>37.3627060</LatitudeDegrees>
              <LongitudeDegrees>-121.8554282</LongitudeDegrees>
            </Position>
            <AltitudeMeters>24.1</AltitudeMeters>
            <DistanceMeters>9149.25</DistanceMeters>
            <HeartRateBpm><Value>143</Value></HeartRateBpm>
            <Cadence>166</Cadence>
          </Trackpoint>
          <Trackpoint>
            <Time>2026-02-14T14:30:51.000Z</Time>
            <Position>
              <LatitudeDegrees>37.3626269</LatitudeDegrees>
              <LongitudeDegrees>-121.8555280</LongitudeDegrees>
            </Position>
            <AltitudeMeters>24</AltitudeMeters>
            <DistanceMeters>9161.69</DistanceMeters>
            <HeartRateBpm><Value>143</Value></HeartRateBpm>
            <Cadence>166</Cadence>
          </Trackpoint>
          <Trackpoint>
            <Time>2026-02-14T14:30:56.000Z</Time>
            <Position>
              <LatitudeDegrees>37.3625477</LatitudeDegrees>
              <LongitudeDegrees>-121.8556277</LongitudeDegrees>
            </Position>
            <AltitudeMeters>24</AltitudeMeters>
            <DistanceMeters>9174.13</DistanceMeters>
            <HeartRateBpm><Value>143</Value></HeartRateBpm>
            <Cadence>166</Cadence>
          </Trackpoint>
          <Trackpoint>
            <Time>2026-02-14T14:31:01.000Z</Time>
            <Position>
              <LatitudeDegrees>37.3624686</LatitudeDegrees>
              <LongitudeDegrees>-121.8557274</LongitudeDegrees>
            </Position>
            <AltitudeMeters>23.9</AltitudeMeters>
            <DistanceMeters>9186.57</DistanceMeters>
            <HeartRateBpm><Value>143</Value></HeartRateBpm>
            <Cadence>166</Cadence>
          </Trackpoint>
          <Trackpoint>
            <Time>2026-02-14T14:31:06.000Z</Time>
            <Position>
              <LatitudeDegrees>37.3623894</LatitudeDegrees>
              <LongitudeDegrees>-121.8558271</LongitudeDegrees>
            </Position>
            <AltitudeMeters>23.8</AltitudeMeters>
            <DistanceMeters>9199.00</DistanceMeters>
            <HeartRateBpm><Value>143</Value></HeartRateBpm>
            <Cadence>166</Cadence>
          </Trackpoint>
          <Trackpoint>
            <Time>2026-02-14T14:31:11.000Z</Time>
            <Position>
              <LatitudeDegrees>37.3623103</LatitudeDegrees>
              <LongitudeDegrees>-121.8559268</LongitudeDegrees>
            </Position>
            <AltitudeMeters>23.8</AltitudeMeters>
            <DistanceMeters>9211.44</DistanceMeters>
            <HeartRateBpm><Value>143</Value></HeartRateBpm>
            <Cadence>166</Cadence>
          </Trackpoint>
          <Trackpoint>
            <Time>2026-02-14T14:31:16.000Z</Time>
            <Position>
              <LatitudeDegrees>37.3622311</LatitudeDegrees>
              <LongitudeDegrees>-121.8560265</LongitudeDegrees>
            </Position>
            <AltitudeMeters>23.7</AltitudeMeters>
            <DistanceMeters>9223.88</DistanceMeters>
            <HeartRateBpm><Value>143</Value></HeartRateBpm>
            <Cadence>166</Cadence>
          </Trackpoint>
          <Trackpoint>
            <Time>2026-02-14T14:31:21.000Z</Time>
            <Position>
              <LatitudeDegrees>37.3621519</LatitudeDegrees>
              <LongitudeDegrees>-121.8561262</LongitudeDegrees>
            </Position>
            <AltitudeMeters>23.6</AltitudeMeters>
            <DistanceMeters>9236.32</DistanceMeters>
            <HeartRateBpm><Value>143</Value></HeartRateBpm>
            <Cadence>166</Cadence>
          </Trackpoint>
          <Trackpoint>
            <Time>2026-02-14T14:31:26.000Z</Time>
            <Position>
              <LatitudeDegrees>37.3620728</LatitudeDegrees>
              <LongitudeDegrees>-121.8562260</LongitudeDegrees>
            </Position>
            <AltitudeMeters>23.6</AltitudeMeters>
            <DistanceMeters>9248.76</DistanceMeters>
            <HeartRateBpm><Value>143</Value></HeartRateBpm>
            <Cadence>166</Cadence>
          </Trackpoint>
          <Trackpoint>
            <Time>2026-02-14T14:31:31.000Z</Time>
            <Position>
              <LatitudeDegrees>37.3619936</LatitudeDegrees>
              <LongitudeDegrees>-121.8563257</LongitudeDegrees>
            </Position>
            <AltitudeMeters>23.5</AltitudeMeters>
            <DistanceMeters>9261.19</DistanceMeters>
            <HeartRateBpm><Value>143</Value></HeartRateBpm>
            <Cadence>166</Cadence>
          </Trackpoint>
          <Trackpoint>
            <Time>2026-02-14T14:31:36.000Z</Time>
            <Position>
              <LatitudeDegrees>37.3619145</LatitudeDegrees>
              <LongitudeDegrees>-121.8564254</LongitudeDegrees>
            </Position>
            <AltitudeMeters>23.5</AltitudeMeters>
            <DistanceMeters>9273.63</DistanceMeters>
            <HeartRateBpm><Value>143</Value></HeartRateBpm>
            <Cadence>166</Cadence>
          </Trackpoint>
          <Trackpoint>
            <Time>2026-02-14T14:31:41.000Z</Time>
            <Position>
              <LatitudeDegrees>37.3618353</LatitudeDegrees>
              <LongitudeDegrees>-121.8565251</LongitudeDegrees>
            </Position>
            <AltitudeMeters>23.4</AltitudeMeters>
            <DistanceMeters>9286.07</DistanceMeters>
            <HeartRateBpm><Value>143</Value></HeartRateBpm>
            <Cadence>166</Cadence>
          </Trackpoint>
          <Trackpoint>
            <Time>2026-02-14T14:31:46.000Z</Time>
            <Position>
              <LatitudeDegrees>37.3617562</LatitudeDegrees>
              <LongitudeDegrees>-121.8566248</LongitudeDegrees>
            </Position>
            <AltitudeMeters>23.4</AltitudeMeters>
            <DistanceMeters>9298.51</DistanceMeters>
            <HeartRateBpm><Value>143</Value></HeartRateBpm>
            <Cadence>166</Cadence>
          </Trackpoint>
          <Trackpoint>
            <Time>2026-02-14T14:31:51.000Z</Time>
            <Position>
              <LatitudeDegrees>37.3616770</LatitudeDegrees>
              <LongitudeDegrees>-121.8567245</LongitudeDegrees>
            </Position>
            <AltitudeMeters>23.3</AltitudeMeters>
            <DistanceMeters>9310.95</DistanceMeters>
            <HeartRateBpm><Value>143</Value></HeartRateBpm>
            <Cadence>166</Cadence>
          </Trackpoint>
          <Trackpoint>
            <Time>2026-02-14T14:31:56.000Z</Time>
            <Position>
              <LatitudeDegrees>37.3615979</LatitudeDegrees>
              <LongitudeDegrees>-121.8568243</LongitudeDegrees>
            </Position>
            <AltitudeMeters>23.3</AltitudeMeters>
            <DistanceMeters>9323.38</DistanceMeters>
            <HeartRateBpm><Value>143</Value></HeartRateBpm>
            <Cadence>166</Cadence>
          </Trackpoint>
          <Trackpoint>
            <Time>2026-02-14T14:32:01.000Z</Time>
            <Position>
              <LatitudeDegrees>37.3615187</LatitudeDegrees>
              <LongitudeDegrees>-121.8569240</LongitudeDegrees>
            </Position>
            <AltitudeMeters>23.3</AltitudeMeters>
            <DistanceMeters>9335.82</DistanceMeters>
            <HeartRateBpm><Value>143</Value></HeartRateBpm>
            <Cadence>166</Cadence>
          </Trackpoint>
          <Trackpoint>
            <Time>2026-02-14T14:32:06.000Z</Time>
            <Position>
              <LatitudeDegrees>37.3614396</LatitudeDegrees>
              <LongitudeDegrees>-121.8570237</LongitudeDegrees>
            </Position>
            <AltitudeMeters>23.2</AltitudeMeters>
            <DistanceMeters>9348.26</DistanceMeters>
            <HeartRateBpm><Value>143</Value></HeartRateBpm>
            <Cadence>166</Cadence>
          </Trackpoint>
          <Trackpoint>
            <Time>2026-02-14T14:32:11.000Z</Time>
            <Position>
              <LatitudeDegrees>37.3613604</LatitudeDegrees>
              <LongitudeDegrees>-121.8571234</LongitudeDegrees>
            </Position>
            <AltitudeMeters>23.2</AltitudeMeters>
            <DistanceMeters>9360.70</DistanceMeters>
            <HeartRateBpm><Value>143</Value></HeartRateBpm>
            <Cadence>166</Cadence>
          </Trackpoint>
          <Trackpoint>
            <Time>2026-02-14T14:32:16.000Z</Time>
            <Position>
              <LatitudeDegrees>37.3612813</LatitudeDegrees>
              <LongitudeDegrees>-121.8572231</LongitudeDegrees>
            </Position>
            <AltitudeMeters>23.2</AltitudeMeters>
            <DistanceMeters>9373.13</DistanceMeters>
            <HeartRateBpm><Value>143</Value></HeartRateBpm>
            <Cadence>166</Cadence>
          </Trackpoint>
          <Trackpoint>
            <Time>2026-02-14T14:32:21.000Z</Time>
            <Position>
              <LatitudeDegrees>37.3612021</LatitudeDegrees>
              <LongitudeDegrees>-121.8573228</LongitudeDegrees>
            </Position>
            <AltitudeMeters>23.1</AltitudeMeters>
            <DistanceMeters>9385.57</DistanceMeters>
            <HeartRateBpm><Value>143</Value></HeartRateBpm>
            <Cadence>166</Cadence>
          </Trackpoint>
          <Trackpoint>
            <Time>2026-02-14T14:32:26.000Z</Time>
            <Position>
              <LatitudeDegrees>37.3611229</LatitudeDegrees>
              <LongitudeDegrees>-121.8574225</LongitudeDegrees>
            </Position>
            <AltitudeMeters>23.1</AltitudeMeters>
            <DistanceMeters>9398.01</DistanceMeters>
            <HeartRateBpm><Value>143</Value></HeartRateBpm>
            <Cadence>166</Cadence>
          </Trackpoint>
          <Trackpoint>
            <Time>2026-02-14T14:32:31.000Z</Time>
            <Position>
              <LatitudeDegrees>37.3610438</LatitudeDegrees>
              <LongitudeDegrees>-121.8575223</LongitudeDegrees>
            </Position>
            <AltitudeMeters>23.1</AltitudeMeters>
            <DistanceMeters>9410.45</DistanceMeters>
            <HeartRateBpm><Value>143</Value></HeartRateBpm>
            <Cadence>166</Cadence>
          </Trackpoint>
          <Trackpoint>
            <Time>2026-02-14T14:32:36.000Z</Time>
            <Position>
              <LatitudeDegrees>37.3609646</LatitudeDegrees>
              <LongitudeDegrees>-121.8576220</LongitudeDegrees>
            </Position>
            <AltitudeMeters>23.1</AltitudeMeters>
            <DistanceMeters>9422.89</DistanceMeters>
            <HeartRateBpm><Value>143</Value></HeartRateBpm>
            <Cadence>166</Cadence>
          </Trackpoint>
          <Trackpoint>
            <Time>2026-02-14T14:32:41.000Z</Time>
            <Position>
              <LatitudeDegrees>37.3608855</LatitudeDegrees>
              <LongitudeDegrees>-121.8577217</LongitudeDegrees>
            </Position>
            <AltitudeMeters>23</AltitudeMeters>
            <DistanceMeters>9435.32</DistanceMeters>
            <HeartRateBpm><Value>143</Value></HeartRateBpm>
            <Cadence>166</Cadence>
          </Trackpoint>
          <Trackpoint>
            <Time>2026-02-14T14:32:46.000Z</Time>
            <Position>
              <LatitudeDegrees>37.3608063</LatitudeDegrees>
              <LongitudeDegrees>-121.8578214</LongitudeDegrees>
            </Position>
            <AltitudeMeters>23</AltitudeMeters>
            <DistanceMeters>9447.76</DistanceMeters>
            <HeartRateBpm><Value>143</Value></HeartRateBpm>
            <Cadence>166</Cadence>
          </Trackpoint>
          <Trackpoint>
            <Time>2026-02-14T14:32:51.000Z</Time>
            <Position>
              <LatitudeDegrees>37.3607272</LatitudeDegrees>
              <LongitudeDegrees>-121.8579211</LongitudeDegrees>
            </Position>
            <AltitudeMeters>23</AltitudeMeters>
            <DistanceMeters>9460.20</DistanceMeters>
            <HeartRateBpm><Value>143</Value></HeartRateBpm>
            <Cadence>166</Cadence>
          </Trackpoint>
          <Trackpoint>
            <Time>2026-02-14T14:32:56.000Z</Time>
            <Position>
              <LatitudeDegrees>37.3606480</LatitudeDegrees>
              <LongitudeDegrees>-121.8580208</LongitudeDegrees>
            </Position>
            <AltitudeMeters>23</AltitudeMeters>
            <DistanceMeters>9472.64</DistanceMeters>
            <HeartRateBpm><Value>143</Value></HeartRateBpm>
            <Cadence>166</Cadence>
          </Trackpoint>
          <Trackpoint>
            <Time>2026-02-14T14:33:01.000Z</Time>
            <Position>
              <LatitudeDegrees>37.3605689</LatitudeDegrees>
              <LongitudeDegrees>-121.8581205</LongitudeDegrees>
            </Position>
            <AltitudeMeters>23</AltitudeMeters>
            <DistanceMeters>9485.07</DistanceMeters>
            <HeartRateBpm><Value>143</Value></HeartRateBpm>
            <Cadence>166</Cadence>
          </Trackpoint>
          <Trackpoint>
            <Time>2026-02-14T14:33:06.000Z</Time>
            <Position>
              <LatitudeDegrees>37.3604897</LatitudeDegrees>
              <LongitudeDegrees>-121.8582203</LongitudeDegrees>
            </Position>
            <AltitudeMeters>23</AltitudeMeters>
            <DistanceMeters>9497.51</DistanceMeters>
            <HeartRateBpm><Value>143</Value></HeartRateBpm>
            <Cadence>166</Cadence>
          </Trackpoint>
          <Trackpoint>
            <Time>2026-02-14T14:33:11.000Z</Time>
            <Position>
              <LatitudeDegrees>37.3604106</LatitudeDegrees>
              <LongitudeDegrees>-121.8583200</LongitudeDegrees>
            </Position>
            <AltitudeMeters>23</AltitudeMeters>
            <DistanceMeters>9509.95</DistanceMeters>
            <HeartRateBpm><Value>143</Value></HeartRateBpm>
            <Cadence>166</Cadence>
          </Trackpoint>
          <Trackpoint>
            <Time>2026-02-14T14:33:16.000Z</Time>
            <Position>
              <LatitudeDegrees>37.3603314</LatitudeDegrees>
              <LongitudeDegrees>-121.8584197</LongitudeDegrees>
            </Position>
            <AltitudeMeters>23</AltitudeMeters>
            <DistanceMeters>9522.39</DistanceMeters>
            <HeartRateBpm><Value>143</Value></HeartRateBpm>
            <Cadence>166</Cadence>
          </Trackpoint>
          <Trackpoint>
            <Time>2026-02-14T14:33:21.000Z</Time>
            <Position>
              <LatitudeDegrees>37.3602523</LatitudeDegrees>
              <LongitudeDegrees>-121.8585194</LongitudeDegrees>
            </Position>
            <AltitudeMeters>23</AltitudeMeters>
            <DistanceMeters>9534.83</DistanceMeters>
            <HeartRateBpm><Value>143</Value></HeartRateBpm>
            <Cadence>166</Cadence>
          </Trackpoint>
          <Trackpoint>
            <Time>2026-02-14T14:33:26.000Z</Time>
            <Position>
              <LatitudeDegrees>37.3601731</LatitudeDegrees>
              <LongitudeDegrees>-121.8586191</LongitudeDegrees>
            </Position>
            <AltitudeMeters>23</AltitudeMeters>
            <DistanceMeters>9547.26</DistanceMeters>
            <HeartRateBpm><Value>143</Value></HeartRateBpm>
            <Cadence>166</Cadence>
          </Trackpoint>
          <Trackpoint>
            <Time>2026-02-14T14:33:31.000Z</Time>
            <Position>
              <LatitudeDegrees>37.3600939</LatitudeDegrees>
              <LongitudeDegrees>-121.8587188</LongitudeDegrees>
            </Position>
            <AltitudeMeters>23</AltitudeMeters>
            <DistanceMeters>9559.70</DistanceMeters>
            <HeartRateBpm><Value>143</Value></HeartRateBpm>
            <Cadence>166</Cadence>
          </Trackpoint>
          <Trackpoint>
            <Time>2026-02-14T14:33:36.000Z</Time>
            <Position>
              <LatitudeDegrees>37.3600148</LatitudeDegrees>
              <LongitudeDegrees>-121.8588186</LongitudeDegrees>
            </Position>
            <AltitudeMeters>23.1</AltitudeMeters>
            <DistanceMeters>9572.14</DistanceMeters>
            <HeartRateBpm><Value>143</Value></HeartRateBpm>
            <Cadence>166</Cadence>
          </Trackpoint>
          <Trackpoint>
            <Time>2026-02-14T14:33:41.000Z</Time>
            <Position>
              <LatitudeDegrees>37.3599356</LatitudeDegrees>
              <LongitudeDegrees>-121.8589183</LongitudeDegrees>
            </Position>
            <AltitudeMeters>23.1</AltitudeMeters>
            <DistanceMeters>9584.58</DistanceMeters>
            <HeartRateBpm><Value>143</Value></HeartRateBpm>
            <Cadence>166</Cadence>
          </Trackpoint>
          <Trackpoint>
            <Time>2026-02-14T14:33:46.000Z</Time>
            <Position>
              <LatitudeDegrees>37.3598565</LatitudeDegrees>
              <LongitudeDegrees>-121.8590180</LongitudeDegrees>
            </Position>
            <AltitudeMeters>23.1</AltitudeMeters>
            <DistanceMeters>9597.01</DistanceMeters>
            <HeartRateBpm><Value>143</Value></HeartRateBpm>
            <Cadence>166</Cadence>
          </Trackpoint>
          <Trackpoint>
            <Time>2026-02-14T14:33:51.000Z</Time>
            <Position>
              <LatitudeDegrees>37.3597773</LatitudeDegrees>
              <LongitudeDegrees>-121.8591177</LongitudeDegrees>
            </Position>
            <AltitudeMeters>23.1</AltitudeMeters>
            <DistanceMeters>9609.45</DistanceMeters>
            <HeartRateBpm><Value>143</Value></HeartRateBpm>
            <Cadence>166</Cadence>
          </Trackpoint>
          <Trackpoint>
            <Time>2026-02-14T14:33:56.000Z</Time>
            <Position>
              <LatitudeDegrees>37.3596982</LatitudeDegrees>
              <LongitudeDegrees>-121.8592174</LongitudeDegrees>
            </Position>
            <AltitudeMeters>23.1</AltitudeMeters>
            <DistanceMeters>9621.89</DistanceMeters>
            <HeartRateBpm><Value>143</Value></HeartRateBpm>
            <Cadence>166</Cadence>
          </Trackpoint>
          <Trackpoint>
            <Time>2026-02-14T14:34:01.000Z</Time>
            <Position>
              <LatitudeDegrees>37.3596190</LatitudeDegrees>
              <LongitudeDegrees>-121.8593171</LongitudeDegrees>
            </Position>
            <AltitudeMeters>23.2</AltitudeMeters>
            <DistanceMeters>9634.33</DistanceMeters>
            <HeartRateBpm><Value>143</Value></HeartRateBpm>
            <Cadence>166</Cadence>
          </Trackpoint>
          <Trackpoint>
            <Time>2026-02-14T14:34:06.000Z</Time>
            <Position>
              <LatitudeDegrees>37.3595399</LatitudeDegrees>
              <LongitudeDegrees>-121.8594168</LongitudeDegrees>
            </Position>
            <AltitudeMeters>23.2</AltitudeMeters>
            <DistanceMeters>9646.77</DistanceMeters>
            <HeartRateBpm><Value>143</Value></HeartRateBpm>
            <Cadence>166</Cadence>
          </Trackpoint>
          <Trackpoint>
            <Time>2026-02-14T14:34:11.000Z</Time>
            <Position>
              <LatitudeDegrees>37.3594607</LatitudeDegrees>
              <LongitudeDegrees>-121.8595166</LongitudeDegrees>
            </Position>
            <AltitudeMeters>23.2</AltitudeMeters>
            <DistanceMeters>9659.20</DistanceMeters>
            <HeartRateBpm><Value>143</Value></HeartRateBpm>
            <Cadence>166</Cadence>
          </Trackpoint>
          <Trackpoint>
            <Time>2026-02-14T14:34:16.000Z</Time>
            <Position>
              <LatitudeDegrees>37.3593816</LatitudeDegrees>
              <LongitudeDegrees>-121.8596163</LongitudeDegrees>
            </Position>
            <AltitudeMeters>23.3</AltitudeMeters>
            <DistanceMeters>9671.64</DistanceMeters>
            <HeartRateBpm><Value>143</Value></HeartRateBpm>
            <Cadence>166</Cadence>
          </Trackpoint>
          <Trackpoint>
            <Time>2026-02-14T14:34:21.000Z</Time>
            <Position>
              <LatitudeDegrees>37.3593024</LatitudeDegrees>
              <LongitudeDegrees>-121.8597160</LongitudeDegrees>
            </Position>
            <AltitudeMeters>23.3</AltitudeMeters>
            <DistanceMeters>9684.08</DistanceMeters>
            <HeartRateBpm><Value>143</Value></HeartRateBpm>
            <Cadence>166</Cadence>
          </Trackpoint>
          <Trackpoint>
            <Time>2026-02-14T14:34:26.000Z</Time>
            <Position>
              <LatitudeDegrees>37.3592233</LatitudeDegrees>
              <LongitudeDegrees>-121.8598157</LongitudeDegrees>
            </Position>
            <AltitudeMeters>23.4</AltitudeMeters>
            <DistanceMeters>9696.52</DistanceMeters>
            <HeartRateBpm><Value>143</Value></HeartRateBpm>
            <Cadence>166</Cadence>
          </Trackpoint>
          <Trackpoint>
            <Time>2026-02-14T14:34:31.000Z</Time>
            <Position>
              <LatitudeDegrees>37.3591441</LatitudeDegrees>
              <LongitudeDegrees>-121.8599154</LongitudeDegrees>
            </Position>
            <AltitudeMeters>23.4</AltitudeMeters>
            <DistanceMeters>9708.96</DistanceMeters>
            <HeartRateBpm><Value>143</Value></HeartRateBpm>
            <Cadence>166</Cadence>
          </Trackpoint>
          <Trackpoint>
            <Time>2026-02-14T14:34:36.000Z</Time>
            <Position>
              <LatitudeDegrees>37.3590649</LatitudeDegrees>
              <LongitudeDegrees>-121.8600151</LongitudeDegrees>
            </Position>
            <AltitudeMeters>23.5</AltitudeMeters>
            <DistanceMeters>9721.39</DistanceMeters>
            <HeartRateBpm><Value>143</Value></HeartRateBpm>
            <Cadence>166</Cadence>
          </Trackpoint>
          <Trackpoint>
            <Time>2026-02-14T14:34:41.000Z</Time>
            <Position>
              <LatitudeDegrees>37.3589858</LatitudeDegrees>
              <LongitudeDegrees>-121.8601148</LongitudeDegrees>
            </Position>
            <AltitudeMeters>23.5</AltitudeMeters>
            <DistanceMeters>9733.83</DistanceMeters>
            <HeartRateBpm><Value>143</Value></HeartRateBpm>
            <Cadence>166</Cadence>
          </Trackpoint>
          <Trackpoint>
            <Time>2026-02-14T14:34:46.000Z</Time>
            <Position>
              <LatitudeDegrees>37.3589066</LatitudeDegrees>
              <LongitudeDegrees>-121.8602146</LongitudeDegrees>
            </Position>
            <AltitudeMeters>23.6</AltitudeMeters>
            <DistanceMeters>9746.27</DistanceMeters>
            <HeartRateBpm><Value>143</Value></HeartRateBpm>
            <Cadence>166</Cadence>
          </Trackpoint>
          <Trackpoint>
            <Time>2026-02-14T14:34:51.000Z</Time>
            <Position>
              <LatitudeDegrees>37.3588275</LatitudeDegrees>
              <LongitudeDegrees>-121.8603143</LongitudeDegrees>
            </Position>
            <AltitudeMeters>23.6</AltitudeMeters>
            <DistanceMeters>9758.71</DistanceMeters>
            <HeartRateBpm><Value>143</Value></HeartRateBpm>
            <Cadence>166</Cadence>
          </Trackpoint>
          <Trackpoint>
            <Time>2026-02-14T14:34:56.000Z</Time>
            <Position>
              <LatitudeDegrees>37.3587483</LatitudeDegrees>
              <LongitudeDegrees>-121.8604140</LongitudeDegrees>
            </Position>
            <AltitudeMeters>23.7</AltitudeMeters>
            <DistanceMeters>9771.14</DistanceMeters>
            <HeartRateBpm><Value>143</Value></HeartRateBpm>
            <Cadence>166</Cadence>
          </Trackpoint>
          <Trackpoint>
            <Time>2026-02-14T14:35:01.000Z</Time>
            <Position>
              <LatitudeDegrees>37.3586692</LatitudeDegrees>
              <LongitudeDegrees>-121.8605137</LongitudeDegrees>
            </Position>
            <AltitudeMeters>23.7</AltitudeMeters>
            <DistanceMeters>9783.58</DistanceMeters>
            <HeartRateBpm><Value>143</Value></HeartRateBpm>
            <Cadence>166</Cadence>
          </Trackpoint>
          <Trackpoint>
            <Time>2026-02-14T14:35:06.000Z</Time>
            <Position>
              <LatitudeDegrees>37.3585900</LatitudeDegrees>
              <LongitudeDegrees>-121.8606134</LongitudeDegrees>
            </Position>
            <AltitudeMeters>23.8</AltitudeMeters>
            <DistanceMeters>9796.02</DistanceMeters>
            <HeartRateBpm><Value>143</Value></HeartRateBpm>
            <Cadence>166</Cadence>
          </Trackpoint>
          <Trackpoint>
            <Time>2026-02-14T14:35:11.000Z</Time>
            <Position>
              <LatitudeDegrees>37.3585109</LatitudeDegrees>
              <LongitudeDegrees>-121.8607131</LongitudeDegrees>
            </Position>
            <AltitudeMeters>23.9</AltitudeMeters>
            <DistanceMeters>9808.46</DistanceMeters>
            <HeartRateBpm><Value>143</Value></HeartRateBpm>
            <Cadence>166</Cadence>
          </Trackpoint>
          <Trackpoint>
            <Time>2026-02-14T14:35:16.000Z</Time>
            <Position>
              <LatitudeDegrees>37.3584317</LatitudeDegrees>
              <LongitudeDegrees>-121.8608129</LongitudeDegrees>
            </Position>
            <AltitudeMeters>23.9</AltitudeMeters>
            <DistanceMeters>9820.90</DistanceMeters>
            <HeartRateBpm><Value>143</Value></HeartRateBpm>
            <Cadence>166</Cadence>
          </Trackpoint>
          <Trackpoint>
            <Time>2026-02-14T14:35:21.000Z</Time>
            <Position>
              <LatitudeDegrees>37.3583526</LatitudeDegrees>
              <LongitudeDegrees>-121.8609126</LongitudeDegrees>
            </Position>
            <AltitudeMeters>24</AltitudeMeters>
            <DistanceMeters>9833.33</DistanceMeters>
            <HeartRateBpm><Value>143</Value></HeartRateBpm>
            <Cadence>166</Cadence>
          </Trackpoint>
          <Trackpoint>
            <Time>2026-02-14T14:35:26.000Z</Time>
            <Position>
              <LatitudeDegrees>37.3582734</LatitudeDegrees>
              <LongitudeDegrees>-121.8610123</LongitudeDegrees>
            </Position>
            <AltitudeMeters>24.1</AltitudeMeters>
            <DistanceMeters>9845.77</DistanceMeters>
            <HeartRateBpm><Value>143</Value></HeartRateBpm>
            <Cadence>166</Cadence>
          </Trackpoint>
          <Trackpoint>
            <Time>2026-02-14T14:35:31.000Z</Time>
            <Position>
              <LatitudeDegrees>37.3581943</LatitudeDegrees>
              <LongitudeDegrees>-121.8611120</LongitudeDegrees>
            </Position>
            <AltitudeMeters>24.1</AltitudeMeters>
            <DistanceMeters>9858.21</DistanceMeters>
            <HeartRateBpm><Value>143</Value></HeartRateBpm>
            <Cadence>166</Cadence>
          </Trackpoint>
          <Trackpoint>
            <Time>2026-02-14T14:35:36.000Z</Time>
            <Position>
              <LatitudeDegrees>37.3581151</LatitudeDegrees>
              <LongitudeDegrees>-121.8612117</LongitudeDegrees>
            </Position>
            <AltitudeMeters>24.2</AltitudeMeters>
            <DistanceMeters>9870.65</DistanceMeters>
            <HeartRateBpm><Value>143</Value></HeartRateBpm>
            <Cadence>166</Cadence>
          </Trackpoint>
          <Trackpoint>
            <Time>2026-02-14T14:35:41.000Z</Time>
            <Position>
              <LatitudeDegrees>37.3580359</LatitudeDegrees>
              <LongitudeDegrees>-121.8613114</LongitudeDegrees>
            </Position>
            <AltitudeMeters>24.3</AltitudeMeters>
            <DistanceMeters>9883.08</DistanceMeters>
            <HeartRateBpm><Value>143</Value></HeartRateBpm>
            <Cadence>166</Cadence>
          </Trackpoint>
          <Trackpoint>
            <Time>2026-02-14T14:35:46.000Z</Time>
            <Position>
              <LatitudeDegrees>37.3579568</LatitudeDegrees>
              <LongitudeDegrees>-121.8614111</LongitudeDegrees>
            </Position>
            <AltitudeMeters>24.4</AltitudeMeters>
            <DistanceMeters>9895.52</DistanceMeters>
            <HeartRateBpm><Value>143</Value></HeartRateBpm>
            <Cadence>166</Cadence>
          </Trackpoint>
          <Trackpoint>
            <Time>2026-02-14T14:35:51.000Z</Time>
            <Position>
              <LatitudeDegrees>37.3578776</LatitudeDegrees>
              <LongitudeDegrees>-121.8615109</LongitudeDegrees>
            </Position>
            <AltitudeMeters>24.4</AltitudeMeters>
            <DistanceMeters>9907.96</DistanceMeters>
            <HeartRateBpm><Value>143</Value></HeartRateBpm>
            <Cadence>166</Cadence>
          </Trackpoint>
          <Trackpoint>
            <Time>2026-02-14T14:35:56.000Z</Time>
            <Position>
              <LatitudeDegrees>37.3577985</LatitudeDegrees>
              <LongitudeDegrees>-121.8616106</LongitudeDegrees>
            </Position>
            <AltitudeMeters>24.5</AltitudeMeters>
            <DistanceMeters>9920.40</DistanceMeters>
            <HeartRateBpm><Value>143</Value></HeartRateBpm>
            <Cadence>166</Cadence>
          </Trackpoint>
          <Trackpoint>
            <Time>2026-02-14T14:36:01.000Z</Time>
            <Position>
              <LatitudeDegrees>37.3577193</LatitudeDegrees>
              <LongitudeDegrees>-121.8617103</LongitudeDegrees>
            </Position>
            <AltitudeMeters>24.6</AltitudeMeters>
            <DistanceMeters>9932.84</DistanceMeters>
            <HeartRateBpm><Value>143</Value></HeartRateBpm>
            <Cadence>166</Cadence>
          </Trackpoint>
          <Trackpoint>
            <Time>2026-02-14T14:36:06.000Z</Time>
            <Position>
              <LatitudeDegrees>37.3576402</LatitudeDegrees>
              <LongitudeDegrees>-121.8618100</LongitudeDegrees>
            </Position>
            <AltitudeMeters>24.7</AltitudeMeters>
            <DistanceMeters>9945.27</DistanceMeters>
            <HeartRateBpm><Value>143</Value></HeartRateBpm>
            <Cadence>166</Cadence>
          </Trackpoint>
          <Trackpoint>
            <Time>2026-02-14T14:36:11.000Z</Time>
            <Position>
              <LatitudeDegrees>37.3575610</LatitudeDegrees>
              <LongitudeDegrees>-121.8619097</LongitudeDegrees>
            </Position>
            <AltitudeMeters>24.7</AltitudeMeters>
            <DistanceMeters>9957.71</DistanceMeters>
            <HeartRateBpm><Value>143</Value></HeartRateBpm>
            <Cadence>166</Cadence>
          </Trackpoint>
          <Trackpoint>
            <Time>2026-02-14T14:36:16.000Z</Time>
            <Position>
              <LatitudeDegrees>37.3574819</LatitudeDegrees>
              <LongitudeDegrees>-121.8620094</LongitudeDegrees>
            </Position>
            <AltitudeMeters>24.8</AltitudeMeters>
            <DistanceMeters>9970.15</DistanceMeters>
            <HeartRateBpm><Value>143</Value></HeartRateBpm>
            <Cadence>166</Cadence>
          </Trackpoint>
          <Trackpoint>
            <Time>2026-02-14T14:36:21.000Z</Time>
            <Position>
              <LatitudeDegrees>37.3574027</LatitudeDegrees>
              <LongitudeDegrees>-121.8621091</LongitudeDegrees>
            </Position>
            <AltitudeMeters>24.9</AltitudeMeters>
            <DistanceMeters>9982.59</DistanceMeters>
            <HeartRateBpm><Value>143</Value></HeartRateBpm>
            <Cadence>166</Cadence>
          </Trackpoint>
          <Trackpoint>
            <Time>2026-02-14T14:36:26.000Z</Time>
            <Position>
              <LatitudeDegrees>37.3573236</LatitudeDegrees>
              <LongitudeDegrees>-121.8622089</LongitudeDegrees>
            </Position>
            <AltitudeMeters>25</AltitudeMeters>
            <DistanceMeters>9995.02</DistanceMeters>
            <HeartRateBpm><Value>143</Value></HeartRateBpm>
            <Cadence>166</Cadence>
          </Trackpoint>
          <Trackpoint>
            <Time>2026-02-14T14:36:31.000Z</Time>
            <Position>
              <LatitudeDegrees>37.3572444</LatitudeDegrees>
              <LongitudeDegrees>-121.8623086</LongitudeDegrees>
            </Position>
            <AltitudeMeters>25</AltitudeMeters>
            <DistanceMeters>10007.46</DistanceMeters>
            <HeartRateBpm><Value>143</Value></HeartRateBpm>
            <Cadence>166</Cadence>
          </Trackpoint>
          <Trackpoint>
            <Time>2026-02-14T14:36:36.000Z</Time>
            <Position>
              <LatitudeDegrees>37.3571653</LatitudeDegrees>
              <LongitudeDegrees>-121.8624083</LongitudeDegrees>
            </Position>
            <AltitudeMeters>25.1</AltitudeMeters>
            <DistanceMeters>10019.90</DistanceMeters>
            <HeartRateBpm><Value>143</Value></HeartRateBpm>
            <Cadence>166</Cadence>
          </Trackpoint>
          <Trackpoint>
            <Time>2026-02-14T14:36:41.000Z</Time>
            <Position>
              <LatitudeDegrees>37.3570861</LatitudeDegrees>
              <LongitudeDegrees>-121.8625080</LongitudeDegrees>
            </Position>
            <AltitudeMeters>25.2</AltitudeMeters>
            <DistanceMeters>10032.34</DistanceMeters>
            <HeartRateBpm><Value>143</Value></HeartRateBpm>
            <Cadence>166</Cadence>
          </Trackpoint>
          <Trackpoint>
            <Time>2026-02-14T14:36:46.000Z</Time>
            <Position>
              <LatitudeDegrees>37.3570069</LatitudeDegrees>
              <LongitudeDegrees>-121.8626077</LongitudeDegrees>
            </Position>
            <AltitudeMeters>25.3</AltitudeMeters>
            <DistanceMeters>10044.78</DistanceMeters>
            <HeartRateBpm><Value>143</Value></HeartRateBpm>
            <Cadence>166</Cadence>
          </Trackpoint>
          <Trackpoint>
            <Time>2026-02-14T14:36:51.000Z</Time>
            <Position>
              <LatitudeDegrees>37.3569278</LatitudeDegrees>
              <LongitudeDegrees>-121.8627074</LongitudeDegrees>
            </Position>
            <AltitudeMeters>25.4</AltitudeMeters>
            <DistanceMeters>10057.21</DistanceMeters>
            <HeartRateBpm><Value>143</Value></HeartRateBpm>
            <Cadence>166</Cadence>
          </Trackpoint>
          <Trackpoint>
            <Time>2026-02-14T14:36:56.000Z</Time>
            <Position>
              <LatitudeDegrees>37.3568486</LatitudeDegrees>
              <LongitudeDegrees>-121.8628072</LongitudeDegrees>
            </Position>
            <AltitudeMeters>25.4</AltitudeMeters>
            <DistanceMeters>10069.65</DistanceMeters>
            <HeartRateBpm><Value>143</Value></HeartRateBpm>
            <Cadence>166</Cadence>
          </Trackpoint>
          <Trackpoint>
            <Time>2026-02-14T14:37:01.000Z</Time>
            <Position>
              <LatitudeDegrees>37.3567695</LatitudeDegrees>
              <LongitudeDegrees>-121.8629069</LongitudeDegrees>
            </Position>
            <AltitudeMeters>25.5</AltitudeMeters>
            <DistanceMeters>10082.09</DistanceMeters>
            <HeartRateBpm><Value>143</Value></HeartRateBpm>
            <Cadence>166</Cadence>
          </Trackpoint>
          <Trackpoint>
            <Time>2026-02-14T14:37:06.000Z</Time>
            <Position>
              <LatitudeDegrees>37.3566903</LatitudeDegrees>
              <LongitudeDegrees>-121.8630066</LongitudeDegrees>
            </Position>
            <AltitudeMeters>25.6</AltitudeMeters>
            <DistanceMeters>10094.53</DistanceMeters>
            <HeartRateBpm><Value>143</Value></HeartRateBpm>
            <Cadence>166</Cadence>
          </Trackpoint>
          <Trackpoint>
            <Time>2026-02-14T14:37:11.000Z</Time>
            <Position>
              <LatitudeDegrees>37.3566112</LatitudeDegrees>
              <LongitudeDegrees>-121.8631063</LongitudeDegrees>
            </Position>
            <AltitudeMeters>25.7</AltitudeMeters>
            <DistanceMeters>10106.97</DistanceMeters>
            <HeartRateBpm><Value>143</Value></HeartRateBpm>
            <Cadence>166</Cadence>
          </Trackpoint>
          <Trackpoint>
            <Time>2026-02-14T14:37:16.000Z</Time>
            <Position>
              <LatitudeDegrees>37.3565320</LatitudeDegrees>
              <LongitudeDegrees>-121.8632060</LongitudeDegrees>
            </Position>
            <AltitudeMeters>25.7</AltitudeMeters>
            <DistanceMeters>10119.40</DistanceMeters>
            <HeartRateBpm><Value>143</Value></HeartRateBpm>
            <Cadence>166</Cadence>
          </Trackpoint>
          <Trackpoint>
            <Time>2026-02-14T14:37:21.000Z</Time>
            <Position>
              <LatitudeDegrees>37.3564529</LatitudeDegrees>
              <LongitudeDegrees>-121.8633057</LongitudeDegrees>
            </Position>
            <AltitudeMeters>25.8</AltitudeMeters>
            <DistanceMeters>10131.84</DistanceMeters>
            <HeartRateBpm><Value>143</Value></HeartRateBpm>
            <Cadence>166</Cadence>
          </Trackpoint>
          <Trackpoint>
            <Time>2026-02-14T14:37:26.000Z</Time>
            <Position>
              <LatitudeDegrees>37.3563737</LatitudeDegrees>
              <LongitudeDegrees>-121.8634054</LongitudeDegrees>
            </Position>
            <AltitudeMeters>25.9</AltitudeMeters>
            <DistanceMeters>10144.28</DistanceMeters>
            <HeartRateBpm><Value>143</Value></HeartRateBpm>
            <Cadence>166</Cadence>
          </Trackpoint>
          <Trackpoint>
            <Time>2026-02-14T14:37:31.000Z</Time>
            <Position>
              <LatitudeDegrees>37.3562946</LatitudeDegrees>
              <LongitudeDegrees>-121.8635052</LongitudeDegrees>
            </Position>
            <AltitudeMeters>25.9</AltitudeMeters>
            <DistanceMeters>10156.72</DistanceMeters>
            <HeartRateBpm><Value>143</Value></HeartRateBpm>
            <Cadence>166</Cadence>
          </Trackpoint>
          <Trackpoint>
            <Time>2026-02-14T14:37:36.000Z</Time>
            <Position>
              <LatitudeDegrees>37.3562154</LatitudeDegrees>
              <LongitudeDegrees>-121.8636049</LongitudeDegrees>
            </Position>
            <AltitudeMeters>26</AltitudeMeters>
            <DistanceMeters>10169.15</DistanceMeters>
            <HeartRateBpm><Value>143</Value></HeartRateBpm>
            <Cadence>166</Cadence>
          </Trackpoint>
          <Trackpoint>
            <Time>2026-02-14T14:37:41.000Z</Time>
            <Position>
              <LatitudeDegrees>37.3561363</LatitudeDegrees>
              <LongitudeDegrees>-121.8637046</LongitudeDegrees>
            </Position>
            <AltitudeMeters>26.1</AltitudeMeters>
            <DistanceMeters>10181.59</DistanceMeters>
            <HeartRateBpm><Value>143</Value></HeartRateBpm>
            <Cadence>166</Cadence>
          </Trackpoint>
          <Trackpoint>
            <Time>2026-02-14T14:37:46.000Z</Time>
            <Position>
              <LatitudeDegrees>37.3560571</LatitudeDegrees>
              <LongitudeDegrees>-121.8638043</LongitudeDegrees>
            </Position>
            <AltitudeMeters>26.1</AltitudeMeters>
            <DistanceMeters>10194.03</DistanceMeters>
            <HeartRateBpm><Value>143</Value></HeartRateBpm>
            <Cadence>166</Cadence>
          </Trackpoint>
          <Trackpoint>
            <Time>2026-02-14T14:37:51.000Z</Time>
            <Position>
              <LatitudeDegrees>37.3559779</LatitudeDegrees>
              <LongitudeDegrees>-121.8639040</LongitudeDegrees>
            </Position>
            <AltitudeMeters>26.2</AltitudeMeters>
            <DistanceMeters>10206.47</DistanceMeters>
            <HeartRateBpm><Value>143</Value></HeartRateBpm>
            <Cadence>166</Cadence>
          </Trackpoint>
          <Trackpoint>
            <Time>2026-02-14T14:37:56.000Z</Time>
            <Position>
              <LatitudeDegrees>37.3558988</LatitudeDegrees>
              <LongitudeDegrees>-121.8640037</LongitudeDegrees>
            </Position>
            <AltitudeMeters>26.3</AltitudeMeters>
            <DistanceMeters>10218.91</DistanceMeters>
            <HeartRateBpm><Value>143</Value></HeartRateBpm>
            <Cadence>166</Cadence>
          </Trackpoint>
          <Trackpoint>
            <Time>2026-02-14T14:38:01.000Z</Time>
            <Position>
              <LatitudeDegrees>37.3558196</LatitudeDegrees>
              <LongitudeDegrees>-121.8641034</LongitudeDegrees>
            </Position>
            <AltitudeMeters>26.3</AltitudeMeters>
            <DistanceMeters>10231.34</DistanceMeters>
            <HeartRateBpm><Value>143</Value></HeartRateBpm>
            <Cadence>166</Cadence>
          </Trackpoint>
          <Trackpoint>
            <Time>2026-02-14T14:38:06.000Z</Time>
            <Position>
              <LatitudeDegrees>37.3557405</LatitudeDegrees>
              <LongitudeDegrees>-121.8642032</LongitudeDegrees>
            </Position>
            <AltitudeMeters>26.4</AltitudeMeters>
            <DistanceMeters>10243.78</DistanceMeters>
            <HeartRateBpm><Value>143</Value></HeartRateBpm>
            <Cadence>166</Cadence>
          </Trackpoint>
          <Trackpoint>
            <Time>2026-02-14T14:38:11.000Z</Time>
            <Position>
              <LatitudeDegrees>37.3556613</LatitudeDegrees>
              <LongitudeDegrees>-121.8643029</LongitudeDegrees>
            </Position>
            <AltitudeMeters>26.4</AltitudeMeters>
            <DistanceMeters>10256.22</DistanceMeters>
            <HeartRateBpm><Value>143</Value></HeartRateBpm>
            <Cadence>166</Cadence>
          </Trackpoint>
          <Trackpoint>
            <Time>2026-02-14T14:38:16.000Z</Time>
            <Position>
              <LatitudeDegrees>37.3555822</LatitudeDegrees>
              <LongitudeDegrees>-121.8644026</LongitudeDegrees>
            </Position>
            <AltitudeMeters>26.5</AltitudeMeters>
            <DistanceMeters>10268.66</DistanceMeters>
            <HeartRateBpm><Value>143</Value></HeartRateBpm>
            <Cadence>166</Cadence>
          </Trackpoint>
          <Trackpoint>
            <Time>2026-02-14T14:38:21.000Z</Time>
            <Position>
              <LatitudeDegrees>37.3555030</LatitudeDegrees>
              <LongitudeDegrees>-121.8645023</LongitudeDegrees>
            </Position>
            <AltitudeMeters>26.5</AltitudeMeters>
            <DistanceMeters>10281.09</DistanceMeters>
            <HeartRateBpm><Value>143</Value></HeartRateBpm>
            <Cadence>166</Cadence>
          </Trackpoint>
          <Trackpoint>
            <Time>2026-02-14T14:38:26.000Z</Time>
            <Position>
              <LatitudeDegrees>37.3554239</LatitudeDegrees>
              <LongitudeDegrees>-121.8646020</LongitudeDegrees>
            </Position>
            <AltitudeMeters>26.6</AltitudeMeters>
            <DistanceMeters>10293.53</DistanceMeters>
            <HeartRateBpm><Value>143</Value></HeartRateBpm>
            <Cadence>166</Cadence>
          </Trackpoint>
          <Trackpoint>
            <Time>2026-02-14T14:38:31.000Z</Time>
            <Position>
              <LatitudeDegrees>37.3553447</LatitudeDegrees>
              <LongitudeDegrees>-121.8647017</LongitudeDegrees>
            </Position>
            <AltitudeMeters>26.6</AltitudeMeters>
            <DistanceMeters>10305.97</DistanceMeters>
            <HeartRateBpm><Value>143</Value></HeartRateBpm>
            <Cadence>166</Cadence>
          </Trackpoint>
          <Trackpoint>
            <Time>2026-02-14T14:38:36.000Z</Time>
            <Position>
              <LatitudeDegrees>37.3552656</LatitudeDegrees>
              <LongitudeDegrees>-121.8648015</LongitudeDegrees>
            </Position>
            <AltitudeMeters>26.7</AltitudeMeters>
            <DistanceMeters>10318.41</DistanceMeters>
            <HeartRateBpm><Value>143</Value></HeartRateBpm>
            <Cadence>166</Cadence>
          </Trackpoint>
          <Trackpoint>
            <Time>2026-02-14T14:38:41.000Z</Time>
            <Position>
              <LatitudeDegrees>37.3551864</LatitudeDegrees>
              <LongitudeDegrees>-121.8649012</LongitudeDegrees>
            </Position>
            <AltitudeMeters>26.7</AltitudeMeters>
            <DistanceMeters>10330.85</DistanceMeters>
            <HeartRateBpm><Value>143</Value></HeartRateBpm>
            <Cadence>166</Cadence>
          </Trackpoint>
          <Trackpoint>
            <Time>2026-02-14T14:38:46.000Z</Time>
            <Position>
              <LatitudeDegrees>37.3551073</LatitudeDegrees>
              <LongitudeDegrees>-121.8650009</LongitudeDegrees>
            </Position>
            <AltitudeMeters>26.8</AltitudeMeters>
            <DistanceMeters>10343.28</DistanceMeters>
            <HeartRateBpm><Value>143</Value></HeartRateBpm>
            <Cadence>166</Cadence>
          </Trackpoint>
          <Trackpoint>
            <Time>2026-02-14T14:38:51.000Z</Time>
            <Position>
              <LatitudeDegrees>37.3550281</LatitudeDegrees>
              <LongitudeDegrees>-121.8651006</LongitudeDegrees>
            </Position>
            <AltitudeMeters>26.8</AltitudeMeters>
            <DistanceMeters>10355.72</DistanceMeters>
            <HeartRateBpm><Value>143</Value></HeartRateBpm>
            <Cadence>166</Cadence>
          </Trackpoint>
          <Trackpoint>
            <Time>2026-02-14T14:38:56.000Z</Time>
            <Position>
              <LatitudeDegrees>37.3549489</LatitudeDegrees>
              <LongitudeDegrees>-121.8652003</LongitudeDegrees>
            </Position>
            <AltitudeMeters>26.8</AltitudeMeters>
            <DistanceMeters>10368.16</DistanceMeters>
            <HeartRateBpm><Value>143</Value></HeartRateBpm>
            <Cadence>166</Cadence>
          </Trackpoint>
          <Trackpoint>
            <Time>2026-02-14T14:39:01.000Z</Time>
            <Position>
              <LatitudeDegrees>37.3548698</LatitudeDegrees>
              <LongitudeDegrees>-121.8653000</LongitudeDegrees>
            </Position>
            <AltitudeMeters>26.9</AltitudeMeters>
            <DistanceMeters>10380.60</DistanceMeters>
            <HeartRateBpm><Value>143</Value></HeartRateBpm>
            <Cadence>166</Cadence>
          </Trackpoint>
          <Trackpoint>
            <Time>2026-02-14T14:39:06.000Z</Time>
            <Position>
              <LatitudeDegrees>37.3547906</LatitudeDegrees>
              <LongitudeDegrees>-121.8653997</LongitudeDegrees>
            </Position>
            <AltitudeMeters>26.9</AltitudeMeters>
            <DistanceMeters>10393.03</DistanceMeters>
            <HeartRateBpm><Value>143</Value></HeartRateBpm>
            <Cadence>166</Cadence>
          </Trackpoint>
          <Trackpoint>
            <Time>2026-02-14T14:39:11.000Z</Time>
            <Position>
              <LatitudeDegrees>37.3547115</LatitudeDegrees>
              <LongitudeDegrees>-121.8654995</LongitudeDegrees>
            </Position>
            <AltitudeMeters>26.9</AltitudeMeters>
            <DistanceMeters>10405.47</DistanceMeters>
            <HeartRateBpm><Value>143</Value></HeartRateBpm>
            <Cadence>166</Cadence>
          </Trackpoint>
          <Trackpoint>
            <Time>2026-02-14T14:39:16.000Z</Time>
            <Position>
              <LatitudeDegrees>37.3546323</LatitudeDegrees>
              <LongitudeDegrees>-121.8655992</LongitudeDegrees>
            </Position>
            <AltitudeMeters>26.9</AltitudeMeters>
            <DistanceMeters>10417.91</DistanceMeters>
            <HeartRateBpm><Value>143</Value></HeartRateBpm>
            <Cadence>166</Cadence>
          </Trackpoint>
          <Trackpoint>
            <Time>2026-02-14T14:39:21.000Z</Time>
            <Position>
              <LatitudeDegrees>37.3545532</LatitudeDegrees>
              <LongitudeDegrees>-121.8656989</LongitudeDegrees>
            </Position>
            <AltitudeMeters>27</AltitudeMeters>
            <DistanceMeters>10430.35</DistanceMeters>
            <HeartRateBpm><Value>143</Value></HeartRateBpm>
            <Cadence>166</Cadence>
          </Trackpoint>
          <Trackpoint>
            <Time>2026-02-14T14:39:26.000Z</Time>
            <Position>
              <LatitudeDegrees>37.3544740</LatitudeDegrees>
              <LongitudeDegrees>-121.8657986</LongitudeDegrees>
            </Position>
            <AltitudeMeters>27</AltitudeMeters>
            <DistanceMeters>10442.79</DistanceMeters>
            <HeartRateBpm><Value>143</Value></HeartRateBpm>
            <Cadence>166</Cadence>
          </Trackpoint>
          <Trackpoint>
            <Time>2026-02-14T14:39:31.000Z</Time>
            <Position>
              <LatitudeDegrees>37.3543949</LatitudeDegrees>
              <LongitudeDegrees>-121.8658983</LongitudeDegrees>
            </Position>
            <AltitudeMeters>27</AltitudeMeters>
            <DistanceMeters>10455.22</DistanceMeters>
            <HeartRateBpm><Value>143</Value></HeartRateBpm>
            <Cadence>166</Cadence>
          </Trackpoint>
          <Trackpoint>
            <Time>2026-02-14T14:39:36.000Z</Time>
            <Position>
              <LatitudeDegrees>37.3543157</LatitudeDegrees>
              <LongitudeDegrees>-121.8659980</LongitudeDegrees>
            </Position>
            <AltitudeMeters>27</AltitudeMeters>
            <DistanceMeters>10467.66</DistanceMeters>
            <HeartRateBpm><Value>143</Value></HeartRateBpm>
            <Cadence>166</Cadence>
          </Trackpoint>
          <Trackpoint>
            <Time>2026-02-14T14:39:41.000Z</Time>
            <Position>
              <LatitudeDegrees>37.3542366</LatitudeDegrees>
              <LongitudeDegrees>-121.8660977</LongitudeDegrees>
            </Position>
            <AltitudeMeters>27</AltitudeMeters>
            <DistanceMeters>10480.10</DistanceMeters>
            <HeartRateBpm><Value>143</Value></HeartRateBpm>
            <Cadence>166</Cadence>
          </Trackpoint>
          <Trackpoint>
            <Time>2026-02-14T14:39:46.000Z</Time>
            <Position>
              <LatitudeDegrees>37.3541574</LatitudeDegrees>
              <LongitudeDegrees>-121.8661975</LongitudeDegrees>
            </Position>
            <AltitudeMeters>27</AltitudeMeters>
            <DistanceMeters>10492.54</DistanceMeters>
            <HeartRateBpm><Value>143</Value></HeartRateBpm>
            <Cadence>166</Cadence>
          </Trackpoint>
          <Trackpoint>
            <Time>2026-02-14T14:39:51.000Z</Time>
            <Position>
              <LatitudeDegrees>37.3540783</LatitudeDegrees>
              <LongitudeDegrees>-121.8662972</LongitudeDegrees>
            </Position>
            <AltitudeMeters>27</AltitudeMeters>
            <DistanceMeters>10504.98</DistanceMeters>
            <HeartRateBpm><Value>143</Value></HeartRateBpm>
            <Cadence>166</Cadence>
          </Trackpoint>
          <Trackpoint>
            <Time>2026-02-14T14:39:56.000Z</Time>
            <Position>
              <LatitudeDegrees>37.3539991</LatitudeDegrees>
              <LongitudeDegrees>-121.8663969</LongitudeDegrees>
            </Position>
            <AltitudeMeters>27</AltitudeMeters>
            <DistanceMeters>10517.41</DistanceMeters>
            <HeartRateBpm><Value>143</Value></HeartRateBpm>
            <Cadence>166</Cadence>
          </Trackpoint>
          <Trackpoint>
            <Time>2026-02-14T14:40:01.000Z</Time>
            <Position>
              <LatitudeDegrees>37.3539199</LatitudeDegrees>
              <LongitudeDegrees>-121.8664966</LongitudeDegrees>
            </Position>
            <AltitudeMeters>27</AltitudeMeters>
            <DistanceMeters>10529.85</DistanceMeters>
            <HeartRateBpm><Value>143</Value></HeartRateBpm>
            <Cadence>166</Cadence>
          </Trackpoint>
          <Trackpoint>
            <Time>2026-02-14T14:40:06.000Z</Time>
            <Position>
              <LatitudeDegrees>37.3538408</LatitudeDegrees>
              <LongitudeDegrees>-121.8665963</LongitudeDegrees>
            </Position>
            <AltitudeMeters>27</AltitudeMeters>
            <DistanceMeters>10542.29</DistanceMeters>
            <HeartRateBpm><Value>143</Value></HeartRateBpm>
            <Cadence>166</Cadence>
          </Trackpoint>
          <Trackpoint>
            <Time>2026-02-14T14:40:11.000Z</Time>
            <Position>
              <LatitudeDegrees>37.3537616</LatitudeDegrees>
              <LongitudeDegrees>-121.8666960</LongitudeDegrees>
            </Position>
            <AltitudeMeters>27</AltitudeMeters>
            <DistanceMeters>10554.73</DistanceMeters>
            <HeartRateBpm><Value>143</Value></HeartRateBpm>
            <Cadence>166</Cadence>
          </Trackpoint>
          <Trackpoint>
            <Time>2026-02-14T14:40:16.000Z</Time>
            <Position>
              <LatitudeDegrees>37.3536825</LatitudeDegrees>
              <LongitudeDegrees>-121.8667958</LongitudeDegrees>
            </Position>
            <AltitudeMeters>27</AltitudeMeters>
            <DistanceMeters>10567.16</DistanceMeters>
            <HeartRateBpm><Value>143</Value></HeartRateBpm>
            <Cadence>166</Cadence>
          </Trackpoint>
          <Trackpoint>
            <Time>2026-02-14T14:40:21.000Z</Time>
            <Position>
              <LatitudeDegrees>37.3536033</LatitudeDegrees>
              <LongitudeDegrees>-121.8668955</LongitudeDegrees>
            </Position>
            <AltitudeMeters>26.9</AltitudeMeters>
            <DistanceMeters>10579.60</DistanceMeters>
            <HeartRateBpm><Value>143</Value></HeartRateBpm>
            <Cadence>166</Cadence>
          </Trackpoint>
          <Trackpoint>
            <Time>2026-02-14T14:40:26.000Z</Time>
            <Position>
              <LatitudeDegrees>37.3535242</LatitudeDegrees>
              <LongitudeDegrees>-121.8669952</LongitudeDegrees>
            </Position>
            <AltitudeMeters>26.9</AltitudeMeters>
            <DistanceMeters>10592.04</DistanceMeters>
            <HeartRateBpm><Value>143</Value></HeartRateBpm>
            <Cadence>166</Cadence>
          </Trackpoint>
          <Trackpoint>
            <Time>2026-02-14T14:40:31.000Z</Time>
            <Position>
              <LatitudeDegrees>37.3534450</LatitudeDegrees>
              <LongitudeDegrees>-121.8670949</LongitudeDegrees>
            </Position>
            <AltitudeMeters>26.9</AltitudeMeters>
            <DistanceMeters>10604.48</DistanceMeters>
            <HeartRateBpm><Value>143</Value></HeartRateBpm>
            <Cadence>166</Cadence>
          </Trackpoint>
          <Trackpoint>
            <Time>2026-02-14T14:40:36.000Z</Time>
            <Position>
              <LatitudeDegrees>37.3533659</LatitudeDegrees>
              <LongitudeDegrees>-121.8671946</LongitudeDegrees>
            </Position>
            <AltitudeMeters>26.9</AltitudeMeters>
            <DistanceMeters>10616.92</DistanceMeters>
            <HeartRateBpm><Value>143</Value></HeartRateBpm>
            <Cadence>166</Cadence>
          </Trackpoint>
          <Trackpoint>
            <Time>2026-02-14T14:40:41.000Z</Time>
            <Position>
              <LatitudeDegrees>37.3532867</LatitudeDegrees>
              <LongitudeDegrees>-121.8672943</LongitudeDegrees>
            </Position>
            <AltitudeMeters>26.8</AltitudeMeters>
            <DistanceMeters>10629.35</DistanceMeters>
            <HeartRateBpm><Value>143</Value></HeartRateBpm>
            <Cadence>166</Cadence>
          </Trackpoint>
          <Trackpoint>
            <Time>2026-02-14T14:40:46.000Z</Time>
            <Position>
              <LatitudeDegrees>37.3532076</LatitudeDegrees>
              <LongitudeDegrees>-121.8673940</LongitudeDegrees>
            </Position>
            <AltitudeMeters>26.8</AltitudeMeters>
            <DistanceMeters>10641.79</DistanceMeters>
            <HeartRateBpm><Value>143</Value></HeartRateBpm>
            <Cadence>166</Cadence>
          </Trackpoint>
          <Trackpoint>
            <Time>2026-02-14T14:40:51.000Z</Time>
            <Position>
              <LatitudeDegrees>37.3531284</LatitudeDegrees>
              <LongitudeDegrees>-121.8674938</LongitudeDegrees>
            </Position>
            <AltitudeMeters>26.8</AltitudeMeters>
            <DistanceMeters>10654.23</DistanceMeters>
            <HeartRateBpm><Value>143</Value></HeartRateBpm>
            <Cadence>166</Cadence>
          </Trackpoint>
          <Trackpoint>
            <Time>2026-02-14T14:40:56.000Z</Time>
            <Position>
              <LatitudeDegrees>37.3530493</LatitudeDegrees>
              <LongitudeDegrees>-121.8675935</LongitudeDegrees>
            </Position>
            <AltitudeMeters>26.7</AltitudeMeters>
            <DistanceMeters>10666.67</DistanceMeters>
            <HeartRateBpm><Value>143</Value></HeartRateBpm>
            <Cadence>166</Cadence>
          </Trackpoint>
          <Trackpoint>
            <Time>2026-02-14T14:41:01.000Z</Time>
            <Position>
              <LatitudeDegrees>37.3529701</LatitudeDegrees>
              <LongitudeDegrees>-121.8676932</LongitudeDegrees>
            </Position>
            <AltitudeMeters>26.7</AltitudeMeters>
            <DistanceMeters>10679.10</DistanceMeters>
            <HeartRateBpm><Value>143</Value></HeartRateBpm>
            <Cadence>166</Cadence>
          </Trackpoint>
          <Trackpoint>
            <Time>2026-02-14T14:41:06.000Z</Time>
            <Position>
              <LatitudeDegrees>37.3528909</LatitudeDegrees>
              <LongitudeDegrees>-121.8677929</LongitudeDegrees>
            </Position>
            <AltitudeMeters>26.6</AltitudeMeters>
            <DistanceMeters>10691.54</DistanceMeters>
            <HeartRateBpm><Value>143</Value></HeartRateBpm>
            <Cadence>166</Cadence>
          </Trackpoint>
          <Trackpoint>
            <Time>2026-02-14T14:41:11.000Z</Time>
            <Position>
              <LatitudeDegrees>37.3528118</LatitudeDegrees>
              <LongitudeDegrees>-121.8678926</LongitudeDegrees>
            </Position>
            <AltitudeMeters>26.6</AltitudeMeters>
            <DistanceMeters>10703.98</DistanceMeters>
            <HeartRateBpm><Value>143</Value></HeartRateBpm>
            <Cadence>166</Cadence>
          </Trackpoint>
          <Trackpoint>
            <Time>2026-02-14T14:41:16.000Z</Time>
            <Position>
              <LatitudeDegrees>37.3527326</LatitudeDegrees>
              <LongitudeDegrees>-121.8679923</LongitudeDegrees>
            </Position>
            <AltitudeMeters>26.6</AltitudeMeters>
            <DistanceMeters>10716.42</DistanceMeters>
            <HeartRateBpm><Value>143</Value></HeartRateBpm>
            <Cadence>166</Cadence>
          </Trackpoint>
          <Trackpoint>
            <Time>2026-02-14T14:41:21.000Z</Time>
            <Position>
              <LatitudeDegrees>37.3526535</LatitudeDegrees>
              <LongitudeDegrees>-121.8680920</LongitudeDegrees>
            </Position>
            <AltitudeMeters>26.5</AltitudeMeters>
            <DistanceMeters>10728.86</DistanceMeters>
            <HeartRateBpm><Value>143</Value></HeartRateBpm>
            <Cadence>166</Cadence>
          </Trackpoint>
          <Trackpoint>
            <Time>2026-02-14T14:41:26.000Z</Time>
            <Position>
              <LatitudeDegrees>37.3525743</LatitudeDegrees>
              <LongitudeDegrees>-121.8681918</LongitudeDegrees>
            </Position>
            <AltitudeMeters>26.5</AltitudeMeters>
            <DistanceMeters>10741.29</DistanceMeters>
            <HeartRateBpm><Value>143</Value></HeartRateBpm>
            <Cadence>166</Cadence>
          </Trackpoint>
          <Trackpoint>
            <Time>2026-02-14T14:41:31.000Z</Time>
            <Position>
              <LatitudeDegrees>37.3524952</LatitudeDegrees>
              <LongitudeDegrees>-121.8682915</LongitudeDegrees>
            </Position>
            <AltitudeMeters>26.4</AltitudeMeters>
            <DistanceMeters>10753.73</DistanceMeters>
            <HeartRateBpm><Value>143</Value></HeartRateBpm>
            <Cadence>166</Cadence>
          </Trackpoint>
          <Trackpoint>
            <Time>2026-02-14T14:41:36.000Z</Time>
            <Position>
              <LatitudeDegrees>37.3524160</LatitudeDegrees>
              <LongitudeDegrees>-121.8683912</LongitudeDegrees>
            </Position>
            <AltitudeMeters>26.3</AltitudeMeters>
            <DistanceMeters>10766.17</DistanceMeters>
            <HeartRateBpm><Value>143</Value></HeartRateBpm>
            <Cadence>166</Cadence>
          </Trackpoint>
          <Trackpoint>
            <Time>2026-02-14T14:41:41.000Z</Time>
            <Position>
              <LatitudeDegrees>37.3523369</LatitudeDegrees>
              <LongitudeDegrees>-121.8684909</LongitudeDegrees>
            </Position>
            <AltitudeMeters>26.3</AltitudeMeters>
            <DistanceMeters>10778.61</DistanceMeters>
            <HeartRateBpm><Value>143</Value></HeartRateBpm>
            <Cadence>166</Cadence>
          </Trackpoint>
          <Trackpoint>
            <Time>2026-02-14T14:41:46.000Z</Time>
            <Position>
              <LatitudeDegrees>37.3522577</LatitudeDegrees>
              <LongitudeDegrees>-121.8685906</LongitudeDegrees>
            </Position>
            <AltitudeMeters>26.2</AltitudeMeters>
            <DistanceMeters>10791.04</DistanceMeters>
            <HeartRateBpm><Value>143</Value></HeartRateBpm>
            <Cadence>166</Cadence>
          </Trackpoint>
          <Trackpoint>
            <Time>2026-02-14T14:41:51.000Z</Time>
            <Position>
              <LatitudeDegrees>37.3521786</LatitudeDegrees>
              <LongitudeDegrees>-121.8686903</LongitudeDegrees>
            </Position>
            <AltitudeMeters>26.2</AltitudeMeters>
            <DistanceMeters>10803.48</DistanceMeters>
            <HeartRateBpm><Value>143</Value></HeartRateBpm>
            <Cadence>166</Cadence>
          </Trackpoint>
          <Trackpoint>
            <Time>2026-02-14T14:41:56.000Z</Time>
            <Position>
              <LatitudeDegrees>37.3520994</LatitudeDegrees>
              <LongitudeDegrees>-121.8687901</LongitudeDegrees>
            </Position>
            <AltitudeMeters>26.1</AltitudeMeters>
            <DistanceMeters>10815.92</DistanceMeters>
            <HeartRateBpm><Value>143</Value></HeartRateBpm>
            <Cadence>166</Cadence>
          </Trackpoint>
          <Trackpoint>
            <Time>2026-02-14T14:42:01.000Z</Time>
            <Position>
              <LatitudeDegrees>37.3520203</LatitudeDegrees>
              <LongitudeDegrees>-121.8688898</LongitudeDegrees>
            </Position>
            <AltitudeMeters>26</AltitudeMeters>
            <DistanceMeters>10828.36</DistanceMeters>
            <HeartRateBpm><Value>143</Value></HeartRateBpm>
            <Cadence>166</Cadence>
          </Trackpoint>
          <Trackpoint>
            <Time>2026-02-14T14:42:06.000Z</Time>
            <Position>
              <LatitudeDegrees>37.3519411</LatitudeDegrees>
              <LongitudeDegrees>-121.8689895</LongitudeDegrees>
            </Position>
            <AltitudeMeters>26</AltitudeMeters>
            <DistanceMeters>10840.80</DistanceMeters>
            <HeartRateBpm><Value>143</Value></HeartRateBpm>
            <Cadence>166</Cadence>
          </Trackpoint>
          <Trackpoint>
            <Time>2026-02-14T14:42:11.000Z</Time>
            <Position>
              <LatitudeDegrees>37.3518619</LatitudeDegrees>
              <LongitudeDegrees>-121.8690892</LongitudeDegrees>
            </Position>
            <AltitudeMeters>25.9</AltitudeMeters>
            <DistanceMeters>10853.23</DistanceMeters>
            <HeartRateBpm><Value>143</Value></HeartRateBpm>
            <Cadence>166</Cadence>
          </Trackpoint>
          <Trackpoint>
            <Time>2026-02-14T14:42:16.000Z</Time>
            <Position>
              <LatitudeDegrees>37.3517828</LatitudeDegrees>
              <LongitudeDegrees>-121.8691889</LongitudeDegrees>
            </Position>
            <AltitudeMeters>25.8</AltitudeMeters>
            <DistanceMeters>10865.67</DistanceMeters>
            <HeartRateBpm><Value>143</Value></HeartRateBpm>
            <Cadence>166</Cadence>
          </Trackpoint>
          <Trackpoint>
            <Time>2026-02-14T14:42:21.000Z</Time>
            <Position>
              <LatitudeDegrees>37.3517036</LatitudeDegrees>
              <LongitudeDegrees>-121.8692886</LongitudeDegrees>
            </Position>
            <AltitudeMeters>25.7</AltitudeMeters>
            <DistanceMeters>10878.11</DistanceMeters>
            <HeartRateBpm><Value>143</Value></HeartRateBpm>
            <Cadence>166</Cadence>
          </Trackpoint>
          <Trackpoint>
            <Time>2026-02-14T14:42:26.000Z</Time>
            <Position>
              <LatitudeDegrees>37.3516245</LatitudeDegrees>
              <LongitudeDegrees>-121.8693883</LongitudeDegrees>
            </Position>
            <AltitudeMeters>25.7</AltitudeMeters>
            <DistanceMeters>10890.55</DistanceMeters>
            <HeartRateBpm><Value>143</Value></HeartRateBpm>
            <Cadence>166</Cadence>
          </Trackpoint>
          <Trackpoint>
            <Time>2026-02-14T14:42:31.000Z</Time>
            <Position>
              <LatitudeDegrees>37.3515453</LatitudeDegrees>
              <LongitudeDegrees>-121.8694881</LongitudeDegrees>
            </Position>
            <AltitudeMeters>25.6</AltitudeMeters>
            <DistanceMeters>10902.99</DistanceMeters>
            <HeartRateBpm><Value>143</Value></HeartRateBpm>
            <Cadence>166</Cadence>
          </Trackpoint>
          <Trackpoint>
            <Time>2026-02-14T14:42:36.000Z</Time>
            <Position>
              <LatitudeDegrees>37.3514662</LatitudeDegrees>
              <LongitudeDegrees>-121.8695878</LongitudeDegrees>
            </Position>
            <AltitudeMeters>25.5</AltitudeMeters>
            <DistanceMeters>10915.42</DistanceMeters>
            <HeartRateBpm><Value>143</Value></HeartRateBpm>
            <Cadence>166</Cadence>
          </Trackpoint>
          <Trackpoint>
            <Time>2026-02-14T14:42:41.000Z</Time>
            <Position>
              <LatitudeDegrees>37.3513870</LatitudeDegrees>
              <LongitudeDegrees>-121.8696875</LongitudeDegrees>
            </Position>
            <AltitudeMeters>25.4</AltitudeMeters>
            <DistanceMeters>10927.86</DistanceMeters>
            <HeartRateBpm><Value>143</Value></HeartRateBpm>
            <Cadence>166</Cadence>
          </Trackpoint>
          <Trackpoint>
            <Time>2026-02-14T14:42:46.000Z</Time>
            <Position>
              <LatitudeDegrees>37.3513079</LatitudeDegrees>
              <LongitudeDegrees>-121.8697872</LongitudeDegrees>
            </Position>
            <AltitudeMeters>25.4</AltitudeMeters>
            <DistanceMeters>10940.30</DistanceMeters>
            <HeartRateBpm><Value>143</Value></HeartRateBpm>
            <Cadence>166</Cadence>
          </Trackpoint>
          <Trackpoint>
            <Time>2026-02-14T14:42:51.000Z</Time>
            <Position>
              <LatitudeDegrees>37.3512287</LatitudeDegrees>
              <LongitudeDegrees>-121.8698869</LongitudeDegrees>
            </Position>
            <AltitudeMeters>25.3</AltitudeMeters>
            <DistanceMeters>10952.74</DistanceMeters>
            <HeartRateBpm><Value>143</Value></HeartRateBpm>
            <Cadence>166</Cadence>
          </Trackpoint>
          <Trackpoint>
            <Time>2026-02-14T14:42:56.000Z</Time>
            <Position>
              <LatitudeDegrees>37.3511496</LatitudeDegrees>
              <LongitudeDegrees>-121.8699866</LongitudeDegrees>
            </Position>
            <AltitudeMeters>25.2</AltitudeMeters>
            <DistanceMeters>10965.17</DistanceMeters>
            <HeartRateBpm><Value>143</Value></HeartRateBpm>
            <Cadence>166</Cadence>
          </Trackpoint>
          <Trackpoint>
            <Time>2026-02-14T14:43:01.000Z</Time>
            <Position>
              <LatitudeDegrees>37.3510704</LatitudeDegrees>
              <LongitudeDegrees>-121.8700863</LongitudeDegrees>
            </Position>
            <AltitudeMeters>25.1</AltitudeMeters>
            <DistanceMeters>10977.61</DistanceMeters>
            <HeartRateBpm><Value>143</Value></HeartRateBpm>
            <Cadence>166</Cadence>
          </Trackpoint>
          <Trackpoint>
            <Time>2026-02-14T14:43:06.000Z</Time>
            <Position>
              <LatitudeDegrees>37.3509913</LatitudeDegrees>
              <LongitudeDegrees>-121.8701861</LongitudeDegrees>
            </Position>
            <AltitudeMeters>25.1</AltitudeMeters>
            <DistanceMeters>10990.05</DistanceMeters>
            <HeartRateBpm><Value>143</Value></HeartRateBpm>
            <Cadence>166</Cadence>
          </Trackpoint>
          <Trackpoint>
            <Time>2026-02-14T14:43:11.000Z</Time>
            <Position>
              <LatitudeDegrees>37.3509121</LatitudeDegrees>
              <LongitudeDegrees>-121.8702858</LongitudeDegrees>
            </Position>
            <AltitudeMeters>25</AltitudeMeters>
            <DistanceMeters>11002.49</DistanceMeters>
            <HeartRateBpm><Value>143</Value></HeartRateBpm>
            <Cadence>166</Cadence>
          </Trackpoint>
          <Trackpoint>
            <Time>2026-02-14T14:43:16.000Z</Time>
            <Position>
              <LatitudeDegrees>37.3508330</LatitudeDegrees>
              <LongitudeDegrees>-121.8703855</LongitudeDegrees>
            </Position>
            <AltitudeMeters>24.9</AltitudeMeters>
            <DistanceMeters>11014.93</DistanceMeters>
            <HeartRateBpm><Value>143</Value></HeartRateBpm>
            <Cadence>166</Cadence>
          </Trackpoint>
          <Trackpoint>
            <Time>2026-02-14T14:43:21.000Z</Time>
            <Position>
              <LatitudeDegrees>37.3507538</LatitudeDegrees>
              <LongitudeDegrees>-121.8704852</LongitudeDegrees>
            </Position>
            <AltitudeMeters>24.8</AltitudeMeters>
            <DistanceMeters>11027.36</DistanceMeters>
            <HeartRateBpm><Value>143</Value></HeartRateBpm>
            <Cadence>166</Cadence>
          </Trackpoint>
          <Trackpoint>
            <Time>2026-02-14T14:43:26.000Z</Time>
            <Position>
              <LatitudeDegrees>37.3506746</LatitudeDegrees>
              <LongitudeDegrees>-121.8705849</LongitudeDegrees>
            </Position>
            <AltitudeMeters>24.8</AltitudeMeters>
            <DistanceMeters>11039.80</DistanceMeters>
            <HeartRateBpm><Value>143</Value></HeartRateBpm>
            <Cadence>166</Cadence>
          </Trackpoint>
          <Trackpoint>
            <Time>2026-02-14T14:43:31.000Z</Time>
            <Position>
              <LatitudeDegrees>37.3505955</LatitudeDegrees>
              <LongitudeDegrees>-121.8706846</LongitudeDegrees>
            </Position>
            <AltitudeMeters>24.7</AltitudeMeters>
            <DistanceMeters>11052.24</DistanceMeters>
            <HeartRateBpm><Value>143</Value></HeartRateBpm>
            <Cadence>166</Cadence>
          </Trackpoint>
          <Trackpoint>
            <Time>2026-02-14T14:43:36.000Z</Time>
            <Position>
              <LatitudeDegrees>37.3505163</LatitudeDegrees>
              <LongitudeDegrees>-121.8707844</LongitudeDegrees>
            </Position>
            <AltitudeMeters>24.6</AltitudeMeters>
            <DistanceMeters>11064.68</DistanceMeters>
            <HeartRateBpm><Value>143</Value></HeartRateBpm>
            <Cadence>166</Cadence>
          </Trackpoint>
          <Trackpoint>
            <Time>2026-02-14T14:43:41.000Z</Time>
            <Position>
              <LatitudeDegrees>37.3504372</LatitudeDegrees>
              <LongitudeDegrees>-121.8708841</LongitudeDegrees>
            </Position>
            <AltitudeMeters>24.5</AltitudeMeters>
            <DistanceMeters>11077.11</DistanceMeters>
            <HeartRateBpm><Value>143</Value></HeartRateBpm>
            <Cadence>166</Cadence>
          </Trackpoint>
          <Trackpoint>
            <Time>2026-02-14T14:43:46.000Z</Time>
            <Position>
              <LatitudeDegrees>37.3503580</LatitudeDegrees>
              <LongitudeDegrees>-121.8709838</LongitudeDegrees>
            </Position>
            <AltitudeMeters>24.4</AltitudeMeters>
            <DistanceMeters>11089.55</DistanceMeters>
            <HeartRateBpm><Value>143</Value></HeartRateBpm>
            <Cadence>166</Cadence>
          </Trackpoint>
          <Trackpoint>
            <Time>2026-02-14T14:43:51.000Z</Time>
            <Position>
              <LatitudeDegrees>37.3502789</LatitudeDegrees>
              <LongitudeDegrees>-121.8710835</LongitudeDegrees>
            </Position>
            <AltitudeMeters>24.4</AltitudeMeters>
            <DistanceMeters>11101.99</DistanceMeters>
            <HeartRateBpm><Value>143</Value></HeartRateBpm>
            <Cadence>166</Cadence>
          </Trackpoint>
          <Trackpoint>
            <Time>2026-02-14T14:43:56.000Z</Time>
            <Position>
              <LatitudeDegrees>37.3501997</LatitudeDegrees>
              <LongitudeDegrees>-121.8711832</LongitudeDegrees>
            </Position>
            <AltitudeMeters>24.3</AltitudeMeters>
            <DistanceMeters>11114.43</DistanceMeters>
            <HeartRateBpm><Value>143</Value></HeartRateBpm>
            <Cadence>166</Cadence>
          </Trackpoint>
          <Trackpoint>
            <Time>2026-02-14T14:44:01.000Z</Time>
            <Position>
              <LatitudeDegrees>37.3501206</LatitudeDegrees>
              <LongitudeDegrees>-121.8712829</LongitudeDegrees>
            </Position>
            <AltitudeMeters>24.2</AltitudeMeters>
            <DistanceMeters>11126.87</DistanceMeters>
            <HeartRateBpm><Value>143</Value></HeartRateBpm>
            <Cadence>166</Cadence>
          </Trackpoint>
          <Trackpoint>
            <Time>2026-02-14T14:44:06.000Z</Time>
            <Position>
              <LatitudeDegrees>37.3500414</LatitudeDegrees>
              <LongitudeDegrees>-121.8713826</LongitudeDegrees>
            </Position>
            <AltitudeMeters>24.2</AltitudeMeters>
            <DistanceMeters>11139.30</DistanceMeters>
            <HeartRateBpm><Value>143</Value></HeartRateBpm>
            <Cadence>166</Cadence>
          </Trackpoint>
          <Trackpoint>
            <Time>2026-02-14T14:44:11.000Z</Time>
            <Position>
              <LatitudeDegrees>37.3499623</LatitudeDegrees>
              <LongitudeDegrees>-121.8714824</LongitudeDegrees>
            </Position>
            <AltitudeMeters>24.1</AltitudeMeters>
            <DistanceMeters>11151.74</DistanceMeters>
            <HeartRateBpm><Value>143</Value></HeartRateBpm>
            <Cadence>166</Cadence>
          </Trackpoint>
          <Trackpoint>
            <Time>2026-02-14T14:44:16.000Z</Time>
            <Position>
              <LatitudeDegrees>37.3498831</LatitudeDegrees>
              <LongitudeDegrees>-121.8715821</LongitudeDegrees>
            </Position>
            <AltitudeMeters>24</AltitudeMeters>
            <DistanceMeters>11164.18</DistanceMeters>
            <HeartRateBpm><Value>143</Value></HeartRateBpm>
            <Cadence>166</Cadence>
          </Trackpoint>
          <Trackpoint>
            <Time>2026-02-14T14:44:21.000Z</Time>
            <Position>
              <LatitudeDegrees>37.3498040</LatitudeDegrees>
              <LongitudeDegrees>-121.8716818</LongitudeDegrees>
            </Position>
            <AltitudeMeters>23.9</AltitudeMeters>
            <DistanceMeters>11176.62</DistanceMeters>
            <HeartRateBpm><Value>143</Value></HeartRateBpm>
            <Cadence>166</Cadence>
          </Trackpoint>
          <Trackpoint>
            <Time>2026-02-14T14:44:26.000Z</Time>
            <Position>
              <LatitudeDegrees>37.3497248</LatitudeDegrees>
              <LongitudeDegrees>-121.8717815</LongitudeDegrees>
            </Position>
            <AltitudeMeters>23.9</AltitudeMeters>
            <DistanceMeters>11189.05</DistanceMeters>
            <HeartRateBpm><Value>143</Value></HeartRateBpm>
            <Cadence>166</Cadence>
          </Trackpoint>
          <Trackpoint>
            <Time>2026-02-14T14:44:31.000Z</Time>
            <Position>
              <LatitudeDegrees>37.3496456</LatitudeDegrees>
              <LongitudeDegrees>-121.8718812</LongitudeDegrees>
            </Position>
            <AltitudeMeters>23.8</AltitudeMeters>
            <DistanceMeters>11201.49</DistanceMeters>
            <HeartRateBpm><Value>143</Value></HeartRateBpm>
            <Cadence>166</Cadence>
          </Trackpoint>
          <Trackpoint>
            <Time>2026-02-14T14:44:36.000Z</Time>
            <Position>
              <LatitudeDegrees>37.3495665</LatitudeDegrees>
              <LongitudeDegrees>-121.8719809</LongitudeDegrees>
            </Position>
            <AltitudeMeters>23.8</AltitudeMeters>
            <DistanceMeters>11213.93</DistanceMeters>
            <HeartRateBpm><Value>143</Value></HeartRateBpm>
            <Cadence>166</Cadence>
          </Trackpoint>
          <Trackpoint>
            <Time>2026-02-14T14:44:41.000Z</Time>
            <Position>
              <LatitudeDegrees>37.3494873</LatitudeDegrees>
              <LongitudeDegrees>-121.8720806</LongitudeDegrees>
            </Position>
            <AltitudeMeters>23.7</AltitudeMeters>
            <DistanceMeters>11226.37</DistanceMeters>
            <HeartRateBpm><Value>143</Value></HeartRateBpm>
            <Cadence>166</Cadence>
          </Trackpoint>
          <Trackpoint>
            <Time>2026-02-14T14:44:46.000Z</Time>
            <Position>
              <LatitudeDegrees>37.3494082</LatitudeDegrees>
              <LongitudeDegrees>-121.8721804</LongitudeDegrees>
            </Position>
            <AltitudeMeters>23.6</AltitudeMeters>
            <DistanceMeters>11238.81</DistanceMeters>
            <HeartRateBpm><Value>143</Value></HeartRateBpm>
            <Cadence>166</Cadence>
          </Trackpoint>
          <Trackpoint>
            <Time>2026-02-14T14:44:51.000Z</Time>
            <Position>
              <LatitudeDegrees>37.3493290</LatitudeDegrees>
              <LongitudeDegrees>-121.8722801</LongitudeDegrees>
            </Position>
            <AltitudeMeters>23.6</AltitudeMeters>
            <DistanceMeters>11251.24</DistanceMeters>
            <HeartRateBpm><Value>143</Value></HeartRateBpm>
            <Cadence>166</Cadence>
          </Trackpoint>
          <Trackpoint>
            <Time>2026-02-14T14:44:56.000Z</Time>
            <Position>
              <LatitudeDegrees>37.3492499</LatitudeDegrees>
              <LongitudeDegrees>-121.8723798</LongitudeDegrees>
            </Position>
            <AltitudeMeters>23.5</AltitudeMeters>
            <DistanceMeters>11263.68</DistanceMeters>
            <HeartRateBpm><Value>143</Value></HeartRateBpm>
            <Cadence>166</Cadence>
          </Trackpoint>
          <Trackpoint>
            <Time>2026-02-14T14:45:01.000Z</Time>
            <Position>
              <LatitudeDegrees>37.3491707</LatitudeDegrees>
              <LongitudeDegrees>-121.8724795</LongitudeDegrees>
            </Position>
            <AltitudeMeters>23.5</AltitudeMeters>
            <DistanceMeters>11276.12</DistanceMeters>
            <HeartRateBpm><Value>143</Value></HeartRateBpm>
            <Cadence>166</Cadence>
          </Trackpoint>
          <Trackpoint>
            <Time>2026-02-14T14:45:06.000Z</Time>
            <Position>
              <LatitudeDegrees>37.3490916</LatitudeDegrees>
              <LongitudeDegrees>-121.8725792</LongitudeDegrees>
            </Position>
            <AltitudeMeters>23.4</AltitudeMeters>
            <DistanceMeters>11288.56</DistanceMeters>
            <HeartRateBpm><Value>143</Value></HeartRateBpm>
            <Cadence>166</Cadence>
          </Trackpoint>
          <Trackpoint>
            <Time>2026-02-14T14:45:11.000Z</Time>
            <Position>
              <LatitudeDegrees>37.3490124</LatitudeDegrees>
              <LongitudeDegrees>-121.8726789</LongitudeDegrees>
            </Position>
            <AltitudeMeters>23.4</AltitudeMeters>
            <DistanceMeters>11301.00</DistanceMeters>
            <HeartRateBpm><Value>143</Value></HeartRateBpm>
            <Cadence>166</Cadence>
          </Trackpoint>
          <Trackpoint>
            <Time>2026-02-14T14:45:16.000Z</Time>
            <Position>
              <LatitudeDegrees>37.3489333</LatitudeDegrees>
              <LongitudeDegrees>-121.8727786</LongitudeDegrees>
            </Position>
            <AltitudeMeters>23.3</AltitudeMeters>
            <DistanceMeters>11313.43</DistanceMeters>
            <HeartRateBpm><Value>143</Value></HeartRateBpm>
            <Cadence>166</Cadence>
          </Trackpoint>
          <Trackpoint>
            <Time>2026-02-14T14:45:21.000Z</Time>
            <Position>
              <LatitudeDegrees>37.3488541</LatitudeDegrees>
              <LongitudeDegrees>-121.8728784</LongitudeDegrees>
            </Position>
            <AltitudeMeters>23.3</AltitudeMeters>
            <DistanceMeters>11325.87</DistanceMeters>
            <HeartRateBpm><Value>143</Value></HeartRateBpm>
            <Cadence>166</Cadence>
          </Trackpoint>
          <Trackpoint>
            <Time>2026-02-14T14:45:26.000Z</Time>
            <Position>
              <LatitudeDegrees>37.3487750</LatitudeDegrees>
              <LongitudeDegrees>-121.8729781</LongitudeDegrees>
            </Position>
            <AltitudeMeters>23.3</AltitudeMeters>
            <DistanceMeters>11338.31</DistanceMeters>
            <HeartRateBpm><Value>143</Value></HeartRateBpm>
            <Cadence>166</Cadence>
          </Trackpoint>
          <Trackpoint>
            <Time>2026-02-14T14:45:31.000Z</Time>
            <Position>
              <LatitudeDegrees>37.3486958</LatitudeDegrees>
              <LongitudeDegrees>-121.8730778</LongitudeDegrees>
            </Position>
            <AltitudeMeters>23.2</AltitudeMeters>
            <DistanceMeters>11350.75</DistanceMeters>
            <HeartRateBpm><Value>143</Value></HeartRateBpm>
            <Cadence>166</Cadence>
          </Trackpoint>
          <Trackpoint>
            <Time>2026-02-14T14:45:36.000Z</Time>
            <Position>
              <LatitudeDegrees>37.3486166</LatitudeDegrees>
              <LongitudeDegrees>-121.8731775</LongitudeDegrees>
            </Position>
            <AltitudeMeters>23.2</AltitudeMeters>
            <DistanceMeters>11363.18</DistanceMeters>
            <HeartRateBpm><Value>143</Value></HeartRateBpm>
            <Cadence>166</Cadence>
          </Trackpoint>
          <Trackpoint>
            <Time>2026-02-14T14:45:41.000Z</Time>
            <Position>
              <LatitudeDegrees>37.3485375</LatitudeDegrees>
              <LongitudeDegrees>-121.8732772</LongitudeDegrees>
            </Position>
            <AltitudeMeters>23.2</AltitudeMeters>
            <DistanceMeters>11375.62</DistanceMeters>
            <HeartRateBpm><Value>143</Value></HeartRateBpm>
            <Cadence>166</Cadence>
          </Trackpoint>
          <Trackpoint>
            <Time>2026-02-14T14:45:46.000Z</Time>
            <Position>
              <LatitudeDegrees>37.3484583</LatitudeDegrees>
              <LongitudeDegrees>-121.8733769</LongitudeDegrees>
            </Position>
            <AltitudeMeters>23.1</AltitudeMeters>
            <DistanceMeters>11388.06</DistanceMeters>
            <HeartRateBpm><Value>143</Value></HeartRateBpm>
            <Cadence>166</Cadence>
          </Trackpoint>
          <Trackpoint>
            <Time>2026-02-14T14:45:51.000Z</Time>
            <Position>
              <LatitudeDegrees>37.3483792</LatitudeDegrees>
              <LongitudeDegrees>-121.8734767</LongitudeDegrees>
            </Position>
            <AltitudeMeters>23.1</AltitudeMeters>
            <DistanceMeters>11400.50</DistanceMeters>
            <HeartRateBpm><Value>143</Value></HeartRateBpm>
            <Cadence>166</Cadence>
          </Trackpoint>
          <Trackpoint>
            <Time>2026-02-14T14:45:56.000Z</Time>
            <Position>
              <LatitudeDegrees>37.3483000</LatitudeDegrees>
              <LongitudeDegrees>-121.8735764</LongitudeDegrees>
            </Position>
            <AltitudeMeters>23.1</AltitudeMeters>
            <DistanceMeters>11412.94</DistanceMeters>
            <HeartRateBpm><Value>143</Value></HeartRateBpm>
            <Cadence>166</Cadence>
          </Trackpoint>
          <Trackpoint>
            <Time>2026-02-14T14:46:01.000Z</Time>
            <Position>
              <LatitudeDegrees>37.3482209</LatitudeDegrees>
              <LongitudeDegrees>-121.8736761</LongitudeDegrees>
            </Position>
            <AltitudeMeters>23.1</AltitudeMeters>
            <DistanceMeters>11425.37</DistanceMeters>
            <HeartRateBpm><Value>143</Value></HeartRateBpm>
            <Cadence>166</Cadence>
          </Trackpoint>
          <Trackpoint>
            <Time>2026-02-14T14:46:06.000Z</Time>
            <Position>
              <LatitudeDegrees>37.3481417</LatitudeDegrees>
              <LongitudeDegrees>-121.8737758</LongitudeDegrees>
            </Position>
            <AltitudeMeters>23</AltitudeMeters>
            <DistanceMeters>11437.81</DistanceMeters>
            <HeartRateBpm><Value>143</Value></HeartRateBpm>
            <Cadence>166</Cadence>
          </Trackpoint>
          <Trackpoint>
            <Time>2026-02-14T14:46:11.000Z</Time>
            <Position>
              <LatitudeDegrees>37.3480626</LatitudeDegrees>
              <LongitudeDegrees>-121.8738755</LongitudeDegrees>
            </Position>
            <AltitudeMeters>23</AltitudeMeters>
            <DistanceMeters>11450.25</DistanceMeters>
            <HeartRateBpm><Value>143</Value></HeartRateBpm>
            <Cadence>166</Cadence>
          </Trackpoint>
          <Trackpoint>
            <Time>2026-02-14T14:46:16.000Z</Time>
            <Position>
              <LatitudeDegrees>37.3479834</LatitudeDegrees>
              <LongitudeDegrees>-121.8739752</LongitudeDegrees>
            </Position>
            <AltitudeMeters>23</AltitudeMeters>
            <DistanceMeters>11462.69</DistanceMeters>
            <HeartRateBpm><Value>143</Value></HeartRateBpm>
            <Cadence>166</Cadence>
          </Trackpoint>
          <Trackpoint>
            <Time>2026-02-14T14:46:21.000Z</Time>
            <Position>
              <LatitudeDegrees>37.3479043</LatitudeDegrees>
              <LongitudeDegrees>-121.8740749</LongitudeDegrees>
            </Position>
            <AltitudeMeters>23</AltitudeMeters>
            <DistanceMeters>11475.12</DistanceMeters>
            <HeartRateBpm><Value>143</Value></HeartRateBpm>
            <Cadence>166</Cadence>
          </Trackpoint>
          <Trackpoint>
            <Time>2026-02-14T14:46:26.000Z</Time>
            <Position>
              <LatitudeDegrees>37.3478251</LatitudeDegrees>
              <LongitudeDegrees>-121.8741747</LongitudeDegrees>
            </Position>
            <AltitudeMeters>23</AltitudeMeters>
            <DistanceMeters>11487.56</DistanceMeters>
            <HeartRateBpm><Value>143</Value></HeartRateBpm>
            <Cadence>166</Cadence>
          </Trackpoint>
          <Trackpoint>
            <Time>2026-02-14T14:46:31.000Z</Time>
            <Position>
              <LatitudeDegrees>37.3477460</LatitudeDegrees>
              <LongitudeDegrees>-121.8742744</LongitudeDegrees>
            </Position>
            <AltitudeMeters>23</AltitudeMeters>
            <DistanceMeters>11500.00</DistanceMeters>
            <HeartRateBpm><Value>143</Value></HeartRateBpm>
            <Cadence>166</Cadence>
          </Trackpoint>
          <Trackpoint>
            <Time>2026-02-14T14:46:36.000Z</Time>
            <Position>
              <LatitudeDegrees>37.3476668</LatitudeDegrees>
              <LongitudeDegrees>-121.8743741</LongitudeDegrees>
            </Position>
            <AltitudeMeters>23</AltitudeMeters>
            <DistanceMeters>11512.44</DistanceMeters>
            <HeartRateBpm><Value>143</Value></HeartRateBpm>
            <Cadence>166</Cadence>
          </Trackpoint>
          <Trackpoint>
            <Time>2026-02-14T14:46:41.000Z</Time>
            <Position>
              <LatitudeDegrees>37.3475876</LatitudeDegrees>
              <LongitudeDegrees>-121.8744738</LongitudeDegrees>
            </Position>
            <AltitudeMeters>23</AltitudeMeters>
            <DistanceMeters>11524.88</DistanceMeters>
            <HeartRateBpm><Value>143</Value></HeartRateBpm>
            <Cadence>166</Cadence>
          </Trackpoint>
          <Trackpoint>
            <Time>2026-02-14T14:46:46.000Z</Time>
            <Position>
              <LatitudeDegrees>37.3475085</LatitudeDegrees>
              <LongitudeDegrees>-121.8745735</LongitudeDegrees>
            </Position>
            <AltitudeMeters>23</AltitudeMeters>
            <DistanceMeters>11537.31</DistanceMeters>
            <HeartRateBpm><Value>143</Value></HeartRateBpm>
            <Cadence>166</Cadence>
          </Trackpoint>
          <Trackpoint>
            <Time>2026-02-14T14:46:51.000Z</Time>
            <Position>
              <LatitudeDegrees>37.3474293</LatitudeDegrees>
              <LongitudeDegrees>-121.8746732</LongitudeDegrees>
            </Position>
            <AltitudeMeters>23</AltitudeMeters>
            <DistanceMeters>11549.75</DistanceMeters>
            <HeartRateBpm><Value>143</Value></HeartRateBpm>
            <Cadence>166</Cadence>
          </Trackpoint>
          <Trackpoint>
            <Time>2026-02-14T14:46:56.000Z</Time>
            <Position>
              <LatitudeDegrees>37.3473502</LatitudeDegrees>
              <LongitudeDegrees>-121.8747729</LongitudeDegrees>
            </Position>
            <AltitudeMeters>23</AltitudeMeters>
            <DistanceMeters>11562.19</DistanceMeters>
            <HeartRateBpm><Value>143</Value></HeartRateBpm>
            <Cadence>166</Cadence>
          </Trackpoint>
          <Trackpoint>
            <Time>2026-02-14T14:47:01.000Z</Time>
            <Position>
              <LatitudeDegrees>37.3472710</LatitudeDegrees>
              <LongitudeDegrees>-121.8748727</LongitudeDegrees>
            </Position>
            <AltitudeMeters>23.1</AltitudeMeters>
            <DistanceMeters>11574.63</DistanceMeters>
            <HeartRateBpm><Value>143</Value></HeartRateBpm>
            <Cadence>166</Cadence>
          </Trackpoint>
          <Trackpoint>
            <Time>2026-02-14T14:47:06.000Z</Time>
            <Position>
              <LatitudeDegrees>37.3471919</LatitudeDegrees>
              <LongitudeDegrees>-121.8749724</LongitudeDegrees>
            </Position>
            <AltitudeMeters>23.1</AltitudeMeters>
            <DistanceMeters>11587.06</DistanceMeters>
            <HeartRateBpm><Value>143</Value></HeartRateBpm>
            <Cadence>166</Cadence>
          </Trackpoint>
          <Trackpoint>
            <Time>2026-02-14T14:47:11.000Z</Time>
            <Position>
              <LatitudeDegrees>37.3471127</LatitudeDegrees>
              <LongitudeDegrees>-121.8750721</LongitudeDegrees>
            </Position>
            <AltitudeMeters>23.1</AltitudeMeters>
            <DistanceMeters>11599.50</DistanceMeters>
            <HeartRateBpm><Value>143</Value></HeartRateBpm>
            <Cadence>166</Cadence>
          </Trackpoint>
          <Trackpoint>
            <Time>2026-02-14T14:47:16.000Z</Time>
            <Position>
              <LatitudeDegrees>37.3470336</LatitudeDegrees>
              <LongitudeDegrees>-121.8751718</LongitudeDegrees>
            </Position>
            <AltitudeMeters>23.1</AltitudeMeters>
            <DistanceMeters>11611.94</DistanceMeters>
            <HeartRateBpm><Value>143</Value></HeartRateBpm>
            <Cadence>166</Cadence>
          </Trackpoint>
          <Trackpoint>
            <Time>2026-02-14T14:47:21.000Z</Time>
            <Position>
              <LatitudeDegrees>37.3469544</LatitudeDegrees>
              <LongitudeDegrees>-121.8752715</LongitudeDegrees>
            </Position>
            <AltitudeMeters>23.2</AltitudeMeters>
            <DistanceMeters>11624.38</DistanceMeters>
            <HeartRateBpm><Value>143</Value></HeartRateBpm>
            <Cadence>166</Cadence>
          </Trackpoint>
          <Trackpoint>
            <Time>2026-02-14T14:47:26.000Z</Time>
            <Position>
              <LatitudeDegrees>37.3468753</LatitudeDegrees>
              <LongitudeDegrees>-121.8753712</LongitudeDegrees>
            </Position>
            <AltitudeMeters>23.2</AltitudeMeters>
            <DistanceMeters>11636.82</DistanceMeters>
            <HeartRateBpm><Value>143</Value></HeartRateBpm>
            <Cadence>166</Cadence>
          </Trackpoint>
          <Trackpoint>
            <Time>2026-02-14T14:47:31.000Z</Time>
            <Position>
              <LatitudeDegrees>37.3467961</LatitudeDegrees>
              <LongitudeDegrees>-121.8754710</LongitudeDegrees>
            </Position>
            <AltitudeMeters>23.2</AltitudeMeters>
            <DistanceMeters>11649.25</DistanceMeters>
            <HeartRateBpm><Value>143</Value></HeartRateBpm>
            <Cadence>166</Cadence>
          </Trackpoint>
          <Trackpoint>
            <Time>2026-02-14T14:47:36.000Z</Time>
            <Position>
              <LatitudeDegrees>37.3467170</LatitudeDegrees>
              <LongitudeDegrees>-121.8755707</LongitudeDegrees>
            </Position>
            <AltitudeMeters>23.3</AltitudeMeters>
            <DistanceMeters>11661.69</DistanceMeters>
            <HeartRateBpm><Value>143</Value></HeartRateBpm>
            <Cadence>166</Cadence>
          </Trackpoint>
          <Trackpoint>
            <Time>2026-02-14T14:47:41.000Z</Time>
            <Position>
              <LatitudeDegrees>37.3466378</LatitudeDegrees>
              <LongitudeDegrees>-121.8756704</LongitudeDegrees>
            </Position>
            <AltitudeMeters>23.3</AltitudeMeters>
            <DistanceMeters>11674.13</DistanceMeters>
            <HeartRateBpm><Value>143</Value></HeartRateBpm>
            <Cadence>166</Cadence>
          </Trackpoint>
          <Trackpoint>
            <Time>2026-02-14T14:47:46.000Z</Time>
            <Position>
              <LatitudeDegrees>37.3465586</LatitudeDegrees>
              <LongitudeDegrees>-121.8757701</LongitudeDegrees>
            </Position>
            <AltitudeMeters>23.3</AltitudeMeters>
            <DistanceMeters>11686.57</DistanceMeters>
            <HeartRateBpm><Value>143</Value></HeartRateBpm>
            <Cadence>166</Cadence>
          </Trackpoint>
          <Trackpoint>
            <Time>2026-02-14T14:47:51.000Z</Time>
            <Position>
              <LatitudeDegrees>37.3464795</LatitudeDegrees>
              <LongitudeDegrees>-121.8758698</LongitudeDegrees>
            </Position>
            <AltitudeMeters>23.4</AltitudeMeters>
            <DistanceMeters>11699.00</DistanceMeters>
            <HeartRateBpm><Value>143</Value></HeartRateBpm>
            <Cadence>166</Cadence>
          </Trackpoint>
          <Trackpoint>
            <Time>2026-02-14T14:47:56.000Z</Time>
            <Position>
              <LatitudeDegrees>37.3464003</LatitudeDegrees>
              <LongitudeDegrees>-121.8759695</LongitudeDegrees>
            </Position>
            <AltitudeMeters>23.4</AltitudeMeters>
            <DistanceMeters>11711.44</DistanceMeters>
            <HeartRateBpm><Value>143</Value></HeartRateBpm>
            <Cadence>166</Cadence>
          </Trackpoint>
          <Trackpoint>
            <Time>2026-02-14T14:48:01.000Z</Time>
            <Position>
              <LatitudeDegrees>37.3463212</LatitudeDegrees>
              <LongitudeDegrees>-121.8760692</LongitudeDegrees>
            </Position>
            <AltitudeMeters>23.5</AltitudeMeters>
            <DistanceMeters>11723.88</DistanceMeters>
            <HeartRateBpm><Value>143</Value></HeartRateBpm>
            <Cadence>166</Cadence>
          </Trackpoint>
          <Trackpoint>
            <Time>2026-02-14T14:48:06.000Z</Time>
            <Position>
              <LatitudeDegrees>37.3462420</LatitudeDegrees>
              <LongitudeDegrees>-121.8761690</LongitudeDegrees>
            </Position>
            <AltitudeMeters>23.5</AltitudeMeters>
            <DistanceMeters>11736.32</DistanceMeters>
            <HeartRateBpm><Value>143</Value></HeartRateBpm>
            <Cadence>166</Cadence>
          </Trackpoint>
          <Trackpoint>
            <Time>2026-02-14T14:48:11.000Z</Time>
            <Position>
              <LatitudeDegrees>37.3461629</LatitudeDegrees>
              <LongitudeDegrees>-121.8762687</LongitudeDegrees>
            </Position>
            <AltitudeMeters>23.6</AltitudeMeters>
            <DistanceMeters>11748.76</DistanceMeters>
            <HeartRateBpm><Value>143</Value></HeartRateBpm>
            <Cadence>166</Cadence>
          </Trackpoint>
          <Trackpoint>
            <Time>2026-02-14T14:48:16.000Z</Time>
            <Position>
              <LatitudeDegrees>37.3460837</LatitudeDegrees>
              <LongitudeDegrees>-121.8763684</LongitudeDegrees>
            </Position>
            <AltitudeMeters>23.6</AltitudeMeters>
            <DistanceMeters>11761.19</DistanceMeters>
            <HeartRateBpm><Value>143</Value></HeartRateBpm>
            <Cadence>166</Cadence>
          </Trackpoint>
          <Trackpoint>
            <Time>2026-02-14T14:48:21.000Z</Time>
            <Position>
              <LatitudeDegrees>37.3460046</LatitudeDegrees>
              <LongitudeDegrees>-121.8764681</LongitudeDegrees>
            </Position>
            <AltitudeMeters>23.7</AltitudeMeters>
            <DistanceMeters>11773.63</DistanceMeters>
            <HeartRateBpm><Value>143</Value></HeartRateBpm>
            <Cadence>166</Cadence>
          </Trackpoint>
          <Trackpoint>
            <Time>2026-02-14T14:48:26.000Z</Time>
            <Position>
              <LatitudeDegrees>37.3459254</LatitudeDegrees>
              <LongitudeDegrees>-121.8765678</LongitudeDegrees>
            </Position>
            <AltitudeMeters>23.8</AltitudeMeters>
            <DistanceMeters>11786.07</DistanceMeters>
            <HeartRateBpm><Value>143</Value></HeartRateBpm>
            <Cadence>166</Cadence>
          </Trackpoint>
          <Trackpoint>
            <Time>2026-02-14T14:48:31.000Z</Time>
            <Position>
              <LatitudeDegrees>37.3458463</LatitudeDegrees>
              <LongitudeDegrees>-121.8766675</LongitudeDegrees>
            </Position>
            <AltitudeMeters>23.8</AltitudeMeters>
            <DistanceMeters>11798.51</DistanceMeters>
            <HeartRateBpm><Value>143</Value></HeartRateBpm>
            <Cadence>166</Cadence>
          </Trackpoint>
          <Trackpoint>
            <Time>2026-02-14T14:48:36.000Z</Time>
            <Position>
              <LatitudeDegrees>37.3457671</LatitudeDegrees>
              <LongitudeDegrees>-121.8767672</LongitudeDegrees>
            </Position>
            <AltitudeMeters>23.9</AltitudeMeters>
            <DistanceMeters>11810.95</DistanceMeters>
            <HeartRateBpm><Value>143</Value></HeartRateBpm>
            <Cadence>166</Cadence>
          </Trackpoint>
          <Trackpoint>
            <Time>2026-02-14T14:48:41.000Z</Time>
            <Position>
              <LatitudeDegrees>37.3456880</LatitudeDegrees>
              <LongitudeDegrees>-121.8768670</LongitudeDegrees>
            </Position>
            <AltitudeMeters>23.9</AltitudeMeters>
            <DistanceMeters>11823.38</DistanceMeters>
            <HeartRateBpm><Value>143</Value></HeartRateBpm>
            <Cadence>166</Cadence>
          </Trackpoint>
          <Trackpoint>
            <Time>2026-02-14T14:48:46.000Z</Time>
            <Position>
              <LatitudeDegrees>37.3456088</LatitudeDegrees>
              <LongitudeDegrees>-121.8769667</LongitudeDegrees>
            </Position>
            <AltitudeMeters>24</AltitudeMeters>
            <DistanceMeters>11835.82</DistanceMeters>
            <HeartRateBpm><Value>143</Value></HeartRateBpm>
            <Cadence>166</Cadence>
          </Trackpoint>
          <Trackpoint>
            <Time>2026-02-14T14:48:51.000Z</Time>
            <Position>
              <LatitudeDegrees>37.3455296</LatitudeDegrees>
              <LongitudeDegrees>-121.8770664</LongitudeDegrees>
            </Position>
            <AltitudeMeters>24.1</AltitudeMeters>
            <DistanceMeters>11848.26</DistanceMeters>
            <HeartRateBpm><Value>143</Value></HeartRateBpm>
            <Cadence>166</Cadence>
          </Trackpoint>
          <Trackpoint>
            <Time>2026-02-14T14:48:56.000Z</Time>
            <Position>
              <LatitudeDegrees>37.3454505</LatitudeDegrees>
              <LongitudeDegrees>-121.8771661</LongitudeDegrees>
            </Position>
            <AltitudeMeters>24.2</AltitudeMeters>
            <DistanceMeters>11860.70</DistanceMeters>
            <HeartRateBpm><Value>143</Value></HeartRateBpm>
            <Cadence>166</Cadence>
          </Trackpoint>
          <Trackpoint>
            <Time>2026-02-14T14:49:01.000Z</Time>
            <Position>
              <LatitudeDegrees>37.3453713</LatitudeDegrees>
              <LongitudeDegrees>-121.8772658</LongitudeDegrees>
            </Position>
            <AltitudeMeters>24.2</AltitudeMeters>
            <DistanceMeters>11873.13</DistanceMeters>
            <HeartRateBpm><Value>143</Value></HeartRateBpm>
            <Cadence>166</Cadence>
          </Trackpoint>
          <Trackpoint>
            <Time>2026-02-14T14:49:06.000Z</Time>
            <Position>
              <LatitudeDegrees>37.3452922</LatitudeDegrees>
              <LongitudeDegrees>-121.8773655</LongitudeDegrees>
            </Position>
            <AltitudeMeters>24.3</AltitudeMeters>
            <DistanceMeters>11885.57</DistanceMeters>
            <HeartRateBpm><Value>143</Value></HeartRateBpm>
            <Cadence>166</Cadence>
          </Trackpoint>
          <Trackpoint>
            <Time>2026-02-14T14:49:11.000Z</Time>
            <Position>
              <LatitudeDegrees>37.3452130</LatitudeDegrees>
              <LongitudeDegrees>-121.8774653</LongitudeDegrees>
            </Position>
            <AltitudeMeters>24.4</AltitudeMeters>
            <DistanceMeters>11898.01</DistanceMeters>
            <HeartRateBpm><Value>143</Value></HeartRateBpm>
            <Cadence>166</Cadence>
          </Trackpoint>
          <Trackpoint>
            <Time>2026-02-14T14:49:16.000Z</Time>
            <Position>
              <LatitudeDegrees>37.3451339</LatitudeDegrees>
              <LongitudeDegrees>-121.8775650</LongitudeDegrees>
            </Position>
            <AltitudeMeters>24.4</AltitudeMeters>
            <DistanceMeters>11910.45</DistanceMeters>
            <HeartRateBpm><Value>143</Value></HeartRateBpm>
            <Cadence>166</Cadence>
          </Trackpoint>
          <Trackpoint>
            <Time>2026-02-14T14:49:21.000Z</Time>
            <Position>
              <LatitudeDegrees>37.3450547</LatitudeDegrees>
              <LongitudeDegrees>-121.8776647</LongitudeDegrees>
            </Position>
            <AltitudeMeters>24.5</AltitudeMeters>
            <DistanceMeters>11922.89</DistanceMeters>
            <HeartRateBpm><Value>143</Value></HeartRateBpm>
            <Cadence>166</Cadence>
          </Trackpoint>
          <Trackpoint>
            <Time>2026-02-14T14:49:26.000Z</Time>
            <Position>
              <LatitudeDegrees>37.3449756</LatitudeDegrees>
              <LongitudeDegrees>-121.8777644</LongitudeDegrees>
            </Position>
            <AltitudeMeters>24.6</AltitudeMeters>
            <DistanceMeters>11935.32</DistanceMeters>
            <HeartRateBpm><Value>143</Value></HeartRateBpm>
            <Cadence>166</Cadence>
          </Trackpoint>
          <Trackpoint>
            <Time>2026-02-14T14:49:31.000Z</Time>
            <Position>
              <LatitudeDegrees>37.3448964</LatitudeDegrees>
              <LongitudeDegrees>-121.8778641</LongitudeDegrees>
            </Position>
            <AltitudeMeters>24.7</AltitudeMeters>
            <DistanceMeters>11947.76</DistanceMeters>
            <HeartRateBpm><Value>143</Value></HeartRateBpm>
            <Cadence>166</Cadence>
          </Trackpoint>
          <Trackpoint>
            <Time>2026-02-14T14:49:36.000Z</Time>
            <Position>
              <LatitudeDegrees>37.3448173</LatitudeDegrees>
              <LongitudeDegrees>-121.8779638</LongitudeDegrees>
            </Position>
            <AltitudeMeters>24.8</AltitudeMeters>
            <DistanceMeters>11960.20</DistanceMeters>
            <HeartRateBpm><Value>143</Value></HeartRateBpm>
            <Cadence>166</Cadence>
          </Trackpoint>
          <Trackpoint>
            <Time>2026-02-14T14:49:41.000Z</Time>
            <Position>
              <LatitudeDegrees>37.3447381</LatitudeDegrees>
              <LongitudeDegrees>-121.8780635</LongitudeDegrees>
            </Position>
            <AltitudeMeters>24.8</AltitudeMeters>
            <DistanceMeters>11972.64</DistanceMeters>
            <HeartRateBpm><Value>143</Value></HeartRateBpm>
            <Cadence>166</Cadence>
          </Trackpoint>
          <Trackpoint>
            <Time>2026-02-14T14:49:46.000Z</Time>
            <Position>
              <LatitudeDegrees>37.3446590</LatitudeDegrees>
              <LongitudeDegrees>-121.8781633</LongitudeDegrees>
            </Position>
            <AltitudeMeters>24.9</AltitudeMeters>
            <DistanceMeters>11985.07</DistanceMeters>
            <HeartRateBpm><Value>143</Value></HeartRateBpm>
            <Cadence>166</Cadence>
          </Trackpoint>
          <Trackpoint>
            <Time>2026-02-14T14:49:51.000Z</Time>
            <Position>
              <LatitudeDegrees>37.3445798</LatitudeDegrees>
              <LongitudeDegrees>-121.8782630</LongitudeDegrees>
            </Position>
            <AltitudeMeters>25</AltitudeMeters>
            <DistanceMeters>11997.51</DistanceMeters>
            <HeartRateBpm><Value>143</Value></HeartRateBpm>
            <Cadence>166</Cadence>
          </Trackpoint>
          <Trackpoint>
            <Time>2026-02-14T14:49:56.000Z</Time>
            <Position>
              <LatitudeDegrees>37.3445006</LatitudeDegrees>
              <LongitudeDegrees>-121.8783627</LongitudeDegrees>
            </Position>
            <AltitudeMeters>25.1</AltitudeMeters>
            <DistanceMeters>12009.95</DistanceMeters>
            <HeartRateBpm><Value>143</Value></HeartRateBpm>
            <Cadence>166</Cadence>
          </Trackpoint>
          <Trackpoint>
            <Time>2026-02-14T14:50:01.000Z</Time>
            <Position>
              <LatitudeDegrees>37.3444215</LatitudeDegrees>
              <LongitudeDegrees>-121.8784624</LongitudeDegrees>
            </Position>
            <AltitudeMeters>25.1</AltitudeMeters>
            <DistanceMeters>12022.39</DistanceMeters>
            <HeartRateBpm><Value>143</Value></HeartRateBpm>
            <Cadence>166</Cadence>
          </Trackpoint>
          <Trackpoint>
            <Time>2026-02-14T14:50:06.000Z</Time>
            <Position>
              <LatitudeDegrees>37.3443423</LatitudeDegrees>
              <LongitudeDegrees>-121.8785621</LongitudeDegrees>
            </Position>
            <AltitudeMeters>25.2</AltitudeMeters>
            <DistanceMeters>12034.83</DistanceMeters>
            <HeartRateBpm><Value>143</Value></HeartRateBpm>
            <Cadence>166</Cadence>
          </Trackpoint>
          <Trackpoint>
            <Time>2026-02-14T14:50:11.000Z</Time>
            <Position>
              <LatitudeDegrees>37.3442632</LatitudeDegrees>
              <LongitudeDegrees>-121.8786618</LongitudeDegrees>
            </Position>
            <AltitudeMeters>25.3</AltitudeMeters>
            <DistanceMeters>12047.26</DistanceMeters>
            <HeartRateBpm><Value>143</Value></HeartRateBpm>
            <Cadence>166</Cadence>
          </Trackpoint>
          <Trackpoint>
            <Time>2026-02-14T14:50:16.000Z</Time>
            <Position>
              <LatitudeDegrees>37.3441840</LatitudeDegrees>
              <LongitudeDegrees>-121.8787615</LongitudeDegrees>
            </Position>
            <AltitudeMeters>25.4</AltitudeMeters>
            <DistanceMeters>12059.70</DistanceMeters>
            <HeartRateBpm><Value>143</Value></HeartRateBpm>
            <Cadence>166</Cadence>
          </Trackpoint>
          <Trackpoint>
            <Time>2026-02-14T14:50:21.000Z</Time>
            <Position>
              <LatitudeDegrees>37.3441049</LatitudeDegrees>
              <LongitudeDegrees>-121.8788613</LongitudeDegrees>
            </Position>
            <AltitudeMeters>25.4</AltitudeMeters>
            <DistanceMeters>12072.14</DistanceMeters>
            <HeartRateBpm><Value>143</Value></HeartRateBpm>
            <Cadence>166</Cadence>
          </Trackpoint>
          <Trackpoint>
            <Time>2026-02-14T14:50:26.000Z</Time>
            <Position>
              <LatitudeDegrees>37.3440257</LatitudeDegrees>
              <LongitudeDegrees>-121.8789610</LongitudeDegrees>
            </Position>
            <AltitudeMeters>25.5</AltitudeMeters>
            <DistanceMeters>12084.58</DistanceMeters>
            <HeartRateBpm><Value>143</Value></HeartRateBpm>
            <Cadence>166</Cadence>
          </Trackpoint>
          <Trackpoint>
            <Time>2026-02-14T14:50:31.000Z</Time>
            <Position>
              <LatitudeDegrees>37.3439466</LatitudeDegrees>
              <LongitudeDegrees>-121.8790607</LongitudeDegrees>
            </Position>
            <AltitudeMeters>25.6</AltitudeMeters>
            <DistanceMeters>12097.01</DistanceMeters>
            <HeartRateBpm><Value>143</Value></HeartRateBpm>
            <Cadence>166</Cadence>
          </Trackpoint>
          <Trackpoint>
            <Time>2026-02-14T14:50:36.000Z</Time>
            <Position>
              <LatitudeDegrees>37.3438674</LatitudeDegrees>
              <LongitudeDegrees>-121.8791604</LongitudeDegrees>
            </Position>
            <AltitudeMeters>25.7</AltitudeMeters>
            <DistanceMeters>12109.45</DistanceMeters>
            <HeartRateBpm><Value>143</Value></HeartRateBpm>
            <Cadence>166</Cadence>
          </Trackpoint>
          <Trackpoint>
            <Time>2026-02-14T14:50:41.000Z</Time>
            <Position>
              <LatitudeDegrees>37.3437883</LatitudeDegrees>
              <LongitudeDegrees>-121.8792601</LongitudeDegrees>
            </Position>
            <AltitudeMeters>25.7</AltitudeMeters>
            <DistanceMeters>12121.89</DistanceMeters>
            <HeartRateBpm><Value>143</Value></HeartRateBpm>
            <Cadence>166</Cadence>
          </Trackpoint>
          <Trackpoint>
            <Time>2026-02-14T14:50:46.000Z</Time>
            <Position>
              <LatitudeDegrees>37.3437091</LatitudeDegrees>
              <LongitudeDegrees>-121.8793598</LongitudeDegrees>
            </Position>
            <AltitudeMeters>25.8</AltitudeMeters>
            <DistanceMeters>12134.33</DistanceMeters>
            <HeartRateBpm><Value>143</Value></HeartRateBpm>
            <Cadence>166</Cadence>
          </Trackpoint>
          <Trackpoint>
            <Time>2026-02-14T14:50:51.000Z</Time>
            <Position>
              <LatitudeDegrees>37.3436300</LatitudeDegrees>
              <LongitudeDegrees>-121.8794596</LongitudeDegrees>
            </Position>
            <AltitudeMeters>25.9</AltitudeMeters>
            <DistanceMeters>12146.77</DistanceMeters>
            <HeartRateBpm><Value>143</Value></HeartRateBpm>
            <Cadence>166</Cadence>
          </Trackpoint>
          <Trackpoint>
            <Time>2026-02-14T14:50:56.000Z</Time>
            <Position>
              <LatitudeDegrees>37.3435508</LatitudeDegrees>
              <LongitudeDegrees>-121.8795593</LongitudeDegrees>
            </Position>
            <AltitudeMeters>26</AltitudeMeters>
            <DistanceMeters>12159.20</DistanceMeters>
            <HeartRateBpm><Value>143</Value></HeartRateBpm>
            <Cadence>166</Cadence>
          </Trackpoint>
          <Trackpoint>
            <Time>2026-02-14T14:51:01.000Z</Time>
            <Position>
              <LatitudeDegrees>37.3434716</LatitudeDegrees>
              <LongitudeDegrees>-121.8796590</LongitudeDegrees>
            </Position>
            <AltitudeMeters>26</AltitudeMeters>
            <DistanceMeters>12171.64</DistanceMeters>
            <HeartRateBpm><Value>143</Value></HeartRateBpm>
            <Cadence>166</Cadence>
          </Trackpoint>
          <Trackpoint>
            <Time>2026-02-14T14:51:06.000Z</Time>
            <Position>
              <LatitudeDegrees>37.3433925</LatitudeDegrees>
              <LongitudeDegrees>-121.8797587</LongitudeDegrees>
            </Position>
            <AltitudeMeters>26.1</AltitudeMeters>
            <DistanceMeters>12184.08</DistanceMeters>
            <HeartRateBpm><Value>143</Value></HeartRateBpm>
            <Cadence>166</Cadence>
          </Trackpoint>
          <Trackpoint>
            <Time>2026-02-14T14:51:11.000Z</Time>
            <Position>
              <LatitudeDegrees>37.3433133</LatitudeDegrees>
              <LongitudeDegrees>-121.8798584</LongitudeDegrees>
            </Position>
            <AltitudeMeters>26.2</AltitudeMeters>
            <DistanceMeters>12196.52</DistanceMeters>
            <HeartRateBpm><Value>143</Value></HeartRateBpm>
            <Cadence>166</Cadence>
          </Trackpoint>
          <Trackpoint>
            <Time>2026-02-14T14:51:16.000Z</Time>
            <Position>
              <LatitudeDegrees>37.3432342</LatitudeDegrees>
              <LongitudeDegrees>-121.8799581</LongitudeDegrees>
            </Position>
            <AltitudeMeters>26.2</AltitudeMeters>
            <DistanceMeters>12208.96</DistanceMeters>
            <HeartRateBpm><Value>143</Value></HeartRateBpm>
            <Cadence>166</Cadence>
          </Trackpoint>
          <Trackpoint>
            <Time>2026-02-14T14:51:21.000Z</Time>
            <Position>
              <LatitudeDegrees>37.3431550</LatitudeDegrees>
              <LongitudeDegrees>-121.8800578</LongitudeDegrees>
            </Position>
            <AltitudeMeters>26.3</AltitudeMeters>
            <DistanceMeters>12221.39</DistanceMeters>
            <HeartRateBpm><Value>143</Value></HeartRateBpm>
            <Cadence>166</Cadence>
          </Trackpoint>
          <Trackpoint>
            <Time>2026-02-14T14:51:26.000Z</Time>
            <Position>
              <LatitudeDegrees>37.3430759</LatitudeDegrees>
              <LongitudeDegrees>-121.8801576</LongitudeDegrees>
            </Position>
            <AltitudeMeters>26.3</AltitudeMeters>
            <DistanceMeters>12233.83</DistanceMeters>
            <HeartRateBpm><Value>143</Value></HeartRateBpm>
            <Cadence>166</Cadence>
          </Trackpoint>
          <Trackpoint>
            <Time>2026-02-14T14:51:31.000Z</Time>
            <Position>
              <LatitudeDegrees>37.3429967</LatitudeDegrees>
              <LongitudeDegrees>-121.8802573</LongitudeDegrees>
            </Position>
            <AltitudeMeters>26.4</AltitudeMeters>
            <DistanceMeters>12246.27</DistanceMeters>
            <HeartRateBpm><Value>143</Value></HeartRateBpm>
            <Cadence>166</Cadence>
          </Trackpoint>
          <Trackpoint>
            <Time>2026-02-14T14:51:36.000Z</Time>
            <Position>
              <LatitudeDegrees>37.3429176</LatitudeDegrees>
              <LongitudeDegrees>-121.8803570</LongitudeDegrees>
            </Position>
            <AltitudeMeters>26.5</AltitudeMeters>
            <DistanceMeters>12258.71</DistanceMeters>
            <HeartRateBpm><Value>143</Value></HeartRateBpm>
            <Cadence>166</Cadence>
          </Trackpoint>
          <Trackpoint>
            <Time>2026-02-14T14:51:41.000Z</Time>
            <Position>
              <LatitudeDegrees>37.3428384</LatitudeDegrees>
              <LongitudeDegrees>-121.8804567</LongitudeDegrees>
            </Position>
            <AltitudeMeters>26.5</AltitudeMeters>
            <DistanceMeters>12271.14</DistanceMeters>
            <HeartRateBpm><Value>143</Value></HeartRateBpm>
            <Cadence>166</Cadence>
          </Trackpoint>
          <Trackpoint>
            <Time>2026-02-14T14:51:46.000Z</Time>
            <Position>
              <LatitudeDegrees>37.3427593</LatitudeDegrees>
              <LongitudeDegrees>-121.8805564</LongitudeDegrees>
            </Position>
            <AltitudeMeters>26.6</AltitudeMeters>
            <DistanceMeters>12283.58</DistanceMeters>
            <HeartRateBpm><Value>143</Value></HeartRateBpm>
            <Cadence>166</Cadence>
          </Trackpoint>
          <Trackpoint>
            <Time>2026-02-14T14:51:51.000Z</Time>
            <Position>
              <LatitudeDegrees>37.3426801</LatitudeDegrees>
              <LongitudeDegrees>-121.8806561</LongitudeDegrees>
            </Position>
            <AltitudeMeters>26.6</AltitudeMeters>
            <DistanceMeters>12296.02</DistanceMeters>
            <HeartRateBpm><Value>143</Value></HeartRateBpm>
            <Cadence>166</Cadence>
          </Trackpoint>
          <Trackpoint>
            <Time>2026-02-14T14:51:56.000Z</Time>
            <Position>
              <LatitudeDegrees>37.3426010</LatitudeDegrees>
              <LongitudeDegrees>-121.8807558</LongitudeDegrees>
            </Position>
            <AltitudeMeters>26.6</AltitudeMeters>
            <DistanceMeters>12308.46</DistanceMeters>
            <HeartRateBpm><Value>143</Value></HeartRateBpm>
            <Cadence>166</Cadence>
          </Trackpoint>
          <Trackpoint>
            <Time>2026-02-14T14:52:01.000Z</Time>
            <Position>
              <LatitudeDegrees>37.3425218</LatitudeDegrees>
              <LongitudeDegrees>-121.8808556</LongitudeDegrees>
            </Position>
            <AltitudeMeters>26.7</AltitudeMeters>
            <DistanceMeters>12320.90</DistanceMeters>
            <HeartRateBpm><Value>143</Value></HeartRateBpm>
            <Cadence>166</Cadence>
          </Trackpoint>
          <Trackpoint>
            <Time>2026-02-14T14:52:06.000Z</Time>
            <Position>
              <LatitudeDegrees>37.3424426</LatitudeDegrees>
              <LongitudeDegrees>-121.8809553</LongitudeDegrees>
            </Position>
            <AltitudeMeters>26.7</AltitudeMeters>
            <DistanceMeters>12333.33</DistanceMeters>
            <HeartRateBpm><Value>143</Value></HeartRateBpm>
            <Cadence>166</Cadence>
          </Trackpoint>
          <Trackpoint>
            <Time>2026-02-14T14:52:11.000Z</Time>
            <Position>
              <LatitudeDegrees>37.3423635</LatitudeDegrees>
              <LongitudeDegrees>-121.8810550</LongitudeDegrees>
            </Position>
            <AltitudeMeters>26.8</AltitudeMeters>
            <DistanceMeters>12345.77</DistanceMeters>
            <HeartRateBpm><Value>143</Value></HeartRateBpm>
            <Cadence>166</Cadence>
          </Trackpoint>
          <Trackpoint>
            <Time>2026-02-14T14:52:16.000Z</Time>
            <Position>
              <LatitudeDegrees>37.3422843</LatitudeDegrees>
              <LongitudeDegrees>-121.8811547</LongitudeDegrees>
            </Position>
            <AltitudeMeters>26.8</AltitudeMeters>
            <DistanceMeters>12358.21</DistanceMeters>
            <HeartRateBpm><Value>143</Value></HeartRateBpm>
            <Cadence>166</Cadence>
          </Trackpoint>
          <Trackpoint>
            <Time>2026-02-14T14:52:21.000Z</Time>
            <Position>
              <LatitudeDegrees>37.3422052</LatitudeDegrees>
              <LongitudeDegrees>-121.8812544</LongitudeDegrees>
            </Position>
            <AltitudeMeters>26.8</AltitudeMeters>
            <DistanceMeters>12370.65</DistanceMeters>
            <HeartRateBpm><Value>143</Value></HeartRateBpm>
            <Cadence>166</Cadence>
          </Trackpoint>
          <Trackpoint>
            <Time>2026-02-14T14:52:26.000Z</Time>
            <Position>
              <LatitudeDegrees>37.3421260</LatitudeDegrees>
              <LongitudeDegrees>-121.8813541</LongitudeDegrees>
            </Position>
            <AltitudeMeters>26.9</AltitudeMeters>
            <DistanceMeters>12383.08</DistanceMeters>
            <HeartRateBpm><Value>143</Value></HeartRateBpm>
            <Cadence>166</Cadence>
          </Trackpoint>
          <Trackpoint>
            <Time>2026-02-14T14:52:31.000Z</Time>
            <Position>
              <LatitudeDegrees>37.3420469</LatitudeDegrees>
              <LongitudeDegrees>-121.8814539</LongitudeDegrees>
            </Position>
            <AltitudeMeters>26.9</AltitudeMeters>
            <DistanceMeters>12395.52</DistanceMeters>
            <HeartRateBpm><Value>143</Value></HeartRateBpm>
            <Cadence>166</Cadence>
          </Trackpoint>
          <Trackpoint>
            <Time>2026-02-14T14:52:36.000Z</Time>
            <Position>
              <LatitudeDegrees>37.3419677</LatitudeDegrees>
              <LongitudeDegrees>-121.8815536</LongitudeDegrees>
            </Position>
            <AltitudeMeters>26.9</AltitudeMeters>
            <DistanceMeters>12407.96</DistanceMeters>
            <HeartRateBpm><Value>143</Value></HeartRateBpm>
            <Cadence>166</Cadence>
          </Trackpoint>
          <Trackpoint>
            <Time>2026-02-14T14:52:41.000Z</Time>
            <Position>
              <LatitudeDegrees>37.3418886</LatitudeDegrees>
              <LongitudeDegrees>-121.8816533</LongitudeDegrees>
            </Position>
            <AltitudeMeters>26.9</AltitudeMeters>
            <DistanceMeters>12420.40</DistanceMeters>
            <HeartRateBpm><Value>143</Value></HeartRateBpm>
            <Cadence>166</Cadence>
          </Trackpoint>
          <Trackpoint>
            <Time>2026-02-14T14:52:46.000Z</Time>
            <Position>
              <LatitudeDegrees>37.3418094</LatitudeDegrees>
              <LongitudeDegrees>-121.8817530</LongitudeDegrees>
            </Position>
            <AltitudeMeters>27</AltitudeMeters>
            <DistanceMeters>12432.84</DistanceMeters>
            <HeartRateBpm><Value>143</Value></HeartRateBpm>
            <Cadence>166</Cadence>
          </Trackpoint>
          <Trackpoint>
            <Time>2026-02-14T14:52:51.000Z</Time>
            <Position>
              <LatitudeDegrees>37.3417303</LatitudeDegrees>
              <LongitudeDegrees>-121.8818527</LongitudeDegrees>
            </Position>
            <AltitudeMeters>27</AltitudeMeters>
            <DistanceMeters>12445.27</DistanceMeters>
            <HeartRateBpm><Value>143</Value></HeartRateBpm>
            <Cadence>166</Cadence>
          </Trackpoint>
          <Trackpoint>
            <Time>2026-02-14T14:52:56.000Z</Time>
            <Position>
              <LatitudeDegrees>37.3416511</LatitudeDegrees>
              <LongitudeDegrees>-121.8819524</LongitudeDegrees>
            </Position>
            <AltitudeMeters>27</AltitudeMeters>
            <DistanceMeters>12457.71</DistanceMeters>
            <HeartRateBpm><Value>143</Value></HeartRateBpm>
            <Cadence>166</Cadence>
          </Trackpoint>
          <Trackpoint>
            <Time>2026-02-14T14:53:01.000Z</Time>
            <Position>
              <LatitudeDegrees>37.3415720</LatitudeDegrees>
              <LongitudeDegrees>-121.8820521</LongitudeDegrees>
            </Position>
            <AltitudeMeters>27</AltitudeMeters>
            <DistanceMeters>12470.15</DistanceMeters>
            <HeartRateBpm><Value>143</Value></HeartRateBpm>
            <Cadence>166</Cadence>
          </Trackpoint>
          <Trackpoint>
            <Time>2026-02-14T14:53:06.000Z</Time>
            <Position>
              <LatitudeDegrees>37.3414928</LatitudeDegrees>
              <LongitudeDegrees>-121.8821519</LongitudeDegrees>
            </Position>
            <AltitudeMeters>27</AltitudeMeters>
            <DistanceMeters>12482.59</DistanceMeters>
            <HeartRateBpm><Value>143</Value></HeartRateBpm>
            <Cadence>166</Cadence>
          </Trackpoint>
          <Trackpoint>
            <Time>2026-02-14T14:53:11.000Z</Time>
            <Position>
              <LatitudeDegrees>37.3414136</LatitudeDegrees>
              <LongitudeDegrees>-121.8822516</LongitudeDegrees>
            </Position>
            <AltitudeMeters>27</AltitudeMeters>
            <DistanceMeters>12495.02</DistanceMeters>
            <HeartRateBpm><Value>143</Value></HeartRateBpm>
            <Cadence>166</Cadence>
          </Trackpoint>
          <Trackpoint>
            <Time>2026-02-14T14:53:16.000Z</Time>
            <Position>
              <LatitudeDegrees>37.3413345</LatitudeDegrees>
              <LongitudeDegrees>-121.8823513</LongitudeDegrees>
            </Position>
            <AltitudeMeters>27</AltitudeMeters>
            <DistanceMeters>12507.46</DistanceMeters>
            <HeartRateBpm><Value>143</Value></HeartRateBpm>
            <Cadence>166</Cadence>
          </Trackpoint>
          <Trackpoint>
            <Time>2026-02-14T14:53:21.000Z</Time>
            <Position>
              <LatitudeDegrees>37.3412553</LatitudeDegrees>
              <LongitudeDegrees>-121.8824510</LongitudeDegrees>
            </Position>
            <AltitudeMeters>27</AltitudeMeters>
            <DistanceMeters>12519.90</DistanceMeters>
            <HeartRateBpm><Value>143</Value></HeartRateBpm>
            <Cadence>166</Cadence>
          </Trackpoint>
          <Trackpoint>
            <Time>2026-02-14T14:53:26.000Z</Time>
            <Position>
              <LatitudeDegrees>37.3411762</LatitudeDegrees>
              <LongitudeDegrees>-121.8825507</LongitudeDegrees>
            </Position>
            <AltitudeMeters>27</AltitudeMeters>
            <DistanceMeters>12532.34</DistanceMeters>
            <HeartRateBpm><Value>143</Value></HeartRateBpm>
            <Cadence>166</Cadence>
          </Trackpoint>
          <Trackpoint>
            <Time>2026-02-14T14:53:31.000Z</Time>
            <Position>
              <LatitudeDegrees>37.3410970</LatitudeDegrees>
              <LongitudeDegrees>-121.8826504</LongitudeDegrees>
            </Position>
            <AltitudeMeters>27</AltitudeMeters>
            <DistanceMeters>12544.78</DistanceMeters>
            <HeartRateBpm><Value>143</Value></HeartRateBpm>
            <Cadence>166</Cadence>
          </Trackpoint>
          <Trackpoint>
            <Time>2026-02-14T14:53:36.000Z</Time>
            <Position>
              <LatitudeDegrees>37.3410179</LatitudeDegrees>
              <LongitudeDegrees>-121.8827501</LongitudeDegrees>
            </Position>
            <AltitudeMeters>27</AltitudeMeters>
            <DistanceMeters>12557.21</DistanceMeters>
            <HeartRateBpm><Value>143</Value></HeartRateBpm>
            <Cadence>166</Cadence>
          </Trackpoint>
          <Trackpoint>
            <Time>2026-02-14T14:53:41.000Z</Time>
            <Position>
              <LatitudeDegrees>37.3409387</LatitudeDegrees>
              <LongitudeDegrees>-121.8828499</LongitudeDegrees>
            </Position>
            <AltitudeMeters>27</AltitudeMeters>
            <DistanceMeters>12569.65</DistanceMeters>
            <HeartRateBpm><Value>143</Value></HeartRateBpm>
            <Cadence>166</Cadence>
          </Trackpoint>
          <Trackpoint>
            <Time>2026-02-14T14:53:46.000Z</Time>
            <Position>
              <LatitudeDegrees>37.3408596</LatitudeDegrees>
              <LongitudeDegrees>-121.8829496</LongitudeDegrees>
            </Position>
            <AltitudeMeters>26.9</AltitudeMeters>
            <DistanceMeters>12582.09</DistanceMeters>
            <HeartRateBpm><Value>143</Value></HeartRateBpm>
            <Cadence>166</Cadence>
          </Trackpoint>
          <Trackpoint>
            <Time>2026-02-14T14:53:51.000Z</Time>
            <Position>
              <LatitudeDegrees>37.3407804</LatitudeDegrees>
              <LongitudeDegrees>-121.8830493</LongitudeDegrees>
            </Position>
            <AltitudeMeters>26.9</AltitudeMeters>
            <DistanceMeters>12594.53</DistanceMeters>
            <HeartRateBpm><Value>143</Value></HeartRateBpm>
            <Cadence>166</Cadence>
          </Trackpoint>
          <Trackpoint>
            <Time>2026-02-14T14:53:56.000Z</Time>
            <Position>
              <LatitudeDegrees>37.3407013</LatitudeDegrees>
              <LongitudeDegrees>-121.8831490</LongitudeDegrees>
            </Position>
            <AltitudeMeters>26.9</AltitudeMeters>
            <DistanceMeters>12606.97</DistanceMeters>
            <HeartRateBpm><Value>143</Value></HeartRateBpm>
            <Cadence>166</Cadence>
          </Trackpoint>
          <Trackpoint>
            <Time>2026-02-14T14:54:01.000Z</Time>
            <Position>
              <LatitudeDegrees>37.3406221</LatitudeDegrees>
              <LongitudeDegrees>-121.8832487</LongitudeDegrees>
            </Position>
            <AltitudeMeters>26.9</AltitudeMeters>
            <DistanceMeters>12619.40</DistanceMeters>
            <HeartRateBpm><Value>143</Value></HeartRateBpm>
            <Cadence>166</Cadence>
          </Trackpoint>
          <Trackpoint>
            <Time>2026-02-14T14:54:06.000Z</Time>
            <Position>
              <LatitudeDegrees>37.3405430</LatitudeDegrees>
              <LongitudeDegrees>-121.8833484</LongitudeDegrees>
            </Position>
            <AltitudeMeters>26.8</AltitudeMeters>
            <DistanceMeters>12631.84</DistanceMeters>
            <HeartRateBpm><Value>143</Value></HeartRateBpm>
            <Cadence>166</Cadence>
          </Trackpoint>
          <Trackpoint>
            <Time>2026-02-14T14:54:11.000Z</Time>
            <Position>
              <LatitudeDegrees>37.3404638</LatitudeDegrees>
              <LongitudeDegrees>-121.8834482</LongitudeDegrees>
            </Position>
            <AltitudeMeters>26.8</AltitudeMeters>
            <DistanceMeters>12644.28</DistanceMeters>
            <HeartRateBpm><Value>143</Value></HeartRateBpm>
            <Cadence>166</Cadence>
          </Trackpoint>
          <Trackpoint>
            <Time>2026-02-14T14:54:16.000Z</Time>
            <Position>
              <LatitudeDegrees>37.3403846</LatitudeDegrees>
              <LongitudeDegrees>-121.8835479</LongitudeDegrees>
            </Position>
            <AltitudeMeters>26.8</AltitudeMeters>
            <DistanceMeters>12656.72</DistanceMeters>
            <HeartRateBpm><Value>143</Value></HeartRateBpm>
            <Cadence>166</Cadence>
          </Trackpoint>
          <Trackpoint>
            <Time>2026-02-14T14:54:21.000Z</Time>
            <Position>
              <LatitudeDegrees>37.3403055</LatitudeDegrees>
              <LongitudeDegrees>-121.8836476</LongitudeDegrees>
            </Position>
            <AltitudeMeters>26.7</AltitudeMeters>
            <DistanceMeters>12669.15</DistanceMeters>
            <HeartRateBpm><Value>143</Value></HeartRateBpm>
            <Cadence>166</Cadence>
          </Trackpoint>
          <Trackpoint>
            <Time>2026-02-14T14:54:26.000Z</Time>
            <Position>
              <LatitudeDegrees>37.3402263</LatitudeDegrees>
              <LongitudeDegrees>-121.8837473</LongitudeDegrees>
            </Position>
            <AltitudeMeters>26.7</AltitudeMeters>
            <DistanceMeters>12681.59</DistanceMeters>
            <HeartRateBpm><Value>143</Value></HeartRateBpm>
            <Cadence>166</Cadence>
          </Trackpoint>
          <Trackpoint>
            <Time>2026-02-14T14:54:31.000Z</Time>
            <Position>
              <LatitudeDegrees>37.3401472</LatitudeDegrees>
              <LongitudeDegrees>-121.8838470</LongitudeDegrees>
            </Position>
            <AltitudeMeters>26.6</AltitudeMeters>
            <DistanceMeters>12694.03</DistanceMeters>
            <HeartRateBpm><Value>143</Value></HeartRateBpm>
            <Cadence>166</Cadence>
          </Trackpoint>
          <Trackpoint>
            <Time>2026-02-14T14:54:36.000Z</Time>
            <Position>
              <LatitudeDegrees>37.3400680</LatitudeDegrees>
              <LongitudeDegrees>-121.8839467</LongitudeDegrees>
            </Position>
            <AltitudeMeters>26.6</AltitudeMeters>
            <DistanceMeters>12706.47</DistanceMeters>
            <HeartRateBpm><Value>143</Value></HeartRateBpm>
            <Cadence>166</Cadence>
          </Trackpoint>
          <Trackpoint>
            <Time>2026-02-14T14:54:41.000Z</Time>
            <Position>
              <LatitudeDegrees>37.3399889</LatitudeDegrees>
              <LongitudeDegrees>-121.8840464</LongitudeDegrees>
            </Position>
            <AltitudeMeters>26.5</AltitudeMeters>
            <DistanceMeters>12718.91</DistanceMeters>
            <HeartRateBpm><Value>143</Value></HeartRateBpm>
            <Cadence>166</Cadence>
          </Trackpoint>
          <Trackpoint>
            <Time>2026-02-14T14:54:46.000Z</Time>
            <Position>
              <LatitudeDegrees>37.3399097</LatitudeDegrees>
              <LongitudeDegrees>-121.8841462</LongitudeDegrees>
            </Position>
            <AltitudeMeters>26.5</AltitudeMeters>
            <DistanceMeters>12731.34</DistanceMeters>
            <HeartRateBpm><Value>143</Value></HeartRateBpm>
            <Cadence>166</Cadence>
          </Trackpoint>
          <Trackpoint>
            <Time>2026-02-14T14:54:51.000Z</Time>
            <Position>
              <LatitudeDegrees>37.3398306</LatitudeDegrees>
              <LongitudeDegrees>-121.8842459</LongitudeDegrees>
            </Position>
            <AltitudeMeters>26.4</AltitudeMeters>
            <DistanceMeters>12743.78</DistanceMeters>
            <HeartRateBpm><Value>143</Value></HeartRateBpm>
            <Cadence>166</Cadence>
          </Trackpoint>
          <Trackpoint>
            <Time>2026-02-14T14:54:56.000Z</Time>
            <Position>
              <LatitudeDegrees>37.3397514</LatitudeDegrees>
              <LongitudeDegrees>-121.8843456</LongitudeDegrees>
            </Position>
            <AltitudeMeters>26.4</AltitudeMeters>
            <DistanceMeters>12756.22</DistanceMeters>
            <HeartRateBpm><Value>143</Value></HeartRateBpm>
            <Cadence>166</Cadence>
          </Trackpoint>
          <Trackpoint>
            <Time>2026-02-14T14:55:01.000Z</Time>
            <Position>
              <LatitudeDegrees>37.3396723</LatitudeDegrees>
              <LongitudeDegrees>-121.8844453</LongitudeDegrees>
            </Position>
            <AltitudeMeters>26.3</AltitudeMeters>
            <DistanceMeters>12768.66</DistanceMeters>
            <HeartRateBpm><Value>143</Value></HeartRateBpm>
            <Cadence>166</Cadence>
          </Trackpoint>
          <Trackpoint>
            <Time>2026-02-14T14:55:06.000Z</Time>
            <Position>
              <LatitudeDegrees>37.3395931</LatitudeDegrees>
              <LongitudeDegrees>-121.8845450</LongitudeDegrees>
            </Position>
            <AltitudeMeters>26.3</AltitudeMeters>
            <DistanceMeters>12781.09</DistanceMeters>
            <HeartRateBpm><Value>143</Value></HeartRateBpm>
            <Cadence>166</Cadence>
          </Trackpoint>
          <Trackpoint>
            <Time>2026-02-14T14:55:11.000Z</Time>
            <Position>
              <LatitudeDegrees>37.3395140</LatitudeDegrees>
              <LongitudeDegrees>-121.8846447</LongitudeDegrees>
            </Position>
            <AltitudeMeters>26.2</AltitudeMeters>
            <DistanceMeters>12793.53</DistanceMeters>
            <HeartRateBpm><Value>143</Value></HeartRateBpm>
            <Cadence>166</Cadence>
          </Trackpoint>
          <Trackpoint>
            <Time>2026-02-14T14:55:16.000Z</Time>
            <Position>
              <LatitudeDegrees>37.3394348</LatitudeDegrees>
              <LongitudeDegrees>-121.8847444</LongitudeDegrees>
            </Position>
            <AltitudeMeters>26.1</AltitudeMeters>
            <DistanceMeters>12805.97</DistanceMeters>
            <HeartRateBpm><Value>143</Value></HeartRateBpm>
            <Cadence>166</Cadence>
          </Trackpoint>
          <Trackpoint>
            <Time>2026-02-14T14:55:21.000Z</Time>
            <Position>
              <LatitudeDegrees>37.3393556</LatitudeDegrees>
              <LongitudeDegrees>-121.8848442</LongitudeDegrees>
            </Position>
            <AltitudeMeters>26.1</AltitudeMeters>
            <DistanceMeters>12818.41</DistanceMeters>
            <HeartRateBpm><Value>143</Value></HeartRateBpm>
            <Cadence>166</Cadence>
          </Trackpoint>
          <Trackpoint>
            <Time>2026-02-14T14:55:26.000Z</Time>
            <Position>
              <LatitudeDegrees>37.3392765</LatitudeDegrees>
              <LongitudeDegrees>-121.8849439</LongitudeDegrees>
            </Position>
            <AltitudeMeters>26</AltitudeMeters>
            <DistanceMeters>12830.85</DistanceMeters>
            <HeartRateBpm><Value>143</Value></HeartRateBpm>
            <Cadence>166</Cadence>
          </Trackpoint>
          <Trackpoint>
            <Time>2026-02-14T14:55:31.000Z</Time>
            <Position>
              <LatitudeDegrees>37.3391973</LatitudeDegrees>
              <LongitudeDegrees>-121.8850436</LongitudeDegrees>
            </Position>
            <AltitudeMeters>25.9</AltitudeMeters>
            <DistanceMeters>12843.28</DistanceMeters>
            <HeartRateBpm><Value>143</Value></HeartRateBpm>
            <Cadence>166</Cadence>
          </Trackpoint>
          <Trackpoint>
            <Time>2026-02-14T14:55:36.000Z</Time>
            <Position>
              <LatitudeDegrees>37.3391182</LatitudeDegrees>
              <LongitudeDegrees>-121.8851433</LongitudeDegrees>
            </Position>
            <AltitudeMeters>25.9</AltitudeMeters>
            <DistanceMeters>12855.72</DistanceMeters>
            <HeartRateBpm><Value>143</Value></HeartRateBpm>
            <Cadence>166</Cadence>
          </Trackpoint>
          <Trackpoint>
            <Time>2026-02-14T14:55:41.000Z</Time>
            <Position>
              <LatitudeDegrees>37.3390390</LatitudeDegrees>
              <LongitudeDegrees>-121.8852430</LongitudeDegrees>
            </Position>
            <AltitudeMeters>25.8</AltitudeMeters>
            <DistanceMeters>12868.16</DistanceMeters>
            <HeartRateBpm><Value>143</Value></HeartRateBpm>
            <Cadence>166</Cadence>
          </Trackpoint>
          <Trackpoint>
            <Time>2026-02-14T14:55:46.000Z</Time>
            <Position>
              <LatitudeDegrees>37.3389599</LatitudeDegrees>
              <LongitudeDegrees>-121.8853427</LongitudeDegrees>
            </Position>
            <AltitudeMeters>25.7</AltitudeMeters>
            <DistanceMeters>12880.60</DistanceMeters>
            <HeartRateBpm><Value>143</Value></HeartRateBpm>
            <Cadence>166</Cadence>
          </Trackpoint>
          <Trackpoint>
            <Time>2026-02-14T14:55:51.000Z</Time>
            <Position>
              <LatitudeDegrees>37.3388807</LatitudeDegrees>
              <LongitudeDegrees>-121.8854425</LongitudeDegrees>
            </Position>
            <AltitudeMeters>25.7</AltitudeMeters>
            <DistanceMeters>12893.03</DistanceMeters>
            <HeartRateBpm><Value>143</Value></HeartRateBpm>
            <Cadence>166</Cadence>
          </Trackpoint>
          <Trackpoint>
            <Time>2026-02-14T14:55:56.000Z</Time>
            <Position>
              <LatitudeDegrees>37.3388016</LatitudeDegrees>
              <LongitudeDegrees>-121.8855422</LongitudeDegrees>
            </Position>
            <AltitudeMeters>25.6</AltitudeMeters>
            <DistanceMeters>12905.47</DistanceMeters>
            <HeartRateBpm><Value>143</Value></HeartRateBpm>
            <Cadence>166</Cadence>
          </Trackpoint>
          <Trackpoint>
            <Time>2026-02-14T14:56:01.000Z</Time>
            <Position>
              <LatitudeDegrees>37.3387224</LatitudeDegrees>
              <LongitudeDegrees>-121.8856419</LongitudeDegrees>
            </Position>
            <AltitudeMeters>25.5</AltitudeMeters>
            <DistanceMeters>12917.91</DistanceMeters>
            <HeartRateBpm><Value>143</Value></HeartRateBpm>
            <Cadence>166</Cadence>
          </Trackpoint>
          <Trackpoint>
            <Time>2026-02-14T14:56:06.000Z</Time>
            <Position>
              <LatitudeDegrees>37.3386433</LatitudeDegrees>
              <LongitudeDegrees>-121.8857416</LongitudeDegrees>
            </Position>
            <AltitudeMeters>25.4</AltitudeMeters>
            <DistanceMeters>12930.35</DistanceMeters>
            <HeartRateBpm><Value>143</Value></HeartRateBpm>
            <Cadence>166</Cadence>
          </Trackpoint>
          <Trackpoint>
            <Time>2026-02-14T14:56:11.000Z</Time>
            <Position>
              <LatitudeDegrees>37.3385641</LatitudeDegrees>
              <LongitudeDegrees>-121.8858413</LongitudeDegrees>
            </Position>
            <AltitudeMeters>25.4</AltitudeMeters>
            <DistanceMeters>12942.79</DistanceMeters>
            <HeartRateBpm><Value>143</Value></HeartRateBpm>
            <Cadence>166</Cadence>
          </Trackpoint>
          <Trackpoint>
            <Time>2026-02-14T14:56:16.000Z</Time>
            <Position>
              <LatitudeDegrees>37.3384850</LatitudeDegrees>
              <LongitudeDegrees>-121.8859410</LongitudeDegrees>
            </Position>
            <AltitudeMeters>25.3</AltitudeMeters>
            <DistanceMeters>12955.22</DistanceMeters>
            <HeartRateBpm><Value>143</Value></HeartRateBpm>
            <Cadence>166</Cadence>
          </Trackpoint>
          <Trackpoint>
            <Time>2026-02-14T14:56:21.000Z</Time>
            <Position>
              <LatitudeDegrees>37.3384058</LatitudeDegrees>
              <LongitudeDegrees>-121.8860407</LongitudeDegrees>
            </Position>
            <AltitudeMeters>25.2</AltitudeMeters>
            <DistanceMeters>12967.66</DistanceMeters>
            <HeartRateBpm><Value>143</Value></HeartRateBpm>
            <Cadence>166</Cadence>
          </Trackpoint>
          <Trackpoint>
            <Time>2026-02-14T14:56:26.000Z</Time>
            <Position>
              <LatitudeDegrees>37.3383266</LatitudeDegrees>
              <LongitudeDegrees>-121.8861405</LongitudeDegrees>
            </Position>
            <AltitudeMeters>25.1</AltitudeMeters>
            <DistanceMeters>12980.10</DistanceMeters>
            <HeartRateBpm><Value>143</Value></HeartRateBpm>
            <Cadence>166</Cadence>
          </Trackpoint>
          <Trackpoint>
            <Time>2026-02-14T14:56:31.000Z</Time>
            <Position>
              <LatitudeDegrees>37.3382475</LatitudeDegrees>
              <LongitudeDegrees>-121.8862402</LongitudeDegrees>
            </Position>
            <AltitudeMeters>25</AltitudeMeters>
            <DistanceMeters>12992.54</DistanceMeters>
            <HeartRateBpm><Value>143</Value></HeartRateBpm>
            <Cadence>166</Cadence>
          </Trackpoint>
          <Trackpoint>
            <Time>2026-02-14T14:56:34.000Z</Time>
            <Position>
              <LatitudeDegrees>37.3382000</LatitudeDegrees>
              <LongitudeDegrees>-121.8863000</LongitudeDegrees>
            </Position>
            <AltitudeMeters>25</AltitudeMeters>
            <DistanceMeters>13000.00</DistanceMeters>
            <HeartRateBpm><Value>143</Value></HeartRateBpm>
            <Cadence>166</Cadence>
          </Trackpoint>
        </Track>
      </Lap>
    </Activity>
  </Activities>
</TrainingCenterDatabase>