<?xml version="1.0" encoding="UTF-8"?>
<TrainingCenterDatabase
  xmlns="http://www.garmin.com/xmlschemas/TrainingCenterDatabase/v2"
  xmlns:xsi="http://www.w3.org/2001/XMLSchema-instance"
  xsi:schemaLocation="http://www.garmin.com/xmlschemas/TrainingCenterDatabase/v2 https://www.garmin.com/xmlschemas/TrainingCenterDatabasev2.xsd">
  <Activities>
    <Activity Sport="Running">
      <Id>2026-04-05T13:30:00.000Z</Id>
      <Lap StartTime="2026-04-05T13:30:00.000Z">
        <TotalTimeSeconds>3930</TotalTimeSeconds>
        <DistanceMeters>10000</DistanceMeters>
        <AverageHeartRateBpm><Value>141</Value></AverageHeartRateBpm>
        <MaximumHeartRateBpm><Value>149</Value></MaximumHeartRateBpm>
        <Intensity>Active</Intensity>
        <TriggerMethod>Manual</TriggerMethod>
        <Track>
          <Trackpoint>
            <Time>2026-04-05T13:30:00.000Z</Time>
            <Position>
              <LatitudeDegrees>37.3382000</LatitudeDegrees>
              <LongitudeDegrees>-121.8863000</LongitudeDegrees>
            </Position>
            <AltitudeMeters>25</AltitudeMeters>
            <DistanceMeters>0.00</DistanceMeters>
            <HeartRateBpm><Value>133</Value></HeartRateBpm>
            <Cadence>169</Cadence>
          </Trackpoint>
          <Trackpoint>
            <Time>2026-04-05T13:30:05.000Z</Time>
            <Position>
              <LatitudeDegrees>37.3382810</LatitudeDegrees>
              <LongitudeDegrees>-121.8861980</LongitudeDegrees>
            </Position>
            <AltitudeMeters>25.1</AltitudeMeters>
            <DistanceMeters>12.72</DistanceMeters>
            <HeartRateBpm><Value>133</Value></HeartRateBpm>
            <Cadence>169</Cadence>
          </Trackpoint>
          <Trackpoint>
            <Time>2026-04-05T13:30:10.000Z</Time>
            <Position>
              <LatitudeDegrees>37.3383619</LatitudeDegrees>
              <LongitudeDegrees>-121.8860960</LongitudeDegrees>
            </Position>
            <AltitudeMeters>25.2</AltitudeMeters>
            <DistanceMeters>25.45</DistanceMeters>
            <HeartRateBpm><Value>133</Value></HeartRateBpm>
            <Cadence>169</Cadence>
          </Trackpoint>
          <Trackpoint>
            <Time>2026-04-05T13:30:15.000Z</Time>
            <Position>
              <LatitudeDegrees>37.3384429</LatitudeDegrees>
              <LongitudeDegrees>-121.8859940</LongitudeDegrees>
            </Position>
            <AltitudeMeters>25.2</AltitudeMeters>
            <DistanceMeters>38.17</DistanceMeters>
            <HeartRateBpm><Value>133</Value></HeartRateBpm>
            <Cadence>169</Cadence>
          </Trackpoint>
          <Trackpoint>
            <Time>2026-04-05T13:30:20.000Z</Time>
            <Position>
              <LatitudeDegrees>37.3385239</LatitudeDegrees>
              <LongitudeDegrees>-121.8858920</LongitudeDegrees>
            </Position>
            <AltitudeMeters>25.3</AltitudeMeters>
            <DistanceMeters>50.89</DistanceMeters>
            <HeartRateBpm><Value>133</Value></HeartRateBpm>
            <Cadence>169</Cadence>
          </Trackpoint>
          <Trackpoint>
            <Time>2026-04-05T13:30:25.000Z</Time>
            <Position>
              <LatitudeDegrees>37.3386048</LatitudeDegrees>
              <LongitudeDegrees>-121.8857900</LongitudeDegrees>
            </Position>
            <AltitudeMeters>25.4</AltitudeMeters>
            <DistanceMeters>63.61</DistanceMeters>
            <HeartRateBpm><Value>133</Value></HeartRateBpm>
            <Cadence>169</Cadence>
          </Trackpoint>
          <Trackpoint>
            <Time>2026-04-05T13:30:30.000Z</Time>
            <Position>
              <LatitudeDegrees>37.3386858</LatitudeDegrees>
              <LongitudeDegrees>-121.8856880</LongitudeDegrees>
            </Position>
            <AltitudeMeters>25.5</AltitudeMeters>
            <DistanceMeters>76.34</DistanceMeters>
            <HeartRateBpm><Value>133</Value></HeartRateBpm>
            <Cadence>169</Cadence>
          </Trackpoint>
          <Trackpoint>
            <Time>2026-04-05T13:30:35.000Z</Time>
            <Position>
              <LatitudeDegrees>37.3387668</LatitudeDegrees>
              <LongitudeDegrees>-121.8855860</LongitudeDegrees>
            </Position>
            <AltitudeMeters>25.6</AltitudeMeters>
            <DistanceMeters>89.06</DistanceMeters>
            <HeartRateBpm><Value>133</Value></HeartRateBpm>
            <Cadence>169</Cadence>
          </Trackpoint>
          <Trackpoint>
            <Time>2026-04-05T13:30:40.000Z</Time>
            <Position>
              <LatitudeDegrees>37.3388477</LatitudeDegrees>
              <LongitudeDegrees>-121.8854840</LongitudeDegrees>
            </Position>
            <AltitudeMeters>25.6</AltitudeMeters>
            <DistanceMeters>101.78</DistanceMeters>
            <HeartRateBpm><Value>134</Value></HeartRateBpm>
            <Cadence>169</Cadence>
          </Trackpoint>
          <Trackpoint>
            <Time>2026-04-05T13:30:45.000Z</Time>
            <Position>
              <LatitudeDegrees>37.3389287</LatitudeDegrees>
              <LongitudeDegrees>-121.8853820</LongitudeDegrees>
            </Position>
            <AltitudeMeters>25.7</AltitudeMeters>
            <DistanceMeters>114.50</DistanceMeters>
            <HeartRateBpm><Value>134</Value></HeartRateBpm>
            <Cadence>169</Cadence>
          </Trackpoint>
          <Trackpoint>
            <Time>2026-04-05T13:30:50.000Z</Time>
            <Position>
              <LatitudeDegrees>37.3390097</LatitudeDegrees>
              <LongitudeDegrees>-121.8852800</LongitudeDegrees>
            </Position>
            <AltitudeMeters>25.8</AltitudeMeters>
            <DistanceMeters>127.23</DistanceMeters>
            <HeartRateBpm><Value>134</Value></HeartRateBpm>
            <Cadence>169</Cadence>
          </Trackpoint>
          <Trackpoint>
            <Time>2026-04-05T13:30:55.000Z</Time>
            <Position>
              <LatitudeDegrees>37.3390906</LatitudeDegrees>
              <LongitudeDegrees>-121.8851780</LongitudeDegrees>
            </Position>
            <AltitudeMeters>25.9</AltitudeMeters>
            <DistanceMeters>139.95</DistanceMeters>
            <HeartRateBpm><Value>134</Value></HeartRateBpm>
            <Cadence>169</Cadence>
          </Trackpoint>
          <Trackpoint>
            <Time>2026-04-05T13:31:00.000Z</Time>
            <Position>
              <LatitudeDegrees>37.3391716</LatitudeDegrees>
              <LongitudeDegrees>-121.8850760</LongitudeDegrees>
            </Position>
            <AltitudeMeters>25.9</AltitudeMeters>
            <DistanceMeters>152.67</DistanceMeters>
            <HeartRateBpm><Value>134</Value></HeartRateBpm>
            <Cadence>169</Cadence>
          </Trackpoint>
          <Trackpoint>
            <Time>2026-04-05T13:31:05.000Z</Time>
            <Position>
              <LatitudeDegrees>37.3392526</LatitudeDegrees>
              <LongitudeDegrees>-121.8849740</LongitudeDegrees>
            </Position>
            <AltitudeMeters>26</AltitudeMeters>
            <DistanceMeters>165.39</DistanceMeters>
            <HeartRateBpm><Value>134</Value></HeartRateBpm>
            <Cadence>169</Cadence>
          </Trackpoint>
          <Trackpoint>
            <Time>2026-04-05T13:31:10.000Z</Time>
            <Position>
              <LatitudeDegrees>37.3393335</LatitudeDegrees>
              <LongitudeDegrees>-121.8848720</LongitudeDegrees>
            </Position>
            <AltitudeMeters>26.1</AltitudeMeters>
            <DistanceMeters>178.12</DistanceMeters>
            <HeartRateBpm><Value>134</Value></HeartRateBpm>
            <Cadence>169</Cadence>
          </Trackpoint>
          <Trackpoint>
            <Time>2026-04-05T13:31:15.000Z</Time>
            <Position>
              <LatitudeDegrees>37.3394145</LatitudeDegrees>
              <LongitudeDegrees>-121.8847700</LongitudeDegrees>
            </Position>
            <AltitudeMeters>26.1</AltitudeMeters>
            <DistanceMeters>190.84</DistanceMeters>
            <HeartRateBpm><Value>134</Value></HeartRateBpm>
            <Cadence>169</Cadence>
          </Trackpoint>
          <Trackpoint>
            <Time>2026-04-05T13:31:20.000Z</Time>
            <Position>
              <LatitudeDegrees>37.3394955</LatitudeDegrees>
              <LongitudeDegrees>-121.8846680</LongitudeDegrees>
            </Position>
            <AltitudeMeters>26.2</AltitudeMeters>
            <DistanceMeters>203.56</DistanceMeters>
            <HeartRateBpm><Value>134</Value></HeartRateBpm>
            <Cadence>169</Cadence>
          </Trackpoint>
          <Trackpoint>
            <Time>2026-04-05T13:31:25.000Z</Time>
            <Position>
              <LatitudeDegrees>37.3395764</LatitudeDegrees>
              <LongitudeDegrees>-121.8845660</LongitudeDegrees>
            </Position>
            <AltitudeMeters>26.3</AltitudeMeters>
            <DistanceMeters>216.28</DistanceMeters>
            <HeartRateBpm><Value>134</Value></HeartRateBpm>
            <Cadence>169</Cadence>
          </Trackpoint>
          <Trackpoint>
            <Time>2026-04-05T13:31:30.000Z</Time>
            <Position>
              <LatitudeDegrees>37.3396574</LatitudeDegrees>
              <LongitudeDegrees>-121.8844640</LongitudeDegrees>
            </Position>
            <AltitudeMeters>26.3</AltitudeMeters>
            <DistanceMeters>229.01</DistanceMeters>
            <HeartRateBpm><Value>134</Value></HeartRateBpm>
            <Cadence>169</Cadence>
          </Trackpoint>
          <Trackpoint>
            <Time>2026-04-05T13:31:35.000Z</Time>
            <Position>
              <LatitudeDegrees>37.3397384</LatitudeDegrees>
              <LongitudeDegrees>-121.8843620</LongitudeDegrees>
            </Position>
            <AltitudeMeters>26.4</AltitudeMeters>
            <DistanceMeters>241.73</DistanceMeters>
            <HeartRateBpm><Value>134</Value></HeartRateBpm>
            <Cadence>169</Cadence>
          </Trackpoint>
          <Trackpoint>
            <Time>2026-04-05T13:31:40.000Z</Time>
            <Position>
              <LatitudeDegrees>37.3398193</LatitudeDegrees>
              <LongitudeDegrees>-121.8842600</LongitudeDegrees>
            </Position>
            <AltitudeMeters>26.4</AltitudeMeters>
            <DistanceMeters>254.45</DistanceMeters>
            <HeartRateBpm><Value>134</Value></HeartRateBpm>
            <Cadence>169</Cadence>
          </Trackpoint>
          <Trackpoint>
            <Time>2026-04-05T13:31:45.000Z</Time>
            <Position>
              <LatitudeDegrees>37.3399003</LatitudeDegrees>
              <LongitudeDegrees>-121.8841580</LongitudeDegrees>
            </Position>
            <AltitudeMeters>26.5</AltitudeMeters>
            <DistanceMeters>267.18</DistanceMeters>
            <HeartRateBpm><Value>134</Value></HeartRateBpm>
            <Cadence>169</Cadence>
          </Trackpoint>
          <Trackpoint>
            <Time>2026-04-05T13:31:50.000Z</Time>
            <Position>
              <LatitudeDegrees>37.3399813</LatitudeDegrees>
              <LongitudeDegrees>-121.8840560</LongitudeDegrees>
            </Position>
            <AltitudeMeters>26.5</AltitudeMeters>
            <DistanceMeters>279.90</DistanceMeters>
            <HeartRateBpm><Value>134</Value></HeartRateBpm>
            <Cadence>169</Cadence>
          </Trackpoint>
          <Trackpoint>
            <Time>2026-04-05T13:31:55.000Z</Time>
            <Position>
              <LatitudeDegrees>37.3400622</LatitudeDegrees>
              <LongitudeDegrees>-121.8839540</LongitudeDegrees>
            </Position>
            <AltitudeMeters>26.6</AltitudeMeters>
            <DistanceMeters>292.62</DistanceMeters>
            <HeartRateBpm><Value>135</Value></HeartRateBpm>
            <Cadence>169</Cadence>
          </Trackpoint>
          <Trackpoint>
            <Time>2026-04-05T13:32:00.000Z</Time>
            <Position>
              <LatitudeDegrees>37.3401432</LatitudeDegrees>
              <LongitudeDegrees>-121.8838520</LongitudeDegrees>
            </Position>
            <AltitudeMeters>26.6</AltitudeMeters>
            <DistanceMeters>305.34</DistanceMeters>
            <HeartRateBpm><Value>135</Value></HeartRateBpm>
            <Cadence>169</Cadence>
          </Trackpoint>
          <Trackpoint>
            <Time>2026-04-05T13:32:05.000Z</Time>
            <Position>
              <LatitudeDegrees>37.3402242</LatitudeDegrees>
              <LongitudeDegrees>-121.8837500</LongitudeDegrees>
            </Position>
            <AltitudeMeters>26.7</AltitudeMeters>
            <DistanceMeters>318.07</DistanceMeters>
            <HeartRateBpm><Value>135</Value></HeartRateBpm>
            <Cadence>169</Cadence>
          </Trackpoint>
          <Trackpoint>
            <Time>2026-04-05T13:32:10.000Z</Time>
            <Position>
              <LatitudeDegrees>37.3403051</LatitudeDegrees>
              <LongitudeDegrees>-121.8836480</LongitudeDegrees>
            </Position>
            <AltitudeMeters>26.7</AltitudeMeters>
            <DistanceMeters>330.79</DistanceMeters>
            <HeartRateBpm><Value>135</Value></HeartRateBpm>
            <Cadence>169</Cadence>
          </Trackpoint>
          <Trackpoint>
            <Time>2026-04-05T13:32:15.000Z</Time>
            <Position>
              <LatitudeDegrees>37.3403861</LatitudeDegrees>
              <LongitudeDegrees>-121.8835460</LongitudeDegrees>
            </Position>
            <AltitudeMeters>26.8</AltitudeMeters>
            <DistanceMeters>343.51</DistanceMeters>
            <HeartRateBpm><Value>135</Value></HeartRateBpm>
            <Cadence>169</Cadence>
          </Trackpoint>
          <Trackpoint>
            <Time>2026-04-05T13:32:20.000Z</Time>
            <Position>
              <LatitudeDegrees>37.3404671</LatitudeDegrees>
              <LongitudeDegrees>-121.8834440</LongitudeDegrees>
            </Position>
            <AltitudeMeters>26.8</AltitudeMeters>
            <DistanceMeters>356.23</DistanceMeters>
            <HeartRateBpm><Value>135</Value></HeartRateBpm>
            <Cadence>169</Cadence>
          </Trackpoint>
          <Trackpoint>
            <Time>2026-04-05T13:32:25.000Z</Time>
            <Position>
              <LatitudeDegrees>37.3405480</LatitudeDegrees>
              <LongitudeDegrees>-121.8833420</LongitudeDegrees>
            </Position>
            <AltitudeMeters>26.8</AltitudeMeters>
            <DistanceMeters>368.96</DistanceMeters>
            <HeartRateBpm><Value>135</Value></HeartRateBpm>
            <Cadence>169</Cadence>
          </Trackpoint>
          <Trackpoint>
            <Time>2026-04-05T13:32:30.000Z</Time>
            <Position>
              <LatitudeDegrees>37.3406290</LatitudeDegrees>
              <LongitudeDegrees>-121.8832400</LongitudeDegrees>
            </Position>
            <AltitudeMeters>26.9</AltitudeMeters>
            <DistanceMeters>381.68</DistanceMeters>
            <HeartRateBpm><Value>135</Value></HeartRateBpm>
            <Cadence>169</Cadence>
          </Trackpoint>
          <Trackpoint>
            <Time>2026-04-05T13:32:35.000Z</Time>
            <Position>
              <LatitudeDegrees>37.3407100</LatitudeDegrees>
              <LongitudeDegrees>-121.8831380</LongitudeDegrees>
            </Position>
            <AltitudeMeters>26.9</AltitudeMeters>
            <DistanceMeters>394.40</DistanceMeters>
            <HeartRateBpm><Value>135</Value></HeartRateBpm>
            <Cadence>169</Cadence>
          </Trackpoint>
          <Trackpoint>
            <Time>2026-04-05T13:32:40.000Z</Time>
            <Position>
              <LatitudeDegrees>37.3407909</LatitudeDegrees>
              <LongitudeDegrees>-121.8830360</LongitudeDegrees>
            </Position>
            <AltitudeMeters>26.9</AltitudeMeters>
            <DistanceMeters>407.12</DistanceMeters>
            <HeartRateBpm><Value>135</Value></HeartRateBpm>
            <Cadence>169</Cadence>
          </Trackpoint>
          <Trackpoint>
            <Time>2026-04-05T13:32:45.000Z</Time>
            <Position>
              <LatitudeDegrees>37.3408719</LatitudeDegrees>
              <LongitudeDegrees>-121.8829340</LongitudeDegrees>
            </Position>
            <AltitudeMeters>26.9</AltitudeMeters>
            <DistanceMeters>419.85</DistanceMeters>
            <HeartRateBpm><Value>135</Value></HeartRateBpm>
            <Cadence>169</Cadence>
          </Trackpoint>
          <Trackpoint>
            <Time>2026-04-05T13:32:50.000Z</Time>
            <Position>
              <LatitudeDegrees>37.3409529</LatitudeDegrees>
              <LongitudeDegrees>-121.8828321</LongitudeDegrees>
            </Position>
            <AltitudeMeters>27</AltitudeMeters>
            <DistanceMeters>432.57</DistanceMeters>
            <HeartRateBpm><Value>135</Value></HeartRateBpm>
            <Cadence>169</Cadence>
          </Trackpoint>
          <Trackpoint>
            <Time>2026-04-05T13:32:55.000Z</Time>
            <Position>
              <LatitudeDegrees>37.3410338</LatitudeDegrees>
              <LongitudeDegrees>-121.8827301</LongitudeDegrees>
            </Position>
            <AltitudeMeters>27</AltitudeMeters>
            <DistanceMeters>445.29</DistanceMeters>
            <HeartRateBpm><Value>135</Value></HeartRateBpm>
            <Cadence>169</Cadence>
          </Trackpoint>
          <Trackpoint>
            <Time>2026-04-05T13:33:00.000Z</Time>
            <Position>
              <LatitudeDegrees>37.3411148</LatitudeDegrees>
              <LongitudeDegrees>-121.8826281</LongitudeDegrees>
            </Position>
            <AltitudeMeters>27</AltitudeMeters>
            <DistanceMeters>458.02</DistanceMeters>
            <HeartRateBpm><Value>135</Value></HeartRateBpm>
            <Cadence>169</Cadence>
          </Trackpoint>
          <Trackpoint>
            <Time>2026-04-05T13:33:05.000Z</Time>
            <Position>
              <LatitudeDegrees>37.3411958</LatitudeDegrees>
              <LongitudeDegrees>-121.8825261</LongitudeDegrees>
            </Position>
            <AltitudeMeters>27</AltitudeMeters>
            <DistanceMeters>470.74</DistanceMeters>
            <HeartRateBpm><Value>136</Value></HeartRateBpm>
            <Cadence>169</Cadence>
          </Trackpoint>
          <Trackpoint>
            <Time>2026-04-05T13:33:10.000Z</Time>
            <Position>
              <LatitudeDegrees>37.3412767</LatitudeDegrees>
              <LongitudeDegrees>-121.8824241</LongitudeDegrees>
            </Position>
            <AltitudeMeters>27</AltitudeMeters>
            <DistanceMeters>483.46</DistanceMeters>
            <HeartRateBpm><Value>136</Value></HeartRateBpm>
            <Cadence>169</Cadence>
          </Trackpoint>
          <Trackpoint>
            <Time>2026-04-05T13:33:15.000Z</Time>
            <Position>
              <LatitudeDegrees>37.3413577</LatitudeDegrees>
              <LongitudeDegrees>-121.8823221</LongitudeDegrees>
            </Position>
            <AltitudeMeters>27</AltitudeMeters>
            <DistanceMeters>496.18</DistanceMeters>
            <HeartRateBpm><Value>136</Value></HeartRateBpm>
            <Cadence>169</Cadence>
          </Trackpoint>
          <Trackpoint>
            <Time>2026-04-05T13:33:20.000Z</Time>
            <Position>
              <LatitudeDegrees>37.3414387</LatitudeDegrees>
              <LongitudeDegrees>-121.8822201</LongitudeDegrees>
            </Position>
            <AltitudeMeters>27</AltitudeMeters>
            <DistanceMeters>508.91</DistanceMeters>
            <HeartRateBpm><Value>136</Value></HeartRateBpm>
            <Cadence>169</Cadence>
          </Trackpoint>
          <Trackpoint>
            <Time>2026-04-05T13:33:25.000Z</Time>
            <Position>
              <LatitudeDegrees>37.3415196</LatitudeDegrees>
              <LongitudeDegrees>-121.8821181</LongitudeDegrees>
            </Position>
            <AltitudeMeters>27</AltitudeMeters>
            <DistanceMeters>521.63</DistanceMeters>
            <HeartRateBpm><Value>136</Value></HeartRateBpm>
            <Cadence>169</Cadence>
          </Trackpoint>
          <Trackpoint>
            <Time>2026-04-05T13:33:30.000Z</Time>
            <Position>
              <LatitudeDegrees>37.3416006</LatitudeDegrees>
              <LongitudeDegrees>-121.8820161</LongitudeDegrees>
            </Position>
            <AltitudeMeters>27</AltitudeMeters>
            <DistanceMeters>534.35</DistanceMeters>
            <HeartRateBpm><Value>136</Value></HeartRateBpm>
            <Cadence>169</Cadence>
          </Trackpoint>
          <Trackpoint>
            <Time>2026-04-05T13:33:35.000Z</Time>
            <Position>
              <LatitudeDegrees>37.3416816</LatitudeDegrees>
              <LongitudeDegrees>-121.8819141</LongitudeDegrees>
            </Position>
            <AltitudeMeters>27</AltitudeMeters>
            <DistanceMeters>547.07</DistanceMeters>
            <HeartRateBpm><Value>136</Value></HeartRateBpm>
            <Cadence>169</Cadence>
          </Trackpoint>
          <Trackpoint>
            <Time>2026-04-05T13:33:40.000Z</Time>
            <Position>
              <LatitudeDegrees>37.3417625</LatitudeDegrees>
              <LongitudeDegrees>-121.8818121</LongitudeDegrees>
            </Position>
            <AltitudeMeters>27</AltitudeMeters>
            <DistanceMeters>559.80</DistanceMeters>
            <HeartRateBpm><Value>136</Value></HeartRateBpm>
            <Cadence>169</Cadence>
          </Trackpoint>
          <Trackpoint>
            <Time>2026-04-05T13:33:45.000Z</Time>
            <Position>
              <LatitudeDegrees>37.3418435</LatitudeDegrees>
              <LongitudeDegrees>-121.8817101</LongitudeDegrees>
            </Position>
            <AltitudeMeters>26.9</AltitudeMeters>
            <DistanceMeters>572.52</DistanceMeters>
            <HeartRateBpm><Value>136</Value></HeartRateBpm>
            <Cadence>169</Cadence>
          </Trackpoint>
          <Trackpoint>
            <Time>2026-04-05T13:33:50.000Z</Time>
            <Position>
              <LatitudeDegrees>37.3419245</LatitudeDegrees>
              <LongitudeDegrees>-121.8816081</LongitudeDegrees>
            </Position>
            <AltitudeMeters>26.9</AltitudeMeters>
            <DistanceMeters>585.24</DistanceMeters>
            <HeartRateBpm><Value>136</Value></HeartRateBpm>
            <Cadence>169</Cadence>
          </Trackpoint>
          <Trackpoint>
            <Time>2026-04-05T13:33:55.000Z</Time>
            <Position>
              <LatitudeDegrees>37.3420054</LatitudeDegrees>
              <LongitudeDegrees>-121.8815061</LongitudeDegrees>
            </Position>
            <AltitudeMeters>26.9</AltitudeMeters>
            <DistanceMeters>597.96</DistanceMeters>
            <HeartRateBpm><Value>136</Value></HeartRateBpm>
            <Cadence>169</Cadence>
          </Trackpoint>
          <Trackpoint>
            <Time>2026-04-05T13:34:00.000Z</Time>
            <Position>
              <LatitudeDegrees>37.3420864</LatitudeDegrees>
              <LongitudeDegrees>-121.8814041</LongitudeDegrees>
            </Position>
            <AltitudeMeters>26.9</AltitudeMeters>
            <DistanceMeters>610.69</DistanceMeters>
            <HeartRateBpm><Value>136</Value></HeartRateBpm>
            <Cadence>169</Cadence>
          </Trackpoint>
          <Trackpoint>
            <Time>2026-04-05T13:34:05.000Z</Time>
            <Position>
              <LatitudeDegrees>37.3421674</LatitudeDegrees>
              <LongitudeDegrees>-121.8813021</LongitudeDegrees>
            </Position>
            <AltitudeMeters>26.9</AltitudeMeters>
            <DistanceMeters>623.41</DistanceMeters>
            <HeartRateBpm><Value>136</Value></HeartRateBpm>
            <Cadence>169</Cadence>
          </Trackpoint>
          <Trackpoint>
            <Time>2026-04-05T13:34:10.000Z</Time>
            <Position>
              <LatitudeDegrees>37.3422483</LatitudeDegrees>
              <LongitudeDegrees>-121.8812001</LongitudeDegrees>
            </Position>
            <AltitudeMeters>26.8</AltitudeMeters>
            <DistanceMeters>636.13</DistanceMeters>
            <HeartRateBpm><Value>136</Value></HeartRateBpm>
            <Cadence>169</Cadence>
          </Trackpoint>
          <Trackpoint>
            <Time>2026-04-05T13:34:15.000Z</Time>
            <Position>
              <LatitudeDegrees>37.3423293</LatitudeDegrees>
              <LongitudeDegrees>-121.8810981</LongitudeDegrees>
            </Position>
            <AltitudeMeters>26.8</AltitudeMeters>
            <DistanceMeters>648.85</DistanceMeters>
            <HeartRateBpm><Value>136</Value></HeartRateBpm>
            <Cadence>169</Cadence>
          </Trackpoint>
          <Trackpoint>
            <Time>2026-04-05T13:34:20.000Z</Time>
            <Position>
              <LatitudeDegrees>37.3424103</LatitudeDegrees>
              <LongitudeDegrees>-121.8809961</LongitudeDegrees>
            </Position>
            <AltitudeMeters>26.7</AltitudeMeters>
            <DistanceMeters>661.58</DistanceMeters>
            <HeartRateBpm><Value>137</Value></HeartRateBpm>
            <Cadence>169</Cadence>
          </Trackpoint>
          <Trackpoint>
            <Time>2026-04-05T13:34:25.000Z</Time>
            <Position>
              <LatitudeDegrees>37.3424912</LatitudeDegrees>
              <LongitudeDegrees>-121.8808941</LongitudeDegrees>
            </Position>
            <AltitudeMeters>26.7</AltitudeMeters>
            <DistanceMeters>674.30</DistanceMeters>
            <HeartRateBpm><Value>137</Value></HeartRateBpm>
            <Cadence>169</Cadence>
          </Trackpoint>
          <Trackpoint>
            <Time>2026-04-05T13:34:30.000Z</Time>
            <Position>
              <LatitudeDegrees>37.3425722</LatitudeDegrees>
              <LongitudeDegrees>-121.8807921</LongitudeDegrees>
            </Position>
            <AltitudeMeters>26.7</AltitudeMeters>
            <DistanceMeters>687.02</DistanceMeters>
            <HeartRateBpm><Value>137</Value></HeartRateBpm>
            <Cadence>169</Cadence>
          </Trackpoint>
          <Trackpoint>
            <Time>2026-04-05T13:34:35.000Z</Time>
            <Position>
              <LatitudeDegrees>37.3426532</LatitudeDegrees>
              <LongitudeDegrees>-121.8806901</LongitudeDegrees>
            </Position>
            <AltitudeMeters>26.6</AltitudeMeters>
            <DistanceMeters>699.75</DistanceMeters>
            <HeartRateBpm><Value>137</Value></HeartRateBpm>
            <Cadence>169</Cadence>
          </Trackpoint>
          <Trackpoint>
            <Time>2026-04-05T13:34:40.000Z</Time>
            <Position>
              <LatitudeDegrees>37.3427341</LatitudeDegrees>
              <LongitudeDegrees>-121.8805881</LongitudeDegrees>
            </Position>
            <AltitudeMeters>26.6</AltitudeMeters>
            <DistanceMeters>712.47</DistanceMeters>
            <HeartRateBpm><Value>137</Value></HeartRateBpm>
            <Cadence>169</Cadence>
          </Trackpoint>
          <Trackpoint>
            <Time>2026-04-05T13:34:45.000Z</Time>
            <Position>
              <LatitudeDegrees>37.3428151</LatitudeDegrees>
              <LongitudeDegrees>-121.8804861</LongitudeDegrees>
            </Position>
            <AltitudeMeters>26.5</AltitudeMeters>
            <DistanceMeters>725.19</DistanceMeters>
            <HeartRateBpm><Value>137</Value></HeartRateBpm>
            <Cadence>169</Cadence>
          </Trackpoint>
          <Trackpoint>
            <Time>2026-04-05T13:34:50.000Z</Time>
            <Position>
              <LatitudeDegrees>37.3428961</LatitudeDegrees>
              <LongitudeDegrees>-121.8803841</LongitudeDegrees>
            </Position>
            <AltitudeMeters>26.5</AltitudeMeters>
            <DistanceMeters>737.91</DistanceMeters>
            <HeartRateBpm><Value>137</Value></HeartRateBpm>
            <Cadence>169</Cadence>
          </Trackpoint>
          <Trackpoint>
            <Time>2026-04-05T13:34:55.000Z</Time>
            <Position>
              <LatitudeDegrees>37.3429770</LatitudeDegrees>
              <LongitudeDegrees>-121.8802821</LongitudeDegrees>
            </Position>
            <AltitudeMeters>26.4</AltitudeMeters>
            <DistanceMeters>750.64</DistanceMeters>
            <HeartRateBpm><Value>137</Value></HeartRateBpm>
            <Cadence>169</Cadence>
          </Trackpoint>
          <Trackpoint>
            <Time>2026-04-05T13:35:00.000Z</Time>
            <Position>
              <LatitudeDegrees>37.3430580</LatitudeDegrees>
              <LongitudeDegrees>-121.8801801</LongitudeDegrees>
            </Position>
            <AltitudeMeters>26.4</AltitudeMeters>
            <DistanceMeters>763.36</DistanceMeters>
            <HeartRateBpm><Value>137</Value></HeartRateBpm>
            <Cadence>169</Cadence>
          </Trackpoint>
          <Trackpoint>
            <Time>2026-04-05T13:35:05.000Z</Time>
            <Position>
              <LatitudeDegrees>37.3431390</LatitudeDegrees>
              <LongitudeDegrees>-121.8800781</LongitudeDegrees>
            </Position>
            <AltitudeMeters>26.3</AltitudeMeters>
            <DistanceMeters>776.08</DistanceMeters>
            <HeartRateBpm><Value>137</Value></HeartRateBpm>
            <Cadence>169</Cadence>
          </Trackpoint>
          <Trackpoint>
            <Time>2026-04-05T13:35:10.000Z</Time>
            <Position>
              <LatitudeDegrees>37.3432199</LatitudeDegrees>
              <LongitudeDegrees>-121.8799761</LongitudeDegrees>
            </Position>
            <AltitudeMeters>26.2</AltitudeMeters>
            <DistanceMeters>788.80</DistanceMeters>
            <HeartRateBpm><Value>137</Value></HeartRateBpm>
            <Cadence>169</Cadence>
          </Trackpoint>
          <Trackpoint>
            <Time>2026-04-05T13:35:15.000Z</Time>
            <Position>
              <LatitudeDegrees>37.3433009</LatitudeDegrees>
              <LongitudeDegrees>-121.8798741</LongitudeDegrees>
            </Position>
            <AltitudeMeters>26.2</AltitudeMeters>
            <DistanceMeters>801.53</DistanceMeters>
            <HeartRateBpm><Value>137</Value></HeartRateBpm>
            <Cadence>169</Cadence>
          </Trackpoint>
          <Trackpoint>
            <Time>2026-04-05T13:35:20.000Z</Time>
            <Position>
              <LatitudeDegrees>37.3433819</LatitudeDegrees>
              <LongitudeDegrees>-121.8797721</LongitudeDegrees>
            </Position>
            <AltitudeMeters>26.1</AltitudeMeters>
            <DistanceMeters>814.25</DistanceMeters>
            <HeartRateBpm><Value>137</Value></HeartRateBpm>
            <Cadence>169</Cadence>
          </Trackpoint>
          <Trackpoint>
            <Time>2026-04-05T13:35:25.000Z</Time>
            <Position>
              <LatitudeDegrees>37.3434628</LatitudeDegrees>
              <LongitudeDegrees>-121.8796701</LongitudeDegrees>
            </Position>
            <AltitudeMeters>26</AltitudeMeters>
            <DistanceMeters>826.97</DistanceMeters>
            <HeartRateBpm><Value>137</Value></HeartRateBpm>
            <Cadence>169</Cadence>
          </Trackpoint>
          <Trackpoint>
            <Time>2026-04-05T13:35:30.000Z</Time>
            <Position>
              <LatitudeDegrees>37.3435438</LatitudeDegrees>
              <LongitudeDegrees>-121.8795681</LongitudeDegrees>
            </Position>
            <AltitudeMeters>26</AltitudeMeters>
            <DistanceMeters>839.69</DistanceMeters>
            <HeartRateBpm><Value>137</Value></HeartRateBpm>
            <Cadence>169</Cadence>
          </Trackpoint>
          <Trackpoint>
            <Time>2026-04-05T13:35:35.000Z</Time>
            <Position>
              <LatitudeDegrees>37.3436248</LatitudeDegrees>
              <LongitudeDegrees>-121.8794661</LongitudeDegrees>
            </Position>
            <AltitudeMeters>25.9</AltitudeMeters>
            <DistanceMeters>852.42</DistanceMeters>
            <HeartRateBpm><Value>138</Value></HeartRateBpm>
            <Cadence>169</Cadence>
          </Trackpoint>
          <Trackpoint>
            <Time>2026-04-05T13:35:40.000Z</Time>
            <Position>
              <LatitudeDegrees>37.3437057</LatitudeDegrees>
              <LongitudeDegrees>-121.8793641</LongitudeDegrees>
            </Position>
            <AltitudeMeters>25.8</AltitudeMeters>
            <DistanceMeters>865.14</DistanceMeters>
            <HeartRateBpm><Value>138</Value></HeartRateBpm>
            <Cadence>169</Cadence>
          </Trackpoint>
          <Trackpoint>
            <Time>2026-04-05T13:35:45.000Z</Time>
            <Position>
              <LatitudeDegrees>37.3437867</LatitudeDegrees>
              <LongitudeDegrees>-121.8792621</LongitudeDegrees>
            </Position>
            <AltitudeMeters>25.7</AltitudeMeters>
            <DistanceMeters>877.86</DistanceMeters>
            <HeartRateBpm><Value>138</Value></HeartRateBpm>
            <Cadence>169</Cadence>
          </Trackpoint>
          <Trackpoint>
            <Time>2026-04-05T13:35:50.000Z</Time>
            <Position>
              <LatitudeDegrees>37.3438677</LatitudeDegrees>
              <LongitudeDegrees>-121.8791601</LongitudeDegrees>
            </Position>
            <AltitudeMeters>25.7</AltitudeMeters>
            <DistanceMeters>890.59</DistanceMeters>
            <HeartRateBpm><Value>138</Value></HeartRateBpm>
            <Cadence>169</Cadence>
          </Trackpoint>
          <Trackpoint>
            <Time>2026-04-05T13:35:55.000Z</Time>
            <Position>
              <LatitudeDegrees>37.3439486</LatitudeDegrees>
              <LongitudeDegrees>-121.8790581</LongitudeDegrees>
            </Position>
            <AltitudeMeters>25.6</AltitudeMeters>
            <DistanceMeters>903.31</DistanceMeters>
            <HeartRateBpm><Value>138</Value></HeartRateBpm>
            <Cadence>169</Cadence>
          </Trackpoint>
          <Trackpoint>
            <Time>2026-04-05T13:36:00.000Z</Time>
            <Position>
              <LatitudeDegrees>37.3440296</LatitudeDegrees>
              <LongitudeDegrees>-121.8789561</LongitudeDegrees>
            </Position>
            <AltitudeMeters>25.5</AltitudeMeters>
            <DistanceMeters>916.03</DistanceMeters>
            <HeartRateBpm><Value>138</Value></HeartRateBpm>
            <Cadence>169</Cadence>
          </Trackpoint>
          <Trackpoint>
            <Time>2026-04-05T13:36:05.000Z</Time>
            <Position>
              <LatitudeDegrees>37.3441106</LatitudeDegrees>
              <LongitudeDegrees>-121.8788541</LongitudeDegrees>
            </Position>
            <AltitudeMeters>25.4</AltitudeMeters>
            <DistanceMeters>928.75</DistanceMeters>
            <HeartRateBpm><Value>138</Value></HeartRateBpm>
            <Cadence>169</Cadence>
          </Trackpoint>
          <Trackpoint>
            <Time>2026-04-05T13:36:10.000Z</Time>
            <Position>
              <LatitudeDegrees>37.3441915</LatitudeDegrees>
              <LongitudeDegrees>-121.8787521</LongitudeDegrees>
            </Position>
            <AltitudeMeters>25.4</AltitudeMeters>
            <DistanceMeters>941.48</DistanceMeters>
            <HeartRateBpm><Value>138</Value></HeartRateBpm>
            <Cadence>169</Cadence>
          </Trackpoint>
          <Trackpoint>
            <Time>2026-04-05T13:36:15.000Z</Time>
            <Position>
              <LatitudeDegrees>37.3442725</LatitudeDegrees>
              <LongitudeDegrees>-121.8786501</LongitudeDegrees>
            </Position>
            <AltitudeMeters>25.3</AltitudeMeters>
            <DistanceMeters>954.20</DistanceMeters>
            <HeartRateBpm><Value>138</Value></HeartRateBpm>
            <Cadence>169</Cadence>
          </Trackpoint>
          <Trackpoint>
            <Time>2026-04-05T13:36:20.000Z</Time>
            <Position>
              <LatitudeDegrees>37.3443535</LatitudeDegrees>
              <LongitudeDegrees>-121.8785481</LongitudeDegrees>
            </Position>
            <AltitudeMeters>25.2</AltitudeMeters>
            <DistanceMeters>966.92</DistanceMeters>
            <HeartRateBpm><Value>138</Value></HeartRateBpm>
            <Cadence>169</Cadence>
          </Trackpoint>
          <Trackpoint>
            <Time>2026-04-05T13:36:25.000Z</Time>
            <Position>
              <LatitudeDegrees>37.3444344</LatitudeDegrees>
              <LongitudeDegrees>-121.8784461</LongitudeDegrees>
            </Position>
            <AltitudeMeters>25.1</AltitudeMeters>
            <DistanceMeters>979.64</DistanceMeters>
            <HeartRateBpm><Value>138</Value></HeartRateBpm>
            <Cadence>169</Cadence>
          </Trackpoint>
          <Trackpoint>
            <Time>2026-04-05T13:36:30.000Z</Time>
            <Position>
              <LatitudeDegrees>37.3445154</LatitudeDegrees>
              <LongitudeDegrees>-121.8783441</LongitudeDegrees>
            </Position>
            <AltitudeMeters>25</AltitudeMeters>
            <DistanceMeters>992.37</DistanceMeters>
            <HeartRateBpm><Value>138</Value></HeartRateBpm>
            <Cadence>169</Cadence>
          </Trackpoint>
          <Trackpoint>
            <Time>2026-04-05T13:36:35.000Z</Time>
            <Position>
              <LatitudeDegrees>37.3445964</LatitudeDegrees>
              <LongitudeDegrees>-121.8782421</LongitudeDegrees>
            </Position>
            <AltitudeMeters>25</AltitudeMeters>
            <DistanceMeters>1005.09</DistanceMeters>
            <HeartRateBpm><Value>138</Value></HeartRateBpm>
            <Cadence>169</Cadence>
          </Trackpoint>
          <Trackpoint>
            <Time>2026-04-05T13:36:40.000Z</Time>
            <Position>
              <LatitudeDegrees>37.3446773</LatitudeDegrees>
              <LongitudeDegrees>-121.8781401</LongitudeDegrees>
            </Position>
            <AltitudeMeters>24.9</AltitudeMeters>
            <DistanceMeters>1017.81</DistanceMeters>
            <HeartRateBpm><Value>138</Value></HeartRateBpm>
            <Cadence>169</Cadence>
          </Trackpoint>
          <Trackpoint>
            <Time>2026-04-05T13:36:45.000Z</Time>
            <Position>
              <LatitudeDegrees>37.3447583</LatitudeDegrees>
              <LongitudeDegrees>-121.8780381</LongitudeDegrees>
            </Position>
            <AltitudeMeters>24.8</AltitudeMeters>
            <DistanceMeters>1030.53</DistanceMeters>
            <HeartRateBpm><Value>138</Value></HeartRateBpm>
            <Cadence>169</Cadence>
          </Trackpoint>
          <Trackpoint>
            <Time>2026-04-05T13:36:50.000Z</Time>
            <Position>
              <LatitudeDegrees>37.3448393</LatitudeDegrees>
              <LongitudeDegrees>-121.8779361</LongitudeDegrees>
            </Position>
            <AltitudeMeters>24.7</AltitudeMeters>
            <DistanceMeters>1043.26</DistanceMeters>
            <HeartRateBpm><Value>139</Value></HeartRateBpm>
            <Cadence>169</Cadence>
          </Trackpoint>
          <Trackpoint>
            <Time>2026-04-05T13:36:55.000Z</Time>
            <Position>
              <LatitudeDegrees>37.3449202</LatitudeDegrees>
              <LongitudeDegrees>-121.8778341</LongitudeDegrees>
            </Position>
            <AltitudeMeters>24.7</AltitudeMeters>
            <DistanceMeters>1055.98</DistanceMeters>
            <HeartRateBpm><Value>139</Value></HeartRateBpm>
            <Cadence>169</Cadence>
          </Trackpoint>
          <Trackpoint>
            <Time>2026-04-05T13:37:00.000Z</Time>
            <Position>
              <LatitudeDegrees>37.3450012</LatitudeDegrees>
              <LongitudeDegrees>-121.8777321</LongitudeDegrees>
            </Position>
            <AltitudeMeters>24.6</AltitudeMeters>
            <DistanceMeters>1068.70</DistanceMeters>
            <HeartRateBpm><Value>139</Value></HeartRateBpm>
            <Cadence>169</Cadence>
          </Trackpoint>
          <Trackpoint>
            <Time>2026-04-05T13:37:05.000Z</Time>
            <Position>
              <LatitudeDegrees>37.3450822</LatitudeDegrees>
              <LongitudeDegrees>-121.8776301</LongitudeDegrees>
            </Position>
            <AltitudeMeters>24.5</AltitudeMeters>
            <DistanceMeters>1081.42</DistanceMeters>
            <HeartRateBpm><Value>139</Value></HeartRateBpm>
            <Cadence>169</Cadence>
          </Trackpoint>
          <Trackpoint>
            <Time>2026-04-05T13:37:10.000Z</Time>
            <Position>
              <LatitudeDegrees>37.3451631</LatitudeDegrees>
              <LongitudeDegrees>-121.8775281</LongitudeDegrees>
            </Position>
            <AltitudeMeters>24.4</AltitudeMeters>
            <DistanceMeters>1094.15</DistanceMeters>
            <HeartRateBpm><Value>139</Value></HeartRateBpm>
            <Cadence>169</Cadence>
          </Trackpoint>
          <Trackpoint>
            <Time>2026-04-05T13:37:15.000Z</Time>
            <Position>
              <LatitudeDegrees>37.3452441</LatitudeDegrees>
              <LongitudeDegrees>-121.8774261</LongitudeDegrees>
            </Position>
            <AltitudeMeters>24.3</AltitudeMeters>
            <DistanceMeters>1106.87</DistanceMeters>
            <HeartRateBpm><Value>139</Value></HeartRateBpm>
            <Cadence>169</Cadence>
          </Trackpoint>
          <Trackpoint>
            <Time>2026-04-05T13:37:20.000Z</Time>
            <Position>
              <LatitudeDegrees>37.3453251</LatitudeDegrees>
              <LongitudeDegrees>-121.8773241</LongitudeDegrees>
            </Position>
            <AltitudeMeters>24.3</AltitudeMeters>
            <DistanceMeters>1119.59</DistanceMeters>
            <HeartRateBpm><Value>139</Value></HeartRateBpm>
            <Cadence>169</Cadence>
          </Trackpoint>
          <Trackpoint>
            <Time>2026-04-05T13:37:25.000Z</Time>
            <Position>
              <LatitudeDegrees>37.3454060</LatitudeDegrees>
              <LongitudeDegrees>-121.8772221</LongitudeDegrees>
            </Position>
            <AltitudeMeters>24.2</AltitudeMeters>
            <DistanceMeters>1132.32</DistanceMeters>
            <HeartRateBpm><Value>139</Value></HeartRateBpm>
            <Cadence>169</Cadence>
          </Trackpoint>
          <Trackpoint>
            <Time>2026-04-05T13:37:30.000Z</Time>
            <Position>
              <LatitudeDegrees>37.3454870</LatitudeDegrees>
              <LongitudeDegrees>-121.8771201</LongitudeDegrees>
            </Position>
            <AltitudeMeters>24.1</AltitudeMeters>
            <DistanceMeters>1145.04</DistanceMeters>
            <HeartRateBpm><Value>139</Value></HeartRateBpm>
            <Cadence>169</Cadence>
          </Trackpoint>
          <Trackpoint>
            <Time>2026-04-05T13:37:35.000Z</Time>
            <Position>
              <LatitudeDegrees>37.3455680</LatitudeDegrees>
              <LongitudeDegrees>-121.8770181</LongitudeDegrees>
            </Position>
            <AltitudeMeters>24</AltitudeMeters>
            <DistanceMeters>1157.76</DistanceMeters>
            <HeartRateBpm><Value>139</Value></HeartRateBpm>
            <Cadence>169</Cadence>
          </Trackpoint>
          <Trackpoint>
            <Time>2026-04-05T13:37:40.000Z</Time>
            <Position>
              <LatitudeDegrees>37.3456489</LatitudeDegrees>
              <LongitudeDegrees>-121.8769161</LongitudeDegrees>
            </Position>
            <AltitudeMeters>24</AltitudeMeters>
            <DistanceMeters>1170.48</DistanceMeters>
            <HeartRateBpm><Value>139</Value></HeartRateBpm>
            <Cadence>169</Cadence>
          </Trackpoint>
          <Trackpoint>
            <Time>2026-04-05T13:37:45.000Z</Time>
            <Position>
              <LatitudeDegrees>37.3457299</LatitudeDegrees>
              <LongitudeDegrees>-121.8768141</LongitudeDegrees>
            </Position>
            <AltitudeMeters>23.9</AltitudeMeters>
            <DistanceMeters>1183.21</DistanceMeters>
            <HeartRateBpm><Value>139</Value></HeartRateBpm>
            <Cadence>169</Cadence>
          </Trackpoint>
          <Trackpoint>
            <Time>2026-04-05T13:37:50.000Z</Time>
            <Position>
              <LatitudeDegrees>37.3458109</LatitudeDegrees>
              <LongitudeDegrees>-121.8767121</LongitudeDegrees>
            </Position>
            <AltitudeMeters>23.8</AltitudeMeters>
            <DistanceMeters>1195.93</DistanceMeters>
            <HeartRateBpm><Value>139</Value></HeartRateBpm>
            <Cadence>169</Cadence>
          </Trackpoint>
          <Trackpoint>
            <Time>2026-04-05T13:37:55.000Z</Time>
            <Position>
              <LatitudeDegrees>37.3458918</LatitudeDegrees>
              <LongitudeDegrees>-121.8766101</LongitudeDegrees>
            </Position>
            <AltitudeMeters>23.8</AltitudeMeters>
            <DistanceMeters>1208.65</DistanceMeters>
            <HeartRateBpm><Value>139</Value></HeartRateBpm>
            <Cadence>169</Cadence>
          </Trackpoint>
          <Trackpoint>
            <Time>2026-04-05T13:38:00.000Z</Time>
            <Position>
              <LatitudeDegrees>37.3459728</LatitudeDegrees>
              <LongitudeDegrees>-121.8765081</LongitudeDegrees>
            </Position>
            <AltitudeMeters>23.7</AltitudeMeters>
            <DistanceMeters>1221.37</DistanceMeters>
            <HeartRateBpm><Value>140</Value></HeartRateBpm>
            <Cadence>169</Cadence>
          </Trackpoint>
          <Trackpoint>
            <Time>2026-04-05T13:38:05.000Z</Time>
            <Position>
              <LatitudeDegrees>37.3460538</LatitudeDegrees>
              <LongitudeDegrees>-121.8764061</LongitudeDegrees>
            </Position>
            <AltitudeMeters>23.7</AltitudeMeters>
            <DistanceMeters>1234.10</DistanceMeters>
            <HeartRateBpm><Value>140</Value></HeartRateBpm>
            <Cadence>169</Cadence>
          </Trackpoint>
          <Trackpoint>
            <Time>2026-04-05T13:38:10.000Z</Time>
            <Position>
              <LatitudeDegrees>37.3461347</LatitudeDegrees>
              <LongitudeDegrees>-121.8763041</LongitudeDegrees>
            </Position>
            <AltitudeMeters>23.6</AltitudeMeters>
            <DistanceMeters>1246.82</DistanceMeters>
            <HeartRateBpm><Value>140</Value></HeartRateBpm>
            <Cadence>169</Cadence>
          </Trackpoint>
          <Trackpoint>
            <Time>2026-04-05T13:38:15.000Z</Time>
            <Position>
              <LatitudeDegrees>37.3462157</LatitudeDegrees>
              <LongitudeDegrees>-121.8762021</LongitudeDegrees>
            </Position>
            <AltitudeMeters>23.5</AltitudeMeters>
            <DistanceMeters>1259.54</DistanceMeters>
            <HeartRateBpm><Value>140</Value></HeartRateBpm>
            <Cadence>169</Cadence>
          </Trackpoint>
          <Trackpoint>
            <Time>2026-04-05T13:38:20.000Z</Time>
            <Position>
              <LatitudeDegrees>37.3462967</LatitudeDegrees>
              <LongitudeDegrees>-121.8761001</LongitudeDegrees>
            </Position>
            <AltitudeMeters>23.5</AltitudeMeters>
            <DistanceMeters>1272.26</DistanceMeters>
            <HeartRateBpm><Value>140</Value></HeartRateBpm>
            <Cadence>169</Cadence>
          </Trackpoint>
          <Trackpoint>
            <Time>2026-04-05T13:38:25.000Z</Time>
            <Position>
              <LatitudeDegrees>37.3463776</LatitudeDegrees>
              <LongitudeDegrees>-121.8759981</LongitudeDegrees>
            </Position>
            <AltitudeMeters>23.4</AltitudeMeters>
            <DistanceMeters>1284.99</DistanceMeters>
            <HeartRateBpm><Value>140</Value></HeartRateBpm>
            <Cadence>169</Cadence>
          </Trackpoint>
          <Trackpoint>
            <Time>2026-04-05T13:38:30.000Z</Time>
            <Position>
              <LatitudeDegrees>37.3464586</LatitudeDegrees>
              <LongitudeDegrees>-121.8758962</LongitudeDegrees>
            </Position>
            <AltitudeMeters>23.4</AltitudeMeters>
            <DistanceMeters>1297.71</DistanceMeters>
            <HeartRateBpm><Value>140</Value></HeartRateBpm>
            <Cadence>169</Cadence>
          </Trackpoint>
          <Trackpoint>
            <Time>2026-04-05T13:38:35.000Z</Time>
            <Position>
              <LatitudeDegrees>37.3465396</LatitudeDegrees>
              <LongitudeDegrees>-121.8757942</LongitudeDegrees>
            </Position>
            <AltitudeMeters>23.3</AltitudeMeters>
            <DistanceMeters>1310.43</DistanceMeters>
            <HeartRateBpm><Value>140</Value></HeartRateBpm>
            <Cadence>169</Cadence>
          </Trackpoint>
          <Trackpoint>
            <Time>2026-04-05T13:38:40.000Z</Time>
            <Position>
              <LatitudeDegrees>37.3466205</LatitudeDegrees>
              <LongitudeDegrees>-121.8756922</LongitudeDegrees>
            </Position>
            <AltitudeMeters>23.3</AltitudeMeters>
            <DistanceMeters>1323.16</DistanceMeters>
            <HeartRateBpm><Value>140</Value></HeartRateBpm>
            <Cadence>169</Cadence>
          </Trackpoint>
          <Trackpoint>
            <Time>2026-04-05T13:38:45.000Z</Time>
            <Position>
              <LatitudeDegrees>37.3467015</LatitudeDegrees>
              <LongitudeDegrees>-121.8755902</LongitudeDegrees>
            </Position>
            <AltitudeMeters>23.3</AltitudeMeters>
            <DistanceMeters>1335.88</DistanceMeters>
            <HeartRateBpm><Value>140</Value></HeartRateBpm>
            <Cadence>169</Cadence>
          </Trackpoint>
          <Trackpoint>
            <Time>2026-04-05T13:38:50.000Z</Time>
            <Position>
              <LatitudeDegrees>37.3467824</LatitudeDegrees>
              <LongitudeDegrees>-121.8754882</LongitudeDegrees>
            </Position>
            <AltitudeMeters>23.2</AltitudeMeters>
            <DistanceMeters>1348.60</DistanceMeters>
            <HeartRateBpm><Value>140</Value></HeartRateBpm>
            <Cadence>169</Cadence>
          </Trackpoint>
          <Trackpoint>
            <Time>2026-04-05T13:38:55.000Z</Time>
            <Position>
              <LatitudeDegrees>37.3468634</LatitudeDegrees>
              <LongitudeDegrees>-121.8753862</LongitudeDegrees>
            </Position>
            <AltitudeMeters>23.2</AltitudeMeters>
            <DistanceMeters>1361.32</DistanceMeters>
            <HeartRateBpm><Value>140</Value></HeartRateBpm>
            <Cadence>169</Cadence>
          </Trackpoint>
          <Trackpoint>
            <Time>2026-04-05T13:39:00.000Z</Time>
            <Position>
              <LatitudeDegrees>37.3469444</LatitudeDegrees>
              <LongitudeDegrees>-121.8752842</LongitudeDegrees>
            </Position>
            <AltitudeMeters>23.2</AltitudeMeters>
            <DistanceMeters>1374.05</DistanceMeters>
            <HeartRateBpm><Value>140</Value></HeartRateBpm>
            <Cadence>169</Cadence>
          </Trackpoint>
          <Trackpoint>
            <Time>2026-04-05T13:39:05.000Z</Time>
            <Position>
              <LatitudeDegrees>37.3470253</LatitudeDegrees>
              <LongitudeDegrees>-121.8751822</LongitudeDegrees>
            </Position>
            <AltitudeMeters>23.1</AltitudeMeters>
            <DistanceMeters>1386.77</DistanceMeters>
            <HeartRateBpm><Value>140</Value></HeartRateBpm>
            <Cadence>169</Cadence>
          </Trackpoint>
          <Trackpoint>
            <Time>2026-04-05T13:39:10.000Z</Time>
            <Position>
              <LatitudeDegrees>37.3471063</LatitudeDegrees>
              <LongitudeDegrees>-121.8750802</LongitudeDegrees>
            </Position>
            <AltitudeMeters>23.1</AltitudeMeters>
            <DistanceMeters>1399.49</DistanceMeters>
            <HeartRateBpm><Value>140</Value></HeartRateBpm>
            <Cadence>169</Cadence>
          </Trackpoint>
          <Trackpoint>
            <Time>2026-04-05T13:39:15.000Z</Time>
            <Position>
              <LatitudeDegrees>37.3471873</LatitudeDegrees>
              <LongitudeDegrees>-121.8749782</LongitudeDegrees>
            </Position>
            <AltitudeMeters>23.1</AltitudeMeters>
            <DistanceMeters>1412.21</DistanceMeters>
            <HeartRateBpm><Value>141</Value></HeartRateBpm>
            <Cadence>169</Cadence>
          </Trackpoint>
          <Trackpoint>
            <Time>2026-04-05T13:39:20.000Z</Time>
            <Position>
              <LatitudeDegrees>37.3472682</LatitudeDegrees>
              <LongitudeDegrees>-121.8748762</LongitudeDegrees>
            </Position>
            <AltitudeMeters>23.1</AltitudeMeters>
            <DistanceMeters>1424.94</DistanceMeters>
            <HeartRateBpm><Value>141</Value></HeartRateBpm>
            <Cadence>169</Cadence>
          </Trackpoint>
          <Trackpoint>
            <Time>2026-04-05T13:39:25.000Z</Time>
            <Position>
              <LatitudeDegrees>37.3473492</LatitudeDegrees>
              <LongitudeDegrees>-121.8747742</LongitudeDegrees>
            </Position>
            <AltitudeMeters>23</AltitudeMeters>
            <DistanceMeters>1437.66</DistanceMeters>
            <HeartRateBpm><Value>141</Value></HeartRateBpm>
            <Cadence>169</Cadence>
          </Trackpoint>
          <Trackpoint>
            <Time>2026-04-05T13:39:30.000Z</Time>
            <Position>
              <LatitudeDegrees>37.3474302</LatitudeDegrees>
              <LongitudeDegrees>-121.8746722</LongitudeDegrees>
            </Position>
            <AltitudeMeters>23</AltitudeMeters>
            <DistanceMeters>1450.38</DistanceMeters>
            <HeartRateBpm><Value>141</Value></HeartRateBpm>
            <Cadence>169</Cadence>
          </Trackpoint>
          <Trackpoint>
            <Time>2026-04-05T13:39:35.000Z</Time>
            <Position>
              <LatitudeDegrees>37.3475111</LatitudeDegrees>
              <LongitudeDegrees>-121.8745702</LongitudeDegrees>
            </Position>
            <AltitudeMeters>23</AltitudeMeters>
            <DistanceMeters>1463.10</DistanceMeters>
            <HeartRateBpm><Value>141</Value></HeartRateBpm>
            <Cadence>169</Cadence>
          </Trackpoint>
          <Trackpoint>
            <Time>2026-04-05T13:39:40.000Z</Time>
            <Position>
              <LatitudeDegrees>37.3475921</LatitudeDegrees>
              <LongitudeDegrees>-121.8744682</LongitudeDegrees>
            </Position>
            <AltitudeMeters>23</AltitudeMeters>
            <DistanceMeters>1475.83</DistanceMeters>
            <HeartRateBpm><Value>141</Value></HeartRateBpm>
            <Cadence>169</Cadence>
          </Trackpoint>
          <Trackpoint>
            <Time>2026-04-05T13:39:45.000Z</Time>
            <Position>
              <LatitudeDegrees>37.3476731</LatitudeDegrees>
              <LongitudeDegrees>-121.8743662</LongitudeDegrees>
            </Position>
            <AltitudeMeters>23</AltitudeMeters>
            <DistanceMeters>1488.55</DistanceMeters>
            <HeartRateBpm><Value>141</Value></HeartRateBpm>
            <Cadence>169</Cadence>
          </Trackpoint>
          <Trackpoint>
            <Time>2026-04-05T13:39:50.000Z</Time>
            <Position>
              <LatitudeDegrees>37.3477540</LatitudeDegrees>
              <LongitudeDegrees>-121.8742642</LongitudeDegrees>
            </Position>
            <AltitudeMeters>23</AltitudeMeters>
            <DistanceMeters>1501.27</DistanceMeters>
            <HeartRateBpm><Value>141</Value></HeartRateBpm>
            <Cadence>169</Cadence>
          </Trackpoint>
          <Trackpoint>
            <Time>2026-04-05T13:39:55.000Z</Time>
            <Position>
              <LatitudeDegrees>37.3478350</LatitudeDegrees>
              <LongitudeDegrees>-121.8741622</LongitudeDegrees>
            </Position>
            <AltitudeMeters>23</AltitudeMeters>
            <DistanceMeters>1513.99</DistanceMeters>
            <HeartRateBpm><Value>141</Value></HeartRateBpm>
            <Cadence>169</Cadence>
          </Trackpoint>
          <Trackpoint>
            <Time>2026-04-05T13:40:00.000Z</Time>
            <Position>
              <LatitudeDegrees>37.3479160</LatitudeDegrees>
              <LongitudeDegrees>-121.8740602</LongitudeDegrees>
            </Position>
            <AltitudeMeters>23</AltitudeMeters>
            <DistanceMeters>1526.72</DistanceMeters>
            <HeartRateBpm><Value>141</Value></HeartRateBpm>
            <Cadence>169</Cadence>
          </Trackpoint>
          <Trackpoint>
            <Time>2026-04-05T13:40:05.000Z</Time>
            <Position>
              <LatitudeDegrees>37.3479969</LatitudeDegrees>
              <LongitudeDegrees>-121.8739582</LongitudeDegrees>
            </Position>
            <AltitudeMeters>23</AltitudeMeters>
            <DistanceMeters>1539.44</DistanceMeters>
            <HeartRateBpm><Value>141</Value></HeartRateBpm>
            <Cadence>169</Cadence>
          </Trackpoint>
          <Trackpoint>
            <Time>2026-04-05T13:40:10.000Z</Time>
            <Position>
              <LatitudeDegrees>37.3480779</LatitudeDegrees>
              <LongitudeDegrees>-121.8738562</LongitudeDegrees>
            </Position>
            <AltitudeMeters>23</AltitudeMeters>
            <DistanceMeters>1552.16</DistanceMeters>
            <HeartRateBpm><Value>141</Value></HeartRateBpm>
            <Cadence>169</Cadence>
          </Trackpoint>
          <Trackpoint>
            <Time>2026-04-05T13:40:15.000Z</Time>
            <Position>
              <LatitudeDegrees>37.3481589</LatitudeDegrees>
              <LongitudeDegrees>-121.8737542</LongitudeDegrees>
            </Position>
            <AltitudeMeters>23</AltitudeMeters>
            <DistanceMeters>1564.89</DistanceMeters>
            <HeartRateBpm><Value>141</Value></HeartRateBpm>
            <Cadence>169</Cadence>
          </Trackpoint>
          <Trackpoint>
            <Time>2026-04-05T13:40:20.000Z</Time>
            <Position>
              <LatitudeDegrees>37.3482398</LatitudeDegrees>
              <LongitudeDegrees>-121.8736522</LongitudeDegrees>
            </Position>
            <AltitudeMeters>23.1</AltitudeMeters>
            <DistanceMeters>1577.61</DistanceMeters>
            <HeartRateBpm><Value>141</Value></HeartRateBpm>
            <Cadence>169</Cadence>
          </Trackpoint>
          <Trackpoint>
            <Time>2026-04-05T13:40:25.000Z</Time>
            <Position>
              <LatitudeDegrees>37.3483208</LatitudeDegrees>
              <LongitudeDegrees>-121.8735502</LongitudeDegrees>
            </Position>
            <AltitudeMeters>23.1</AltitudeMeters>
            <DistanceMeters>1590.33</DistanceMeters>
            <HeartRateBpm><Value>141</Value></HeartRateBpm>
            <Cadence>169</Cadence>
          </Trackpoint>
          <Trackpoint>
            <Time>2026-04-05T13:40:30.000Z</Time>
            <Position>
              <LatitudeDegrees>37.3484018</LatitudeDegrees>
              <LongitudeDegrees>-121.8734482</LongitudeDegrees>
            </Position>
            <AltitudeMeters>23.1</AltitudeMeters>
            <DistanceMeters>1603.05</DistanceMeters>
            <HeartRateBpm><Value>141</Value></HeartRateBpm>
            <Cadence>169</Cadence>
          </Trackpoint>
          <Trackpoint>
            <Time>2026-04-05T13:40:35.000Z</Time>
            <Position>
              <LatitudeDegrees>37.3484827</LatitudeDegrees>
              <LongitudeDegrees>-121.8733462</LongitudeDegrees>
            </Position>
            <AltitudeMeters>23.1</AltitudeMeters>
            <DistanceMeters>1615.78</DistanceMeters>
            <HeartRateBpm><Value>141</Value></HeartRateBpm>
            <Cadence>169</Cadence>
          </Trackpoint>
          <Trackpoint>
            <Time>2026-04-05T13:40:40.000Z</Time>
            <Position>
              <LatitudeDegrees>37.3485637</LatitudeDegrees>
              <LongitudeDegrees>-121.8732442</LongitudeDegrees>
            </Position>
            <AltitudeMeters>23.2</AltitudeMeters>
            <DistanceMeters>1628.50</DistanceMeters>
            <HeartRateBpm><Value>141</Value></HeartRateBpm>
            <Cadence>169</Cadence>
          </Trackpoint>
          <Trackpoint>
            <Time>2026-04-05T13:40:45.000Z</Time>
            <Position>
              <LatitudeDegrees>37.3486447</LatitudeDegrees>
              <LongitudeDegrees>-121.8731422</LongitudeDegrees>
            </Position>
            <AltitudeMeters>23.2</AltitudeMeters>
            <DistanceMeters>1641.22</DistanceMeters>
            <HeartRateBpm><Value>141</Value></HeartRateBpm>
            <Cadence>169</Cadence>
          </Trackpoint>
          <Trackpoint>
            <Time>2026-04-05T13:40:50.000Z</Time>
            <Position>
              <LatitudeDegrees>37.3487256</LatitudeDegrees>
              <LongitudeDegrees>-121.8730402</LongitudeDegrees>
            </Position>
            <AltitudeMeters>23.2</AltitudeMeters>
            <DistanceMeters>1653.94</DistanceMeters>
            <HeartRateBpm><Value>141</Value></HeartRateBpm>
            <Cadence>169</Cadence>
          </Trackpoint>
          <Trackpoint>
            <Time>2026-04-05T13:40:55.000Z</Time>
            <Position>
              <LatitudeDegrees>37.3488066</LatitudeDegrees>
              <LongitudeDegrees>-121.8729382</LongitudeDegrees>
            </Position>
            <AltitudeMeters>23.3</AltitudeMeters>
            <DistanceMeters>1666.67</DistanceMeters>
            <HeartRateBpm><Value>141</Value></HeartRateBpm>
            <Cadence>169</Cadence>
          </Trackpoint>
          <Trackpoint>
            <Time>2026-04-05T13:41:00.000Z</Time>
            <Position>
              <LatitudeDegrees>37.3488876</LatitudeDegrees>
              <LongitudeDegrees>-121.8728362</LongitudeDegrees>
            </Position>
            <AltitudeMeters>23.3</AltitudeMeters>
            <DistanceMeters>1679.39</DistanceMeters>
            <HeartRateBpm><Value>141</Value></HeartRateBpm>
            <Cadence>169</Cadence>
          </Trackpoint>
          <Trackpoint>
            <Time>2026-04-05T13:41:05.000Z</Time>
            <Position>
              <LatitudeDegrees>37.3489685</LatitudeDegrees>
              <LongitudeDegrees>-121.8727342</LongitudeDegrees>
            </Position>
            <AltitudeMeters>23.4</AltitudeMeters>
            <DistanceMeters>1692.11</DistanceMeters>
            <HeartRateBpm><Value>141</Value></HeartRateBpm>
            <Cadence>169</Cadence>
          </Trackpoint>
          <Trackpoint>
            <Time>2026-04-05T13:41:10.000Z</Time>
            <Position>
              <LatitudeDegrees>37.3490495</LatitudeDegrees>
              <LongitudeDegrees>-121.8726322</LongitudeDegrees>
            </Position>
            <AltitudeMeters>23.4</AltitudeMeters>
            <DistanceMeters>1704.83</DistanceMeters>
            <HeartRateBpm><Value>141</Value></HeartRateBpm>
            <Cadence>169</Cadence>
          </Trackpoint>
          <Trackpoint>
            <Time>2026-04-05T13:41:15.000Z</Time>
            <Position>
              <LatitudeDegrees>37.3491305</LatitudeDegrees>
              <LongitudeDegrees>-121.8725302</LongitudeDegrees>
            </Position>
            <AltitudeMeters>23.4</AltitudeMeters>
            <DistanceMeters>1717.56</DistanceMeters>
            <HeartRateBpm><Value>141</Value></HeartRateBpm>
            <Cadence>169</Cadence>
          </Trackpoint>
          <Trackpoint>
            <Time>2026-04-05T13:41:20.000Z</Time>
            <Position>
              <LatitudeDegrees>37.3492114</LatitudeDegrees>
              <LongitudeDegrees>-121.8724282</LongitudeDegrees>
            </Position>
            <AltitudeMeters>23.5</AltitudeMeters>
            <DistanceMeters>1730.28</DistanceMeters>
            <HeartRateBpm><Value>141</Value></HeartRateBpm>
            <Cadence>169</Cadence>
          </Trackpoint>
          <Trackpoint>
            <Time>2026-04-05T13:41:25.000Z</Time>
            <Position>
              <LatitudeDegrees>37.3492924</LatitudeDegrees>
              <LongitudeDegrees>-121.8723262</LongitudeDegrees>
            </Position>
            <AltitudeMeters>23.6</AltitudeMeters>
            <DistanceMeters>1743.00</DistanceMeters>
            <HeartRateBpm><Value>141</Value></HeartRateBpm>
            <Cadence>169</Cadence>
          </Trackpoint>
          <Trackpoint>
            <Time>2026-04-05T13:41:30.000Z</Time>
            <Position>
              <LatitudeDegrees>37.3493734</LatitudeDegrees>
              <LongitudeDegrees>-121.8722242</LongitudeDegrees>
            </Position>
            <AltitudeMeters>23.6</AltitudeMeters>
            <DistanceMeters>1755.73</DistanceMeters>
            <HeartRateBpm><Value>141</Value></HeartRateBpm>
            <Cadence>169</Cadence>
          </Trackpoint>
          <Trackpoint>
            <Time>2026-04-05T13:41:35.000Z</Time>
            <Position>
              <LatitudeDegrees>37.3494543</LatitudeDegrees>
              <LongitudeDegrees>-121.8721222</LongitudeDegrees>
            </Position>
            <AltitudeMeters>23.7</AltitudeMeters>
            <DistanceMeters>1768.45</DistanceMeters>
            <HeartRateBpm><Value>141</Value></HeartRateBpm>
            <Cadence>169</Cadence>
          </Trackpoint>
          <Trackpoint>
            <Time>2026-04-05T13:41:40.000Z</Time>
            <Position>
              <LatitudeDegrees>37.3495353</LatitudeDegrees>
              <LongitudeDegrees>-121.8720202</LongitudeDegrees>
            </Position>
            <AltitudeMeters>23.7</AltitudeMeters>
            <DistanceMeters>1781.17</DistanceMeters>
            <HeartRateBpm><Value>141</Value></HeartRateBpm>
            <Cadence>169</Cadence>
          </Trackpoint>
          <Trackpoint>
            <Time>2026-04-05T13:41:45.000Z</Time>
            <Position>
              <LatitudeDegrees>37.3496163</LatitudeDegrees>
              <LongitudeDegrees>-121.8719182</LongitudeDegrees>
            </Position>
            <AltitudeMeters>23.8</AltitudeMeters>
            <DistanceMeters>1793.89</DistanceMeters>
            <HeartRateBpm><Value>141</Value></HeartRateBpm>
            <Cadence>169</Cadence>
          </Trackpoint>
          <Trackpoint>
            <Time>2026-04-05T13:41:50.000Z</Time>
            <Position>
              <LatitudeDegrees>37.3496972</LatitudeDegrees>
              <LongitudeDegrees>-121.8718162</LongitudeDegrees>
            </Position>
            <AltitudeMeters>23.9</AltitudeMeters>
            <DistanceMeters>1806.62</DistanceMeters>
            <HeartRateBpm><Value>141</Value></HeartRateBpm>
            <Cadence>169</Cadence>
          </Trackpoint>
          <Trackpoint>
            <Time>2026-04-05T13:41:55.000Z</Time>
            <Position>
              <LatitudeDegrees>37.3497782</LatitudeDegrees>
              <LongitudeDegrees>-121.8717142</LongitudeDegrees>
            </Position>
            <AltitudeMeters>23.9</AltitudeMeters>
            <DistanceMeters>1819.34</DistanceMeters>
            <HeartRateBpm><Value>141</Value></HeartRateBpm>
            <Cadence>169</Cadence>
          </Trackpoint>
          <Trackpoint>
            <Time>2026-04-05T13:42:00.000Z</Time>
            <Position>
              <LatitudeDegrees>37.3498592</LatitudeDegrees>
              <LongitudeDegrees>-121.8716122</LongitudeDegrees>
            </Position>
            <AltitudeMeters>24</AltitudeMeters>
            <DistanceMeters>1832.06</DistanceMeters>
            <HeartRateBpm><Value>141</Value></HeartRateBpm>
            <Cadence>169</Cadence>
          </Trackpoint>
          <Trackpoint>
            <Time>2026-04-05T13:42:05.000Z</Time>
            <Position>
              <LatitudeDegrees>37.3499401</LatitudeDegrees>
              <LongitudeDegrees>-121.8715102</LongitudeDegrees>
            </Position>
            <AltitudeMeters>24.1</AltitudeMeters>
            <DistanceMeters>1844.78</DistanceMeters>
            <HeartRateBpm><Value>141</Value></HeartRateBpm>
            <Cadence>169</Cadence>
          </Trackpoint>
          <Trackpoint>
            <Time>2026-04-05T13:42:10.000Z</Time>
            <Position>
              <LatitudeDegrees>37.3500211</LatitudeDegrees>
              <LongitudeDegrees>-121.8714082</LongitudeDegrees>
            </Position>
            <AltitudeMeters>24.1</AltitudeMeters>
            <DistanceMeters>1857.51</DistanceMeters>
            <HeartRateBpm><Value>141</Value></HeartRateBpm>
            <Cadence>169</Cadence>
          </Trackpoint>
          <Trackpoint>
            <Time>2026-04-05T13:42:15.000Z</Time>
            <Position>
              <LatitudeDegrees>37.3501021</LatitudeDegrees>
              <LongitudeDegrees>-121.8713062</LongitudeDegrees>
            </Position>
            <AltitudeMeters>24.2</AltitudeMeters>
            <DistanceMeters>1870.23</DistanceMeters>
            <HeartRateBpm><Value>141</Value></HeartRateBpm>
            <Cadence>169</Cadence>
          </Trackpoint>
          <Trackpoint>
            <Time>2026-04-05T13:42:20.000Z</Time>
            <Position>
              <LatitudeDegrees>37.3501830</LatitudeDegrees>
              <LongitudeDegrees>-121.8712042</LongitudeDegrees>
            </Position>
            <AltitudeMeters>24.3</AltitudeMeters>
            <DistanceMeters>1882.95</DistanceMeters>
            <HeartRateBpm><Value>141</Value></HeartRateBpm>
            <Cadence>169</Cadence>
          </Trackpoint>
          <Trackpoint>
            <Time>2026-04-05T13:42:25.000Z</Time>
            <Position>
              <LatitudeDegrees>37.3502640</LatitudeDegrees>
              <LongitudeDegrees>-121.8711022</LongitudeDegrees>
            </Position>
            <AltitudeMeters>24.4</AltitudeMeters>
            <DistanceMeters>1895.67</DistanceMeters>
            <HeartRateBpm><Value>141</Value></HeartRateBpm>
            <Cadence>169</Cadence>
          </Trackpoint>
          <Trackpoint>
            <Time>2026-04-05T13:42:30.000Z</Time>
            <Position>
              <LatitudeDegrees>37.3503450</LatitudeDegrees>
              <LongitudeDegrees>-121.8710002</LongitudeDegrees>
            </Position>
            <AltitudeMeters>24.4</AltitudeMeters>
            <DistanceMeters>1908.40</DistanceMeters>
            <HeartRateBpm><Value>141</Value></HeartRateBpm>
            <Cadence>169</Cadence>
          </Trackpoint>
          <Trackpoint>
            <Time>2026-04-05T13:42:35.000Z</Time>
            <Position>
              <LatitudeDegrees>37.3504259</LatitudeDegrees>
              <LongitudeDegrees>-121.8708982</LongitudeDegrees>
            </Position>
            <AltitudeMeters>24.5</AltitudeMeters>
            <DistanceMeters>1921.12</DistanceMeters>
            <HeartRateBpm><Value>141</Value></HeartRateBpm>
            <Cadence>169</Cadence>
          </Trackpoint>
          <Trackpoint>
            <Time>2026-04-05T13:42:40.000Z</Time>
            <Position>
              <LatitudeDegrees>37.3505069</LatitudeDegrees>
              <LongitudeDegrees>-121.8707962</LongitudeDegrees>
            </Position>
            <AltitudeMeters>24.6</AltitudeMeters>
            <DistanceMeters>1933.84</DistanceMeters>
            <HeartRateBpm><Value>141</Value></HeartRateBpm>
            <Cadence>169</Cadence>
          </Trackpoint>
          <Trackpoint>
            <Time>2026-04-05T13:42:45.000Z</Time>
            <Position>
              <LatitudeDegrees>37.3505879</LatitudeDegrees>
              <LongitudeDegrees>-121.8706942</LongitudeDegrees>
            </Position>
            <AltitudeMeters>24.7</AltitudeMeters>
            <DistanceMeters>1946.56</DistanceMeters>
            <HeartRateBpm><Value>141</Value></HeartRateBpm>
            <Cadence>169</Cadence>
          </Trackpoint>
          <Trackpoint>
            <Time>2026-04-05T13:42:50.000Z</Time>
            <Position>
              <LatitudeDegrees>37.3506688</LatitudeDegrees>
              <LongitudeDegrees>-121.8705922</LongitudeDegrees>
            </Position>
            <AltitudeMeters>24.7</AltitudeMeters>
            <DistanceMeters>1959.29</DistanceMeters>
            <HeartRateBpm><Value>141</Value></HeartRateBpm>
            <Cadence>169</Cadence>
          </Trackpoint>
          <Trackpoint>
            <Time>2026-04-05T13:42:55.000Z</Time>
            <Position>
              <LatitudeDegrees>37.3507498</LatitudeDegrees>
              <LongitudeDegrees>-121.8704902</LongitudeDegrees>
            </Position>
            <AltitudeMeters>24.8</AltitudeMeters>
            <DistanceMeters>1972.01</DistanceMeters>
            <HeartRateBpm><Value>141</Value></HeartRateBpm>
            <Cadence>169</Cadence>
          </Trackpoint>
          <Trackpoint>
            <Time>2026-04-05T13:43:00.000Z</Time>
            <Position>
              <LatitudeDegrees>37.3508308</LatitudeDegrees>
              <LongitudeDegrees>-121.8703882</LongitudeDegrees>
            </Position>
            <AltitudeMeters>24.9</AltitudeMeters>
            <DistanceMeters>1984.73</DistanceMeters>
            <HeartRateBpm><Value>141</Value></HeartRateBpm>
            <Cadence>169</Cadence>
          </Trackpoint>
          <Trackpoint>
            <Time>2026-04-05T13:43:05.000Z</Time>
            <Position>
              <LatitudeDegrees>37.3509117</LatitudeDegrees>
              <LongitudeDegrees>-121.8702862</LongitudeDegrees>
            </Position>
            <AltitudeMeters>25</AltitudeMeters>
            <DistanceMeters>1997.46</DistanceMeters>
            <HeartRateBpm><Value>141</Value></HeartRateBpm>
            <Cadence>169</Cadence>
          </Trackpoint>
          <Trackpoint>
            <Time>2026-04-05T13:43:10.000Z</Time>
            <Position>
              <LatitudeDegrees>37.3509927</LatitudeDegrees>
              <LongitudeDegrees>-121.8701842</LongitudeDegrees>
            </Position>
            <AltitudeMeters>25.1</AltitudeMeters>
            <DistanceMeters>2010.18</DistanceMeters>
            <HeartRateBpm><Value>141</Value></HeartRateBpm>
            <Cadence>169</Cadence>
          </Trackpoint>
          <Trackpoint>
            <Time>2026-04-05T13:43:15.000Z</Time>
            <Position>
              <LatitudeDegrees>37.3510737</LatitudeDegrees>
              <LongitudeDegrees>-121.8700822</LongitudeDegrees>
            </Position>
            <AltitudeMeters>25.1</AltitudeMeters>
            <DistanceMeters>2022.90</DistanceMeters>
            <HeartRateBpm><Value>141</Value></HeartRateBpm>
            <Cadence>169</Cadence>
          </Trackpoint>
          <Trackpoint>
            <Time>2026-04-05T13:43:20.000Z</Time>
            <Position>
              <LatitudeDegrees>37.3511546</LatitudeDegrees>
              <LongitudeDegrees>-121.8699802</LongitudeDegrees>
            </Position>
            <AltitudeMeters>25.2</AltitudeMeters>
            <DistanceMeters>2035.62</DistanceMeters>
            <HeartRateBpm><Value>141</Value></HeartRateBpm>
            <Cadence>169</Cadence>
          </Trackpoint>
          <Trackpoint>
            <Time>2026-04-05T13:43:25.000Z</Time>
            <Position>
              <LatitudeDegrees>37.3512356</LatitudeDegrees>
              <LongitudeDegrees>-121.8698782</LongitudeDegrees>
            </Position>
            <AltitudeMeters>25.3</AltitudeMeters>
            <DistanceMeters>2048.35</DistanceMeters>
            <HeartRateBpm><Value>141</Value></HeartRateBpm>
            <Cadence>169</Cadence>
          </Trackpoint>
          <Trackpoint>
            <Time>2026-04-05T13:43:30.000Z</Time>
            <Position>
              <LatitudeDegrees>37.3513166</LatitudeDegrees>
              <LongitudeDegrees>-121.8697762</LongitudeDegrees>
            </Position>
            <AltitudeMeters>25.4</AltitudeMeters>
            <DistanceMeters>2061.07</DistanceMeters>
            <HeartRateBpm><Value>141</Value></HeartRateBpm>
            <Cadence>169</Cadence>
          </Trackpoint>
          <Trackpoint>
            <Time>2026-04-05T13:43:35.000Z</Time>
            <Position>
              <LatitudeDegrees>37.3513975</LatitudeDegrees>
              <LongitudeDegrees>-121.8696742</LongitudeDegrees>
            </Position>
            <AltitudeMeters>25.5</AltitudeMeters>
            <DistanceMeters>2073.79</DistanceMeters>
            <HeartRateBpm><Value>141</Value></HeartRateBpm>
            <Cadence>169</Cadence>
          </Trackpoint>
          <Trackpoint>
            <Time>2026-04-05T13:43:40.000Z</Time>
            <Position>
              <LatitudeDegrees>37.3514785</LatitudeDegrees>
              <LongitudeDegrees>-121.8695722</LongitudeDegrees>
            </Position>
            <AltitudeMeters>25.5</AltitudeMeters>
            <DistanceMeters>2086.51</DistanceMeters>
            <HeartRateBpm><Value>141</Value></HeartRateBpm>
            <Cadence>169</Cadence>
          </Trackpoint>
          <Trackpoint>
            <Time>2026-04-05T13:43:45.000Z</Time>
            <Position>
              <LatitudeDegrees>37.3515595</LatitudeDegrees>
              <LongitudeDegrees>-121.8694702</LongitudeDegrees>
            </Position>
            <AltitudeMeters>25.6</AltitudeMeters>
            <DistanceMeters>2099.24</DistanceMeters>
            <HeartRateBpm><Value>141</Value></HeartRateBpm>
            <Cadence>169</Cadence>
          </Trackpoint>
          <Trackpoint>
            <Time>2026-04-05T13:43:50.000Z</Time>
            <Position>
              <LatitudeDegrees>37.3516404</LatitudeDegrees>
              <LongitudeDegrees>-121.8693682</LongitudeDegrees>
            </Position>
            <AltitudeMeters>25.7</AltitudeMeters>
            <DistanceMeters>2111.96</DistanceMeters>
            <HeartRateBpm><Value>141</Value></HeartRateBpm>
            <Cadence>169</Cadence>
          </Trackpoint>
          <Trackpoint>
            <Time>2026-04-05T13:43:55.000Z</Time>
            <Position>
              <LatitudeDegrees>37.3517214</LatitudeDegrees>
              <LongitudeDegrees>-121.8692662</LongitudeDegrees>
            </Position>
            <AltitudeMeters>25.8</AltitudeMeters>
            <DistanceMeters>2124.68</DistanceMeters>
            <HeartRateBpm><Value>141</Value></HeartRateBpm>
            <Cadence>169</Cadence>
          </Trackpoint>
          <Trackpoint>
            <Time>2026-04-05T13:44:00.000Z</Time>
            <Position>
              <LatitudeDegrees>37.3518024</LatitudeDegrees>
              <LongitudeDegrees>-121.8691642</LongitudeDegrees>
            </Position>
            <AltitudeMeters>25.8</AltitudeMeters>
            <DistanceMeters>2137.40</DistanceMeters>
            <HeartRateBpm><Value>141</Value></HeartRateBpm>
            <Cadence>169</Cadence>
          </Trackpoint>
          <Trackpoint>
            <Time>2026-04-05T13:44:05.000Z</Time>
            <Position>
              <LatitudeDegrees>37.3518833</LatitudeDegrees>
              <LongitudeDegrees>-121.8690623</LongitudeDegrees>
            </Position>
            <AltitudeMeters>25.9</AltitudeMeters>
            <DistanceMeters>2150.13</DistanceMeters>
            <HeartRateBpm><Value>141</Value></HeartRateBpm>
            <Cadence>169</Cadence>
          </Trackpoint>
          <Trackpoint>
            <Time>2026-04-05T13:44:10.000Z</Time>
            <Position>
              <LatitudeDegrees>37.3519643</LatitudeDegrees>
              <LongitudeDegrees>-121.8689603</LongitudeDegrees>
            </Position>
            <AltitudeMeters>26</AltitudeMeters>
            <DistanceMeters>2162.85</DistanceMeters>
            <HeartRateBpm><Value>141</Value></HeartRateBpm>
            <Cadence>169</Cadence>
          </Trackpoint>
          <Trackpoint>
            <Time>2026-04-05T13:44:15.000Z</Time>
            <Position>
              <LatitudeDegrees>37.3520453</LatitudeDegrees>
              <LongitudeDegrees>-121.8688583</LongitudeDegrees>
            </Position>
            <AltitudeMeters>26</AltitudeMeters>
            <DistanceMeters>2175.57</DistanceMeters>
            <HeartRateBpm><Value>141</Value></HeartRateBpm>
            <Cadence>169</Cadence>
          </Trackpoint>
          <Trackpoint>
            <Time>2026-04-05T13:44:20.000Z</Time>
            <Position>
              <LatitudeDegrees>37.3521262</LatitudeDegrees>
              <LongitudeDegrees>-121.8687563</LongitudeDegrees>
            </Position>
            <AltitudeMeters>26.1</AltitudeMeters>
            <DistanceMeters>2188.30</DistanceMeters>
            <HeartRateBpm><Value>141</Value></HeartRateBpm>
            <Cadence>169</Cadence>
          </Trackpoint>
          <Trackpoint>
            <Time>2026-04-05T13:44:25.000Z</Time>
            <Position>
              <LatitudeDegrees>37.3522072</LatitudeDegrees>
              <LongitudeDegrees>-121.8686543</LongitudeDegrees>
            </Position>
            <AltitudeMeters>26.2</AltitudeMeters>
            <DistanceMeters>2201.02</DistanceMeters>
            <HeartRateBpm><Value>141</Value></HeartRateBpm>
            <Cadence>169</Cadence>
          </Trackpoint>
          <Trackpoint>
            <Time>2026-04-05T13:44:30.000Z</Time>
            <Position>
              <LatitudeDegrees>37.3522882</LatitudeDegrees>
              <LongitudeDegrees>-121.8685523</LongitudeDegrees>
            </Position>
            <AltitudeMeters>26.2</AltitudeMeters>
            <DistanceMeters>2213.74</DistanceMeters>
            <HeartRateBpm><Value>141</Value></HeartRateBpm>
            <Cadence>169</Cadence>
          </Trackpoint>
          <Trackpoint>
            <Time>2026-04-05T13:44:35.000Z</Time>
            <Position>
              <LatitudeDegrees>37.3523691</LatitudeDegrees>
              <LongitudeDegrees>-121.8684503</LongitudeDegrees>
            </Position>
            <AltitudeMeters>26.3</AltitudeMeters>
            <DistanceMeters>2226.46</DistanceMeters>
            <HeartRateBpm><Value>141</Value></HeartRateBpm>
            <Cadence>169</Cadence>
          </Trackpoint>
          <Trackpoint>
            <Time>2026-04-05T13:44:40.000Z</Time>
            <Position>
              <LatitudeDegrees>37.3524501</LatitudeDegrees>
              <LongitudeDegrees>-121.8683483</LongitudeDegrees>
            </Position>
            <AltitudeMeters>26.4</AltitudeMeters>
            <DistanceMeters>2239.19</DistanceMeters>
            <HeartRateBpm><Value>141</Value></HeartRateBpm>
            <Cadence>169</Cadence>
          </Trackpoint>
          <Trackpoint>
            <Time>2026-04-05T13:44:45.000Z</Time>
            <Position>
              <LatitudeDegrees>37.3525311</LatitudeDegrees>
              <LongitudeDegrees>-121.8682463</LongitudeDegrees>
            </Position>
            <AltitudeMeters>26.4</AltitudeMeters>
            <DistanceMeters>2251.91</DistanceMeters>
            <HeartRateBpm><Value>141</Value></HeartRateBpm>
            <Cadence>169</Cadence>
          </Trackpoint>
          <Trackpoint>
            <Time>2026-04-05T13:44:50.000Z</Time>
            <Position>
              <LatitudeDegrees>37.3526120</LatitudeDegrees>
              <LongitudeDegrees>-121.8681443</LongitudeDegrees>
            </Position>
            <AltitudeMeters>26.5</AltitudeMeters>
            <DistanceMeters>2264.63</DistanceMeters>
            <HeartRateBpm><Value>141</Value></HeartRateBpm>
            <Cadence>169</Cadence>
          </Trackpoint>
          <Trackpoint>
            <Time>2026-04-05T13:44:55.000Z</Time>
            <Position>
              <LatitudeDegrees>37.3526930</LatitudeDegrees>
              <LongitudeDegrees>-121.8680423</LongitudeDegrees>
            </Position>
            <AltitudeMeters>26.5</AltitudeMeters>
            <DistanceMeters>2277.35</DistanceMeters>
            <HeartRateBpm><Value>141</Value></HeartRateBpm>
            <Cadence>169</Cadence>
          </Trackpoint>
          <Trackpoint>
            <Time>2026-04-05T13:45:00.000Z</Time>
            <Position>
              <LatitudeDegrees>37.3527740</LatitudeDegrees>
              <LongitudeDegrees>-121.8679403</LongitudeDegrees>
            </Position>
            <AltitudeMeters>26.6</AltitudeMeters>
            <DistanceMeters>2290.08</DistanceMeters>
            <HeartRateBpm><Value>141</Value></HeartRateBpm>
            <Cadence>169</Cadence>
          </Trackpoint>
          <Trackpoint>
            <Time>2026-04-05T13:45:05.000Z</Time>
            <Position>
              <LatitudeDegrees>37.3528549</LatitudeDegrees>
              <LongitudeDegrees>-121.8678383</LongitudeDegrees>
            </Position>
            <AltitudeMeters>26.6</AltitudeMeters>
            <DistanceMeters>2302.80</DistanceMeters>
            <HeartRateBpm><Value>141</Value></HeartRateBpm>
            <Cadence>169</Cadence>
          </Trackpoint>
          <Trackpoint>
            <Time>2026-04-05T13:45:10.000Z</Time>
            <Position>
              <LatitudeDegrees>37.3529359</LatitudeDegrees>
              <LongitudeDegrees>-121.8677363</LongitudeDegrees>
            </Position>
            <AltitudeMeters>26.7</AltitudeMeters>
            <DistanceMeters>2315.52</DistanceMeters>
            <HeartRateBpm><Value>141</Value></HeartRateBpm>
            <Cadence>169</Cadence>
          </Trackpoint>
          <Trackpoint>
            <Time>2026-04-05T13:45:15.000Z</Time>
            <Position>
              <LatitudeDegrees>37.3530169</LatitudeDegrees>
              <LongitudeDegrees>-121.8676343</LongitudeDegrees>
            </Position>
            <AltitudeMeters>26.7</AltitudeMeters>
            <DistanceMeters>2328.24</DistanceMeters>
            <HeartRateBpm><Value>141</Value></HeartRateBpm>
            <Cadence>169</Cadence>
          </Trackpoint>
          <Trackpoint>
            <Time>2026-04-05T13:45:20.000Z</Time>
            <Position>
              <LatitudeDegrees>37.3530978</LatitudeDegrees>
              <LongitudeDegrees>-121.8675323</LongitudeDegrees>
            </Position>
            <AltitudeMeters>26.8</AltitudeMeters>
            <DistanceMeters>2340.97</DistanceMeters>
            <HeartRateBpm><Value>141</Value></HeartRateBpm>
            <Cadence>169</Cadence>
          </Trackpoint>
          <Trackpoint>
            <Time>2026-04-05T13:45:25.000Z</Time>
            <Position>
              <LatitudeDegrees>37.3531788</LatitudeDegrees>
              <LongitudeDegrees>-121.8674303</LongitudeDegrees>
            </Position>
            <AltitudeMeters>26.8</AltitudeMeters>
            <DistanceMeters>2353.69</DistanceMeters>
            <HeartRateBpm><Value>141</Value></HeartRateBpm>
            <Cadence>169</Cadence>
          </Trackpoint>
          <Trackpoint>
            <Time>2026-04-05T13:45:30.000Z</Time>
            <Position>
              <LatitudeDegrees>37.3532598</LatitudeDegrees>
              <LongitudeDegrees>-121.8673283</LongitudeDegrees>
            </Position>
            <AltitudeMeters>26.8</AltitudeMeters>
            <DistanceMeters>2366.41</DistanceMeters>
            <HeartRateBpm><Value>141</Value></HeartRateBpm>
            <Cadence>169</Cadence>
          </Trackpoint>
          <Trackpoint>
            <Time>2026-04-05T13:45:35.000Z</Time>
            <Position>
              <LatitudeDegrees>37.3533407</LatitudeDegrees>
              <LongitudeDegrees>-121.8672263</LongitudeDegrees>
            </Position>
            <AltitudeMeters>26.9</AltitudeMeters>
            <DistanceMeters>2379.13</DistanceMeters>
            <HeartRateBpm><Value>141</Value></HeartRateBpm>
            <Cadence>169</Cadence>
          </Trackpoint>
          <Trackpoint>
            <Time>2026-04-05T13:45:40.000Z</Time>
            <Position>
              <LatitudeDegrees>37.3534217</LatitudeDegrees>
              <LongitudeDegrees>-121.8671243</LongitudeDegrees>
            </Position>
            <AltitudeMeters>26.9</AltitudeMeters>
            <DistanceMeters>2391.86</DistanceMeters>
            <HeartRateBpm><Value>141</Value></HeartRateBpm>
            <Cadence>169</Cadence>
          </Trackpoint>
          <Trackpoint>
            <Time>2026-04-05T13:45:45.000Z</Time>
            <Position>
              <LatitudeDegrees>37.3535027</LatitudeDegrees>
              <LongitudeDegrees>-121.8670223</LongitudeDegrees>
            </Position>
            <AltitudeMeters>26.9</AltitudeMeters>
            <DistanceMeters>2404.58</DistanceMeters>
            <HeartRateBpm><Value>141</Value></HeartRateBpm>
            <Cadence>169</Cadence>
          </Trackpoint>
          <Trackpoint>
            <Time>2026-04-05T13:45:50.000Z</Time>
            <Position>
              <LatitudeDegrees>37.3535836</LatitudeDegrees>
              <LongitudeDegrees>-121.8669203</LongitudeDegrees>
            </Position>
            <AltitudeMeters>26.9</AltitudeMeters>
            <DistanceMeters>2417.30</DistanceMeters>
            <HeartRateBpm><Value>141</Value></HeartRateBpm>
            <Cadence>169</Cadence>
          </Trackpoint>
          <Trackpoint>
            <Time>2026-04-05T13:45:55.000Z</Time>
            <Position>
              <LatitudeDegrees>37.3536646</LatitudeDegrees>
              <LongitudeDegrees>-121.8668183</LongitudeDegrees>
            </Position>
            <AltitudeMeters>27</AltitudeMeters>
            <DistanceMeters>2430.03</DistanceMeters>
            <HeartRateBpm><Value>141</Value></HeartRateBpm>
            <Cadence>169</Cadence>
          </Trackpoint>
          <Trackpoint>
            <Time>2026-04-05T13:46:00.000Z</Time>
            <Position>
              <LatitudeDegrees>37.3537456</LatitudeDegrees>
              <LongitudeDegrees>-121.8667163</LongitudeDegrees>
            </Position>
            <AltitudeMeters>27</AltitudeMeters>
            <DistanceMeters>2442.75</DistanceMeters>
            <HeartRateBpm><Value>141</Value></HeartRateBpm>
            <Cadence>169</Cadence>
          </Trackpoint>
          <Trackpoint>
            <Time>2026-04-05T13:46:05.000Z</Time>
            <Position>
              <LatitudeDegrees>37.3538265</LatitudeDegrees>
              <LongitudeDegrees>-121.8666143</LongitudeDegrees>
            </Position>
            <AltitudeMeters>27</AltitudeMeters>
            <DistanceMeters>2455.47</DistanceMeters>
            <HeartRateBpm><Value>141</Value></HeartRateBpm>
            <Cadence>169</Cadence>
          </Trackpoint>
          <Trackpoint>
            <Time>2026-04-05T13:46:10.000Z</Time>
            <Position>
              <LatitudeDegrees>37.3539075</LatitudeDegrees>
              <LongitudeDegrees>-121.8665123</LongitudeDegrees>
            </Position>
            <AltitudeMeters>27</AltitudeMeters>
            <DistanceMeters>2468.19</DistanceMeters>
            <HeartRateBpm><Value>141</Value></HeartRateBpm>
            <Cadence>169</Cadence>
          </Trackpoint>
          <Trackpoint>
            <Time>2026-04-05T13:46:15.000Z</Time>
            <Position>
              <LatitudeDegrees>37.3539885</LatitudeDegrees>
              <LongitudeDegrees>-121.8664103</LongitudeDegrees>
            </Position>
            <AltitudeMeters>27</AltitudeMeters>
            <DistanceMeters>2480.92</DistanceMeters>
            <HeartRateBpm><Value>141</Value></HeartRateBpm>
            <Cadence>169</Cadence>
          </Trackpoint>
          <Trackpoint>
            <Time>2026-04-05T13:46:20.000Z</Time>
            <Position>
              <LatitudeDegrees>37.3540694</LatitudeDegrees>
              <LongitudeDegrees>-121.8663083</LongitudeDegrees>
            </Position>
            <AltitudeMeters>27</AltitudeMeters>
            <DistanceMeters>2493.64</DistanceMeters>
            <HeartRateBpm><Value>141</Value></HeartRateBpm>
            <Cadence>169</Cadence>
          </Trackpoint>
          <Trackpoint>
            <Time>2026-04-05T13:46:25.000Z</Time>
            <Position>
              <LatitudeDegrees>37.3541504</LatitudeDegrees>
              <LongitudeDegrees>-121.8662063</LongitudeDegrees>
            </Position>
            <AltitudeMeters>27</AltitudeMeters>
            <DistanceMeters>2506.36</DistanceMeters>
            <HeartRateBpm><Value>141</Value></HeartRateBpm>
            <Cadence>169</Cadence>
          </Trackpoint>
          <Trackpoint>
            <Time>2026-04-05T13:46:30.000Z</Time>
            <Position>
              <LatitudeDegrees>37.3542314</LatitudeDegrees>
              <LongitudeDegrees>-121.8661043</LongitudeDegrees>
            </Position>
            <AltitudeMeters>27</AltitudeMeters>
            <DistanceMeters>2519.08</DistanceMeters>
            <HeartRateBpm><Value>141</Value></HeartRateBpm>
            <Cadence>169</Cadence>
          </Trackpoint>
          <Trackpoint>
            <Time>2026-04-05T13:46:35.000Z</Time>
            <Position>
              <LatitudeDegrees>37.3543123</LatitudeDegrees>
              <LongitudeDegrees>-121.8660023</LongitudeDegrees>
            </Position>
            <AltitudeMeters>27</AltitudeMeters>
            <DistanceMeters>2531.81</DistanceMeters>
            <HeartRateBpm><Value>141</Value></HeartRateBpm>
            <Cadence>169</Cadence>
          </Trackpoint>
          <Trackpoint>
            <Time>2026-04-05T13:46:40.000Z</Time>
            <Position>
              <LatitudeDegrees>37.3543933</LatitudeDegrees>
              <LongitudeDegrees>-121.8659003</LongitudeDegrees>
            </Position>
            <AltitudeMeters>27</AltitudeMeters>
            <DistanceMeters>2544.53</DistanceMeters>
            <HeartRateBpm><Value>141</Value></HeartRateBpm>
            <Cadence>169</Cadence>
          </Trackpoint>
          <Trackpoint>
            <Time>2026-04-05T13:46:45.000Z</Time>
            <Position>
              <LatitudeDegrees>37.3544743</LatitudeDegrees>
              <LongitudeDegrees>-121.8657983</LongitudeDegrees>
            </Position>
            <AltitudeMeters>27</AltitudeMeters>
            <DistanceMeters>2557.25</DistanceMeters>
            <HeartRateBpm><Value>141</Value></HeartRateBpm>
            <Cadence>169</Cadence>
          </Trackpoint>
          <Trackpoint>
            <Time>2026-04-05T13:46:50.000Z</Time>
            <Position>
              <LatitudeDegrees>37.3545552</LatitudeDegrees>
              <LongitudeDegrees>-121.8656963</LongitudeDegrees>
            </Position>
            <AltitudeMeters>27</AltitudeMeters>
            <DistanceMeters>2569.97</DistanceMeters>
            <HeartRateBpm><Value>141</Value></HeartRateBpm>
            <Cadence>169</Cadence>
          </Trackpoint>
          <Trackpoint>
            <Time>2026-04-05T13:46:55.000Z</Time>
            <Position>
              <LatitudeDegrees>37.3546362</LatitudeDegrees>
              <LongitudeDegrees>-121.8655943</LongitudeDegrees>
            </Position>
            <AltitudeMeters>26.9</AltitudeMeters>
            <DistanceMeters>2582.70</DistanceMeters>
            <HeartRateBpm><Value>141</Value></HeartRateBpm>
            <Cadence>169</Cadence>
          </Trackpoint>
          <Trackpoint>
            <Time>2026-04-05T13:47:00.000Z</Time>
            <Position>
              <LatitudeDegrees>37.3547172</LatitudeDegrees>
              <LongitudeDegrees>-121.8654923</LongitudeDegrees>
            </Position>
            <AltitudeMeters>26.9</AltitudeMeters>
            <DistanceMeters>2595.42</DistanceMeters>
            <HeartRateBpm><Value>141</Value></HeartRateBpm>
            <Cadence>169</Cadence>
          </Trackpoint>
          <Trackpoint>
            <Time>2026-04-05T13:47:05.000Z</Time>
            <Position>
              <LatitudeDegrees>37.3547981</LatitudeDegrees>
              <LongitudeDegrees>-121.8653903</LongitudeDegrees>
            </Position>
            <AltitudeMeters>26.9</AltitudeMeters>
            <DistanceMeters>2608.14</DistanceMeters>
            <HeartRateBpm><Value>141</Value></HeartRateBpm>
            <Cadence>169</Cadence>
          </Trackpoint>
          <Trackpoint>
            <Time>2026-04-05T13:47:10.000Z</Time>
            <Position>
              <LatitudeDegrees>37.3548791</LatitudeDegrees>
              <LongitudeDegrees>-121.8652883</LongitudeDegrees>
            </Position>
            <AltitudeMeters>26.9</AltitudeMeters>
            <DistanceMeters>2620.87</DistanceMeters>
            <HeartRateBpm><Value>141</Value></HeartRateBpm>
            <Cadence>169</Cadence>
          </Trackpoint>
          <Trackpoint>
            <Time>2026-04-05T13:47:15.000Z</Time>
            <Position>
              <LatitudeDegrees>37.3549601</LatitudeDegrees>
              <LongitudeDegrees>-121.8651863</LongitudeDegrees>
            </Position>
            <AltitudeMeters>26.8</AltitudeMeters>
            <DistanceMeters>2633.59</DistanceMeters>
            <HeartRateBpm><Value>141</Value></HeartRateBpm>
            <Cadence>169</Cadence>
          </Trackpoint>
          <Trackpoint>
            <Time>2026-04-05T13:47:20.000Z</Time>
            <Position>
              <LatitudeDegrees>37.3550410</LatitudeDegrees>
              <LongitudeDegrees>-121.8650843</LongitudeDegrees>
            </Position>
            <AltitudeMeters>26.8</AltitudeMeters>
            <DistanceMeters>2646.31</DistanceMeters>
            <HeartRateBpm><Value>141</Value></HeartRateBpm>
            <Cadence>169</Cadence>
          </Trackpoint>
          <Trackpoint>
            <Time>2026-04-05T13:47:25.000Z</Time>
            <Position>
              <LatitudeDegrees>37.3551220</LatitudeDegrees>
              <LongitudeDegrees>-121.8649823</LongitudeDegrees>
            </Position>
            <AltitudeMeters>26.8</AltitudeMeters>
            <DistanceMeters>2659.03</DistanceMeters>
            <HeartRateBpm><Value>141</Value></HeartRateBpm>
            <Cadence>169</Cadence>
          </Trackpoint>
          <Trackpoint>
            <Time>2026-04-05T13:47:30.000Z</Time>
            <Position>
              <LatitudeDegrees>37.3552030</LatitudeDegrees>
              <LongitudeDegrees>-121.8648803</LongitudeDegrees>
            </Position>
            <AltitudeMeters>26.7</AltitudeMeters>
            <DistanceMeters>2671.76</DistanceMeters>
            <HeartRateBpm><Value>141</Value></HeartRateBpm>
            <Cadence>169</Cadence>
          </Trackpoint>
          <Trackpoint>
            <Time>2026-04-05T13:47:35.000Z</Time>
            <Position>
              <LatitudeDegrees>37.3552839</LatitudeDegrees>
              <LongitudeDegrees>-121.8647783</LongitudeDegrees>
            </Position>
            <AltitudeMeters>26.7</AltitudeMeters>
            <DistanceMeters>2684.48</DistanceMeters>
            <HeartRateBpm><Value>141</Value></HeartRateBpm>
            <Cadence>169</Cadence>
          </Trackpoint>
          <Trackpoint>
            <Time>2026-04-05T13:47:40.000Z</Time>
            <Position>
              <LatitudeDegrees>37.3553649</LatitudeDegrees>
              <LongitudeDegrees>-121.8646763</LongitudeDegrees>
            </Position>
            <AltitudeMeters>26.6</AltitudeMeters>
            <DistanceMeters>2697.20</DistanceMeters>
            <HeartRateBpm><Value>141</Value></HeartRateBpm>
            <Cadence>169</Cadence>
          </Trackpoint>
          <Trackpoint>
            <Time>2026-04-05T13:47:45.000Z</Time>
            <Position>
              <LatitudeDegrees>37.3554459</LatitudeDegrees>
              <LongitudeDegrees>-121.8645743</LongitudeDegrees>
            </Position>
            <AltitudeMeters>26.6</AltitudeMeters>
            <DistanceMeters>2709.92</DistanceMeters>
            <HeartRateBpm><Value>141</Value></HeartRateBpm>
            <Cadence>169</Cadence>
          </Trackpoint>
          <Trackpoint>
            <Time>2026-04-05T13:47:50.000Z</Time>
            <Position>
              <LatitudeDegrees>37.3555268</LatitudeDegrees>
              <LongitudeDegrees>-121.8644723</LongitudeDegrees>
            </Position>
            <AltitudeMeters>26.5</AltitudeMeters>
            <DistanceMeters>2722.65</DistanceMeters>
            <HeartRateBpm><Value>141</Value></HeartRateBpm>
            <Cadence>169</Cadence>
          </Trackpoint>
          <Trackpoint>
            <Time>2026-04-05T13:47:55.000Z</Time>
            <Position>
              <LatitudeDegrees>37.3556078</LatitudeDegrees>
              <LongitudeDegrees>-121.8643703</LongitudeDegrees>
            </Position>
            <AltitudeMeters>26.5</AltitudeMeters>
            <DistanceMeters>2735.37</DistanceMeters>
            <HeartRateBpm><Value>141</Value></HeartRateBpm>
            <Cadence>169</Cadence>
          </Trackpoint>
          <Trackpoint>
            <Time>2026-04-05T13:48:00.000Z</Time>
            <Position>
              <LatitudeDegrees>37.3556888</LatitudeDegrees>
              <LongitudeDegrees>-121.8642683</LongitudeDegrees>
            </Position>
            <AltitudeMeters>26.4</AltitudeMeters>
            <DistanceMeters>2748.09</DistanceMeters>
            <HeartRateBpm><Value>141</Value></HeartRateBpm>
            <Cadence>169</Cadence>
          </Trackpoint>
          <Trackpoint>
            <Time>2026-04-05T13:48:05.000Z</Time>
            <Position>
              <LatitudeDegrees>37.3557697</LatitudeDegrees>
              <LongitudeDegrees>-121.8641663</LongitudeDegrees>
            </Position>
            <AltitudeMeters>26.4</AltitudeMeters>
            <DistanceMeters>2760.81</DistanceMeters>
            <HeartRateBpm><Value>141</Value></HeartRateBpm>
            <Cadence>169</Cadence>
          </Trackpoint>
          <Trackpoint>
            <Time>2026-04-05T13:48:10.000Z</Time>
            <Position>
              <LatitudeDegrees>37.3558507</LatitudeDegrees>
              <LongitudeDegrees>-121.8640643</LongitudeDegrees>
            </Position>
            <AltitudeMeters>26.3</AltitudeMeters>
            <DistanceMeters>2773.54</DistanceMeters>
            <HeartRateBpm><Value>141</Value></HeartRateBpm>
            <Cadence>169</Cadence>
          </Trackpoint>
          <Trackpoint>
            <Time>2026-04-05T13:48:15.000Z</Time>
            <Position>
              <LatitudeDegrees>37.3559317</LatitudeDegrees>
              <LongitudeDegrees>-121.8639623</LongitudeDegrees>
            </Position>
            <AltitudeMeters>26.2</AltitudeMeters>
            <DistanceMeters>2786.26</DistanceMeters>
            <HeartRateBpm><Value>141</Value></HeartRateBpm>
            <Cadence>169</Cadence>
          </Trackpoint>
          <Trackpoint>
            <Time>2026-04-05T13:48:20.000Z</Time>
            <Position>
              <LatitudeDegrees>37.3560126</LatitudeDegrees>
              <LongitudeDegrees>-121.8638603</LongitudeDegrees>
            </Position>
            <AltitudeMeters>26.2</AltitudeMeters>
            <DistanceMeters>2798.98</DistanceMeters>
            <HeartRateBpm><Value>141</Value></HeartRateBpm>
            <Cadence>169</Cadence>
          </Trackpoint>
          <Trackpoint>
            <Time>2026-04-05T13:48:25.000Z</Time>
            <Position>
              <LatitudeDegrees>37.3560936</LatitudeDegrees>
              <LongitudeDegrees>-121.8637583</LongitudeDegrees>
            </Position>
            <AltitudeMeters>26.1</AltitudeMeters>
            <DistanceMeters>2811.70</DistanceMeters>
            <HeartRateBpm><Value>141</Value></HeartRateBpm>
            <Cadence>169</Cadence>
          </Trackpoint>
          <Trackpoint>
            <Time>2026-04-05T13:48:30.000Z</Time>
            <Position>
              <LatitudeDegrees>37.3561746</LatitudeDegrees>
              <LongitudeDegrees>-121.8636563</LongitudeDegrees>
            </Position>
            <AltitudeMeters>26</AltitudeMeters>
            <DistanceMeters>2824.43</DistanceMeters>
            <HeartRateBpm><Value>141</Value></HeartRateBpm>
            <Cadence>169</Cadence>
          </Trackpoint>
          <Trackpoint>
            <Time>2026-04-05T13:48:35.000Z</Time>
            <Position>
              <LatitudeDegrees>37.3562555</LatitudeDegrees>
              <LongitudeDegrees>-121.8635543</LongitudeDegrees>
            </Position>
            <AltitudeMeters>26</AltitudeMeters>
            <DistanceMeters>2837.15</DistanceMeters>
            <HeartRateBpm><Value>141</Value></HeartRateBpm>
            <Cadence>169</Cadence>
          </Trackpoint>
          <Trackpoint>
            <Time>2026-04-05T13:48:40.000Z</Time>
            <Position>
              <LatitudeDegrees>37.3563365</LatitudeDegrees>
              <LongitudeDegrees>-121.8634523</LongitudeDegrees>
            </Position>
            <AltitudeMeters>25.9</AltitudeMeters>
            <DistanceMeters>2849.87</DistanceMeters>
            <HeartRateBpm><Value>141</Value></HeartRateBpm>
            <Cadence>169</Cadence>
          </Trackpoint>
          <Trackpoint>
            <Time>2026-04-05T13:48:45.000Z</Time>
            <Position>
              <LatitudeDegrees>37.3564175</LatitudeDegrees>
              <LongitudeDegrees>-121.8633503</LongitudeDegrees>
            </Position>
            <AltitudeMeters>25.8</AltitudeMeters>
            <DistanceMeters>2862.60</DistanceMeters>
            <HeartRateBpm><Value>141</Value></HeartRateBpm>
            <Cadence>169</Cadence>
          </Trackpoint>
          <Trackpoint>
            <Time>2026-04-05T13:48:50.000Z</Time>
            <Position>
              <LatitudeDegrees>37.3564984</LatitudeDegrees>
              <LongitudeDegrees>-121.8632483</LongitudeDegrees>
            </Position>
            <AltitudeMeters>25.8</AltitudeMeters>
            <DistanceMeters>2875.32</DistanceMeters>
            <HeartRateBpm><Value>141</Value></HeartRateBpm>
            <Cadence>169</Cadence>
          </Trackpoint>
          <Trackpoint>
            <Time>2026-04-05T13:48:55.000Z</Time>
            <Position>
              <LatitudeDegrees>37.3565794</LatitudeDegrees>
              <LongitudeDegrees>-121.8631463</LongitudeDegrees>
            </Position>
            <AltitudeMeters>25.7</AltitudeMeters>
            <DistanceMeters>2888.04</DistanceMeters>
            <HeartRateBpm><Value>141</Value></HeartRateBpm>
            <Cadence>169</Cadence>
          </Trackpoint>
          <Trackpoint>
            <Time>2026-04-05T13:49:00.000Z</Time>
            <Position>
              <LatitudeDegrees>37.3566604</LatitudeDegrees>
              <LongitudeDegrees>-121.8630443</LongitudeDegrees>
            </Position>
            <AltitudeMeters>25.6</AltitudeMeters>
            <DistanceMeters>2900.76</DistanceMeters>
            <HeartRateBpm><Value>141</Value></HeartRateBpm>
            <Cadence>169</Cadence>
          </Trackpoint>
          <Trackpoint>
            <Time>2026-04-05T13:49:05.000Z</Time>
            <Position>
              <LatitudeDegrees>37.3567413</LatitudeDegrees>
              <LongitudeDegrees>-121.8629423</LongitudeDegrees>
            </Position>
            <AltitudeMeters>25.5</AltitudeMeters>
            <DistanceMeters>2913.49</DistanceMeters>
            <HeartRateBpm><Value>141</Value></HeartRateBpm>
            <Cadence>169</Cadence>
          </Trackpoint>
          <Trackpoint>
            <Time>2026-04-05T13:49:10.000Z</Time>
            <Position>
              <LatitudeDegrees>37.3568223</LatitudeDegrees>
              <LongitudeDegrees>-121.8628403</LongitudeDegrees>
            </Position>
            <AltitudeMeters>25.5</AltitudeMeters>
            <DistanceMeters>2926.21</DistanceMeters>
            <HeartRateBpm><Value>141</Value></HeartRateBpm>
            <Cadence>169</Cadence>
          </Trackpoint>
          <Trackpoint>
            <Time>2026-04-05T13:49:15.000Z</Time>
            <Position>
              <LatitudeDegrees>37.3569033</LatitudeDegrees>
              <LongitudeDegrees>-121.8627383</LongitudeDegrees>
            </Position>
            <AltitudeMeters>25.4</AltitudeMeters>
            <DistanceMeters>2938.93</DistanceMeters>
            <HeartRateBpm><Value>141</Value></HeartRateBpm>
            <Cadence>169</Cadence>
          </Trackpoint>
          <Trackpoint>
            <Time>2026-04-05T13:49:20.000Z</Time>
            <Position>
              <LatitudeDegrees>37.3569842</LatitudeDegrees>
              <LongitudeDegrees>-121.8626363</LongitudeDegrees>
            </Position>
            <AltitudeMeters>25.3</AltitudeMeters>
            <DistanceMeters>2951.65</DistanceMeters>
            <HeartRateBpm><Value>141</Value></HeartRateBpm>
            <Cadence>169</Cadence>
          </Trackpoint>
          <Trackpoint>
            <Time>2026-04-05T13:49:25.000Z</Time>
            <Position>
              <LatitudeDegrees>37.3570652</LatitudeDegrees>
              <LongitudeDegrees>-121.8625343</LongitudeDegrees>
            </Position>
            <AltitudeMeters>25.2</AltitudeMeters>
            <DistanceMeters>2964.38</DistanceMeters>
            <HeartRateBpm><Value>141</Value></HeartRateBpm>
            <Cadence>169</Cadence>
          </Trackpoint>
          <Trackpoint>
            <Time>2026-04-05T13:49:30.000Z</Time>
            <Position>
              <LatitudeDegrees>37.3571462</LatitudeDegrees>
              <LongitudeDegrees>-121.8624323</LongitudeDegrees>
            </Position>
            <AltitudeMeters>25.1</AltitudeMeters>
            <DistanceMeters>2977.10</DistanceMeters>
            <HeartRateBpm><Value>141</Value></HeartRateBpm>
            <Cadence>169</Cadence>
          </Trackpoint>
          <Trackpoint>
            <Time>2026-04-05T13:49:35.000Z</Time>
            <Position>
              <LatitudeDegrees>37.3572271</LatitudeDegrees>
              <LongitudeDegrees>-121.8623303</LongitudeDegrees>
            </Position>
            <AltitudeMeters>25.1</AltitudeMeters>
            <DistanceMeters>2989.82</DistanceMeters>
            <HeartRateBpm><Value>141</Value></HeartRateBpm>
            <Cadence>169</Cadence>
          </Trackpoint>
          <Trackpoint>
            <Time>2026-04-05T13:49:40.000Z</Time>
            <Position>
              <LatitudeDegrees>37.3573081</LatitudeDegrees>
              <LongitudeDegrees>-121.8622283</LongitudeDegrees>
            </Position>
            <AltitudeMeters>25</AltitudeMeters>
            <DistanceMeters>3002.54</DistanceMeters>
            <HeartRateBpm><Value>141</Value></HeartRateBpm>
            <Cadence>169</Cadence>
          </Trackpoint>
          <Trackpoint>
            <Time>2026-04-05T13:49:45.000Z</Time>
            <Position>
              <LatitudeDegrees>37.3573891</LatitudeDegrees>
              <LongitudeDegrees>-121.8621264</LongitudeDegrees>
            </Position>
            <AltitudeMeters>24.9</AltitudeMeters>
            <DistanceMeters>3015.27</DistanceMeters>
            <HeartRateBpm><Value>141</Value></HeartRateBpm>
            <Cadence>169</Cadence>
          </Trackpoint>
          <Trackpoint>
            <Time>2026-04-05T13:49:50.000Z</Time>
            <Position>
              <LatitudeDegrees>37.3574700</LatitudeDegrees>
              <LongitudeDegrees>-121.8620244</LongitudeDegrees>
            </Position>
            <AltitudeMeters>24.8</AltitudeMeters>
            <DistanceMeters>3027.99</DistanceMeters>
            <HeartRateBpm><Value>141</Value></HeartRateBpm>
            <Cadence>169</Cadence>
          </Trackpoint>
          <Trackpoint>
            <Time>2026-04-05T13:49:55.000Z</Time>
            <Position>
              <LatitudeDegrees>37.3575510</LatitudeDegrees>
              <LongitudeDegrees>-121.8619224</LongitudeDegrees>
            </Position>
            <AltitudeMeters>24.7</AltitudeMeters>
            <DistanceMeters>3040.71</DistanceMeters>
            <HeartRateBpm><Value>141</Value></HeartRateBpm>
            <Cadence>169</Cadence>
          </Trackpoint>
          <Trackpoint>
            <Time>2026-04-05T13:50:00.000Z</Time>
            <Position>
              <LatitudeDegrees>37.3576320</LatitudeDegrees>
              <LongitudeDegrees>-121.8618204</LongitudeDegrees>
            </Position>
            <AltitudeMeters>24.7</AltitudeMeters>
            <DistanceMeters>3053.44</DistanceMeters>
            <HeartRateBpm><Value>141</Value></HeartRateBpm>
            <Cadence>169</Cadence>
          </Trackpoint>
          <Trackpoint>
            <Time>2026-04-05T13:50:05.000Z</Time>
            <Position>
              <LatitudeDegrees>37.3577129</LatitudeDegrees>
              <LongitudeDegrees>-121.8617184</LongitudeDegrees>
            </Position>
            <AltitudeMeters>24.6</AltitudeMeters>
            <DistanceMeters>3066.16</DistanceMeters>
            <HeartRateBpm><Value>141</Value></HeartRateBpm>
            <Cadence>169</Cadence>
          </Trackpoint>
          <Trackpoint>
            <Time>2026-04-05T13:50:10.000Z</Time>
            <Position>
              <LatitudeDegrees>37.3577939</LatitudeDegrees>
              <LongitudeDegrees>-121.8616164</LongitudeDegrees>
            </Position>
            <AltitudeMeters>24.5</AltitudeMeters>
            <DistanceMeters>3078.88</DistanceMeters>
            <HeartRateBpm><Value>141</Value></HeartRateBpm>
            <Cadence>169</Cadence>
          </Trackpoint>
          <Trackpoint>
            <Time>2026-04-05T13:50:15.000Z</Time>
            <Position>
              <LatitudeDegrees>37.3578749</LatitudeDegrees>
              <LongitudeDegrees>-121.8615144</LongitudeDegrees>
            </Position>
            <AltitudeMeters>24.4</AltitudeMeters>
            <DistanceMeters>3091.60</DistanceMeters>
            <HeartRateBpm><Value>141</Value></HeartRateBpm>
            <Cadence>169</Cadence>
          </Trackpoint>
          <Trackpoint>
            <Time>2026-04-05T13:50:20.000Z</Time>
            <Position>
              <LatitudeDegrees>37.3579558</LatitudeDegrees>
              <LongitudeDegrees>-121.8614124</LongitudeDegrees>
            </Position>
            <AltitudeMeters>24.4</AltitudeMeters>
            <DistanceMeters>3104.33</DistanceMeters>
            <HeartRateBpm><Value>141</Value></HeartRateBpm>
            <Cadence>169</Cadence>
          </Trackpoint>
          <Trackpoint>
            <Time>2026-04-05T13:50:25.000Z</Time>
            <Position>
              <LatitudeDegrees>37.3580368</LatitudeDegrees>
              <LongitudeDegrees>-121.8613104</LongitudeDegrees>
            </Position>
            <AltitudeMeters>24.3</AltitudeMeters>
            <DistanceMeters>3117.05</DistanceMeters>
            <HeartRateBpm><Value>141</Value></HeartRateBpm>
            <Cadence>169</Cadence>
          </Trackpoint>
          <Trackpoint>
            <Time>2026-04-05T13:50:30.000Z</Time>
            <Position>
              <LatitudeDegrees>37.3581178</LatitudeDegrees>
              <LongitudeDegrees>-121.8612084</LongitudeDegrees>
            </Position>
            <AltitudeMeters>24.2</AltitudeMeters>
            <DistanceMeters>3129.77</DistanceMeters>
            <HeartRateBpm><Value>141</Value></HeartRateBpm>
            <Cadence>169</Cadence>
          </Trackpoint>
          <Trackpoint>
            <Time>2026-04-05T13:50:35.000Z</Time>
            <Position>
              <LatitudeDegrees>37.3581987</LatitudeDegrees>
              <LongitudeDegrees>-121.8611064</LongitudeDegrees>
            </Position>
            <AltitudeMeters>24.1</AltitudeMeters>
            <DistanceMeters>3142.49</DistanceMeters>
            <HeartRateBpm><Value>141</Value></HeartRateBpm>
            <Cadence>169</Cadence>
          </Trackpoint>
          <Trackpoint>
            <Time>2026-04-05T13:50:40.000Z</Time>
            <Position>
              <LatitudeDegrees>37.3582797</LatitudeDegrees>
              <LongitudeDegrees>-121.8610044</LongitudeDegrees>
            </Position>
            <AltitudeMeters>24.1</AltitudeMeters>
            <DistanceMeters>3155.22</DistanceMeters>
            <HeartRateBpm><Value>141</Value></HeartRateBpm>
            <Cadence>169</Cadence>
          </Trackpoint>
          <Trackpoint>
            <Time>2026-04-05T13:50:45.000Z</Time>
            <Position>
              <LatitudeDegrees>37.3583607</LatitudeDegrees>
              <LongitudeDegrees>-121.8609024</LongitudeDegrees>
            </Position>
            <AltitudeMeters>24</AltitudeMeters>
            <DistanceMeters>3167.94</DistanceMeters>
            <HeartRateBpm><Value>141</Value></HeartRateBpm>
            <Cadence>169</Cadence>
          </Trackpoint>
          <Trackpoint>
            <Time>2026-04-05T13:50:50.000Z</Time>
            <Position>
              <LatitudeDegrees>37.3584416</LatitudeDegrees>
              <LongitudeDegrees>-121.8608004</LongitudeDegrees>
            </Position>
            <AltitudeMeters>23.9</AltitudeMeters>
            <DistanceMeters>3180.66</DistanceMeters>
            <HeartRateBpm><Value>141</Value></HeartRateBpm>
            <Cadence>169</Cadence>
          </Trackpoint>
          <Trackpoint>
            <Time>2026-04-05T13:50:55.000Z</Time>
            <Position>
              <LatitudeDegrees>37.3585226</LatitudeDegrees>
              <LongitudeDegrees>-121.8606984</LongitudeDegrees>
            </Position>
            <AltitudeMeters>23.9</AltitudeMeters>
            <DistanceMeters>3193.38</DistanceMeters>
            <HeartRateBpm><Value>141</Value></HeartRateBpm>
            <Cadence>169</Cadence>
          </Trackpoint>
          <Trackpoint>
            <Time>2026-04-05T13:51:00.000Z</Time>
            <Position>
              <LatitudeDegrees>37.3586036</LatitudeDegrees>
              <LongitudeDegrees>-121.8605964</LongitudeDegrees>
            </Position>
            <AltitudeMeters>23.8</AltitudeMeters>
            <DistanceMeters>3206.11</DistanceMeters>
            <HeartRateBpm><Value>141</Value></HeartRateBpm>
            <Cadence>169</Cadence>
          </Trackpoint>
          <Trackpoint>
            <Time>2026-04-05T13:51:05.000Z</Time>
            <Position>
              <LatitudeDegrees>37.3586845</LatitudeDegrees>
              <LongitudeDegrees>-121.8604944</LongitudeDegrees>
            </Position>
            <AltitudeMeters>23.7</AltitudeMeters>
            <DistanceMeters>3218.83</DistanceMeters>
            <HeartRateBpm><Value>141</Value></HeartRateBpm>
            <Cadence>169</Cadence>
          </Trackpoint>
          <Trackpoint>
            <Time>2026-04-05T13:51:10.000Z</Time>
            <Position>
              <LatitudeDegrees>37.3587655</LatitudeDegrees>
              <LongitudeDegrees>-121.8603924</LongitudeDegrees>
            </Position>
            <AltitudeMeters>23.7</AltitudeMeters>
            <DistanceMeters>3231.55</DistanceMeters>
            <HeartRateBpm><Value>141</Value></HeartRateBpm>
            <Cadence>169</Cadence>
          </Trackpoint>
          <Trackpoint>
            <Time>2026-04-05T13:51:15.000Z</Time>
            <Position>
              <LatitudeDegrees>37.3588465</LatitudeDegrees>
              <LongitudeDegrees>-121.8602904</LongitudeDegrees>
            </Position>
            <AltitudeMeters>23.6</AltitudeMeters>
            <DistanceMeters>3244.27</DistanceMeters>
            <HeartRateBpm><Value>141</Value></HeartRateBpm>
            <Cadence>169</Cadence>
          </Trackpoint>
          <Trackpoint>
            <Time>2026-04-05T13:51:20.000Z</Time>
            <Position>
              <LatitudeDegrees>37.3589274</LatitudeDegrees>
              <LongitudeDegrees>-121.8601884</LongitudeDegrees>
            </Position>
            <AltitudeMeters>23.6</AltitudeMeters>
            <DistanceMeters>3257.00</DistanceMeters>
            <HeartRateBpm><Value>141</Value></HeartRateBpm>
            <Cadence>169</Cadence>
          </Trackpoint>
          <Trackpoint>
            <Time>2026-04-05T13:51:25.000Z</Time>
            <Position>
              <LatitudeDegrees>37.3590084</LatitudeDegrees>
              <LongitudeDegrees>-121.8600864</LongitudeDegrees>
            </Position>
            <AltitudeMeters>23.5</AltitudeMeters>
            <DistanceMeters>3269.72</DistanceMeters>
            <HeartRateBpm><Value>141</Value></HeartRateBpm>
            <Cadence>169</Cadence>
          </Trackpoint>
          <Trackpoint>
            <Time>2026-04-05T13:51:30.000Z</Time>
            <Position>
              <LatitudeDegrees>37.3590894</LatitudeDegrees>
              <LongitudeDegrees>-121.8599844</LongitudeDegrees>
            </Position>
            <AltitudeMeters>23.4</AltitudeMeters>
            <DistanceMeters>3282.44</DistanceMeters>
            <HeartRateBpm><Value>141</Value></HeartRateBpm>
            <Cadence>169</Cadence>
          </Trackpoint>
          <Trackpoint>
            <Time>2026-04-05T13:51:35.000Z</Time>
            <Position>
              <LatitudeDegrees>37.3591703</LatitudeDegrees>
              <LongitudeDegrees>-121.8598824</LongitudeDegrees>
            </Position>
            <AltitudeMeters>23.4</AltitudeMeters>
            <DistanceMeters>3295.17</DistanceMeters>
            <HeartRateBpm><Value>141</Value></HeartRateBpm>
            <Cadence>169</Cadence>
          </Trackpoint>
          <Trackpoint>
            <Time>2026-04-05T13:51:40.000Z</Time>
            <Position>
              <LatitudeDegrees>37.3592513</LatitudeDegrees>
              <LongitudeDegrees>-121.8597804</LongitudeDegrees>
            </Position>
            <AltitudeMeters>23.4</AltitudeMeters>
            <DistanceMeters>3307.89</DistanceMeters>
            <HeartRateBpm><Value>141</Value></HeartRateBpm>
            <Cadence>169</Cadence>
          </Trackpoint>
          <Trackpoint>
            <Time>2026-04-05T13:51:45.000Z</Time>
            <Position>
              <LatitudeDegrees>37.3593323</LatitudeDegrees>
              <LongitudeDegrees>-121.8596784</LongitudeDegrees>
            </Position>
            <AltitudeMeters>23.3</AltitudeMeters>
            <DistanceMeters>3320.61</DistanceMeters>
            <HeartRateBpm><Value>141</Value></HeartRateBpm>
            <Cadence>169</Cadence>
          </Trackpoint>
          <Trackpoint>
            <Time>2026-04-05T13:51:50.000Z</Time>
            <Position>
              <LatitudeDegrees>37.3594132</LatitudeDegrees>
              <LongitudeDegrees>-121.8595764</LongitudeDegrees>
            </Position>
            <AltitudeMeters>23.3</AltitudeMeters>
            <DistanceMeters>3333.33</DistanceMeters>
            <HeartRateBpm><Value>141</Value></HeartRateBpm>
            <Cadence>169</Cadence>
          </Trackpoint>
          <Trackpoint>
            <Time>2026-04-05T13:51:55.000Z</Time>
            <Position>
              <LatitudeDegrees>37.3594942</LatitudeDegrees>
              <LongitudeDegrees>-121.8594744</LongitudeDegrees>
            </Position>
            <AltitudeMeters>23.2</AltitudeMeters>
            <DistanceMeters>3346.06</DistanceMeters>
            <HeartRateBpm><Value>141</Value></HeartRateBpm>
            <Cadence>169</Cadence>
          </Trackpoint>
          <Trackpoint>
            <Time>2026-04-05T13:52:00.000Z</Time>
            <Position>
              <LatitudeDegrees>37.3595752</LatitudeDegrees>
              <LongitudeDegrees>-121.8593724</LongitudeDegrees>
            </Position>
            <AltitudeMeters>23.2</AltitudeMeters>
            <DistanceMeters>3358.78</DistanceMeters>
            <HeartRateBpm><Value>141</Value></HeartRateBpm>
            <Cadence>169</Cadence>
          </Trackpoint>
          <Trackpoint>
            <Time>2026-04-05T13:52:05.000Z</Time>
            <Position>
              <LatitudeDegrees>37.3596561</LatitudeDegrees>
              <LongitudeDegrees>-121.8592704</LongitudeDegrees>
            </Position>
            <AltitudeMeters>23.2</AltitudeMeters>
            <DistanceMeters>3371.50</DistanceMeters>
            <HeartRateBpm><Value>141</Value></HeartRateBpm>
            <Cadence>169</Cadence>
          </Trackpoint>
          <Trackpoint>
            <Time>2026-04-05T13:52:10.000Z</Time>
            <Position>
              <LatitudeDegrees>37.3597371</LatitudeDegrees>
              <LongitudeDegrees>-121.8591684</LongitudeDegrees>
            </Position>
            <AltitudeMeters>23.1</AltitudeMeters>
            <DistanceMeters>3384.22</DistanceMeters>
            <HeartRateBpm><Value>141</Value></HeartRateBpm>
            <Cadence>169</Cadence>
          </Trackpoint>
          <Trackpoint>
            <Time>2026-04-05T13:52:15.000Z</Time>
            <Position>
              <LatitudeDegrees>37.3598181</LatitudeDegrees>
              <LongitudeDegrees>-121.8590664</LongitudeDegrees>
            </Position>
            <AltitudeMeters>23.1</AltitudeMeters>
            <DistanceMeters>3396.95</DistanceMeters>
            <HeartRateBpm><Value>141</Value></HeartRateBpm>
            <Cadence>169</Cadence>
          </Trackpoint>
          <Trackpoint>
            <Time>2026-04-05T13:52:20.000Z</Time>
            <Position>
              <LatitudeDegrees>37.3598990</LatitudeDegrees>
              <LongitudeDegrees>-121.8589644</LongitudeDegrees>
            </Position>
            <AltitudeMeters>23.1</AltitudeMeters>
            <DistanceMeters>3409.67</DistanceMeters>
            <HeartRateBpm><Value>141</Value></HeartRateBpm>
            <Cadence>169</Cadence>
          </Trackpoint>
          <Trackpoint>
            <Time>2026-04-05T13:52:25.000Z</Time>
            <Position>
              <LatitudeDegrees>37.3599800</LatitudeDegrees>
              <LongitudeDegrees>-121.8588624</LongitudeDegrees>
            </Position>
            <AltitudeMeters>23.1</AltitudeMeters>
            <DistanceMeters>3422.39</DistanceMeters>
            <HeartRateBpm><Value>141</Value></HeartRateBpm>
            <Cadence>169</Cadence>
          </Trackpoint>
          <Trackpoint>
            <Time>2026-04-05T13:52:30.000Z</Time>
            <Position>
              <LatitudeDegrees>37.3600610</LatitudeDegrees>
              <LongitudeDegrees>-121.8587604</LongitudeDegrees>
            </Position>
            <AltitudeMeters>23</AltitudeMeters>
            <DistanceMeters>3435.11</DistanceMeters>
            <HeartRateBpm><Value>141</Value></HeartRateBpm>
            <Cadence>169</Cadence>
          </Trackpoint>
          <Trackpoint>
            <Time>2026-04-05T13:52:35.000Z</Time>
            <Position>
              <LatitudeDegrees>37.3601419</LatitudeDegrees>
              <LongitudeDegrees>-121.8586584</LongitudeDegrees>
            </Position>
            <AltitudeMeters>23</AltitudeMeters>
            <DistanceMeters>3447.84</DistanceMeters>
            <HeartRateBpm><Value>141</Value></HeartRateBpm>
            <Cadence>169</Cadence>
          </Trackpoint>
          <Trackpoint>
            <Time>2026-04-05T13:52:40.000Z</Time>
            <Position>
              <LatitudeDegrees>37.3602229</LatitudeDegrees>
              <LongitudeDegrees>-121.8585564</LongitudeDegrees>
            </Position>
            <AltitudeMeters>23</AltitudeMeters>
            <DistanceMeters>3460.56</DistanceMeters>
            <HeartRateBpm><Value>141</Value></HeartRateBpm>
            <Cadence>169</Cadence>
          </Trackpoint>
          <Trackpoint>
            <Time>2026-04-05T13:52:45.000Z</Time>
            <Position>
              <LatitudeDegrees>37.3603039</LatitudeDegrees>
              <LongitudeDegrees>-121.8584544</LongitudeDegrees>
            </Position>
            <AltitudeMeters>23</AltitudeMeters>
            <DistanceMeters>3473.28</DistanceMeters>
            <HeartRateBpm><Value>141</Value></HeartRateBpm>
            <Cadence>169</Cadence>
          </Trackpoint>
          <Trackpoint>
            <Time>2026-04-05T13:52:50.000Z</Time>
            <Position>
              <LatitudeDegrees>37.3603848</LatitudeDegrees>
              <LongitudeDegrees>-121.8583524</LongitudeDegrees>
            </Position>
            <AltitudeMeters>23</AltitudeMeters>
            <DistanceMeters>3486.01</DistanceMeters>
            <HeartRateBpm><Value>141</Value></HeartRateBpm>
            <Cadence>169</Cadence>
          </Trackpoint>
          <Trackpoint>
            <Time>2026-04-05T13:52:55.000Z</Time>
            <Position>
              <LatitudeDegrees>37.3604658</LatitudeDegrees>
              <LongitudeDegrees>-121.8582504</LongitudeDegrees>
            </Position>
            <AltitudeMeters>23</AltitudeMeters>
            <DistanceMeters>3498.73</DistanceMeters>
            <HeartRateBpm><Value>141</Value></HeartRateBpm>
            <Cadence>169</Cadence>
          </Trackpoint>
          <Trackpoint>
            <Time>2026-04-05T13:53:00.000Z</Time>
            <Position>
              <LatitudeDegrees>37.3605468</LatitudeDegrees>
              <LongitudeDegrees>-121.8581484</LongitudeDegrees>
            </Position>
            <AltitudeMeters>23</AltitudeMeters>
            <DistanceMeters>3511.45</DistanceMeters>
            <HeartRateBpm><Value>141</Value></HeartRateBpm>
            <Cadence>169</Cadence>
          </Trackpoint>
          <Trackpoint>
            <Time>2026-04-05T13:53:05.000Z</Time>
            <Position>
              <LatitudeDegrees>37.3606277</LatitudeDegrees>
              <LongitudeDegrees>-121.8580464</LongitudeDegrees>
            </Position>
            <AltitudeMeters>23</AltitudeMeters>
            <DistanceMeters>3524.17</DistanceMeters>
            <HeartRateBpm><Value>141</Value></HeartRateBpm>
            <Cadence>169</Cadence>
          </Trackpoint>
          <Trackpoint>
            <Time>2026-04-05T13:53:10.000Z</Time>
            <Position>
              <LatitudeDegrees>37.3607087</LatitudeDegrees>
              <LongitudeDegrees>-121.8579444</LongitudeDegrees>
            </Position>
            <AltitudeMeters>23</AltitudeMeters>
            <DistanceMeters>3536.90</DistanceMeters>
            <HeartRateBpm><Value>141</Value></HeartRateBpm>
            <Cadence>169</Cadence>
          </Trackpoint>
          <Trackpoint>
            <Time>2026-04-05T13:53:15.000Z</Time>
            <Position>
              <LatitudeDegrees>37.3607897</LatitudeDegrees>
              <LongitudeDegrees>-121.8578424</LongitudeDegrees>
            </Position>
            <AltitudeMeters>23</AltitudeMeters>
            <DistanceMeters>3549.62</DistanceMeters>
            <HeartRateBpm><Value>141</Value></HeartRateBpm>
            <Cadence>169</Cadence>
          </Trackpoint>
          <Trackpoint>
            <Time>2026-04-05T13:53:20.000Z</Time>
            <Position>
              <LatitudeDegrees>37.3608706</LatitudeDegrees>
              <LongitudeDegrees>-121.8577404</LongitudeDegrees>
            </Position>
            <AltitudeMeters>23</AltitudeMeters>
            <DistanceMeters>3562.34</DistanceMeters>
            <HeartRateBpm><Value>141</Value></HeartRateBpm>
            <Cadence>169</Cadence>
          </Trackpoint>
          <Trackpoint>
            <Time>2026-04-05T13:53:25.000Z</Time>
            <Position>
              <LatitudeDegrees>37.3609516</LatitudeDegrees>
              <LongitudeDegrees>-121.8576384</LongitudeDegrees>
            </Position>
            <AltitudeMeters>23.1</AltitudeMeters>
            <DistanceMeters>3575.06</DistanceMeters>
            <HeartRateBpm><Value>141</Value></HeartRateBpm>
            <Cadence>169</Cadence>
          </Trackpoint>
          <Trackpoint>
            <Time>2026-04-05T13:53:30.000Z</Time>
            <Position>
              <LatitudeDegrees>37.3610326</LatitudeDegrees>
              <LongitudeDegrees>-121.8575364</LongitudeDegrees>
            </Position>
            <AltitudeMeters>23.1</AltitudeMeters>
            <DistanceMeters>3587.79</DistanceMeters>
            <HeartRateBpm><Value>141</Value></HeartRateBpm>
            <Cadence>169</Cadence>
          </Trackpoint>
          <Trackpoint>
            <Time>2026-04-05T13:53:35.000Z</Time>
            <Position>
              <LatitudeDegrees>37.3611135</LatitudeDegrees>
              <LongitudeDegrees>-121.8574344</LongitudeDegrees>
            </Position>
            <AltitudeMeters>23.1</AltitudeMeters>
            <DistanceMeters>3600.51</DistanceMeters>
            <HeartRateBpm><Value>141</Value></HeartRateBpm>
            <Cadence>169</Cadence>
          </Trackpoint>
          <Trackpoint>
            <Time>2026-04-05T13:53:40.000Z</Time>
            <Position>
              <LatitudeDegrees>37.3611945</LatitudeDegrees>
              <LongitudeDegrees>-121.8573324</LongitudeDegrees>
            </Position>
            <AltitudeMeters>23.1</AltitudeMeters>
            <DistanceMeters>3613.23</DistanceMeters>
            <HeartRateBpm><Value>141</Value></HeartRateBpm>
            <Cadence>169</Cadence>
          </Trackpoint>
          <Trackpoint>
            <Time>2026-04-05T13:53:45.000Z</Time>
            <Position>
              <LatitudeDegrees>37.3612755</LatitudeDegrees>
              <LongitudeDegrees>-121.8572304</LongitudeDegrees>
            </Position>
            <AltitudeMeters>23.2</AltitudeMeters>
            <DistanceMeters>3625.95</DistanceMeters>
            <HeartRateBpm><Value>141</Value></HeartRateBpm>
            <Cadence>169</Cadence>
          </Trackpoint>
          <Trackpoint>
            <Time>2026-04-05T13:53:50.000Z</Time>
            <Position>
              <LatitudeDegrees>37.3613564</LatitudeDegrees>
              <LongitudeDegrees>-121.8571284</LongitudeDegrees>
            </Position>
            <AltitudeMeters>23.2</AltitudeMeters>
            <DistanceMeters>3638.68</DistanceMeters>
            <HeartRateBpm><Value>141</Value></HeartRateBpm>
            <Cadence>169</Cadence>
          </Trackpoint>
          <Trackpoint>
            <Time>2026-04-05T13:53:55.000Z</Time>
            <Position>
              <LatitudeDegrees>37.3614374</LatitudeDegrees>
              <LongitudeDegrees>-121.8570264</LongitudeDegrees>
            </Position>
            <AltitudeMeters>23.2</AltitudeMeters>
            <DistanceMeters>3651.40</DistanceMeters>
            <HeartRateBpm><Value>141</Value></HeartRateBpm>
            <Cadence>169</Cadence>
          </Trackpoint>
          <Trackpoint>
            <Time>2026-04-05T13:54:00.000Z</Time>
            <Position>
              <LatitudeDegrees>37.3615184</LatitudeDegrees>
              <LongitudeDegrees>-121.8569244</LongitudeDegrees>
            </Position>
            <AltitudeMeters>23.3</AltitudeMeters>
            <DistanceMeters>3664.12</DistanceMeters>
            <HeartRateBpm><Value>141</Value></HeartRateBpm>
            <Cadence>169</Cadence>
          </Trackpoint>
          <Trackpoint>
            <Time>2026-04-05T13:54:05.000Z</Time>
            <Position>
              <LatitudeDegrees>37.3615993</LatitudeDegrees>
              <LongitudeDegrees>-121.8568224</LongitudeDegrees>
            </Position>
            <AltitudeMeters>23.3</AltitudeMeters>
            <DistanceMeters>3676.84</DistanceMeters>
            <HeartRateBpm><Value>141</Value></HeartRateBpm>
            <Cadence>169</Cadence>
          </Trackpoint>
          <Trackpoint>
            <Time>2026-04-05T13:54:10.000Z</Time>
            <Position>
              <LatitudeDegrees>37.3616803</LatitudeDegrees>
              <LongitudeDegrees>-121.8567204</LongitudeDegrees>
            </Position>
            <AltitudeMeters>23.3</AltitudeMeters>
            <DistanceMeters>3689.57</DistanceMeters>
            <HeartRateBpm><Value>141</Value></HeartRateBpm>
            <Cadence>169</Cadence>
          </Trackpoint>
          <Trackpoint>
            <Time>2026-04-05T13:54:15.000Z</Time>
            <Position>
              <LatitudeDegrees>37.3617613</LatitudeDegrees>
              <LongitudeDegrees>-121.8566184</LongitudeDegrees>
            </Position>
            <AltitudeMeters>23.4</AltitudeMeters>
            <DistanceMeters>3702.29</DistanceMeters>
            <HeartRateBpm><Value>141</Value></HeartRateBpm>
            <Cadence>169</Cadence>
          </Trackpoint>
          <Trackpoint>
            <Time>2026-04-05T13:54:20.000Z</Time>
            <Position>
              <LatitudeDegrees>37.3618422</LatitudeDegrees>
              <LongitudeDegrees>-121.8565164</LongitudeDegrees>
            </Position>
            <AltitudeMeters>23.4</AltitudeMeters>
            <DistanceMeters>3715.01</DistanceMeters>
            <HeartRateBpm><Value>141</Value></HeartRateBpm>
            <Cadence>169</Cadence>
          </Trackpoint>
          <Trackpoint>
            <Time>2026-04-05T13:54:25.000Z</Time>
            <Position>
              <LatitudeDegrees>37.3619232</LatitudeDegrees>
              <LongitudeDegrees>-121.8564144</LongitudeDegrees>
            </Position>
            <AltitudeMeters>23.5</AltitudeMeters>
            <DistanceMeters>3727.74</DistanceMeters>
            <HeartRateBpm><Value>141</Value></HeartRateBpm>
            <Cadence>169</Cadence>
          </Trackpoint>
          <Trackpoint>
            <Time>2026-04-05T13:54:30.000Z</Time>
            <Position>
              <LatitudeDegrees>37.3620042</LatitudeDegrees>
              <LongitudeDegrees>-121.8563124</LongitudeDegrees>
            </Position>
            <AltitudeMeters>23.5</AltitudeMeters>
            <DistanceMeters>3740.46</DistanceMeters>
            <HeartRateBpm><Value>141</Value></HeartRateBpm>
            <Cadence>169</Cadence>
          </Trackpoint>
          <Trackpoint>
            <Time>2026-04-05T13:54:35.000Z</Time>
            <Position>
              <LatitudeDegrees>37.3620851</LatitudeDegrees>
              <LongitudeDegrees>-121.8562104</LongitudeDegrees>
            </Position>
            <AltitudeMeters>23.6</AltitudeMeters>
            <DistanceMeters>3753.18</DistanceMeters>
            <HeartRateBpm><Value>141</Value></HeartRateBpm>
            <Cadence>169</Cadence>
          </Trackpoint>
          <Trackpoint>
            <Time>2026-04-05T13:54:40.000Z</Time>
            <Position>
              <LatitudeDegrees>37.3621661</LatitudeDegrees>
              <LongitudeDegrees>-121.8561084</LongitudeDegrees>
            </Position>
            <AltitudeMeters>23.7</AltitudeMeters>
            <DistanceMeters>3765.90</DistanceMeters>
            <HeartRateBpm><Value>141</Value></HeartRateBpm>
            <Cadence>169</Cadence>
          </Trackpoint>
          <Trackpoint>
            <Time>2026-04-05T13:54:45.000Z</Time>
            <Position>
              <LatitudeDegrees>37.3622471</LatitudeDegrees>
              <LongitudeDegrees>-121.8560064</LongitudeDegrees>
            </Position>
            <AltitudeMeters>23.7</AltitudeMeters>
            <DistanceMeters>3778.63</DistanceMeters>
            <HeartRateBpm><Value>141</Value></HeartRateBpm>
            <Cadence>169</Cadence>
          </Trackpoint>
          <Trackpoint>
            <Time>2026-04-05T13:54:50.000Z</Time>
            <Position>
              <LatitudeDegrees>37.3623280</LatitudeDegrees>
              <LongitudeDegrees>-121.8559044</LongitudeDegrees>
            </Position>
            <AltitudeMeters>23.8</AltitudeMeters>
            <DistanceMeters>3791.35</DistanceMeters>
            <HeartRateBpm><Value>141</Value></HeartRateBpm>
            <Cadence>169</Cadence>
          </Trackpoint>
          <Trackpoint>
            <Time>2026-04-05T13:54:55.000Z</Time>
            <Position>
              <LatitudeDegrees>37.3624090</LatitudeDegrees>
              <LongitudeDegrees>-121.8558024</LongitudeDegrees>
            </Position>
            <AltitudeMeters>23.8</AltitudeMeters>
            <DistanceMeters>3804.07</DistanceMeters>
            <HeartRateBpm><Value>141</Value></HeartRateBpm>
            <Cadence>169</Cadence>
          </Trackpoint>
          <Trackpoint>
            <Time>2026-04-05T13:55:00.000Z</Time>
            <Position>
              <LatitudeDegrees>37.3624900</LatitudeDegrees>
              <LongitudeDegrees>-121.8557004</LongitudeDegrees>
            </Position>
            <AltitudeMeters>23.9</AltitudeMeters>
            <DistanceMeters>3816.79</DistanceMeters>
            <HeartRateBpm><Value>141</Value></HeartRateBpm>
            <Cadence>169</Cadence>
          </Trackpoint>
          <Trackpoint>
            <Time>2026-04-05T13:55:05.000Z</Time>
            <Position>
              <LatitudeDegrees>37.3625709</LatitudeDegrees>
              <LongitudeDegrees>-121.8555984</LongitudeDegrees>
            </Position>
            <AltitudeMeters>24</AltitudeMeters>
            <DistanceMeters>3829.52</DistanceMeters>
            <HeartRateBpm><Value>141</Value></HeartRateBpm>
            <Cadence>169</Cadence>
          </Trackpoint>
          <Trackpoint>
            <Time>2026-04-05T13:55:10.000Z</Time>
            <Position>
              <LatitudeDegrees>37.3626519</LatitudeDegrees>
              <LongitudeDegrees>-121.8554964</LongitudeDegrees>
            </Position>
            <AltitudeMeters>24</AltitudeMeters>
            <DistanceMeters>3842.24</DistanceMeters>
            <HeartRateBpm><Value>141</Value></HeartRateBpm>
            <Cadence>169</Cadence>
          </Trackpoint>
          <Trackpoint>
            <Time>2026-04-05T13:55:15.000Z</Time>
            <Position>
              <LatitudeDegrees>37.3627329</LatitudeDegrees>
              <LongitudeDegrees>-121.8553944</LongitudeDegrees>
            </Position>
            <AltitudeMeters>24.1</AltitudeMeters>
            <DistanceMeters>3854.96</DistanceMeters>
            <HeartRateBpm><Value>141</Value></HeartRateBpm>
            <Cadence>169</Cadence>
          </Trackpoint>
          <Trackpoint>
            <Time>2026-04-05T13:55:20.000Z</Time>
            <Position>
              <LatitudeDegrees>37.3628138</LatitudeDegrees>
              <LongitudeDegrees>-121.8552924</LongitudeDegrees>
            </Position>
            <AltitudeMeters>24.2</AltitudeMeters>
            <DistanceMeters>3867.68</DistanceMeters>
            <HeartRateBpm><Value>141</Value></HeartRateBpm>
            <Cadence>169</Cadence>
          </Trackpoint>
          <Trackpoint>
            <Time>2026-04-05T13:55:25.000Z</Time>
            <Position>
              <LatitudeDegrees>37.3628948</LatitudeDegrees>
              <LongitudeDegrees>-121.8551905</LongitudeDegrees>
            </Position>
            <AltitudeMeters>24.3</AltitudeMeters>
            <DistanceMeters>3880.41</DistanceMeters>
            <HeartRateBpm><Value>141</Value></HeartRateBpm>
            <Cadence>169</Cadence>
          </Trackpoint>
          <Trackpoint>
            <Time>2026-04-05T13:55:30.000Z</Time>
            <Position>
              <LatitudeDegrees>37.3629758</LatitudeDegrees>
              <LongitudeDegrees>-121.8550885</LongitudeDegrees>
            </Position>
            <AltitudeMeters>24.3</AltitudeMeters>
            <DistanceMeters>3893.13</DistanceMeters>
            <HeartRateBpm><Value>141</Value></HeartRateBpm>
            <Cadence>169</Cadence>
          </Trackpoint>
          <Trackpoint>
            <Time>2026-04-05T13:55:35.000Z</Time>
            <Position>
              <LatitudeDegrees>37.3630567</LatitudeDegrees>
              <LongitudeDegrees>-121.8549865</LongitudeDegrees>
            </Position>
            <AltitudeMeters>24.4</AltitudeMeters>
            <DistanceMeters>3905.85</DistanceMeters>
            <HeartRateBpm><Value>141</Value></HeartRateBpm>
            <Cadence>169</Cadence>
          </Trackpoint>
          <Trackpoint>
            <Time>2026-04-05T13:55:40.000Z</Time>
            <Position>
              <LatitudeDegrees>37.3631377</LatitudeDegrees>
              <LongitudeDegrees>-121.8548845</LongitudeDegrees>
            </Position>
            <AltitudeMeters>24.5</AltitudeMeters>
            <DistanceMeters>3918.58</DistanceMeters>
            <HeartRateBpm><Value>141</Value></HeartRateBpm>
            <Cadence>169</Cadence>
          </Trackpoint>
          <Trackpoint>
            <Time>2026-04-05T13:55:45.000Z</Time>
            <Position>
              <LatitudeDegrees>37.3632187</LatitudeDegrees>
              <LongitudeDegrees>-121.8547825</LongitudeDegrees>
            </Position>
            <AltitudeMeters>24.6</AltitudeMeters>
            <DistanceMeters>3931.30</DistanceMeters>
            <HeartRateBpm><Value>141</Value></HeartRateBpm>
            <Cadence>169</Cadence>
          </Trackpoint>
          <Trackpoint>
            <Time>2026-04-05T13:55:50.000Z</Time>
            <Position>
              <LatitudeDegrees>37.3632996</LatitudeDegrees>
              <LongitudeDegrees>-121.8546805</LongitudeDegrees>
            </Position>
            <AltitudeMeters>24.7</AltitudeMeters>
            <DistanceMeters>3944.02</DistanceMeters>
            <HeartRateBpm><Value>141</Value></HeartRateBpm>
            <Cadence>169</Cadence>
          </Trackpoint>
          <Trackpoint>
            <Time>2026-04-05T13:55:55.000Z</Time>
            <Position>
              <LatitudeDegrees>37.3633806</LatitudeDegrees>
              <LongitudeDegrees>-121.8545785</LongitudeDegrees>
            </Position>
            <AltitudeMeters>24.7</AltitudeMeters>
            <DistanceMeters>3956.74</DistanceMeters>
            <HeartRateBpm><Value>141</Value></HeartRateBpm>
            <Cadence>169</Cadence>
          </Trackpoint>
          <Trackpoint>
            <Time>2026-04-05T13:56:00.000Z</Time>
            <Position>
              <LatitudeDegrees>37.3634615</LatitudeDegrees>
              <LongitudeDegrees>-121.8544765</LongitudeDegrees>
            </Position>
            <AltitudeMeters>24.8</AltitudeMeters>
            <DistanceMeters>3969.47</DistanceMeters>
            <HeartRateBpm><Value>141</Value></HeartRateBpm>
            <Cadence>169</Cadence>
          </Trackpoint>
          <Trackpoint>
            <Time>2026-04-05T13:56:05.000Z</Time>
            <Position>
              <LatitudeDegrees>37.3635425</LatitudeDegrees>
              <LongitudeDegrees>-121.8543745</LongitudeDegrees>
            </Position>
            <AltitudeMeters>24.9</AltitudeMeters>
            <DistanceMeters>3982.19</DistanceMeters>
            <HeartRateBpm><Value>141</Value></HeartRateBpm>
            <Cadence>169</Cadence>
          </Trackpoint>
          <Trackpoint>
            <Time>2026-04-05T13:56:10.000Z</Time>
            <Position>
              <LatitudeDegrees>37.3636235</LatitudeDegrees>
              <LongitudeDegrees>-121.8542725</LongitudeDegrees>
            </Position>
            <AltitudeMeters>25</AltitudeMeters>
            <DistanceMeters>3994.91</DistanceMeters>
            <HeartRateBpm><Value>141</Value></HeartRateBpm>
            <Cadence>169</Cadence>
          </Trackpoint>
          <Trackpoint>
            <Time>2026-04-05T13:56:15.000Z</Time>
            <Position>
              <LatitudeDegrees>37.3637044</LatitudeDegrees>
              <LongitudeDegrees>-121.8541705</LongitudeDegrees>
            </Position>
            <AltitudeMeters>25</AltitudeMeters>
            <DistanceMeters>4007.63</DistanceMeters>
            <HeartRateBpm><Value>141</Value></HeartRateBpm>
            <Cadence>169</Cadence>
          </Trackpoint>
          <Trackpoint>
            <Time>2026-04-05T13:56:20.000Z</Time>
            <Position>
              <LatitudeDegrees>37.3637854</LatitudeDegrees>
              <LongitudeDegrees>-121.8540685</LongitudeDegrees>
            </Position>
            <AltitudeMeters>25.1</AltitudeMeters>
            <DistanceMeters>4020.36</DistanceMeters>
            <HeartRateBpm><Value>141</Value></HeartRateBpm>
            <Cadence>169</Cadence>
          </Trackpoint>
          <Trackpoint>
            <Time>2026-04-05T13:56:25.000Z</Time>
            <Position>
              <LatitudeDegrees>37.3638664</LatitudeDegrees>
              <LongitudeDegrees>-121.8539665</LongitudeDegrees>
            </Position>
            <AltitudeMeters>25.2</AltitudeMeters>
            <DistanceMeters>4033.08</DistanceMeters>
            <HeartRateBpm><Value>141</Value></HeartRateBpm>
            <Cadence>169</Cadence>
          </Trackpoint>
          <Trackpoint>
            <Time>2026-04-05T13:56:30.000Z</Time>
            <Position>
              <LatitudeDegrees>37.3639473</LatitudeDegrees>
              <LongitudeDegrees>-121.8538645</LongitudeDegrees>
            </Position>
            <AltitudeMeters>25.3</AltitudeMeters>
            <DistanceMeters>4045.80</DistanceMeters>
            <HeartRateBpm><Value>141</Value></HeartRateBpm>
            <Cadence>169</Cadence>
          </Trackpoint>
          <Trackpoint>
            <Time>2026-04-05T13:56:35.000Z</Time>
            <Position>
              <LatitudeDegrees>37.3640283</LatitudeDegrees>
              <LongitudeDegrees>-121.8537625</LongitudeDegrees>
            </Position>
            <AltitudeMeters>25.4</AltitudeMeters>
            <DistanceMeters>4058.52</DistanceMeters>
            <HeartRateBpm><Value>141</Value></HeartRateBpm>
            <Cadence>169</Cadence>
          </Trackpoint>
          <Trackpoint>
            <Time>2026-04-05T13:56:40.000Z</Time>
            <Position>
              <LatitudeDegrees>37.3641093</LatitudeDegrees>
              <LongitudeDegrees>-121.8536605</LongitudeDegrees>
            </Position>
            <AltitudeMeters>25.4</AltitudeMeters>
            <DistanceMeters>4071.25</DistanceMeters>
            <HeartRateBpm><Value>141</Value></HeartRateBpm>
            <Cadence>169</Cadence>
          </Trackpoint>
          <Trackpoint>
            <Time>2026-04-05T13:56:45.000Z</Time>
            <Position>
              <LatitudeDegrees>37.3641902</LatitudeDegrees>
              <LongitudeDegrees>-121.8535585</LongitudeDegrees>
            </Position>
            <AltitudeMeters>25.5</AltitudeMeters>
            <DistanceMeters>4083.97</DistanceMeters>
            <HeartRateBpm><Value>141</Value></HeartRateBpm>
            <Cadence>169</Cadence>
          </Trackpoint>
          <Trackpoint>
            <Time>2026-04-05T13:56:50.000Z</Time>
            <Position>
              <LatitudeDegrees>37.3642712</LatitudeDegrees>
              <LongitudeDegrees>-121.8534565</LongitudeDegrees>
            </Position>
            <AltitudeMeters>25.6</AltitudeMeters>
            <DistanceMeters>4096.69</DistanceMeters>
            <HeartRateBpm><Value>141</Value></HeartRateBpm>
            <Cadence>169</Cadence>
          </Trackpoint>
          <Trackpoint>
            <Time>2026-04-05T13:56:55.000Z</Time>
            <Position>
              <LatitudeDegrees>37.3643522</LatitudeDegrees>
              <LongitudeDegrees>-121.8533545</LongitudeDegrees>
            </Position>
            <AltitudeMeters>25.7</AltitudeMeters>
            <DistanceMeters>4109.41</DistanceMeters>
            <HeartRateBpm><Value>141</Value></HeartRateBpm>
            <Cadence>169</Cadence>
          </Trackpoint>
          <Trackpoint>
            <Time>2026-04-05T13:57:00.000Z</Time>
            <Position>
              <LatitudeDegrees>37.3644331</LatitudeDegrees>
              <LongitudeDegrees>-121.8532525</LongitudeDegrees>
            </Position>
            <AltitudeMeters>25.7</AltitudeMeters>
            <DistanceMeters>4122.14</DistanceMeters>
            <HeartRateBpm><Value>141</Value></HeartRateBpm>
            <Cadence>169</Cadence>
          </Trackpoint>
          <Trackpoint>
            <Time>2026-04-05T13:57:05.000Z</Time>
            <Position>
              <LatitudeDegrees>37.3645141</LatitudeDegrees>
              <LongitudeDegrees>-121.8531505</LongitudeDegrees>
            </Position>
            <AltitudeMeters>25.8</AltitudeMeters>
            <DistanceMeters>4134.86</DistanceMeters>
            <HeartRateBpm><Value>141</Value></HeartRateBpm>
            <Cadence>169</Cadence>
          </Trackpoint>
          <Trackpoint>
            <Time>2026-04-05T13:57:10.000Z</Time>
            <Position>
              <LatitudeDegrees>37.3645951</LatitudeDegrees>
              <LongitudeDegrees>-121.8530485</LongitudeDegrees>
            </Position>
            <AltitudeMeters>25.9</AltitudeMeters>
            <DistanceMeters>4147.58</DistanceMeters>
            <HeartRateBpm><Value>141</Value></HeartRateBpm>
            <Cadence>169</Cadence>
          </Trackpoint>
          <Trackpoint>
            <Time>2026-04-05T13:57:15.000Z</Time>
            <Position>
              <LatitudeDegrees>37.3646760</LatitudeDegrees>
              <LongitudeDegrees>-121.8529465</LongitudeDegrees>
            </Position>
            <AltitudeMeters>26</AltitudeMeters>
            <DistanceMeters>4160.31</DistanceMeters>
            <HeartRateBpm><Value>141</Value></HeartRateBpm>
            <Cadence>169</Cadence>
          </Trackpoint>
          <Trackpoint>
            <Time>2026-04-05T13:57:20.000Z</Time>
            <Position>
              <LatitudeDegrees>37.3647570</LatitudeDegrees>
              <LongitudeDegrees>-121.8528445</LongitudeDegrees>
            </Position>
            <AltitudeMeters>26</AltitudeMeters>
            <DistanceMeters>4173.03</DistanceMeters>
            <HeartRateBpm><Value>141</Value></HeartRateBpm>
            <Cadence>169</Cadence>
          </Trackpoint>
          <Trackpoint>
            <Time>2026-04-05T13:57:25.000Z</Time>
            <Position>
              <LatitudeDegrees>37.3648380</LatitudeDegrees>
              <LongitudeDegrees>-121.8527425</LongitudeDegrees>
            </Position>
            <AltitudeMeters>26.1</AltitudeMeters>
            <DistanceMeters>4185.75</DistanceMeters>
            <HeartRateBpm><Value>141</Value></HeartRateBpm>
            <Cadence>169</Cadence>
          </Trackpoint>
          <Trackpoint>
            <Time>2026-04-05T13:57:30.000Z</Time>
            <Position>
              <LatitudeDegrees>37.3649189</LatitudeDegrees>
              <LongitudeDegrees>-121.8526405</LongitudeDegrees>
            </Position>
            <AltitudeMeters>26.2</AltitudeMeters>
            <DistanceMeters>4198.47</DistanceMeters>
            <HeartRateBpm><Value>141</Value></HeartRateBpm>
            <Cadence>169</Cadence>
          </Trackpoint>
          <Trackpoint>
            <Time>2026-04-05T13:57:35.000Z</Time>
            <Position>
              <LatitudeDegrees>37.3649999</LatitudeDegrees>
              <LongitudeDegrees>-121.8525385</LongitudeDegrees>
            </Position>
            <AltitudeMeters>26.2</AltitudeMeters>
            <DistanceMeters>4211.20</DistanceMeters>
            <HeartRateBpm><Value>141</Value></HeartRateBpm>
            <Cadence>169</Cadence>
          </Trackpoint>
          <Trackpoint>
            <Time>2026-04-05T13:57:40.000Z</Time>
            <Position>
              <LatitudeDegrees>37.3650809</LatitudeDegrees>
              <LongitudeDegrees>-121.8524365</LongitudeDegrees>
            </Position>
            <AltitudeMeters>26.3</AltitudeMeters>
            <DistanceMeters>4223.92</DistanceMeters>
            <HeartRateBpm><Value>141</Value></HeartRateBpm>
            <Cadence>169</Cadence>
          </Trackpoint>
          <Trackpoint>
            <Time>2026-04-05T13:57:45.000Z</Time>
            <Position>
              <LatitudeDegrees>37.3651618</LatitudeDegrees>
              <LongitudeDegrees>-121.8523345</LongitudeDegrees>
            </Position>
            <AltitudeMeters>26.4</AltitudeMeters>
            <DistanceMeters>4236.64</DistanceMeters>
            <HeartRateBpm><Value>141</Value></HeartRateBpm>
            <Cadence>169</Cadence>
          </Trackpoint>
          <Trackpoint>
            <Time>2026-04-05T13:57:50.000Z</Time>
            <Position>
              <LatitudeDegrees>37.3652428</LatitudeDegrees>
              <LongitudeDegrees>-121.8522325</LongitudeDegrees>
            </Position>
            <AltitudeMeters>26.4</AltitudeMeters>
            <DistanceMeters>4249.36</DistanceMeters>
            <HeartRateBpm><Value>141</Value></HeartRateBpm>
            <Cadence>169</Cadence>
          </Trackpoint>
          <Trackpoint>
            <Time>2026-04-05T13:57:55.000Z</Time>
            <Position>
              <LatitudeDegrees>37.3653238</LatitudeDegrees>
              <LongitudeDegrees>-121.8521305</LongitudeDegrees>
            </Position>
            <AltitudeMeters>26.5</AltitudeMeters>
            <DistanceMeters>4262.09</DistanceMeters>
            <HeartRateBpm><Value>141</Value></HeartRateBpm>
            <Cadence>169</Cadence>
          </Trackpoint>
          <Trackpoint>
            <Time>2026-04-05T13:58:00.000Z</Time>
            <Position>
              <LatitudeDegrees>37.3654047</LatitudeDegrees>
              <LongitudeDegrees>-121.8520285</LongitudeDegrees>
            </Position>
            <AltitudeMeters>26.5</AltitudeMeters>
            <DistanceMeters>4274.81</DistanceMeters>
            <HeartRateBpm><Value>141</Value></HeartRateBpm>
            <Cadence>169</Cadence>
          </Trackpoint>
          <Trackpoint>
            <Time>2026-04-05T13:58:05.000Z</Time>
            <Position>
              <LatitudeDegrees>37.3654857</LatitudeDegrees>
              <LongitudeDegrees>-121.8519265</LongitudeDegrees>
            </Position>
            <AltitudeMeters>26.6</AltitudeMeters>
            <DistanceMeters>4287.53</DistanceMeters>
            <HeartRateBpm><Value>141</Value></HeartRateBpm>
            <Cadence>169</Cadence>
          </Trackpoint>
          <Trackpoint>
            <Time>2026-04-05T13:58:10.000Z</Time>
            <Position>
              <LatitudeDegrees>37.3655667</LatitudeDegrees>
              <LongitudeDegrees>-121.8518245</LongitudeDegrees>
            </Position>
            <AltitudeMeters>26.6</AltitudeMeters>
            <DistanceMeters>4300.25</DistanceMeters>
            <HeartRateBpm><Value>141</Value></HeartRateBpm>
            <Cadence>169</Cadence>
          </Trackpoint>
          <Trackpoint>
            <Time>2026-04-05T13:58:15.000Z</Time>
            <Position>
              <LatitudeDegrees>37.3656476</LatitudeDegrees>
              <LongitudeDegrees>-121.8517225</LongitudeDegrees>
            </Position>
            <AltitudeMeters>26.7</AltitudeMeters>
            <DistanceMeters>4312.98</DistanceMeters>
            <HeartRateBpm><Value>141</Value></HeartRateBpm>
            <Cadence>169</Cadence>
          </Trackpoint>
          <Trackpoint>
            <Time>2026-04-05T13:58:20.000Z</Time>
            <Position>
              <LatitudeDegrees>37.3657286</LatitudeDegrees>
              <LongitudeDegrees>-121.8516205</LongitudeDegrees>
            </Position>
            <AltitudeMeters>26.7</AltitudeMeters>
            <DistanceMeters>4325.70</DistanceMeters>
            <HeartRateBpm><Value>141</Value></HeartRateBpm>
            <Cadence>169</Cadence>
          </Trackpoint>
          <Trackpoint>
            <Time>2026-04-05T13:58:25.000Z</Time>
            <Position>
              <LatitudeDegrees>37.3658096</LatitudeDegrees>
              <LongitudeDegrees>-121.8515185</LongitudeDegrees>
            </Position>
            <AltitudeMeters>26.7</AltitudeMeters>
            <DistanceMeters>4338.42</DistanceMeters>
            <HeartRateBpm><Value>141</Value></HeartRateBpm>
            <Cadence>169</Cadence>
          </Trackpoint>
          <Trackpoint>
            <Time>2026-04-05T13:58:30.000Z</Time>
            <Position>
              <LatitudeDegrees>37.3658905</LatitudeDegrees>
              <LongitudeDegrees>-121.8514165</LongitudeDegrees>
            </Position>
            <AltitudeMeters>26.8</AltitudeMeters>
            <DistanceMeters>4351.15</DistanceMeters>
            <HeartRateBpm><Value>141</Value></HeartRateBpm>
            <Cadence>169</Cadence>
          </Trackpoint>
          <Trackpoint>
            <Time>2026-04-05T13:58:35.000Z</Time>
            <Position>
              <LatitudeDegrees>37.3659715</LatitudeDegrees>
              <LongitudeDegrees>-121.8513145</LongitudeDegrees>
            </Position>
            <AltitudeMeters>26.8</AltitudeMeters>
            <DistanceMeters>4363.87</DistanceMeters>
            <HeartRateBpm><Value>141</Value></HeartRateBpm>
            <Cadence>169</Cadence>
          </Trackpoint>
          <Trackpoint>
            <Time>2026-04-05T13:58:40.000Z</Time>
            <Position>
              <LatitudeDegrees>37.3660525</LatitudeDegrees>
              <LongitudeDegrees>-121.8512125</LongitudeDegrees>
            </Position>
            <AltitudeMeters>26.9</AltitudeMeters>
            <DistanceMeters>4376.59</DistanceMeters>
            <HeartRateBpm><Value>141</Value></HeartRateBpm>
            <Cadence>169</Cadence>
          </Trackpoint>
          <Trackpoint>
            <Time>2026-04-05T13:58:45.000Z</Time>
            <Position>
              <LatitudeDegrees>37.3661334</LatitudeDegrees>
              <LongitudeDegrees>-121.8511105</LongitudeDegrees>
            </Position>
            <AltitudeMeters>26.9</AltitudeMeters>
            <DistanceMeters>4389.31</DistanceMeters>
            <HeartRateBpm><Value>141</Value></HeartRateBpm>
            <Cadence>169</Cadence>
          </Trackpoint>
          <Trackpoint>
            <Time>2026-04-05T13:58:50.000Z</Time>
            <Position>
              <LatitudeDegrees>37.3662144</LatitudeDegrees>
              <LongitudeDegrees>-121.8510085</LongitudeDegrees>
            </Position>
            <AltitudeMeters>26.9</AltitudeMeters>
            <DistanceMeters>4402.04</DistanceMeters>
            <HeartRateBpm><Value>141</Value></HeartRateBpm>
            <Cadence>169</Cadence>
          </Trackpoint>
          <Trackpoint>
            <Time>2026-04-05T13:58:55.000Z</Time>
            <Position>
              <LatitudeDegrees>37.3662954</LatitudeDegrees>
              <LongitudeDegrees>-121.8509065</LongitudeDegrees>
            </Position>
            <AltitudeMeters>26.9</AltitudeMeters>
            <DistanceMeters>4414.76</DistanceMeters>
            <HeartRateBpm><Value>141</Value></HeartRateBpm>
            <Cadence>169</Cadence>
          </Trackpoint>
          <Trackpoint>
            <Time>2026-04-05T13:59:00.000Z</Time>
            <Position>
              <LatitudeDegrees>37.3663763</LatitudeDegrees>
              <LongitudeDegrees>-121.8508045</LongitudeDegrees>
            </Position>
            <AltitudeMeters>26.9</AltitudeMeters>
            <DistanceMeters>4427.48</DistanceMeters>
            <HeartRateBpm><Value>141</Value></HeartRateBpm>
            <Cadence>169</Cadence>
          </Trackpoint>
          <Trackpoint>
            <Time>2026-04-05T13:59:05.000Z</Time>
            <Position>
              <LatitudeDegrees>37.3664573</LatitudeDegrees>
              <LongitudeDegrees>-121.8507025</LongitudeDegrees>
            </Position>
            <AltitudeMeters>27</AltitudeMeters>
            <DistanceMeters>4440.20</DistanceMeters>
            <HeartRateBpm><Value>141</Value></HeartRateBpm>
            <Cadence>169</Cadence>
          </Trackpoint>
          <Trackpoint>
            <Time>2026-04-05T13:59:10.000Z</Time>
            <Position>
              <LatitudeDegrees>37.3665383</LatitudeDegrees>
              <LongitudeDegrees>-121.8506005</LongitudeDegrees>
            </Position>
            <AltitudeMeters>27</AltitudeMeters>
            <DistanceMeters>4452.93</DistanceMeters>
            <HeartRateBpm><Value>141</Value></HeartRateBpm>
            <Cadence>169</Cadence>
          </Trackpoint>
          <Trackpoint>
            <Time>2026-04-05T13:59:15.000Z</Time>
            <Position>
              <LatitudeDegrees>37.3666192</LatitudeDegrees>
              <LongitudeDegrees>-121.8504985</LongitudeDegrees>
            </Position>
            <AltitudeMeters>27</AltitudeMeters>
            <DistanceMeters>4465.65</DistanceMeters>
            <HeartRateBpm><Value>141</Value></HeartRateBpm>
            <Cadence>169</Cadence>
          </Trackpoint>
          <Trackpoint>
            <Time>2026-04-05T13:59:20.000Z</Time>
            <Position>
              <LatitudeDegrees>37.3667002</LatitudeDegrees>
              <LongitudeDegrees>-121.8503965</LongitudeDegrees>
            </Position>
            <AltitudeMeters>27</AltitudeMeters>
            <DistanceMeters>4478.37</DistanceMeters>
            <HeartRateBpm><Value>141</Value></HeartRateBpm>
            <Cadence>169</Cadence>
          </Trackpoint>
          <Trackpoint>
            <Time>2026-04-05T13:59:25.000Z</Time>
            <Position>
              <LatitudeDegrees>37.3667812</LatitudeDegrees>
              <LongitudeDegrees>-121.8502945</LongitudeDegrees>
            </Position>
            <AltitudeMeters>27</AltitudeMeters>
            <DistanceMeters>4491.09</DistanceMeters>
            <HeartRateBpm><Value>141</Value></HeartRateBpm>
            <Cadence>169</Cadence>
          </Trackpoint>
          <Trackpoint>
            <Time>2026-04-05T13:59:30.000Z</Time>
            <Position>
              <LatitudeDegrees>37.3668621</LatitudeDegrees>
              <LongitudeDegrees>-121.8501925</LongitudeDegrees>
            </Position>
            <AltitudeMeters>27</AltitudeMeters>
            <DistanceMeters>4503.82</DistanceMeters>
            <HeartRateBpm><Value>141</Value></HeartRateBpm>
            <Cadence>169</Cadence>
          </Trackpoint>
          <Trackpoint>
            <Time>2026-04-05T13:59:35.000Z</Time>
            <Position>
              <LatitudeDegrees>37.3669431</LatitudeDegrees>
              <LongitudeDegrees>-121.8500905</LongitudeDegrees>
            </Position>
            <AltitudeMeters>27</AltitudeMeters>
            <DistanceMeters>4516.54</DistanceMeters>
            <HeartRateBpm><Value>141</Value></HeartRateBpm>
            <Cadence>169</Cadence>
          </Trackpoint>
          <Trackpoint>
            <Time>2026-04-05T13:59:40.000Z</Time>
            <Position>
              <LatitudeDegrees>37.3670241</LatitudeDegrees>
              <LongitudeDegrees>-121.8499885</LongitudeDegrees>
            </Position>
            <AltitudeMeters>27</AltitudeMeters>
            <DistanceMeters>4529.26</DistanceMeters>
            <HeartRateBpm><Value>141</Value></HeartRateBpm>
            <Cadence>169</Cadence>
          </Trackpoint>
          <Trackpoint>
            <Time>2026-04-05T13:59:45.000Z</Time>
            <Position>
              <LatitudeDegrees>37.3671050</LatitudeDegrees>
              <LongitudeDegrees>-121.8498865</LongitudeDegrees>
            </Position>
            <AltitudeMeters>27</AltitudeMeters>
            <DistanceMeters>4541.98</DistanceMeters>
            <HeartRateBpm><Value>141</Value></HeartRateBpm>
            <Cadence>169</Cadence>
          </Trackpoint>
          <Trackpoint>
            <Time>2026-04-05T13:59:50.000Z</Time>
            <Position>
              <LatitudeDegrees>37.3671860</LatitudeDegrees>
              <LongitudeDegrees>-121.8497845</LongitudeDegrees>
            </Position>
            <AltitudeMeters>27</AltitudeMeters>
            <DistanceMeters>4554.71</DistanceMeters>
            <HeartRateBpm><Value>141</Value></HeartRateBpm>
            <Cadence>169</Cadence>
          </Trackpoint>
          <Trackpoint>
            <Time>2026-04-05T13:59:55.000Z</Time>
            <Position>
              <LatitudeDegrees>37.3672670</LatitudeDegrees>
              <LongitudeDegrees>-121.8496825</LongitudeDegrees>
            </Position>
            <AltitudeMeters>27</AltitudeMeters>
            <DistanceMeters>4567.43</DistanceMeters>
            <HeartRateBpm><Value>141</Value></HeartRateBpm>
            <Cadence>169</Cadence>
          </Trackpoint>
          <Trackpoint>
            <Time>2026-04-05T14:00:00.000Z</Time>
            <Position>
              <LatitudeDegrees>37.3673479</LatitudeDegrees>
              <LongitudeDegrees>-121.8495805</LongitudeDegrees>
            </Position>
            <AltitudeMeters>26.9</AltitudeMeters>
            <DistanceMeters>4580.15</DistanceMeters>
            <HeartRateBpm><Value>141</Value></HeartRateBpm>
            <Cadence>169</Cadence>
          </Trackpoint>
          <Trackpoint>
            <Time>2026-04-05T14:00:05.000Z</Time>
            <Position>
              <LatitudeDegrees>37.3674289</LatitudeDegrees>
              <LongitudeDegrees>-121.8494785</LongitudeDegrees>
            </Position>
            <AltitudeMeters>26.9</AltitudeMeters>
            <DistanceMeters>4592.88</DistanceMeters>
            <HeartRateBpm><Value>141</Value></HeartRateBpm>
            <Cadence>169</Cadence>
          </Trackpoint>
          <Trackpoint>
            <Time>2026-04-05T14:00:10.000Z</Time>
            <Position>
              <LatitudeDegrees>37.3675099</LatitudeDegrees>
              <LongitudeDegrees>-121.8493765</LongitudeDegrees>
            </Position>
            <AltitudeMeters>26.9</AltitudeMeters>
            <DistanceMeters>4605.60</DistanceMeters>
            <HeartRateBpm><Value>141</Value></HeartRateBpm>
            <Cadence>169</Cadence>
          </Trackpoint>
          <Trackpoint>
            <Time>2026-04-05T14:00:15.000Z</Time>
            <Position>
              <LatitudeDegrees>37.3675908</LatitudeDegrees>
              <LongitudeDegrees>-121.8492745</LongitudeDegrees>
            </Position>
            <AltitudeMeters>26.9</AltitudeMeters>
            <DistanceMeters>4618.32</DistanceMeters>
            <HeartRateBpm><Value>141</Value></HeartRateBpm>
            <Cadence>169</Cadence>
          </Trackpoint>
          <Trackpoint>
            <Time>2026-04-05T14:00:20.000Z</Time>
            <Position>
              <LatitudeDegrees>37.3676718</LatitudeDegrees>
              <LongitudeDegrees>-121.8491725</LongitudeDegrees>
            </Position>
            <AltitudeMeters>26.8</AltitudeMeters>
            <DistanceMeters>4631.04</DistanceMeters>
            <HeartRateBpm><Value>141</Value></HeartRateBpm>
            <Cadence>169</Cadence>
          </Trackpoint>
          <Trackpoint>
            <Time>2026-04-05T14:00:25.000Z</Time>
            <Position>
              <LatitudeDegrees>37.3677528</LatitudeDegrees>
              <LongitudeDegrees>-121.8490705</LongitudeDegrees>
            </Position>
            <AltitudeMeters>26.8</AltitudeMeters>
            <DistanceMeters>4643.77</DistanceMeters>
            <HeartRateBpm><Value>141</Value></HeartRateBpm>
            <Cadence>169</Cadence>
          </Trackpoint>
          <Trackpoint>
            <Time>2026-04-05T14:00:30.000Z</Time>
            <Position>
              <LatitudeDegrees>37.3678337</LatitudeDegrees>
              <LongitudeDegrees>-121.8489685</LongitudeDegrees>
            </Position>
            <AltitudeMeters>26.8</AltitudeMeters>
            <DistanceMeters>4656.49</DistanceMeters>
            <HeartRateBpm><Value>141</Value></HeartRateBpm>
            <Cadence>169</Cadence>
          </Trackpoint>
          <Trackpoint>
            <Time>2026-04-05T14:00:35.000Z</Time>
            <Position>
              <LatitudeDegrees>37.3679147</LatitudeDegrees>
              <LongitudeDegrees>-121.8488665</LongitudeDegrees>
            </Position>
            <AltitudeMeters>26.7</AltitudeMeters>
            <DistanceMeters>4669.21</DistanceMeters>
            <HeartRateBpm><Value>141</Value></HeartRateBpm>
            <Cadence>169</Cadence>
          </Trackpoint>
          <Trackpoint>
            <Time>2026-04-05T14:00:40.000Z</Time>
            <Position>
              <LatitudeDegrees>37.3679957</LatitudeDegrees>
              <LongitudeDegrees>-121.8487645</LongitudeDegrees>
            </Position>
            <AltitudeMeters>26.7</AltitudeMeters>
            <DistanceMeters>4681.93</DistanceMeters>
            <HeartRateBpm><Value>141</Value></HeartRateBpm>
            <Cadence>169</Cadence>
          </Trackpoint>
          <Trackpoint>
            <Time>2026-04-05T14:00:45.000Z</Time>
            <Position>
              <LatitudeDegrees>37.3680766</LatitudeDegrees>
              <LongitudeDegrees>-121.8486625</LongitudeDegrees>
            </Position>
            <AltitudeMeters>26.6</AltitudeMeters>
            <DistanceMeters>4694.66</DistanceMeters>
            <HeartRateBpm><Value>141</Value></HeartRateBpm>
            <Cadence>169</Cadence>
          </Trackpoint>
          <Trackpoint>
            <Time>2026-04-05T14:00:50.000Z</Time>
            <Position>
              <LatitudeDegrees>37.3681576</LatitudeDegrees>
              <LongitudeDegrees>-121.8485605</LongitudeDegrees>
            </Position>
            <AltitudeMeters>26.6</AltitudeMeters>
            <DistanceMeters>4707.38</DistanceMeters>
            <HeartRateBpm><Value>141</Value></HeartRateBpm>
            <Cadence>169</Cadence>
          </Trackpoint>
          <Trackpoint>
            <Time>2026-04-05T14:00:55.000Z</Time>
            <Position>
              <LatitudeDegrees>37.3682386</LatitudeDegrees>
              <LongitudeDegrees>-121.8484585</LongitudeDegrees>
            </Position>
            <AltitudeMeters>26.5</AltitudeMeters>
            <DistanceMeters>4720.10</DistanceMeters>
            <HeartRateBpm><Value>141</Value></HeartRateBpm>
            <Cadence>169</Cadence>
          </Trackpoint>
          <Trackpoint>
            <Time>2026-04-05T14:01:00.000Z</Time>
            <Position>
              <LatitudeDegrees>37.3683195</LatitudeDegrees>
              <LongitudeDegrees>-121.8483566</LongitudeDegrees>
            </Position>
            <AltitudeMeters>26.5</AltitudeMeters>
            <DistanceMeters>4732.82</DistanceMeters>
            <HeartRateBpm><Value>141</Value></HeartRateBpm>
            <Cadence>169</Cadence>
          </Trackpoint>
          <Trackpoint>
            <Time>2026-04-05T14:01:05.000Z</Time>
            <Position>
              <LatitudeDegrees>37.3684005</LatitudeDegrees>
              <LongitudeDegrees>-121.8482546</LongitudeDegrees>
            </Position>
            <AltitudeMeters>26.4</AltitudeMeters>
            <DistanceMeters>4745.55</DistanceMeters>
            <HeartRateBpm><Value>141</Value></HeartRateBpm>
            <Cadence>169</Cadence>
          </Trackpoint>
          <Trackpoint>
            <Time>2026-04-05T14:01:10.000Z</Time>
            <Position>
              <LatitudeDegrees>37.3684815</LatitudeDegrees>
              <LongitudeDegrees>-121.8481526</LongitudeDegrees>
            </Position>
            <AltitudeMeters>26.4</AltitudeMeters>
            <DistanceMeters>4758.27</DistanceMeters>
            <HeartRateBpm><Value>141</Value></HeartRateBpm>
            <Cadence>169</Cadence>
          </Trackpoint>
          <Trackpoint>
            <Time>2026-04-05T14:01:15.000Z</Time>
            <Position>
              <LatitudeDegrees>37.3685624</LatitudeDegrees>
              <LongitudeDegrees>-121.8480506</LongitudeDegrees>
            </Position>
            <AltitudeMeters>26.3</AltitudeMeters>
            <DistanceMeters>4770.99</DistanceMeters>
            <HeartRateBpm><Value>141</Value></HeartRateBpm>
            <Cadence>169</Cadence>
          </Trackpoint>
          <Trackpoint>
            <Time>2026-04-05T14:01:20.000Z</Time>
            <Position>
              <LatitudeDegrees>37.3686434</LatitudeDegrees>
              <LongitudeDegrees>-121.8479486</LongitudeDegrees>
            </Position>
            <AltitudeMeters>26.3</AltitudeMeters>
            <DistanceMeters>4783.72</DistanceMeters>
            <HeartRateBpm><Value>141</Value></HeartRateBpm>
            <Cadence>169</Cadence>
          </Trackpoint>
          <Trackpoint>
            <Time>2026-04-05T14:01:25.000Z</Time>
            <Position>
              <LatitudeDegrees>37.3687244</LatitudeDegrees>
              <LongitudeDegrees>-121.8478466</LongitudeDegrees>
            </Position>
            <AltitudeMeters>26.2</AltitudeMeters>
            <DistanceMeters>4796.44</DistanceMeters>
            <HeartRateBpm><Value>141</Value></HeartRateBpm>
            <Cadence>169</Cadence>
          </Trackpoint>
          <Trackpoint>
            <Time>2026-04-05T14:01:30.000Z</Time>
            <Position>
              <LatitudeDegrees>37.3688053</LatitudeDegrees>
              <LongitudeDegrees>-121.8477446</LongitudeDegrees>
            </Position>
            <AltitudeMeters>26.1</AltitudeMeters>
            <DistanceMeters>4809.16</DistanceMeters>
            <HeartRateBpm><Value>141</Value></HeartRateBpm>
            <Cadence>169</Cadence>
          </Trackpoint>
          <Trackpoint>
            <Time>2026-04-05T14:01:35.000Z</Time>
            <Position>
              <LatitudeDegrees>37.3688863</LatitudeDegrees>
              <LongitudeDegrees>-121.8476426</LongitudeDegrees>
            </Position>
            <AltitudeMeters>26.1</AltitudeMeters>
            <DistanceMeters>4821.88</DistanceMeters>
            <HeartRateBpm><Value>141</Value></HeartRateBpm>
            <Cadence>169</Cadence>
          </Trackpoint>
          <Trackpoint>
            <Time>2026-04-05T14:01:40.000Z</Time>
            <Position>
              <LatitudeDegrees>37.3689673</LatitudeDegrees>
              <LongitudeDegrees>-121.8475406</LongitudeDegrees>
            </Position>
            <AltitudeMeters>26</AltitudeMeters>
            <DistanceMeters>4834.61</DistanceMeters>
            <HeartRateBpm><Value>141</Value></HeartRateBpm>
            <Cadence>169</Cadence>
          </Trackpoint>
          <Trackpoint>
            <Time>2026-04-05T14:01:45.000Z</Time>
            <Position>
              <LatitudeDegrees>37.3690482</LatitudeDegrees>
              <LongitudeDegrees>-121.8474386</LongitudeDegrees>
            </Position>
            <AltitudeMeters>25.9</AltitudeMeters>
            <DistanceMeters>4847.33</DistanceMeters>
            <HeartRateBpm><Value>141</Value></HeartRateBpm>
            <Cadence>169</Cadence>
          </Trackpoint>
          <Trackpoint>
            <Time>2026-04-05T14:01:50.000Z</Time>
            <Position>
              <LatitudeDegrees>37.3691292</LatitudeDegrees>
              <LongitudeDegrees>-121.8473366</LongitudeDegrees>
            </Position>
            <AltitudeMeters>25.9</AltitudeMeters>
            <DistanceMeters>4860.05</DistanceMeters>
            <HeartRateBpm><Value>141</Value></HeartRateBpm>
            <Cadence>169</Cadence>
          </Trackpoint>
          <Trackpoint>
            <Time>2026-04-05T14:01:55.000Z</Time>
            <Position>
              <LatitudeDegrees>37.3692102</LatitudeDegrees>
              <LongitudeDegrees>-121.8472346</LongitudeDegrees>
            </Position>
            <AltitudeMeters>25.8</AltitudeMeters>
            <DistanceMeters>4872.77</DistanceMeters>
            <HeartRateBpm><Value>141</Value></HeartRateBpm>
            <Cadence>169</Cadence>
          </Trackpoint>
          <Trackpoint>
            <Time>2026-04-05T14:02:00.000Z</Time>
            <Position>
              <LatitudeDegrees>37.3692911</LatitudeDegrees>
              <LongitudeDegrees>-121.8471326</LongitudeDegrees>
            </Position>
            <AltitudeMeters>25.7</AltitudeMeters>
            <DistanceMeters>4885.50</DistanceMeters>
            <HeartRateBpm><Value>141</Value></HeartRateBpm>
            <Cadence>169</Cadence>
          </Trackpoint>
          <Trackpoint>
            <Time>2026-04-05T14:02:05.000Z</Time>
            <Position>
              <LatitudeDegrees>37.3693721</LatitudeDegrees>
              <LongitudeDegrees>-121.8470306</LongitudeDegrees>
            </Position>
            <AltitudeMeters>25.6</AltitudeMeters>
            <DistanceMeters>4898.22</DistanceMeters>
            <HeartRateBpm><Value>141</Value></HeartRateBpm>
            <Cadence>169</Cadence>
          </Trackpoint>
          <Trackpoint>
            <Time>2026-04-05T14:02:10.000Z</Time>
            <Position>
              <LatitudeDegrees>37.3694531</LatitudeDegrees>
              <LongitudeDegrees>-121.8469286</LongitudeDegrees>
            </Position>
            <AltitudeMeters>25.6</AltitudeMeters>
            <DistanceMeters>4910.94</DistanceMeters>
            <HeartRateBpm><Value>141</Value></HeartRateBpm>
            <Cadence>169</Cadence>
          </Trackpoint>
          <Trackpoint>
            <Time>2026-04-05T14:02:15.000Z</Time>
            <Position>
              <LatitudeDegrees>37.3695340</LatitudeDegrees>
              <LongitudeDegrees>-121.8468266</LongitudeDegrees>
            </Position>
            <AltitudeMeters>25.5</AltitudeMeters>
            <DistanceMeters>4923.66</DistanceMeters>
            <HeartRateBpm><Value>141</Value></HeartRateBpm>
            <Cadence>169</Cadence>
          </Trackpoint>
          <Trackpoint>
            <Time>2026-04-05T14:02:20.000Z</Time>
            <Position>
              <LatitudeDegrees>37.3696150</LatitudeDegrees>
              <LongitudeDegrees>-121.8467246</LongitudeDegrees>
            </Position>
            <AltitudeMeters>25.4</AltitudeMeters>
            <DistanceMeters>4936.39</DistanceMeters>
            <HeartRateBpm><Value>141</Value></HeartRateBpm>
            <Cadence>169</Cadence>
          </Trackpoint>
          <Trackpoint>
            <Time>2026-04-05T14:02:25.000Z</Time>
            <Position>
              <LatitudeDegrees>37.3696960</LatitudeDegrees>
              <LongitudeDegrees>-121.8466226</LongitudeDegrees>
            </Position>
            <AltitudeMeters>25.3</AltitudeMeters>
            <DistanceMeters>4949.11</DistanceMeters>
            <HeartRateBpm><Value>141</Value></HeartRateBpm>
            <Cadence>169</Cadence>
          </Trackpoint>
          <Trackpoint>
            <Time>2026-04-05T14:02:30.000Z</Time>
            <Position>
              <LatitudeDegrees>37.3697769</LatitudeDegrees>
              <LongitudeDegrees>-121.8465206</LongitudeDegrees>
            </Position>
            <AltitudeMeters>25.2</AltitudeMeters>
            <DistanceMeters>4961.83</DistanceMeters>
            <HeartRateBpm><Value>141</Value></HeartRateBpm>
            <Cadence>169</Cadence>
          </Trackpoint>
          <Trackpoint>
            <Time>2026-04-05T14:02:35.000Z</Time>
            <Position>
              <LatitudeDegrees>37.3698579</LatitudeDegrees>
              <LongitudeDegrees>-121.8464186</LongitudeDegrees>
            </Position>
            <AltitudeMeters>25.2</AltitudeMeters>
            <DistanceMeters>4974.55</DistanceMeters>
            <HeartRateBpm><Value>141</Value></HeartRateBpm>
            <Cadence>169</Cadence>
          </Trackpoint>
          <Trackpoint>
            <Time>2026-04-05T14:02:40.000Z</Time>
            <Position>
              <LatitudeDegrees>37.3699389</LatitudeDegrees>
              <LongitudeDegrees>-121.8463166</LongitudeDegrees>
            </Position>
            <AltitudeMeters>25.1</AltitudeMeters>
            <DistanceMeters>4987.28</DistanceMeters>
            <HeartRateBpm><Value>141</Value></HeartRateBpm>
            <Cadence>169</Cadence>
          </Trackpoint>
          <Trackpoint>
            <Time>2026-04-05T14:02:45.000Z</Time>
            <Position>
              <LatitudeDegrees>37.3700198</LatitudeDegrees>
              <LongitudeDegrees>-121.8462146</LongitudeDegrees>
            </Position>
            <AltitudeMeters>25</AltitudeMeters>
            <DistanceMeters>5000.00</DistanceMeters>
            <HeartRateBpm><Value>141</Value></HeartRateBpm>
            <Cadence>169</Cadence>
          </Trackpoint>
          <Trackpoint>
            <Time>2026-04-05T14:02:50.000Z</Time>
            <Position>
              <LatitudeDegrees>37.3699389</LatitudeDegrees>
              <LongitudeDegrees>-121.8463166</LongitudeDegrees>
            </Position>
            <AltitudeMeters>24.9</AltitudeMeters>
            <DistanceMeters>5012.72</DistanceMeters>
            <HeartRateBpm><Value>141</Value></HeartRateBpm>
            <Cadence>169</Cadence>
          </Trackpoint>
          <Trackpoint>
            <Time>2026-04-05T14:02:55.000Z</Time>
            <Position>
              <LatitudeDegrees>37.3698579</LatitudeDegrees>
              <LongitudeDegrees>-121.8464186</LongitudeDegrees>
            </Position>
            <AltitudeMeters>24.8</AltitudeMeters>
            <DistanceMeters>5025.45</DistanceMeters>
            <HeartRateBpm><Value>141</Value></HeartRateBpm>
            <Cadence>169</Cadence>
          </Trackpoint>
          <Trackpoint>
            <Time>2026-04-05T14:03:00.000Z</Time>
            <Position>
              <LatitudeDegrees>37.3697769</LatitudeDegrees>
              <LongitudeDegrees>-121.8465206</LongitudeDegrees>
            </Position>
            <AltitudeMeters>24.8</AltitudeMeters>
            <DistanceMeters>5038.17</DistanceMeters>
            <HeartRateBpm><Value>141</Value></HeartRateBpm>
            <Cadence>169</Cadence>
          </Trackpoint>
          <Trackpoint>
            <Time>2026-04-05T14:03:05.000Z</Time>
            <Position>
              <LatitudeDegrees>37.3696960</LatitudeDegrees>
              <LongitudeDegrees>-121.8466226</LongitudeDegrees>
            </Position>
            <AltitudeMeters>24.7</AltitudeMeters>
            <DistanceMeters>5050.89</DistanceMeters>
            <HeartRateBpm><Value>141</Value></HeartRateBpm>
            <Cadence>169</Cadence>
          </Trackpoint>
          <Trackpoint>
            <Time>2026-04-05T14:03:10.000Z</Time>
            <Position>
              <LatitudeDegrees>37.3696150</LatitudeDegrees>
              <LongitudeDegrees>-121.8467246</LongitudeDegrees>
            </Position>
            <AltitudeMeters>24.6</AltitudeMeters>
            <DistanceMeters>5063.61</DistanceMeters>
            <HeartRateBpm><Value>141</Value></HeartRateBpm>
            <Cadence>169</Cadence>
          </Trackpoint>
          <Trackpoint>
            <Time>2026-04-05T14:03:15.000Z</Time>
            <Position>
              <LatitudeDegrees>37.3695340</LatitudeDegrees>
              <LongitudeDegrees>-121.8468266</LongitudeDegrees>
            </Position>
            <AltitudeMeters>24.5</AltitudeMeters>
            <DistanceMeters>5076.34</DistanceMeters>
            <HeartRateBpm><Value>141</Value></HeartRateBpm>
            <Cadence>169</Cadence>
          </Trackpoint>
          <Trackpoint>
            <Time>2026-04-05T14:03:20.000Z</Time>
            <Position>
              <LatitudeDegrees>37.3694531</LatitudeDegrees>
              <LongitudeDegrees>-121.8469286</LongitudeDegrees>
            </Position>
            <AltitudeMeters>24.4</AltitudeMeters>
            <DistanceMeters>5089.06</DistanceMeters>
            <HeartRateBpm><Value>141</Value></HeartRateBpm>
            <Cadence>169</Cadence>
          </Trackpoint>
          <Trackpoint>
            <Time>2026-04-05T14:03:25.000Z</Time>
            <Position>
              <LatitudeDegrees>37.3693721</LatitudeDegrees>
              <LongitudeDegrees>-121.8470306</LongitudeDegrees>
            </Position>
            <AltitudeMeters>24.4</AltitudeMeters>
            <DistanceMeters>5101.78</DistanceMeters>
            <HeartRateBpm><Value>141</Value></HeartRateBpm>
            <Cadence>169</Cadence>
          </Trackpoint>
          <Trackpoint>
            <Time>2026-04-05T14:03:30.000Z</Time>
            <Position>
              <LatitudeDegrees>37.3692911</LatitudeDegrees>
              <LongitudeDegrees>-121.8471326</LongitudeDegrees>
            </Position>
            <AltitudeMeters>24.3</AltitudeMeters>
            <DistanceMeters>5114.50</DistanceMeters>
            <HeartRateBpm><Value>141</Value></HeartRateBpm>
            <Cadence>169</Cadence>
          </Trackpoint>
          <Trackpoint>
            <Time>2026-04-05T14:03:35.000Z</Time>
            <Position>
              <LatitudeDegrees>37.3692102</LatitudeDegrees>
              <LongitudeDegrees>-121.8472346</LongitudeDegrees>
            </Position>
            <AltitudeMeters>24.2</AltitudeMeters>
            <DistanceMeters>5127.23</DistanceMeters>
            <HeartRateBpm><Value>141</Value></HeartRateBpm>
            <Cadence>169</Cadence>
          </Trackpoint>
          <Trackpoint>
            <Time>2026-04-05T14:03:40.000Z</Time>
            <Position>
              <LatitudeDegrees>37.3691292</LatitudeDegrees>
              <LongitudeDegrees>-121.8473366</LongitudeDegrees>
            </Position>
            <AltitudeMeters>24.1</AltitudeMeters>
            <DistanceMeters>5139.95</DistanceMeters>
            <HeartRateBpm><Value>141</Value></HeartRateBpm>
            <Cadence>169</Cadence>
          </Trackpoint>
          <Trackpoint>
            <Time>2026-04-05T14:03:45.000Z</Time>
            <Position>
              <LatitudeDegrees>37.3690482</LatitudeDegrees>
              <LongitudeDegrees>-121.8474386</LongitudeDegrees>
            </Position>
            <AltitudeMeters>24.1</AltitudeMeters>
            <DistanceMeters>5152.67</DistanceMeters>
            <HeartRateBpm><Value>141</Value></HeartRateBpm>
            <Cadence>169</Cadence>
          </Trackpoint>
          <Trackpoint>
            <Time>2026-04-05T14:03:50.000Z</Time>
            <Position>
              <LatitudeDegrees>37.3689673</LatitudeDegrees>
              <LongitudeDegrees>-121.8475406</LongitudeDegrees>
            </Position>
            <AltitudeMeters>24</AltitudeMeters>
            <DistanceMeters>5165.39</DistanceMeters>
            <HeartRateBpm><Value>141</Value></HeartRateBpm>
            <Cadence>169</Cadence>
          </Trackpoint>
          <Trackpoint>
            <Time>2026-04-05T14:03:55.000Z</Time>
            <Position>
              <LatitudeDegrees>37.3688863</LatitudeDegrees>
              <LongitudeDegrees>-121.8476426</LongitudeDegrees>
            </Position>
            <AltitudeMeters>23.9</AltitudeMeters>
            <DistanceMeters>5178.12</DistanceMeters>
            <HeartRateBpm><Value>141</Value></HeartRateBpm>
            <Cadence>169</Cadence>
          </Trackpoint>
          <Trackpoint>
            <Time>2026-04-05T14:04:00.000Z</Time>
            <Position>
              <LatitudeDegrees>37.3688053</LatitudeDegrees>
              <LongitudeDegrees>-121.8477446</LongitudeDegrees>
            </Position>
            <AltitudeMeters>23.9</AltitudeMeters>
            <DistanceMeters>5190.84</DistanceMeters>
            <HeartRateBpm><Value>141</Value></HeartRateBpm>
            <Cadence>169</Cadence>
          </Trackpoint>
          <Trackpoint>
            <Time>2026-04-05T14:04:05.000Z</Time>
            <Position>
              <LatitudeDegrees>37.3687244</LatitudeDegrees>
              <LongitudeDegrees>-121.8478466</LongitudeDegrees>
            </Position>
            <AltitudeMeters>23.8</AltitudeMeters>
            <DistanceMeters>5203.56</DistanceMeters>
            <HeartRateBpm><Value>141</Value></HeartRateBpm>
            <Cadence>169</Cadence>
          </Trackpoint>
          <Trackpoint>
            <Time>2026-04-05T14:04:10.000Z</Time>
            <Position>
              <LatitudeDegrees>37.3686434</LatitudeDegrees>
              <LongitudeDegrees>-121.8479486</LongitudeDegrees>
            </Position>
            <AltitudeMeters>23.7</AltitudeMeters>
            <DistanceMeters>5216.28</DistanceMeters>
            <HeartRateBpm><Value>141</Value></HeartRateBpm>
            <Cadence>169</Cadence>
          </Trackpoint>
          <Trackpoint>
            <Time>2026-04-05T14:04:15.000Z</Time>
            <Position>
              <LatitudeDegrees>37.3685624</LatitudeDegrees>
              <LongitudeDegrees>-121.8480506</LongitudeDegrees>
            </Position>
            <AltitudeMeters>23.7</AltitudeMeters>
            <DistanceMeters>5229.01</DistanceMeters>
            <HeartRateBpm><Value>141</Value></HeartRateBpm>
            <Cadence>169</Cadence>
          </Trackpoint>
          <Trackpoint>
            <Time>2026-04-05T14:04:20.000Z</Time>
            <Position>
              <LatitudeDegrees>37.3684815</LatitudeDegrees>
              <LongitudeDegrees>-121.8481526</LongitudeDegrees>
            </Position>
            <AltitudeMeters>23.6</AltitudeMeters>
            <DistanceMeters>5241.73</DistanceMeters>
            <HeartRateBpm><Value>141</Value></HeartRateBpm>
            <Cadence>169</Cadence>
          </Trackpoint>
          <Trackpoint>
            <Time>2026-04-05T14:04:25.000Z</Time>
            <Position>
              <LatitudeDegrees>37.3684005</LatitudeDegrees>
              <LongitudeDegrees>-121.8482546</LongitudeDegrees>
            </Position>
            <AltitudeMeters>23.6</AltitudeMeters>
            <DistanceMeters>5254.45</DistanceMeters>
            <HeartRateBpm><Value>141</Value></HeartRateBpm>
            <Cadence>169</Cadence>
          </Trackpoint>
          <Trackpoint>
            <Time>2026-04-05T14:04:30.000Z</Time>
            <Position>
              <LatitudeDegrees>37.3683195</LatitudeDegrees>
              <LongitudeDegrees>-121.8483566</LongitudeDegrees>
            </Position>
            <AltitudeMeters>23.5</AltitudeMeters>
            <DistanceMeters>5267.18</DistanceMeters>
            <HeartRateBpm><Value>141</Value></HeartRateBpm>
            <Cadence>169</Cadence>
          </Trackpoint>
          <Trackpoint>
            <Time>2026-04-05T14:04:35.000Z</Time>
            <Position>
              <LatitudeDegrees>37.3682386</LatitudeDegrees>
              <LongitudeDegrees>-121.8484585</LongitudeDegrees>
            </Position>
            <AltitudeMeters>23.5</AltitudeMeters>
            <DistanceMeters>5279.90</DistanceMeters>
            <HeartRateBpm><Value>141</Value></HeartRateBpm>
            <Cadence>169</Cadence>
          </Trackpoint>
          <Trackpoint>
            <Time>2026-04-05T14:04:40.000Z</Time>
            <Position>
              <LatitudeDegrees>37.3681576</LatitudeDegrees>
              <LongitudeDegrees>-121.8485605</LongitudeDegrees>
            </Position>
            <AltitudeMeters>23.4</AltitudeMeters>
            <DistanceMeters>5292.62</DistanceMeters>
            <HeartRateBpm><Value>141</Value></HeartRateBpm>
            <Cadence>169</Cadence>
          </Trackpoint>
          <Trackpoint>
            <Time>2026-04-05T14:04:45.000Z</Time>
            <Position>
              <LatitudeDegrees>37.3680766</LatitudeDegrees>
              <LongitudeDegrees>-121.8486625</LongitudeDegrees>
            </Position>
            <AltitudeMeters>23.4</AltitudeMeters>
            <DistanceMeters>5305.34</DistanceMeters>
            <HeartRateBpm><Value>141</Value></HeartRateBpm>
            <Cadence>169</Cadence>
          </Trackpoint>
          <Trackpoint>
            <Time>2026-04-05T14:04:50.000Z</Time>
            <Position>
              <LatitudeDegrees>37.3679957</LatitudeDegrees>
              <LongitudeDegrees>-121.8487645</LongitudeDegrees>
            </Position>
            <AltitudeMeters>23.3</AltitudeMeters>
            <DistanceMeters>5318.07</DistanceMeters>
            <HeartRateBpm><Value>141</Value></HeartRateBpm>
            <Cadence>169</Cadence>
          </Trackpoint>
          <Trackpoint>
            <Time>2026-04-05T14:04:55.000Z</Time>
            <Position>
              <LatitudeDegrees>37.3679147</LatitudeDegrees>
              <LongitudeDegrees>-121.8488665</LongitudeDegrees>
            </Position>
            <AltitudeMeters>23.3</AltitudeMeters>
            <DistanceMeters>5330.79</DistanceMeters>
            <HeartRateBpm><Value>141</Value></HeartRateBpm>
            <Cadence>169</Cadence>
          </Trackpoint>
          <Trackpoint>
            <Time>2026-04-05T14:05:00.000Z</Time>
            <Position>
              <LatitudeDegrees>37.3678337</LatitudeDegrees>
              <LongitudeDegrees>-121.8489685</LongitudeDegrees>
            </Position>
            <AltitudeMeters>23.2</AltitudeMeters>
            <DistanceMeters>5343.51</DistanceMeters>
            <HeartRateBpm><Value>141</Value></HeartRateBpm>
            <Cadence>169</Cadence>
          </Trackpoint>
          <Trackpoint>
            <Time>2026-04-05T14:05:05.000Z</Time>
            <Position>
              <LatitudeDegrees>37.3677528</LatitudeDegrees>
              <LongitudeDegrees>-121.8490705</LongitudeDegrees>
            </Position>
            <AltitudeMeters>23.2</AltitudeMeters>
            <DistanceMeters>5356.23</DistanceMeters>
            <HeartRateBpm><Value>141</Value></HeartRateBpm>
            <Cadence>169</Cadence>
          </Trackpoint>
          <Trackpoint>
            <Time>2026-04-05T14:05:10.000Z</Time>
            <Position>
              <LatitudeDegrees>37.3676718</LatitudeDegrees>
              <LongitudeDegrees>-121.8491725</LongitudeDegrees>
            </Position>
            <AltitudeMeters>23.2</AltitudeMeters>
            <DistanceMeters>5368.96</DistanceMeters>
            <HeartRateBpm><Value>141</Value></HeartRateBpm>
            <Cadence>169</Cadence>
          </Trackpoint>
          <Trackpoint>
            <Time>2026-04-05T14:05:15.000Z</Time>
            <Position>
              <LatitudeDegrees>37.3675908</LatitudeDegrees>
              <LongitudeDegrees>-121.8492745</LongitudeDegrees>
            </Position>
            <AltitudeMeters>23.1</AltitudeMeters>
            <DistanceMeters>5381.68</DistanceMeters>
            <HeartRateBpm><Value>141</Value></HeartRateBpm>
            <Cadence>169</Cadence>
          </Trackpoint>
          <Trackpoint>
            <Time>2026-04-05T14:05:20.000Z</Time>
            <Position>
              <LatitudeDegrees>37.3675099</LatitudeDegrees>
              <LongitudeDegrees>-121.8493765</LongitudeDegrees>
            </Position>
            <AltitudeMeters>23.1</AltitudeMeters>
            <DistanceMeters>5394.40</DistanceMeters>
            <HeartRateBpm><Value>141</Value></HeartRateBpm>
            <Cadence>169</Cadence>
          </Trackpoint>
          <Trackpoint>
            <Time>2026-04-05T14:05:25.000Z</Time>
            <Position>
              <LatitudeDegrees>37.3674289</LatitudeDegrees>
              <LongitudeDegrees>-121.8494785</LongitudeDegrees>
            </Position>
            <AltitudeMeters>23.1</AltitudeMeters>
            <DistanceMeters>5407.12</DistanceMeters>
            <HeartRateBpm><Value>141</Value></HeartRateBpm>
            <Cadence>169</Cadence>
          </Trackpoint>
          <Trackpoint>
            <Time>2026-04-05T14:05:30.000Z</Time>
            <Position>
              <LatitudeDegrees>37.3673479</LatitudeDegrees>
              <LongitudeDegrees>-121.8495805</LongitudeDegrees>
            </Position>
            <AltitudeMeters>23.1</AltitudeMeters>
            <DistanceMeters>5419.85</DistanceMeters>
            <HeartRateBpm><Value>141</Value></HeartRateBpm>
            <Cadence>169</Cadence>
          </Trackpoint>
          <Trackpoint>
            <Time>2026-04-05T14:05:35.000Z</Time>
            <Position>
              <LatitudeDegrees>37.3672670</LatitudeDegrees>
              <LongitudeDegrees>-121.8496825</LongitudeDegrees>
            </Position>
            <AltitudeMeters>23</AltitudeMeters>
            <DistanceMeters>5432.57</DistanceMeters>
            <HeartRateBpm><Value>141</Value></HeartRateBpm>
            <Cadence>169</Cadence>
          </Trackpoint>
          <Trackpoint>
            <Time>2026-04-05T14:05:40.000Z</Time>
            <Position>
              <LatitudeDegrees>37.3671860</LatitudeDegrees>
              <LongitudeDegrees>-121.8497845</LongitudeDegrees>
            </Position>
            <AltitudeMeters>23</AltitudeMeters>
            <DistanceMeters>5445.29</DistanceMeters>
            <HeartRateBpm><Value>141</Value></HeartRateBpm>
            <Cadence>169</Cadence>
          </Trackpoint>
          <Trackpoint>
            <Time>2026-04-05T14:05:45.000Z</Time>
            <Position>
              <LatitudeDegrees>37.3671050</LatitudeDegrees>
              <LongitudeDegrees>-121.8498865</LongitudeDegrees>
            </Position>
            <AltitudeMeters>23</AltitudeMeters>
            <DistanceMeters>5458.02</DistanceMeters>
            <HeartRateBpm><Value>141</Value></HeartRateBpm>
            <Cadence>169</Cadence>
          </Trackpoint>
          <Trackpoint>
            <Time>2026-04-05T14:05:50.000Z</Time>
            <Position>
              <LatitudeDegrees>37.3670241</LatitudeDegrees>
              <LongitudeDegrees>-121.8499885</LongitudeDegrees>
            </Position>
            <AltitudeMeters>23</AltitudeMeters>
            <DistanceMeters>5470.74</DistanceMeters>
            <HeartRateBpm><Value>141</Value></HeartRateBpm>
            <Cadence>169</Cadence>
          </Trackpoint>
          <Trackpoint>
            <Time>2026-04-05T14:05:55.000Z</Time>
            <Position>
              <LatitudeDegrees>37.3669431</LatitudeDegrees>
              <LongitudeDegrees>-121.8500905</LongitudeDegrees>
            </Position>
            <AltitudeMeters>23</AltitudeMeters>
            <DistanceMeters>5483.46</DistanceMeters>
            <HeartRateBpm><Value>141</Value></HeartRateBpm>
            <Cadence>169</Cadence>
          </Trackpoint>
          <Trackpoint>
            <Time>2026-04-05T14:06:00.000Z</Time>
            <Position>
              <LatitudeDegrees>37.3668621</LatitudeDegrees>
              <LongitudeDegrees>-121.8501925</LongitudeDegrees>
            </Position>
            <AltitudeMeters>23</AltitudeMeters>
            <DistanceMeters>5496.18</DistanceMeters>
            <HeartRateBpm><Value>141</Value></HeartRateBpm>
            <Cadence>169</Cadence>
          </Trackpoint>
          <Trackpoint>
            <Time>2026-04-05T14:06:05.000Z</Time>
            <Position>
              <LatitudeDegrees>37.3667812</LatitudeDegrees>
              <LongitudeDegrees>-121.8502945</LongitudeDegrees>
            </Position>
            <AltitudeMeters>23</AltitudeMeters>
            <DistanceMeters>5508.91</DistanceMeters>
            <HeartRateBpm><Value>141</Value></HeartRateBpm>
            <Cadence>169</Cadence>
          </Trackpoint>
          <Trackpoint>
            <Time>2026-04-05T14:06:10.000Z</Time>
            <Position>
              <LatitudeDegrees>37.3667002</LatitudeDegrees>
              <LongitudeDegrees>-121.8503965</LongitudeDegrees>
            </Position>
            <AltitudeMeters>23</AltitudeMeters>
            <DistanceMeters>5521.63</DistanceMeters>
            <HeartRateBpm><Value>141</Value></HeartRateBpm>
            <Cadence>169</Cadence>
          </Trackpoint>
          <Trackpoint>
            <Time>2026-04-05T14:06:15.000Z</Time>
            <Position>
              <LatitudeDegrees>37.3666192</LatitudeDegrees>
              <LongitudeDegrees>-121.8504985</LongitudeDegrees>
            </Position>
            <AltitudeMeters>23</AltitudeMeters>
            <DistanceMeters>5534.35</DistanceMeters>
            <HeartRateBpm><Value>141</Value></HeartRateBpm>
            <Cadence>169</Cadence>
          </Trackpoint>
          <Trackpoint>
            <Time>2026-04-05T14:06:20.000Z</Time>
            <Position>
              <LatitudeDegrees>37.3665383</LatitudeDegrees>
              <LongitudeDegrees>-121.8506005</LongitudeDegrees>
            </Position>
            <AltitudeMeters>23</AltitudeMeters>
            <DistanceMeters>5547.07</DistanceMeters>
            <HeartRateBpm><Value>141</Value></HeartRateBpm>
            <Cadence>169</Cadence>
          </Trackpoint>
          <Trackpoint>
            <Time>2026-04-05T14:06:25.000Z</Time>
            <Position>
              <LatitudeDegrees>37.3664573</LatitudeDegrees>
              <LongitudeDegrees>-121.8507025</LongitudeDegrees>
            </Position>
            <AltitudeMeters>23</AltitudeMeters>
            <DistanceMeters>5559.80</DistanceMeters>
            <HeartRateBpm><Value>141</Value></HeartRateBpm>
            <Cadence>169</Cadence>
          </Trackpoint>
          <Trackpoint>
            <Time>2026-04-05T14:06:30.000Z</Time>
            <Position>
              <LatitudeDegrees>37.3663763</LatitudeDegrees>
              <LongitudeDegrees>-121.8508045</LongitudeDegrees>
            </Position>
            <AltitudeMeters>23.1</AltitudeMeters>
            <DistanceMeters>5572.52</DistanceMeters>
            <HeartRateBpm><Value>141</Value></HeartRateBpm>
            <Cadence>169</Cadence>
          </Trackpoint>
          <Trackpoint>
            <Time>2026-04-05T14:06:35.000Z</Time>
            <Position>
              <LatitudeDegrees>37.3662954</LatitudeDegrees>
              <LongitudeDegrees>-121.8509065</LongitudeDegrees>
            </Position>
            <AltitudeMeters>23.1</AltitudeMeters>
            <DistanceMeters>5585.24</DistanceMeters>
            <HeartRateBpm><Value>141</Value></HeartRateBpm>
            <Cadence>169</Cadence>
          </Trackpoint>
          <Trackpoint>
            <Time>2026-04-05T14:06:40.000Z</Time>
            <Position>
              <LatitudeDegrees>37.3662144</LatitudeDegrees>
              <LongitudeDegrees>-121.8510085</LongitudeDegrees>
            </Position>
            <AltitudeMeters>23.1</AltitudeMeters>
            <DistanceMeters>5597.96</DistanceMeters>
            <HeartRateBpm><Value>141</Value></HeartRateBpm>
            <Cadence>169</Cadence>
          </Trackpoint>
          <Trackpoint>
            <Time>2026-04-05T14:06:45.000Z</Time>
            <Position>
              <LatitudeDegrees>37.3661334</LatitudeDegrees>
              <LongitudeDegrees>-121.8511105</LongitudeDegrees>
            </Position>
            <AltitudeMeters>23.1</AltitudeMeters>
            <DistanceMeters>5610.69</DistanceMeters>
            <HeartRateBpm><Value>141</Value></HeartRateBpm>
            <Cadence>169</Cadence>
          </Trackpoint>
          <Trackpoint>
            <Time>2026-04-05T14:06:50.000Z</Time>
            <Position>
              <LatitudeDegrees>37.3660525</LatitudeDegrees>
              <LongitudeDegrees>-121.8512125</LongitudeDegrees>
            </Position>
            <AltitudeMeters>23.1</AltitudeMeters>
            <DistanceMeters>5623.41</DistanceMeters>
            <HeartRateBpm><Value>141</Value></HeartRateBpm>
            <Cadence>169</Cadence>
          </Trackpoint>
          <Trackpoint>
            <Time>2026-04-05T14:06:55.000Z</Time>
            <Position>
              <LatitudeDegrees>37.3659715</LatitudeDegrees>
              <LongitudeDegrees>-121.8513145</LongitudeDegrees>
            </Position>
            <AltitudeMeters>23.2</AltitudeMeters>
            <DistanceMeters>5636.13</DistanceMeters>
            <HeartRateBpm><Value>141</Value></HeartRateBpm>
            <Cadence>169</Cadence>
          </Trackpoint>
          <Trackpoint>
            <Time>2026-04-05T14:07:00.000Z</Time>
            <Position>
              <LatitudeDegrees>37.3658905</LatitudeDegrees>
              <LongitudeDegrees>-121.8514165</LongitudeDegrees>
            </Position>
            <AltitudeMeters>23.2</AltitudeMeters>
            <DistanceMeters>5648.85</DistanceMeters>
            <HeartRateBpm><Value>141</Value></HeartRateBpm>
            <Cadence>169</Cadence>
          </Trackpoint>
          <Trackpoint>
            <Time>2026-04-05T14:07:05.000Z</Time>
            <Position>
              <LatitudeDegrees>37.3658096</LatitudeDegrees>
              <LongitudeDegrees>-121.8515185</LongitudeDegrees>
            </Position>
            <AltitudeMeters>23.3</AltitudeMeters>
            <DistanceMeters>5661.58</DistanceMeters>
            <HeartRateBpm><Value>141</Value></HeartRateBpm>
            <Cadence>169</Cadence>
          </Trackpoint>
          <Trackpoint>
            <Time>2026-04-05T14:07:10.000Z</Time>
            <Position>
              <LatitudeDegrees>37.3657286</LatitudeDegrees>
              <LongitudeDegrees>-121.8516205</LongitudeDegrees>
            </Position>
            <AltitudeMeters>23.3</AltitudeMeters>
            <DistanceMeters>5674.30</DistanceMeters>
            <HeartRateBpm><Value>141</Value></HeartRateBpm>
            <Cadence>169</Cadence>
          </Trackpoint>
          <Trackpoint>
            <Time>2026-04-05T14:07:15.000Z</Time>
            <Position>
              <LatitudeDegrees>37.3656476</LatitudeDegrees>
              <LongitudeDegrees>-121.8517225</LongitudeDegrees>
            </Position>
            <AltitudeMeters>23.3</AltitudeMeters>
            <DistanceMeters>5687.02</DistanceMeters>
            <HeartRateBpm><Value>141</Value></HeartRateBpm>
            <Cadence>169</Cadence>
          </Trackpoint>
          <Trackpoint>
            <Time>2026-04-05T14:07:20.000Z</Time>
            <Position>
              <LatitudeDegrees>37.3655667</LatitudeDegrees>
              <LongitudeDegrees>-121.8518245</LongitudeDegrees>
            </Position>
            <AltitudeMeters>23.4</AltitudeMeters>
            <DistanceMeters>5699.75</DistanceMeters>
            <HeartRateBpm><Value>141</Value></HeartRateBpm>
            <Cadence>169</Cadence>
          </Trackpoint>
          <Trackpoint>
            <Time>2026-04-05T14:07:25.000Z</Time>
            <Position>
              <LatitudeDegrees>37.3654857</LatitudeDegrees>
              <LongitudeDegrees>-121.8519265</LongitudeDegrees>
            </Position>
            <AltitudeMeters>23.4</AltitudeMeters>
            <DistanceMeters>5712.47</DistanceMeters>
            <HeartRateBpm><Value>141</Value></HeartRateBpm>
            <Cadence>169</Cadence>
          </Trackpoint>
          <Trackpoint>
            <Time>2026-04-05T14:07:30.000Z</Time>
            <Position>
              <LatitudeDegrees>37.3654047</LatitudeDegrees>
              <LongitudeDegrees>-121.8520285</LongitudeDegrees>
            </Position>
            <AltitudeMeters>23.5</AltitudeMeters>
            <DistanceMeters>5725.19</DistanceMeters>
            <HeartRateBpm><Value>141</Value></HeartRateBpm>
            <Cadence>169</Cadence>
          </Trackpoint>
          <Trackpoint>
            <Time>2026-04-05T14:07:35.000Z</Time>
            <Position>
              <LatitudeDegrees>37.3653238</LatitudeDegrees>
              <LongitudeDegrees>-121.8521305</LongitudeDegrees>
            </Position>
            <AltitudeMeters>23.5</AltitudeMeters>
            <DistanceMeters>5737.91</DistanceMeters>
            <HeartRateBpm><Value>141</Value></HeartRateBpm>
            <Cadence>169</Cadence>
          </Trackpoint>
          <Trackpoint>
            <Time>2026-04-05T14:07:40.000Z</Time>
            <Position>
              <LatitudeDegrees>37.3652428</LatitudeDegrees>
              <LongitudeDegrees>-121.8522325</LongitudeDegrees>
            </Position>
            <AltitudeMeters>23.6</AltitudeMeters>
            <DistanceMeters>5750.64</DistanceMeters>
            <HeartRateBpm><Value>141</Value></HeartRateBpm>
            <Cadence>169</Cadence>
          </Trackpoint>
          <Trackpoint>
            <Time>2026-04-05T14:07:45.000Z</Time>
            <Position>
              <LatitudeDegrees>37.3651618</LatitudeDegrees>
              <LongitudeDegrees>-121.8523345</LongitudeDegrees>
            </Position>
            <AltitudeMeters>23.6</AltitudeMeters>
            <DistanceMeters>5763.36</DistanceMeters>
            <HeartRateBpm><Value>141</Value></HeartRateBpm>
            <Cadence>169</Cadence>
          </Trackpoint>
          <Trackpoint>
            <Time>2026-04-05T14:07:50.000Z</Time>
            <Position>
              <LatitudeDegrees>37.3650809</LatitudeDegrees>
              <LongitudeDegrees>-121.8524365</LongitudeDegrees>
            </Position>
            <AltitudeMeters>23.7</AltitudeMeters>
            <DistanceMeters>5776.08</DistanceMeters>
            <HeartRateBpm><Value>141</Value></HeartRateBpm>
            <Cadence>169</Cadence>
          </Trackpoint>
          <Trackpoint>
            <Time>2026-04-05T14:07:55.000Z</Time>
            <Position>
              <LatitudeDegrees>37.3649999</LatitudeDegrees>
              <LongitudeDegrees>-121.8525385</LongitudeDegrees>
            </Position>
            <AltitudeMeters>23.8</AltitudeMeters>
            <DistanceMeters>5788.80</DistanceMeters>
            <HeartRateBpm><Value>141</Value></HeartRateBpm>
            <Cadence>169</Cadence>
          </Trackpoint>
          <Trackpoint>
            <Time>2026-04-05T14:08:00.000Z</Time>
            <Position>
              <LatitudeDegrees>37.3649189</LatitudeDegrees>
              <LongitudeDegrees>-121.8526405</LongitudeDegrees>
            </Position>
            <AltitudeMeters>23.8</AltitudeMeters>
            <DistanceMeters>5801.53</DistanceMeters>
            <HeartRateBpm><Value>141</Value></HeartRateBpm>
            <Cadence>169</Cadence>
          </Trackpoint>
          <Trackpoint>
            <Time>2026-04-05T14:08:05.000Z</Time>
            <Position>
              <LatitudeDegrees>37.3648380</LatitudeDegrees>
              <LongitudeDegrees>-121.8527425</LongitudeDegrees>
            </Position>
            <AltitudeMeters>23.9</AltitudeMeters>
            <DistanceMeters>5814.25</DistanceMeters>
            <HeartRateBpm><Value>141</Value></HeartRateBpm>
            <Cadence>169</Cadence>
          </Trackpoint>
          <Trackpoint>
            <Time>2026-04-05T14:08:10.000Z</Time>
            <Position>
              <LatitudeDegrees>37.3647570</LatitudeDegrees>
              <LongitudeDegrees>-121.8528445</LongitudeDegrees>
            </Position>
            <AltitudeMeters>24</AltitudeMeters>
            <DistanceMeters>5826.97</DistanceMeters>
            <HeartRateBpm><Value>141</Value></HeartRateBpm>
            <Cadence>169</Cadence>
          </Trackpoint>
          <Trackpoint>
            <Time>2026-04-05T14:08:15.000Z</Time>
            <Position>
              <LatitudeDegrees>37.3646760</LatitudeDegrees>
              <LongitudeDegrees>-121.8529465</LongitudeDegrees>
            </Position>
            <AltitudeMeters>24</AltitudeMeters>
            <DistanceMeters>5839.69</DistanceMeters>
            <HeartRateBpm><Value>141</Value></HeartRateBpm>
            <Cadence>169</Cadence>
          </Trackpoint>
          <Trackpoint>
            <Time>2026-04-05T14:08:20.000Z</Time>
            <Position>
              <LatitudeDegrees>37.3645951</LatitudeDegrees>
              <LongitudeDegrees>-121.8530485</LongitudeDegrees>
            </Position>
            <AltitudeMeters>24.1</AltitudeMeters>
            <DistanceMeters>5852.42</DistanceMeters>
            <HeartRateBpm><Value>141</Value></HeartRateBpm>
            <Cadence>169</Cadence>
          </Trackpoint>
          <Trackpoint>
            <Time>2026-04-05T14:08:25.000Z</Time>
            <Position>
              <LatitudeDegrees>37.3645141</LatitudeDegrees>
              <LongitudeDegrees>-121.8531505</LongitudeDegrees>
            </Position>
            <AltitudeMeters>24.2</AltitudeMeters>
            <DistanceMeters>5865.14</DistanceMeters>
            <HeartRateBpm><Value>141</Value></HeartRateBpm>
            <Cadence>169</Cadence>
          </Trackpoint>
          <Trackpoint>
            <Time>2026-04-05T14:08:30.000Z</Time>
            <Position>
              <LatitudeDegrees>37.3644331</LatitudeDegrees>
              <LongitudeDegrees>-121.8532525</LongitudeDegrees>
            </Position>
            <AltitudeMeters>24.3</AltitudeMeters>
            <DistanceMeters>5877.86</DistanceMeters>
            <HeartRateBpm><Value>141</Value></HeartRateBpm>
            <Cadence>169</Cadence>
          </Trackpoint>
          <Trackpoint>
            <Time>2026-04-05T14:08:35.000Z</Time>
            <Position>
              <LatitudeDegrees>37.3643522</LatitudeDegrees>
              <LongitudeDegrees>-121.8533545</LongitudeDegrees>
            </Position>
            <AltitudeMeters>24.3</AltitudeMeters>
            <DistanceMeters>5890.59</DistanceMeters>
            <HeartRateBpm><Value>141</Value></HeartRateBpm>
            <Cadence>169</Cadence>
          </Trackpoint>
          <Trackpoint>
            <Time>2026-04-05T14:08:40.000Z</Time>
            <Position>
              <LatitudeDegrees>37.3642712</LatitudeDegrees>
              <LongitudeDegrees>-121.8534565</LongitudeDegrees>
            </Position>
            <AltitudeMeters>24.4</AltitudeMeters>
            <DistanceMeters>5903.31</DistanceMeters>
            <HeartRateBpm><Value>141</Value></HeartRateBpm>
            <Cadence>169</Cadence>
          </Trackpoint>
          <Trackpoint>
            <Time>2026-04-05T14:08:45.000Z</Time>
            <Position>
              <LatitudeDegrees>37.3641902</LatitudeDegrees>
              <LongitudeDegrees>-121.8535585</LongitudeDegrees>
            </Position>
            <AltitudeMeters>24.5</AltitudeMeters>
            <DistanceMeters>5916.03</DistanceMeters>
            <HeartRateBpm><Value>141</Value></HeartRateBpm>
            <Cadence>169</Cadence>
          </Trackpoint>
          <Trackpoint>
            <Time>2026-04-05T14:08:50.000Z</Time>
            <Position>
              <LatitudeDegrees>37.3641093</LatitudeDegrees>
              <LongitudeDegrees>-121.8536605</LongitudeDegrees>
            </Position>
            <AltitudeMeters>24.6</AltitudeMeters>
            <DistanceMeters>5928.75</DistanceMeters>
            <HeartRateBpm><Value>141</Value></HeartRateBpm>
            <Cadence>169</Cadence>
          </Trackpoint>
          <Trackpoint>
            <Time>2026-04-05T14:08:55.000Z</Time>
            <Position>
              <LatitudeDegrees>37.3640283</LatitudeDegrees>
              <LongitudeDegrees>-121.8537625</LongitudeDegrees>
            </Position>
            <AltitudeMeters>24.6</AltitudeMeters>
            <DistanceMeters>5941.48</DistanceMeters>
            <HeartRateBpm><Value>141</Value></HeartRateBpm>
            <Cadence>169</Cadence>
          </Trackpoint>
          <Trackpoint>
            <Time>2026-04-05T14:09:00.000Z</Time>
            <Position>
              <LatitudeDegrees>37.3639473</LatitudeDegrees>
              <LongitudeDegrees>-121.8538645</LongitudeDegrees>
            </Position>
            <AltitudeMeters>24.7</AltitudeMeters>
            <DistanceMeters>5954.20</DistanceMeters>
            <HeartRateBpm><Value>141</Value></HeartRateBpm>
            <Cadence>169</Cadence>
          </Trackpoint>
          <Trackpoint>
            <Time>2026-04-05T14:09:05.000Z</Time>
            <Position>
              <LatitudeDegrees>37.3638664</LatitudeDegrees>
              <LongitudeDegrees>-121.8539665</LongitudeDegrees>
            </Position>
            <AltitudeMeters>24.8</AltitudeMeters>
            <DistanceMeters>5966.92</DistanceMeters>
            <HeartRateBpm><Value>141</Value></HeartRateBpm>
            <Cadence>169</Cadence>
          </Trackpoint>
          <Trackpoint>
            <Time>2026-04-05T14:09:10.000Z</Time>
            <Position>
              <LatitudeDegrees>37.3637854</LatitudeDegrees>
              <LongitudeDegrees>-121.8540685</LongitudeDegrees>
            </Position>
            <AltitudeMeters>24.9</AltitudeMeters>
            <DistanceMeters>5979.64</DistanceMeters>
            <HeartRateBpm><Value>141</Value></HeartRateBpm>
            <Cadence>169</Cadence>
          </Trackpoint>
          <Trackpoint>
            <Time>2026-04-05T14:09:15.000Z</Time>
            <Position>
              <LatitudeDegrees>37.3637044</LatitudeDegrees>
              <LongitudeDegrees>-121.8541705</LongitudeDegrees>
            </Position>
            <AltitudeMeters>25</AltitudeMeters>
            <DistanceMeters>5992.37</DistanceMeters>
            <HeartRateBpm><Value>141</Value></HeartRateBpm>
            <Cadence>169</Cadence>
          </Trackpoint>
          <Trackpoint>
            <Time>2026-04-05T14:09:20.000Z</Time>
            <Position>
              <LatitudeDegrees>37.3636235</LatitudeDegrees>
              <LongitudeDegrees>-121.8542725</LongitudeDegrees>
            </Position>
            <AltitudeMeters>25</AltitudeMeters>
            <DistanceMeters>6005.09</DistanceMeters>
            <HeartRateBpm><Value>141</Value></HeartRateBpm>
            <Cadence>169</Cadence>
          </Trackpoint>
          <Trackpoint>
            <Time>2026-04-05T14:09:25.000Z</Time>
            <Position>
              <LatitudeDegrees>37.3635425</LatitudeDegrees>
              <LongitudeDegrees>-121.8543745</LongitudeDegrees>
            </Position>
            <AltitudeMeters>25.1</AltitudeMeters>
            <DistanceMeters>6017.81</DistanceMeters>
            <HeartRateBpm><Value>141</Value></HeartRateBpm>
            <Cadence>169</Cadence>
          </Trackpoint>
          <Trackpoint>
            <Time>2026-04-05T14:09:30.000Z</Time>
            <Position>
              <LatitudeDegrees>37.3634615</LatitudeDegrees>
              <LongitudeDegrees>-121.8544765</LongitudeDegrees>
            </Position>
            <AltitudeMeters>25.2</AltitudeMeters>
            <DistanceMeters>6030.53</DistanceMeters>
            <HeartRateBpm><Value>141</Value></HeartRateBpm>
            <Cadence>169</Cadence>
          </Trackpoint>
          <Trackpoint>
            <Time>2026-04-05T14:09:35.000Z</Time>
            <Position>
              <LatitudeDegrees>37.3633806</LatitudeDegrees>
              <LongitudeDegrees>-121.8545785</LongitudeDegrees>
            </Position>
            <AltitudeMeters>25.3</AltitudeMeters>
            <DistanceMeters>6043.26</DistanceMeters>
            <HeartRateBpm><Value>141</Value></HeartRateBpm>
            <Cadence>169</Cadence>
          </Trackpoint>
          <Trackpoint>
            <Time>2026-04-05T14:09:40.000Z</Time>
            <Position>
              <LatitudeDegrees>37.3632996</LatitudeDegrees>
              <LongitudeDegrees>-121.8546805</LongitudeDegrees>
            </Position>
            <AltitudeMeters>25.3</AltitudeMeters>
            <DistanceMeters>6055.98</DistanceMeters>
            <HeartRateBpm><Value>141</Value></HeartRateBpm>
            <Cadence>169</Cadence>
          </Trackpoint>
          <Trackpoint>
            <Time>2026-04-05T14:09:45.000Z</Time>
            <Position>
              <LatitudeDegrees>37.3632187</LatitudeDegrees>
              <LongitudeDegrees>-121.8547825</LongitudeDegrees>
            </Position>
            <AltitudeMeters>25.4</AltitudeMeters>
            <DistanceMeters>6068.70</DistanceMeters>
            <HeartRateBpm><Value>141</Value></HeartRateBpm>
            <Cadence>169</Cadence>
          </Trackpoint>
          <Trackpoint>
            <Time>2026-04-05T14:09:50.000Z</Time>
            <Position>
              <LatitudeDegrees>37.3631377</LatitudeDegrees>
              <LongitudeDegrees>-121.8548845</LongitudeDegrees>
            </Position>
            <AltitudeMeters>25.5</AltitudeMeters>
            <DistanceMeters>6081.42</DistanceMeters>
            <HeartRateBpm><Value>141</Value></HeartRateBpm>
            <Cadence>169</Cadence>
          </Trackpoint>
          <Trackpoint>
            <Time>2026-04-05T14:09:55.000Z</Time>
            <Position>
              <LatitudeDegrees>37.3630567</LatitudeDegrees>
              <LongitudeDegrees>-121.8549865</LongitudeDegrees>
            </Position>
            <AltitudeMeters>25.6</AltitudeMeters>
            <DistanceMeters>6094.15</DistanceMeters>
            <HeartRateBpm><Value>141</Value></HeartRateBpm>
            <Cadence>169</Cadence>
          </Trackpoint>
          <Trackpoint>
            <Time>2026-04-05T14:10:00.000Z</Time>
            <Position>
              <LatitudeDegrees>37.3629758</LatitudeDegrees>
              <LongitudeDegrees>-121.8550885</LongitudeDegrees>
            </Position>
            <AltitudeMeters>25.7</AltitudeMeters>
            <DistanceMeters>6106.87</DistanceMeters>
            <HeartRateBpm><Value>141</Value></HeartRateBpm>
            <Cadence>169</Cadence>
          </Trackpoint>
          <Trackpoint>
            <Time>2026-04-05T14:10:05.000Z</Time>
            <Position>
              <LatitudeDegrees>37.3628948</LatitudeDegrees>
              <LongitudeDegrees>-121.8551905</LongitudeDegrees>
            </Position>
            <AltitudeMeters>25.7</AltitudeMeters>
            <DistanceMeters>6119.59</DistanceMeters>
            <HeartRateBpm><Value>141</Value></HeartRateBpm>
            <Cadence>169</Cadence>
          </Trackpoint>
          <Trackpoint>
            <Time>2026-04-05T14:10:10.000Z</Time>
            <Position>
              <LatitudeDegrees>37.3628138</LatitudeDegrees>
              <LongitudeDegrees>-121.8552924</LongitudeDegrees>
            </Position>
            <AltitudeMeters>25.8</AltitudeMeters>
            <DistanceMeters>6132.32</DistanceMeters>
            <HeartRateBpm><Value>141</Value></HeartRateBpm>
            <Cadence>169</Cadence>
          </Trackpoint>
          <Trackpoint>
            <Time>2026-04-05T14:10:15.000Z</Time>
            <Position>
              <LatitudeDegrees>37.3627329</LatitudeDegrees>
              <LongitudeDegrees>-121.8553944</LongitudeDegrees>
            </Position>
            <AltitudeMeters>25.9</AltitudeMeters>
            <DistanceMeters>6145.04</DistanceMeters>
            <HeartRateBpm><Value>141</Value></HeartRateBpm>
            <Cadence>169</Cadence>
          </Trackpoint>
          <Trackpoint>
            <Time>2026-04-05T14:10:20.000Z</Time>
            <Position>
              <LatitudeDegrees>37.3626519</LatitudeDegrees>
              <LongitudeDegrees>-121.8554964</LongitudeDegrees>
            </Position>
            <AltitudeMeters>26</AltitudeMeters>
            <DistanceMeters>6157.76</DistanceMeters>
            <HeartRateBpm><Value>141</Value></HeartRateBpm>
            <Cadence>169</Cadence>
          </Trackpoint>
          <Trackpoint>
            <Time>2026-04-05T14:10:25.000Z</Time>
            <Position>
              <LatitudeDegrees>37.3625709</LatitudeDegrees>
              <LongitudeDegrees>-121.8555984</LongitudeDegrees>
            </Position>
            <AltitudeMeters>26</AltitudeMeters>
            <DistanceMeters>6170.48</DistanceMeters>
            <HeartRateBpm><Value>141</Value></HeartRateBpm>
            <Cadence>169</Cadence>
          </Trackpoint>
          <Trackpoint>
            <Time>2026-04-05T14:10:30.000Z</Time>
            <Position>
              <LatitudeDegrees>37.3624900</LatitudeDegrees>
              <LongitudeDegrees>-121.8557004</LongitudeDegrees>
            </Position>
            <AltitudeMeters>26.1</AltitudeMeters>
            <DistanceMeters>6183.21</DistanceMeters>
            <HeartRateBpm><Value>141</Value></HeartRateBpm>
            <Cadence>169</Cadence>
          </Trackpoint>
          <Trackpoint>
            <Time>2026-04-05T14:10:35.000Z</Time>
            <Position>
              <LatitudeDegrees>37.3624090</LatitudeDegrees>
              <LongitudeDegrees>-121.8558024</LongitudeDegrees>
            </Position>
            <AltitudeMeters>26.2</AltitudeMeters>
            <DistanceMeters>6195.93</DistanceMeters>
            <HeartRateBpm><Value>141</Value></HeartRateBpm>
            <Cadence>169</Cadence>
          </Trackpoint>
          <Trackpoint>
            <Time>2026-04-05T14:10:40.000Z</Time>
            <Position>
              <LatitudeDegrees>37.3623280</LatitudeDegrees>
              <LongitudeDegrees>-121.8559044</LongitudeDegrees>
            </Position>
            <AltitudeMeters>26.2</AltitudeMeters>
            <DistanceMeters>6208.65</DistanceMeters>
            <HeartRateBpm><Value>141</Value></HeartRateBpm>
            <Cadence>169</Cadence>
          </Trackpoint>
          <Trackpoint>
            <Time>2026-04-05T14:10:45.000Z</Time>
            <Position>
              <LatitudeDegrees>37.3622471</LatitudeDegrees>
              <LongitudeDegrees>-121.8560064</LongitudeDegrees>
            </Position>
            <AltitudeMeters>26.3</AltitudeMeters>
            <DistanceMeters>6221.37</DistanceMeters>
            <HeartRateBpm><Value>141</Value></HeartRateBpm>
            <Cadence>169</Cadence>
          </Trackpoint>
          <Trackpoint>
            <Time>2026-04-05T14:10:50.000Z</Time>
            <Position>
              <LatitudeDegrees>37.3621661</LatitudeDegrees>
              <LongitudeDegrees>-121.8561084</LongitudeDegrees>
            </Position>
            <AltitudeMeters>26.3</AltitudeMeters>
            <DistanceMeters>6234.10</DistanceMeters>
            <HeartRateBpm><Value>141</Value></HeartRateBpm>
            <Cadence>169</Cadence>
          </Trackpoint>
          <Trackpoint>
            <Time>2026-04-05T14:10:55.000Z</Time>
            <Position>
              <LatitudeDegrees>37.3620851</LatitudeDegrees>
              <LongitudeDegrees>-121.8562104</LongitudeDegrees>
            </Position>
            <AltitudeMeters>26.4</AltitudeMeters>
            <DistanceMeters>6246.82</DistanceMeters>
            <HeartRateBpm><Value>141</Value></HeartRateBpm>
            <Cadence>169</Cadence>
          </Trackpoint>
          <Trackpoint>
            <Time>2026-04-05T14:11:00.000Z</Time>
            <Position>
              <LatitudeDegrees>37.3620042</LatitudeDegrees>
              <LongitudeDegrees>-121.8563124</LongitudeDegrees>
            </Position>
            <AltitudeMeters>26.5</AltitudeMeters>
            <DistanceMeters>6259.54</DistanceMeters>
            <HeartRateBpm><Value>141</Value></HeartRateBpm>
            <Cadence>169</Cadence>
          </Trackpoint>
          <Trackpoint>
            <Time>2026-04-05T14:11:05.000Z</Time>
            <Position>
              <LatitudeDegrees>37.3619232</LatitudeDegrees>
              <LongitudeDegrees>-121.8564144</LongitudeDegrees>
            </Position>
            <AltitudeMeters>26.5</AltitudeMeters>
            <DistanceMeters>6272.26</DistanceMeters>
            <HeartRateBpm><Value>141</Value></HeartRateBpm>
            <Cadence>169</Cadence>
          </Trackpoint>
          <Trackpoint>
            <Time>2026-04-05T14:11:10.000Z</Time>
            <Position>
              <LatitudeDegrees>37.3618422</LatitudeDegrees>
              <LongitudeDegrees>-121.8565164</LongitudeDegrees>
            </Position>
            <AltitudeMeters>26.6</AltitudeMeters>
            <DistanceMeters>6284.99</DistanceMeters>
            <HeartRateBpm><Value>141</Value></HeartRateBpm>
            <Cadence>169</Cadence>
          </Trackpoint>
          <Trackpoint>
            <Time>2026-04-05T14:11:15.000Z</Time>
            <Position>
              <LatitudeDegrees>37.3617613</LatitudeDegrees>
              <LongitudeDegrees>-121.8566184</LongitudeDegrees>
            </Position>
            <AltitudeMeters>26.6</AltitudeMeters>
            <DistanceMeters>6297.71</DistanceMeters>
            <HeartRateBpm><Value>141</Value></HeartRateBpm>
            <Cadence>169</Cadence>
          </Trackpoint>
          <Trackpoint>
            <Time>2026-04-05T14:11:20.000Z</Time>
            <Position>
              <LatitudeDegrees>37.3616803</LatitudeDegrees>
              <LongitudeDegrees>-121.8567204</LongitudeDegrees>
            </Position>
            <AltitudeMeters>26.7</AltitudeMeters>
            <DistanceMeters>6310.43</DistanceMeters>
            <HeartRateBpm><Value>141</Value></HeartRateBpm>
            <Cadence>169</Cadence>
          </Trackpoint>
          <Trackpoint>
            <Time>2026-04-05T14:11:25.000Z</Time>
            <Position>
              <LatitudeDegrees>37.3615993</LatitudeDegrees>
              <LongitudeDegrees>-121.8568224</LongitudeDegrees>
            </Position>
            <AltitudeMeters>26.7</AltitudeMeters>
            <DistanceMeters>6323.16</DistanceMeters>
            <HeartRateBpm><Value>141</Value></HeartRateBpm>
            <Cadence>169</Cadence>
          </Trackpoint>
          <Trackpoint>
            <Time>2026-04-05T14:11:30.000Z</Time>
            <Position>
              <LatitudeDegrees>37.3615184</LatitudeDegrees>
              <LongitudeDegrees>-121.8569244</LongitudeDegrees>
            </Position>
            <AltitudeMeters>26.7</AltitudeMeters>
            <DistanceMeters>6335.88</DistanceMeters>
            <HeartRateBpm><Value>141</Value></HeartRateBpm>
            <Cadence>169</Cadence>
          </Trackpoint>
          <Trackpoint>
            <Time>2026-04-05T14:11:35.000Z</Time>
            <Position>
              <LatitudeDegrees>37.3614374</LatitudeDegrees>
              <LongitudeDegrees>-121.8570264</LongitudeDegrees>
            </Position>
            <AltitudeMeters>26.8</AltitudeMeters>
            <DistanceMeters>6348.60</DistanceMeters>
            <HeartRateBpm><Value>141</Value></HeartRateBpm>
            <Cadence>169</Cadence>
          </Trackpoint>
          <Trackpoint>
            <Time>2026-04-05T14:11:40.000Z</Time>
            <Position>
              <LatitudeDegrees>37.3613564</LatitudeDegrees>
              <LongitudeDegrees>-121.8571284</LongitudeDegrees>
            </Position>
            <AltitudeMeters>26.8</AltitudeMeters>
            <DistanceMeters>6361.32</DistanceMeters>
            <HeartRateBpm><Value>141</Value></HeartRateBpm>
            <Cadence>169</Cadence>
          </Trackpoint>
          <Trackpoint>
            <Time>2026-04-05T14:11:45.000Z</Time>
            <Position>
              <LatitudeDegrees>37.3612755</LatitudeDegrees>
              <LongitudeDegrees>-121.8572304</LongitudeDegrees>
            </Position>
            <AltitudeMeters>26.8</AltitudeMeters>
            <DistanceMeters>6374.05</DistanceMeters>
            <HeartRateBpm><Value>141</Value></HeartRateBpm>
            <Cadence>169</Cadence>
          </Trackpoint>
          <Trackpoint>
            <Time>2026-04-05T14:11:50.000Z</Time>
            <Position>
              <LatitudeDegrees>37.3611945</LatitudeDegrees>
              <LongitudeDegrees>-121.8573324</LongitudeDegrees>
            </Position>
            <AltitudeMeters>26.9</AltitudeMeters>
            <DistanceMeters>6386.77</DistanceMeters>
            <HeartRateBpm><Value>141</Value></HeartRateBpm>
            <Cadence>169</Cadence>
          </Trackpoint>
          <Trackpoint>
            <Time>2026-04-05T14:11:55.000Z</Time>
            <Position>
              <LatitudeDegrees>37.3611135</LatitudeDegrees>
              <LongitudeDegrees>-121.8574344</LongitudeDegrees>
            </Position>
            <AltitudeMeters>26.9</AltitudeMeters>
            <DistanceMeters>6399.49</DistanceMeters>
            <HeartRateBpm><Value>141</Value></HeartRateBpm>
            <Cadence>169</Cadence>
          </Trackpoint>
          <Trackpoint>
            <Time>2026-04-05T14:12:00.000Z</Time>
            <Position>
              <LatitudeDegrees>37.3610326</LatitudeDegrees>
              <LongitudeDegrees>-121.8575364</LongitudeDegrees>
            </Position>
            <AltitudeMeters>26.9</AltitudeMeters>
            <DistanceMeters>6412.21</DistanceMeters>
            <HeartRateBpm><Value>141</Value></HeartRateBpm>
            <Cadence>169</Cadence>
          </Trackpoint>
          <Trackpoint>
            <Time>2026-04-05T14:12:05.000Z</Time>
            <Position>
              <LatitudeDegrees>37.3609516</LatitudeDegrees>
              <LongitudeDegrees>-121.8576384</LongitudeDegrees>
            </Position>
            <AltitudeMeters>26.9</AltitudeMeters>
            <DistanceMeters>6424.94</DistanceMeters>
            <HeartRateBpm><Value>141</Value></HeartRateBpm>
            <Cadence>169</Cadence>
          </Trackpoint>
          <Trackpoint>
            <Time>2026-04-05T14:12:10.000Z</Time>
            <Position>
              <LatitudeDegrees>37.3608706</LatitudeDegrees>
              <LongitudeDegrees>-121.8577404</LongitudeDegrees>
            </Position>
            <AltitudeMeters>27</AltitudeMeters>
            <DistanceMeters>6437.66</DistanceMeters>
            <HeartRateBpm><Value>141</Value></HeartRateBpm>
            <Cadence>169</Cadence>
          </Trackpoint>
          <Trackpoint>
            <Time>2026-04-05T14:12:15.000Z</Time>
            <Position>
              <LatitudeDegrees>37.3607897</LatitudeDegrees>
              <LongitudeDegrees>-121.8578424</LongitudeDegrees>
            </Position>
            <AltitudeMeters>27</AltitudeMeters>
            <DistanceMeters>6450.38</DistanceMeters>
            <HeartRateBpm><Value>141</Value></HeartRateBpm>
            <Cadence>169</Cadence>
          </Trackpoint>
          <Trackpoint>
            <Time>2026-04-05T14:12:20.000Z</Time>
            <Position>
              <LatitudeDegrees>37.3607087</LatitudeDegrees>
              <LongitudeDegrees>-121.8579444</LongitudeDegrees>
            </Position>
            <AltitudeMeters>27</AltitudeMeters>
            <DistanceMeters>6463.10</DistanceMeters>
            <HeartRateBpm><Value>141</Value></HeartRateBpm>
            <Cadence>169</Cadence>
          </Trackpoint>
          <Trackpoint>
            <Time>2026-04-05T14:12:25.000Z</Time>
            <Position>
              <LatitudeDegrees>37.3606277</LatitudeDegrees>
              <LongitudeDegrees>-121.8580464</LongitudeDegrees>
            </Position>
            <AltitudeMeters>27</AltitudeMeters>
            <DistanceMeters>6475.83</DistanceMeters>
            <HeartRateBpm><Value>141</Value></HeartRateBpm>
            <Cadence>169</Cadence>
          </Trackpoint>
          <Trackpoint>
            <Time>2026-04-05T14:12:30.000Z</Time>
            <Position>
              <LatitudeDegrees>37.3605468</LatitudeDegrees>
              <LongitudeDegrees>-121.8581484</LongitudeDegrees>
            </Position>
            <AltitudeMeters>27</AltitudeMeters>
            <DistanceMeters>6488.55</DistanceMeters>
            <HeartRateBpm><Value>141</Value></HeartRateBpm>
            <Cadence>169</Cadence>
          </Trackpoint>
          <Trackpoint>
            <Time>2026-04-05T14:12:35.000Z</Time>
            <Position>
              <LatitudeDegrees>37.3604658</LatitudeDegrees>
              <LongitudeDegrees>-121.8582504</LongitudeDegrees>
            </Position>
            <AltitudeMeters>27</AltitudeMeters>
            <DistanceMeters>6501.27</DistanceMeters>
            <HeartRateBpm><Value>141</Value></HeartRateBpm>
            <Cadence>169</Cadence>
          </Trackpoint>
          <Trackpoint>
            <Time>2026-04-05T14:12:40.000Z</Time>
            <Position>
              <LatitudeDegrees>37.3603848</LatitudeDegrees>
              <LongitudeDegrees>-121.8583524</LongitudeDegrees>
            </Position>
            <AltitudeMeters>27</AltitudeMeters>
            <DistanceMeters>6513.99</DistanceMeters>
            <HeartRateBpm><Value>141</Value></HeartRateBpm>
            <Cadence>169</Cadence>
          </Trackpoint>
          <Trackpoint>
            <Time>2026-04-05T14:12:45.000Z</Time>
            <Position>
              <LatitudeDegrees>37.3603039</LatitudeDegrees>
              <LongitudeDegrees>-121.8584544</LongitudeDegrees>
            </Position>
            <AltitudeMeters>27</AltitudeMeters>
            <DistanceMeters>6526.72</DistanceMeters>
            <HeartRateBpm><Value>141</Value></HeartRateBpm>
            <Cadence>169</Cadence>
          </Trackpoint>
          <Trackpoint>
            <Time>2026-04-05T14:12:50.000Z</Time>
            <Position>
              <LatitudeDegrees>37.3602229</LatitudeDegrees>
              <LongitudeDegrees>-121.8585564</LongitudeDegrees>
            </Position>
            <AltitudeMeters>27</AltitudeMeters>
            <DistanceMeters>6539.44</DistanceMeters>
            <HeartRateBpm><Value>141</Value></HeartRateBpm>
            <Cadence>169</Cadence>
          </Trackpoint>
          <Trackpoint>
            <Time>2026-04-05T14:12:55.000Z</Time>
            <Position>
              <LatitudeDegrees>37.3601419</LatitudeDegrees>
              <LongitudeDegrees>-121.8586584</LongitudeDegrees>
            </Position>
            <AltitudeMeters>27</AltitudeMeters>
            <DistanceMeters>6552.16</DistanceMeters>
            <HeartRateBpm><Value>141</Value></HeartRateBpm>
            <Cadence>169</Cadence>
          </Trackpoint>
          <Trackpoint>
            <Time>2026-04-05T14:13:00.000Z</Time>
            <Position>
              <LatitudeDegrees>37.3600610</LatitudeDegrees>
              <LongitudeDegrees>-121.8587604</LongitudeDegrees>
            </Position>
            <AltitudeMeters>27</AltitudeMeters>
            <DistanceMeters>6564.89</DistanceMeters>
            <HeartRateBpm><Value>141</Value></HeartRateBpm>
            <Cadence>169</Cadence>
          </Trackpoint>
          <Trackpoint>
            <Time>2026-04-05T14:13:05.000Z</Time>
            <Position>
              <LatitudeDegrees>37.3599800</LatitudeDegrees>
              <LongitudeDegrees>-121.8588624</LongitudeDegrees>
            </Position>
            <AltitudeMeters>26.9</AltitudeMeters>
            <DistanceMeters>6577.61</DistanceMeters>
            <HeartRateBpm><Value>141</Value></HeartRateBpm>
            <Cadence>169</Cadence>
          </Trackpoint>
          <Trackpoint>
            <Time>2026-04-05T14:13:10.000Z</Time>
            <Position>
              <LatitudeDegrees>37.3598990</LatitudeDegrees>
              <LongitudeDegrees>-121.8589644</LongitudeDegrees>
            </Position>
            <AltitudeMeters>26.9</AltitudeMeters>
            <DistanceMeters>6590.33</DistanceMeters>
            <HeartRateBpm><Value>141</Value></HeartRateBpm>
            <Cadence>169</Cadence>
          </Trackpoint>
          <Trackpoint>
            <Time>2026-04-05T14:13:15.000Z</Time>
            <Position>
              <LatitudeDegrees>37.3598181</LatitudeDegrees>
              <LongitudeDegrees>-121.8590664</LongitudeDegrees>
            </Position>
            <AltitudeMeters>26.9</AltitudeMeters>
            <DistanceMeters>6603.05</DistanceMeters>
            <HeartRateBpm><Value>141</Value></HeartRateBpm>
            <Cadence>169</Cadence>
          </Trackpoint>
          <Trackpoint>
            <Time>2026-04-05T14:13:20.000Z</Time>
            <Position>
              <LatitudeDegrees>37.3597371</LatitudeDegrees>
              <LongitudeDegrees>-121.8591684</LongitudeDegrees>
            </Position>
            <AltitudeMeters>26.9</AltitudeMeters>
            <DistanceMeters>6615.78</DistanceMeters>
            <HeartRateBpm><Value>141</Value></HeartRateBpm>
            <Cadence>169</Cadence>
          </Trackpoint>
          <Trackpoint>
            <Time>2026-04-05T14:13:25.000Z</Time>
            <Position>
              <LatitudeDegrees>37.3596561</LatitudeDegrees>
              <LongitudeDegrees>-121.8592704</LongitudeDegrees>
            </Position>
            <AltitudeMeters>26.8</AltitudeMeters>
            <DistanceMeters>6628.50</DistanceMeters>
            <HeartRateBpm><Value>141</Value></HeartRateBpm>
            <Cadence>169</Cadence>
          </Trackpoint>
          <Trackpoint>
            <Time>2026-04-05T14:13:30.000Z</Time>
            <Position>
              <LatitudeDegrees>37.3595752</LatitudeDegrees>
              <LongitudeDegrees>-121.8593724</LongitudeDegrees>
            </Position>
            <AltitudeMeters>26.8</AltitudeMeters>
            <DistanceMeters>6641.22</DistanceMeters>
            <HeartRateBpm><Value>141</Value></HeartRateBpm>
            <Cadence>169</Cadence>
          </Trackpoint>
          <Trackpoint>
            <Time>2026-04-05T14:13:35.000Z</Time>
            <Position>
              <LatitudeDegrees>37.3594942</LatitudeDegrees>
              <LongitudeDegrees>-121.8594744</LongitudeDegrees>
            </Position>
            <AltitudeMeters>26.8</AltitudeMeters>
            <DistanceMeters>6653.94</DistanceMeters>
            <HeartRateBpm><Value>141</Value></HeartRateBpm>
            <Cadence>169</Cadence>
          </Trackpoint>
          <Trackpoint>
            <Time>2026-04-05T14:13:40.000Z</Time>
            <Position>
              <LatitudeDegrees>37.3594132</LatitudeDegrees>
              <LongitudeDegrees>-121.8595764</LongitudeDegrees>
            </Position>
            <AltitudeMeters>26.7</AltitudeMeters>
            <DistanceMeters>6666.67</DistanceMeters>
            <HeartRateBpm><Value>141</Value></HeartRateBpm>
            <Cadence>169</Cadence>
          </Trackpoint>
          <Trackpoint>
            <Time>2026-04-05T14:13:45.000Z</Time>
            <Position>
              <LatitudeDegrees>37.3593323</LatitudeDegrees>
              <LongitudeDegrees>-121.8596784</LongitudeDegrees>
            </Position>
            <AltitudeMeters>26.7</AltitudeMeters>
            <DistanceMeters>6679.39</DistanceMeters>
            <HeartRateBpm><Value>141</Value></HeartRateBpm>
            <Cadence>169</Cadence>
          </Trackpoint>
          <Trackpoint>
            <Time>2026-04-05T14:13:50.000Z</Time>
            <Position>
              <LatitudeDegrees>37.3592513</LatitudeDegrees>
              <LongitudeDegrees>-121.8597804</LongitudeDegrees>
            </Position>
            <AltitudeMeters>26.6</AltitudeMeters>
            <DistanceMeters>6692.11</DistanceMeters>
            <HeartRateBpm><Value>141</Value></HeartRateBpm>
            <Cadence>169</Cadence>
          </Trackpoint>
          <Trackpoint>
            <Time>2026-04-05T14:13:55.000Z</Time>
            <Position>
              <LatitudeDegrees>37.3591703</LatitudeDegrees>
              <LongitudeDegrees>-121.8598824</LongitudeDegrees>
            </Position>
            <AltitudeMeters>26.6</AltitudeMeters>
            <DistanceMeters>6704.83</DistanceMeters>
            <HeartRateBpm><Value>141</Value></HeartRateBpm>
            <Cadence>169</Cadence>
          </Trackpoint>
          <Trackpoint>
            <Time>2026-04-05T14:14:00.000Z</Time>
            <Position>
              <LatitudeDegrees>37.3590894</LatitudeDegrees>
              <LongitudeDegrees>-121.8599844</LongitudeDegrees>
            </Position>
            <AltitudeMeters>26.6</AltitudeMeters>
            <DistanceMeters>6717.56</DistanceMeters>
            <HeartRateBpm><Value>141</Value></HeartRateBpm>
            <Cadence>169</Cadence>
          </Trackpoint>
          <Trackpoint>
            <Time>2026-04-05T14:14:05.000Z</Time>
            <Position>
              <LatitudeDegrees>37.3590084</LatitudeDegrees>
              <LongitudeDegrees>-121.8600864</LongitudeDegrees>
            </Position>
            <AltitudeMeters>26.5</AltitudeMeters>
            <DistanceMeters>6730.28</DistanceMeters>
            <HeartRateBpm><Value>141</Value></HeartRateBpm>
            <Cadence>169</Cadence>
          </Trackpoint>
          <Trackpoint>
            <Time>2026-04-05T14:14:10.000Z</Time>
            <Position>
              <LatitudeDegrees>37.3589274</LatitudeDegrees>
              <LongitudeDegrees>-121.8601884</LongitudeDegrees>
            </Position>
            <AltitudeMeters>26.4</AltitudeMeters>
            <DistanceMeters>6743.00</DistanceMeters>
            <HeartRateBpm><Value>141</Value></HeartRateBpm>
            <Cadence>169</Cadence>
          </Trackpoint>
          <Trackpoint>
            <Time>2026-04-05T14:14:15.000Z</Time>
            <Position>
              <LatitudeDegrees>37.3588465</LatitudeDegrees>
              <LongitudeDegrees>-121.8602904</LongitudeDegrees>
            </Position>
            <AltitudeMeters>26.4</AltitudeMeters>
            <DistanceMeters>6755.73</DistanceMeters>
            <HeartRateBpm><Value>141</Value></HeartRateBpm>
            <Cadence>169</Cadence>
          </Trackpoint>
          <Trackpoint>
            <Time>2026-04-05T14:14:20.000Z</Time>
            <Position>
              <LatitudeDegrees>37.3587655</LatitudeDegrees>
              <LongitudeDegrees>-121.8603924</LongitudeDegrees>
            </Position>
            <AltitudeMeters>26.3</AltitudeMeters>
            <DistanceMeters>6768.45</DistanceMeters>
            <HeartRateBpm><Value>141</Value></HeartRateBpm>
            <Cadence>169</Cadence>
          </Trackpoint>
          <Trackpoint>
            <Time>2026-04-05T14:14:25.000Z</Time>
            <Position>
              <LatitudeDegrees>37.3586845</LatitudeDegrees>
              <LongitudeDegrees>-121.8604944</LongitudeDegrees>
            </Position>
            <AltitudeMeters>26.3</AltitudeMeters>
            <DistanceMeters>6781.17</DistanceMeters>
            <HeartRateBpm><Value>141</Value></HeartRateBpm>
            <Cadence>169</Cadence>
          </Trackpoint>
          <Trackpoint>
            <Time>2026-04-05T14:14:30.000Z</Time>
            <Position>
              <LatitudeDegrees>37.3586036</LatitudeDegrees>
              <LongitudeDegrees>-121.8605964</LongitudeDegrees>
            </Position>
            <AltitudeMeters>26.2</AltitudeMeters>
            <DistanceMeters>6793.89</DistanceMeters>
            <HeartRateBpm><Value>141</Value></HeartRateBpm>
            <Cadence>169</Cadence>
          </Trackpoint>
          <Trackpoint>
            <Time>2026-04-05T14:14:35.000Z</Time>
            <Position>
              <LatitudeDegrees>37.3585226</LatitudeDegrees>
              <LongitudeDegrees>-121.8606984</LongitudeDegrees>
            </Position>
            <AltitudeMeters>26.1</AltitudeMeters>
            <DistanceMeters>6806.62</DistanceMeters>
            <HeartRateBpm><Value>141</Value></HeartRateBpm>
            <Cadence>169</Cadence>
          </Trackpoint>
          <Trackpoint>
            <Time>2026-04-05T14:14:40.000Z</Time>
            <Position>
              <LatitudeDegrees>37.3584416</LatitudeDegrees>
              <LongitudeDegrees>-121.8608004</LongitudeDegrees>
            </Position>
            <AltitudeMeters>26.1</AltitudeMeters>
            <DistanceMeters>6819.34</DistanceMeters>
            <HeartRateBpm><Value>141</Value></HeartRateBpm>
            <Cadence>169</Cadence>
          </Trackpoint>
          <Trackpoint>
            <Time>2026-04-05T14:14:45.000Z</Time>
            <Position>
              <LatitudeDegrees>37.3583607</LatitudeDegrees>
              <LongitudeDegrees>-121.8609024</LongitudeDegrees>
            </Position>
            <AltitudeMeters>26</AltitudeMeters>
            <DistanceMeters>6832.06</DistanceMeters>
            <HeartRateBpm><Value>141</Value></HeartRateBpm>
            <Cadence>169</Cadence>
          </Trackpoint>
          <Trackpoint>
            <Time>2026-04-05T14:14:50.000Z</Time>
            <Position>
              <LatitudeDegrees>37.3582797</LatitudeDegrees>
              <LongitudeDegrees>-121.8610044</LongitudeDegrees>
            </Position>
            <AltitudeMeters>25.9</AltitudeMeters>
            <DistanceMeters>6844.78</DistanceMeters>
            <HeartRateBpm><Value>141</Value></HeartRateBpm>
            <Cadence>169</Cadence>
          </Trackpoint>
          <Trackpoint>
            <Time>2026-04-05T14:14:55.000Z</Time>
            <Position>
              <LatitudeDegrees>37.3581987</LatitudeDegrees>
              <LongitudeDegrees>-121.8611064</LongitudeDegrees>
            </Position>
            <AltitudeMeters>25.9</AltitudeMeters>
            <DistanceMeters>6857.51</DistanceMeters>
            <HeartRateBpm><Value>141</Value></HeartRateBpm>
            <Cadence>169</Cadence>
          </Trackpoint>
          <Trackpoint>
            <Time>2026-04-05T14:15:00.000Z</Time>
            <Position>
              <LatitudeDegrees>37.3581178</LatitudeDegrees>
              <LongitudeDegrees>-121.8612084</LongitudeDegrees>
            </Position>
            <AltitudeMeters>25.8</AltitudeMeters>
            <DistanceMeters>6870.23</DistanceMeters>
            <HeartRateBpm><Value>141</Value></HeartRateBpm>
            <Cadence>169</Cadence>
          </Trackpoint>
          <Trackpoint>
            <Time>2026-04-05T14:15:05.000Z</Time>
            <Position>
              <LatitudeDegrees>37.3580368</LatitudeDegrees>
              <LongitudeDegrees>-121.8613104</LongitudeDegrees>
            </Position>
            <AltitudeMeters>25.7</AltitudeMeters>
            <DistanceMeters>6882.95</DistanceMeters>
            <HeartRateBpm><Value>141</Value></HeartRateBpm>
            <Cadence>169</Cadence>
          </Trackpoint>
          <Trackpoint>
            <Time>2026-04-05T14:15:10.000Z</Time>
            <Position>
              <LatitudeDegrees>37.3579558</LatitudeDegrees>
              <LongitudeDegrees>-121.8614124</LongitudeDegrees>
            </Position>
            <AltitudeMeters>25.6</AltitudeMeters>
            <DistanceMeters>6895.67</DistanceMeters>
            <HeartRateBpm><Value>141</Value></HeartRateBpm>
            <Cadence>169</Cadence>
          </Trackpoint>
          <Trackpoint>
            <Time>2026-04-05T14:15:15.000Z</Time>
            <Position>
              <LatitudeDegrees>37.3578749</LatitudeDegrees>
              <LongitudeDegrees>-121.8615144</LongitudeDegrees>
            </Position>
            <AltitudeMeters>25.6</AltitudeMeters>
            <DistanceMeters>6908.40</DistanceMeters>
            <HeartRateBpm><Value>141</Value></HeartRateBpm>
            <Cadence>169</Cadence>
          </Trackpoint>
          <Trackpoint>
            <Time>2026-04-05T14:15:20.000Z</Time>
            <Position>
              <LatitudeDegrees>37.3577939</LatitudeDegrees>
              <LongitudeDegrees>-121.8616164</LongitudeDegrees>
            </Position>
            <AltitudeMeters>25.5</AltitudeMeters>
            <DistanceMeters>6921.12</DistanceMeters>
            <HeartRateBpm><Value>141</Value></HeartRateBpm>
            <Cadence>169</Cadence>
          </Trackpoint>
          <Trackpoint>
            <Time>2026-04-05T14:15:25.000Z</Time>
            <Position>
              <LatitudeDegrees>37.3577129</LatitudeDegrees>
              <LongitudeDegrees>-121.8617184</LongitudeDegrees>
            </Position>
            <AltitudeMeters>25.4</AltitudeMeters>
            <DistanceMeters>6933.84</DistanceMeters>
            <HeartRateBpm><Value>141</Value></HeartRateBpm>
            <Cadence>169</Cadence>
          </Trackpoint>
          <Trackpoint>
            <Time>2026-04-05T14:15:30.000Z</Time>
            <Position>
              <LatitudeDegrees>37.3576320</LatitudeDegrees>
              <LongitudeDegrees>-121.8618204</LongitudeDegrees>
            </Position>
            <AltitudeMeters>25.3</AltitudeMeters>
            <DistanceMeters>6946.56</DistanceMeters>
            <HeartRateBpm><Value>141</Value></HeartRateBpm>
            <Cadence>169</Cadence>
          </Trackpoint>
          <Trackpoint>
            <Time>2026-04-05T14:15:35.000Z</Time>
            <Position>
              <LatitudeDegrees>37.3575510</LatitudeDegrees>
              <LongitudeDegrees>-121.8619224</LongitudeDegrees>
            </Position>
            <AltitudeMeters>25.3</AltitudeMeters>
            <DistanceMeters>6959.29</DistanceMeters>
            <HeartRateBpm><Value>141</Value></HeartRateBpm>
            <Cadence>169</Cadence>
          </Trackpoint>
          <Trackpoint>
            <Time>2026-04-05T14:15:40.000Z</Time>
            <Position>
              <LatitudeDegrees>37.3574700</LatitudeDegrees>
              <LongitudeDegrees>-121.8620244</LongitudeDegrees>
            </Position>
            <AltitudeMeters>25.2</AltitudeMeters>
            <DistanceMeters>6972.01</DistanceMeters>
            <HeartRateBpm><Value>141</Value></HeartRateBpm>
            <Cadence>169</Cadence>
          </Trackpoint>
          <Trackpoint>
            <Time>2026-04-05T14:15:45.000Z</Time>
            <Position>
              <LatitudeDegrees>37.3573891</LatitudeDegrees>
              <LongitudeDegrees>-121.8621264</LongitudeDegrees>
            </Position>
            <AltitudeMeters>25.1</AltitudeMeters>
            <DistanceMeters>6984.73</DistanceMeters>
            <HeartRateBpm><Value>141</Value></HeartRateBpm>
            <Cadence>169</Cadence>
          </Trackpoint>
          <Trackpoint>
            <Time>2026-04-05T14:15:50.000Z</Time>
            <Position>
              <LatitudeDegrees>37.3573081</LatitudeDegrees>
              <LongitudeDegrees>-121.8622283</LongitudeDegrees>
            </Position>
            <AltitudeMeters>25</AltitudeMeters>
            <DistanceMeters>6997.46</DistanceMeters>
            <HeartRateBpm><Value>141</Value></HeartRateBpm>
            <Cadence>169</Cadence>
          </Trackpoint>
          <Trackpoint>
            <Time>2026-04-05T14:15:55.000Z</Time>
            <Position>
              <LatitudeDegrees>37.3572271</LatitudeDegrees>
              <LongitudeDegrees>-121.8623303</LongitudeDegrees>
            </Position>
            <AltitudeMeters>24.9</AltitudeMeters>
            <DistanceMeters>7010.18</DistanceMeters>
            <HeartRateBpm><Value>141</Value></HeartRateBpm>
            <Cadence>169</Cadence>
          </Trackpoint>
          <Trackpoint>
            <Time>2026-04-05T14:16:00.000Z</Time>
            <Position>
              <LatitudeDegrees>37.3571462</LatitudeDegrees>
              <LongitudeDegrees>-121.8624323</LongitudeDegrees>
            </Position>
            <AltitudeMeters>24.9</AltitudeMeters>
            <DistanceMeters>7022.90</DistanceMeters>
            <HeartRateBpm><Value>141</Value></HeartRateBpm>
            <Cadence>169</Cadence>
          </Trackpoint>
          <Trackpoint>
            <Time>2026-04-05T14:16:05.000Z</Time>
            <Position>
              <LatitudeDegrees>37.3570652</LatitudeDegrees>
              <LongitudeDegrees>-121.8625343</LongitudeDegrees>
            </Position>
            <AltitudeMeters>24.8</AltitudeMeters>
            <DistanceMeters>7035.62</DistanceMeters>
            <HeartRateBpm><Value>141</Value></HeartRateBpm>
            <Cadence>169</Cadence>
          </Trackpoint>
          <Trackpoint>
            <Time>2026-04-05T14:16:10.000Z</Time>
            <Position>
              <LatitudeDegrees>37.3569842</LatitudeDegrees>
              <LongitudeDegrees>-121.8626363</LongitudeDegrees>
            </Position>
            <AltitudeMeters>24.7</AltitudeMeters>
            <DistanceMeters>7048.35</DistanceMeters>
            <HeartRateBpm><Value>141</Value></HeartRateBpm>
            <Cadence>169</Cadence>
          </Trackpoint>
          <Trackpoint>
            <Time>2026-04-05T14:16:15.000Z</Time>
            <Position>
              <LatitudeDegrees>37.3569033</LatitudeDegrees>
              <LongitudeDegrees>-121.8627383</LongitudeDegrees>
            </Position>
            <AltitudeMeters>24.6</AltitudeMeters>
            <DistanceMeters>7061.07</DistanceMeters>
            <HeartRateBpm><Value>141</Value></HeartRateBpm>
            <Cadence>169</Cadence>
          </Trackpoint>
          <Trackpoint>
            <Time>2026-04-05T14:16:20.000Z</Time>
            <Position>
              <LatitudeDegrees>37.3568223</LatitudeDegrees>
              <LongitudeDegrees>-121.8628403</LongitudeDegrees>
            </Position>
            <AltitudeMeters>24.5</AltitudeMeters>
            <DistanceMeters>7073.79</DistanceMeters>
            <HeartRateBpm><Value>141</Value></HeartRateBpm>
            <Cadence>169</Cadence>
          </Trackpoint>
          <Trackpoint>
            <Time>2026-04-05T14:16:25.000Z</Time>
            <Position>
              <LatitudeDegrees>37.3567413</LatitudeDegrees>
              <LongitudeDegrees>-121.8629423</LongitudeDegrees>
            </Position>
            <AltitudeMeters>24.5</AltitudeMeters>
            <DistanceMeters>7086.51</DistanceMeters>
            <HeartRateBpm><Value>141</Value></HeartRateBpm>
            <Cadence>169</Cadence>
          </Trackpoint>
          <Trackpoint>
            <Time>2026-04-05T14:16:30.000Z</Time>
            <Position>
              <LatitudeDegrees>37.3566604</LatitudeDegrees>
              <LongitudeDegrees>-121.8630443</LongitudeDegrees>
            </Position>
            <AltitudeMeters>24.4</AltitudeMeters>
            <DistanceMeters>7099.24</DistanceMeters>
            <HeartRateBpm><Value>141</Value></HeartRateBpm>
            <Cadence>169</Cadence>
          </Trackpoint>
          <Trackpoint>
            <Time>2026-04-05T14:16:35.000Z</Time>
            <Position>
              <LatitudeDegrees>37.3565794</LatitudeDegrees>
              <LongitudeDegrees>-121.8631463</LongitudeDegrees>
            </Position>
            <AltitudeMeters>24.3</AltitudeMeters>
            <DistanceMeters>7111.96</DistanceMeters>
            <HeartRateBpm><Value>141</Value></HeartRateBpm>
            <Cadence>169</Cadence>
          </Trackpoint>
          <Trackpoint>
            <Time>2026-04-05T14:16:40.000Z</Time>
            <Position>
              <LatitudeDegrees>37.3564984</LatitudeDegrees>
              <LongitudeDegrees>-121.8632483</LongitudeDegrees>
            </Position>
            <AltitudeMeters>24.2</AltitudeMeters>
            <DistanceMeters>7124.68</DistanceMeters>
            <HeartRateBpm><Value>141</Value></HeartRateBpm>
            <Cadence>169</Cadence>
          </Trackpoint>
          <Trackpoint>
            <Time>2026-04-05T14:16:45.000Z</Time>
            <Position>
              <LatitudeDegrees>37.3564175</LatitudeDegrees>
              <LongitudeDegrees>-121.8633503</LongitudeDegrees>
            </Position>
            <AltitudeMeters>24.2</AltitudeMeters>
            <DistanceMeters>7137.40</DistanceMeters>
            <HeartRateBpm><Value>141</Value></HeartRateBpm>
            <Cadence>169</Cadence>
          </Trackpoint>
          <Trackpoint>
            <Time>2026-04-05T14:16:50.000Z</Time>
            <Position>
              <LatitudeDegrees>37.3563365</LatitudeDegrees>
              <LongitudeDegrees>-121.8634523</LongitudeDegrees>
            </Position>
            <AltitudeMeters>24.1</AltitudeMeters>
            <DistanceMeters>7150.13</DistanceMeters>
            <HeartRateBpm><Value>141</Value></HeartRateBpm>
            <Cadence>169</Cadence>
          </Trackpoint>
          <Trackpoint>
            <Time>2026-04-05T14:16:55.000Z</Time>
            <Position>
              <LatitudeDegrees>37.3562555</LatitudeDegrees>
              <LongitudeDegrees>-121.8635543</LongitudeDegrees>
            </Position>
            <AltitudeMeters>24</AltitudeMeters>
            <DistanceMeters>7162.85</DistanceMeters>
            <HeartRateBpm><Value>141</Value></HeartRateBpm>
            <Cadence>169</Cadence>
          </Trackpoint>
          <Trackpoint>
            <Time>2026-04-05T14:17:00.000Z</Time>
            <Position>
              <LatitudeDegrees>37.3561746</LatitudeDegrees>
              <LongitudeDegrees>-121.8636563</LongitudeDegrees>
            </Position>
            <AltitudeMeters>24</AltitudeMeters>
            <DistanceMeters>7175.57</DistanceMeters>
            <HeartRateBpm><Value>141</Value></HeartRateBpm>
            <Cadence>169</Cadence>
          </Trackpoint>
          <Trackpoint>
            <Time>2026-04-05T14:17:05.000Z</Time>
            <Position>
              <LatitudeDegrees>37.3560936</LatitudeDegrees>
              <LongitudeDegrees>-121.8637583</LongitudeDegrees>
            </Position>
            <AltitudeMeters>23.9</AltitudeMeters>
            <DistanceMeters>7188.30</DistanceMeters>
            <HeartRateBpm><Value>141</Value></HeartRateBpm>
            <Cadence>169</Cadence>
          </Trackpoint>
          <Trackpoint>
            <Time>2026-04-05T14:17:10.000Z</Time>
            <Position>
              <LatitudeDegrees>37.3560126</LatitudeDegrees>
              <LongitudeDegrees>-121.8638603</LongitudeDegrees>
            </Position>
            <AltitudeMeters>23.8</AltitudeMeters>
            <DistanceMeters>7201.02</DistanceMeters>
            <HeartRateBpm><Value>141</Value></HeartRateBpm>
            <Cadence>169</Cadence>
          </Trackpoint>
          <Trackpoint>
            <Time>2026-04-05T14:17:15.000Z</Time>
            <Position>
              <LatitudeDegrees>37.3559317</LatitudeDegrees>
              <LongitudeDegrees>-121.8639623</LongitudeDegrees>
            </Position>
            <AltitudeMeters>23.8</AltitudeMeters>
            <DistanceMeters>7213.74</DistanceMeters>
            <HeartRateBpm><Value>141</Value></HeartRateBpm>
            <Cadence>169</Cadence>
          </Trackpoint>
          <Trackpoint>
            <Time>2026-04-05T14:17:20.000Z</Time>
            <Position>
              <LatitudeDegrees>37.3558507</LatitudeDegrees>
              <LongitudeDegrees>-121.8640643</LongitudeDegrees>
            </Position>
            <AltitudeMeters>23.7</AltitudeMeters>
            <DistanceMeters>7226.46</DistanceMeters>
            <HeartRateBpm><Value>141</Value></HeartRateBpm>
            <Cadence>169</Cadence>
          </Trackpoint>
          <Trackpoint>
            <Time>2026-04-05T14:17:25.000Z</Time>
            <Position>
              <LatitudeDegrees>37.3557697</LatitudeDegrees>
              <LongitudeDegrees>-121.8641663</LongitudeDegrees>
            </Position>
            <AltitudeMeters>23.6</AltitudeMeters>
            <DistanceMeters>7239.19</DistanceMeters>
            <HeartRateBpm><Value>141</Value></HeartRateBpm>
            <Cadence>169</Cadence>
          </Trackpoint>
          <Trackpoint>
            <Time>2026-04-05T14:17:30.000Z</Time>
            <Position>
              <LatitudeDegrees>37.3556888</LatitudeDegrees>
              <LongitudeDegrees>-121.8642683</LongitudeDegrees>
            </Position>
            <AltitudeMeters>23.6</AltitudeMeters>
            <DistanceMeters>7251.91</DistanceMeters>
            <HeartRateBpm><Value>141</Value></HeartRateBpm>
            <Cadence>169</Cadence>
          </Trackpoint>
          <Trackpoint>
            <Time>2026-04-05T14:17:35.000Z</Time>
            <Position>
              <LatitudeDegrees>37.3556078</LatitudeDegrees>
              <LongitudeDegrees>-121.8643703</LongitudeDegrees>
            </Position>
            <AltitudeMeters>23.5</AltitudeMeters>
            <DistanceMeters>7264.63</DistanceMeters>
            <HeartRateBpm><Value>141</Value></HeartRateBpm>
            <Cadence>169</Cadence>
          </Trackpoint>
          <Trackpoint>
            <Time>2026-04-05T14:17:40.000Z</Time>
            <Position>
              <LatitudeDegrees>37.3555268</LatitudeDegrees>
              <LongitudeDegrees>-121.8644723</LongitudeDegrees>
            </Position>
            <AltitudeMeters>23.5</AltitudeMeters>
            <DistanceMeters>7277.35</DistanceMeters>
            <HeartRateBpm><Value>141</Value></HeartRateBpm>
            <Cadence>169</Cadence>
          </Trackpoint>
          <Trackpoint>
            <Time>2026-04-05T14:17:45.000Z</Time>
            <Position>
              <LatitudeDegrees>37.3554459</LatitudeDegrees>
              <LongitudeDegrees>-121.8645743</LongitudeDegrees>
            </Position>
            <AltitudeMeters>23.4</AltitudeMeters>
            <DistanceMeters>7290.08</DistanceMeters>
            <HeartRateBpm><Value>141</Value></HeartRateBpm>
            <Cadence>169</Cadence>
          </Trackpoint>
          <Trackpoint>
            <Time>2026-04-05T14:17:50.000Z</Time>
            <Position>
              <LatitudeDegrees>37.3553649</LatitudeDegrees>
              <LongitudeDegrees>-121.8646763</LongitudeDegrees>
            </Position>
            <AltitudeMeters>23.4</AltitudeMeters>
            <DistanceMeters>7302.80</DistanceMeters>
            <HeartRateBpm><Value>141</Value></HeartRateBpm>
            <Cadence>169</Cadence>
          </Trackpoint>
          <Trackpoint>
            <Time>2026-04-05T14:17:55.000Z</Time>
            <Position>
              <LatitudeDegrees>37.3552839</LatitudeDegrees>
              <LongitudeDegrees>-121.8647783</LongitudeDegrees>
            </Position>
            <AltitudeMeters>23.3</AltitudeMeters>
            <DistanceMeters>7315.52</DistanceMeters>
            <HeartRateBpm><Value>141</Value></HeartRateBpm>
            <Cadence>169</Cadence>
          </Trackpoint>
          <Trackpoint>
            <Time>2026-04-05T14:18:00.000Z</Time>
            <Position>
              <LatitudeDegrees>37.3552030</LatitudeDegrees>
              <LongitudeDegrees>-121.8648803</LongitudeDegrees>
            </Position>
            <AltitudeMeters>23.3</AltitudeMeters>
            <DistanceMeters>7328.24</DistanceMeters>
            <HeartRateBpm><Value>141</Value></HeartRateBpm>
            <Cadence>169</Cadence>
          </Trackpoint>
          <Trackpoint>
            <Time>2026-04-05T14:18:05.000Z</Time>
            <Position>
              <LatitudeDegrees>37.3551220</LatitudeDegrees>
              <LongitudeDegrees>-121.8649823</LongitudeDegrees>
            </Position>
            <AltitudeMeters>23.2</AltitudeMeters>
            <DistanceMeters>7340.97</DistanceMeters>
            <HeartRateBpm><Value>141</Value></HeartRateBpm>
            <Cadence>169</Cadence>
          </Trackpoint>
          <Trackpoint>
            <Time>2026-04-05T14:18:10.000Z</Time>
            <Position>
              <LatitudeDegrees>37.3550410</LatitudeDegrees>
              <LongitudeDegrees>-121.8650843</LongitudeDegrees>
            </Position>
            <AltitudeMeters>23.2</AltitudeMeters>
            <DistanceMeters>7353.69</DistanceMeters>
            <HeartRateBpm><Value>141</Value></HeartRateBpm>
            <Cadence>169</Cadence>
          </Trackpoint>
          <Trackpoint>
            <Time>2026-04-05T14:18:15.000Z</Time>
            <Position>
              <LatitudeDegrees>37.3549601</LatitudeDegrees>
              <LongitudeDegrees>-121.8651863</LongitudeDegrees>
            </Position>
            <AltitudeMeters>23.2</AltitudeMeters>
            <DistanceMeters>7366.41</DistanceMeters>
            <HeartRateBpm><Value>141</Value></HeartRateBpm>
            <Cadence>169</Cadence>
          </Trackpoint>
          <Trackpoint>
            <Time>2026-04-05T14:18:20.000Z</Time>
            <Position>
              <LatitudeDegrees>37.3548791</LatitudeDegrees>
              <LongitudeDegrees>-121.8652883</LongitudeDegrees>
            </Position>
            <AltitudeMeters>23.1</AltitudeMeters>
            <DistanceMeters>7379.13</DistanceMeters>
            <HeartRateBpm><Value>141</Value></HeartRateBpm>
            <Cadence>169</Cadence>
          </Trackpoint>
          <Trackpoint>
            <Time>2026-04-05T14:18:25.000Z</Time>
            <Position>
              <LatitudeDegrees>37.3547981</LatitudeDegrees>
              <LongitudeDegrees>-121.8653903</LongitudeDegrees>
            </Position>
            <AltitudeMeters>23.1</AltitudeMeters>
            <DistanceMeters>7391.86</DistanceMeters>
            <HeartRateBpm><Value>141</Value></HeartRateBpm>
            <Cadence>169</Cadence>
          </Trackpoint>
          <Trackpoint>
            <Time>2026-04-05T14:18:30.000Z</Time>
            <Position>
              <LatitudeDegrees>37.3547172</LatitudeDegrees>
              <LongitudeDegrees>-121.8654923</LongitudeDegrees>
            </Position>
            <AltitudeMeters>23.1</AltitudeMeters>
            <DistanceMeters>7404.58</DistanceMeters>
            <HeartRateBpm><Value>141</Value></HeartRateBpm>
            <Cadence>169</Cadence>
          </Trackpoint>
          <Trackpoint>
            <Time>2026-04-05T14:18:35.000Z</Time>
            <Position>
              <LatitudeDegrees>37.3546362</LatitudeDegrees>
              <LongitudeDegrees>-121.8655943</LongitudeDegrees>
            </Position>
            <AltitudeMeters>23.1</AltitudeMeters>
            <DistanceMeters>7417.30</DistanceMeters>
            <HeartRateBpm><Value>141</Value></HeartRateBpm>
            <Cadence>169</Cadence>
          </Trackpoint>
          <Trackpoint>
            <Time>2026-04-05T14:18:40.000Z</Time>
            <Position>
              <LatitudeDegrees>37.3545552</LatitudeDegrees>
              <LongitudeDegrees>-121.8656963</LongitudeDegrees>
            </Position>
            <AltitudeMeters>23</AltitudeMeters>
            <DistanceMeters>7430.03</DistanceMeters>
            <HeartRateBpm><Value>141</Value></HeartRateBpm>
            <Cadence>169</Cadence>
          </Trackpoint>
          <Trackpoint>
            <Time>2026-04-05T14:18:45.000Z</Time>
            <Position>
              <LatitudeDegrees>37.3544743</LatitudeDegrees>
              <LongitudeDegrees>-121.8657983</LongitudeDegrees>
            </Position>
            <AltitudeMeters>23</AltitudeMeters>
            <DistanceMeters>7442.75</DistanceMeters>
            <HeartRateBpm><Value>141</Value></HeartRateBpm>
            <Cadence>169</Cadence>
          </Trackpoint>
          <Trackpoint>
            <Time>2026-04-05T14:18:50.000Z</Time>
            <Position>
              <LatitudeDegrees>37.3543933</LatitudeDegrees>
              <LongitudeDegrees>-121.8659003</LongitudeDegrees>
            </Position>
            <AltitudeMeters>23</AltitudeMeters>
            <DistanceMeters>7455.47</DistanceMeters>
            <HeartRateBpm><Value>141</Value></HeartRateBpm>
            <Cadence>169</Cadence>
          </Trackpoint>
          <Trackpoint>
            <Time>2026-04-05T14:18:55.000Z</Time>
            <Position>
              <LatitudeDegrees>37.3543123</LatitudeDegrees>
              <LongitudeDegrees>-121.8660023</LongitudeDegrees>
            </Position>
            <AltitudeMeters>23</AltitudeMeters>
            <DistanceMeters>7468.19</DistanceMeters>
            <HeartRateBpm><Value>141</Value></HeartRateBpm>
            <Cadence>169</Cadence>
          </Trackpoint>
          <Trackpoint>
            <Time>2026-04-05T14:19:00.000Z</Time>
            <Position>
              <LatitudeDegrees>37.3542314</LatitudeDegrees>
              <LongitudeDegrees>-121.8661043</LongitudeDegrees>
            </Position>
            <AltitudeMeters>23</AltitudeMeters>
            <DistanceMeters>7480.92</DistanceMeters>
            <HeartRateBpm><Value>141</Value></HeartRateBpm>
            <Cadence>169</Cadence>
          </Trackpoint>
          <Trackpoint>
            <Time>2026-04-05T14:19:05.000Z</Time>
            <Position>
              <LatitudeDegrees>37.3541504</LatitudeDegrees>
              <LongitudeDegrees>-121.8662063</LongitudeDegrees>
            </Position>
            <AltitudeMeters>23</AltitudeMeters>
            <DistanceMeters>7493.64</DistanceMeters>
            <HeartRateBpm><Value>141</Value></HeartRateBpm>
            <Cadence>169</Cadence>
          </Trackpoint>
          <Trackpoint>
            <Time>2026-04-05T14:19:10.000Z</Time>
            <Position>
              <LatitudeDegrees>37.3540694</LatitudeDegrees>
              <LongitudeDegrees>-121.8663083</LongitudeDegrees>
            </Position>
            <AltitudeMeters>23</AltitudeMeters>
            <DistanceMeters>7506.36</DistanceMeters>
            <HeartRateBpm><Value>141</Value></HeartRateBpm>
            <Cadence>169</Cadence>
          </Trackpoint>
          <Trackpoint>
            <Time>2026-04-05T14:19:15.000Z</Time>
            <Position>
              <LatitudeDegrees>37.3539885</LatitudeDegrees>
              <LongitudeDegrees>-121.8664103</LongitudeDegrees>
            </Position>
            <AltitudeMeters>23</AltitudeMeters>
            <DistanceMeters>7519.08</DistanceMeters>
            <HeartRateBpm><Value>141</Value></HeartRateBpm>
            <Cadence>169</Cadence>
          </Trackpoint>
          <Trackpoint>
            <Time>2026-04-05T14:19:20.000Z</Time>
            <Position>
              <LatitudeDegrees>37.3539075</LatitudeDegrees>
              <LongitudeDegrees>-121.8665123</LongitudeDegrees>
            </Position>
            <AltitudeMeters>23</AltitudeMeters>
            <DistanceMeters>7531.81</DistanceMeters>
            <HeartRateBpm><Value>141</Value></HeartRateBpm>
            <Cadence>169</Cadence>
          </Trackpoint>
          <Trackpoint>
            <Time>2026-04-05T14:19:25.000Z</Time>
            <Position>
              <LatitudeDegrees>37.3538265</LatitudeDegrees>
              <LongitudeDegrees>-121.8666143</LongitudeDegrees>
            </Position>
            <AltitudeMeters>23</AltitudeMeters>
            <DistanceMeters>7544.53</DistanceMeters>
            <HeartRateBpm><Value>141</Value></HeartRateBpm>
            <Cadence>169</Cadence>
          </Trackpoint>
          <Trackpoint>
            <Time>2026-04-05T14:19:30.000Z</Time>
            <Position>
              <LatitudeDegrees>37.3537456</LatitudeDegrees>
              <LongitudeDegrees>-121.8667163</LongitudeDegrees>
            </Position>
            <AltitudeMeters>23</AltitudeMeters>
            <DistanceMeters>7557.25</DistanceMeters>
            <HeartRateBpm><Value>141</Value></HeartRateBpm>
            <Cadence>169</Cadence>
          </Trackpoint>
          <Trackpoint>
            <Time>2026-04-05T14:19:35.000Z</Time>
            <Position>
              <LatitudeDegrees>37.3536646</LatitudeDegrees>
              <LongitudeDegrees>-121.8668183</LongitudeDegrees>
            </Position>
            <AltitudeMeters>23</AltitudeMeters>
            <DistanceMeters>7569.97</DistanceMeters>
            <HeartRateBpm><Value>141</Value></HeartRateBpm>
            <Cadence>169</Cadence>
          </Trackpoint>
          <Trackpoint>
            <Time>2026-04-05T14:19:40.000Z</Time>
            <Position>
              <LatitudeDegrees>37.3535836</LatitudeDegrees>
              <LongitudeDegrees>-121.8669203</LongitudeDegrees>
            </Position>
            <AltitudeMeters>23.1</AltitudeMeters>
            <DistanceMeters>7582.70</DistanceMeters>
            <HeartRateBpm><Value>141</Value></HeartRateBpm>
            <Cadence>169</Cadence>
          </Trackpoint>
          <Trackpoint>
            <Time>2026-04-05T14:19:45.000Z</Time>
            <Position>
              <LatitudeDegrees>37.3535027</LatitudeDegrees>
              <LongitudeDegrees>-121.8670223</LongitudeDegrees>
            </Position>
            <AltitudeMeters>23.1</AltitudeMeters>
            <DistanceMeters>7595.42</DistanceMeters>
            <HeartRateBpm><Value>141</Value></HeartRateBpm>
            <Cadence>169</Cadence>
          </Trackpoint>
          <Trackpoint>
            <Time>2026-04-05T14:19:50.000Z</Time>
            <Position>
              <LatitudeDegrees>37.3534217</LatitudeDegrees>
              <LongitudeDegrees>-121.8671243</LongitudeDegrees>
            </Position>
            <AltitudeMeters>23.1</AltitudeMeters>
            <DistanceMeters>7608.14</DistanceMeters>
            <HeartRateBpm><Value>141</Value></HeartRateBpm>
            <Cadence>169</Cadence>
          </Trackpoint>
          <Trackpoint>
            <Time>2026-04-05T14:19:55.000Z</Time>
            <Position>
              <LatitudeDegrees>37.3533407</LatitudeDegrees>
              <LongitudeDegrees>-121.8672263</LongitudeDegrees>
            </Position>
            <AltitudeMeters>23.1</AltitudeMeters>
            <DistanceMeters>7620.87</DistanceMeters>
            <HeartRateBpm><Value>141</Value></HeartRateBpm>
            <Cadence>169</Cadence>
          </Trackpoint>
          <Trackpoint>
            <Time>2026-04-05T14:20:00.000Z</Time>
            <Position>
              <LatitudeDegrees>37.3532598</LatitudeDegrees>
              <LongitudeDegrees>-121.8673283</LongitudeDegrees>
            </Position>
            <AltitudeMeters>23.2</AltitudeMeters>
            <DistanceMeters>7633.59</DistanceMeters>
            <HeartRateBpm><Value>141</Value></HeartRateBpm>
            <Cadence>169</Cadence>
          </Trackpoint>
          <Trackpoint>
            <Time>2026-04-05T14:20:05.000Z</Time>
            <Position>
              <LatitudeDegrees>37.3531788</LatitudeDegrees>
              <LongitudeDegrees>-121.8674303</LongitudeDegrees>
            </Position>
            <AltitudeMeters>23.2</AltitudeMeters>
            <DistanceMeters>7646.31</DistanceMeters>
            <HeartRateBpm><Value>141</Value></HeartRateBpm>
            <Cadence>169</Cadence>
          </Trackpoint>
          <Trackpoint>
            <Time>2026-04-05T14:20:10.000Z</Time>
            <Position>
              <LatitudeDegrees>37.3530978</LatitudeDegrees>
              <LongitudeDegrees>-121.8675323</LongitudeDegrees>
            </Position>
            <AltitudeMeters>23.2</AltitudeMeters>
            <DistanceMeters>7659.03</DistanceMeters>
            <HeartRateBpm><Value>141</Value></HeartRateBpm>
            <Cadence>169</Cadence>
          </Trackpoint>
          <Trackpoint>
            <Time>2026-04-05T14:20:15.000Z</Time>
            <Position>
              <LatitudeDegrees>37.3530169</LatitudeDegrees>
              <LongitudeDegrees>-121.8676343</LongitudeDegrees>
            </Position>
            <AltitudeMeters>23.3</AltitudeMeters>
            <DistanceMeters>7671.76</DistanceMeters>
            <HeartRateBpm><Value>141</Value></HeartRateBpm>
            <Cadence>169</Cadence>
          </Trackpoint>
          <Trackpoint>
            <Time>2026-04-05T14:20:20.000Z</Time>
            <Position>
              <LatitudeDegrees>37.3529359</LatitudeDegrees>
              <LongitudeDegrees>-121.8677363</LongitudeDegrees>
            </Position>
            <AltitudeMeters>23.3</AltitudeMeters>
            <DistanceMeters>7684.48</DistanceMeters>
            <HeartRateBpm><Value>141</Value></HeartRateBpm>
            <Cadence>169</Cadence>
          </Trackpoint>
          <Trackpoint>
            <Time>2026-04-05T14:20:25.000Z</Time>
            <Position>
              <LatitudeDegrees>37.3528549</LatitudeDegrees>
              <LongitudeDegrees>-121.8678383</LongitudeDegrees>
            </Position>
            <AltitudeMeters>23.4</AltitudeMeters>
            <DistanceMeters>7697.20</DistanceMeters>
            <HeartRateBpm><Value>141</Value></HeartRateBpm>
            <Cadence>169</Cadence>
          </Trackpoint>
          <Trackpoint>
            <Time>2026-04-05T14:20:30.000Z</Time>
            <Position>
              <LatitudeDegrees>37.3527740</LatitudeDegrees>
              <LongitudeDegrees>-121.8679403</LongitudeDegrees>
            </Position>
            <AltitudeMeters>23.4</AltitudeMeters>
            <DistanceMeters>7709.92</DistanceMeters>
            <HeartRateBpm><Value>141</Value></HeartRateBpm>
            <Cadence>169</Cadence>
          </Trackpoint>
          <Trackpoint>
            <Time>2026-04-05T14:20:35.000Z</Time>
            <Position>
              <LatitudeDegrees>37.3526930</LatitudeDegrees>
              <LongitudeDegrees>-121.8680423</LongitudeDegrees>
            </Position>
            <AltitudeMeters>23.5</AltitudeMeters>
            <DistanceMeters>7722.65</DistanceMeters>
            <HeartRateBpm><Value>141</Value></HeartRateBpm>
            <Cadence>169</Cadence>
          </Trackpoint>
          <Trackpoint>
            <Time>2026-04-05T14:20:40.000Z</Time>
            <Position>
              <LatitudeDegrees>37.3526120</LatitudeDegrees>
              <LongitudeDegrees>-121.8681443</LongitudeDegrees>
            </Position>
            <AltitudeMeters>23.5</AltitudeMeters>
            <DistanceMeters>7735.37</DistanceMeters>
            <HeartRateBpm><Value>141</Value></HeartRateBpm>
            <Cadence>169</Cadence>
          </Trackpoint>
          <Trackpoint>
            <Time>2026-04-05T14:20:45.000Z</Time>
            <Position>
              <LatitudeDegrees>37.3525311</LatitudeDegrees>
              <LongitudeDegrees>-121.8682463</LongitudeDegrees>
            </Position>
            <AltitudeMeters>23.6</AltitudeMeters>
            <DistanceMeters>7748.09</DistanceMeters>
            <HeartRateBpm><Value>141</Value></HeartRateBpm>
            <Cadence>169</Cadence>
          </Trackpoint>
          <Trackpoint>
            <Time>2026-04-05T14:20:50.000Z</Time>
            <Position>
              <LatitudeDegrees>37.3524501</LatitudeDegrees>
              <LongitudeDegrees>-121.8683483</LongitudeDegrees>
            </Position>
            <AltitudeMeters>23.6</AltitudeMeters>
            <DistanceMeters>7760.81</DistanceMeters>
            <HeartRateBpm><Value>141</Value></HeartRateBpm>
            <Cadence>169</Cadence>
          </Trackpoint>
          <Trackpoint>
            <Time>2026-04-05T14:20:55.000Z</Time>
            <Position>
              <LatitudeDegrees>37.3523691</LatitudeDegrees>
              <LongitudeDegrees>-121.8684503</LongitudeDegrees>
            </Position>
            <AltitudeMeters>23.7</AltitudeMeters>
            <DistanceMeters>7773.54</DistanceMeters>
            <HeartRateBpm><Value>141</Value></HeartRateBpm>
            <Cadence>169</Cadence>
          </Trackpoint>
          <Trackpoint>
            <Time>2026-04-05T14:21:00.000Z</Time>
            <Position>
              <LatitudeDegrees>37.3522882</LatitudeDegrees>
              <LongitudeDegrees>-121.8685523</LongitudeDegrees>
            </Position>
            <AltitudeMeters>23.8</AltitudeMeters>
            <DistanceMeters>7786.26</DistanceMeters>
            <HeartRateBpm><Value>141</Value></HeartRateBpm>
            <Cadence>169</Cadence>
          </Trackpoint>
          <Trackpoint>
            <Time>2026-04-05T14:21:05.000Z</Time>
            <Position>
              <LatitudeDegrees>37.3522072</LatitudeDegrees>
              <LongitudeDegrees>-121.8686543</LongitudeDegrees>
            </Position>
            <AltitudeMeters>23.8</AltitudeMeters>
            <DistanceMeters>7798.98</DistanceMeters>
            <HeartRateBpm><Value>141</Value></HeartRateBpm>
            <Cadence>169</Cadence>
          </Trackpoint>
          <Trackpoint>
            <Time>2026-04-05T14:21:10.000Z</Time>
            <Position>
              <LatitudeDegrees>37.3521262</LatitudeDegrees>
              <LongitudeDegrees>-121.8687563</LongitudeDegrees>
            </Position>
            <AltitudeMeters>23.9</AltitudeMeters>
            <DistanceMeters>7811.70</DistanceMeters>
            <HeartRateBpm><Value>141</Value></HeartRateBpm>
            <Cadence>169</Cadence>
          </Trackpoint>
          <Trackpoint>
            <Time>2026-04-05T14:21:15.000Z</Time>
            <Position>
              <LatitudeDegrees>37.3520453</LatitudeDegrees>
              <LongitudeDegrees>-121.8688583</LongitudeDegrees>
            </Position>
            <AltitudeMeters>24</AltitudeMeters>
            <DistanceMeters>7824.43</DistanceMeters>
            <HeartRateBpm><Value>141</Value></HeartRateBpm>
            <Cadence>169</Cadence>
          </Trackpoint>
          <Trackpoint>
            <Time>2026-04-05T14:21:20.000Z</Time>
            <Position>
              <LatitudeDegrees>37.3519643</LatitudeDegrees>
              <LongitudeDegrees>-121.8689603</LongitudeDegrees>
            </Position>
            <AltitudeMeters>24</AltitudeMeters>
            <DistanceMeters>7837.15</DistanceMeters>
            <HeartRateBpm><Value>141</Value></HeartRateBpm>
            <Cadence>169</Cadence>
          </Trackpoint>
          <Trackpoint>
            <Time>2026-04-05T14:21:25.000Z</Time>
            <Position>
              <LatitudeDegrees>37.3518833</LatitudeDegrees>
              <LongitudeDegrees>-121.8690623</LongitudeDegrees>
            </Position>
            <AltitudeMeters>24.1</AltitudeMeters>
            <DistanceMeters>7849.87</DistanceMeters>
            <HeartRateBpm><Value>141</Value></HeartRateBpm>
            <Cadence>169</Cadence>
          </Trackpoint>
          <Trackpoint>
            <Time>2026-04-05T14:21:30.000Z</Time>
            <Position>
              <LatitudeDegrees>37.3518024</LatitudeDegrees>
              <LongitudeDegrees>-121.8691642</LongitudeDegrees>
            </Position>
            <AltitudeMeters>24.2</AltitudeMeters>
            <DistanceMeters>7862.60</DistanceMeters>
            <HeartRateBpm><Value>141</Value></HeartRateBpm>
            <Cadence>169</Cadence>
          </Trackpoint>
          <Trackpoint>
            <Time>2026-04-05T14:21:35.000Z</Time>
            <Position>
              <LatitudeDegrees>37.3517214</LatitudeDegrees>
              <LongitudeDegrees>-121.8692662</LongitudeDegrees>
            </Position>
            <AltitudeMeters>24.2</AltitudeMeters>
            <DistanceMeters>7875.32</DistanceMeters>
            <HeartRateBpm><Value>141</Value></HeartRateBpm>
            <Cadence>169</Cadence>
          </Trackpoint>
          <Trackpoint>
            <Time>2026-04-05T14:21:40.000Z</Time>
            <Position>
              <LatitudeDegrees>37.3516404</LatitudeDegrees>
              <LongitudeDegrees>-121.8693682</LongitudeDegrees>
            </Position>
            <AltitudeMeters>24.3</AltitudeMeters>
            <DistanceMeters>7888.04</DistanceMeters>
            <HeartRateBpm><Value>141</Value></HeartRateBpm>
            <Cadence>169</Cadence>
          </Trackpoint>
          <Trackpoint>
            <Time>2026-04-05T14:21:45.000Z</Time>
            <Position>
              <LatitudeDegrees>37.3515595</LatitudeDegrees>
              <LongitudeDegrees>-121.8694702</LongitudeDegrees>
            </Position>
            <AltitudeMeters>24.4</AltitudeMeters>
            <DistanceMeters>7900.76</DistanceMeters>
            <HeartRateBpm><Value>141</Value></HeartRateBpm>
            <Cadence>169</Cadence>
          </Trackpoint>
          <Trackpoint>
            <Time>2026-04-05T14:21:50.000Z</Time>
            <Position>
              <LatitudeDegrees>37.3514785</LatitudeDegrees>
              <LongitudeDegrees>-121.8695722</LongitudeDegrees>
            </Position>
            <AltitudeMeters>24.5</AltitudeMeters>
            <DistanceMeters>7913.49</DistanceMeters>
            <HeartRateBpm><Value>141</Value></HeartRateBpm>
            <Cadence>169</Cadence>
          </Trackpoint>
          <Trackpoint>
            <Time>2026-04-05T14:21:55.000Z</Time>
            <Position>
              <LatitudeDegrees>37.3513975</LatitudeDegrees>
              <LongitudeDegrees>-121.8696742</LongitudeDegrees>
            </Position>
            <AltitudeMeters>24.5</AltitudeMeters>
            <DistanceMeters>7926.21</DistanceMeters>
            <HeartRateBpm><Value>141</Value></HeartRateBpm>
            <Cadence>169</Cadence>
          </Trackpoint>
          <Trackpoint>
            <Time>2026-04-05T14:22:00.000Z</Time>
            <Position>
              <LatitudeDegrees>37.3513166</LatitudeDegrees>
              <LongitudeDegrees>-121.8697762</LongitudeDegrees>
            </Position>
            <AltitudeMeters>24.6</AltitudeMeters>
            <DistanceMeters>7938.93</DistanceMeters>
            <HeartRateBpm><Value>141</Value></HeartRateBpm>
            <Cadence>169</Cadence>
          </Trackpoint>
          <Trackpoint>
            <Time>2026-04-05T14:22:05.000Z</Time>
            <Position>
              <LatitudeDegrees>37.3512356</LatitudeDegrees>
              <LongitudeDegrees>-121.8698782</LongitudeDegrees>
            </Position>
            <AltitudeMeters>24.7</AltitudeMeters>
            <DistanceMeters>7951.65</DistanceMeters>
            <HeartRateBpm><Value>141</Value></HeartRateBpm>
            <Cadence>169</Cadence>
          </Trackpoint>
          <Trackpoint>
            <Time>2026-04-05T14:22:10.000Z</Time>
            <Position>
              <LatitudeDegrees>37.3511546</LatitudeDegrees>
              <LongitudeDegrees>-121.8699802</LongitudeDegrees>
            </Position>
            <AltitudeMeters>24.8</AltitudeMeters>
            <DistanceMeters>7964.38</DistanceMeters>
            <HeartRateBpm><Value>141</Value></HeartRateBpm>
            <Cadence>169</Cadence>
          </Trackpoint>
          <Trackpoint>
            <Time>2026-04-05T14:22:15.000Z</Time>
            <Position>
              <LatitudeDegrees>37.3510737</LatitudeDegrees>
              <LongitudeDegrees>-121.8700822</LongitudeDegrees>
            </Position>
            <AltitudeMeters>24.9</AltitudeMeters>
            <DistanceMeters>7977.10</DistanceMeters>
            <HeartRateBpm><Value>141</Value></HeartRateBpm>
            <Cadence>169</Cadence>
          </Trackpoint>
          <Trackpoint>
            <Time>2026-04-05T14:22:20.000Z</Time>
            <Position>
              <LatitudeDegrees>37.3509927</LatitudeDegrees>
              <LongitudeDegrees>-121.8701842</LongitudeDegrees>
            </Position>
            <AltitudeMeters>24.9</AltitudeMeters>
            <DistanceMeters>7989.82</DistanceMeters>
            <HeartRateBpm><Value>141</Value></HeartRateBpm>
            <Cadence>169</Cadence>
          </Trackpoint>
          <Trackpoint>
            <Time>2026-04-05T14:22:25.000Z</Time>
            <Position>
              <LatitudeDegrees>37.3509117</LatitudeDegrees>
              <LongitudeDegrees>-121.8702862</LongitudeDegrees>
            </Position>
            <AltitudeMeters>25</AltitudeMeters>
            <DistanceMeters>8002.54</DistanceMeters>
            <HeartRateBpm><Value>141</Value></HeartRateBpm>
            <Cadence>169</Cadence>
          </Trackpoint>
          <Trackpoint>
            <Time>2026-04-05T14:22:30.000Z</Time>
            <Position>
              <LatitudeDegrees>37.3508308</LatitudeDegrees>
              <LongitudeDegrees>-121.8703882</LongitudeDegrees>
            </Position>
            <AltitudeMeters>25.1</AltitudeMeters>
            <DistanceMeters>8015.27</DistanceMeters>
            <HeartRateBpm><Value>141</Value></HeartRateBpm>
            <Cadence>169</Cadence>
          </Trackpoint>
          <Trackpoint>
            <Time>2026-04-05T14:22:35.000Z</Time>
            <Position>
              <LatitudeDegrees>37.3507498</LatitudeDegrees>
              <LongitudeDegrees>-121.8704902</LongitudeDegrees>
            </Position>
            <AltitudeMeters>25.2</AltitudeMeters>
            <DistanceMeters>8027.99</DistanceMeters>
            <HeartRateBpm><Value>141</Value></HeartRateBpm>
            <Cadence>169</Cadence>
          </Trackpoint>
          <Trackpoint>
            <Time>2026-04-05T14:22:40.000Z</Time>
            <Position>
              <LatitudeDegrees>37.3506688</LatitudeDegrees>
              <LongitudeDegrees>-121.8705922</LongitudeDegrees>
            </Position>
            <AltitudeMeters>25.3</AltitudeMeters>
            <DistanceMeters>8040.71</DistanceMeters>
            <HeartRateBpm><Value>141</Value></HeartRateBpm>
            <Cadence>169</Cadence>
          </Trackpoint>
          <Trackpoint>
            <Time>2026-04-05T14:22:45.000Z</Time>
            <Position>
              <LatitudeDegrees>37.3505879</LatitudeDegrees>
              <LongitudeDegrees>-121.8706942</LongitudeDegrees>
            </Position>
            <AltitudeMeters>25.3</AltitudeMeters>
            <DistanceMeters>8053.44</DistanceMeters>
            <HeartRateBpm><Value>141</Value></HeartRateBpm>
            <Cadence>169</Cadence>
          </Trackpoint>
          <Trackpoint>
            <Time>2026-04-05T14:22:50.000Z</Time>
            <Position>
              <LatitudeDegrees>37.3505069</LatitudeDegrees>
              <LongitudeDegrees>-121.8707962</LongitudeDegrees>
            </Position>
            <AltitudeMeters>25.4</AltitudeMeters>
            <DistanceMeters>8066.16</DistanceMeters>
            <HeartRateBpm><Value>141</Value></HeartRateBpm>
            <Cadence>169</Cadence>
          </Trackpoint>
          <Trackpoint>
            <Time>2026-04-05T14:22:55.000Z</Time>
            <Position>
              <LatitudeDegrees>37.3504259</LatitudeDegrees>
              <LongitudeDegrees>-121.8708982</LongitudeDegrees>
            </Position>
            <AltitudeMeters>25.5</AltitudeMeters>
            <DistanceMeters>8078.88</DistanceMeters>
            <HeartRateBpm><Value>141</Value></HeartRateBpm>
            <Cadence>169</Cadence>
          </Trackpoint>
          <Trackpoint>
            <Time>2026-04-05T14:23:00.000Z</Time>
            <Position>
              <LatitudeDegrees>37.3503450</LatitudeDegrees>
              <LongitudeDegrees>-121.8710002</LongitudeDegrees>
            </Position>
            <AltitudeMeters>25.6</AltitudeMeters>
            <DistanceMeters>8091.60</DistanceMeters>
            <HeartRateBpm><Value>141</Value></HeartRateBpm>
            <Cadence>169</Cadence>
          </Trackpoint>
          <Trackpoint>
            <Time>2026-04-05T14:23:05.000Z</Time>
            <Position>
              <LatitudeDegrees>37.3502640</LatitudeDegrees>
              <LongitudeDegrees>-121.8711022</LongitudeDegrees>
            </Position>
            <AltitudeMeters>25.6</AltitudeMeters>
            <DistanceMeters>8104.33</DistanceMeters>
            <HeartRateBpm><Value>141</Value></HeartRateBpm>
            <Cadence>169</Cadence>
          </Trackpoint>
          <Trackpoint>
            <Time>2026-04-05T14:23:10.000Z</Time>
            <Position>
              <LatitudeDegrees>37.3501830</LatitudeDegrees>
              <LongitudeDegrees>-121.8712042</LongitudeDegrees>
            </Position>
            <AltitudeMeters>25.7</AltitudeMeters>
            <DistanceMeters>8117.05</DistanceMeters>
            <HeartRateBpm><Value>141</Value></HeartRateBpm>
            <Cadence>169</Cadence>
          </Trackpoint>
          <Trackpoint>
            <Time>2026-04-05T14:23:15.000Z</Time>
            <Position>
              <LatitudeDegrees>37.3501021</LatitudeDegrees>
              <LongitudeDegrees>-121.8713062</LongitudeDegrees>
            </Position>
            <AltitudeMeters>25.8</AltitudeMeters>
            <DistanceMeters>8129.77</DistanceMeters>
            <HeartRateBpm><Value>141</Value></HeartRateBpm>
            <Cadence>169</Cadence>
          </Trackpoint>
          <Trackpoint>
            <Time>2026-04-05T14:23:20.000Z</Time>
            <Position>
              <LatitudeDegrees>37.3500211</LatitudeDegrees>
              <LongitudeDegrees>-121.8714082</LongitudeDegrees>
            </Position>
            <AltitudeMeters>25.9</AltitudeMeters>
            <DistanceMeters>8142.49</DistanceMeters>
            <HeartRateBpm><Value>141</Value></HeartRateBpm>
            <Cadence>169</Cadence>
          </Trackpoint>
          <Trackpoint>
            <Time>2026-04-05T14:23:25.000Z</Time>
            <Position>
              <LatitudeDegrees>37.3499401</LatitudeDegrees>
              <LongitudeDegrees>-121.8715102</LongitudeDegrees>
            </Position>
            <AltitudeMeters>25.9</AltitudeMeters>
            <DistanceMeters>8155.22</DistanceMeters>
            <HeartRateBpm><Value>141</Value></HeartRateBpm>
            <Cadence>169</Cadence>
          </Trackpoint>
          <Trackpoint>
            <Time>2026-04-05T14:23:30.000Z</Time>
            <Position>
              <LatitudeDegrees>37.3498592</LatitudeDegrees>
              <LongitudeDegrees>-121.8716122</LongitudeDegrees>
            </Position>
            <AltitudeMeters>26</AltitudeMeters>
            <DistanceMeters>8167.94</DistanceMeters>
            <HeartRateBpm><Value>141</Value></HeartRateBpm>
            <Cadence>169</Cadence>
          </Trackpoint>
          <Trackpoint>
            <Time>2026-04-05T14:23:35.000Z</Time>
            <Position>
              <LatitudeDegrees>37.3497782</LatitudeDegrees>
              <LongitudeDegrees>-121.8717142</LongitudeDegrees>
            </Position>
            <AltitudeMeters>26.1</AltitudeMeters>
            <DistanceMeters>8180.66</DistanceMeters>
            <HeartRateBpm><Value>141</Value></HeartRateBpm>
            <Cadence>169</Cadence>
          </Trackpoint>
          <Trackpoint>
            <Time>2026-04-05T14:23:40.000Z</Time>
            <Position>
              <LatitudeDegrees>37.3496972</LatitudeDegrees>
              <LongitudeDegrees>-121.8718162</LongitudeDegrees>
            </Position>
            <AltitudeMeters>26.1</AltitudeMeters>
            <DistanceMeters>8193.38</DistanceMeters>
            <HeartRateBpm><Value>141</Value></HeartRateBpm>
            <Cadence>169</Cadence>
          </Trackpoint>
          <Trackpoint>
            <Time>2026-04-05T14:23:45.000Z</Time>
            <Position>
              <LatitudeDegrees>37.3496163</LatitudeDegrees>
              <LongitudeDegrees>-121.8719182</LongitudeDegrees>
            </Position>
            <AltitudeMeters>26.2</AltitudeMeters>
            <DistanceMeters>8206.11</DistanceMeters>
            <HeartRateBpm><Value>141</Value></HeartRateBpm>
            <Cadence>169</Cadence>
          </Trackpoint>
          <Trackpoint>
            <Time>2026-04-05T14:23:50.000Z</Time>
            <Position>
              <LatitudeDegrees>37.3495353</LatitudeDegrees>
              <LongitudeDegrees>-121.8720202</LongitudeDegrees>
            </Position>
            <AltitudeMeters>26.3</AltitudeMeters>
            <DistanceMeters>8218.83</DistanceMeters>
            <HeartRateBpm><Value>141</Value></HeartRateBpm>
            <Cadence>169</Cadence>
          </Trackpoint>
          <Trackpoint>
            <Time>2026-04-05T14:23:55.000Z</Time>
            <Position>
              <LatitudeDegrees>37.3494543</LatitudeDegrees>
              <LongitudeDegrees>-121.8721222</LongitudeDegrees>
            </Position>
            <AltitudeMeters>26.3</AltitudeMeters>
            <DistanceMeters>8231.55</DistanceMeters>
            <HeartRateBpm><Value>141</Value></HeartRateBpm>
            <Cadence>169</Cadence>
          </Trackpoint>
          <Trackpoint>
            <Time>2026-04-05T14:24:00.000Z</Time>
            <Position>
              <LatitudeDegrees>37.3493734</LatitudeDegrees>
              <LongitudeDegrees>-121.8722242</LongitudeDegrees>
            </Position>
            <AltitudeMeters>26.4</AltitudeMeters>
            <DistanceMeters>8244.27</DistanceMeters>
            <HeartRateBpm><Value>141</Value></HeartRateBpm>
            <Cadence>169</Cadence>
          </Trackpoint>
          <Trackpoint>
            <Time>2026-04-05T14:24:05.000Z</Time>
            <Position>
              <LatitudeDegrees>37.3492924</LatitudeDegrees>
              <LongitudeDegrees>-121.8723262</LongitudeDegrees>
            </Position>
            <AltitudeMeters>26.4</AltitudeMeters>
            <DistanceMeters>8257.00</DistanceMeters>
            <HeartRateBpm><Value>141</Value></HeartRateBpm>
            <Cadence>169</Cadence>
          </Trackpoint>
          <Trackpoint>
            <Time>2026-04-05T14:24:10.000Z</Time>
            <Position>
              <LatitudeDegrees>37.3492114</LatitudeDegrees>
              <LongitudeDegrees>-121.8724282</LongitudeDegrees>
            </Position>
            <AltitudeMeters>26.5</AltitudeMeters>
            <DistanceMeters>8269.72</DistanceMeters>
            <HeartRateBpm><Value>141</Value></HeartRateBpm>
            <Cadence>169</Cadence>
          </Trackpoint>
          <Trackpoint>
            <Time>2026-04-05T14:24:15.000Z</Time>
            <Position>
              <LatitudeDegrees>37.3491305</LatitudeDegrees>
              <LongitudeDegrees>-121.8725302</LongitudeDegrees>
            </Position>
            <AltitudeMeters>26.6</AltitudeMeters>
            <DistanceMeters>8282.44</DistanceMeters>
            <HeartRateBpm><Value>141</Value></HeartRateBpm>
            <Cadence>169</Cadence>
          </Trackpoint>
          <Trackpoint>
            <Time>2026-04-05T14:24:20.000Z</Time>
            <Position>
              <LatitudeDegrees>37.3490495</LatitudeDegrees>
              <LongitudeDegrees>-121.8726322</LongitudeDegrees>
            </Position>
            <AltitudeMeters>26.6</AltitudeMeters>
            <DistanceMeters>8295.17</DistanceMeters>
            <HeartRateBpm><Value>141</Value></HeartRateBpm>
            <Cadence>169</Cadence>
          </Trackpoint>
          <Trackpoint>
            <Time>2026-04-05T14:24:25.000Z</Time>
            <Position>
              <LatitudeDegrees>37.3489685</LatitudeDegrees>
              <LongitudeDegrees>-121.8727342</LongitudeDegrees>
            </Position>
            <AltitudeMeters>26.6</AltitudeMeters>
            <DistanceMeters>8307.89</DistanceMeters>
            <HeartRateBpm><Value>141</Value></HeartRateBpm>
            <Cadence>169</Cadence>
          </Trackpoint>
          <Trackpoint>
            <Time>2026-04-05T14:24:30.000Z</Time>
            <Position>
              <LatitudeDegrees>37.3488876</LatitudeDegrees>
              <LongitudeDegrees>-121.8728362</LongitudeDegrees>
            </Position>
            <AltitudeMeters>26.7</AltitudeMeters>
            <DistanceMeters>8320.61</DistanceMeters>
            <HeartRateBpm><Value>141</Value></HeartRateBpm>
            <Cadence>169</Cadence>
          </Trackpoint>
          <Trackpoint>
            <Time>2026-04-05T14:24:35.000Z</Time>
            <Position>
              <LatitudeDegrees>37.3488066</LatitudeDegrees>
              <LongitudeDegrees>-121.8729382</LongitudeDegrees>
            </Position>
            <AltitudeMeters>26.7</AltitudeMeters>
            <DistanceMeters>8333.33</DistanceMeters>
            <HeartRateBpm><Value>141</Value></HeartRateBpm>
            <Cadence>169</Cadence>
          </Trackpoint>
          <Trackpoint>
            <Time>2026-04-05T14:24:40.000Z</Time>
            <Position>
              <LatitudeDegrees>37.3487256</LatitudeDegrees>
              <LongitudeDegrees>-121.8730402</LongitudeDegrees>
            </Position>
            <AltitudeMeters>26.8</AltitudeMeters>
            <DistanceMeters>8346.06</DistanceMeters>
            <HeartRateBpm><Value>141</Value></HeartRateBpm>
            <Cadence>169</Cadence>
          </Trackpoint>
          <Trackpoint>
            <Time>2026-04-05T14:24:45.000Z</Time>
            <Position>
              <LatitudeDegrees>37.3486447</LatitudeDegrees>
              <LongitudeDegrees>-121.8731422</LongitudeDegrees>
            </Position>
            <AltitudeMeters>26.8</AltitudeMeters>
            <DistanceMeters>8358.78</DistanceMeters>
            <HeartRateBpm><Value>141</Value></HeartRateBpm>
            <Cadence>169</Cadence>
          </Trackpoint>
          <Trackpoint>
            <Time>2026-04-05T14:24:50.000Z</Time>
            <Position>
              <LatitudeDegrees>37.3485637</LatitudeDegrees>
              <LongitudeDegrees>-121.8732442</LongitudeDegrees>
            </Position>
            <AltitudeMeters>26.8</AltitudeMeters>
            <DistanceMeters>8371.50</DistanceMeters>
            <HeartRateBpm><Value>141</Value></HeartRateBpm>
            <Cadence>169</Cadence>
          </Trackpoint>
          <Trackpoint>
            <Time>2026-04-05T14:24:55.000Z</Time>
            <Position>
              <LatitudeDegrees>37.3484827</LatitudeDegrees>
              <LongitudeDegrees>-121.8733462</LongitudeDegrees>
            </Position>
            <AltitudeMeters>26.9</AltitudeMeters>
            <DistanceMeters>8384.22</DistanceMeters>
            <HeartRateBpm><Value>141</Value></HeartRateBpm>
            <Cadence>169</Cadence>
          </Trackpoint>
          <Trackpoint>
            <Time>2026-04-05T14:25:00.000Z</Time>
            <Position>
              <LatitudeDegrees>37.3484018</LatitudeDegrees>
              <LongitudeDegrees>-121.8734482</LongitudeDegrees>
            </Position>
            <AltitudeMeters>26.9</AltitudeMeters>
            <DistanceMeters>8396.95</DistanceMeters>
            <HeartRateBpm><Value>141</Value></HeartRateBpm>
            <Cadence>169</Cadence>
          </Trackpoint>
          <Trackpoint>
            <Time>2026-04-05T14:25:05.000Z</Time>
            <Position>
              <LatitudeDegrees>37.3483208</LatitudeDegrees>
              <LongitudeDegrees>-121.8735502</LongitudeDegrees>
            </Position>
            <AltitudeMeters>26.9</AltitudeMeters>
            <DistanceMeters>8409.67</DistanceMeters>
            <HeartRateBpm><Value>141</Value></HeartRateBpm>
            <Cadence>169</Cadence>
          </Trackpoint>
          <Trackpoint>
            <Time>2026-04-05T14:25:10.000Z</Time>
            <Position>
              <LatitudeDegrees>37.3482398</LatitudeDegrees>
              <LongitudeDegrees>-121.8736522</LongitudeDegrees>
            </Position>
            <AltitudeMeters>26.9</AltitudeMeters>
            <DistanceMeters>8422.39</DistanceMeters>
            <HeartRateBpm><Value>141</Value></HeartRateBpm>
            <Cadence>169</Cadence>
          </Trackpoint>
          <Trackpoint>
            <Time>2026-04-05T14:25:15.000Z</Time>
            <Position>
              <LatitudeDegrees>37.3481589</LatitudeDegrees>
              <LongitudeDegrees>-121.8737542</LongitudeDegrees>
            </Position>
            <AltitudeMeters>27</AltitudeMeters>
            <DistanceMeters>8435.11</DistanceMeters>
            <HeartRateBpm><Value>141</Value></HeartRateBpm>
            <Cadence>169</Cadence>
          </Trackpoint>
          <Trackpoint>
            <Time>2026-04-05T14:25:20.000Z</Time>
            <Position>
              <LatitudeDegrees>37.3480779</LatitudeDegrees>
              <LongitudeDegrees>-121.8738562</LongitudeDegrees>
            </Position>
            <AltitudeMeters>27</AltitudeMeters>
            <DistanceMeters>8447.84</DistanceMeters>
            <HeartRateBpm><Value>141</Value></HeartRateBpm>
            <Cadence>169</Cadence>
          </Trackpoint>
          <Trackpoint>
            <Time>2026-04-05T14:25:25.000Z</Time>
            <Position>
              <LatitudeDegrees>37.3479969</LatitudeDegrees>
              <LongitudeDegrees>-121.8739582</LongitudeDegrees>
            </Position>
            <AltitudeMeters>27</AltitudeMeters>
            <DistanceMeters>8460.56</DistanceMeters>
            <HeartRateBpm><Value>141</Value></HeartRateBpm>
            <Cadence>169</Cadence>
          </Trackpoint>
          <Trackpoint>
            <Time>2026-04-05T14:25:30.000Z</Time>
            <Position>
              <LatitudeDegrees>37.3479160</LatitudeDegrees>
              <LongitudeDegrees>-121.8740602</LongitudeDegrees>
            </Position>
            <AltitudeMeters>27</AltitudeMeters>
            <DistanceMeters>8473.28</DistanceMeters>
            <HeartRateBpm><Value>141</Value></HeartRateBpm>
            <Cadence>169</Cadence>
          </Trackpoint>
          <Trackpoint>
            <Time>2026-04-05T14:25:35.000Z</Time>
            <Position>
              <LatitudeDegrees>37.3478350</LatitudeDegrees>
              <LongitudeDegrees>-121.8741622</LongitudeDegrees>
            </Position>
            <AltitudeMeters>27</AltitudeMeters>
            <DistanceMeters>8486.01</DistanceMeters>
            <HeartRateBpm><Value>141</Value></HeartRateBpm>
            <Cadence>169</Cadence>
          </Trackpoint>
          <Trackpoint>
            <Time>2026-04-05T14:25:40.000Z</Time>
            <Position>
              <LatitudeDegrees>37.3477540</LatitudeDegrees>
              <LongitudeDegrees>-121.8742642</LongitudeDegrees>
            </Position>
            <AltitudeMeters>27</AltitudeMeters>
            <DistanceMeters>8498.73</DistanceMeters>
            <HeartRateBpm><Value>141</Value></HeartRateBpm>
            <Cadence>169</Cadence>
          </Trackpoint>
          <Trackpoint>
            <Time>2026-04-05T14:25:45.000Z</Time>
            <Position>
              <LatitudeDegrees>37.3476731</LatitudeDegrees>
              <LongitudeDegrees>-121.8743662</LongitudeDegrees>
            </Position>
            <AltitudeMeters>27</AltitudeMeters>
            <DistanceMeters>8511.45</DistanceMeters>
            <HeartRateBpm><Value>141</Value></HeartRateBpm>
            <Cadence>169</Cadence>
          </Trackpoint>
          <Trackpoint>
            <Time>2026-04-05T14:25:50.000Z</Time>
            <Position>
              <LatitudeDegrees>37.3475921</LatitudeDegrees>
              <LongitudeDegrees>-121.8744682</LongitudeDegrees>
            </Position>
            <AltitudeMeters>27</AltitudeMeters>
            <DistanceMeters>8524.17</DistanceMeters>
            <HeartRateBpm><Value>141</Value></HeartRateBpm>
            <Cadence>169</Cadence>
          </Trackpoint>
          <Trackpoint>
            <Time>2026-04-05T14:25:55.000Z</Time>
            <Position>
              <LatitudeDegrees>37.3475111</LatitudeDegrees>
              <LongitudeDegrees>-121.8745702</LongitudeDegrees>
            </Position>
            <AltitudeMeters>27</AltitudeMeters>
            <DistanceMeters>8536.90</DistanceMeters>
            <HeartRateBpm><Value>141</Value></HeartRateBpm>
            <Cadence>169</Cadence>
          </Trackpoint>
          <Trackpoint>
            <Time>2026-04-05T14:26:00.000Z</Time>
            <Position>
              <LatitudeDegrees>37.3474302</LatitudeDegrees>
              <LongitudeDegrees>-121.8746722</LongitudeDegrees>
            </Position>
            <AltitudeMeters>27</AltitudeMeters>
            <DistanceMeters>8549.62</DistanceMeters>
            <HeartRateBpm><Value>141</Value></HeartRateBpm>
            <Cadence>169</Cadence>
          </Trackpoint>
          <Trackpoint>
            <Time>2026-04-05T14:26:05.000Z</Time>
            <Position>
              <LatitudeDegrees>37.3473492</LatitudeDegrees>
              <LongitudeDegrees>-121.8747742</LongitudeDegrees>
            </Position>
            <AltitudeMeters>27</AltitudeMeters>
            <DistanceMeters>8562.34</DistanceMeters>
            <HeartRateBpm><Value>141</Value></HeartRateBpm>
            <Cadence>169</Cadence>
          </Trackpoint>
          <Trackpoint>
            <Time>2026-04-05T14:26:10.000Z</Time>
            <Position>
              <LatitudeDegrees>37.3472682</LatitudeDegrees>
              <LongitudeDegrees>-121.8748762</LongitudeDegrees>
            </Position>
            <AltitudeMeters>26.9</AltitudeMeters>
            <DistanceMeters>8575.06</DistanceMeters>
            <HeartRateBpm><Value>141</Value></HeartRateBpm>
            <Cadence>169</Cadence>
          </Trackpoint>
          <Trackpoint>
            <Time>2026-04-05T14:26:15.000Z</Time>
            <Position>
              <LatitudeDegrees>37.3471873</LatitudeDegrees>
              <LongitudeDegrees>-121.8749782</LongitudeDegrees>
            </Position>
            <AltitudeMeters>26.9</AltitudeMeters>
            <DistanceMeters>8587.79</DistanceMeters>
            <HeartRateBpm><Value>141</Value></HeartRateBpm>
            <Cadence>169</Cadence>
          </Trackpoint>
          <Trackpoint>
            <Time>2026-04-05T14:26:20.000Z</Time>
            <Position>
              <LatitudeDegrees>37.3471063</LatitudeDegrees>
              <LongitudeDegrees>-121.8750802</LongitudeDegrees>
            </Position>
            <AltitudeMeters>26.9</AltitudeMeters>
            <DistanceMeters>8600.51</DistanceMeters>
            <HeartRateBpm><Value>141</Value></HeartRateBpm>
            <Cadence>169</Cadence>
          </Trackpoint>
          <Trackpoint>
            <Time>2026-04-05T14:26:25.000Z</Time>
            <Position>
              <LatitudeDegrees>37.3470253</LatitudeDegrees>
              <LongitudeDegrees>-121.8751822</LongitudeDegrees>
            </Position>
            <AltitudeMeters>26.9</AltitudeMeters>
            <DistanceMeters>8613.23</DistanceMeters>
            <HeartRateBpm><Value>141</Value></HeartRateBpm>
            <Cadence>169</Cadence>
          </Trackpoint>
          <Trackpoint>
            <Time>2026-04-05T14:26:30.000Z</Time>
            <Position>
              <LatitudeDegrees>37.3469444</LatitudeDegrees>
              <LongitudeDegrees>-121.8752842</LongitudeDegrees>
            </Position>
            <AltitudeMeters>26.8</AltitudeMeters>
            <DistanceMeters>8625.95</DistanceMeters>
            <HeartRateBpm><Value>141</Value></HeartRateBpm>
            <Cadence>169</Cadence>
          </Trackpoint>
          <Trackpoint>
            <Time>2026-04-05T14:26:35.000Z</Time>
            <Position>
              <LatitudeDegrees>37.3468634</LatitudeDegrees>
              <LongitudeDegrees>-121.8753862</LongitudeDegrees>
            </Position>
            <AltitudeMeters>26.8</AltitudeMeters>
            <DistanceMeters>8638.68</DistanceMeters>
            <HeartRateBpm><Value>141</Value></HeartRateBpm>
            <Cadence>169</Cadence>
          </Trackpoint>
          <Trackpoint>
            <Time>2026-04-05T14:26:40.000Z</Time>
            <Position>
              <LatitudeDegrees>37.3467824</LatitudeDegrees>
              <LongitudeDegrees>-121.8754882</LongitudeDegrees>
            </Position>
            <AltitudeMeters>26.8</AltitudeMeters>
            <DistanceMeters>8651.40</DistanceMeters>
            <HeartRateBpm><Value>141</Value></HeartRateBpm>
            <Cadence>169</Cadence>
          </Trackpoint>
          <Trackpoint>
            <Time>2026-04-05T14:26:45.000Z</Time>
            <Position>
              <LatitudeDegrees>37.3467015</LatitudeDegrees>
              <LongitudeDegrees>-121.8755902</LongitudeDegrees>
            </Position>
            <AltitudeMeters>26.7</AltitudeMeters>
            <DistanceMeters>8664.12</DistanceMeters>
            <HeartRateBpm><Value>141</Value></HeartRateBpm>
            <Cadence>169</Cadence>
          </Trackpoint>
          <Trackpoint>
            <Time>2026-04-05T14:26:50.000Z</Time>
            <Position>
              <LatitudeDegrees>37.3466205</LatitudeDegrees>
              <LongitudeDegrees>-121.8756922</LongitudeDegrees>
            </Position>
            <AltitudeMeters>26.7</AltitudeMeters>
            <DistanceMeters>8676.84</DistanceMeters>
            <HeartRateBpm><Value>141</Value></HeartRateBpm>
            <Cadence>169</Cadence>
          </Trackpoint>
          <Trackpoint>
            <Time>2026-04-05T14:26:55.000Z</Time>
            <Position>
              <LatitudeDegrees>37.3465396</LatitudeDegrees>
              <LongitudeDegrees>-121.8757942</LongitudeDegrees>
            </Position>
            <AltitudeMeters>26.7</AltitudeMeters>
            <DistanceMeters>8689.57</DistanceMeters>
            <HeartRateBpm><Value>141</Value></HeartRateBpm>
            <Cadence>169</Cadence>
          </Trackpoint>
          <Trackpoint>
            <Time>2026-04-05T14:27:00.000Z</Time>
            <Position>
              <LatitudeDegrees>37.3464586</LatitudeDegrees>
              <LongitudeDegrees>-121.8758962</LongitudeDegrees>
            </Position>
            <AltitudeMeters>26.6</AltitudeMeters>
            <DistanceMeters>8702.29</DistanceMeters>
            <HeartRateBpm><Value>141</Value></HeartRateBpm>
            <Cadence>169</Cadence>
          </Trackpoint>
          <Trackpoint>
            <Time>2026-04-05T14:27:05.000Z</Time>
            <Position>
              <LatitudeDegrees>37.3463776</LatitudeDegrees>
              <LongitudeDegrees>-121.8759981</LongitudeDegrees>
            </Position>
            <AltitudeMeters>26.6</AltitudeMeters>
            <DistanceMeters>8715.01</DistanceMeters>
            <HeartRateBpm><Value>141</Value></HeartRateBpm>
            <Cadence>169</Cadence>
          </Trackpoint>
          <Trackpoint>
            <Time>2026-04-05T14:27:10.000Z</Time>
            <Position>
              <LatitudeDegrees>37.3462967</LatitudeDegrees>
              <LongitudeDegrees>-121.8761001</LongitudeDegrees>
            </Position>
            <AltitudeMeters>26.5</AltitudeMeters>
            <DistanceMeters>8727.74</DistanceMeters>
            <HeartRateBpm><Value>141</Value></HeartRateBpm>
            <Cadence>169</Cadence>
          </Trackpoint>
          <Trackpoint>
            <Time>2026-04-05T14:27:15.000Z</Time>
            <Position>
              <LatitudeDegrees>37.3462157</LatitudeDegrees>
              <LongitudeDegrees>-121.8762021</LongitudeDegrees>
            </Position>
            <AltitudeMeters>26.5</AltitudeMeters>
            <DistanceMeters>8740.46</DistanceMeters>
            <HeartRateBpm><Value>141</Value></HeartRateBpm>
            <Cadence>169</Cadence>
          </Trackpoint>
          <Trackpoint>
            <Time>2026-04-05T14:27:20.000Z</Time>
            <Position>
              <LatitudeDegrees>37.3461347</LatitudeDegrees>
              <LongitudeDegrees>-121.8763041</LongitudeDegrees>
            </Position>
            <AltitudeMeters>26.4</AltitudeMeters>
            <DistanceMeters>8753.18</DistanceMeters>
            <HeartRateBpm><Value>141</Value></HeartRateBpm>
            <Cadence>169</Cadence>
          </Trackpoint>
          <Trackpoint>
            <Time>2026-04-05T14:27:25.000Z</Time>
            <Position>
              <LatitudeDegrees>37.3460538</LatitudeDegrees>
              <LongitudeDegrees>-121.8764061</LongitudeDegrees>
            </Position>
            <AltitudeMeters>26.3</AltitudeMeters>
            <DistanceMeters>8765.90</DistanceMeters>
            <HeartRateBpm><Value>141</Value></HeartRateBpm>
            <Cadence>169</Cadence>
          </Trackpoint>
          <Trackpoint>
            <Time>2026-04-05T14:27:30.000Z</Time>
            <Position>
              <LatitudeDegrees>37.3459728</LatitudeDegrees>
              <LongitudeDegrees>-121.8765081</LongitudeDegrees>
            </Position>
            <AltitudeMeters>26.3</AltitudeMeters>
            <DistanceMeters>8778.63</DistanceMeters>
            <HeartRateBpm><Value>141</Value></HeartRateBpm>
            <Cadence>169</Cadence>
          </Trackpoint>
          <Trackpoint>
            <Time>2026-04-05T14:27:35.000Z</Time>
            <Position>
              <LatitudeDegrees>37.3458918</LatitudeDegrees>
              <LongitudeDegrees>-121.8766101</LongitudeDegrees>
            </Position>
            <AltitudeMeters>26.2</AltitudeMeters>
            <DistanceMeters>8791.35</DistanceMeters>
            <HeartRateBpm><Value>141</Value></HeartRateBpm>
            <Cadence>169</Cadence>
          </Trackpoint>
          <Trackpoint>
            <Time>2026-04-05T14:27:40.000Z</Time>
            <Position>
              <LatitudeDegrees>37.3458109</LatitudeDegrees>
              <LongitudeDegrees>-121.8767121</LongitudeDegrees>
            </Position>
            <AltitudeMeters>26.2</AltitudeMeters>
            <DistanceMeters>8804.07</DistanceMeters>
            <HeartRateBpm><Value>141</Value></HeartRateBpm>
            <Cadence>169</Cadence>
          </Trackpoint>
          <Trackpoint>
            <Time>2026-04-05T14:27:45.000Z</Time>
            <Position>
              <LatitudeDegrees>37.3457299</LatitudeDegrees>
              <LongitudeDegrees>-121.8768141</LongitudeDegrees>
            </Position>
            <AltitudeMeters>26.1</AltitudeMeters>
            <DistanceMeters>8816.79</DistanceMeters>
            <HeartRateBpm><Value>141</Value></HeartRateBpm>
            <Cadence>169</Cadence>
          </Trackpoint>
          <Trackpoint>
            <Time>2026-04-05T14:27:50.000Z</Time>
            <Position>
              <LatitudeDegrees>37.3456489</LatitudeDegrees>
              <LongitudeDegrees>-121.8769161</LongitudeDegrees>
            </Position>
            <AltitudeMeters>26</AltitudeMeters>
            <DistanceMeters>8829.52</DistanceMeters>
            <HeartRateBpm><Value>141</Value></HeartRateBpm>
            <Cadence>169</Cadence>
          </Trackpoint>
          <Trackpoint>
            <Time>2026-04-05T14:27:55.000Z</Time>
            <Position>
              <LatitudeDegrees>37.3455680</LatitudeDegrees>
              <LongitudeDegrees>-121.8770181</LongitudeDegrees>
            </Position>
            <AltitudeMeters>26</AltitudeMeters>
            <DistanceMeters>8842.24</DistanceMeters>
            <HeartRateBpm><Value>141</Value></HeartRateBpm>
            <Cadence>169</Cadence>
          </Trackpoint>
          <Trackpoint>
            <Time>2026-04-05T14:28:00.000Z</Time>
            <Position>
              <LatitudeDegrees>37.3454870</LatitudeDegrees>
              <LongitudeDegrees>-121.8771201</LongitudeDegrees>
            </Position>
            <AltitudeMeters>25.9</AltitudeMeters>
            <DistanceMeters>8854.96</DistanceMeters>
            <HeartRateBpm><Value>141</Value></HeartRateBpm>
            <Cadence>169</Cadence>
          </Trackpoint>
          <Trackpoint>
            <Time>2026-04-05T14:28:05.000Z</Time>
            <Position>
              <LatitudeDegrees>37.3454060</LatitudeDegrees>
              <LongitudeDegrees>-121.8772221</LongitudeDegrees>
            </Position>
            <AltitudeMeters>25.8</AltitudeMeters>
            <DistanceMeters>8867.68</DistanceMeters>
            <HeartRateBpm><Value>141</Value></HeartRateBpm>
            <Cadence>169</Cadence>
          </Trackpoint>
          <Trackpoint>
            <Time>2026-04-05T14:28:10.000Z</Time>
            <Position>
              <LatitudeDegrees>37.3453251</LatitudeDegrees>
              <LongitudeDegrees>-121.8773241</LongitudeDegrees>
            </Position>
            <AltitudeMeters>25.7</AltitudeMeters>
            <DistanceMeters>8880.41</DistanceMeters>
            <HeartRateBpm><Value>141</Value></HeartRateBpm>
            <Cadence>169</Cadence>
          </Trackpoint>
          <Trackpoint>
            <Time>2026-04-05T14:28:15.000Z</Time>
            <Position>
              <LatitudeDegrees>37.3452441</LatitudeDegrees>
              <LongitudeDegrees>-121.8774261</LongitudeDegrees>
            </Position>
            <AltitudeMeters>25.7</AltitudeMeters>
            <DistanceMeters>8893.13</DistanceMeters>
            <HeartRateBpm><Value>141</Value></HeartRateBpm>
            <Cadence>169</Cadence>
          </Trackpoint>
          <Trackpoint>
            <Time>2026-04-05T14:28:20.000Z</Time>
            <Position>
              <LatitudeDegrees>37.3451631</LatitudeDegrees>
              <LongitudeDegrees>-121.8775281</LongitudeDegrees>
            </Position>
            <AltitudeMeters>25.6</AltitudeMeters>
            <DistanceMeters>8905.85</DistanceMeters>
            <HeartRateBpm><Value>141</Value></HeartRateBpm>
            <Cadence>169</Cadence>
          </Trackpoint>
          <Trackpoint>
            <Time>2026-04-05T14:28:25.000Z</Time>
            <Position>
              <LatitudeDegrees>37.3450822</LatitudeDegrees>
              <LongitudeDegrees>-121.8776301</LongitudeDegrees>
            </Position>
            <AltitudeMeters>25.5</AltitudeMeters>
            <DistanceMeters>8918.58</DistanceMeters>
            <HeartRateBpm><Value>141</Value></HeartRateBpm>
            <Cadence>169</Cadence>
          </Trackpoint>
          <Trackpoint>
            <Time>2026-04-05T14:28:30.000Z</Time>
            <Position>
              <LatitudeDegrees>37.3450012</LatitudeDegrees>
              <LongitudeDegrees>-121.8777321</LongitudeDegrees>
            </Position>
            <AltitudeMeters>25.4</AltitudeMeters>
            <DistanceMeters>8931.30</DistanceMeters>
            <HeartRateBpm><Value>141</Value></HeartRateBpm>
            <Cadence>169</Cadence>
          </Trackpoint>
          <Trackpoint>
            <Time>2026-04-05T14:28:35.000Z</Time>
            <Position>
              <LatitudeDegrees>37.3449202</LatitudeDegrees>
              <LongitudeDegrees>-121.8778341</LongitudeDegrees>
            </Position>
            <AltitudeMeters>25.3</AltitudeMeters>
            <DistanceMeters>8944.02</DistanceMeters>
            <HeartRateBpm><Value>141</Value></HeartRateBpm>
            <Cadence>169</Cadence>
          </Trackpoint>
          <Trackpoint>
            <Time>2026-04-05T14:28:40.000Z</Time>
            <Position>
              <LatitudeDegrees>37.3448393</LatitudeDegrees>
              <LongitudeDegrees>-121.8779361</LongitudeDegrees>
            </Position>
            <AltitudeMeters>25.3</AltitudeMeters>
            <DistanceMeters>8956.74</DistanceMeters>
            <HeartRateBpm><Value>141</Value></HeartRateBpm>
            <Cadence>169</Cadence>
          </Trackpoint>
          <Trackpoint>
            <Time>2026-04-05T14:28:45.000Z</Time>
            <Position>
              <LatitudeDegrees>37.3447583</LatitudeDegrees>
              <LongitudeDegrees>-121.8780381</LongitudeDegrees>
            </Position>
            <AltitudeMeters>25.2</AltitudeMeters>
            <DistanceMeters>8969.47</DistanceMeters>
            <HeartRateBpm><Value>141</Value></HeartRateBpm>
            <Cadence>169</Cadence>
          </Trackpoint>
          <Trackpoint>
            <Time>2026-04-05T14:28:50.000Z</Time>
            <Position>
              <LatitudeDegrees>37.3446773</LatitudeDegrees>
              <LongitudeDegrees>-121.8781401</LongitudeDegrees>
            </Position>
            <AltitudeMeters>25.1</AltitudeMeters>
            <DistanceMeters>8982.19</DistanceMeters>
            <HeartRateBpm><Value>141</Value></HeartRateBpm>
            <Cadence>169</Cadence>
          </Trackpoint>
          <Trackpoint>
            <Time>2026-04-05T14:28:55.000Z</Time>
            <Position>
              <LatitudeDegrees>37.3445964</LatitudeDegrees>
              <LongitudeDegrees>-121.8782421</LongitudeDegrees>
            </Position>
            <AltitudeMeters>25</AltitudeMeters>
            <DistanceMeters>8994.91</DistanceMeters>
            <HeartRateBpm><Value>141</Value></HeartRateBpm>
            <Cadence>169</Cadence>
          </Trackpoint>
          <Trackpoint>
            <Time>2026-04-05T14:29:00.000Z</Time>
            <Position>
              <LatitudeDegrees>37.3445154</LatitudeDegrees>
              <LongitudeDegrees>-121.8783441</LongitudeDegrees>
            </Position>
            <AltitudeMeters>25</AltitudeMeters>
            <DistanceMeters>9007.63</DistanceMeters>
            <HeartRateBpm><Value>141</Value></HeartRateBpm>
            <Cadence>169</Cadence>
          </Trackpoint>
          <Trackpoint>
            <Time>2026-04-05T14:29:05.000Z</Time>
            <Position>
              <LatitudeDegrees>37.3444344</LatitudeDegrees>
              <LongitudeDegrees>-121.8784461</LongitudeDegrees>
            </Position>
            <AltitudeMeters>24.9</AltitudeMeters>
            <DistanceMeters>9020.36</DistanceMeters>
            <HeartRateBpm><Value>141</Value></HeartRateBpm>
            <Cadence>169</Cadence>
          </Trackpoint>
          <Trackpoint>
            <Time>2026-04-05T14:29:10.000Z</Time>
            <Position>
              <LatitudeDegrees>37.3443535</LatitudeDegrees>
              <LongitudeDegrees>-121.8785481</LongitudeDegrees>
            </Position>
            <AltitudeMeters>24.8</AltitudeMeters>
            <DistanceMeters>9033.08</DistanceMeters>
            <HeartRateBpm><Value>141</Value></HeartRateBpm>
            <Cadence>169</Cadence>
          </Trackpoint>
          <Trackpoint>
            <Time>2026-04-05T14:29:15.000Z</Time>
            <Position>
              <LatitudeDegrees>37.3442725</LatitudeDegrees>
              <LongitudeDegrees>-121.8786501</LongitudeDegrees>
            </Position>
            <AltitudeMeters>24.7</AltitudeMeters>
            <DistanceMeters>9045.80</DistanceMeters>
            <HeartRateBpm><Value>141</Value></HeartRateBpm>
            <Cadence>169</Cadence>
          </Trackpoint>
          <Trackpoint>
            <Time>2026-04-05T14:29:20.000Z</Time>
            <Position>
              <LatitudeDegrees>37.3441915</LatitudeDegrees>
              <LongitudeDegrees>-121.8787521</LongitudeDegrees>
            </Position>
            <AltitudeMeters>24.6</AltitudeMeters>
            <DistanceMeters>9058.52</DistanceMeters>
            <HeartRateBpm><Value>141</Value></HeartRateBpm>
            <Cadence>169</Cadence>
          </Trackpoint>
          <Trackpoint>
            <Time>2026-04-05T14:29:25.000Z</Time>
            <Position>
              <LatitudeDegrees>37.3441106</LatitudeDegrees>
              <LongitudeDegrees>-121.8788541</LongitudeDegrees>
            </Position>
            <AltitudeMeters>24.6</AltitudeMeters>
            <DistanceMeters>9071.25</DistanceMeters>
            <HeartRateBpm><Value>141</Value></HeartRateBpm>
            <Cadence>169</Cadence>
          </Trackpoint>
          <Trackpoint>
            <Time>2026-04-05T14:29:30.000Z</Time>
            <Position>
              <LatitudeDegrees>37.3440296</LatitudeDegrees>
              <LongitudeDegrees>-121.8789561</LongitudeDegrees>
            </Position>
            <AltitudeMeters>24.5</AltitudeMeters>
            <DistanceMeters>9083.97</DistanceMeters>
            <HeartRateBpm><Value>141</Value></HeartRateBpm>
            <Cadence>169</Cadence>
          </Trackpoint>
          <Trackpoint>
            <Time>2026-04-05T14:29:35.000Z</Time>
            <Position>
              <LatitudeDegrees>37.3439486</LatitudeDegrees>
              <LongitudeDegrees>-121.8790581</LongitudeDegrees>
            </Position>
            <AltitudeMeters>24.4</AltitudeMeters>
            <DistanceMeters>9096.69</DistanceMeters>
            <HeartRateBpm><Value>141</Value></HeartRateBpm>
            <Cadence>169</Cadence>
          </Trackpoint>
          <Trackpoint>
            <Time>2026-04-05T14:29:40.000Z</Time>
            <Position>
              <LatitudeDegrees>37.3438677</LatitudeDegrees>
              <LongitudeDegrees>-121.8791601</LongitudeDegrees>
            </Position>
            <AltitudeMeters>24.3</AltitudeMeters>
            <DistanceMeters>9109.41</DistanceMeters>
            <HeartRateBpm><Value>141</Value></HeartRateBpm>
            <Cadence>169</Cadence>
          </Trackpoint>
          <Trackpoint>
            <Time>2026-04-05T14:29:45.000Z</Time>
            <Position>
              <LatitudeDegrees>37.3437867</LatitudeDegrees>
              <LongitudeDegrees>-121.8792621</LongitudeDegrees>
            </Position>
            <AltitudeMeters>24.3</AltitudeMeters>
            <DistanceMeters>9122.14</DistanceMeters>
            <HeartRateBpm><Value>141</Value></HeartRateBpm>
            <Cadence>169</Cadence>
          </Trackpoint>
          <Trackpoint>
            <Time>2026-04-05T14:29:50.000Z</Time>
            <Position>
              <LatitudeDegrees>37.3437057</LatitudeDegrees>
              <LongitudeDegrees>-121.8793641</LongitudeDegrees>
            </Position>
            <AltitudeMeters>24.2</AltitudeMeters>
            <DistanceMeters>9134.86</DistanceMeters>
            <HeartRateBpm><Value>141</Value></HeartRateBpm>
            <Cadence>169</Cadence>
          </Trackpoint>
          <Trackpoint>
            <Time>2026-04-05T14:29:55.000Z</Time>
            <Position>
              <LatitudeDegrees>37.3436248</LatitudeDegrees>
              <LongitudeDegrees>-121.8794661</LongitudeDegrees>
            </Position>
            <AltitudeMeters>24.1</AltitudeMeters>
            <DistanceMeters>9147.58</DistanceMeters>
            <HeartRateBpm><Value>141</Value></HeartRateBpm>
            <Cadence>169</Cadence>
          </Trackpoint>
          <Trackpoint>
            <Time>2026-04-05T14:30:00.000Z</Time>
            <Position>
              <LatitudeDegrees>37.3435438</LatitudeDegrees>
              <LongitudeDegrees>-121.8795681</LongitudeDegrees>
            </Position>
            <AltitudeMeters>24</AltitudeMeters>
            <DistanceMeters>9160.31</DistanceMeters>
            <HeartRateBpm><Value>141</Value></HeartRateBpm>
            <Cadence>169</Cadence>
          </Trackpoint>
          <Trackpoint>
            <Time>2026-04-05T14:30:05.000Z</Time>
            <Position>
              <LatitudeDegrees>37.3434628</LatitudeDegrees>
              <LongitudeDegrees>-121.8796701</LongitudeDegrees>
            </Position>
            <AltitudeMeters>24</AltitudeMeters>
            <DistanceMeters>9173.03</DistanceMeters>
            <HeartRateBpm><Value>141</Value></HeartRateBpm>
            <Cadence>169</Cadence>
          </Trackpoint>
          <Trackpoint>
            <Time>2026-04-05T14:30:10.000Z</Time>
            <Position>
              <LatitudeDegrees>37.3433819</LatitudeDegrees>
              <LongitudeDegrees>-121.8797721</LongitudeDegrees>
            </Position>
            <AltitudeMeters>23.9</AltitudeMeters>
            <DistanceMeters>9185.75</DistanceMeters>
            <HeartRateBpm><Value>141</Value></HeartRateBpm>
            <Cadence>169</Cadence>
          </Trackpoint>
          <Trackpoint>
            <Time>2026-04-05T14:30:15.000Z</Time>
            <Position>
              <LatitudeDegrees>37.3433009</LatitudeDegrees>
              <LongitudeDegrees>-121.8798741</LongitudeDegrees>
            </Position>
            <AltitudeMeters>23.8</AltitudeMeters>
            <DistanceMeters>9198.47</DistanceMeters>
            <HeartRateBpm><Value>141</Value></HeartRateBpm>
            <Cadence>169</Cadence>
          </Trackpoint>
          <Trackpoint>
            <Time>2026-04-05T14:30:20.000Z</Time>
            <Position>
              <LatitudeDegrees>37.3432199</LatitudeDegrees>
              <LongitudeDegrees>-121.8799761</LongitudeDegrees>
            </Position>
            <AltitudeMeters>23.8</AltitudeMeters>
            <DistanceMeters>9211.20</DistanceMeters>
            <HeartRateBpm><Value>141</Value></HeartRateBpm>
            <Cadence>169</Cadence>
          </Trackpoint>
          <Trackpoint>
            <Time>2026-04-05T14:30:25.000Z</Time>
            <Position>
              <LatitudeDegrees>37.3431390</LatitudeDegrees>
              <LongitudeDegrees>-121.8800781</LongitudeDegrees>
            </Position>
            <AltitudeMeters>23.7</AltitudeMeters>
            <DistanceMeters>9223.92</DistanceMeters>
            <HeartRateBpm><Value>141</Value></HeartRateBpm>
            <Cadence>169</Cadence>
          </Trackpoint>
          <Trackpoint>
            <Time>2026-04-05T14:30:30.000Z</Time>
            <Position>
              <LatitudeDegrees>37.3430580</LatitudeDegrees>
              <LongitudeDegrees>-121.8801801</LongitudeDegrees>
            </Position>
            <AltitudeMeters>23.6</AltitudeMeters>
            <DistanceMeters>9236.64</DistanceMeters>
            <HeartRateBpm><Value>141</Value></HeartRateBpm>
            <Cadence>169</Cadence>
          </Trackpoint>
          <Trackpoint>
            <Time>2026-04-05T14:30:35.000Z</Time>
            <Position>
              <LatitudeDegrees>37.3429770</LatitudeDegrees>
              <LongitudeDegrees>-121.8802821</LongitudeDegrees>
            </Position>
            <AltitudeMeters>23.6</AltitudeMeters>
            <DistanceMeters>9249.36</DistanceMeters>
            <HeartRateBpm><Value>141</Value></HeartRateBpm>
            <Cadence>169</Cadence>
          </Trackpoint>
          <Trackpoint>
            <Time>2026-04-05T14:30:40.000Z</Time>
            <Position>
              <LatitudeDegrees>37.3428961</LatitudeDegrees>
              <LongitudeDegrees>-121.8803841</LongitudeDegrees>
            </Position>
            <AltitudeMeters>23.5</AltitudeMeters>
            <DistanceMeters>9262.09</DistanceMeters>
            <HeartRateBpm><Value>141</Value></HeartRateBpm>
            <Cadence>169</Cadence>
          </Trackpoint>
          <Trackpoint>
            <Time>2026-04-05T14:30:45.000Z</Time>
            <Position>
              <LatitudeDegrees>37.3428151</LatitudeDegrees>
              <LongitudeDegrees>-121.8804861</LongitudeDegrees>
            </Position>
            <AltitudeMeters>23.5</AltitudeMeters>
            <DistanceMeters>9274.81</DistanceMeters>
            <HeartRateBpm><Value>141</Value></HeartRateBpm>
            <Cadence>169</Cadence>
          </Trackpoint>
          <Trackpoint>
            <Time>2026-04-05T14:30:50.000Z</Time>
            <Position>
              <LatitudeDegrees>37.3427341</LatitudeDegrees>
              <LongitudeDegrees>-121.8805881</LongitudeDegrees>
            </Position>
            <AltitudeMeters>23.4</AltitudeMeters>
            <DistanceMeters>9287.53</DistanceMeters>
            <HeartRateBpm><Value>141</Value></HeartRateBpm>
            <Cadence>169</Cadence>
          </Trackpoint>
          <Trackpoint>
            <Time>2026-04-05T14:30:55.000Z</Time>
            <Position>
              <LatitudeDegrees>37.3426532</LatitudeDegrees>
              <LongitudeDegrees>-121.8806901</LongitudeDegrees>
            </Position>
            <AltitudeMeters>23.4</AltitudeMeters>
            <DistanceMeters>9300.25</DistanceMeters>
            <HeartRateBpm><Value>141</Value></HeartRateBpm>
            <Cadence>169</Cadence>
          </Trackpoint>
          <Trackpoint>
            <Time>2026-04-05T14:31:00.000Z</Time>
            <Position>
              <LatitudeDegrees>37.3425722</LatitudeDegrees>
              <LongitudeDegrees>-121.8807921</LongitudeDegrees>
            </Position>
            <AltitudeMeters>23.3</AltitudeMeters>
            <DistanceMeters>9312.98</DistanceMeters>
            <HeartRateBpm><Value>141</Value></HeartRateBpm>
            <Cadence>169</Cadence>
          </Trackpoint>
          <Trackpoint>
            <Time>2026-04-05T14:31:05.000Z</Time>
            <Position>
              <LatitudeDegrees>37.3424912</LatitudeDegrees>
              <LongitudeDegrees>-121.8808941</LongitudeDegrees>
            </Position>
            <AltitudeMeters>23.3</AltitudeMeters>
            <DistanceMeters>9325.70</DistanceMeters>
            <HeartRateBpm><Value>141</Value></HeartRateBpm>
            <Cadence>169</Cadence>
          </Trackpoint>
          <Trackpoint>
            <Time>2026-04-05T14:31:10.000Z</Time>
            <Position>
              <LatitudeDegrees>37.3424103</LatitudeDegrees>
              <LongitudeDegrees>-121.8809961</LongitudeDegrees>
            </Position>
            <AltitudeMeters>23.3</AltitudeMeters>
            <DistanceMeters>9338.42</DistanceMeters>
            <HeartRateBpm><Value>141</Value></HeartRateBpm>
            <Cadence>169</Cadence>
          </Trackpoint>
          <Trackpoint>
            <Time>2026-04-05T14:31:15.000Z</Time>
            <Position>
              <LatitudeDegrees>37.3423293</LatitudeDegrees>
              <LongitudeDegrees>-121.8810981</LongitudeDegrees>
            </Position>
            <AltitudeMeters>23.2</AltitudeMeters>
            <DistanceMeters>9351.15</DistanceMeters>
            <HeartRateBpm><Value>141</Value></HeartRateBpm>
            <Cadence>169</Cadence>
          </Trackpoint>
          <Trackpoint>
            <Time>2026-04-05T14:31:20.000Z</Time>
            <Position>
              <LatitudeDegrees>37.3422483</LatitudeDegrees>
              <LongitudeDegrees>-121.8812001</LongitudeDegrees>
            </Position>
            <AltitudeMeters>23.2</AltitudeMeters>
            <DistanceMeters>9363.87</DistanceMeters>
            <HeartRateBpm><Value>141</Value></HeartRateBpm>
            <Cadence>169</Cadence>
          </Trackpoint>
          <Trackpoint>
            <Time>2026-04-05T14:31:25.000Z</Time>
            <Position>
              <LatitudeDegrees>37.3421674</LatitudeDegrees>
              <LongitudeDegrees>-121.8813021</LongitudeDegrees>
            </Position>
            <AltitudeMeters>23.1</AltitudeMeters>
            <DistanceMeters>9376.59</DistanceMeters>
            <HeartRateBpm><Value>141</Value></HeartRateBpm>
            <Cadence>169</Cadence>
          </Trackpoint>
          <Trackpoint>
            <Time>2026-04-05T14:31:30.000Z</Time>
            <Position>
              <LatitudeDegrees>37.3420864</LatitudeDegrees>
              <LongitudeDegrees>-121.8814041</LongitudeDegrees>
            </Position>
            <AltitudeMeters>23.1</AltitudeMeters>
            <DistanceMeters>9389.31</DistanceMeters>
            <HeartRateBpm><Value>141</Value></HeartRateBpm>
            <Cadence>169</Cadence>
          </Trackpoint>
          <Trackpoint>
            <Time>2026-04-05T14:31:35.000Z</Time>
            <Position>
              <LatitudeDegrees>37.3420054</LatitudeDegrees>
              <LongitudeDegrees>-121.8815061</LongitudeDegrees>
            </Position>
            <AltitudeMeters>23.1</AltitudeMeters>
            <DistanceMeters>9402.04</DistanceMeters>
            <HeartRateBpm><Value>141</Value></HeartRateBpm>
            <Cadence>169</Cadence>
          </Trackpoint>
          <Trackpoint>
            <Time>2026-04-05T14:31:40.000Z</Time>
            <Position>
              <LatitudeDegrees>37.3419245</LatitudeDegrees>
              <LongitudeDegrees>-121.8816081</LongitudeDegrees>
            </Position>
            <AltitudeMeters>23.1</AltitudeMeters>
            <DistanceMeters>9414.76</DistanceMeters>
            <HeartRateBpm><Value>141</Value></HeartRateBpm>
            <Cadence>169</Cadence>
          </Trackpoint>
          <Trackpoint>
            <Time>2026-04-05T14:31:45.000Z</Time>
            <Position>
              <LatitudeDegrees>37.3418435</LatitudeDegrees>
              <LongitudeDegrees>-121.8817101</LongitudeDegrees>
            </Position>
            <AltitudeMeters>23.1</AltitudeMeters>
            <DistanceMeters>9427.48</DistanceMeters>
            <HeartRateBpm><Value>141</Value></HeartRateBpm>
            <Cadence>169</Cadence>
          </Trackpoint>
          <Trackpoint>
            <Time>2026-04-05T14:31:50.000Z</Time>
            <Position>
              <LatitudeDegrees>37.3417625</LatitudeDegrees>
              <LongitudeDegrees>-121.8818121</LongitudeDegrees>
            </Position>
            <AltitudeMeters>23</AltitudeMeters>
            <DistanceMeters>9440.20</DistanceMeters>
            <HeartRateBpm><Value>141</Value></HeartRateBpm>
            <Cadence>169</Cadence>
          </Trackpoint>
          <Trackpoint>
            <Time>2026-04-05T14:31:55.000Z</Time>
            <Position>
              <LatitudeDegrees>37.3416816</LatitudeDegrees>
              <LongitudeDegrees>-121.8819141</LongitudeDegrees>
            </Position>
            <AltitudeMeters>23</AltitudeMeters>
            <DistanceMeters>9452.93</DistanceMeters>
            <HeartRateBpm><Value>141</Value></HeartRateBpm>
            <Cadence>169</Cadence>
          </Trackpoint>
          <Trackpoint>
            <Time>2026-04-05T14:32:00.000Z</Time>
            <Position>
              <LatitudeDegrees>37.3416006</LatitudeDegrees>
              <LongitudeDegrees>-121.8820161</LongitudeDegrees>
            </Position>
            <AltitudeMeters>23</AltitudeMeters>
            <DistanceMeters>9465.65</DistanceMeters>
            <HeartRateBpm><Value>141</Value></HeartRateBpm>
            <Cadence>169</Cadence>
          </Trackpoint>
          <Trackpoint>
            <Time>2026-04-05T14:32:05.000Z</Time>
            <Position>
              <LatitudeDegrees>37.3415196</LatitudeDegrees>
              <LongitudeDegrees>-121.8821181</LongitudeDegrees>
            </Position>
            <AltitudeMeters>23</AltitudeMeters>
            <DistanceMeters>9478.37</DistanceMeters>
            <HeartRateBpm><Value>141</Value></HeartRateBpm>
            <Cadence>169</Cadence>
          </Trackpoint>
          <Trackpoint>
            <Time>2026-04-05T14:32:10.000Z</Time>
            <Position>
              <LatitudeDegrees>37.3414387</LatitudeDegrees>
              <LongitudeDegrees>-121.8822201</LongitudeDegrees>
            </Position>
            <AltitudeMeters>23</AltitudeMeters>
            <DistanceMeters>9491.09</DistanceMeters>
            <HeartRateBpm><Value>141</Value></HeartRateBpm>
            <Cadence>169</Cadence>
          </Trackpoint>
          <Trackpoint>
            <Time>2026-04-05T14:32:15.000Z</Time>
            <Position>
              <LatitudeDegrees>37.3413577</LatitudeDegrees>
              <LongitudeDegrees>-121.8823221</LongitudeDegrees>
            </Position>
            <AltitudeMeters>23</AltitudeMeters>
            <DistanceMeters>9503.82</DistanceMeters>
            <HeartRateBpm><Value>141</Value></HeartRateBpm>
            <Cadence>169</Cadence>
          </Trackpoint>
          <Trackpoint>
            <Time>2026-04-05T14:32:20.000Z</Time>
            <Position>
              <LatitudeDegrees>37.3412767</LatitudeDegrees>
              <LongitudeDegrees>-121.8824241</LongitudeDegrees>
            </Position>
            <AltitudeMeters>23</AltitudeMeters>
            <DistanceMeters>9516.54</DistanceMeters>
            <HeartRateBpm><Value>141</Value></HeartRateBpm>
            <Cadence>169</Cadence>
          </Trackpoint>
          <Trackpoint>
            <Time>2026-04-05T14:32:25.000Z</Time>
            <Position>
              <LatitudeDegrees>37.3411958</LatitudeDegrees>
              <LongitudeDegrees>-121.8825261</LongitudeDegrees>
            </Position>
            <AltitudeMeters>23</AltitudeMeters>
            <DistanceMeters>9529.26</DistanceMeters>
            <HeartRateBpm><Value>141</Value></HeartRateBpm>
            <Cadence>169</Cadence>
          </Trackpoint>
          <Trackpoint>
            <Time>2026-04-05T14:32:30.000Z</Time>
            <Position>
              <LatitudeDegrees>37.3411148</LatitudeDegrees>
              <LongitudeDegrees>-121.8826281</LongitudeDegrees>
            </Position>
            <AltitudeMeters>23</AltitudeMeters>
            <DistanceMeters>9541.98</DistanceMeters>
            <HeartRateBpm><Value>141</Value></HeartRateBpm>
            <Cadence>169</Cadence>
          </Trackpoint>
          <Trackpoint>
            <Time>2026-04-05T14:32:35.000Z</Time>
            <Position>
              <LatitudeDegrees>37.3410338</LatitudeDegrees>
              <LongitudeDegrees>-121.8827301</LongitudeDegrees>
            </Position>
            <AltitudeMeters>23</AltitudeMeters>
            <DistanceMeters>9554.71</DistanceMeters>
            <HeartRateBpm><Value>141</Value></HeartRateBpm>
            <Cadence>169</Cadence>
          </Trackpoint>
          <Trackpoint>
            <Time>2026-04-05T14:32:40.000Z</Time>
            <Position>
              <LatitudeDegrees>37.3409529</LatitudeDegrees>
              <LongitudeDegrees>-121.8828321</LongitudeDegrees>
            </Position>
            <AltitudeMeters>23</AltitudeMeters>
            <DistanceMeters>9567.43</DistanceMeters>
            <HeartRateBpm><Value>141</Value></HeartRateBpm>
            <Cadence>169</Cadence>
          </Trackpoint>
          <Trackpoint>
            <Time>2026-04-05T14:32:45.000Z</Time>
            <Position>
              <LatitudeDegrees>37.3408719</LatitudeDegrees>
              <LongitudeDegrees>-121.8829340</LongitudeDegrees>
            </Position>
            <AltitudeMeters>23.1</AltitudeMeters>
            <DistanceMeters>9580.15</DistanceMeters>
            <HeartRateBpm><Value>141</Value></HeartRateBpm>
            <Cadence>169</Cadence>
          </Trackpoint>
          <Trackpoint>
            <Time>2026-04-05T14:32:50.000Z</Time>
            <Position>
              <LatitudeDegrees>37.3407909</LatitudeDegrees>
              <LongitudeDegrees>-121.8830360</LongitudeDegrees>
            </Position>
            <AltitudeMeters>23.1</AltitudeMeters>
            <DistanceMeters>9592.88</DistanceMeters>
            <HeartRateBpm><Value>141</Value></HeartRateBpm>
            <Cadence>169</Cadence>
          </Trackpoint>
          <Trackpoint>
            <Time>2026-04-05T14:32:55.000Z</Time>
            <Position>
              <LatitudeDegrees>37.3407100</LatitudeDegrees>
              <LongitudeDegrees>-121.8831380</LongitudeDegrees>
            </Position>
            <AltitudeMeters>23.1</AltitudeMeters>
            <DistanceMeters>9605.60</DistanceMeters>
            <HeartRateBpm><Value>141</Value></HeartRateBpm>
            <Cadence>169</Cadence>
          </Trackpoint>
          <Trackpoint>
            <Time>2026-04-05T14:33:00.000Z</Time>
            <Position>
              <LatitudeDegrees>37.3406290</LatitudeDegrees>
              <LongitudeDegrees>-121.8832400</LongitudeDegrees>
            </Position>
            <AltitudeMeters>23.1</AltitudeMeters>
            <DistanceMeters>9618.32</DistanceMeters>
            <HeartRateBpm><Value>141</Value></HeartRateBpm>
            <Cadence>169</Cadence>
          </Trackpoint>
          <Trackpoint>
            <Time>2026-04-05T14:33:05.000Z</Time>
            <Position>
              <LatitudeDegrees>37.3405480</LatitudeDegrees>
              <LongitudeDegrees>-121.8833420</LongitudeDegrees>
            </Position>
            <AltitudeMeters>23.2</AltitudeMeters>
            <DistanceMeters>9631.04</DistanceMeters>
            <HeartRateBpm><Value>141</Value></HeartRateBpm>
            <Cadence>169</Cadence>
          </Trackpoint>
          <Trackpoint>
            <Time>2026-04-05T14:33:10.000Z</Time>
            <Position>
              <LatitudeDegrees>37.3404671</LatitudeDegrees>
              <LongitudeDegrees>-121.8834440</LongitudeDegrees>
            </Position>
            <AltitudeMeters>23.2</AltitudeMeters>
            <DistanceMeters>9643.77</DistanceMeters>
            <HeartRateBpm><Value>141</Value></HeartRateBpm>
            <Cadence>169</Cadence>
          </Trackpoint>
          <Trackpoint>
            <Time>2026-04-05T14:33:15.000Z</Time>
            <Position>
              <LatitudeDegrees>37.3403861</LatitudeDegrees>
              <LongitudeDegrees>-121.8835460</LongitudeDegrees>
            </Position>
            <AltitudeMeters>23.2</AltitudeMeters>
            <DistanceMeters>9656.49</DistanceMeters>
            <HeartRateBpm><Value>141</Value></HeartRateBpm>
            <Cadence>169</Cadence>
          </Trackpoint>
          <Trackpoint>
            <Time>2026-04-05T14:33:20.000Z</Time>
            <Position>
              <LatitudeDegrees>37.3403051</LatitudeDegrees>
              <LongitudeDegrees>-121.8836480</LongitudeDegrees>
            </Position>
            <AltitudeMeters>23.3</AltitudeMeters>
            <DistanceMeters>9669.21</DistanceMeters>
            <HeartRateBpm><Value>141</Value></HeartRateBpm>
            <Cadence>169</Cadence>
          </Trackpoint>
          <Trackpoint>
            <Time>2026-04-05T14:33:25.000Z</Time>
            <Position>
              <LatitudeDegrees>37.3402242</LatitudeDegrees>
              <LongitudeDegrees>-121.8837500</LongitudeDegrees>
            </Position>
            <AltitudeMeters>23.3</AltitudeMeters>
            <DistanceMeters>9681.93</DistanceMeters>
            <HeartRateBpm><Value>141</Value></HeartRateBpm>
            <Cadence>169</Cadence>
          </Trackpoint>
          <Trackpoint>
            <Time>2026-04-05T14:33:30.000Z</Time>
            <Position>
              <LatitudeDegrees>37.3401432</LatitudeDegrees>
              <LongitudeDegrees>-121.8838520</LongitudeDegrees>
            </Position>
            <AltitudeMeters>23.4</AltitudeMeters>
            <DistanceMeters>9694.66</DistanceMeters>
            <HeartRateBpm><Value>141</Value></HeartRateBpm>
            <Cadence>169</Cadence>
          </Trackpoint>
          <Trackpoint>
            <Time>2026-04-05T14:33:35.000Z</Time>
            <Position>
              <LatitudeDegrees>37.3400622</LatitudeDegrees>
              <LongitudeDegrees>-121.8839540</LongitudeDegrees>
            </Position>
            <AltitudeMeters>23.4</AltitudeMeters>
            <DistanceMeters>9707.38</DistanceMeters>
            <HeartRateBpm><Value>141</Value></HeartRateBpm>
            <Cadence>169</Cadence>
          </Trackpoint>
          <Trackpoint>
            <Time>2026-04-05T14:33:40.000Z</Time>
            <Position>
              <LatitudeDegrees>37.3399813</LatitudeDegrees>
              <LongitudeDegrees>-121.8840560</LongitudeDegrees>
            </Position>
            <AltitudeMeters>23.5</AltitudeMeters>
            <DistanceMeters>9720.10</DistanceMeters>
            <HeartRateBpm><Value>141</Value></HeartRateBpm>
            <Cadence>169</Cadence>
          </Trackpoint>
          <Trackpoint>
            <Time>2026-04-05T14:33:45.000Z</Time>
            <Position>
              <LatitudeDegrees>37.3399003</LatitudeDegrees>
              <LongitudeDegrees>-121.8841580</LongitudeDegrees>
            </Position>
            <AltitudeMeters>23.5</AltitudeMeters>
            <DistanceMeters>9732.82</DistanceMeters>
            <HeartRateBpm><Value>141</Value></HeartRateBpm>
            <Cadence>169</Cadence>
          </Trackpoint>
          <Trackpoint>
            <Time>2026-04-05T14:33:50.000Z</Time>
            <Position>
              <LatitudeDegrees>37.3398193</LatitudeDegrees>
              <LongitudeDegrees>-121.8842600</LongitudeDegrees>
            </Position>
            <AltitudeMeters>23.6</AltitudeMeters>
            <DistanceMeters>9745.55</DistanceMeters>
            <HeartRateBpm><Value>141</Value></HeartRateBpm>
            <Cadence>169</Cadence>
          </Trackpoint>
          <Trackpoint>
            <Time>2026-04-05T14:33:55.000Z</Time>
            <Position>
              <LatitudeDegrees>37.3397384</LatitudeDegrees>
              <LongitudeDegrees>-121.8843620</LongitudeDegrees>
            </Position>
            <AltitudeMeters>23.6</AltitudeMeters>
            <DistanceMeters>9758.27</DistanceMeters>
            <HeartRateBpm><Value>141</Value></HeartRateBpm>
            <Cadence>169</Cadence>
          </Trackpoint>
          <Trackpoint>
            <Time>2026-04-05T14:34:00.000Z</Time>
            <Position>
              <LatitudeDegrees>37.3396574</LatitudeDegrees>
              <LongitudeDegrees>-121.8844640</LongitudeDegrees>
            </Position>
            <AltitudeMeters>23.7</AltitudeMeters>
            <DistanceMeters>9770.99</DistanceMeters>
            <HeartRateBpm><Value>141</Value></HeartRateBpm>
            <Cadence>169</Cadence>
          </Trackpoint>
          <Trackpoint>
            <Time>2026-04-05T14:34:05.000Z</Time>
            <Position>
              <LatitudeDegrees>37.3395764</LatitudeDegrees>
              <LongitudeDegrees>-121.8845660</LongitudeDegrees>
            </Position>
            <AltitudeMeters>23.7</AltitudeMeters>
            <DistanceMeters>9783.72</DistanceMeters>
            <HeartRateBpm><Value>141</Value></HeartRateBpm>
            <Cadence>169</Cadence>
          </Trackpoint>
          <Trackpoint>
            <Time>2026-04-05T14:34:10.000Z</Time>
            <Position>
              <LatitudeDegrees>37.3394955</LatitudeDegrees>
              <LongitudeDegrees>-121.8846680</LongitudeDegrees>
            </Position>
            <AltitudeMeters>23.8</AltitudeMeters>
            <DistanceMeters>9796.44</DistanceMeters>
            <HeartRateBpm><Value>141</Value></HeartRateBpm>
            <Cadence>169</Cadence>
          </Trackpoint>
          <Trackpoint>
            <Time>2026-04-05T14:34:15.000Z</Time>
            <Position>
              <LatitudeDegrees>37.3394145</LatitudeDegrees>
              <LongitudeDegrees>-121.8847700</LongitudeDegrees>
            </Position>
            <AltitudeMeters>23.9</AltitudeMeters>
            <DistanceMeters>9809.16</DistanceMeters>
            <HeartRateBpm><Value>141</Value></HeartRateBpm>
            <Cadence>169</Cadence>
          </Trackpoint>
          <Trackpoint>
            <Time>2026-04-05T14:34:20.000Z</Time>
            <Position>
              <LatitudeDegrees>37.3393335</LatitudeDegrees>
              <LongitudeDegrees>-121.8848720</LongitudeDegrees>
            </Position>
            <AltitudeMeters>23.9</AltitudeMeters>
            <DistanceMeters>9821.88</DistanceMeters>
            <HeartRateBpm><Value>141</Value></HeartRateBpm>
            <Cadence>169</Cadence>
          </Trackpoint>
          <Trackpoint>
            <Time>2026-04-05T14:34:25.000Z</Time>
            <Position>
              <LatitudeDegrees>37.3392526</LatitudeDegrees>
              <LongitudeDegrees>-121.8849740</LongitudeDegrees>
            </Position>
            <AltitudeMeters>24</AltitudeMeters>
            <DistanceMeters>9834.61</DistanceMeters>
            <HeartRateBpm><Value>141</Value></HeartRateBpm>
            <Cadence>169</Cadence>
          </Trackpoint>
          <Trackpoint>
            <Time>2026-04-05T14:34:30.000Z</Time>
            <Position>
              <LatitudeDegrees>37.3391716</LatitudeDegrees>
              <LongitudeDegrees>-121.8850760</LongitudeDegrees>
            </Position>
            <AltitudeMeters>24.1</AltitudeMeters>
            <DistanceMeters>9847.33</DistanceMeters>
            <HeartRateBpm><Value>141</Value></HeartRateBpm>
            <Cadence>169</Cadence>
          </Trackpoint>
          <Trackpoint>
            <Time>2026-04-05T14:34:35.000Z</Time>
            <Position>
              <LatitudeDegrees>37.3390906</LatitudeDegrees>
              <LongitudeDegrees>-121.8851780</LongitudeDegrees>
            </Position>
            <AltitudeMeters>24.1</AltitudeMeters>
            <DistanceMeters>9860.05</DistanceMeters>
            <HeartRateBpm><Value>141</Value></HeartRateBpm>
            <Cadence>169</Cadence>
          </Trackpoint>
          <Trackpoint>
            <Time>2026-04-05T14:34:40.000Z</Time>
            <Position>
              <LatitudeDegrees>37.3390097</LatitudeDegrees>
              <LongitudeDegrees>-121.8852800</LongitudeDegrees>
            </Position>
            <AltitudeMeters>24.2</AltitudeMeters>
            <DistanceMeters>9872.77</DistanceMeters>
            <HeartRateBpm><Value>141</Value></HeartRateBpm>
            <Cadence>169</Cadence>
          </Trackpoint>
          <Trackpoint>
            <Time>2026-04-05T14:34:45.000Z</Time>
            <Position>
              <LatitudeDegrees>37.3389287</LatitudeDegrees>
              <LongitudeDegrees>-121.8853820</LongitudeDegrees>
            </Position>
            <AltitudeMeters>24.3</AltitudeMeters>
            <DistanceMeters>9885.50</DistanceMeters>
            <HeartRateBpm><Value>141</Value></HeartRateBpm>
            <Cadence>169</Cadence>
          </Trackpoint>
          <Trackpoint>
            <Time>2026-04-05T14:34:50.000Z</Time>
            <Position>
              <LatitudeDegrees>37.3388477</LatitudeDegrees>
              <LongitudeDegrees>-121.8854840</LongitudeDegrees>
            </Position>
            <AltitudeMeters>24.4</AltitudeMeters>
            <DistanceMeters>9898.22</DistanceMeters>
            <HeartRateBpm><Value>141</Value></HeartRateBpm>
            <Cadence>169</Cadence>
          </Trackpoint>
          <Trackpoint>
            <Time>2026-04-05T14:34:55.000Z</Time>
            <Position>
              <LatitudeDegrees>37.3387668</LatitudeDegrees>
              <LongitudeDegrees>-121.8855860</LongitudeDegrees>
            </Position>
            <AltitudeMeters>24.4</AltitudeMeters>
            <DistanceMeters>9910.94</DistanceMeters>
            <HeartRateBpm><Value>141</Value></HeartRateBpm>
            <Cadence>169</Cadence>
          </Trackpoint>
          <Trackpoint>
            <Time>2026-04-05T14:35:00.000Z</Time>
            <Position>
              <LatitudeDegrees>37.3386858</LatitudeDegrees>
              <LongitudeDegrees>-121.8856880</LongitudeDegrees>
            </Position>
            <AltitudeMeters>24.5</AltitudeMeters>
            <DistanceMeters>9923.66</DistanceMeters>
            <HeartRateBpm><Value>141</Value></HeartRateBpm>
            <Cadence>169</Cadence>
          </Trackpoint>
          <Trackpoint>
            <Time>2026-04-05T14:35:05.000Z</Time>
            <Position>
              <LatitudeDegrees>37.3386048</LatitudeDegrees>
              <LongitudeDegrees>-121.8857900</LongitudeDegrees>
            </Position>
            <AltitudeMeters>24.6</AltitudeMeters>
            <DistanceMeters>9936.39</DistanceMeters>
            <HeartRateBpm><Value>141</Value></HeartRateBpm>
            <Cadence>169</Cadence>
          </Trackpoint>
          <Trackpoint>
            <Time>2026-04-05T14:35:10.000Z</Time>
            <Position>
              <LatitudeDegrees>37.3385239</LatitudeDegrees>
              <LongitudeDegrees>-121.8858920</LongitudeDegrees>
            </Position>
            <AltitudeMeters>24.7</AltitudeMeters>
            <DistanceMeters>9949.11</DistanceMeters>
            <HeartRateBpm><Value>141</Value></HeartRateBpm>
            <Cadence>169</Cadence>
          </Trackpoint>
          <Trackpoint>
            <Time>2026-04-05T14:35:15.000Z</Time>
            <Position>
              <LatitudeDegrees>37.3384429</LatitudeDegrees>
              <LongitudeDegrees>-121.8859940</LongitudeDegrees>
            </Position>
            <AltitudeMeters>24.8</AltitudeMeters>
            <DistanceMeters>9961.83</DistanceMeters>
            <HeartRateBpm><Value>141</Value></HeartRateBpm>
            <Cadence>169</Cadence>
          </Trackpoint>
          <Trackpoint>
            <Time>2026-04-05T14:35:20.000Z</Time>
            <Position>
              <LatitudeDegrees>37.3383619</LatitudeDegrees>
              <LongitudeDegrees>-121.8860960</LongitudeDegrees>
            </Position>
            <AltitudeMeters>24.8</AltitudeMeters>
            <DistanceMeters>9974.55</DistanceMeters>
            <HeartRateBpm><Value>141</Value></HeartRateBpm>
            <Cadence>169</Cadence>
          </Trackpoint>
          <Trackpoint>
            <Time>2026-04-05T14:35:25.000Z</Time>
            <Position>
              <LatitudeDegrees>37.3382810</LatitudeDegrees>
              <LongitudeDegrees>-121.8861980</LongitudeDegrees>
            </Position>
            <AltitudeMeters>24.9</AltitudeMeters>
            <DistanceMeters>9987.28</DistanceMeters>
            <HeartRateBpm><Value>141</Value></HeartRateBpm>
            <Cadence>169</Cadence>
          </Trackpoint>
          <Trackpoint>
            <Time>2026-04-05T14:35:30.000Z</Time>
            <Position>
              <LatitudeDegrees>37.3382000</LatitudeDegrees>
              <LongitudeDegrees>-121.8863000</LongitudeDegrees>
            </Position>
            <AltitudeMeters>25</AltitudeMeters>
            <DistanceMeters>10000.00</DistanceMeters>
            <HeartRateBpm><Value>141</Value></HeartRateBpm>
            <Cadence>169</Cadence>
          </Trackpoint>
        </Track>
      </Lap>
    </Activity>
  </Activities>
</TrainingCenterDatabase>