<?xml version="1.0" encoding="UTF-8"?>
<TrainingCenterDatabase
  xmlns="http://www.garmin.com/xmlschemas/TrainingCenterDatabase/v2"
  xmlns:xsi="http://www.w3.org/2001/XMLSchema-instance"
  xsi:schemaLocation="http://www.garmin.com/xmlschemas/TrainingCenterDatabase/v2 https://www.garmin.com/xmlschemas/TrainingCenterDatabasev2.xsd">
  <Activities>
    <Activity Sport="Running">
      <Id>2026-03-08T13:30:00.000Z</Id>
      <Lap StartTime="2026-03-08T13:30:00.000Z">
        <TotalTimeSeconds>2992</TotalTimeSeconds>
        <DistanceMeters>8000</DistanceMeters>
        <AverageHeartRateBpm><Value>157</Value></AverageHeartRateBpm>
        <MaximumHeartRateBpm><Value>150</Value></MaximumHeartRateBpm>
        <Intensity>Active</Intensity>
        <TriggerMethod>Manual</TriggerMethod>
        <Track>
          <Trackpoint>
            <Time>2026-03-08T13:30:00.000Z</Time>
            <Position>
              <LatitudeDegrees>37.3382000</LatitudeDegrees>
              <LongitudeDegrees>-121.8863000</LongitudeDegrees>
            </Position>
            <AltitudeMeters>25</AltitudeMeters>
            <DistanceMeters>0.00</DistanceMeters>
            <HeartRateBpm><Value>149</Value></HeartRateBpm>
            <Cadence>167</Cadence>
          </Trackpoint>
          <Trackpoint>
            <Time>2026-03-08T13:30:05.000Z</Time>
            <Position>
              <LatitudeDegrees>37.3382851</LatitudeDegrees>
              <LongitudeDegrees>-121.8861928</LongitudeDegrees>
            </Position>
            <AltitudeMeters>25.1</AltitudeMeters>
            <DistanceMeters>13.37</DistanceMeters>
            <HeartRateBpm><Value>149</Value></HeartRateBpm>
            <Cadence>167</Cadence>
          </Trackpoint>
          <Trackpoint>
            <Time>2026-03-08T13:30:10.000Z</Time>
            <Position>
              <LatitudeDegrees>37.3383702</LatitudeDegrees>
              <LongitudeDegrees>-121.8860856</LongitudeDegrees>
            </Position>
            <AltitudeMeters>25.2</AltitudeMeters>
            <DistanceMeters>26.74</DistanceMeters>
            <HeartRateBpm><Value>149</Value></HeartRateBpm>
            <Cadence>167</Cadence>
          </Trackpoint>
          <Trackpoint>
            <Time>2026-03-08T13:30:15.000Z</Time>
            <Position>
              <LatitudeDegrees>37.3384552</LatitudeDegrees>
              <LongitudeDegrees>-121.8859785</LongitudeDegrees>
            </Position>
            <AltitudeMeters>25.3</AltitudeMeters>
            <DistanceMeters>40.11</DistanceMeters>
            <HeartRateBpm><Value>149</Value></HeartRateBpm>
            <Cadence>167</Cadence>
          </Trackpoint>
          <Trackpoint>
            <Time>2026-03-08T13:30:20.000Z</Time>
            <Position>
              <LatitudeDegrees>37.3385403</LatitudeDegrees>
              <LongitudeDegrees>-121.8858713</LongitudeDegrees>
            </Position>
            <AltitudeMeters>25.3</AltitudeMeters>
            <DistanceMeters>53.48</DistanceMeters>
            <HeartRateBpm><Value>149</Value></HeartRateBpm>
            <Cadence>167</Cadence>
          </Trackpoint>
          <Trackpoint>
            <Time>2026-03-08T13:30:25.000Z</Time>
            <Position>
              <LatitudeDegrees>37.3386254</LatitudeDegrees>
              <LongitudeDegrees>-121.8857641</LongitudeDegrees>
            </Position>
            <AltitudeMeters>25.4</AltitudeMeters>
            <DistanceMeters>66.84</DistanceMeters>
            <HeartRateBpm><Value>149</Value></HeartRateBpm>
            <Cadence>167</Cadence>
          </Trackpoint>
          <Trackpoint>
            <Time>2026-03-08T13:30:30.000Z</Time>
            <Position>
              <LatitudeDegrees>37.3387105</LatitudeDegrees>
              <LongitudeDegrees>-121.8856569</LongitudeDegrees>
            </Position>
            <AltitudeMeters>25.5</AltitudeMeters>
            <DistanceMeters>80.21</DistanceMeters>
            <HeartRateBpm><Value>150</Value></HeartRateBpm>
            <Cadence>167</Cadence>
          </Trackpoint>
          <Trackpoint>
            <Time>2026-03-08T13:30:35.000Z</Time>
            <Position>
              <LatitudeDegrees>37.3387956</LatitudeDegrees>
              <LongitudeDegrees>-121.8855497</LongitudeDegrees>
            </Position>
            <AltitudeMeters>25.6</AltitudeMeters>
            <DistanceMeters>93.58</DistanceMeters>
            <HeartRateBpm><Value>150</Value></HeartRateBpm>
            <Cadence>167</Cadence>
          </Trackpoint>
          <Trackpoint>
            <Time>2026-03-08T13:30:40.000Z</Time>
            <Position>
              <LatitudeDegrees>37.3388806</LatitudeDegrees>
              <LongitudeDegrees>-121.8854426</LongitudeDegrees>
            </Position>
            <AltitudeMeters>25.7</AltitudeMeters>
            <DistanceMeters>106.95</DistanceMeters>
            <HeartRateBpm><Value>150</Value></HeartRateBpm>
            <Cadence>167</Cadence>
          </Trackpoint>
          <Trackpoint>
            <Time>2026-03-08T13:30:45.000Z</Time>
            <Position>
              <LatitudeDegrees>37.3389657</LatitudeDegrees>
              <LongitudeDegrees>-121.8853354</LongitudeDegrees>
            </Position>
            <AltitudeMeters>25.7</AltitudeMeters>
            <DistanceMeters>120.32</DistanceMeters>
            <HeartRateBpm><Value>150</Value></HeartRateBpm>
            <Cadence>167</Cadence>
          </Trackpoint>
          <Trackpoint>
            <Time>2026-03-08T13:30:50.000Z</Time>
            <Position>
              <LatitudeDegrees>37.3390508</LatitudeDegrees>
              <LongitudeDegrees>-121.8852282</LongitudeDegrees>
            </Position>
            <AltitudeMeters>25.8</AltitudeMeters>
            <DistanceMeters>133.69</DistanceMeters>
            <HeartRateBpm><Value>150</Value></HeartRateBpm>
            <Cadence>167</Cadence>
          </Trackpoint>
          <Trackpoint>
            <Time>2026-03-08T13:30:55.000Z</Time>
            <Position>
              <LatitudeDegrees>37.3391359</LatitudeDegrees>
              <LongitudeDegrees>-121.8851210</LongitudeDegrees>
            </Position>
            <AltitudeMeters>25.9</AltitudeMeters>
            <DistanceMeters>147.06</DistanceMeters>
            <HeartRateBpm><Value>150</Value></HeartRateBpm>
            <Cadence>167</Cadence>
          </Trackpoint>
          <Trackpoint>
            <Time>2026-03-08T13:31:00.000Z</Time>
            <Position>
              <LatitudeDegrees>37.3392210</LatitudeDegrees>
              <LongitudeDegrees>-121.8850138</LongitudeDegrees>
            </Position>
            <AltitudeMeters>26</AltitudeMeters>
            <DistanceMeters>160.43</DistanceMeters>
            <HeartRateBpm><Value>150</Value></HeartRateBpm>
            <Cadence>167</Cadence>
          </Trackpoint>
          <Trackpoint>
            <Time>2026-03-08T13:31:05.000Z</Time>
            <Position>
              <LatitudeDegrees>37.3393060</LatitudeDegrees>
              <LongitudeDegrees>-121.8849067</LongitudeDegrees>
            </Position>
            <AltitudeMeters>26</AltitudeMeters>
            <DistanceMeters>173.80</DistanceMeters>
            <HeartRateBpm><Value>150</Value></HeartRateBpm>
            <Cadence>167</Cadence>
          </Trackpoint>
          <Trackpoint>
            <Time>2026-03-08T13:31:10.000Z</Time>
            <Position>
              <LatitudeDegrees>37.3393911</LatitudeDegrees>
              <LongitudeDegrees>-121.8847995</LongitudeDegrees>
            </Position>
            <AltitudeMeters>26.1</AltitudeMeters>
            <DistanceMeters>187.17</DistanceMeters>
            <HeartRateBpm><Value>150</Value></HeartRateBpm>
            <Cadence>167</Cadence>
          </Trackpoint>
          <Trackpoint>
            <Time>2026-03-08T13:31:15.000Z</Time>
            <Position>
              <LatitudeDegrees>37.3394762</LatitudeDegrees>
              <LongitudeDegrees>-121.8846923</LongitudeDegrees>
            </Position>
            <AltitudeMeters>26.2</AltitudeMeters>
            <DistanceMeters>200.53</DistanceMeters>
            <HeartRateBpm><Value>150</Value></HeartRateBpm>
            <Cadence>167</Cadence>
          </Trackpoint>
          <Trackpoint>
            <Time>2026-03-08T13:31:20.000Z</Time>
            <Position>
              <LatitudeDegrees>37.3395613</LatitudeDegrees>
              <LongitudeDegrees>-121.8845851</LongitudeDegrees>
            </Position>
            <AltitudeMeters>26.2</AltitudeMeters>
            <DistanceMeters>213.90</DistanceMeters>
            <HeartRateBpm><Value>150</Value></HeartRateBpm>
            <Cadence>167</Cadence>
          </Trackpoint>
          <Trackpoint>
            <Time>2026-03-08T13:31:25.000Z</Time>
            <Position>
              <LatitudeDegrees>37.3396464</LatitudeDegrees>
              <LongitudeDegrees>-121.8844779</LongitudeDegrees>
            </Position>
            <AltitudeMeters>26.3</AltitudeMeters>
            <DistanceMeters>227.27</DistanceMeters>
            <HeartRateBpm><Value>151</Value></HeartRateBpm>
            <Cadence>167</Cadence>
          </Trackpoint>
          <Trackpoint>
            <Time>2026-03-08T13:31:30.000Z</Time>
            <Position>
              <LatitudeDegrees>37.3397314</LatitudeDegrees>
              <LongitudeDegrees>-121.8843708</LongitudeDegrees>
            </Position>
            <AltitudeMeters>26.4</AltitudeMeters>
            <DistanceMeters>240.64</DistanceMeters>
            <HeartRateBpm><Value>151</Value></HeartRateBpm>
            <Cadence>167</Cadence>
          </Trackpoint>
          <Trackpoint>
            <Time>2026-03-08T13:31:35.000Z</Time>
            <Position>
              <LatitudeDegrees>37.3398165</LatitudeDegrees>
              <LongitudeDegrees>-121.8842636</LongitudeDegrees>
            </Position>
            <AltitudeMeters>26.4</AltitudeMeters>
            <DistanceMeters>254.01</DistanceMeters>
            <HeartRateBpm><Value>151</Value></HeartRateBpm>
            <Cadence>167</Cadence>
          </Trackpoint>
          <Trackpoint>
            <Time>2026-03-08T13:31:40.000Z</Time>
            <Position>
              <LatitudeDegrees>37.3399016</LatitudeDegrees>
              <LongitudeDegrees>-121.8841564</LongitudeDegrees>
            </Position>
            <AltitudeMeters>26.5</AltitudeMeters>
            <DistanceMeters>267.38</DistanceMeters>
            <HeartRateBpm><Value>151</Value></HeartRateBpm>
            <Cadence>167</Cadence>
          </Trackpoint>
          <Trackpoint>
            <Time>2026-03-08T13:31:45.000Z</Time>
            <Position>
              <LatitudeDegrees>37.3399867</LatitudeDegrees>
              <LongitudeDegrees>-121.8840492</LongitudeDegrees>
            </Position>
            <AltitudeMeters>26.5</AltitudeMeters>
            <DistanceMeters>280.75</DistanceMeters>
            <HeartRateBpm><Value>151</Value></HeartRateBpm>
            <Cadence>167</Cadence>
          </Trackpoint>
          <Trackpoint>
            <Time>2026-03-08T13:31:50.000Z</Time>
            <Position>
              <LatitudeDegrees>37.3400718</LatitudeDegrees>
              <LongitudeDegrees>-121.8839420</LongitudeDegrees>
            </Position>
            <AltitudeMeters>26.6</AltitudeMeters>
            <DistanceMeters>294.12</DistanceMeters>
            <HeartRateBpm><Value>151</Value></HeartRateBpm>
            <Cadence>167</Cadence>
          </Trackpoint>
          <Trackpoint>
            <Time>2026-03-08T13:31:55.000Z</Time>
            <Position>
              <LatitudeDegrees>37.3401568</LatitudeDegrees>
              <LongitudeDegrees>-121.8838349</LongitudeDegrees>
            </Position>
            <AltitudeMeters>26.6</AltitudeMeters>
            <DistanceMeters>307.49</DistanceMeters>
            <HeartRateBpm><Value>151</Value></HeartRateBpm>
            <Cadence>167</Cadence>
          </Trackpoint>
          <Trackpoint>
            <Time>2026-03-08T13:32:00.000Z</Time>
            <Position>
              <LatitudeDegrees>37.3402419</LatitudeDegrees>
              <LongitudeDegrees>-121.8837277</LongitudeDegrees>
            </Position>
            <AltitudeMeters>26.7</AltitudeMeters>
            <DistanceMeters>320.86</DistanceMeters>
            <HeartRateBpm><Value>151</Value></HeartRateBpm>
            <Cadence>167</Cadence>
          </Trackpoint>
          <Trackpoint>
            <Time>2026-03-08T13:32:05.000Z</Time>
            <Position>
              <LatitudeDegrees>37.3403270</LatitudeDegrees>
              <LongitudeDegrees>-121.8836205</LongitudeDegrees>
            </Position>
            <AltitudeMeters>26.7</AltitudeMeters>
            <DistanceMeters>334.22</DistanceMeters>
            <HeartRateBpm><Value>151</Value></HeartRateBpm>
            <Cadence>167</Cadence>
          </Trackpoint>
          <Trackpoint>
            <Time>2026-03-08T13:32:10.000Z</Time>
            <Position>
              <LatitudeDegrees>37.3404121</LatitudeDegrees>
              <LongitudeDegrees>-121.8835133</LongitudeDegrees>
            </Position>
            <AltitudeMeters>26.8</AltitudeMeters>
            <DistanceMeters>347.59</DistanceMeters>
            <HeartRateBpm><Value>151</Value></HeartRateBpm>
            <Cadence>167</Cadence>
          </Trackpoint>
          <Trackpoint>
            <Time>2026-03-08T13:32:15.000Z</Time>
            <Position>
              <LatitudeDegrees>37.3404972</LatitudeDegrees>
              <LongitudeDegrees>-121.8834061</LongitudeDegrees>
            </Position>
            <AltitudeMeters>26.8</AltitudeMeters>
            <DistanceMeters>360.96</DistanceMeters>
            <HeartRateBpm><Value>151</Value></HeartRateBpm>
            <Cadence>167</Cadence>
          </Trackpoint>
          <Trackpoint>
            <Time>2026-03-08T13:32:20.000Z</Time>
            <Position>
              <LatitudeDegrees>37.3405822</LatitudeDegrees>
              <LongitudeDegrees>-121.8832990</LongitudeDegrees>
            </Position>
            <AltitudeMeters>26.8</AltitudeMeters>
            <DistanceMeters>374.33</DistanceMeters>
            <HeartRateBpm><Value>151</Value></HeartRateBpm>
            <Cadence>167</Cadence>
          </Trackpoint>
          <Trackpoint>
            <Time>2026-03-08T13:32:25.000Z</Time>
            <Position>
              <LatitudeDegrees>37.3406673</LatitudeDegrees>
              <LongitudeDegrees>-121.8831918</LongitudeDegrees>
            </Position>
            <AltitudeMeters>26.9</AltitudeMeters>
            <DistanceMeters>387.70</DistanceMeters>
            <HeartRateBpm><Value>152</Value></HeartRateBpm>
            <Cadence>167</Cadence>
          </Trackpoint>
          <Trackpoint>
            <Time>2026-03-08T13:32:30.000Z</Time>
            <Position>
              <LatitudeDegrees>37.3407524</LatitudeDegrees>
              <LongitudeDegrees>-121.8830846</LongitudeDegrees>
            </Position>
            <AltitudeMeters>26.9</AltitudeMeters>
            <DistanceMeters>401.07</DistanceMeters>
            <HeartRateBpm><Value>152</Value></HeartRateBpm>
            <Cadence>167</Cadence>
          </Trackpoint>
          <Trackpoint>
            <Time>2026-03-08T13:32:35.000Z</Time>
            <Position>
              <LatitudeDegrees>37.3408375</LatitudeDegrees>
              <LongitudeDegrees>-121.8829774</LongitudeDegrees>
            </Position>
            <AltitudeMeters>26.9</AltitudeMeters>
            <DistanceMeters>414.44</DistanceMeters>
            <HeartRateBpm><Value>152</Value></HeartRateBpm>
            <Cadence>167</Cadence>
          </Trackpoint>
          <Trackpoint>
            <Time>2026-03-08T13:32:40.000Z</Time>
            <Position>
              <LatitudeDegrees>37.3409226</LatitudeDegrees>
              <LongitudeDegrees>-121.8828702</LongitudeDegrees>
            </Position>
            <AltitudeMeters>26.9</AltitudeMeters>
            <DistanceMeters>427.81</DistanceMeters>
            <HeartRateBpm><Value>152</Value></HeartRateBpm>
            <Cadence>167</Cadence>
          </Trackpoint>
          <Trackpoint>
            <Time>2026-03-08T13:32:45.000Z</Time>
            <Position>
              <LatitudeDegrees>37.3410076</LatitudeDegrees>
              <LongitudeDegrees>-121.8827631</LongitudeDegrees>
            </Position>
            <AltitudeMeters>27</AltitudeMeters>
            <DistanceMeters>441.18</DistanceMeters>
            <HeartRateBpm><Value>152</Value></HeartRateBpm>
            <Cadence>167</Cadence>
          </Trackpoint>
          <Trackpoint>
            <Time>2026-03-08T13:32:50.000Z</Time>
            <Position>
              <LatitudeDegrees>37.3410927</LatitudeDegrees>
              <LongitudeDegrees>-121.8826559</LongitudeDegrees>
            </Position>
            <AltitudeMeters>27</AltitudeMeters>
            <DistanceMeters>454.55</DistanceMeters>
            <HeartRateBpm><Value>152</Value></HeartRateBpm>
            <Cadence>167</Cadence>
          </Trackpoint>
          <Trackpoint>
            <Time>2026-03-08T13:32:55.000Z</Time>
            <Position>
              <LatitudeDegrees>37.3411778</LatitudeDegrees>
              <LongitudeDegrees>-121.8825487</LongitudeDegrees>
            </Position>
            <AltitudeMeters>27</AltitudeMeters>
            <DistanceMeters>467.91</DistanceMeters>
            <HeartRateBpm><Value>152</Value></HeartRateBpm>
            <Cadence>167</Cadence>
          </Trackpoint>
          <Trackpoint>
            <Time>2026-03-08T13:33:00.000Z</Time>
            <Position>
              <LatitudeDegrees>37.3412629</LatitudeDegrees>
              <LongitudeDegrees>-121.8824415</LongitudeDegrees>
            </Position>
            <AltitudeMeters>27</AltitudeMeters>
            <DistanceMeters>481.28</DistanceMeters>
            <HeartRateBpm><Value>152</Value></HeartRateBpm>
            <Cadence>167</Cadence>
          </Trackpoint>
          <Trackpoint>
            <Time>2026-03-08T13:33:05.000Z</Time>
            <Position>
              <LatitudeDegrees>37.3413480</LatitudeDegrees>
              <LongitudeDegrees>-121.8823343</LongitudeDegrees>
            </Position>
            <AltitudeMeters>27</AltitudeMeters>
            <DistanceMeters>494.65</DistanceMeters>
            <HeartRateBpm><Value>152</Value></HeartRateBpm>
            <Cadence>167</Cadence>
          </Trackpoint>
          <Trackpoint>
            <Time>2026-03-08T13:33:10.000Z</Time>
            <Position>
              <LatitudeDegrees>37.3414330</LatitudeDegrees>
              <LongitudeDegrees>-121.8822271</LongitudeDegrees>
            </Position>
            <AltitudeMeters>27</AltitudeMeters>
            <DistanceMeters>508.02</DistanceMeters>
            <HeartRateBpm><Value>152</Value></HeartRateBpm>
            <Cadence>167</Cadence>
          </Trackpoint>
          <Trackpoint>
            <Time>2026-03-08T13:33:15.000Z</Time>
            <Position>
              <LatitudeDegrees>37.3415181</LatitudeDegrees>
              <LongitudeDegrees>-121.8821200</LongitudeDegrees>
            </Position>
            <AltitudeMeters>27</AltitudeMeters>
            <DistanceMeters>521.39</DistanceMeters>
            <HeartRateBpm><Value>152</Value></HeartRateBpm>
            <Cadence>167</Cadence>
          </Trackpoint>
          <Trackpoint>
            <Time>2026-03-08T13:33:20.000Z</Time>
            <Position>
              <LatitudeDegrees>37.3416032</LatitudeDegrees>
              <LongitudeDegrees>-121.8820128</LongitudeDegrees>
            </Position>
            <AltitudeMeters>27</AltitudeMeters>
            <DistanceMeters>534.76</DistanceMeters>
            <HeartRateBpm><Value>153</Value></HeartRateBpm>
            <Cadence>167</Cadence>
          </Trackpoint>
          <Trackpoint>
            <Time>2026-03-08T13:33:25.000Z</Time>
            <Position>
              <LatitudeDegrees>37.3416883</LatitudeDegrees>
              <LongitudeDegrees>-121.8819056</LongitudeDegrees>
            </Position>
            <AltitudeMeters>27</AltitudeMeters>
            <DistanceMeters>548.13</DistanceMeters>
            <HeartRateBpm><Value>153</Value></HeartRateBpm>
            <Cadence>167</Cadence>
          </Trackpoint>
          <Trackpoint>
            <Time>2026-03-08T13:33:30.000Z</Time>
            <Position>
              <LatitudeDegrees>37.3417734</LatitudeDegrees>
              <LongitudeDegrees>-121.8817984</LongitudeDegrees>
            </Position>
            <AltitudeMeters>27</AltitudeMeters>
            <DistanceMeters>561.50</DistanceMeters>
            <HeartRateBpm><Value>153</Value></HeartRateBpm>
            <Cadence>167</Cadence>
          </Trackpoint>
          <Trackpoint>
            <Time>2026-03-08T13:33:35.000Z</Time>
            <Position>
              <LatitudeDegrees>37.3418584</LatitudeDegrees>
              <LongitudeDegrees>-121.8816912</LongitudeDegrees>
            </Position>
            <AltitudeMeters>26.9</AltitudeMeters>
            <DistanceMeters>574.87</DistanceMeters>
            <HeartRateBpm><Value>153</Value></HeartRateBpm>
            <Cadence>167</Cadence>
          </Trackpoint>
          <Trackpoint>
            <Time>2026-03-08T13:33:40.000Z</Time>
            <Position>
              <LatitudeDegrees>37.3419435</LatitudeDegrees>
              <LongitudeDegrees>-121.8815841</LongitudeDegrees>
            </Position>
            <AltitudeMeters>26.9</AltitudeMeters>
            <DistanceMeters>588.24</DistanceMeters>
            <HeartRateBpm><Value>153</Value></HeartRateBpm>
            <Cadence>167</Cadence>
          </Trackpoint>
          <Trackpoint>
            <Time>2026-03-08T13:33:45.000Z</Time>
            <Position>
              <LatitudeDegrees>37.3420286</LatitudeDegrees>
              <LongitudeDegrees>-121.8814769</LongitudeDegrees>
            </Position>
            <AltitudeMeters>26.9</AltitudeMeters>
            <DistanceMeters>601.60</DistanceMeters>
            <HeartRateBpm><Value>153</Value></HeartRateBpm>
            <Cadence>167</Cadence>
          </Trackpoint>
          <Trackpoint>
            <Time>2026-03-08T13:33:50.000Z</Time>
            <Position>
              <LatitudeDegrees>37.3421137</LatitudeDegrees>
              <LongitudeDegrees>-121.8813697</LongitudeDegrees>
            </Position>
            <AltitudeMeters>26.9</AltitudeMeters>
            <DistanceMeters>614.97</DistanceMeters>
            <HeartRateBpm><Value>153</Value></HeartRateBpm>
            <Cadence>167</Cadence>
          </Trackpoint>
          <Trackpoint>
            <Time>2026-03-08T13:33:55.000Z</Time>
            <Position>
              <LatitudeDegrees>37.3421987</LatitudeDegrees>
              <LongitudeDegrees>-121.8812625</LongitudeDegrees>
            </Position>
            <AltitudeMeters>26.8</AltitudeMeters>
            <DistanceMeters>628.34</DistanceMeters>
            <HeartRateBpm><Value>153</Value></HeartRateBpm>
            <Cadence>167</Cadence>
          </Trackpoint>
          <Trackpoint>
            <Time>2026-03-08T13:34:00.000Z</Time>
            <Position>
              <LatitudeDegrees>37.3422838</LatitudeDegrees>
              <LongitudeDegrees>-121.8811553</LongitudeDegrees>
            </Position>
            <AltitudeMeters>26.8</AltitudeMeters>
            <DistanceMeters>641.71</DistanceMeters>
            <HeartRateBpm><Value>153</Value></HeartRateBpm>
            <Cadence>167</Cadence>
          </Trackpoint>
          <Trackpoint>
            <Time>2026-03-08T13:34:05.000Z</Time>
            <Position>
              <LatitudeDegrees>37.3423689</LatitudeDegrees>
              <LongitudeDegrees>-121.8810482</LongitudeDegrees>
            </Position>
            <AltitudeMeters>26.8</AltitudeMeters>
            <DistanceMeters>655.08</DistanceMeters>
            <HeartRateBpm><Value>153</Value></HeartRateBpm>
            <Cadence>167</Cadence>
          </Trackpoint>
          <Trackpoint>
            <Time>2026-03-08T13:34:10.000Z</Time>
            <Position>
              <LatitudeDegrees>37.3424540</LatitudeDegrees>
              <LongitudeDegrees>-121.8809410</LongitudeDegrees>
            </Position>
            <AltitudeMeters>26.7</AltitudeMeters>
            <DistanceMeters>668.45</DistanceMeters>
            <HeartRateBpm><Value>153</Value></HeartRateBpm>
            <Cadence>167</Cadence>
          </Trackpoint>
          <Trackpoint>
            <Time>2026-03-08T13:34:15.000Z</Time>
            <Position>
              <LatitudeDegrees>37.3425391</LatitudeDegrees>
              <LongitudeDegrees>-121.8808338</LongitudeDegrees>
            </Position>
            <AltitudeMeters>26.7</AltitudeMeters>
            <DistanceMeters>681.82</DistanceMeters>
            <HeartRateBpm><Value>154</Value></HeartRateBpm>
            <Cadence>167</Cadence>
          </Trackpoint>
          <Trackpoint>
            <Time>2026-03-08T13:34:20.000Z</Time>
            <Position>
              <LatitudeDegrees>37.3426241</LatitudeDegrees>
              <LongitudeDegrees>-121.8807266</LongitudeDegrees>
            </Position>
            <AltitudeMeters>26.6</AltitudeMeters>
            <DistanceMeters>695.19</DistanceMeters>
            <HeartRateBpm><Value>154</Value></HeartRateBpm>
            <Cadence>167</Cadence>
          </Trackpoint>
          <Trackpoint>
            <Time>2026-03-08T13:34:25.000Z</Time>
            <Position>
              <LatitudeDegrees>37.3427092</LatitudeDegrees>
              <LongitudeDegrees>-121.8806194</LongitudeDegrees>
            </Position>
            <AltitudeMeters>26.6</AltitudeMeters>
            <DistanceMeters>708.56</DistanceMeters>
            <HeartRateBpm><Value>154</Value></HeartRateBpm>
            <Cadence>167</Cadence>
          </Trackpoint>
          <Trackpoint>
            <Time>2026-03-08T13:34:30.000Z</Time>
            <Position>
              <LatitudeDegrees>37.3427943</LatitudeDegrees>
              <LongitudeDegrees>-121.8805123</LongitudeDegrees>
            </Position>
            <AltitudeMeters>26.5</AltitudeMeters>
            <DistanceMeters>721.93</DistanceMeters>
            <HeartRateBpm><Value>154</Value></HeartRateBpm>
            <Cadence>167</Cadence>
          </Trackpoint>
          <Trackpoint>
            <Time>2026-03-08T13:34:35.000Z</Time>
            <Position>
              <LatitudeDegrees>37.3428794</LatitudeDegrees>
              <LongitudeDegrees>-121.8804051</LongitudeDegrees>
            </Position>
            <AltitudeMeters>26.5</AltitudeMeters>
            <DistanceMeters>735.29</DistanceMeters>
            <HeartRateBpm><Value>154</Value></HeartRateBpm>
            <Cadence>167</Cadence>
          </Trackpoint>
          <Trackpoint>
            <Time>2026-03-08T13:34:40.000Z</Time>
            <Position>
              <LatitudeDegrees>37.3429645</LatitudeDegrees>
              <LongitudeDegrees>-121.8802979</LongitudeDegrees>
            </Position>
            <AltitudeMeters>26.4</AltitudeMeters>
            <DistanceMeters>748.66</DistanceMeters>
            <HeartRateBpm><Value>154</Value></HeartRateBpm>
            <Cadence>167</Cadence>
          </Trackpoint>
          <Trackpoint>
            <Time>2026-03-08T13:34:45.000Z</Time>
            <Position>
              <LatitudeDegrees>37.3430495</LatitudeDegrees>
              <LongitudeDegrees>-121.8801907</LongitudeDegrees>
            </Position>
            <AltitudeMeters>26.4</AltitudeMeters>
            <DistanceMeters>762.03</DistanceMeters>
            <HeartRateBpm><Value>154</Value></HeartRateBpm>
            <Cadence>167</Cadence>
          </Trackpoint>
          <Trackpoint>
            <Time>2026-03-08T13:34:50.000Z</Time>
            <Position>
              <LatitudeDegrees>37.3431346</LatitudeDegrees>
              <LongitudeDegrees>-121.8800835</LongitudeDegrees>
            </Position>
            <AltitudeMeters>26.3</AltitudeMeters>
            <DistanceMeters>775.40</DistanceMeters>
            <HeartRateBpm><Value>154</Value></HeartRateBpm>
            <Cadence>167</Cadence>
          </Trackpoint>
          <Trackpoint>
            <Time>2026-03-08T13:34:55.000Z</Time>
            <Position>
              <LatitudeDegrees>37.3432197</LatitudeDegrees>
              <LongitudeDegrees>-121.8799764</LongitudeDegrees>
            </Position>
            <AltitudeMeters>26.2</AltitudeMeters>
            <DistanceMeters>788.77</DistanceMeters>
            <HeartRateBpm><Value>154</Value></HeartRateBpm>
            <Cadence>167</Cadence>
          </Trackpoint>
          <Trackpoint>
            <Time>2026-03-08T13:35:00.000Z</Time>
            <Position>
              <LatitudeDegrees>37.3433048</LatitudeDegrees>
              <LongitudeDegrees>-121.8798692</LongitudeDegrees>
            </Position>
            <AltitudeMeters>26.2</AltitudeMeters>
            <DistanceMeters>802.14</DistanceMeters>
            <HeartRateBpm><Value>154</Value></HeartRateBpm>
            <Cadence>167</Cadence>
          </Trackpoint>
          <Trackpoint>
            <Time>2026-03-08T13:35:05.000Z</Time>
            <Position>
              <LatitudeDegrees>37.3433899</LatitudeDegrees>
              <LongitudeDegrees>-121.8797620</LongitudeDegrees>
            </Position>
            <AltitudeMeters>26.1</AltitudeMeters>
            <DistanceMeters>815.51</DistanceMeters>
            <HeartRateBpm><Value>154</Value></HeartRateBpm>
            <Cadence>167</Cadence>
          </Trackpoint>
          <Trackpoint>
            <Time>2026-03-08T13:35:10.000Z</Time>
            <Position>
              <LatitudeDegrees>37.3434749</LatitudeDegrees>
              <LongitudeDegrees>-121.8796548</LongitudeDegrees>
            </Position>
            <AltitudeMeters>26</AltitudeMeters>
            <DistanceMeters>828.88</DistanceMeters>
            <HeartRateBpm><Value>155</Value></HeartRateBpm>
            <Cadence>167</Cadence>
          </Trackpoint>
          <Trackpoint>
            <Time>2026-03-08T13:35:15.000Z</Time>
            <Position>
              <LatitudeDegrees>37.3435600</LatitudeDegrees>
              <LongitudeDegrees>-121.8795476</LongitudeDegrees>
            </Position>
            <AltitudeMeters>26</AltitudeMeters>
            <DistanceMeters>842.25</DistanceMeters>
            <HeartRateBpm><Value>155</Value></HeartRateBpm>
            <Cadence>167</Cadence>
          </Trackpoint>
          <Trackpoint>
            <Time>2026-03-08T13:35:20.000Z</Time>
            <Position>
              <LatitudeDegrees>37.3436451</LatitudeDegrees>
              <LongitudeDegrees>-121.8794405</LongitudeDegrees>
            </Position>
            <AltitudeMeters>25.9</AltitudeMeters>
            <DistanceMeters>855.61</DistanceMeters>
            <HeartRateBpm><Value>155</Value></HeartRateBpm>
            <Cadence>167</Cadence>
          </Trackpoint>
          <Trackpoint>
            <Time>2026-03-08T13:35:25.000Z</Time>
            <Position>
              <LatitudeDegrees>37.3437302</LatitudeDegrees>
              <LongitudeDegrees>-121.8793333</LongitudeDegrees>
            </Position>
            <AltitudeMeters>25.8</AltitudeMeters>
            <DistanceMeters>868.98</DistanceMeters>
            <HeartRateBpm><Value>155</Value></HeartRateBpm>
            <Cadence>167</Cadence>
          </Trackpoint>
          <Trackpoint>
            <Time>2026-03-08T13:35:30.000Z</Time>
            <Position>
              <LatitudeDegrees>37.3438153</LatitudeDegrees>
              <LongitudeDegrees>-121.8792261</LongitudeDegrees>
            </Position>
            <AltitudeMeters>25.7</AltitudeMeters>
            <DistanceMeters>882.35</DistanceMeters>
            <HeartRateBpm><Value>155</Value></HeartRateBpm>
            <Cadence>167</Cadence>
          </Trackpoint>
          <Trackpoint>
            <Time>2026-03-08T13:35:35.000Z</Time>
            <Position>
              <LatitudeDegrees>37.3439003</LatitudeDegrees>
              <LongitudeDegrees>-121.8791189</LongitudeDegrees>
            </Position>
            <AltitudeMeters>25.6</AltitudeMeters>
            <DistanceMeters>895.72</DistanceMeters>
            <HeartRateBpm><Value>155</Value></HeartRateBpm>
            <Cadence>167</Cadence>
          </Trackpoint>
          <Trackpoint>
            <Time>2026-03-08T13:35:40.000Z</Time>
            <Position>
              <LatitudeDegrees>37.3439854</LatitudeDegrees>
              <LongitudeDegrees>-121.8790117</LongitudeDegrees>
            </Position>
            <AltitudeMeters>25.6</AltitudeMeters>
            <DistanceMeters>909.09</DistanceMeters>
            <HeartRateBpm><Value>155</Value></HeartRateBpm>
            <Cadence>167</Cadence>
          </Trackpoint>
          <Trackpoint>
            <Time>2026-03-08T13:35:45.000Z</Time>
            <Position>
              <LatitudeDegrees>37.3440705</LatitudeDegrees>
              <LongitudeDegrees>-121.8789046</LongitudeDegrees>
            </Position>
            <AltitudeMeters>25.5</AltitudeMeters>
            <DistanceMeters>922.46</DistanceMeters>
            <HeartRateBpm><Value>155</Value></HeartRateBpm>
            <Cadence>167</Cadence>
          </Trackpoint>
          <Trackpoint>
            <Time>2026-03-08T13:35:50.000Z</Time>
            <Position>
              <LatitudeDegrees>37.3441556</LatitudeDegrees>
              <LongitudeDegrees>-121.8787974</LongitudeDegrees>
            </Position>
            <AltitudeMeters>25.4</AltitudeMeters>
            <DistanceMeters>935.83</DistanceMeters>
            <HeartRateBpm><Value>155</Value></HeartRateBpm>
            <Cadence>167</Cadence>
          </Trackpoint>
          <Trackpoint>
            <Time>2026-03-08T13:35:55.000Z</Time>
            <Position>
              <LatitudeDegrees>37.3442407</LatitudeDegrees>
              <LongitudeDegrees>-121.8786902</LongitudeDegrees>
            </Position>
            <AltitudeMeters>25.3</AltitudeMeters>
            <DistanceMeters>949.20</DistanceMeters>
            <HeartRateBpm><Value>155</Value></HeartRateBpm>
            <Cadence>167</Cadence>
          </Trackpoint>
          <Trackpoint>
            <Time>2026-03-08T13:36:00.000Z</Time>
            <Position>
              <LatitudeDegrees>37.3443257</LatitudeDegrees>
              <LongitudeDegrees>-121.8785830</LongitudeDegrees>
            </Position>
            <AltitudeMeters>25.2</AltitudeMeters>
            <DistanceMeters>962.57</DistanceMeters>
            <HeartRateBpm><Value>155</Value></HeartRateBpm>
            <Cadence>167</Cadence>
          </Trackpoint>
          <Trackpoint>
            <Time>2026-03-08T13:36:05.000Z</Time>
            <Position>
              <LatitudeDegrees>37.3444108</LatitudeDegrees>
              <LongitudeDegrees>-121.8784758</LongitudeDegrees>
            </Position>
            <AltitudeMeters>25.2</AltitudeMeters>
            <DistanceMeters>975.94</DistanceMeters>
            <HeartRateBpm><Value>156</Value></HeartRateBpm>
            <Cadence>167</Cadence>
          </Trackpoint>
          <Trackpoint>
            <Time>2026-03-08T13:36:10.000Z</Time>
            <Position>
              <LatitudeDegrees>37.3444959</LatitudeDegrees>
              <LongitudeDegrees>-121.8783687</LongitudeDegrees>
            </Position>
            <AltitudeMeters>25.1</AltitudeMeters>
            <DistanceMeters>989.30</DistanceMeters>
            <HeartRateBpm><Value>156</Value></HeartRateBpm>
            <Cadence>167</Cadence>
          </Trackpoint>
          <Trackpoint>
            <Time>2026-03-08T13:36:15.000Z</Time>
            <Position>
              <LatitudeDegrees>37.3445810</LatitudeDegrees>
              <LongitudeDegrees>-121.8782615</LongitudeDegrees>
            </Position>
            <AltitudeMeters>25</AltitudeMeters>
            <DistanceMeters>1002.67</DistanceMeters>
            <HeartRateBpm><Value>156</Value></HeartRateBpm>
            <Cadence>167</Cadence>
          </Trackpoint>
          <Trackpoint>
            <Time>2026-03-08T13:36:20.000Z</Time>
            <Position>
              <LatitudeDegrees>37.3446661</LatitudeDegrees>
              <LongitudeDegrees>-121.8781543</LongitudeDegrees>
            </Position>
            <AltitudeMeters>24.9</AltitudeMeters>
            <DistanceMeters>1016.04</DistanceMeters>
            <HeartRateBpm><Value>156</Value></HeartRateBpm>
            <Cadence>167</Cadence>
          </Trackpoint>
          <Trackpoint>
            <Time>2026-03-08T13:36:25.000Z</Time>
            <Position>
              <LatitudeDegrees>37.3447511</LatitudeDegrees>
              <LongitudeDegrees>-121.8780471</LongitudeDegrees>
            </Position>
            <AltitudeMeters>24.8</AltitudeMeters>
            <DistanceMeters>1029.41</DistanceMeters>
            <HeartRateBpm><Value>156</Value></HeartRateBpm>
            <Cadence>167</Cadence>
          </Trackpoint>
          <Trackpoint>
            <Time>2026-03-08T13:36:30.000Z</Time>
            <Position>
              <LatitudeDegrees>37.3448362</LatitudeDegrees>
              <LongitudeDegrees>-121.8779399</LongitudeDegrees>
            </Position>
            <AltitudeMeters>24.7</AltitudeMeters>
            <DistanceMeters>1042.78</DistanceMeters>
            <HeartRateBpm><Value>156</Value></HeartRateBpm>
            <Cadence>167</Cadence>
          </Trackpoint>
          <Trackpoint>
            <Time>2026-03-08T13:36:35.000Z</Time>
            <Position>
              <LatitudeDegrees>37.3449213</LatitudeDegrees>
              <LongitudeDegrees>-121.8778328</LongitudeDegrees>
            </Position>
            <AltitudeMeters>24.6</AltitudeMeters>
            <DistanceMeters>1056.15</DistanceMeters>
            <HeartRateBpm><Value>156</Value></HeartRateBpm>
            <Cadence>167</Cadence>
          </Trackpoint>
          <Trackpoint>
            <Time>2026-03-08T13:36:40.000Z</Time>
            <Position>
              <LatitudeDegrees>37.3450064</LatitudeDegrees>
              <LongitudeDegrees>-121.8777256</LongitudeDegrees>
            </Position>
            <AltitudeMeters>24.6</AltitudeMeters>
            <DistanceMeters>1069.52</DistanceMeters>
            <HeartRateBpm><Value>156</Value></HeartRateBpm>
            <Cadence>167</Cadence>
          </Trackpoint>
          <Trackpoint>
            <Time>2026-03-08T13:36:45.000Z</Time>
            <Position>
              <LatitudeDegrees>37.3450915</LatitudeDegrees>
              <LongitudeDegrees>-121.8776184</LongitudeDegrees>
            </Position>
            <AltitudeMeters>24.5</AltitudeMeters>
            <DistanceMeters>1082.89</DistanceMeters>
            <HeartRateBpm><Value>156</Value></HeartRateBpm>
            <Cadence>167</Cadence>
          </Trackpoint>
          <Trackpoint>
            <Time>2026-03-08T13:36:50.000Z</Time>
            <Position>
              <LatitudeDegrees>37.3451765</LatitudeDegrees>
              <LongitudeDegrees>-121.8775112</LongitudeDegrees>
            </Position>
            <AltitudeMeters>24.4</AltitudeMeters>
            <DistanceMeters>1096.26</DistanceMeters>
            <HeartRateBpm><Value>156</Value></HeartRateBpm>
            <Cadence>167</Cadence>
          </Trackpoint>
          <Trackpoint>
            <Time>2026-03-08T13:36:55.000Z</Time>
            <Position>
              <LatitudeDegrees>37.3452616</LatitudeDegrees>
              <LongitudeDegrees>-121.8774040</LongitudeDegrees>
            </Position>
            <AltitudeMeters>24.3</AltitudeMeters>
            <DistanceMeters>1109.63</DistanceMeters>
            <HeartRateBpm><Value>156</Value></HeartRateBpm>
            <Cadence>167</Cadence>
          </Trackpoint>
          <Trackpoint>
            <Time>2026-03-08T13:37:00.000Z</Time>
            <Position>
              <LatitudeDegrees>37.3453467</LatitudeDegrees>
              <LongitudeDegrees>-121.8772969</LongitudeDegrees>
            </Position>
            <AltitudeMeters>24.2</AltitudeMeters>
            <DistanceMeters>1122.99</DistanceMeters>
            <HeartRateBpm><Value>156</Value></HeartRateBpm>
            <Cadence>167</Cadence>
          </Trackpoint>
          <Trackpoint>
            <Time>2026-03-08T13:37:05.000Z</Time>
            <Position>
              <LatitudeDegrees>37.3454318</LatitudeDegrees>
              <LongitudeDegrees>-121.8771897</LongitudeDegrees>
            </Position>
            <AltitudeMeters>24.2</AltitudeMeters>
            <DistanceMeters>1136.36</DistanceMeters>
            <HeartRateBpm><Value>157</Value></HeartRateBpm>
            <Cadence>167</Cadence>
          </Trackpoint>
          <Trackpoint>
            <Time>2026-03-08T13:37:10.000Z</Time>
            <Position>
              <LatitudeDegrees>37.3455169</LatitudeDegrees>
              <LongitudeDegrees>-121.8770825</LongitudeDegrees>
            </Position>
            <AltitudeMeters>24.1</AltitudeMeters>
            <DistanceMeters>1149.73</DistanceMeters>
            <HeartRateBpm><Value>157</Value></HeartRateBpm>
            <Cadence>167</Cadence>
          </Trackpoint>
          <Trackpoint>
            <Time>2026-03-08T13:37:15.000Z</Time>
            <Position>
              <LatitudeDegrees>37.3456019</LatitudeDegrees>
              <LongitudeDegrees>-121.8769753</LongitudeDegrees>
            </Position>
            <AltitudeMeters>24</AltitudeMeters>
            <DistanceMeters>1163.10</DistanceMeters>
            <HeartRateBpm><Value>157</Value></HeartRateBpm>
            <Cadence>167</Cadence>
          </Trackpoint>
          <Trackpoint>
            <Time>2026-03-08T13:37:20.000Z</Time>
            <Position>
              <LatitudeDegrees>37.3456870</LatitudeDegrees>
              <LongitudeDegrees>-121.8768681</LongitudeDegrees>
            </Position>
            <AltitudeMeters>23.9</AltitudeMeters>
            <DistanceMeters>1176.47</DistanceMeters>
            <HeartRateBpm><Value>157</Value></HeartRateBpm>
            <Cadence>167</Cadence>
          </Trackpoint>
          <Trackpoint>
            <Time>2026-03-08T13:37:25.000Z</Time>
            <Position>
              <LatitudeDegrees>37.3457721</LatitudeDegrees>
              <LongitudeDegrees>-121.8767610</LongitudeDegrees>
            </Position>
            <AltitudeMeters>23.9</AltitudeMeters>
            <DistanceMeters>1189.84</DistanceMeters>
            <HeartRateBpm><Value>157</Value></HeartRateBpm>
            <Cadence>167</Cadence>
          </Trackpoint>
          <Trackpoint>
            <Time>2026-03-08T13:37:30.000Z</Time>
            <Position>
              <LatitudeDegrees>37.3458572</LatitudeDegrees>
              <LongitudeDegrees>-121.8766538</LongitudeDegrees>
            </Position>
            <AltitudeMeters>23.8</AltitudeMeters>
            <DistanceMeters>1203.21</DistanceMeters>
            <HeartRateBpm><Value>157</Value></HeartRateBpm>
            <Cadence>167</Cadence>
          </Trackpoint>
          <Trackpoint>
            <Time>2026-03-08T13:37:35.000Z</Time>
            <Position>
              <LatitudeDegrees>37.3459423</LatitudeDegrees>
              <LongitudeDegrees>-121.8765466</LongitudeDegrees>
            </Position>
            <AltitudeMeters>23.7</AltitudeMeters>
            <DistanceMeters>1216.58</DistanceMeters>
            <HeartRateBpm><Value>157</Value></HeartRateBpm>
            <Cadence>167</Cadence>
          </Trackpoint>
          <Trackpoint>
            <Time>2026-03-08T13:37:40.000Z</Time>
            <Position>
              <LatitudeDegrees>37.3460273</LatitudeDegrees>
              <LongitudeDegrees>-121.8764394</LongitudeDegrees>
            </Position>
            <AltitudeMeters>23.7</AltitudeMeters>
            <DistanceMeters>1229.95</DistanceMeters>
            <HeartRateBpm><Value>157</Value></HeartRateBpm>
            <Cadence>167</Cadence>
          </Trackpoint>
          <Trackpoint>
            <Time>2026-03-08T13:37:45.000Z</Time>
            <Position>
              <LatitudeDegrees>37.3461124</LatitudeDegrees>
              <LongitudeDegrees>-121.8763322</LongitudeDegrees>
            </Position>
            <AltitudeMeters>23.6</AltitudeMeters>
            <DistanceMeters>1243.32</DistanceMeters>
            <HeartRateBpm><Value>157</Value></HeartRateBpm>
            <Cadence>167</Cadence>
          </Trackpoint>
          <Trackpoint>
            <Time>2026-03-08T13:37:50.000Z</Time>
            <Position>
              <LatitudeDegrees>37.3461975</LatitudeDegrees>
              <LongitudeDegrees>-121.8762251</LongitudeDegrees>
            </Position>
            <AltitudeMeters>23.6</AltitudeMeters>
            <DistanceMeters>1256.68</DistanceMeters>
            <HeartRateBpm><Value>157</Value></HeartRateBpm>
            <Cadence>167</Cadence>
          </Trackpoint>
          <Trackpoint>
            <Time>2026-03-08T13:37:55.000Z</Time>
            <Position>
              <LatitudeDegrees>37.3462826</LatitudeDegrees>
              <LongitudeDegrees>-121.8761179</LongitudeDegrees>
            </Position>
            <AltitudeMeters>23.5</AltitudeMeters>
            <DistanceMeters>1270.05</DistanceMeters>
            <HeartRateBpm><Value>157</Value></HeartRateBpm>
            <Cadence>167</Cadence>
          </Trackpoint>
          <Trackpoint>
            <Time>2026-03-08T13:38:00.000Z</Time>
            <Position>
              <LatitudeDegrees>37.3463677</LatitudeDegrees>
              <LongitudeDegrees>-121.8760107</LongitudeDegrees>
            </Position>
            <AltitudeMeters>23.4</AltitudeMeters>
            <DistanceMeters>1283.42</DistanceMeters>
            <HeartRateBpm><Value>157</Value></HeartRateBpm>
            <Cadence>167</Cadence>
          </Trackpoint>
          <Trackpoint>
            <Time>2026-03-08T13:38:05.000Z</Time>
            <Position>
              <LatitudeDegrees>37.3464527</LatitudeDegrees>
              <LongitudeDegrees>-121.8759035</LongitudeDegrees>
            </Position>
            <AltitudeMeters>23.4</AltitudeMeters>
            <DistanceMeters>1296.79</DistanceMeters>
            <HeartRateBpm><Value>157</Value></HeartRateBpm>
            <Cadence>167</Cadence>
          </Trackpoint>
          <Trackpoint>
            <Time>2026-03-08T13:38:10.000Z</Time>
            <Position>
              <LatitudeDegrees>37.3465378</LatitudeDegrees>
              <LongitudeDegrees>-121.8757963</LongitudeDegrees>
            </Position>
            <AltitudeMeters>23.3</AltitudeMeters>
            <DistanceMeters>1310.16</DistanceMeters>
            <HeartRateBpm><Value>157</Value></HeartRateBpm>
            <Cadence>167</Cadence>
          </Trackpoint>
          <Trackpoint>
            <Time>2026-03-08T13:38:15.000Z</Time>
            <Position>
              <LatitudeDegrees>37.3466229</LatitudeDegrees>
              <LongitudeDegrees>-121.8756892</LongitudeDegrees>
            </Position>
            <AltitudeMeters>23.3</AltitudeMeters>
            <DistanceMeters>1323.53</DistanceMeters>
            <HeartRateBpm><Value>157</Value></HeartRateBpm>
            <Cadence>167</Cadence>
          </Trackpoint>
          <Trackpoint>
            <Time>2026-03-08T13:38:20.000Z</Time>
            <Position>
              <LatitudeDegrees>37.3467080</LatitudeDegrees>
              <LongitudeDegrees>-121.8755820</LongitudeDegrees>
            </Position>
            <AltitudeMeters>23.3</AltitudeMeters>
            <DistanceMeters>1336.90</DistanceMeters>
            <HeartRateBpm><Value>157</Value></HeartRateBpm>
            <Cadence>167</Cadence>
          </Trackpoint>
          <Trackpoint>
            <Time>2026-03-08T13:38:25.000Z</Time>
            <Position>
              <LatitudeDegrees>37.3467931</LatitudeDegrees>
              <LongitudeDegrees>-121.8754748</LongitudeDegrees>
            </Position>
            <AltitudeMeters>23.2</AltitudeMeters>
            <DistanceMeters>1350.27</DistanceMeters>
            <HeartRateBpm><Value>157</Value></HeartRateBpm>
            <Cadence>167</Cadence>
          </Trackpoint>
          <Trackpoint>
            <Time>2026-03-08T13:38:30.000Z</Time>
            <Position>
              <LatitudeDegrees>37.3468781</LatitudeDegrees>
              <LongitudeDegrees>-121.8753676</LongitudeDegrees>
            </Position>
            <AltitudeMeters>23.2</AltitudeMeters>
            <DistanceMeters>1363.64</DistanceMeters>
            <HeartRateBpm><Value>157</Value></HeartRateBpm>
            <Cadence>167</Cadence>
          </Trackpoint>
          <Trackpoint>
            <Time>2026-03-08T13:38:35.000Z</Time>
            <Position>
              <LatitudeDegrees>37.3469632</LatitudeDegrees>
              <LongitudeDegrees>-121.8752604</LongitudeDegrees>
            </Position>
            <AltitudeMeters>23.1</AltitudeMeters>
            <DistanceMeters>1377.01</DistanceMeters>
            <HeartRateBpm><Value>157</Value></HeartRateBpm>
            <Cadence>167</Cadence>
          </Trackpoint>
          <Trackpoint>
            <Time>2026-03-08T13:38:40.000Z</Time>
            <Position>
              <LatitudeDegrees>37.3470483</LatitudeDegrees>
              <LongitudeDegrees>-121.8751533</LongitudeDegrees>
            </Position>
            <AltitudeMeters>23.1</AltitudeMeters>
            <DistanceMeters>1390.37</DistanceMeters>
            <HeartRateBpm><Value>157</Value></HeartRateBpm>
            <Cadence>167</Cadence>
          </Trackpoint>
          <Trackpoint>
            <Time>2026-03-08T13:38:45.000Z</Time>
            <Position>
              <LatitudeDegrees>37.3471334</LatitudeDegrees>
              <LongitudeDegrees>-121.8750461</LongitudeDegrees>
            </Position>
            <AltitudeMeters>23.1</AltitudeMeters>
            <DistanceMeters>1403.74</DistanceMeters>
            <HeartRateBpm><Value>157</Value></HeartRateBpm>
            <Cadence>167</Cadence>
          </Trackpoint>
          <Trackpoint>
            <Time>2026-03-08T13:38:50.000Z</Time>
            <Position>
              <LatitudeDegrees>37.3472185</LatitudeDegrees>
              <LongitudeDegrees>-121.8749389</LongitudeDegrees>
            </Position>
            <AltitudeMeters>23.1</AltitudeMeters>
            <DistanceMeters>1417.11</DistanceMeters>
            <HeartRateBpm><Value>157</Value></HeartRateBpm>
            <Cadence>167</Cadence>
          </Trackpoint>
          <Trackpoint>
            <Time>2026-03-08T13:38:55.000Z</Time>
            <Position>
              <LatitudeDegrees>37.3473035</LatitudeDegrees>
              <LongitudeDegrees>-121.8748317</LongitudeDegrees>
            </Position>
            <AltitudeMeters>23</AltitudeMeters>
            <DistanceMeters>1430.48</DistanceMeters>
            <HeartRateBpm><Value>157</Value></HeartRateBpm>
            <Cadence>167</Cadence>
          </Trackpoint>
          <Trackpoint>
            <Time>2026-03-08T13:39:00.000Z</Time>
            <Position>
              <LatitudeDegrees>37.3473886</LatitudeDegrees>
              <LongitudeDegrees>-121.8747245</LongitudeDegrees>
            </Position>
            <AltitudeMeters>23</AltitudeMeters>
            <DistanceMeters>1443.85</DistanceMeters>
            <HeartRateBpm><Value>157</Value></HeartRateBpm>
            <Cadence>167</Cadence>
          </Trackpoint>
          <Trackpoint>
            <Time>2026-03-08T13:39:05.000Z</Time>
            <Position>
              <LatitudeDegrees>37.3474737</LatitudeDegrees>
              <LongitudeDegrees>-121.8746174</LongitudeDegrees>
            </Position>
            <AltitudeMeters>23</AltitudeMeters>
            <DistanceMeters>1457.22</DistanceMeters>
            <HeartRateBpm><Value>157</Value></HeartRateBpm>
            <Cadence>167</Cadence>
          </Trackpoint>
          <Trackpoint>
            <Time>2026-03-08T13:39:10.000Z</Time>
            <Position>
              <LatitudeDegrees>37.3475588</LatitudeDegrees>
              <LongitudeDegrees>-121.8745102</LongitudeDegrees>
            </Position>
            <AltitudeMeters>23</AltitudeMeters>
            <DistanceMeters>1470.59</DistanceMeters>
            <HeartRateBpm><Value>157</Value></HeartRateBpm>
            <Cadence>167</Cadence>
          </Trackpoint>
          <Trackpoint>
            <Time>2026-03-08T13:39:15.000Z</Time>
            <Position>
              <LatitudeDegrees>37.3476439</LatitudeDegrees>
              <LongitudeDegrees>-121.8744030</LongitudeDegrees>
            </Position>
            <AltitudeMeters>23</AltitudeMeters>
            <DistanceMeters>1483.96</DistanceMeters>
            <HeartRateBpm><Value>157</Value></HeartRateBpm>
            <Cadence>167</Cadence>
          </Trackpoint>
          <Trackpoint>
            <Time>2026-03-08T13:39:20.000Z</Time>
            <Position>
              <LatitudeDegrees>37.3477289</LatitudeDegrees>
              <LongitudeDegrees>-121.8742958</LongitudeDegrees>
            </Position>
            <AltitudeMeters>23</AltitudeMeters>
            <DistanceMeters>1497.33</DistanceMeters>
            <HeartRateBpm><Value>157</Value></HeartRateBpm>
            <Cadence>167</Cadence>
          </Trackpoint>
          <Trackpoint>
            <Time>2026-03-08T13:39:25.000Z</Time>
            <Position>
              <LatitudeDegrees>37.3478140</LatitudeDegrees>
              <LongitudeDegrees>-121.8741886</LongitudeDegrees>
            </Position>
            <AltitudeMeters>23</AltitudeMeters>
            <DistanceMeters>1510.70</DistanceMeters>
            <HeartRateBpm><Value>157</Value></HeartRateBpm>
            <Cadence>167</Cadence>
          </Trackpoint>
          <Trackpoint>
            <Time>2026-03-08T13:39:30.000Z</Time>
            <Position>
              <LatitudeDegrees>37.3478991</LatitudeDegrees>
              <LongitudeDegrees>-121.8740814</LongitudeDegrees>
            </Position>
            <AltitudeMeters>23</AltitudeMeters>
            <DistanceMeters>1524.06</DistanceMeters>
            <HeartRateBpm><Value>157</Value></HeartRateBpm>
            <Cadence>167</Cadence>
          </Trackpoint>
          <Trackpoint>
            <Time>2026-03-08T13:39:35.000Z</Time>
            <Position>
              <LatitudeDegrees>37.3479842</LatitudeDegrees>
              <LongitudeDegrees>-121.8739743</LongitudeDegrees>
            </Position>
            <AltitudeMeters>23</AltitudeMeters>
            <DistanceMeters>1537.43</DistanceMeters>
            <HeartRateBpm><Value>157</Value></HeartRateBpm>
            <Cadence>167</Cadence>
          </Trackpoint>
          <Trackpoint>
            <Time>2026-03-08T13:39:40.000Z</Time>
            <Position>
              <LatitudeDegrees>37.3480693</LatitudeDegrees>
              <LongitudeDegrees>-121.8738671</LongitudeDegrees>
            </Position>
            <AltitudeMeters>23</AltitudeMeters>
            <DistanceMeters>1550.80</DistanceMeters>
            <HeartRateBpm><Value>157</Value></HeartRateBpm>
            <Cadence>167</Cadence>
          </Trackpoint>
          <Trackpoint>
            <Time>2026-03-08T13:39:45.000Z</Time>
            <Position>
              <LatitudeDegrees>37.3481543</LatitudeDegrees>
              <LongitudeDegrees>-121.8737599</LongitudeDegrees>
            </Position>
            <AltitudeMeters>23</AltitudeMeters>
            <DistanceMeters>1564.17</DistanceMeters>
            <HeartRateBpm><Value>157</Value></HeartRateBpm>
            <Cadence>167</Cadence>
          </Trackpoint>
          <Trackpoint>
            <Time>2026-03-08T13:39:50.000Z</Time>
            <Position>
              <LatitudeDegrees>37.3482394</LatitudeDegrees>
              <LongitudeDegrees>-121.8736527</LongitudeDegrees>
            </Position>
            <AltitudeMeters>23.1</AltitudeMeters>
            <DistanceMeters>1577.54</DistanceMeters>
            <HeartRateBpm><Value>157</Value></HeartRateBpm>
            <Cadence>167</Cadence>
          </Trackpoint>
          <Trackpoint>
            <Time>2026-03-08T13:39:55.000Z</Time>
            <Position>
              <LatitudeDegrees>37.3483245</LatitudeDegrees>
              <LongitudeDegrees>-121.8735455</LongitudeDegrees>
            </Position>
            <AltitudeMeters>23.1</AltitudeMeters>
            <DistanceMeters>1590.91</DistanceMeters>
            <HeartRateBpm><Value>157</Value></HeartRateBpm>
            <Cadence>167</Cadence>
          </Trackpoint>
          <Trackpoint>
            <Time>2026-03-08T13:40:00.000Z</Time>
            <Position>
              <LatitudeDegrees>37.3484096</LatitudeDegrees>
              <LongitudeDegrees>-121.8734384</LongitudeDegrees>
            </Position>
            <AltitudeMeters>23.1</AltitudeMeters>
            <DistanceMeters>1604.28</DistanceMeters>
            <HeartRateBpm><Value>157</Value></HeartRateBpm>
            <Cadence>167</Cadence>
          </Trackpoint>
          <Trackpoint>
            <Time>2026-03-08T13:40:05.000Z</Time>
            <Position>
              <LatitudeDegrees>37.3484947</LatitudeDegrees>
              <LongitudeDegrees>-121.8733312</LongitudeDegrees>
            </Position>
            <AltitudeMeters>23.1</AltitudeMeters>
            <DistanceMeters>1617.65</DistanceMeters>
            <HeartRateBpm><Value>157</Value></HeartRateBpm>
            <Cadence>167</Cadence>
          </Trackpoint>
          <Trackpoint>
            <Time>2026-03-08T13:40:10.000Z</Time>
            <Position>
              <LatitudeDegrees>37.3485797</LatitudeDegrees>
              <LongitudeDegrees>-121.8732240</LongitudeDegrees>
            </Position>
            <AltitudeMeters>23.2</AltitudeMeters>
            <DistanceMeters>1631.02</DistanceMeters>
            <HeartRateBpm><Value>157</Value></HeartRateBpm>
            <Cadence>167</Cadence>
          </Trackpoint>
          <Trackpoint>
            <Time>2026-03-08T13:40:15.000Z</Time>
            <Position>
              <LatitudeDegrees>37.3486648</LatitudeDegrees>
              <LongitudeDegrees>-121.8731168</LongitudeDegrees>
            </Position>
            <AltitudeMeters>23.2</AltitudeMeters>
            <DistanceMeters>1644.39</DistanceMeters>
            <HeartRateBpm><Value>157</Value></HeartRateBpm>
            <Cadence>167</Cadence>
          </Trackpoint>
          <Trackpoint>
            <Time>2026-03-08T13:40:20.000Z</Time>
            <Position>
              <LatitudeDegrees>37.3487499</LatitudeDegrees>
              <LongitudeDegrees>-121.8730096</LongitudeDegrees>
            </Position>
            <AltitudeMeters>23.2</AltitudeMeters>
            <DistanceMeters>1657.75</DistanceMeters>
            <HeartRateBpm><Value>157</Value></HeartRateBpm>
            <Cadence>167</Cadence>
          </Trackpoint>
          <Trackpoint>
            <Time>2026-03-08T13:40:25.000Z</Time>
            <Position>
              <LatitudeDegrees>37.3488350</LatitudeDegrees>
              <LongitudeDegrees>-121.8729025</LongitudeDegrees>
            </Position>
            <AltitudeMeters>23.3</AltitudeMeters>
            <DistanceMeters>1671.12</DistanceMeters>
            <HeartRateBpm><Value>157</Value></HeartRateBpm>
            <Cadence>167</Cadence>
          </Trackpoint>
          <Trackpoint>
            <Time>2026-03-08T13:40:30.000Z</Time>
            <Position>
              <LatitudeDegrees>37.3489201</LatitudeDegrees>
              <LongitudeDegrees>-121.8727953</LongitudeDegrees>
            </Position>
            <AltitudeMeters>23.3</AltitudeMeters>
            <DistanceMeters>1684.49</DistanceMeters>
            <HeartRateBpm><Value>157</Value></HeartRateBpm>
            <Cadence>167</Cadence>
          </Trackpoint>
          <Trackpoint>
            <Time>2026-03-08T13:40:35.000Z</Time>
            <Position>
              <LatitudeDegrees>37.3490051</LatitudeDegrees>
              <LongitudeDegrees>-121.8726881</LongitudeDegrees>
            </Position>
            <AltitudeMeters>23.4</AltitudeMeters>
            <DistanceMeters>1697.86</DistanceMeters>
            <HeartRateBpm><Value>157</Value></HeartRateBpm>
            <Cadence>167</Cadence>
          </Trackpoint>
          <Trackpoint>
            <Time>2026-03-08T13:40:40.000Z</Time>
            <Position>
              <LatitudeDegrees>37.3490902</LatitudeDegrees>
              <LongitudeDegrees>-121.8725809</LongitudeDegrees>
            </Position>
            <AltitudeMeters>23.4</AltitudeMeters>
            <DistanceMeters>1711.23</DistanceMeters>
            <HeartRateBpm><Value>157</Value></HeartRateBpm>
            <Cadence>167</Cadence>
          </Trackpoint>
          <Trackpoint>
            <Time>2026-03-08T13:40:45.000Z</Time>
            <Position>
              <LatitudeDegrees>37.3491753</LatitudeDegrees>
              <LongitudeDegrees>-121.8724737</LongitudeDegrees>
            </Position>
            <AltitudeMeters>23.5</AltitudeMeters>
            <DistanceMeters>1724.60</DistanceMeters>
            <HeartRateBpm><Value>157</Value></HeartRateBpm>
            <Cadence>167</Cadence>
          </Trackpoint>
          <Trackpoint>
            <Time>2026-03-08T13:40:50.000Z</Time>
            <Position>
              <LatitudeDegrees>37.3492604</LatitudeDegrees>
              <LongitudeDegrees>-121.8723666</LongitudeDegrees>
            </Position>
            <AltitudeMeters>23.5</AltitudeMeters>
            <DistanceMeters>1737.97</DistanceMeters>
            <HeartRateBpm><Value>157</Value></HeartRateBpm>
            <Cadence>167</Cadence>
          </Trackpoint>
          <Trackpoint>
            <Time>2026-03-08T13:40:55.000Z</Time>
            <Position>
              <LatitudeDegrees>37.3493455</LatitudeDegrees>
              <LongitudeDegrees>-121.8722594</LongitudeDegrees>
            </Position>
            <AltitudeMeters>23.6</AltitudeMeters>
            <DistanceMeters>1751.34</DistanceMeters>
            <HeartRateBpm><Value>157</Value></HeartRateBpm>
            <Cadence>167</Cadence>
          </Trackpoint>
          <Trackpoint>
            <Time>2026-03-08T13:41:00.000Z</Time>
            <Position>
              <LatitudeDegrees>37.3494305</LatitudeDegrees>
              <LongitudeDegrees>-121.8721522</LongitudeDegrees>
            </Position>
            <AltitudeMeters>23.7</AltitudeMeters>
            <DistanceMeters>1764.71</DistanceMeters>
            <HeartRateBpm><Value>157</Value></HeartRateBpm>
            <Cadence>167</Cadence>
          </Trackpoint>
          <Trackpoint>
            <Time>2026-03-08T13:41:05.000Z</Time>
            <Position>
              <LatitudeDegrees>37.3495156</LatitudeDegrees>
              <LongitudeDegrees>-121.8720450</LongitudeDegrees>
            </Position>
            <AltitudeMeters>23.7</AltitudeMeters>
            <DistanceMeters>1778.07</DistanceMeters>
            <HeartRateBpm><Value>157</Value></HeartRateBpm>
            <Cadence>167</Cadence>
          </Trackpoint>
          <Trackpoint>
            <Time>2026-03-08T13:41:10.000Z</Time>
            <Position>
              <LatitudeDegrees>37.3496007</LatitudeDegrees>
              <LongitudeDegrees>-121.8719378</LongitudeDegrees>
            </Position>
            <AltitudeMeters>23.8</AltitudeMeters>
            <DistanceMeters>1791.44</DistanceMeters>
            <HeartRateBpm><Value>157</Value></HeartRateBpm>
            <Cadence>167</Cadence>
          </Trackpoint>
          <Trackpoint>
            <Time>2026-03-08T13:41:15.000Z</Time>
            <Position>
              <LatitudeDegrees>37.3496858</LatitudeDegrees>
              <LongitudeDegrees>-121.8718307</LongitudeDegrees>
            </Position>
            <AltitudeMeters>23.8</AltitudeMeters>
            <DistanceMeters>1804.81</DistanceMeters>
            <HeartRateBpm><Value>157</Value></HeartRateBpm>
            <Cadence>167</Cadence>
          </Trackpoint>
          <Trackpoint>
            <Time>2026-03-08T13:41:20.000Z</Time>
            <Position>
              <LatitudeDegrees>37.3497708</LatitudeDegrees>
              <LongitudeDegrees>-121.8717235</LongitudeDegrees>
            </Position>
            <AltitudeMeters>23.9</AltitudeMeters>
            <DistanceMeters>1818.18</DistanceMeters>
            <HeartRateBpm><Value>157</Value></HeartRateBpm>
            <Cadence>167</Cadence>
          </Trackpoint>
          <Trackpoint>
            <Time>2026-03-08T13:41:25.000Z</Time>
            <Position>
              <LatitudeDegrees>37.3498559</LatitudeDegrees>
              <LongitudeDegrees>-121.8716163</LongitudeDegrees>
            </Position>
            <AltitudeMeters>24</AltitudeMeters>
            <DistanceMeters>1831.55</DistanceMeters>
            <HeartRateBpm><Value>157</Value></HeartRateBpm>
            <Cadence>167</Cadence>
          </Trackpoint>
          <Trackpoint>
            <Time>2026-03-08T13:41:30.000Z</Time>
            <Position>
              <LatitudeDegrees>37.3499410</LatitudeDegrees>
              <LongitudeDegrees>-121.8715091</LongitudeDegrees>
            </Position>
            <AltitudeMeters>24.1</AltitudeMeters>
            <DistanceMeters>1844.92</DistanceMeters>
            <HeartRateBpm><Value>157</Value></HeartRateBpm>
            <Cadence>167</Cadence>
          </Trackpoint>
          <Trackpoint>
            <Time>2026-03-08T13:41:35.000Z</Time>
            <Position>
              <LatitudeDegrees>37.3500261</LatitudeDegrees>
              <LongitudeDegrees>-121.8714019</LongitudeDegrees>
            </Position>
            <AltitudeMeters>24.1</AltitudeMeters>
            <DistanceMeters>1858.29</DistanceMeters>
            <HeartRateBpm><Value>157</Value></HeartRateBpm>
            <Cadence>167</Cadence>
          </Trackpoint>
          <Trackpoint>
            <Time>2026-03-08T13:41:40.000Z</Time>
            <Position>
              <LatitudeDegrees>37.3501112</LatitudeDegrees>
              <LongitudeDegrees>-121.8712948</LongitudeDegrees>
            </Position>
            <AltitudeMeters>24.2</AltitudeMeters>
            <DistanceMeters>1871.66</DistanceMeters>
            <HeartRateBpm><Value>157</Value></HeartRateBpm>
            <Cadence>167</Cadence>
          </Trackpoint>
          <Trackpoint>
            <Time>2026-03-08T13:41:45.000Z</Time>
            <Position>
              <LatitudeDegrees>37.3501962</LatitudeDegrees>
              <LongitudeDegrees>-121.8711876</LongitudeDegrees>
            </Position>
            <AltitudeMeters>24.3</AltitudeMeters>
            <DistanceMeters>1885.03</DistanceMeters>
            <HeartRateBpm><Value>157</Value></HeartRateBpm>
            <Cadence>167</Cadence>
          </Trackpoint>
          <Trackpoint>
            <Time>2026-03-08T13:41:50.000Z</Time>
            <Position>
              <LatitudeDegrees>37.3502813</LatitudeDegrees>
              <LongitudeDegrees>-121.8710804</LongitudeDegrees>
            </Position>
            <AltitudeMeters>24.4</AltitudeMeters>
            <DistanceMeters>1898.40</DistanceMeters>
            <HeartRateBpm><Value>157</Value></HeartRateBpm>
            <Cadence>167</Cadence>
          </Trackpoint>
          <Trackpoint>
            <Time>2026-03-08T13:41:55.000Z</Time>
            <Position>
              <LatitudeDegrees>37.3503664</LatitudeDegrees>
              <LongitudeDegrees>-121.8709732</LongitudeDegrees>
            </Position>
            <AltitudeMeters>24.5</AltitudeMeters>
            <DistanceMeters>1911.76</DistanceMeters>
            <HeartRateBpm><Value>157</Value></HeartRateBpm>
            <Cadence>167</Cadence>
          </Trackpoint>
          <Trackpoint>
            <Time>2026-03-08T13:42:00.000Z</Time>
            <Position>
              <LatitudeDegrees>37.3504515</LatitudeDegrees>
              <LongitudeDegrees>-121.8708660</LongitudeDegrees>
            </Position>
            <AltitudeMeters>24.5</AltitudeMeters>
            <DistanceMeters>1925.13</DistanceMeters>
            <HeartRateBpm><Value>157</Value></HeartRateBpm>
            <Cadence>167</Cadence>
          </Trackpoint>
          <Trackpoint>
            <Time>2026-03-08T13:42:05.000Z</Time>
            <Position>
              <LatitudeDegrees>37.3505366</LatitudeDegrees>
              <LongitudeDegrees>-121.8707589</LongitudeDegrees>
            </Position>
            <AltitudeMeters>24.6</AltitudeMeters>
            <DistanceMeters>1938.50</DistanceMeters>
            <HeartRateBpm><Value>157</Value></HeartRateBpm>
            <Cadence>167</Cadence>
          </Trackpoint>
          <Trackpoint>
            <Time>2026-03-08T13:42:10.000Z</Time>
            <Position>
              <LatitudeDegrees>37.3506216</LatitudeDegrees>
              <LongitudeDegrees>-121.8706517</LongitudeDegrees>
            </Position>
            <AltitudeMeters>24.7</AltitudeMeters>
            <DistanceMeters>1951.87</DistanceMeters>
            <HeartRateBpm><Value>157</Value></HeartRateBpm>
            <Cadence>167</Cadence>
          </Trackpoint>
          <Trackpoint>
            <Time>2026-03-08T13:42:15.000Z</Time>
            <Position>
              <LatitudeDegrees>37.3507067</LatitudeDegrees>
              <LongitudeDegrees>-121.8705445</LongitudeDegrees>
            </Position>
            <AltitudeMeters>24.8</AltitudeMeters>
            <DistanceMeters>1965.24</DistanceMeters>
            <HeartRateBpm><Value>157</Value></HeartRateBpm>
            <Cadence>167</Cadence>
          </Trackpoint>
          <Trackpoint>
            <Time>2026-03-08T13:42:20.000Z</Time>
            <Position>
              <LatitudeDegrees>37.3507918</LatitudeDegrees>
              <LongitudeDegrees>-121.8704373</LongitudeDegrees>
            </Position>
            <AltitudeMeters>24.9</AltitudeMeters>
            <DistanceMeters>1978.61</DistanceMeters>
            <HeartRateBpm><Value>157</Value></HeartRateBpm>
            <Cadence>167</Cadence>
          </Trackpoint>
          <Trackpoint>
            <Time>2026-03-08T13:42:25.000Z</Time>
            <Position>
              <LatitudeDegrees>37.3508769</LatitudeDegrees>
              <LongitudeDegrees>-121.8703301</LongitudeDegrees>
            </Position>
            <AltitudeMeters>24.9</AltitudeMeters>
            <DistanceMeters>1991.98</DistanceMeters>
            <HeartRateBpm><Value>157</Value></HeartRateBpm>
            <Cadence>167</Cadence>
          </Trackpoint>
          <Trackpoint>
            <Time>2026-03-08T13:42:30.000Z</Time>
            <Position>
              <LatitudeDegrees>37.3509620</LatitudeDegrees>
              <LongitudeDegrees>-121.8702230</LongitudeDegrees>
            </Position>
            <AltitudeMeters>25</AltitudeMeters>
            <DistanceMeters>2005.35</DistanceMeters>
            <HeartRateBpm><Value>157</Value></HeartRateBpm>
            <Cadence>167</Cadence>
          </Trackpoint>
          <Trackpoint>
            <Time>2026-03-08T13:42:35.000Z</Time>
            <Position>
              <LatitudeDegrees>37.3510470</LatitudeDegrees>
              <LongitudeDegrees>-121.8701158</LongitudeDegrees>
            </Position>
            <AltitudeMeters>25.1</AltitudeMeters>
            <DistanceMeters>2018.72</DistanceMeters>
            <HeartRateBpm><Value>157</Value></HeartRateBpm>
            <Cadence>167</Cadence>
          </Trackpoint>
          <Trackpoint>
            <Time>2026-03-08T13:42:40.000Z</Time>
            <Position>
              <LatitudeDegrees>37.3511321</LatitudeDegrees>
              <LongitudeDegrees>-121.8700086</LongitudeDegrees>
            </Position>
            <AltitudeMeters>25.2</AltitudeMeters>
            <DistanceMeters>2032.09</DistanceMeters>
            <HeartRateBpm><Value>157</Value></HeartRateBpm>
            <Cadence>167</Cadence>
          </Trackpoint>
          <Trackpoint>
            <Time>2026-03-08T13:42:45.000Z</Time>
            <Position>
              <LatitudeDegrees>37.3512172</LatitudeDegrees>
              <LongitudeDegrees>-121.8699014</LongitudeDegrees>
            </Position>
            <AltitudeMeters>25.3</AltitudeMeters>
            <DistanceMeters>2045.45</DistanceMeters>
            <HeartRateBpm><Value>157</Value></HeartRateBpm>
            <Cadence>167</Cadence>
          </Trackpoint>
          <Trackpoint>
            <Time>2026-03-08T13:42:50.000Z</Time>
            <Position>
              <LatitudeDegrees>37.3513023</LatitudeDegrees>
              <LongitudeDegrees>-121.8697942</LongitudeDegrees>
            </Position>
            <AltitudeMeters>25.4</AltitudeMeters>
            <DistanceMeters>2058.82</DistanceMeters>
            <HeartRateBpm><Value>157</Value></HeartRateBpm>
            <Cadence>167</Cadence>
          </Trackpoint>
          <Trackpoint>
            <Time>2026-03-08T13:42:55.000Z</Time>
            <Position>
              <LatitudeDegrees>37.3513874</LatitudeDegrees>
              <LongitudeDegrees>-121.8696871</LongitudeDegrees>
            </Position>
            <AltitudeMeters>25.4</AltitudeMeters>
            <DistanceMeters>2072.19</DistanceMeters>
            <HeartRateBpm><Value>157</Value></HeartRateBpm>
            <Cadence>167</Cadence>
          </Trackpoint>
          <Trackpoint>
            <Time>2026-03-08T13:43:00.000Z</Time>
            <Position>
              <LatitudeDegrees>37.3514724</LatitudeDegrees>
              <LongitudeDegrees>-121.8695799</LongitudeDegrees>
            </Position>
            <AltitudeMeters>25.5</AltitudeMeters>
            <DistanceMeters>2085.56</DistanceMeters>
            <HeartRateBpm><Value>157</Value></HeartRateBpm>
            <Cadence>167</Cadence>
          </Trackpoint>
          <Trackpoint>
            <Time>2026-03-08T13:43:05.000Z</Time>
            <Position>
              <LatitudeDegrees>37.3515575</LatitudeDegrees>
              <LongitudeDegrees>-121.8694727</LongitudeDegrees>
            </Position>
            <AltitudeMeters>25.6</AltitudeMeters>
            <DistanceMeters>2098.93</DistanceMeters>
            <HeartRateBpm><Value>157</Value></HeartRateBpm>
            <Cadence>167</Cadence>
          </Trackpoint>
          <Trackpoint>
            <Time>2026-03-08T13:43:10.000Z</Time>
            <Position>
              <LatitudeDegrees>37.3516426</LatitudeDegrees>
              <LongitudeDegrees>-121.8693655</LongitudeDegrees>
            </Position>
            <AltitudeMeters>25.7</AltitudeMeters>
            <DistanceMeters>2112.30</DistanceMeters>
            <HeartRateBpm><Value>157</Value></HeartRateBpm>
            <Cadence>167</Cadence>
          </Trackpoint>
          <Trackpoint>
            <Time>2026-03-08T13:43:15.000Z</Time>
            <Position>
              <LatitudeDegrees>37.3517277</LatitudeDegrees>
              <LongitudeDegrees>-121.8692583</LongitudeDegrees>
            </Position>
            <AltitudeMeters>25.8</AltitudeMeters>
            <DistanceMeters>2125.67</DistanceMeters>
            <HeartRateBpm><Value>157</Value></HeartRateBpm>
            <Cadence>167</Cadence>
          </Trackpoint>
          <Trackpoint>
            <Time>2026-03-08T13:43:20.000Z</Time>
            <Position>
              <LatitudeDegrees>37.3518128</LatitudeDegrees>
              <LongitudeDegrees>-121.8691512</LongitudeDegrees>
            </Position>
            <AltitudeMeters>25.8</AltitudeMeters>
            <DistanceMeters>2139.04</DistanceMeters>
            <HeartRateBpm><Value>157</Value></HeartRateBpm>
            <Cadence>167</Cadence>
          </Trackpoint>
          <Trackpoint>
            <Time>2026-03-08T13:43:25.000Z</Time>
            <Position>
              <LatitudeDegrees>37.3518978</LatitudeDegrees>
              <LongitudeDegrees>-121.8690440</LongitudeDegrees>
            </Position>
            <AltitudeMeters>25.9</AltitudeMeters>
            <DistanceMeters>2152.41</DistanceMeters>
            <HeartRateBpm><Value>157</Value></HeartRateBpm>
            <Cadence>167</Cadence>
          </Trackpoint>
          <Trackpoint>
            <Time>2026-03-08T13:43:30.000Z</Time>
            <Position>
              <LatitudeDegrees>37.3519829</LatitudeDegrees>
              <LongitudeDegrees>-121.8689368</LongitudeDegrees>
            </Position>
            <AltitudeMeters>26</AltitudeMeters>
            <DistanceMeters>2165.78</DistanceMeters>
            <HeartRateBpm><Value>157</Value></HeartRateBpm>
            <Cadence>167</Cadence>
          </Trackpoint>
          <Trackpoint>
            <Time>2026-03-08T13:43:35.000Z</Time>
            <Position>
              <LatitudeDegrees>37.3520680</LatitudeDegrees>
              <LongitudeDegrees>-121.8688296</LongitudeDegrees>
            </Position>
            <AltitudeMeters>26.1</AltitudeMeters>
            <DistanceMeters>2179.14</DistanceMeters>
            <HeartRateBpm><Value>157</Value></HeartRateBpm>
            <Cadence>167</Cadence>
          </Trackpoint>
          <Trackpoint>
            <Time>2026-03-08T13:43:40.000Z</Time>
            <Position>
              <LatitudeDegrees>37.3521531</LatitudeDegrees>
              <LongitudeDegrees>-121.8687224</LongitudeDegrees>
            </Position>
            <AltitudeMeters>26.1</AltitudeMeters>
            <DistanceMeters>2192.51</DistanceMeters>
            <HeartRateBpm><Value>157</Value></HeartRateBpm>
            <Cadence>167</Cadence>
          </Trackpoint>
          <Trackpoint>
            <Time>2026-03-08T13:43:45.000Z</Time>
            <Position>
              <LatitudeDegrees>37.3522382</LatitudeDegrees>
              <LongitudeDegrees>-121.8686153</LongitudeDegrees>
            </Position>
            <AltitudeMeters>26.2</AltitudeMeters>
            <DistanceMeters>2205.88</DistanceMeters>
            <HeartRateBpm><Value>157</Value></HeartRateBpm>
            <Cadence>167</Cadence>
          </Trackpoint>
          <Trackpoint>
            <Time>2026-03-08T13:43:50.000Z</Time>
            <Position>
              <LatitudeDegrees>37.3523232</LatitudeDegrees>
              <LongitudeDegrees>-121.8685081</LongitudeDegrees>
            </Position>
            <AltitudeMeters>26.3</AltitudeMeters>
            <DistanceMeters>2219.25</DistanceMeters>
            <HeartRateBpm><Value>157</Value></HeartRateBpm>
            <Cadence>167</Cadence>
          </Trackpoint>
          <Trackpoint>
            <Time>2026-03-08T13:43:55.000Z</Time>
            <Position>
              <LatitudeDegrees>37.3524083</LatitudeDegrees>
              <LongitudeDegrees>-121.8684009</LongitudeDegrees>
            </Position>
            <AltitudeMeters>26.3</AltitudeMeters>
            <DistanceMeters>2232.62</DistanceMeters>
            <HeartRateBpm><Value>157</Value></HeartRateBpm>
            <Cadence>167</Cadence>
          </Trackpoint>
          <Trackpoint>
            <Time>2026-03-08T13:44:00.000Z</Time>
            <Position>
              <LatitudeDegrees>37.3524934</LatitudeDegrees>
              <LongitudeDegrees>-121.8682937</LongitudeDegrees>
            </Position>
            <AltitudeMeters>26.4</AltitudeMeters>
            <DistanceMeters>2245.99</DistanceMeters>
            <HeartRateBpm><Value>157</Value></HeartRateBpm>
            <Cadence>167</Cadence>
          </Trackpoint>
          <Trackpoint>
            <Time>2026-03-08T13:44:05.000Z</Time>
            <Position>
              <LatitudeDegrees>37.3525785</LatitudeDegrees>
              <LongitudeDegrees>-121.8681865</LongitudeDegrees>
            </Position>
            <AltitudeMeters>26.5</AltitudeMeters>
            <DistanceMeters>2259.36</DistanceMeters>
            <HeartRateBpm><Value>157</Value></HeartRateBpm>
            <Cadence>167</Cadence>
          </Trackpoint>
          <Trackpoint>
            <Time>2026-03-08T13:44:10.000Z</Time>
            <Position>
              <LatitudeDegrees>37.3526636</LatitudeDegrees>
              <LongitudeDegrees>-121.8680794</LongitudeDegrees>
            </Position>
            <AltitudeMeters>26.5</AltitudeMeters>
            <DistanceMeters>2272.73</DistanceMeters>
            <HeartRateBpm><Value>157</Value></HeartRateBpm>
            <Cadence>167</Cadence>
          </Trackpoint>
          <Trackpoint>
            <Time>2026-03-08T13:44:15.000Z</Time>
            <Position>
              <LatitudeDegrees>37.3527486</LatitudeDegrees>
              <LongitudeDegrees>-121.8679722</LongitudeDegrees>
            </Position>
            <AltitudeMeters>26.6</AltitudeMeters>
            <DistanceMeters>2286.10</DistanceMeters>
            <HeartRateBpm><Value>157</Value></HeartRateBpm>
            <Cadence>167</Cadence>
          </Trackpoint>
          <Trackpoint>
            <Time>2026-03-08T13:44:20.000Z</Time>
            <Position>
              <LatitudeDegrees>37.3528337</LatitudeDegrees>
              <LongitudeDegrees>-121.8678650</LongitudeDegrees>
            </Position>
            <AltitudeMeters>26.6</AltitudeMeters>
            <DistanceMeters>2299.47</DistanceMeters>
            <HeartRateBpm><Value>157</Value></HeartRateBpm>
            <Cadence>167</Cadence>
          </Trackpoint>
          <Trackpoint>
            <Time>2026-03-08T13:44:25.000Z</Time>
            <Position>
              <LatitudeDegrees>37.3529188</LatitudeDegrees>
              <LongitudeDegrees>-121.8677578</LongitudeDegrees>
            </Position>
            <AltitudeMeters>26.7</AltitudeMeters>
            <DistanceMeters>2312.83</DistanceMeters>
            <HeartRateBpm><Value>157</Value></HeartRateBpm>
            <Cadence>167</Cadence>
          </Trackpoint>
          <Trackpoint>
            <Time>2026-03-08T13:44:30.000Z</Time>
            <Position>
              <LatitudeDegrees>37.3530039</LatitudeDegrees>
              <LongitudeDegrees>-121.8676506</LongitudeDegrees>
            </Position>
            <AltitudeMeters>26.7</AltitudeMeters>
            <DistanceMeters>2326.20</DistanceMeters>
            <HeartRateBpm><Value>157</Value></HeartRateBpm>
            <Cadence>167</Cadence>
          </Trackpoint>
          <Trackpoint>
            <Time>2026-03-08T13:44:35.000Z</Time>
            <Position>
              <LatitudeDegrees>37.3530890</LatitudeDegrees>
              <LongitudeDegrees>-121.8675435</LongitudeDegrees>
            </Position>
            <AltitudeMeters>26.8</AltitudeMeters>
            <DistanceMeters>2339.57</DistanceMeters>
            <HeartRateBpm><Value>157</Value></HeartRateBpm>
            <Cadence>167</Cadence>
          </Trackpoint>
          <Trackpoint>
            <Time>2026-03-08T13:44:40.000Z</Time>
            <Position>
              <LatitudeDegrees>37.3531740</LatitudeDegrees>
              <LongitudeDegrees>-121.8674363</LongitudeDegrees>
            </Position>
            <AltitudeMeters>26.8</AltitudeMeters>
            <DistanceMeters>2352.94</DistanceMeters>
            <HeartRateBpm><Value>157</Value></HeartRateBpm>
            <Cadence>167</Cadence>
          </Trackpoint>
          <Trackpoint>
            <Time>2026-03-08T13:44:45.000Z</Time>
            <Position>
              <LatitudeDegrees>37.3532591</LatitudeDegrees>
              <LongitudeDegrees>-121.8673291</LongitudeDegrees>
            </Position>
            <AltitudeMeters>26.8</AltitudeMeters>
            <DistanceMeters>2366.31</DistanceMeters>
            <HeartRateBpm><Value>157</Value></HeartRateBpm>
            <Cadence>167</Cadence>
          </Trackpoint>
          <Trackpoint>
            <Time>2026-03-08T13:44:50.000Z</Time>
            <Position>
              <LatitudeDegrees>37.3533442</LatitudeDegrees>
              <LongitudeDegrees>-121.8672219</LongitudeDegrees>
            </Position>
            <AltitudeMeters>26.9</AltitudeMeters>
            <DistanceMeters>2379.68</DistanceMeters>
            <HeartRateBpm><Value>157</Value></HeartRateBpm>
            <Cadence>167</Cadence>
          </Trackpoint>
          <Trackpoint>
            <Time>2026-03-08T13:44:55.000Z</Time>
            <Position>
              <LatitudeDegrees>37.3534293</LatitudeDegrees>
              <LongitudeDegrees>-121.8671147</LongitudeDegrees>
            </Position>
            <AltitudeMeters>26.9</AltitudeMeters>
            <DistanceMeters>2393.05</DistanceMeters>
            <HeartRateBpm><Value>157</Value></HeartRateBpm>
            <Cadence>167</Cadence>
          </Trackpoint>
          <Trackpoint>
            <Time>2026-03-08T13:45:00.000Z</Time>
            <Position>
              <LatitudeDegrees>37.3535144</LatitudeDegrees>
              <LongitudeDegrees>-121.8670076</LongitudeDegrees>
            </Position>
            <AltitudeMeters>26.9</AltitudeMeters>
            <DistanceMeters>2406.42</DistanceMeters>
            <HeartRateBpm><Value>157</Value></HeartRateBpm>
            <Cadence>167</Cadence>
          </Trackpoint>
          <Trackpoint>
            <Time>2026-03-08T13:45:05.000Z</Time>
            <Position>
              <LatitudeDegrees>37.3535994</LatitudeDegrees>
              <LongitudeDegrees>-121.8669004</LongitudeDegrees>
            </Position>
            <AltitudeMeters>26.9</AltitudeMeters>
            <DistanceMeters>2419.79</DistanceMeters>
            <HeartRateBpm><Value>157</Value></HeartRateBpm>
            <Cadence>167</Cadence>
          </Trackpoint>
          <Trackpoint>
            <Time>2026-03-08T13:45:10.000Z</Time>
            <Position>
              <LatitudeDegrees>37.3536845</LatitudeDegrees>
              <LongitudeDegrees>-121.8667932</LongitudeDegrees>
            </Position>
            <AltitudeMeters>27</AltitudeMeters>
            <DistanceMeters>2433.16</DistanceMeters>
            <HeartRateBpm><Value>157</Value></HeartRateBpm>
            <Cadence>167</Cadence>
          </Trackpoint>
          <Trackpoint>
            <Time>2026-03-08T13:45:15.000Z</Time>
            <Position>
              <LatitudeDegrees>37.3537696</LatitudeDegrees>
              <LongitudeDegrees>-121.8666860</LongitudeDegrees>
            </Position>
            <AltitudeMeters>27</AltitudeMeters>
            <DistanceMeters>2446.52</DistanceMeters>
            <HeartRateBpm><Value>157</Value></HeartRateBpm>
            <Cadence>167</Cadence>
          </Trackpoint>
          <Trackpoint>
            <Time>2026-03-08T13:45:20.000Z</Time>
            <Position>
              <LatitudeDegrees>37.3538547</LatitudeDegrees>
              <LongitudeDegrees>-121.8665788</LongitudeDegrees>
            </Position>
            <AltitudeMeters>27</AltitudeMeters>
            <DistanceMeters>2459.89</DistanceMeters>
            <HeartRateBpm><Value>157</Value></HeartRateBpm>
            <Cadence>167</Cadence>
          </Trackpoint>
          <Trackpoint>
            <Time>2026-03-08T13:45:25.000Z</Time>
            <Position>
              <LatitudeDegrees>37.3539398</LatitudeDegrees>
              <LongitudeDegrees>-121.8664717</LongitudeDegrees>
            </Position>
            <AltitudeMeters>27</AltitudeMeters>
            <DistanceMeters>2473.26</DistanceMeters>
            <HeartRateBpm><Value>157</Value></HeartRateBpm>
            <Cadence>167</Cadence>
          </Trackpoint>
          <Trackpoint>
            <Time>2026-03-08T13:45:30.000Z</Time>
            <Position>
              <LatitudeDegrees>37.3540248</LatitudeDegrees>
              <LongitudeDegrees>-121.8663645</LongitudeDegrees>
            </Position>
            <AltitudeMeters>27</AltitudeMeters>
            <DistanceMeters>2486.63</DistanceMeters>
            <HeartRateBpm><Value>157</Value></HeartRateBpm>
            <Cadence>167</Cadence>
          </Trackpoint>
          <Trackpoint>
            <Time>2026-03-08T13:45:35.000Z</Time>
            <Position>
              <LatitudeDegrees>37.3541099</LatitudeDegrees>
              <LongitudeDegrees>-121.8662573</LongitudeDegrees>
            </Position>
            <AltitudeMeters>27</AltitudeMeters>
            <DistanceMeters>2500.00</DistanceMeters>
            <HeartRateBpm><Value>157</Value></HeartRateBpm>
            <Cadence>167</Cadence>
          </Trackpoint>
          <Trackpoint>
            <Time>2026-03-08T13:45:40.000Z</Time>
            <Position>
              <LatitudeDegrees>37.3541950</LatitudeDegrees>
              <LongitudeDegrees>-121.8661501</LongitudeDegrees>
            </Position>
            <AltitudeMeters>27</AltitudeMeters>
            <DistanceMeters>2513.37</DistanceMeters>
            <HeartRateBpm><Value>157</Value></HeartRateBpm>
            <Cadence>167</Cadence>
          </Trackpoint>
          <Trackpoint>
            <Time>2026-03-08T13:45:45.000Z</Time>
            <Position>
              <LatitudeDegrees>37.3542801</LatitudeDegrees>
              <LongitudeDegrees>-121.8660429</LongitudeDegrees>
            </Position>
            <AltitudeMeters>27</AltitudeMeters>
            <DistanceMeters>2526.74</DistanceMeters>
            <HeartRateBpm><Value>157</Value></HeartRateBpm>
            <Cadence>167</Cadence>
          </Trackpoint>
          <Trackpoint>
            <Time>2026-03-08T13:45:50.000Z</Time>
            <Position>
              <LatitudeDegrees>37.3543652</LatitudeDegrees>
              <LongitudeDegrees>-121.8659357</LongitudeDegrees>
            </Position>
            <AltitudeMeters>27</AltitudeMeters>
            <DistanceMeters>2540.11</DistanceMeters>
            <HeartRateBpm><Value>157</Value></HeartRateBpm>
            <Cadence>167</Cadence>
          </Trackpoint>
          <Trackpoint>
            <Time>2026-03-08T13:45:55.000Z</Time>
            <Position>
              <LatitudeDegrees>37.3544502</LatitudeDegrees>
              <LongitudeDegrees>-121.8658286</LongitudeDegrees>
            </Position>
            <AltitudeMeters>27</AltitudeMeters>
            <DistanceMeters>2553.48</DistanceMeters>
            <HeartRateBpm><Value>157</Value></HeartRateBpm>
            <Cadence>167</Cadence>
          </Trackpoint>
          <Trackpoint>
            <Time>2026-03-08T13:46:00.000Z</Time>
            <Position>
              <LatitudeDegrees>37.3545353</LatitudeDegrees>
              <LongitudeDegrees>-121.8657214</LongitudeDegrees>
            </Position>
            <AltitudeMeters>27</AltitudeMeters>
            <DistanceMeters>2566.84</DistanceMeters>
            <HeartRateBpm><Value>157</Value></HeartRateBpm>
            <Cadence>167</Cadence>
          </Trackpoint>
          <Trackpoint>
            <Time>2026-03-08T13:46:05.000Z</Time>
            <Position>
              <LatitudeDegrees>37.3546204</LatitudeDegrees>
              <LongitudeDegrees>-121.8656142</LongitudeDegrees>
            </Position>
            <AltitudeMeters>26.9</AltitudeMeters>
            <DistanceMeters>2580.21</DistanceMeters>
            <HeartRateBpm><Value>157</Value></HeartRateBpm>
            <Cadence>167</Cadence>
          </Trackpoint>
          <Trackpoint>
            <Time>2026-03-08T13:46:10.000Z</Time>
            <Position>
              <LatitudeDegrees>37.3547055</LatitudeDegrees>
              <LongitudeDegrees>-121.8655070</LongitudeDegrees>
            </Position>
            <AltitudeMeters>26.9</AltitudeMeters>
            <DistanceMeters>2593.58</DistanceMeters>
            <HeartRateBpm><Value>157</Value></HeartRateBpm>
            <Cadence>167</Cadence>
          </Trackpoint>
          <Trackpoint>
            <Time>2026-03-08T13:46:15.000Z</Time>
            <Position>
              <LatitudeDegrees>37.3547906</LatitudeDegrees>
              <LongitudeDegrees>-121.8653998</LongitudeDegrees>
            </Position>
            <AltitudeMeters>26.9</AltitudeMeters>
            <DistanceMeters>2606.95</DistanceMeters>
            <HeartRateBpm><Value>157</Value></HeartRateBpm>
            <Cadence>167</Cadence>
          </Trackpoint>
          <Trackpoint>
            <Time>2026-03-08T13:46:20.000Z</Time>
            <Position>
              <LatitudeDegrees>37.3548756</LatitudeDegrees>
              <LongitudeDegrees>-121.8652927</LongitudeDegrees>
            </Position>
            <AltitudeMeters>26.9</AltitudeMeters>
            <DistanceMeters>2620.32</DistanceMeters>
            <HeartRateBpm><Value>157</Value></HeartRateBpm>
            <Cadence>167</Cadence>
          </Trackpoint>
          <Trackpoint>
            <Time>2026-03-08T13:46:25.000Z</Time>
            <Position>
              <LatitudeDegrees>37.3549607</LatitudeDegrees>
              <LongitudeDegrees>-121.8651855</LongitudeDegrees>
            </Position>
            <AltitudeMeters>26.8</AltitudeMeters>
            <DistanceMeters>2633.69</DistanceMeters>
            <HeartRateBpm><Value>157</Value></HeartRateBpm>
            <Cadence>167</Cadence>
          </Trackpoint>
          <Trackpoint>
            <Time>2026-03-08T13:46:30.000Z</Time>
            <Position>
              <LatitudeDegrees>37.3550458</LatitudeDegrees>
              <LongitudeDegrees>-121.8650783</LongitudeDegrees>
            </Position>
            <AltitudeMeters>26.8</AltitudeMeters>
            <DistanceMeters>2647.06</DistanceMeters>
            <HeartRateBpm><Value>157</Value></HeartRateBpm>
            <Cadence>167</Cadence>
          </Trackpoint>
          <Trackpoint>
            <Time>2026-03-08T13:46:35.000Z</Time>
            <Position>
              <LatitudeDegrees>37.3551309</LatitudeDegrees>
              <LongitudeDegrees>-121.8649711</LongitudeDegrees>
            </Position>
            <AltitudeMeters>26.8</AltitudeMeters>
            <DistanceMeters>2660.43</DistanceMeters>
            <HeartRateBpm><Value>157</Value></HeartRateBpm>
            <Cadence>167</Cadence>
          </Trackpoint>
          <Trackpoint>
            <Time>2026-03-08T13:46:40.000Z</Time>
            <Position>
              <LatitudeDegrees>37.3552160</LatitudeDegrees>
              <LongitudeDegrees>-121.8648639</LongitudeDegrees>
            </Position>
            <AltitudeMeters>26.7</AltitudeMeters>
            <DistanceMeters>2673.80</DistanceMeters>
            <HeartRateBpm><Value>157</Value></HeartRateBpm>
            <Cadence>167</Cadence>
          </Trackpoint>
          <Trackpoint>
            <Time>2026-03-08T13:46:45.000Z</Time>
            <Position>
              <LatitudeDegrees>37.3553010</LatitudeDegrees>
              <LongitudeDegrees>-121.8647568</LongitudeDegrees>
            </Position>
            <AltitudeMeters>26.7</AltitudeMeters>
            <DistanceMeters>2687.17</DistanceMeters>
            <HeartRateBpm><Value>157</Value></HeartRateBpm>
            <Cadence>167</Cadence>
          </Trackpoint>
          <Trackpoint>
            <Time>2026-03-08T13:46:50.000Z</Time>
            <Position>
              <LatitudeDegrees>37.3553861</LatitudeDegrees>
              <LongitudeDegrees>-121.8646496</LongitudeDegrees>
            </Position>
            <AltitudeMeters>26.6</AltitudeMeters>
            <DistanceMeters>2700.53</DistanceMeters>
            <HeartRateBpm><Value>157</Value></HeartRateBpm>
            <Cadence>167</Cadence>
          </Trackpoint>
          <Trackpoint>
            <Time>2026-03-08T13:46:55.000Z</Time>
            <Position>
              <LatitudeDegrees>37.3554712</LatitudeDegrees>
              <LongitudeDegrees>-121.8645424</LongitudeDegrees>
            </Position>
            <AltitudeMeters>26.6</AltitudeMeters>
            <DistanceMeters>2713.90</DistanceMeters>
            <HeartRateBpm><Value>157</Value></HeartRateBpm>
            <Cadence>167</Cadence>
          </Trackpoint>
          <Trackpoint>
            <Time>2026-03-08T13:47:00.000Z</Time>
            <Position>
              <LatitudeDegrees>37.3555563</LatitudeDegrees>
              <LongitudeDegrees>-121.8644352</LongitudeDegrees>
            </Position>
            <AltitudeMeters>26.5</AltitudeMeters>
            <DistanceMeters>2727.27</DistanceMeters>
            <HeartRateBpm><Value>157</Value></HeartRateBpm>
            <Cadence>167</Cadence>
          </Trackpoint>
          <Trackpoint>
            <Time>2026-03-08T13:47:05.000Z</Time>
            <Position>
              <LatitudeDegrees>37.3556414</LatitudeDegrees>
              <LongitudeDegrees>-121.8643280</LongitudeDegrees>
            </Position>
            <AltitudeMeters>26.5</AltitudeMeters>
            <DistanceMeters>2740.64</DistanceMeters>
            <HeartRateBpm><Value>157</Value></HeartRateBpm>
            <Cadence>167</Cadence>
          </Trackpoint>
          <Trackpoint>
            <Time>2026-03-08T13:47:10.000Z</Time>
            <Position>
              <LatitudeDegrees>37.3557264</LatitudeDegrees>
              <LongitudeDegrees>-121.8642209</LongitudeDegrees>
            </Position>
            <AltitudeMeters>26.4</AltitudeMeters>
            <DistanceMeters>2754.01</DistanceMeters>
            <HeartRateBpm><Value>157</Value></HeartRateBpm>
            <Cadence>167</Cadence>
          </Trackpoint>
          <Trackpoint>
            <Time>2026-03-08T13:47:15.000Z</Time>
            <Position>
              <LatitudeDegrees>37.3558115</LatitudeDegrees>
              <LongitudeDegrees>-121.8641137</LongitudeDegrees>
            </Position>
            <AltitudeMeters>26.3</AltitudeMeters>
            <DistanceMeters>2767.38</DistanceMeters>
            <HeartRateBpm><Value>157</Value></HeartRateBpm>
            <Cadence>167</Cadence>
          </Trackpoint>
          <Trackpoint>
            <Time>2026-03-08T13:47:20.000Z</Time>
            <Position>
              <LatitudeDegrees>37.3558966</LatitudeDegrees>
              <LongitudeDegrees>-121.8640065</LongitudeDegrees>
            </Position>
            <AltitudeMeters>26.3</AltitudeMeters>
            <DistanceMeters>2780.75</DistanceMeters>
            <HeartRateBpm><Value>157</Value></HeartRateBpm>
            <Cadence>167</Cadence>
          </Trackpoint>
          <Trackpoint>
            <Time>2026-03-08T13:47:25.000Z</Time>
            <Position>
              <LatitudeDegrees>37.3559817</LatitudeDegrees>
              <LongitudeDegrees>-121.8638993</LongitudeDegrees>
            </Position>
            <AltitudeMeters>26.2</AltitudeMeters>
            <DistanceMeters>2794.12</DistanceMeters>
            <HeartRateBpm><Value>157</Value></HeartRateBpm>
            <Cadence>167</Cadence>
          </Trackpoint>
          <Trackpoint>
            <Time>2026-03-08T13:47:30.000Z</Time>
            <Position>
              <LatitudeDegrees>37.3560668</LatitudeDegrees>
              <LongitudeDegrees>-121.8637921</LongitudeDegrees>
            </Position>
            <AltitudeMeters>26.1</AltitudeMeters>
            <DistanceMeters>2807.49</DistanceMeters>
            <HeartRateBpm><Value>157</Value></HeartRateBpm>
            <Cadence>167</Cadence>
          </Trackpoint>
          <Trackpoint>
            <Time>2026-03-08T13:47:35.000Z</Time>
            <Position>
              <LatitudeDegrees>37.3561518</LatitudeDegrees>
              <LongitudeDegrees>-121.8636850</LongitudeDegrees>
            </Position>
            <AltitudeMeters>26.1</AltitudeMeters>
            <DistanceMeters>2820.86</DistanceMeters>
            <HeartRateBpm><Value>157</Value></HeartRateBpm>
            <Cadence>167</Cadence>
          </Trackpoint>
          <Trackpoint>
            <Time>2026-03-08T13:47:40.000Z</Time>
            <Position>
              <LatitudeDegrees>37.3562369</LatitudeDegrees>
              <LongitudeDegrees>-121.8635778</LongitudeDegrees>
            </Position>
            <AltitudeMeters>26</AltitudeMeters>
            <DistanceMeters>2834.22</DistanceMeters>
            <HeartRateBpm><Value>157</Value></HeartRateBpm>
            <Cadence>167</Cadence>
          </Trackpoint>
          <Trackpoint>
            <Time>2026-03-08T13:47:45.000Z</Time>
            <Position>
              <LatitudeDegrees>37.3563220</LatitudeDegrees>
              <LongitudeDegrees>-121.8634706</LongitudeDegrees>
            </Position>
            <AltitudeMeters>25.9</AltitudeMeters>
            <DistanceMeters>2847.59</DistanceMeters>
            <HeartRateBpm><Value>157</Value></HeartRateBpm>
            <Cadence>167</Cadence>
          </Trackpoint>
          <Trackpoint>
            <Time>2026-03-08T13:47:50.000Z</Time>
            <Position>
              <LatitudeDegrees>37.3564071</LatitudeDegrees>
              <LongitudeDegrees>-121.8633634</LongitudeDegrees>
            </Position>
            <AltitudeMeters>25.8</AltitudeMeters>
            <DistanceMeters>2860.96</DistanceMeters>
            <HeartRateBpm><Value>157</Value></HeartRateBpm>
            <Cadence>167</Cadence>
          </Trackpoint>
          <Trackpoint>
            <Time>2026-03-08T13:47:55.000Z</Time>
            <Position>
              <LatitudeDegrees>37.3564922</LatitudeDegrees>
              <LongitudeDegrees>-121.8632562</LongitudeDegrees>
            </Position>
            <AltitudeMeters>25.8</AltitudeMeters>
            <DistanceMeters>2874.33</DistanceMeters>
            <HeartRateBpm><Value>157</Value></HeartRateBpm>
            <Cadence>167</Cadence>
          </Trackpoint>
          <Trackpoint>
            <Time>2026-03-08T13:48:00.000Z</Time>
            <Position>
              <LatitudeDegrees>37.3565772</LatitudeDegrees>
              <LongitudeDegrees>-121.8631491</LongitudeDegrees>
            </Position>
            <AltitudeMeters>25.7</AltitudeMeters>
            <DistanceMeters>2887.70</DistanceMeters>
            <HeartRateBpm><Value>157</Value></HeartRateBpm>
            <Cadence>167</Cadence>
          </Trackpoint>
          <Trackpoint>
            <Time>2026-03-08T13:48:05.000Z</Time>
            <Position>
              <LatitudeDegrees>37.3566623</LatitudeDegrees>
              <LongitudeDegrees>-121.8630419</LongitudeDegrees>
            </Position>
            <AltitudeMeters>25.6</AltitudeMeters>
            <DistanceMeters>2901.07</DistanceMeters>
            <HeartRateBpm><Value>157</Value></HeartRateBpm>
            <Cadence>167</Cadence>
          </Trackpoint>
          <Trackpoint>
            <Time>2026-03-08T13:48:10.000Z</Time>
            <Position>
              <LatitudeDegrees>37.3567474</LatitudeDegrees>
              <LongitudeDegrees>-121.8629347</LongitudeDegrees>
            </Position>
            <AltitudeMeters>25.5</AltitudeMeters>
            <DistanceMeters>2914.44</DistanceMeters>
            <HeartRateBpm><Value>157</Value></HeartRateBpm>
            <Cadence>167</Cadence>
          </Trackpoint>
          <Trackpoint>
            <Time>2026-03-08T13:48:15.000Z</Time>
            <Position>
              <LatitudeDegrees>37.3568325</LatitudeDegrees>
              <LongitudeDegrees>-121.8628275</LongitudeDegrees>
            </Position>
            <AltitudeMeters>25.4</AltitudeMeters>
            <DistanceMeters>2927.81</DistanceMeters>
            <HeartRateBpm><Value>157</Value></HeartRateBpm>
            <Cadence>167</Cadence>
          </Trackpoint>
          <Trackpoint>
            <Time>2026-03-08T13:48:20.000Z</Time>
            <Position>
              <LatitudeDegrees>37.3569176</LatitudeDegrees>
              <LongitudeDegrees>-121.8627203</LongitudeDegrees>
            </Position>
            <AltitudeMeters>25.4</AltitudeMeters>
            <DistanceMeters>2941.18</DistanceMeters>
            <HeartRateBpm><Value>157</Value></HeartRateBpm>
            <Cadence>167</Cadence>
          </Trackpoint>
          <Trackpoint>
            <Time>2026-03-08T13:48:25.000Z</Time>
            <Position>
              <LatitudeDegrees>37.3570026</LatitudeDegrees>
              <LongitudeDegrees>-121.8626132</LongitudeDegrees>
            </Position>
            <AltitudeMeters>25.3</AltitudeMeters>
            <DistanceMeters>2954.55</DistanceMeters>
            <HeartRateBpm><Value>157</Value></HeartRateBpm>
            <Cadence>167</Cadence>
          </Trackpoint>
          <Trackpoint>
            <Time>2026-03-08T13:48:30.000Z</Time>
            <Position>
              <LatitudeDegrees>37.3570877</LatitudeDegrees>
              <LongitudeDegrees>-121.8625060</LongitudeDegrees>
            </Position>
            <AltitudeMeters>25.2</AltitudeMeters>
            <DistanceMeters>2967.91</DistanceMeters>
            <HeartRateBpm><Value>157</Value></HeartRateBpm>
            <Cadence>167</Cadence>
          </Trackpoint>
          <Trackpoint>
            <Time>2026-03-08T13:48:35.000Z</Time>
            <Position>
              <LatitudeDegrees>37.3571728</LatitudeDegrees>
              <LongitudeDegrees>-121.8623988</LongitudeDegrees>
            </Position>
            <AltitudeMeters>25.1</AltitudeMeters>
            <DistanceMeters>2981.28</DistanceMeters>
            <HeartRateBpm><Value>157</Value></HeartRateBpm>
            <Cadence>167</Cadence>
          </Trackpoint>
          <Trackpoint>
            <Time>2026-03-08T13:48:40.000Z</Time>
            <Position>
              <LatitudeDegrees>37.3572579</LatitudeDegrees>
              <LongitudeDegrees>-121.8622916</LongitudeDegrees>
            </Position>
            <AltitudeMeters>25</AltitudeMeters>
            <DistanceMeters>2994.65</DistanceMeters>
            <HeartRateBpm><Value>157</Value></HeartRateBpm>
            <Cadence>167</Cadence>
          </Trackpoint>
          <Trackpoint>
            <Time>2026-03-08T13:48:45.000Z</Time>
            <Position>
              <LatitudeDegrees>37.3573430</LatitudeDegrees>
              <LongitudeDegrees>-121.8621844</LongitudeDegrees>
            </Position>
            <AltitudeMeters>24.9</AltitudeMeters>
            <DistanceMeters>3008.02</DistanceMeters>
            <HeartRateBpm><Value>157</Value></HeartRateBpm>
            <Cadence>167</Cadence>
          </Trackpoint>
          <Trackpoint>
            <Time>2026-03-08T13:48:50.000Z</Time>
            <Position>
              <LatitudeDegrees>37.3574280</LatitudeDegrees>
              <LongitudeDegrees>-121.8620773</LongitudeDegrees>
            </Position>
            <AltitudeMeters>24.9</AltitudeMeters>
            <DistanceMeters>3021.39</DistanceMeters>
            <HeartRateBpm><Value>157</Value></HeartRateBpm>
            <Cadence>167</Cadence>
          </Trackpoint>
          <Trackpoint>
            <Time>2026-03-08T13:48:55.000Z</Time>
            <Position>
              <LatitudeDegrees>37.3575131</LatitudeDegrees>
              <LongitudeDegrees>-121.8619701</LongitudeDegrees>
            </Position>
            <AltitudeMeters>24.8</AltitudeMeters>
            <DistanceMeters>3034.76</DistanceMeters>
            <HeartRateBpm><Value>157</Value></HeartRateBpm>
            <Cadence>167</Cadence>
          </Trackpoint>
          <Trackpoint>
            <Time>2026-03-08T13:49:00.000Z</Time>
            <Position>
              <LatitudeDegrees>37.3575982</LatitudeDegrees>
              <LongitudeDegrees>-121.8618629</LongitudeDegrees>
            </Position>
            <AltitudeMeters>24.7</AltitudeMeters>
            <DistanceMeters>3048.13</DistanceMeters>
            <HeartRateBpm><Value>157</Value></HeartRateBpm>
            <Cadence>167</Cadence>
          </Trackpoint>
          <Trackpoint>
            <Time>2026-03-08T13:49:05.000Z</Time>
            <Position>
              <LatitudeDegrees>37.3576833</LatitudeDegrees>
              <LongitudeDegrees>-121.8617557</LongitudeDegrees>
            </Position>
            <AltitudeMeters>24.6</AltitudeMeters>
            <DistanceMeters>3061.50</DistanceMeters>
            <HeartRateBpm><Value>157</Value></HeartRateBpm>
            <Cadence>167</Cadence>
          </Trackpoint>
          <Trackpoint>
            <Time>2026-03-08T13:49:10.000Z</Time>
            <Position>
              <LatitudeDegrees>37.3577683</LatitudeDegrees>
              <LongitudeDegrees>-121.8616485</LongitudeDegrees>
            </Position>
            <AltitudeMeters>24.5</AltitudeMeters>
            <DistanceMeters>3074.87</DistanceMeters>
            <HeartRateBpm><Value>157</Value></HeartRateBpm>
            <Cadence>167</Cadence>
          </Trackpoint>
          <Trackpoint>
            <Time>2026-03-08T13:49:15.000Z</Time>
            <Position>
              <LatitudeDegrees>37.3578534</LatitudeDegrees>
              <LongitudeDegrees>-121.8615414</LongitudeDegrees>
            </Position>
            <AltitudeMeters>24.5</AltitudeMeters>
            <DistanceMeters>3088.24</DistanceMeters>
            <HeartRateBpm><Value>157</Value></HeartRateBpm>
            <Cadence>167</Cadence>
          </Trackpoint>
          <Trackpoint>
            <Time>2026-03-08T13:49:20.000Z</Time>
            <Position>
              <LatitudeDegrees>37.3579385</LatitudeDegrees>
              <LongitudeDegrees>-121.8614342</LongitudeDegrees>
            </Position>
            <AltitudeMeters>24.4</AltitudeMeters>
            <DistanceMeters>3101.60</DistanceMeters>
            <HeartRateBpm><Value>157</Value></HeartRateBpm>
            <Cadence>167</Cadence>
          </Trackpoint>
          <Trackpoint>
            <Time>2026-03-08T13:49:25.000Z</Time>
            <Position>
              <LatitudeDegrees>37.3580236</LatitudeDegrees>
              <LongitudeDegrees>-121.8613270</LongitudeDegrees>
            </Position>
            <AltitudeMeters>24.3</AltitudeMeters>
            <DistanceMeters>3114.97</DistanceMeters>
            <HeartRateBpm><Value>157</Value></HeartRateBpm>
            <Cadence>167</Cadence>
          </Trackpoint>
          <Trackpoint>
            <Time>2026-03-08T13:49:30.000Z</Time>
            <Position>
              <LatitudeDegrees>37.3581087</LatitudeDegrees>
              <LongitudeDegrees>-121.8612198</LongitudeDegrees>
            </Position>
            <AltitudeMeters>24.2</AltitudeMeters>
            <DistanceMeters>3128.34</DistanceMeters>
            <HeartRateBpm><Value>157</Value></HeartRateBpm>
            <Cadence>167</Cadence>
          </Trackpoint>
          <Trackpoint>
            <Time>2026-03-08T13:49:35.000Z</Time>
            <Position>
              <LatitudeDegrees>37.3581937</LatitudeDegrees>
              <LongitudeDegrees>-121.8611126</LongitudeDegrees>
            </Position>
            <AltitudeMeters>24.1</AltitudeMeters>
            <DistanceMeters>3141.71</DistanceMeters>
            <HeartRateBpm><Value>157</Value></HeartRateBpm>
            <Cadence>167</Cadence>
          </Trackpoint>
          <Trackpoint>
            <Time>2026-03-08T13:49:40.000Z</Time>
            <Position>
              <LatitudeDegrees>37.3582788</LatitudeDegrees>
              <LongitudeDegrees>-121.8610055</LongitudeDegrees>
            </Position>
            <AltitudeMeters>24.1</AltitudeMeters>
            <DistanceMeters>3155.08</DistanceMeters>
            <HeartRateBpm><Value>157</Value></HeartRateBpm>
            <Cadence>167</Cadence>
          </Trackpoint>
          <Trackpoint>
            <Time>2026-03-08T13:49:45.000Z</Time>
            <Position>
              <LatitudeDegrees>37.3583639</LatitudeDegrees>
              <LongitudeDegrees>-121.8608983</LongitudeDegrees>
            </Position>
            <AltitudeMeters>24</AltitudeMeters>
            <DistanceMeters>3168.45</DistanceMeters>
            <HeartRateBpm><Value>157</Value></HeartRateBpm>
            <Cadence>167</Cadence>
          </Trackpoint>
          <Trackpoint>
            <Time>2026-03-08T13:49:50.000Z</Time>
            <Position>
              <LatitudeDegrees>37.3584490</LatitudeDegrees>
              <LongitudeDegrees>-121.8607911</LongitudeDegrees>
            </Position>
            <AltitudeMeters>23.9</AltitudeMeters>
            <DistanceMeters>3181.82</DistanceMeters>
            <HeartRateBpm><Value>157</Value></HeartRateBpm>
            <Cadence>167</Cadence>
          </Trackpoint>
          <Trackpoint>
            <Time>2026-03-08T13:49:55.000Z</Time>
            <Position>
              <LatitudeDegrees>37.3585341</LatitudeDegrees>
              <LongitudeDegrees>-121.8606839</LongitudeDegrees>
            </Position>
            <AltitudeMeters>23.8</AltitudeMeters>
            <DistanceMeters>3195.19</DistanceMeters>
            <HeartRateBpm><Value>157</Value></HeartRateBpm>
            <Cadence>167</Cadence>
          </Trackpoint>
          <Trackpoint>
            <Time>2026-03-08T13:50:00.000Z</Time>
            <Position>
              <LatitudeDegrees>37.3586191</LatitudeDegrees>
              <LongitudeDegrees>-121.8605767</LongitudeDegrees>
            </Position>
            <AltitudeMeters>23.8</AltitudeMeters>
            <DistanceMeters>3208.56</DistanceMeters>
            <HeartRateBpm><Value>157</Value></HeartRateBpm>
            <Cadence>167</Cadence>
          </Trackpoint>
          <Trackpoint>
            <Time>2026-03-08T13:50:05.000Z</Time>
            <Position>
              <LatitudeDegrees>37.3587042</LatitudeDegrees>
              <LongitudeDegrees>-121.8604696</LongitudeDegrees>
            </Position>
            <AltitudeMeters>23.7</AltitudeMeters>
            <DistanceMeters>3221.93</DistanceMeters>
            <HeartRateBpm><Value>157</Value></HeartRateBpm>
            <Cadence>167</Cadence>
          </Trackpoint>
          <Trackpoint>
            <Time>2026-03-08T13:50:10.000Z</Time>
            <Position>
              <LatitudeDegrees>37.3587893</LatitudeDegrees>
              <LongitudeDegrees>-121.8603624</LongitudeDegrees>
            </Position>
            <AltitudeMeters>23.7</AltitudeMeters>
            <DistanceMeters>3235.29</DistanceMeters>
            <HeartRateBpm><Value>157</Value></HeartRateBpm>
            <Cadence>167</Cadence>
          </Trackpoint>
          <Trackpoint>
            <Time>2026-03-08T13:50:15.000Z</Time>
            <Position>
              <LatitudeDegrees>37.3588744</LatitudeDegrees>
              <LongitudeDegrees>-121.8602552</LongitudeDegrees>
            </Position>
            <AltitudeMeters>23.6</AltitudeMeters>
            <DistanceMeters>3248.66</DistanceMeters>
            <HeartRateBpm><Value>157</Value></HeartRateBpm>
            <Cadence>167</Cadence>
          </Trackpoint>
          <Trackpoint>
            <Time>2026-03-08T13:50:20.000Z</Time>
            <Position>
              <LatitudeDegrees>37.3589595</LatitudeDegrees>
              <LongitudeDegrees>-121.8601480</LongitudeDegrees>
            </Position>
            <AltitudeMeters>23.5</AltitudeMeters>
            <DistanceMeters>3262.03</DistanceMeters>
            <HeartRateBpm><Value>157</Value></HeartRateBpm>
            <Cadence>167</Cadence>
          </Trackpoint>
          <Trackpoint>
            <Time>2026-03-08T13:50:25.000Z</Time>
            <Position>
              <LatitudeDegrees>37.3590445</LatitudeDegrees>
              <LongitudeDegrees>-121.8600408</LongitudeDegrees>
            </Position>
            <AltitudeMeters>23.5</AltitudeMeters>
            <DistanceMeters>3275.40</DistanceMeters>
            <HeartRateBpm><Value>157</Value></HeartRateBpm>
            <Cadence>167</Cadence>
          </Trackpoint>
          <Trackpoint>
            <Time>2026-03-08T13:50:30.000Z</Time>
            <Position>
              <LatitudeDegrees>37.3591296</LatitudeDegrees>
              <LongitudeDegrees>-121.8599337</LongitudeDegrees>
            </Position>
            <AltitudeMeters>23.4</AltitudeMeters>
            <DistanceMeters>3288.77</DistanceMeters>
            <HeartRateBpm><Value>157</Value></HeartRateBpm>
            <Cadence>167</Cadence>
          </Trackpoint>
          <Trackpoint>
            <Time>2026-03-08T13:50:35.000Z</Time>
            <Position>
              <LatitudeDegrees>37.3592147</LatitudeDegrees>
              <LongitudeDegrees>-121.8598265</LongitudeDegrees>
            </Position>
            <AltitudeMeters>23.4</AltitudeMeters>
            <DistanceMeters>3302.14</DistanceMeters>
            <HeartRateBpm><Value>157</Value></HeartRateBpm>
            <Cadence>167</Cadence>
          </Trackpoint>
          <Trackpoint>
            <Time>2026-03-08T13:50:40.000Z</Time>
            <Position>
              <LatitudeDegrees>37.3592998</LatitudeDegrees>
              <LongitudeDegrees>-121.8597193</LongitudeDegrees>
            </Position>
            <AltitudeMeters>23.3</AltitudeMeters>
            <DistanceMeters>3315.51</DistanceMeters>
            <HeartRateBpm><Value>157</Value></HeartRateBpm>
            <Cadence>167</Cadence>
          </Trackpoint>
          <Trackpoint>
            <Time>2026-03-08T13:50:45.000Z</Time>
            <Position>
              <LatitudeDegrees>37.3593849</LatitudeDegrees>
              <LongitudeDegrees>-121.8596121</LongitudeDegrees>
            </Position>
            <AltitudeMeters>23.3</AltitudeMeters>
            <DistanceMeters>3328.88</DistanceMeters>
            <HeartRateBpm><Value>157</Value></HeartRateBpm>
            <Cadence>167</Cadence>
          </Trackpoint>
          <Trackpoint>
            <Time>2026-03-08T13:50:50.000Z</Time>
            <Position>
              <LatitudeDegrees>37.3594699</LatitudeDegrees>
              <LongitudeDegrees>-121.8595049</LongitudeDegrees>
            </Position>
            <AltitudeMeters>23.2</AltitudeMeters>
            <DistanceMeters>3342.25</DistanceMeters>
            <HeartRateBpm><Value>157</Value></HeartRateBpm>
            <Cadence>167</Cadence>
          </Trackpoint>
          <Trackpoint>
            <Time>2026-03-08T13:50:55.000Z</Time>
            <Position>
              <LatitudeDegrees>37.3595550</LatitudeDegrees>
              <LongitudeDegrees>-121.8593978</LongitudeDegrees>
            </Position>
            <AltitudeMeters>23.2</AltitudeMeters>
            <DistanceMeters>3355.61</DistanceMeters>
            <HeartRateBpm><Value>157</Value></HeartRateBpm>
            <Cadence>167</Cadence>
          </Trackpoint>
          <Trackpoint>
            <Time>2026-03-08T13:51:00.000Z</Time>
            <Position>
              <LatitudeDegrees>37.3596401</LatitudeDegrees>
              <LongitudeDegrees>-121.8592906</LongitudeDegrees>
            </Position>
            <AltitudeMeters>23.2</AltitudeMeters>
            <DistanceMeters>3368.98</DistanceMeters>
            <HeartRateBpm><Value>157</Value></HeartRateBpm>
            <Cadence>167</Cadence>
          </Trackpoint>
          <Trackpoint>
            <Time>2026-03-08T13:51:05.000Z</Time>
            <Position>
              <LatitudeDegrees>37.3597252</LatitudeDegrees>
              <LongitudeDegrees>-121.8591834</LongitudeDegrees>
            </Position>
            <AltitudeMeters>23.1</AltitudeMeters>
            <DistanceMeters>3382.35</DistanceMeters>
            <HeartRateBpm><Value>157</Value></HeartRateBpm>
            <Cadence>167</Cadence>
          </Trackpoint>
          <Trackpoint>
            <Time>2026-03-08T13:51:10.000Z</Time>
            <Position>
              <LatitudeDegrees>37.3598103</LatitudeDegrees>
              <LongitudeDegrees>-121.8590762</LongitudeDegrees>
            </Position>
            <AltitudeMeters>23.1</AltitudeMeters>
            <DistanceMeters>3395.72</DistanceMeters>
            <HeartRateBpm><Value>157</Value></HeartRateBpm>
            <Cadence>167</Cadence>
          </Trackpoint>
          <Trackpoint>
            <Time>2026-03-08T13:51:15.000Z</Time>
            <Position>
              <LatitudeDegrees>37.3598953</LatitudeDegrees>
              <LongitudeDegrees>-121.8589690</LongitudeDegrees>
            </Position>
            <AltitudeMeters>23.1</AltitudeMeters>
            <DistanceMeters>3409.09</DistanceMeters>
            <HeartRateBpm><Value>157</Value></HeartRateBpm>
            <Cadence>167</Cadence>
          </Trackpoint>
          <Trackpoint>
            <Time>2026-03-08T13:51:20.000Z</Time>
            <Position>
              <LatitudeDegrees>37.3599804</LatitudeDegrees>
              <LongitudeDegrees>-121.8588619</LongitudeDegrees>
            </Position>
            <AltitudeMeters>23.1</AltitudeMeters>
            <DistanceMeters>3422.46</DistanceMeters>
            <HeartRateBpm><Value>157</Value></HeartRateBpm>
            <Cadence>167</Cadence>
          </Trackpoint>
          <Trackpoint>
            <Time>2026-03-08T13:51:25.000Z</Time>
            <Position>
              <LatitudeDegrees>37.3600655</LatitudeDegrees>
              <LongitudeDegrees>-121.8587547</LongitudeDegrees>
            </Position>
            <AltitudeMeters>23</AltitudeMeters>
            <DistanceMeters>3435.83</DistanceMeters>
            <HeartRateBpm><Value>157</Value></HeartRateBpm>
            <Cadence>167</Cadence>
          </Trackpoint>
          <Trackpoint>
            <Time>2026-03-08T13:51:30.000Z</Time>
            <Position>
              <LatitudeDegrees>37.3601506</LatitudeDegrees>
              <LongitudeDegrees>-121.8586475</LongitudeDegrees>
            </Position>
            <AltitudeMeters>23</AltitudeMeters>
            <DistanceMeters>3449.20</DistanceMeters>
            <HeartRateBpm><Value>157</Value></HeartRateBpm>
            <Cadence>167</Cadence>
          </Trackpoint>
          <Trackpoint>
            <Time>2026-03-08T13:51:35.000Z</Time>
            <Position>
              <LatitudeDegrees>37.3602357</LatitudeDegrees>
              <LongitudeDegrees>-121.8585403</LongitudeDegrees>
            </Position>
            <AltitudeMeters>23</AltitudeMeters>
            <DistanceMeters>3462.57</DistanceMeters>
            <HeartRateBpm><Value>157</Value></HeartRateBpm>
            <Cadence>167</Cadence>
          </Trackpoint>
          <Trackpoint>
            <Time>2026-03-08T13:51:40.000Z</Time>
            <Position>
              <LatitudeDegrees>37.3603207</LatitudeDegrees>
              <LongitudeDegrees>-121.8584331</LongitudeDegrees>
            </Position>
            <AltitudeMeters>23</AltitudeMeters>
            <DistanceMeters>3475.94</DistanceMeters>
            <HeartRateBpm><Value>157</Value></HeartRateBpm>
            <Cadence>167</Cadence>
          </Trackpoint>
          <Trackpoint>
            <Time>2026-03-08T13:51:45.000Z</Time>
            <Position>
              <LatitudeDegrees>37.3604058</LatitudeDegrees>
              <LongitudeDegrees>-121.8583260</LongitudeDegrees>
            </Position>
            <AltitudeMeters>23</AltitudeMeters>
            <DistanceMeters>3489.30</DistanceMeters>
            <HeartRateBpm><Value>157</Value></HeartRateBpm>
            <Cadence>167</Cadence>
          </Trackpoint>
          <Trackpoint>
            <Time>2026-03-08T13:51:50.000Z</Time>
            <Position>
              <LatitudeDegrees>37.3604909</LatitudeDegrees>
              <LongitudeDegrees>-121.8582188</LongitudeDegrees>
            </Position>
            <AltitudeMeters>23</AltitudeMeters>
            <DistanceMeters>3502.67</DistanceMeters>
            <HeartRateBpm><Value>157</Value></HeartRateBpm>
            <Cadence>167</Cadence>
          </Trackpoint>
          <Trackpoint>
            <Time>2026-03-08T13:51:55.000Z</Time>
            <Position>
              <LatitudeDegrees>37.3605760</LatitudeDegrees>
              <LongitudeDegrees>-121.8581116</LongitudeDegrees>
            </Position>
            <AltitudeMeters>23</AltitudeMeters>
            <DistanceMeters>3516.04</DistanceMeters>
            <HeartRateBpm><Value>157</Value></HeartRateBpm>
            <Cadence>167</Cadence>
          </Trackpoint>
          <Trackpoint>
            <Time>2026-03-08T13:52:00.000Z</Time>
            <Position>
              <LatitudeDegrees>37.3606611</LatitudeDegrees>
              <LongitudeDegrees>-121.8580044</LongitudeDegrees>
            </Position>
            <AltitudeMeters>23</AltitudeMeters>
            <DistanceMeters>3529.41</DistanceMeters>
            <HeartRateBpm><Value>157</Value></HeartRateBpm>
            <Cadence>167</Cadence>
          </Trackpoint>
          <Trackpoint>
            <Time>2026-03-08T13:52:05.000Z</Time>
            <Position>
              <LatitudeDegrees>37.3607461</LatitudeDegrees>
              <LongitudeDegrees>-121.8578972</LongitudeDegrees>
            </Position>
            <AltitudeMeters>23</AltitudeMeters>
            <DistanceMeters>3542.78</DistanceMeters>
            <HeartRateBpm><Value>157</Value></HeartRateBpm>
            <Cadence>167</Cadence>
          </Trackpoint>
          <Trackpoint>
            <Time>2026-03-08T13:52:10.000Z</Time>
            <Position>
              <LatitudeDegrees>37.3608312</LatitudeDegrees>
              <LongitudeDegrees>-121.8577900</LongitudeDegrees>
            </Position>
            <AltitudeMeters>23</AltitudeMeters>
            <DistanceMeters>3556.15</DistanceMeters>
            <HeartRateBpm><Value>157</Value></HeartRateBpm>
            <Cadence>167</Cadence>
          </Trackpoint>
          <Trackpoint>
            <Time>2026-03-08T13:52:15.000Z</Time>
            <Position>
              <LatitudeDegrees>37.3609163</LatitudeDegrees>
              <LongitudeDegrees>-121.8576829</LongitudeDegrees>
            </Position>
            <AltitudeMeters>23</AltitudeMeters>
            <DistanceMeters>3569.52</DistanceMeters>
            <HeartRateBpm><Value>157</Value></HeartRateBpm>
            <Cadence>167</Cadence>
          </Trackpoint>
          <Trackpoint>
            <Time>2026-03-08T13:52:20.000Z</Time>
            <Position>
              <LatitudeDegrees>37.3610014</LatitudeDegrees>
              <LongitudeDegrees>-121.8575757</LongitudeDegrees>
            </Position>
            <AltitudeMeters>23.1</AltitudeMeters>
            <DistanceMeters>3582.89</DistanceMeters>
            <HeartRateBpm><Value>157</Value></HeartRateBpm>
            <Cadence>167</Cadence>
          </Trackpoint>
          <Trackpoint>
            <Time>2026-03-08T13:52:25.000Z</Time>
            <Position>
              <LatitudeDegrees>37.3610865</LatitudeDegrees>
              <LongitudeDegrees>-121.8574685</LongitudeDegrees>
            </Position>
            <AltitudeMeters>23.1</AltitudeMeters>
            <DistanceMeters>3596.26</DistanceMeters>
            <HeartRateBpm><Value>157</Value></HeartRateBpm>
            <Cadence>167</Cadence>
          </Trackpoint>
          <Trackpoint>
            <Time>2026-03-08T13:52:30.000Z</Time>
            <Position>
              <LatitudeDegrees>37.3611715</LatitudeDegrees>
              <LongitudeDegrees>-121.8573613</LongitudeDegrees>
            </Position>
            <AltitudeMeters>23.1</AltitudeMeters>
            <DistanceMeters>3609.63</DistanceMeters>
            <HeartRateBpm><Value>157</Value></HeartRateBpm>
            <Cadence>167</Cadence>
          </Trackpoint>
          <Trackpoint>
            <Time>2026-03-08T13:52:35.000Z</Time>
            <Position>
              <LatitudeDegrees>37.3612566</LatitudeDegrees>
              <LongitudeDegrees>-121.8572541</LongitudeDegrees>
            </Position>
            <AltitudeMeters>23.1</AltitudeMeters>
            <DistanceMeters>3622.99</DistanceMeters>
            <HeartRateBpm><Value>157</Value></HeartRateBpm>
            <Cadence>167</Cadence>
          </Trackpoint>
          <Trackpoint>
            <Time>2026-03-08T13:52:40.000Z</Time>
            <Position>
              <LatitudeDegrees>37.3613417</LatitudeDegrees>
              <LongitudeDegrees>-121.8571470</LongitudeDegrees>
            </Position>
            <AltitudeMeters>23.2</AltitudeMeters>
            <DistanceMeters>3636.36</DistanceMeters>
            <HeartRateBpm><Value>157</Value></HeartRateBpm>
            <Cadence>167</Cadence>
          </Trackpoint>
          <Trackpoint>
            <Time>2026-03-08T13:52:45.000Z</Time>
            <Position>
              <LatitudeDegrees>37.3614268</LatitudeDegrees>
              <LongitudeDegrees>-121.8570398</LongitudeDegrees>
            </Position>
            <AltitudeMeters>23.2</AltitudeMeters>
            <DistanceMeters>3649.73</DistanceMeters>
            <HeartRateBpm><Value>157</Value></HeartRateBpm>
            <Cadence>167</Cadence>
          </Trackpoint>
          <Trackpoint>
            <Time>2026-03-08T13:52:50.000Z</Time>
            <Position>
              <LatitudeDegrees>37.3615119</LatitudeDegrees>
              <LongitudeDegrees>-121.8569326</LongitudeDegrees>
            </Position>
            <AltitudeMeters>23.3</AltitudeMeters>
            <DistanceMeters>3663.10</DistanceMeters>
            <HeartRateBpm><Value>157</Value></HeartRateBpm>
            <Cadence>167</Cadence>
          </Trackpoint>
          <Trackpoint>
            <Time>2026-03-08T13:52:55.000Z</Time>
            <Position>
              <LatitudeDegrees>37.3615969</LatitudeDegrees>
              <LongitudeDegrees>-121.8568254</LongitudeDegrees>
            </Position>
            <AltitudeMeters>23.3</AltitudeMeters>
            <DistanceMeters>3676.47</DistanceMeters>
            <HeartRateBpm><Value>157</Value></HeartRateBpm>
            <Cadence>167</Cadence>
          </Trackpoint>
          <Trackpoint>
            <Time>2026-03-08T13:53:00.000Z</Time>
            <Position>
              <LatitudeDegrees>37.3616820</LatitudeDegrees>
              <LongitudeDegrees>-121.8567182</LongitudeDegrees>
            </Position>
            <AltitudeMeters>23.3</AltitudeMeters>
            <DistanceMeters>3689.84</DistanceMeters>
            <HeartRateBpm><Value>157</Value></HeartRateBpm>
            <Cadence>167</Cadence>
          </Trackpoint>
          <Trackpoint>
            <Time>2026-03-08T13:53:05.000Z</Time>
            <Position>
              <LatitudeDegrees>37.3617671</LatitudeDegrees>
              <LongitudeDegrees>-121.8566111</LongitudeDegrees>
            </Position>
            <AltitudeMeters>23.4</AltitudeMeters>
            <DistanceMeters>3703.21</DistanceMeters>
            <HeartRateBpm><Value>157</Value></HeartRateBpm>
            <Cadence>167</Cadence>
          </Trackpoint>
          <Trackpoint>
            <Time>2026-03-08T13:53:10.000Z</Time>
            <Position>
              <LatitudeDegrees>37.3618522</LatitudeDegrees>
              <LongitudeDegrees>-121.8565039</LongitudeDegrees>
            </Position>
            <AltitudeMeters>23.4</AltitudeMeters>
            <DistanceMeters>3716.58</DistanceMeters>
            <HeartRateBpm><Value>157</Value></HeartRateBpm>
            <Cadence>167</Cadence>
          </Trackpoint>
          <Trackpoint>
            <Time>2026-03-08T13:53:15.000Z</Time>
            <Position>
              <LatitudeDegrees>37.3619373</LatitudeDegrees>
              <LongitudeDegrees>-121.8563967</LongitudeDegrees>
            </Position>
            <AltitudeMeters>23.5</AltitudeMeters>
            <DistanceMeters>3729.95</DistanceMeters>
            <HeartRateBpm><Value>157</Value></HeartRateBpm>
            <Cadence>167</Cadence>
          </Trackpoint>
          <Trackpoint>
            <Time>2026-03-08T13:53:20.000Z</Time>
            <Position>
              <LatitudeDegrees>37.3620223</LatitudeDegrees>
              <LongitudeDegrees>-121.8562895</LongitudeDegrees>
            </Position>
            <AltitudeMeters>23.6</AltitudeMeters>
            <DistanceMeters>3743.32</DistanceMeters>
            <HeartRateBpm><Value>157</Value></HeartRateBpm>
            <Cadence>167</Cadence>
          </Trackpoint>
          <Trackpoint>
            <Time>2026-03-08T13:53:25.000Z</Time>
            <Position>
              <LatitudeDegrees>37.3621074</LatitudeDegrees>
              <LongitudeDegrees>-121.8561823</LongitudeDegrees>
            </Position>
            <AltitudeMeters>23.6</AltitudeMeters>
            <DistanceMeters>3756.68</DistanceMeters>
            <HeartRateBpm><Value>157</Value></HeartRateBpm>
            <Cadence>167</Cadence>
          </Trackpoint>
          <Trackpoint>
            <Time>2026-03-08T13:53:30.000Z</Time>
            <Position>
              <LatitudeDegrees>37.3621925</LatitudeDegrees>
              <LongitudeDegrees>-121.8560752</LongitudeDegrees>
            </Position>
            <AltitudeMeters>23.7</AltitudeMeters>
            <DistanceMeters>3770.05</DistanceMeters>
            <HeartRateBpm><Value>157</Value></HeartRateBpm>
            <Cadence>167</Cadence>
          </Trackpoint>
          <Trackpoint>
            <Time>2026-03-08T13:53:35.000Z</Time>
            <Position>
              <LatitudeDegrees>37.3622776</LatitudeDegrees>
              <LongitudeDegrees>-121.8559680</LongitudeDegrees>
            </Position>
            <AltitudeMeters>23.7</AltitudeMeters>
            <DistanceMeters>3783.42</DistanceMeters>
            <HeartRateBpm><Value>157</Value></HeartRateBpm>
            <Cadence>167</Cadence>
          </Trackpoint>
          <Trackpoint>
            <Time>2026-03-08T13:53:40.000Z</Time>
            <Position>
              <LatitudeDegrees>37.3623627</LatitudeDegrees>
              <LongitudeDegrees>-121.8558608</LongitudeDegrees>
            </Position>
            <AltitudeMeters>23.8</AltitudeMeters>
            <DistanceMeters>3796.79</DistanceMeters>
            <HeartRateBpm><Value>157</Value></HeartRateBpm>
            <Cadence>167</Cadence>
          </Trackpoint>
          <Trackpoint>
            <Time>2026-03-08T13:53:45.000Z</Time>
            <Position>
              <LatitudeDegrees>37.3624477</LatitudeDegrees>
              <LongitudeDegrees>-121.8557536</LongitudeDegrees>
            </Position>
            <AltitudeMeters>23.9</AltitudeMeters>
            <DistanceMeters>3810.16</DistanceMeters>
            <HeartRateBpm><Value>157</Value></HeartRateBpm>
            <Cadence>167</Cadence>
          </Trackpoint>
          <Trackpoint>
            <Time>2026-03-08T13:53:50.000Z</Time>
            <Position>
              <LatitudeDegrees>37.3625328</LatitudeDegrees>
              <LongitudeDegrees>-121.8556464</LongitudeDegrees>
            </Position>
            <AltitudeMeters>23.9</AltitudeMeters>
            <DistanceMeters>3823.53</DistanceMeters>
            <HeartRateBpm><Value>157</Value></HeartRateBpm>
            <Cadence>167</Cadence>
          </Trackpoint>
          <Trackpoint>
            <Time>2026-03-08T13:53:55.000Z</Time>
            <Position>
              <LatitudeDegrees>37.3626179</LatitudeDegrees>
              <LongitudeDegrees>-121.8555393</LongitudeDegrees>
            </Position>
            <AltitudeMeters>24</AltitudeMeters>
            <DistanceMeters>3836.90</DistanceMeters>
            <HeartRateBpm><Value>157</Value></HeartRateBpm>
            <Cadence>167</Cadence>
          </Trackpoint>
          <Trackpoint>
            <Time>2026-03-08T13:54:00.000Z</Time>
            <Position>
              <LatitudeDegrees>37.3627030</LatitudeDegrees>
              <LongitudeDegrees>-121.8554321</LongitudeDegrees>
            </Position>
            <AltitudeMeters>24.1</AltitudeMeters>
            <DistanceMeters>3850.27</DistanceMeters>
            <HeartRateBpm><Value>157</Value></HeartRateBpm>
            <Cadence>167</Cadence>
          </Trackpoint>
          <Trackpoint>
            <Time>2026-03-08T13:54:05.000Z</Time>
            <Position>
              <LatitudeDegrees>37.3627881</LatitudeDegrees>
              <LongitudeDegrees>-121.8553249</LongitudeDegrees>
            </Position>
            <AltitudeMeters>24.2</AltitudeMeters>
            <DistanceMeters>3863.64</DistanceMeters>
            <HeartRateBpm><Value>157</Value></HeartRateBpm>
            <Cadence>167</Cadence>
          </Trackpoint>
          <Trackpoint>
            <Time>2026-03-08T13:54:10.000Z</Time>
            <Position>
              <LatitudeDegrees>37.3628731</LatitudeDegrees>
              <LongitudeDegrees>-121.8552177</LongitudeDegrees>
            </Position>
            <AltitudeMeters>24.2</AltitudeMeters>
            <DistanceMeters>3877.01</DistanceMeters>
            <HeartRateBpm><Value>157</Value></HeartRateBpm>
            <Cadence>167</Cadence>
          </Trackpoint>
          <Trackpoint>
            <Time>2026-03-08T13:54:15.000Z</Time>
            <Position>
              <LatitudeDegrees>37.3629582</LatitudeDegrees>
              <LongitudeDegrees>-121.8551105</LongitudeDegrees>
            </Position>
            <AltitudeMeters>24.3</AltitudeMeters>
            <DistanceMeters>3890.37</DistanceMeters>
            <HeartRateBpm><Value>157</Value></HeartRateBpm>
            <Cadence>167</Cadence>
          </Trackpoint>
          <Trackpoint>
            <Time>2026-03-08T13:54:20.000Z</Time>
            <Position>
              <LatitudeDegrees>37.3630433</LatitudeDegrees>
              <LongitudeDegrees>-121.8550034</LongitudeDegrees>
            </Position>
            <AltitudeMeters>24.4</AltitudeMeters>
            <DistanceMeters>3903.74</DistanceMeters>
            <HeartRateBpm><Value>157</Value></HeartRateBpm>
            <Cadence>167</Cadence>
          </Trackpoint>
          <Trackpoint>
            <Time>2026-03-08T13:54:25.000Z</Time>
            <Position>
              <LatitudeDegrees>37.3631284</LatitudeDegrees>
              <LongitudeDegrees>-121.8548962</LongitudeDegrees>
            </Position>
            <AltitudeMeters>24.5</AltitudeMeters>
            <DistanceMeters>3917.11</DistanceMeters>
            <HeartRateBpm><Value>157</Value></HeartRateBpm>
            <Cadence>167</Cadence>
          </Trackpoint>
          <Trackpoint>
            <Time>2026-03-08T13:54:30.000Z</Time>
            <Position>
              <LatitudeDegrees>37.3632135</LatitudeDegrees>
              <LongitudeDegrees>-121.8547890</LongitudeDegrees>
            </Position>
            <AltitudeMeters>24.6</AltitudeMeters>
            <DistanceMeters>3930.48</DistanceMeters>
            <HeartRateBpm><Value>157</Value></HeartRateBpm>
            <Cadence>167</Cadence>
          </Trackpoint>
          <Trackpoint>
            <Time>2026-03-08T13:54:35.000Z</Time>
            <Position>
              <LatitudeDegrees>37.3632985</LatitudeDegrees>
              <LongitudeDegrees>-121.8546818</LongitudeDegrees>
            </Position>
            <AltitudeMeters>24.6</AltitudeMeters>
            <DistanceMeters>3943.85</DistanceMeters>
            <HeartRateBpm><Value>157</Value></HeartRateBpm>
            <Cadence>167</Cadence>
          </Trackpoint>
          <Trackpoint>
            <Time>2026-03-08T13:54:40.000Z</Time>
            <Position>
              <LatitudeDegrees>37.3633836</LatitudeDegrees>
              <LongitudeDegrees>-121.8545746</LongitudeDegrees>
            </Position>
            <AltitudeMeters>24.7</AltitudeMeters>
            <DistanceMeters>3957.22</DistanceMeters>
            <HeartRateBpm><Value>157</Value></HeartRateBpm>
            <Cadence>167</Cadence>
          </Trackpoint>
          <Trackpoint>
            <Time>2026-03-08T13:54:45.000Z</Time>
            <Position>
              <LatitudeDegrees>37.3634687</LatitudeDegrees>
              <LongitudeDegrees>-121.8544675</LongitudeDegrees>
            </Position>
            <AltitudeMeters>24.8</AltitudeMeters>
            <DistanceMeters>3970.59</DistanceMeters>
            <HeartRateBpm><Value>157</Value></HeartRateBpm>
            <Cadence>167</Cadence>
          </Trackpoint>
          <Trackpoint>
            <Time>2026-03-08T13:54:50.000Z</Time>
            <Position>
              <LatitudeDegrees>37.3635538</LatitudeDegrees>
              <LongitudeDegrees>-121.8543603</LongitudeDegrees>
            </Position>
            <AltitudeMeters>24.9</AltitudeMeters>
            <DistanceMeters>3983.96</DistanceMeters>
            <HeartRateBpm><Value>157</Value></HeartRateBpm>
            <Cadence>167</Cadence>
          </Trackpoint>
          <Trackpoint>
            <Time>2026-03-08T13:54:55.000Z</Time>
            <Position>
              <LatitudeDegrees>37.3636389</LatitudeDegrees>
              <LongitudeDegrees>-121.8542531</LongitudeDegrees>
            </Position>
            <AltitudeMeters>25</AltitudeMeters>
            <DistanceMeters>3997.33</DistanceMeters>
            <HeartRateBpm><Value>157</Value></HeartRateBpm>
            <Cadence>167</Cadence>
          </Trackpoint>
          <Trackpoint>
            <Time>2026-03-08T13:55:00.000Z</Time>
            <Position>
              <LatitudeDegrees>37.3635878</LatitudeDegrees>
              <LongitudeDegrees>-121.8543174</LongitudeDegrees>
            </Position>
            <AltitudeMeters>25.1</AltitudeMeters>
            <DistanceMeters>4010.70</DistanceMeters>
            <HeartRateBpm><Value>157</Value></HeartRateBpm>
            <Cadence>167</Cadence>
          </Trackpoint>
          <Trackpoint>
            <Time>2026-03-08T13:55:05.000Z</Time>
            <Position>
              <LatitudeDegrees>37.3635027</LatitudeDegrees>
              <LongitudeDegrees>-121.8544246</LongitudeDegrees>
            </Position>
            <AltitudeMeters>25.2</AltitudeMeters>
            <DistanceMeters>4024.06</DistanceMeters>
            <HeartRateBpm><Value>157</Value></HeartRateBpm>
            <Cadence>167</Cadence>
          </Trackpoint>
          <Trackpoint>
            <Time>2026-03-08T13:55:10.000Z</Time>
            <Position>
              <LatitudeDegrees>37.3634176</LatitudeDegrees>
              <LongitudeDegrees>-121.8545318</LongitudeDegrees>
            </Position>
            <AltitudeMeters>25.2</AltitudeMeters>
            <DistanceMeters>4037.43</DistanceMeters>
            <HeartRateBpm><Value>157</Value></HeartRateBpm>
            <Cadence>167</Cadence>
          </Trackpoint>
          <Trackpoint>
            <Time>2026-03-08T13:55:15.000Z</Time>
            <Position>
              <LatitudeDegrees>37.3633326</LatitudeDegrees>
              <LongitudeDegrees>-121.8546390</LongitudeDegrees>
            </Position>
            <AltitudeMeters>25.3</AltitudeMeters>
            <DistanceMeters>4050.80</DistanceMeters>
            <HeartRateBpm><Value>157</Value></HeartRateBpm>
            <Cadence>167</Cadence>
          </Trackpoint>
          <Trackpoint>
            <Time>2026-03-08T13:55:20.000Z</Time>
            <Position>
              <LatitudeDegrees>37.3632475</LatitudeDegrees>
              <LongitudeDegrees>-121.8547461</LongitudeDegrees>
            </Position>
            <AltitudeMeters>25.4</AltitudeMeters>
            <DistanceMeters>4064.17</DistanceMeters>
            <HeartRateBpm><Value>157</Value></HeartRateBpm>
            <Cadence>167</Cadence>
          </Trackpoint>
          <Trackpoint>
            <Time>2026-03-08T13:55:25.000Z</Time>
            <Position>
              <LatitudeDegrees>37.3631624</LatitudeDegrees>
              <LongitudeDegrees>-121.8548533</LongitudeDegrees>
            </Position>
            <AltitudeMeters>25.5</AltitudeMeters>
            <DistanceMeters>4077.54</DistanceMeters>
            <HeartRateBpm><Value>157</Value></HeartRateBpm>
            <Cadence>167</Cadence>
          </Trackpoint>
          <Trackpoint>
            <Time>2026-03-08T13:55:30.000Z</Time>
            <Position>
              <LatitudeDegrees>37.3630773</LatitudeDegrees>
              <LongitudeDegrees>-121.8549605</LongitudeDegrees>
            </Position>
            <AltitudeMeters>25.6</AltitudeMeters>
            <DistanceMeters>4090.91</DistanceMeters>
            <HeartRateBpm><Value>157</Value></HeartRateBpm>
            <Cadence>167</Cadence>
          </Trackpoint>
          <Trackpoint>
            <Time>2026-03-08T13:55:35.000Z</Time>
            <Position>
              <LatitudeDegrees>37.3629922</LatitudeDegrees>
              <LongitudeDegrees>-121.8550677</LongitudeDegrees>
            </Position>
            <AltitudeMeters>25.6</AltitudeMeters>
            <DistanceMeters>4104.28</DistanceMeters>
            <HeartRateBpm><Value>157</Value></HeartRateBpm>
            <Cadence>167</Cadence>
          </Trackpoint>
          <Trackpoint>
            <Time>2026-03-08T13:55:40.000Z</Time>
            <Position>
              <LatitudeDegrees>37.3629072</LatitudeDegrees>
              <LongitudeDegrees>-121.8551749</LongitudeDegrees>
            </Position>
            <AltitudeMeters>25.7</AltitudeMeters>
            <DistanceMeters>4117.65</DistanceMeters>
            <HeartRateBpm><Value>157</Value></HeartRateBpm>
            <Cadence>167</Cadence>
          </Trackpoint>
          <Trackpoint>
            <Time>2026-03-08T13:55:45.000Z</Time>
            <Position>
              <LatitudeDegrees>37.3628221</LatitudeDegrees>
              <LongitudeDegrees>-121.8552820</LongitudeDegrees>
            </Position>
            <AltitudeMeters>25.8</AltitudeMeters>
            <DistanceMeters>4131.02</DistanceMeters>
            <HeartRateBpm><Value>157</Value></HeartRateBpm>
            <Cadence>167</Cadence>
          </Trackpoint>
          <Trackpoint>
            <Time>2026-03-08T13:55:50.000Z</Time>
            <Position>
              <LatitudeDegrees>37.3627370</LatitudeDegrees>
              <LongitudeDegrees>-121.8553892</LongitudeDegrees>
            </Position>
            <AltitudeMeters>25.9</AltitudeMeters>
            <DistanceMeters>4144.39</DistanceMeters>
            <HeartRateBpm><Value>157</Value></HeartRateBpm>
            <Cadence>167</Cadence>
          </Trackpoint>
          <Trackpoint>
            <Time>2026-03-08T13:55:55.000Z</Time>
            <Position>
              <LatitudeDegrees>37.3626519</LatitudeDegrees>
              <LongitudeDegrees>-121.8554964</LongitudeDegrees>
            </Position>
            <AltitudeMeters>26</AltitudeMeters>
            <DistanceMeters>4157.75</DistanceMeters>
            <HeartRateBpm><Value>157</Value></HeartRateBpm>
            <Cadence>167</Cadence>
          </Trackpoint>
          <Trackpoint>
            <Time>2026-03-08T13:56:00.000Z</Time>
            <Position>
              <LatitudeDegrees>37.3625668</LatitudeDegrees>
              <LongitudeDegrees>-121.8556036</LongitudeDegrees>
            </Position>
            <AltitudeMeters>26</AltitudeMeters>
            <DistanceMeters>4171.12</DistanceMeters>
            <HeartRateBpm><Value>157</Value></HeartRateBpm>
            <Cadence>167</Cadence>
          </Trackpoint>
          <Trackpoint>
            <Time>2026-03-08T13:56:05.000Z</Time>
            <Position>
              <LatitudeDegrees>37.3624818</LatitudeDegrees>
              <LongitudeDegrees>-121.8557108</LongitudeDegrees>
            </Position>
            <AltitudeMeters>26.1</AltitudeMeters>
            <DistanceMeters>4184.49</DistanceMeters>
            <HeartRateBpm><Value>157</Value></HeartRateBpm>
            <Cadence>167</Cadence>
          </Trackpoint>
          <Trackpoint>
            <Time>2026-03-08T13:56:10.000Z</Time>
            <Position>
              <LatitudeDegrees>37.3623967</LatitudeDegrees>
              <LongitudeDegrees>-121.8558179</LongitudeDegrees>
            </Position>
            <AltitudeMeters>26.2</AltitudeMeters>
            <DistanceMeters>4197.86</DistanceMeters>
            <HeartRateBpm><Value>157</Value></HeartRateBpm>
            <Cadence>167</Cadence>
          </Trackpoint>
          <Trackpoint>
            <Time>2026-03-08T13:56:15.000Z</Time>
            <Position>
              <LatitudeDegrees>37.3623116</LatitudeDegrees>
              <LongitudeDegrees>-121.8559251</LongitudeDegrees>
            </Position>
            <AltitudeMeters>26.2</AltitudeMeters>
            <DistanceMeters>4211.23</DistanceMeters>
            <HeartRateBpm><Value>157</Value></HeartRateBpm>
            <Cadence>167</Cadence>
          </Trackpoint>
          <Trackpoint>
            <Time>2026-03-08T13:56:20.000Z</Time>
            <Position>
              <LatitudeDegrees>37.3622265</LatitudeDegrees>
              <LongitudeDegrees>-121.8560323</LongitudeDegrees>
            </Position>
            <AltitudeMeters>26.3</AltitudeMeters>
            <DistanceMeters>4224.60</DistanceMeters>
            <HeartRateBpm><Value>157</Value></HeartRateBpm>
            <Cadence>167</Cadence>
          </Trackpoint>
          <Trackpoint>
            <Time>2026-03-08T13:56:25.000Z</Time>
            <Position>
              <LatitudeDegrees>37.3621414</LatitudeDegrees>
              <LongitudeDegrees>-121.8561395</LongitudeDegrees>
            </Position>
            <AltitudeMeters>26.4</AltitudeMeters>
            <DistanceMeters>4237.97</DistanceMeters>
            <HeartRateBpm><Value>157</Value></HeartRateBpm>
            <Cadence>167</Cadence>
          </Trackpoint>
          <Trackpoint>
            <Time>2026-03-08T13:56:30.000Z</Time>
            <Position>
              <LatitudeDegrees>37.3620564</LatitudeDegrees>
              <LongitudeDegrees>-121.8562467</LongitudeDegrees>
            </Position>
            <AltitudeMeters>26.4</AltitudeMeters>
            <DistanceMeters>4251.34</DistanceMeters>
            <HeartRateBpm><Value>157</Value></HeartRateBpm>
            <Cadence>167</Cadence>
          </Trackpoint>
          <Trackpoint>
            <Time>2026-03-08T13:56:35.000Z</Time>
            <Position>
              <LatitudeDegrees>37.3619713</LatitudeDegrees>
              <LongitudeDegrees>-121.8563538</LongitudeDegrees>
            </Position>
            <AltitudeMeters>26.5</AltitudeMeters>
            <DistanceMeters>4264.71</DistanceMeters>
            <HeartRateBpm><Value>157</Value></HeartRateBpm>
            <Cadence>167</Cadence>
          </Trackpoint>
          <Trackpoint>
            <Time>2026-03-08T13:56:40.000Z</Time>
            <Position>
              <LatitudeDegrees>37.3618862</LatitudeDegrees>
              <LongitudeDegrees>-121.8564610</LongitudeDegrees>
            </Position>
            <AltitudeMeters>26.5</AltitudeMeters>
            <DistanceMeters>4278.07</DistanceMeters>
            <HeartRateBpm><Value>157</Value></HeartRateBpm>
            <Cadence>167</Cadence>
          </Trackpoint>
          <Trackpoint>
            <Time>2026-03-08T13:56:45.000Z</Time>
            <Position>
              <LatitudeDegrees>37.3618011</LatitudeDegrees>
              <LongitudeDegrees>-121.8565682</LongitudeDegrees>
            </Position>
            <AltitudeMeters>26.6</AltitudeMeters>
            <DistanceMeters>4291.44</DistanceMeters>
            <HeartRateBpm><Value>157</Value></HeartRateBpm>
            <Cadence>167</Cadence>
          </Trackpoint>
          <Trackpoint>
            <Time>2026-03-08T13:56:50.000Z</Time>
            <Position>
              <LatitudeDegrees>37.3617161</LatitudeDegrees>
              <LongitudeDegrees>-121.8566754</LongitudeDegrees>
            </Position>
            <AltitudeMeters>26.6</AltitudeMeters>
            <DistanceMeters>4304.81</DistanceMeters>
            <HeartRateBpm><Value>157</Value></HeartRateBpm>
            <Cadence>167</Cadence>
          </Trackpoint>
          <Trackpoint>
            <Time>2026-03-08T13:56:55.000Z</Time>
            <Position>
              <LatitudeDegrees>37.3616310</LatitudeDegrees>
              <LongitudeDegrees>-121.8567826</LongitudeDegrees>
            </Position>
            <AltitudeMeters>26.7</AltitudeMeters>
            <DistanceMeters>4318.18</DistanceMeters>
            <HeartRateBpm><Value>157</Value></HeartRateBpm>
            <Cadence>167</Cadence>
          </Trackpoint>
          <Trackpoint>
            <Time>2026-03-08T13:57:00.000Z</Time>
            <Position>
              <LatitudeDegrees>37.3615459</LatitudeDegrees>
              <LongitudeDegrees>-121.8568897</LongitudeDegrees>
            </Position>
            <AltitudeMeters>26.7</AltitudeMeters>
            <DistanceMeters>4331.55</DistanceMeters>
            <HeartRateBpm><Value>157</Value></HeartRateBpm>
            <Cadence>167</Cadence>
          </Trackpoint>
          <Trackpoint>
            <Time>2026-03-08T13:57:05.000Z</Time>
            <Position>
              <LatitudeDegrees>37.3614608</LatitudeDegrees>
              <LongitudeDegrees>-121.8569969</LongitudeDegrees>
            </Position>
            <AltitudeMeters>26.8</AltitudeMeters>
            <DistanceMeters>4344.92</DistanceMeters>
            <HeartRateBpm><Value>157</Value></HeartRateBpm>
            <Cadence>167</Cadence>
          </Trackpoint>
          <Trackpoint>
            <Time>2026-03-08T13:57:10.000Z</Time>
            <Position>
              <LatitudeDegrees>37.3613757</LatitudeDegrees>
              <LongitudeDegrees>-121.8571041</LongitudeDegrees>
            </Position>
            <AltitudeMeters>26.8</AltitudeMeters>
            <DistanceMeters>4358.29</DistanceMeters>
            <HeartRateBpm><Value>157</Value></HeartRateBpm>
            <Cadence>167</Cadence>
          </Trackpoint>
          <Trackpoint>
            <Time>2026-03-08T13:57:15.000Z</Time>
            <Position>
              <LatitudeDegrees>37.3612907</LatitudeDegrees>
              <LongitudeDegrees>-121.8572113</LongitudeDegrees>
            </Position>
            <AltitudeMeters>26.8</AltitudeMeters>
            <DistanceMeters>4371.66</DistanceMeters>
            <HeartRateBpm><Value>157</Value></HeartRateBpm>
            <Cadence>167</Cadence>
          </Trackpoint>
          <Trackpoint>
            <Time>2026-03-08T13:57:20.000Z</Time>
            <Position>
              <LatitudeDegrees>37.3612056</LatitudeDegrees>
              <LongitudeDegrees>-121.8573185</LongitudeDegrees>
            </Position>
            <AltitudeMeters>26.9</AltitudeMeters>
            <DistanceMeters>4385.03</DistanceMeters>
            <HeartRateBpm><Value>157</Value></HeartRateBpm>
            <Cadence>167</Cadence>
          </Trackpoint>
          <Trackpoint>
            <Time>2026-03-08T13:57:25.000Z</Time>
            <Position>
              <LatitudeDegrees>37.3611205</LatitudeDegrees>
              <LongitudeDegrees>-121.8574256</LongitudeDegrees>
            </Position>
            <AltitudeMeters>26.9</AltitudeMeters>
            <DistanceMeters>4398.40</DistanceMeters>
            <HeartRateBpm><Value>157</Value></HeartRateBpm>
            <Cadence>167</Cadence>
          </Trackpoint>
          <Trackpoint>
            <Time>2026-03-08T13:57:30.000Z</Time>
            <Position>
              <LatitudeDegrees>37.3610354</LatitudeDegrees>
              <LongitudeDegrees>-121.8575328</LongitudeDegrees>
            </Position>
            <AltitudeMeters>26.9</AltitudeMeters>
            <DistanceMeters>4411.76</DistanceMeters>
            <HeartRateBpm><Value>157</Value></HeartRateBpm>
            <Cadence>167</Cadence>
          </Trackpoint>
          <Trackpoint>
            <Time>2026-03-08T13:57:35.000Z</Time>
            <Position>
              <LatitudeDegrees>37.3609503</LatitudeDegrees>
              <LongitudeDegrees>-121.8576400</LongitudeDegrees>
            </Position>
            <AltitudeMeters>26.9</AltitudeMeters>
            <DistanceMeters>4425.13</DistanceMeters>
            <HeartRateBpm><Value>157</Value></HeartRateBpm>
            <Cadence>167</Cadence>
          </Trackpoint>
          <Trackpoint>
            <Time>2026-03-08T13:57:40.000Z</Time>
            <Position>
              <LatitudeDegrees>37.3608653</LatitudeDegrees>
              <LongitudeDegrees>-121.8577472</LongitudeDegrees>
            </Position>
            <AltitudeMeters>27</AltitudeMeters>
            <DistanceMeters>4438.50</DistanceMeters>
            <HeartRateBpm><Value>157</Value></HeartRateBpm>
            <Cadence>167</Cadence>
          </Trackpoint>
          <Trackpoint>
            <Time>2026-03-08T13:57:45.000Z</Time>
            <Position>
              <LatitudeDegrees>37.3607802</LatitudeDegrees>
              <LongitudeDegrees>-121.8578544</LongitudeDegrees>
            </Position>
            <AltitudeMeters>27</AltitudeMeters>
            <DistanceMeters>4451.87</DistanceMeters>
            <HeartRateBpm><Value>157</Value></HeartRateBpm>
            <Cadence>167</Cadence>
          </Trackpoint>
          <Trackpoint>
            <Time>2026-03-08T13:57:50.000Z</Time>
            <Position>
              <LatitudeDegrees>37.3606951</LatitudeDegrees>
              <LongitudeDegrees>-121.8579615</LongitudeDegrees>
            </Position>
            <AltitudeMeters>27</AltitudeMeters>
            <DistanceMeters>4465.24</DistanceMeters>
            <HeartRateBpm><Value>157</Value></HeartRateBpm>
            <Cadence>167</Cadence>
          </Trackpoint>
          <Trackpoint>
            <Time>2026-03-08T13:57:55.000Z</Time>
            <Position>
              <LatitudeDegrees>37.3606100</LatitudeDegrees>
              <LongitudeDegrees>-121.8580687</LongitudeDegrees>
            </Position>
            <AltitudeMeters>27</AltitudeMeters>
            <DistanceMeters>4478.61</DistanceMeters>
            <HeartRateBpm><Value>157</Value></HeartRateBpm>
            <Cadence>167</Cadence>
          </Trackpoint>
          <Trackpoint>
            <Time>2026-03-08T13:58:00.000Z</Time>
            <Position>
              <LatitudeDegrees>37.3605249</LatitudeDegrees>
              <LongitudeDegrees>-121.8581759</LongitudeDegrees>
            </Position>
            <AltitudeMeters>27</AltitudeMeters>
            <DistanceMeters>4491.98</DistanceMeters>
            <HeartRateBpm><Value>157</Value></HeartRateBpm>
            <Cadence>167</Cadence>
          </Trackpoint>
          <Trackpoint>
            <Time>2026-03-08T13:58:05.000Z</Time>
            <Position>
              <LatitudeDegrees>37.3604399</LatitudeDegrees>
              <LongitudeDegrees>-121.8582831</LongitudeDegrees>
            </Position>
            <AltitudeMeters>27</AltitudeMeters>
            <DistanceMeters>4505.35</DistanceMeters>
            <HeartRateBpm><Value>157</Value></HeartRateBpm>
            <Cadence>167</Cadence>
          </Trackpoint>
          <Trackpoint>
            <Time>2026-03-08T13:58:10.000Z</Time>
            <Position>
              <LatitudeDegrees>37.3603548</LatitudeDegrees>
              <LongitudeDegrees>-121.8583903</LongitudeDegrees>
            </Position>
            <AltitudeMeters>27</AltitudeMeters>
            <DistanceMeters>4518.72</DistanceMeters>
            <HeartRateBpm><Value>157</Value></HeartRateBpm>
            <Cadence>167</Cadence>
          </Trackpoint>
          <Trackpoint>
            <Time>2026-03-08T13:58:15.000Z</Time>
            <Position>
              <LatitudeDegrees>37.3602697</LatitudeDegrees>
              <LongitudeDegrees>-121.8584974</LongitudeDegrees>
            </Position>
            <AltitudeMeters>27</AltitudeMeters>
            <DistanceMeters>4532.09</DistanceMeters>
            <HeartRateBpm><Value>157</Value></HeartRateBpm>
            <Cadence>167</Cadence>
          </Trackpoint>
          <Trackpoint>
            <Time>2026-03-08T13:58:20.000Z</Time>
            <Position>
              <LatitudeDegrees>37.3601846</LatitudeDegrees>
              <LongitudeDegrees>-121.8586046</LongitudeDegrees>
            </Position>
            <AltitudeMeters>27</AltitudeMeters>
            <DistanceMeters>4545.45</DistanceMeters>
            <HeartRateBpm><Value>157</Value></HeartRateBpm>
            <Cadence>167</Cadence>
          </Trackpoint>
          <Trackpoint>
            <Time>2026-03-08T13:58:25.000Z</Time>
            <Position>
              <LatitudeDegrees>37.3600995</LatitudeDegrees>
              <LongitudeDegrees>-121.8587118</LongitudeDegrees>
            </Position>
            <AltitudeMeters>27</AltitudeMeters>
            <DistanceMeters>4558.82</DistanceMeters>
            <HeartRateBpm><Value>157</Value></HeartRateBpm>
            <Cadence>167</Cadence>
          </Trackpoint>
          <Trackpoint>
            <Time>2026-03-08T13:58:30.000Z</Time>
            <Position>
              <LatitudeDegrees>37.3600145</LatitudeDegrees>
              <LongitudeDegrees>-121.8588190</LongitudeDegrees>
            </Position>
            <AltitudeMeters>26.9</AltitudeMeters>
            <DistanceMeters>4572.19</DistanceMeters>
            <HeartRateBpm><Value>157</Value></HeartRateBpm>
            <Cadence>167</Cadence>
          </Trackpoint>
          <Trackpoint>
            <Time>2026-03-08T13:58:35.000Z</Time>
            <Position>
              <LatitudeDegrees>37.3599294</LatitudeDegrees>
              <LongitudeDegrees>-121.8589262</LongitudeDegrees>
            </Position>
            <AltitudeMeters>26.9</AltitudeMeters>
            <DistanceMeters>4585.56</DistanceMeters>
            <HeartRateBpm><Value>157</Value></HeartRateBpm>
            <Cadence>167</Cadence>
          </Trackpoint>
          <Trackpoint>
            <Time>2026-03-08T13:58:40.000Z</Time>
            <Position>
              <LatitudeDegrees>37.3598443</LatitudeDegrees>
              <LongitudeDegrees>-121.8590333</LongitudeDegrees>
            </Position>
            <AltitudeMeters>26.9</AltitudeMeters>
            <DistanceMeters>4598.93</DistanceMeters>
            <HeartRateBpm><Value>157</Value></HeartRateBpm>
            <Cadence>167</Cadence>
          </Trackpoint>
          <Trackpoint>
            <Time>2026-03-08T13:58:45.000Z</Time>
            <Position>
              <LatitudeDegrees>37.3597592</LatitudeDegrees>
              <LongitudeDegrees>-121.8591405</LongitudeDegrees>
            </Position>
            <AltitudeMeters>26.9</AltitudeMeters>
            <DistanceMeters>4612.30</DistanceMeters>
            <HeartRateBpm><Value>157</Value></HeartRateBpm>
            <Cadence>167</Cadence>
          </Trackpoint>
          <Trackpoint>
            <Time>2026-03-08T13:58:50.000Z</Time>
            <Position>
              <LatitudeDegrees>37.3596741</LatitudeDegrees>
              <LongitudeDegrees>-121.8592477</LongitudeDegrees>
            </Position>
            <AltitudeMeters>26.8</AltitudeMeters>
            <DistanceMeters>4625.67</DistanceMeters>
            <HeartRateBpm><Value>157</Value></HeartRateBpm>
            <Cadence>167</Cadence>
          </Trackpoint>
          <Trackpoint>
            <Time>2026-03-08T13:58:55.000Z</Time>
            <Position>
              <LatitudeDegrees>37.3595891</LatitudeDegrees>
              <LongitudeDegrees>-121.8593549</LongitudeDegrees>
            </Position>
            <AltitudeMeters>26.8</AltitudeMeters>
            <DistanceMeters>4639.04</DistanceMeters>
            <HeartRateBpm><Value>157</Value></HeartRateBpm>
            <Cadence>167</Cadence>
          </Trackpoint>
          <Trackpoint>
            <Time>2026-03-08T13:59:00.000Z</Time>
            <Position>
              <LatitudeDegrees>37.3595040</LatitudeDegrees>
              <LongitudeDegrees>-121.8594621</LongitudeDegrees>
            </Position>
            <AltitudeMeters>26.8</AltitudeMeters>
            <DistanceMeters>4652.41</DistanceMeters>
            <HeartRateBpm><Value>157</Value></HeartRateBpm>
            <Cadence>167</Cadence>
          </Trackpoint>
          <Trackpoint>
            <Time>2026-03-08T13:59:05.000Z</Time>
            <Position>
              <LatitudeDegrees>37.3594189</LatitudeDegrees>
              <LongitudeDegrees>-121.8595692</LongitudeDegrees>
            </Position>
            <AltitudeMeters>26.7</AltitudeMeters>
            <DistanceMeters>4665.78</DistanceMeters>
            <HeartRateBpm><Value>157</Value></HeartRateBpm>
            <Cadence>167</Cadence>
          </Trackpoint>
          <Trackpoint>
            <Time>2026-03-08T13:59:10.000Z</Time>
            <Position>
              <LatitudeDegrees>37.3593338</LatitudeDegrees>
              <LongitudeDegrees>-121.8596764</LongitudeDegrees>
            </Position>
            <AltitudeMeters>26.7</AltitudeMeters>
            <DistanceMeters>4679.14</DistanceMeters>
            <HeartRateBpm><Value>157</Value></HeartRateBpm>
            <Cadence>167</Cadence>
          </Trackpoint>
          <Trackpoint>
            <Time>2026-03-08T13:59:15.000Z</Time>
            <Position>
              <LatitudeDegrees>37.3592487</LatitudeDegrees>
              <LongitudeDegrees>-121.8597836</LongitudeDegrees>
            </Position>
            <AltitudeMeters>26.6</AltitudeMeters>
            <DistanceMeters>4692.51</DistanceMeters>
            <HeartRateBpm><Value>157</Value></HeartRateBpm>
            <Cadence>167</Cadence>
          </Trackpoint>
          <Trackpoint>
            <Time>2026-03-08T13:59:20.000Z</Time>
            <Position>
              <LatitudeDegrees>37.3591637</LatitudeDegrees>
              <LongitudeDegrees>-121.8598908</LongitudeDegrees>
            </Position>
            <AltitudeMeters>26.6</AltitudeMeters>
            <DistanceMeters>4705.88</DistanceMeters>
            <HeartRateBpm><Value>157</Value></HeartRateBpm>
            <Cadence>167</Cadence>
          </Trackpoint>
          <Trackpoint>
            <Time>2026-03-08T13:59:25.000Z</Time>
            <Position>
              <LatitudeDegrees>37.3590786</LatitudeDegrees>
              <LongitudeDegrees>-121.8599980</LongitudeDegrees>
            </Position>
            <AltitudeMeters>26.5</AltitudeMeters>
            <DistanceMeters>4719.25</DistanceMeters>
            <HeartRateBpm><Value>157</Value></HeartRateBpm>
            <Cadence>167</Cadence>
          </Trackpoint>
          <Trackpoint>
            <Time>2026-03-08T13:59:30.000Z</Time>
            <Position>
              <LatitudeDegrees>37.3589935</LatitudeDegrees>
              <LongitudeDegrees>-121.8601051</LongitudeDegrees>
            </Position>
            <AltitudeMeters>26.5</AltitudeMeters>
            <DistanceMeters>4732.62</DistanceMeters>
            <HeartRateBpm><Value>157</Value></HeartRateBpm>
            <Cadence>167</Cadence>
          </Trackpoint>
          <Trackpoint>
            <Time>2026-03-08T13:59:35.000Z</Time>
            <Position>
              <LatitudeDegrees>37.3589084</LatitudeDegrees>
              <LongitudeDegrees>-121.8602123</LongitudeDegrees>
            </Position>
            <AltitudeMeters>26.4</AltitudeMeters>
            <DistanceMeters>4745.99</DistanceMeters>
            <HeartRateBpm><Value>157</Value></HeartRateBpm>
            <Cadence>167</Cadence>
          </Trackpoint>
          <Trackpoint>
            <Time>2026-03-08T13:59:40.000Z</Time>
            <Position>
              <LatitudeDegrees>37.3588233</LatitudeDegrees>
              <LongitudeDegrees>-121.8603195</LongitudeDegrees>
            </Position>
            <AltitudeMeters>26.4</AltitudeMeters>
            <DistanceMeters>4759.36</DistanceMeters>
            <HeartRateBpm><Value>157</Value></HeartRateBpm>
            <Cadence>167</Cadence>
          </Trackpoint>
          <Trackpoint>
            <Time>2026-03-08T13:59:45.000Z</Time>
            <Position>
              <LatitudeDegrees>37.3587383</LatitudeDegrees>
              <LongitudeDegrees>-121.8604267</LongitudeDegrees>
            </Position>
            <AltitudeMeters>26.3</AltitudeMeters>
            <DistanceMeters>4772.73</DistanceMeters>
            <HeartRateBpm><Value>157</Value></HeartRateBpm>
            <Cadence>167</Cadence>
          </Trackpoint>
          <Trackpoint>
            <Time>2026-03-08T13:59:50.000Z</Time>
            <Position>
              <LatitudeDegrees>37.3586532</LatitudeDegrees>
              <LongitudeDegrees>-121.8605339</LongitudeDegrees>
            </Position>
            <AltitudeMeters>26.2</AltitudeMeters>
            <DistanceMeters>4786.10</DistanceMeters>
            <HeartRateBpm><Value>157</Value></HeartRateBpm>
            <Cadence>167</Cadence>
          </Trackpoint>
          <Trackpoint>
            <Time>2026-03-08T13:59:55.000Z</Time>
            <Position>
              <LatitudeDegrees>37.3585681</LatitudeDegrees>
              <LongitudeDegrees>-121.8606410</LongitudeDegrees>
            </Position>
            <AltitudeMeters>26.2</AltitudeMeters>
            <DistanceMeters>4799.47</DistanceMeters>
            <HeartRateBpm><Value>157</Value></HeartRateBpm>
            <Cadence>167</Cadence>
          </Trackpoint>
          <Trackpoint>
            <Time>2026-03-08T14:00:00.000Z</Time>
            <Position>
              <LatitudeDegrees>37.3584830</LatitudeDegrees>
              <LongitudeDegrees>-121.8607482</LongitudeDegrees>
            </Position>
            <AltitudeMeters>26.1</AltitudeMeters>
            <DistanceMeters>4812.83</DistanceMeters>
            <HeartRateBpm><Value>157</Value></HeartRateBpm>
            <Cadence>167</Cadence>
          </Trackpoint>
          <Trackpoint>
            <Time>2026-03-08T14:00:05.000Z</Time>
            <Position>
              <LatitudeDegrees>37.3583979</LatitudeDegrees>
              <LongitudeDegrees>-121.8608554</LongitudeDegrees>
            </Position>
            <AltitudeMeters>26</AltitudeMeters>
            <DistanceMeters>4826.20</DistanceMeters>
            <HeartRateBpm><Value>157</Value></HeartRateBpm>
            <Cadence>167</Cadence>
          </Trackpoint>
          <Trackpoint>
            <Time>2026-03-08T14:00:10.000Z</Time>
            <Position>
              <LatitudeDegrees>37.3583129</LatitudeDegrees>
              <LongitudeDegrees>-121.8609626</LongitudeDegrees>
            </Position>
            <AltitudeMeters>26</AltitudeMeters>
            <DistanceMeters>4839.57</DistanceMeters>
            <HeartRateBpm><Value>157</Value></HeartRateBpm>
            <Cadence>167</Cadence>
          </Trackpoint>
          <Trackpoint>
            <Time>2026-03-08T14:00:15.000Z</Time>
            <Position>
              <LatitudeDegrees>37.3582278</LatitudeDegrees>
              <LongitudeDegrees>-121.8610698</LongitudeDegrees>
            </Position>
            <AltitudeMeters>25.9</AltitudeMeters>
            <DistanceMeters>4852.94</DistanceMeters>
            <HeartRateBpm><Value>157</Value></HeartRateBpm>
            <Cadence>167</Cadence>
          </Trackpoint>
          <Trackpoint>
            <Time>2026-03-08T14:00:20.000Z</Time>
            <Position>
              <LatitudeDegrees>37.3581427</LatitudeDegrees>
              <LongitudeDegrees>-121.8611769</LongitudeDegrees>
            </Position>
            <AltitudeMeters>25.8</AltitudeMeters>
            <DistanceMeters>4866.31</DistanceMeters>
            <HeartRateBpm><Value>157</Value></HeartRateBpm>
            <Cadence>167</Cadence>
          </Trackpoint>
          <Trackpoint>
            <Time>2026-03-08T14:00:25.000Z</Time>
            <Position>
              <LatitudeDegrees>37.3580576</LatitudeDegrees>
              <LongitudeDegrees>-121.8612841</LongitudeDegrees>
            </Position>
            <AltitudeMeters>25.7</AltitudeMeters>
            <DistanceMeters>4879.68</DistanceMeters>
            <HeartRateBpm><Value>157</Value></HeartRateBpm>
            <Cadence>167</Cadence>
          </Trackpoint>
          <Trackpoint>
            <Time>2026-03-08T14:00:30.000Z</Time>
            <Position>
              <LatitudeDegrees>37.3579725</LatitudeDegrees>
              <LongitudeDegrees>-121.8613913</LongitudeDegrees>
            </Position>
            <AltitudeMeters>25.7</AltitudeMeters>
            <DistanceMeters>4893.05</DistanceMeters>
            <HeartRateBpm><Value>157</Value></HeartRateBpm>
            <Cadence>167</Cadence>
          </Trackpoint>
          <Trackpoint>
            <Time>2026-03-08T14:00:35.000Z</Time>
            <Position>
              <LatitudeDegrees>37.3578875</LatitudeDegrees>
              <LongitudeDegrees>-121.8614985</LongitudeDegrees>
            </Position>
            <AltitudeMeters>25.6</AltitudeMeters>
            <DistanceMeters>4906.42</DistanceMeters>
            <HeartRateBpm><Value>157</Value></HeartRateBpm>
            <Cadence>167</Cadence>
          </Trackpoint>
          <Trackpoint>
            <Time>2026-03-08T14:00:40.000Z</Time>
            <Position>
              <LatitudeDegrees>37.3578024</LatitudeDegrees>
              <LongitudeDegrees>-121.8616057</LongitudeDegrees>
            </Position>
            <AltitudeMeters>25.5</AltitudeMeters>
            <DistanceMeters>4919.79</DistanceMeters>
            <HeartRateBpm><Value>157</Value></HeartRateBpm>
            <Cadence>167</Cadence>
          </Trackpoint>
          <Trackpoint>
            <Time>2026-03-08T14:00:45.000Z</Time>
            <Position>
              <LatitudeDegrees>37.3577173</LatitudeDegrees>
              <LongitudeDegrees>-121.8617128</LongitudeDegrees>
            </Position>
            <AltitudeMeters>25.4</AltitudeMeters>
            <DistanceMeters>4933.16</DistanceMeters>
            <HeartRateBpm><Value>157</Value></HeartRateBpm>
            <Cadence>167</Cadence>
          </Trackpoint>
          <Trackpoint>
            <Time>2026-03-08T14:00:50.000Z</Time>
            <Position>
              <LatitudeDegrees>37.3576322</LatitudeDegrees>
              <LongitudeDegrees>-121.8618200</LongitudeDegrees>
            </Position>
            <AltitudeMeters>25.3</AltitudeMeters>
            <DistanceMeters>4946.52</DistanceMeters>
            <HeartRateBpm><Value>157</Value></HeartRateBpm>
            <Cadence>167</Cadence>
          </Trackpoint>
          <Trackpoint>
            <Time>2026-03-08T14:00:55.000Z</Time>
            <Position>
              <LatitudeDegrees>37.3575471</LatitudeDegrees>
              <LongitudeDegrees>-121.8619272</LongitudeDegrees>
            </Position>
            <AltitudeMeters>25.3</AltitudeMeters>
            <DistanceMeters>4959.89</DistanceMeters>
            <HeartRateBpm><Value>157</Value></HeartRateBpm>
            <Cadence>167</Cadence>
          </Trackpoint>
          <Trackpoint>
            <Time>2026-03-08T14:01:00.000Z</Time>
            <Position>
              <LatitudeDegrees>37.3574621</LatitudeDegrees>
              <LongitudeDegrees>-121.8620344</LongitudeDegrees>
            </Position>
            <AltitudeMeters>25.2</AltitudeMeters>
            <DistanceMeters>4973.26</DistanceMeters>
            <HeartRateBpm><Value>157</Value></HeartRateBpm>
            <Cadence>167</Cadence>
          </Trackpoint>
          <Trackpoint>
            <Time>2026-03-08T14:01:05.000Z</Time>
            <Position>
              <LatitudeDegrees>37.3573770</LatitudeDegrees>
              <LongitudeDegrees>-121.8621416</LongitudeDegrees>
            </Position>
            <AltitudeMeters>25.1</AltitudeMeters>
            <DistanceMeters>4986.63</DistanceMeters>
            <HeartRateBpm><Value>157</Value></HeartRateBpm>
            <Cadence>167</Cadence>
          </Trackpoint>
          <Trackpoint>
            <Time>2026-03-08T14:01:10.000Z</Time>
            <Position>
              <LatitudeDegrees>37.3572919</LatitudeDegrees>
              <LongitudeDegrees>-121.8622487</LongitudeDegrees>
            </Position>
            <AltitudeMeters>25</AltitudeMeters>
            <DistanceMeters>5000.00</DistanceMeters>
            <HeartRateBpm><Value>157</Value></HeartRateBpm>
            <Cadence>167</Cadence>
          </Trackpoint>
          <Trackpoint>
            <Time>2026-03-08T14:01:15.000Z</Time>
            <Position>
              <LatitudeDegrees>37.3572068</LatitudeDegrees>
              <LongitudeDegrees>-121.8623559</LongitudeDegrees>
            </Position>
            <AltitudeMeters>24.9</AltitudeMeters>
            <DistanceMeters>5013.37</DistanceMeters>
            <HeartRateBpm><Value>157</Value></HeartRateBpm>
            <Cadence>167</Cadence>
          </Trackpoint>
          <Trackpoint>
            <Time>2026-03-08T14:01:20.000Z</Time>
            <Position>
              <LatitudeDegrees>37.3571217</LatitudeDegrees>
              <LongitudeDegrees>-121.8624631</LongitudeDegrees>
            </Position>
            <AltitudeMeters>24.8</AltitudeMeters>
            <DistanceMeters>5026.74</DistanceMeters>
            <HeartRateBpm><Value>157</Value></HeartRateBpm>
            <Cadence>167</Cadence>
          </Trackpoint>
          <Trackpoint>
            <Time>2026-03-08T14:01:25.000Z</Time>
            <Position>
              <LatitudeDegrees>37.3570367</LatitudeDegrees>
              <LongitudeDegrees>-121.8625703</LongitudeDegrees>
            </Position>
            <AltitudeMeters>24.7</AltitudeMeters>
            <DistanceMeters>5040.11</DistanceMeters>
            <HeartRateBpm><Value>157</Value></HeartRateBpm>
            <Cadence>167</Cadence>
          </Trackpoint>
          <Trackpoint>
            <Time>2026-03-08T14:01:30.000Z</Time>
            <Position>
              <LatitudeDegrees>37.3569516</LatitudeDegrees>
              <LongitudeDegrees>-121.8626775</LongitudeDegrees>
            </Position>
            <AltitudeMeters>24.7</AltitudeMeters>
            <DistanceMeters>5053.48</DistanceMeters>
            <HeartRateBpm><Value>157</Value></HeartRateBpm>
            <Cadence>167</Cadence>
          </Trackpoint>
          <Trackpoint>
            <Time>2026-03-08T14:01:35.000Z</Time>
            <Position>
              <LatitudeDegrees>37.3568665</LatitudeDegrees>
              <LongitudeDegrees>-121.8627847</LongitudeDegrees>
            </Position>
            <AltitudeMeters>24.6</AltitudeMeters>
            <DistanceMeters>5066.84</DistanceMeters>
            <HeartRateBpm><Value>157</Value></HeartRateBpm>
            <Cadence>167</Cadence>
          </Trackpoint>
          <Trackpoint>
            <Time>2026-03-08T14:01:40.000Z</Time>
            <Position>
              <LatitudeDegrees>37.3567814</LatitudeDegrees>
              <LongitudeDegrees>-121.8628918</LongitudeDegrees>
            </Position>
            <AltitudeMeters>24.5</AltitudeMeters>
            <DistanceMeters>5080.21</DistanceMeters>
            <HeartRateBpm><Value>157</Value></HeartRateBpm>
            <Cadence>167</Cadence>
          </Trackpoint>
          <Trackpoint>
            <Time>2026-03-08T14:01:45.000Z</Time>
            <Position>
              <LatitudeDegrees>37.3566963</LatitudeDegrees>
              <LongitudeDegrees>-121.8629990</LongitudeDegrees>
            </Position>
            <AltitudeMeters>24.4</AltitudeMeters>
            <DistanceMeters>5093.58</DistanceMeters>
            <HeartRateBpm><Value>157</Value></HeartRateBpm>
            <Cadence>167</Cadence>
          </Trackpoint>
          <Trackpoint>
            <Time>2026-03-08T14:01:50.000Z</Time>
            <Position>
              <LatitudeDegrees>37.3566113</LatitudeDegrees>
              <LongitudeDegrees>-121.8631062</LongitudeDegrees>
            </Position>
            <AltitudeMeters>24.3</AltitudeMeters>
            <DistanceMeters>5106.95</DistanceMeters>
            <HeartRateBpm><Value>157</Value></HeartRateBpm>
            <Cadence>167</Cadence>
          </Trackpoint>
          <Trackpoint>
            <Time>2026-03-08T14:01:55.000Z</Time>
            <Position>
              <LatitudeDegrees>37.3565262</LatitudeDegrees>
              <LongitudeDegrees>-121.8632134</LongitudeDegrees>
            </Position>
            <AltitudeMeters>24.3</AltitudeMeters>
            <DistanceMeters>5120.32</DistanceMeters>
            <HeartRateBpm><Value>157</Value></HeartRateBpm>
            <Cadence>167</Cadence>
          </Trackpoint>
          <Trackpoint>
            <Time>2026-03-08T14:02:00.000Z</Time>
            <Position>
              <LatitudeDegrees>37.3564411</LatitudeDegrees>
              <LongitudeDegrees>-121.8633206</LongitudeDegrees>
            </Position>
            <AltitudeMeters>24.2</AltitudeMeters>
            <DistanceMeters>5133.69</DistanceMeters>
            <HeartRateBpm><Value>157</Value></HeartRateBpm>
            <Cadence>167</Cadence>
          </Trackpoint>
          <Trackpoint>
            <Time>2026-03-08T14:02:05.000Z</Time>
            <Position>
              <LatitudeDegrees>37.3563560</LatitudeDegrees>
              <LongitudeDegrees>-121.8634277</LongitudeDegrees>
            </Position>
            <AltitudeMeters>24.1</AltitudeMeters>
            <DistanceMeters>5147.06</DistanceMeters>
            <HeartRateBpm><Value>157</Value></HeartRateBpm>
            <Cadence>167</Cadence>
          </Trackpoint>
          <Trackpoint>
            <Time>2026-03-08T14:02:10.000Z</Time>
            <Position>
              <LatitudeDegrees>37.3562709</LatitudeDegrees>
              <LongitudeDegrees>-121.8635349</LongitudeDegrees>
            </Position>
            <AltitudeMeters>24</AltitudeMeters>
            <DistanceMeters>5160.43</DistanceMeters>
            <HeartRateBpm><Value>157</Value></HeartRateBpm>
            <Cadence>167</Cadence>
          </Trackpoint>
          <Trackpoint>
            <Time>2026-03-08T14:02:15.000Z</Time>
            <Position>
              <LatitudeDegrees>37.3561859</LatitudeDegrees>
              <LongitudeDegrees>-121.8636421</LongitudeDegrees>
            </Position>
            <AltitudeMeters>24</AltitudeMeters>
            <DistanceMeters>5173.80</DistanceMeters>
            <HeartRateBpm><Value>157</Value></HeartRateBpm>
            <Cadence>167</Cadence>
          </Trackpoint>
          <Trackpoint>
            <Time>2026-03-08T14:02:20.000Z</Time>
            <Position>
              <LatitudeDegrees>37.3561008</LatitudeDegrees>
              <LongitudeDegrees>-121.8637493</LongitudeDegrees>
            </Position>
            <AltitudeMeters>23.9</AltitudeMeters>
            <DistanceMeters>5187.17</DistanceMeters>
            <HeartRateBpm><Value>157</Value></HeartRateBpm>
            <Cadence>167</Cadence>
          </Trackpoint>
          <Trackpoint>
            <Time>2026-03-08T14:02:25.000Z</Time>
            <Position>
              <LatitudeDegrees>37.3560157</LatitudeDegrees>
              <LongitudeDegrees>-121.8638565</LongitudeDegrees>
            </Position>
            <AltitudeMeters>23.8</AltitudeMeters>
            <DistanceMeters>5200.53</DistanceMeters>
            <HeartRateBpm><Value>157</Value></HeartRateBpm>
            <Cadence>167</Cadence>
          </Trackpoint>
          <Trackpoint>
            <Time>2026-03-08T14:02:30.000Z</Time>
            <Position>
              <LatitudeDegrees>37.3559306</LatitudeDegrees>
              <LongitudeDegrees>-121.8639636</LongitudeDegrees>
            </Position>
            <AltitudeMeters>23.8</AltitudeMeters>
            <DistanceMeters>5213.90</DistanceMeters>
            <HeartRateBpm><Value>157</Value></HeartRateBpm>
            <Cadence>167</Cadence>
          </Trackpoint>
          <Trackpoint>
            <Time>2026-03-08T14:02:35.000Z</Time>
            <Position>
              <LatitudeDegrees>37.3558455</LatitudeDegrees>
              <LongitudeDegrees>-121.8640708</LongitudeDegrees>
            </Position>
            <AltitudeMeters>23.7</AltitudeMeters>
            <DistanceMeters>5227.27</DistanceMeters>
            <HeartRateBpm><Value>157</Value></HeartRateBpm>
            <Cadence>167</Cadence>
          </Trackpoint>
          <Trackpoint>
            <Time>2026-03-08T14:02:40.000Z</Time>
            <Position>
              <LatitudeDegrees>37.3557605</LatitudeDegrees>
              <LongitudeDegrees>-121.8641780</LongitudeDegrees>
            </Position>
            <AltitudeMeters>23.6</AltitudeMeters>
            <DistanceMeters>5240.64</DistanceMeters>
            <HeartRateBpm><Value>157</Value></HeartRateBpm>
            <Cadence>167</Cadence>
          </Trackpoint>
          <Trackpoint>
            <Time>2026-03-08T14:02:45.000Z</Time>
            <Position>
              <LatitudeDegrees>37.3556754</LatitudeDegrees>
              <LongitudeDegrees>-121.8642852</LongitudeDegrees>
            </Position>
            <AltitudeMeters>23.6</AltitudeMeters>
            <DistanceMeters>5254.01</DistanceMeters>
            <HeartRateBpm><Value>157</Value></HeartRateBpm>
            <Cadence>167</Cadence>
          </Trackpoint>
          <Trackpoint>
            <Time>2026-03-08T14:02:50.000Z</Time>
            <Position>
              <LatitudeDegrees>37.3555903</LatitudeDegrees>
              <LongitudeDegrees>-121.8643924</LongitudeDegrees>
            </Position>
            <AltitudeMeters>23.5</AltitudeMeters>
            <DistanceMeters>5267.38</DistanceMeters>
            <HeartRateBpm><Value>157</Value></HeartRateBpm>
            <Cadence>167</Cadence>
          </Trackpoint>
          <Trackpoint>
            <Time>2026-03-08T14:02:55.000Z</Time>
            <Position>
              <LatitudeDegrees>37.3555052</LatitudeDegrees>
              <LongitudeDegrees>-121.8644995</LongitudeDegrees>
            </Position>
            <AltitudeMeters>23.5</AltitudeMeters>
            <DistanceMeters>5280.75</DistanceMeters>
            <HeartRateBpm><Value>157</Value></HeartRateBpm>
            <Cadence>167</Cadence>
          </Trackpoint>
          <Trackpoint>
            <Time>2026-03-08T14:03:00.000Z</Time>
            <Position>
              <LatitudeDegrees>37.3554201</LatitudeDegrees>
              <LongitudeDegrees>-121.8646067</LongitudeDegrees>
            </Position>
            <AltitudeMeters>23.4</AltitudeMeters>
            <DistanceMeters>5294.12</DistanceMeters>
            <HeartRateBpm><Value>157</Value></HeartRateBpm>
            <Cadence>167</Cadence>
          </Trackpoint>
          <Trackpoint>
            <Time>2026-03-08T14:03:05.000Z</Time>
            <Position>
              <LatitudeDegrees>37.3553351</LatitudeDegrees>
              <LongitudeDegrees>-121.8647139</LongitudeDegrees>
            </Position>
            <AltitudeMeters>23.4</AltitudeMeters>
            <DistanceMeters>5307.49</DistanceMeters>
            <HeartRateBpm><Value>157</Value></HeartRateBpm>
            <Cadence>167</Cadence>
          </Trackpoint>
          <Trackpoint>
            <Time>2026-03-08T14:03:10.000Z</Time>
            <Position>
              <LatitudeDegrees>37.3552500</LatitudeDegrees>
              <LongitudeDegrees>-121.8648211</LongitudeDegrees>
            </Position>
            <AltitudeMeters>23.3</AltitudeMeters>
            <DistanceMeters>5320.86</DistanceMeters>
            <HeartRateBpm><Value>157</Value></HeartRateBpm>
            <Cadence>167</Cadence>
          </Trackpoint>
          <Trackpoint>
            <Time>2026-03-08T14:03:15.000Z</Time>
            <Position>
              <LatitudeDegrees>37.3551649</LatitudeDegrees>
              <LongitudeDegrees>-121.8649283</LongitudeDegrees>
            </Position>
            <AltitudeMeters>23.3</AltitudeMeters>
            <DistanceMeters>5334.22</DistanceMeters>
            <HeartRateBpm><Value>157</Value></HeartRateBpm>
            <Cadence>167</Cadence>
          </Trackpoint>
          <Trackpoint>
            <Time>2026-03-08T14:03:20.000Z</Time>
            <Position>
              <LatitudeDegrees>37.3550798</LatitudeDegrees>
              <LongitudeDegrees>-121.8650354</LongitudeDegrees>
            </Position>
            <AltitudeMeters>23.2</AltitudeMeters>
            <DistanceMeters>5347.59</DistanceMeters>
            <HeartRateBpm><Value>157</Value></HeartRateBpm>
            <Cadence>167</Cadence>
          </Trackpoint>
          <Trackpoint>
            <Time>2026-03-08T14:03:25.000Z</Time>
            <Position>
              <LatitudeDegrees>37.3549947</LatitudeDegrees>
              <LongitudeDegrees>-121.8651426</LongitudeDegrees>
            </Position>
            <AltitudeMeters>23.2</AltitudeMeters>
            <DistanceMeters>5360.96</DistanceMeters>
            <HeartRateBpm><Value>157</Value></HeartRateBpm>
            <Cadence>167</Cadence>
          </Trackpoint>
          <Trackpoint>
            <Time>2026-03-08T14:03:30.000Z</Time>
            <Position>
              <LatitudeDegrees>37.3549097</LatitudeDegrees>
              <LongitudeDegrees>-121.8652498</LongitudeDegrees>
            </Position>
            <AltitudeMeters>23.2</AltitudeMeters>
            <DistanceMeters>5374.33</DistanceMeters>
            <HeartRateBpm><Value>157</Value></HeartRateBpm>
            <Cadence>167</Cadence>
          </Trackpoint>
          <Trackpoint>
            <Time>2026-03-08T14:03:35.000Z</Time>
            <Position>
              <LatitudeDegrees>37.3548246</LatitudeDegrees>
              <LongitudeDegrees>-121.8653570</LongitudeDegrees>
            </Position>
            <AltitudeMeters>23.1</AltitudeMeters>
            <DistanceMeters>5387.70</DistanceMeters>
            <HeartRateBpm><Value>157</Value></HeartRateBpm>
            <Cadence>167</Cadence>
          </Trackpoint>
          <Trackpoint>
            <Time>2026-03-08T14:03:40.000Z</Time>
            <Position>
              <LatitudeDegrees>37.3547395</LatitudeDegrees>
              <LongitudeDegrees>-121.8654642</LongitudeDegrees>
            </Position>
            <AltitudeMeters>23.1</AltitudeMeters>
            <DistanceMeters>5401.07</DistanceMeters>
            <HeartRateBpm><Value>157</Value></HeartRateBpm>
            <Cadence>167</Cadence>
          </Trackpoint>
          <Trackpoint>
            <Time>2026-03-08T14:03:45.000Z</Time>
            <Position>
              <LatitudeDegrees>37.3546544</LatitudeDegrees>
              <LongitudeDegrees>-121.8655713</LongitudeDegrees>
            </Position>
            <AltitudeMeters>23.1</AltitudeMeters>
            <DistanceMeters>5414.44</DistanceMeters>
            <HeartRateBpm><Value>157</Value></HeartRateBpm>
            <Cadence>167</Cadence>
          </Trackpoint>
          <Trackpoint>
            <Time>2026-03-08T14:03:50.000Z</Time>
            <Position>
              <LatitudeDegrees>37.3545693</LatitudeDegrees>
              <LongitudeDegrees>-121.8656785</LongitudeDegrees>
            </Position>
            <AltitudeMeters>23.1</AltitudeMeters>
            <DistanceMeters>5427.81</DistanceMeters>
            <HeartRateBpm><Value>157</Value></HeartRateBpm>
            <Cadence>167</Cadence>
          </Trackpoint>
          <Trackpoint>
            <Time>2026-03-08T14:03:55.000Z</Time>
            <Position>
              <LatitudeDegrees>37.3544843</LatitudeDegrees>
              <LongitudeDegrees>-121.8657857</LongitudeDegrees>
            </Position>
            <AltitudeMeters>23</AltitudeMeters>
            <DistanceMeters>5441.18</DistanceMeters>
            <HeartRateBpm><Value>157</Value></HeartRateBpm>
            <Cadence>167</Cadence>
          </Trackpoint>
          <Trackpoint>
            <Time>2026-03-08T14:04:00.000Z</Time>
            <Position>
              <LatitudeDegrees>37.3543992</LatitudeDegrees>
              <LongitudeDegrees>-121.8658929</LongitudeDegrees>
            </Position>
            <AltitudeMeters>23</AltitudeMeters>
            <DistanceMeters>5454.55</DistanceMeters>
            <HeartRateBpm><Value>157</Value></HeartRateBpm>
            <Cadence>167</Cadence>
          </Trackpoint>
          <Trackpoint>
            <Time>2026-03-08T14:04:05.000Z</Time>
            <Position>
              <LatitudeDegrees>37.3543141</LatitudeDegrees>
              <LongitudeDegrees>-121.8660001</LongitudeDegrees>
            </Position>
            <AltitudeMeters>23</AltitudeMeters>
            <DistanceMeters>5467.91</DistanceMeters>
            <HeartRateBpm><Value>157</Value></HeartRateBpm>
            <Cadence>167</Cadence>
          </Trackpoint>
          <Trackpoint>
            <Time>2026-03-08T14:04:10.000Z</Time>
            <Position>
              <LatitudeDegrees>37.3542290</LatitudeDegrees>
              <LongitudeDegrees>-121.8661072</LongitudeDegrees>
            </Position>
            <AltitudeMeters>23</AltitudeMeters>
            <DistanceMeters>5481.28</DistanceMeters>
            <HeartRateBpm><Value>157</Value></HeartRateBpm>
            <Cadence>167</Cadence>
          </Trackpoint>
          <Trackpoint>
            <Time>2026-03-08T14:04:15.000Z</Time>
            <Position>
              <LatitudeDegrees>37.3541440</LatitudeDegrees>
              <LongitudeDegrees>-121.8662144</LongitudeDegrees>
            </Position>
            <AltitudeMeters>23</AltitudeMeters>
            <DistanceMeters>5494.65</DistanceMeters>
            <HeartRateBpm><Value>157</Value></HeartRateBpm>
            <Cadence>167</Cadence>
          </Trackpoint>
          <Trackpoint>
            <Time>2026-03-08T14:04:20.000Z</Time>
            <Position>
              <LatitudeDegrees>37.3540589</LatitudeDegrees>
              <LongitudeDegrees>-121.8663216</LongitudeDegrees>
            </Position>
            <AltitudeMeters>23</AltitudeMeters>
            <DistanceMeters>5508.02</DistanceMeters>
            <HeartRateBpm><Value>157</Value></HeartRateBpm>
            <Cadence>167</Cadence>
          </Trackpoint>
          <Trackpoint>
            <Time>2026-03-08T14:04:25.000Z</Time>
            <Position>
              <LatitudeDegrees>37.3539738</LatitudeDegrees>
              <LongitudeDegrees>-121.8664288</LongitudeDegrees>
            </Position>
            <AltitudeMeters>23</AltitudeMeters>
            <DistanceMeters>5521.39</DistanceMeters>
            <HeartRateBpm><Value>157</Value></HeartRateBpm>
            <Cadence>167</Cadence>
          </Trackpoint>
          <Trackpoint>
            <Time>2026-03-08T14:04:30.000Z</Time>
            <Position>
              <LatitudeDegrees>37.3538887</LatitudeDegrees>
              <LongitudeDegrees>-121.8665360</LongitudeDegrees>
            </Position>
            <AltitudeMeters>23</AltitudeMeters>
            <DistanceMeters>5534.76</DistanceMeters>
            <HeartRateBpm><Value>157</Value></HeartRateBpm>
            <Cadence>167</Cadence>
          </Trackpoint>
          <Trackpoint>
            <Time>2026-03-08T14:04:35.000Z</Time>
            <Position>
              <LatitudeDegrees>37.3538036</LatitudeDegrees>
              <LongitudeDegrees>-121.8666431</LongitudeDegrees>
            </Position>
            <AltitudeMeters>23</AltitudeMeters>
            <DistanceMeters>5548.13</DistanceMeters>
            <HeartRateBpm><Value>157</Value></HeartRateBpm>
            <Cadence>167</Cadence>
          </Trackpoint>
          <Trackpoint>
            <Time>2026-03-08T14:04:40.000Z</Time>
            <Position>
              <LatitudeDegrees>37.3537186</LatitudeDegrees>
              <LongitudeDegrees>-121.8667503</LongitudeDegrees>
            </Position>
            <AltitudeMeters>23</AltitudeMeters>
            <DistanceMeters>5561.50</DistanceMeters>
            <HeartRateBpm><Value>157</Value></HeartRateBpm>
            <Cadence>167</Cadence>
          </Trackpoint>
          <Trackpoint>
            <Time>2026-03-08T14:04:45.000Z</Time>
            <Position>
              <LatitudeDegrees>37.3536335</LatitudeDegrees>
              <LongitudeDegrees>-121.8668575</LongitudeDegrees>
            </Position>
            <AltitudeMeters>23.1</AltitudeMeters>
            <DistanceMeters>5574.87</DistanceMeters>
            <HeartRateBpm><Value>157</Value></HeartRateBpm>
            <Cadence>167</Cadence>
          </Trackpoint>
          <Trackpoint>
            <Time>2026-03-08T14:04:50.000Z</Time>
            <Position>
              <LatitudeDegrees>37.3535484</LatitudeDegrees>
              <LongitudeDegrees>-121.8669647</LongitudeDegrees>
            </Position>
            <AltitudeMeters>23.1</AltitudeMeters>
            <DistanceMeters>5588.24</DistanceMeters>
            <HeartRateBpm><Value>157</Value></HeartRateBpm>
            <Cadence>167</Cadence>
          </Trackpoint>
          <Trackpoint>
            <Time>2026-03-08T14:04:55.000Z</Time>
            <Position>
              <LatitudeDegrees>37.3534633</LatitudeDegrees>
              <LongitudeDegrees>-121.8670719</LongitudeDegrees>
            </Position>
            <AltitudeMeters>23.1</AltitudeMeters>
            <DistanceMeters>5601.60</DistanceMeters>
            <HeartRateBpm><Value>157</Value></HeartRateBpm>
            <Cadence>167</Cadence>
          </Trackpoint>
          <Trackpoint>
            <Time>2026-03-08T14:05:00.000Z</Time>
            <Position>
              <LatitudeDegrees>37.3533782</LatitudeDegrees>
              <LongitudeDegrees>-121.8671790</LongitudeDegrees>
            </Position>
            <AltitudeMeters>23.1</AltitudeMeters>
            <DistanceMeters>5614.97</DistanceMeters>
            <HeartRateBpm><Value>157</Value></HeartRateBpm>
            <Cadence>167</Cadence>
          </Trackpoint>
          <Trackpoint>
            <Time>2026-03-08T14:05:05.000Z</Time>
            <Position>
              <LatitudeDegrees>37.3532932</LatitudeDegrees>
              <LongitudeDegrees>-121.8672862</LongitudeDegrees>
            </Position>
            <AltitudeMeters>23.2</AltitudeMeters>
            <DistanceMeters>5628.34</DistanceMeters>
            <HeartRateBpm><Value>157</Value></HeartRateBpm>
            <Cadence>167</Cadence>
          </Trackpoint>
          <Trackpoint>
            <Time>2026-03-08T14:05:10.000Z</Time>
            <Position>
              <LatitudeDegrees>37.3532081</LatitudeDegrees>
              <LongitudeDegrees>-121.8673934</LongitudeDegrees>
            </Position>
            <AltitudeMeters>23.2</AltitudeMeters>
            <DistanceMeters>5641.71</DistanceMeters>
            <HeartRateBpm><Value>157</Value></HeartRateBpm>
            <Cadence>167</Cadence>
          </Trackpoint>
          <Trackpoint>
            <Time>2026-03-08T14:05:15.000Z</Time>
            <Position>
              <LatitudeDegrees>37.3531230</LatitudeDegrees>
              <LongitudeDegrees>-121.8675006</LongitudeDegrees>
            </Position>
            <AltitudeMeters>23.2</AltitudeMeters>
            <DistanceMeters>5655.08</DistanceMeters>
            <HeartRateBpm><Value>157</Value></HeartRateBpm>
            <Cadence>167</Cadence>
          </Trackpoint>
          <Trackpoint>
            <Time>2026-03-08T14:05:20.000Z</Time>
            <Position>
              <LatitudeDegrees>37.3530379</LatitudeDegrees>
              <LongitudeDegrees>-121.8676078</LongitudeDegrees>
            </Position>
            <AltitudeMeters>23.3</AltitudeMeters>
            <DistanceMeters>5668.45</DistanceMeters>
            <HeartRateBpm><Value>157</Value></HeartRateBpm>
            <Cadence>167</Cadence>
          </Trackpoint>
          <Trackpoint>
            <Time>2026-03-08T14:05:25.000Z</Time>
            <Position>
              <LatitudeDegrees>37.3529528</LatitudeDegrees>
              <LongitudeDegrees>-121.8677149</LongitudeDegrees>
            </Position>
            <AltitudeMeters>23.3</AltitudeMeters>
            <DistanceMeters>5681.82</DistanceMeters>
            <HeartRateBpm><Value>157</Value></HeartRateBpm>
            <Cadence>167</Cadence>
          </Trackpoint>
          <Trackpoint>
            <Time>2026-03-08T14:05:30.000Z</Time>
            <Position>
              <LatitudeDegrees>37.3528678</LatitudeDegrees>
              <LongitudeDegrees>-121.8678221</LongitudeDegrees>
            </Position>
            <AltitudeMeters>23.4</AltitudeMeters>
            <DistanceMeters>5695.19</DistanceMeters>
            <HeartRateBpm><Value>157</Value></HeartRateBpm>
            <Cadence>167</Cadence>
          </Trackpoint>
          <Trackpoint>
            <Time>2026-03-08T14:05:35.000Z</Time>
            <Position>
              <LatitudeDegrees>37.3527827</LatitudeDegrees>
              <LongitudeDegrees>-121.8679293</LongitudeDegrees>
            </Position>
            <AltitudeMeters>23.4</AltitudeMeters>
            <DistanceMeters>5708.56</DistanceMeters>
            <HeartRateBpm><Value>157</Value></HeartRateBpm>
            <Cadence>167</Cadence>
          </Trackpoint>
          <Trackpoint>
            <Time>2026-03-08T14:05:40.000Z</Time>
            <Position>
              <LatitudeDegrees>37.3526976</LatitudeDegrees>
              <LongitudeDegrees>-121.8680365</LongitudeDegrees>
            </Position>
            <AltitudeMeters>23.5</AltitudeMeters>
            <DistanceMeters>5721.93</DistanceMeters>
            <HeartRateBpm><Value>157</Value></HeartRateBpm>
            <Cadence>167</Cadence>
          </Trackpoint>
          <Trackpoint>
            <Time>2026-03-08T14:05:45.000Z</Time>
            <Position>
              <LatitudeDegrees>37.3526125</LatitudeDegrees>
              <LongitudeDegrees>-121.8681437</LongitudeDegrees>
            </Position>
            <AltitudeMeters>23.5</AltitudeMeters>
            <DistanceMeters>5735.29</DistanceMeters>
            <HeartRateBpm><Value>157</Value></HeartRateBpm>
            <Cadence>167</Cadence>
          </Trackpoint>
          <Trackpoint>
            <Time>2026-03-08T14:05:50.000Z</Time>
            <Position>
              <LatitudeDegrees>37.3525274</LatitudeDegrees>
              <LongitudeDegrees>-121.8682508</LongitudeDegrees>
            </Position>
            <AltitudeMeters>23.6</AltitudeMeters>
            <DistanceMeters>5748.66</DistanceMeters>
            <HeartRateBpm><Value>157</Value></HeartRateBpm>
            <Cadence>167</Cadence>
          </Trackpoint>
          <Trackpoint>
            <Time>2026-03-08T14:05:55.000Z</Time>
            <Position>
              <LatitudeDegrees>37.3524424</LatitudeDegrees>
              <LongitudeDegrees>-121.8683580</LongitudeDegrees>
            </Position>
            <AltitudeMeters>23.6</AltitudeMeters>
            <DistanceMeters>5762.03</DistanceMeters>
            <HeartRateBpm><Value>157</Value></HeartRateBpm>
            <Cadence>167</Cadence>
          </Trackpoint>
          <Trackpoint>
            <Time>2026-03-08T14:06:00.000Z</Time>
            <Position>
              <LatitudeDegrees>37.3523573</LatitudeDegrees>
              <LongitudeDegrees>-121.8684652</LongitudeDegrees>
            </Position>
            <AltitudeMeters>23.7</AltitudeMeters>
            <DistanceMeters>5775.40</DistanceMeters>
            <HeartRateBpm><Value>157</Value></HeartRateBpm>
            <Cadence>167</Cadence>
          </Trackpoint>
          <Trackpoint>
            <Time>2026-03-08T14:06:05.000Z</Time>
            <Position>
              <LatitudeDegrees>37.3522722</LatitudeDegrees>
              <LongitudeDegrees>-121.8685724</LongitudeDegrees>
            </Position>
            <AltitudeMeters>23.8</AltitudeMeters>
            <DistanceMeters>5788.77</DistanceMeters>
            <HeartRateBpm><Value>157</Value></HeartRateBpm>
            <Cadence>167</Cadence>
          </Trackpoint>
          <Trackpoint>
            <Time>2026-03-08T14:06:10.000Z</Time>
            <Position>
              <LatitudeDegrees>37.3521871</LatitudeDegrees>
              <LongitudeDegrees>-121.8686796</LongitudeDegrees>
            </Position>
            <AltitudeMeters>23.8</AltitudeMeters>
            <DistanceMeters>5802.14</DistanceMeters>
            <HeartRateBpm><Value>157</Value></HeartRateBpm>
            <Cadence>167</Cadence>
          </Trackpoint>
          <Trackpoint>
            <Time>2026-03-08T14:06:15.000Z</Time>
            <Position>
              <LatitudeDegrees>37.3521020</LatitudeDegrees>
              <LongitudeDegrees>-121.8687867</LongitudeDegrees>
            </Position>
            <AltitudeMeters>23.9</AltitudeMeters>
            <DistanceMeters>5815.51</DistanceMeters>
            <HeartRateBpm><Value>157</Value></HeartRateBpm>
            <Cadence>167</Cadence>
          </Trackpoint>
          <Trackpoint>
            <Time>2026-03-08T14:06:20.000Z</Time>
            <Position>
              <LatitudeDegrees>37.3520170</LatitudeDegrees>
              <LongitudeDegrees>-121.8688939</LongitudeDegrees>
            </Position>
            <AltitudeMeters>24</AltitudeMeters>
            <DistanceMeters>5828.88</DistanceMeters>
            <HeartRateBpm><Value>157</Value></HeartRateBpm>
            <Cadence>167</Cadence>
          </Trackpoint>
          <Trackpoint>
            <Time>2026-03-08T14:06:25.000Z</Time>
            <Position>
              <LatitudeDegrees>37.3519319</LatitudeDegrees>
              <LongitudeDegrees>-121.8690011</LongitudeDegrees>
            </Position>
            <AltitudeMeters>24</AltitudeMeters>
            <DistanceMeters>5842.25</DistanceMeters>
            <HeartRateBpm><Value>157</Value></HeartRateBpm>
            <Cadence>167</Cadence>
          </Trackpoint>
          <Trackpoint>
            <Time>2026-03-08T14:06:30.000Z</Time>
            <Position>
              <LatitudeDegrees>37.3518468</LatitudeDegrees>
              <LongitudeDegrees>-121.8691083</LongitudeDegrees>
            </Position>
            <AltitudeMeters>24.1</AltitudeMeters>
            <DistanceMeters>5855.61</DistanceMeters>
            <HeartRateBpm><Value>157</Value></HeartRateBpm>
            <Cadence>167</Cadence>
          </Trackpoint>
          <Trackpoint>
            <Time>2026-03-08T14:06:35.000Z</Time>
            <Position>
              <LatitudeDegrees>37.3517617</LatitudeDegrees>
              <LongitudeDegrees>-121.8692155</LongitudeDegrees>
            </Position>
            <AltitudeMeters>24.2</AltitudeMeters>
            <DistanceMeters>5868.98</DistanceMeters>
            <HeartRateBpm><Value>157</Value></HeartRateBpm>
            <Cadence>167</Cadence>
          </Trackpoint>
          <Trackpoint>
            <Time>2026-03-08T14:06:40.000Z</Time>
            <Position>
              <LatitudeDegrees>37.3516766</LatitudeDegrees>
              <LongitudeDegrees>-121.8693226</LongitudeDegrees>
            </Position>
            <AltitudeMeters>24.3</AltitudeMeters>
            <DistanceMeters>5882.35</DistanceMeters>
            <HeartRateBpm><Value>157</Value></HeartRateBpm>
            <Cadence>167</Cadence>
          </Trackpoint>
          <Trackpoint>
            <Time>2026-03-08T14:06:45.000Z</Time>
            <Position>
              <LatitudeDegrees>37.3515916</LatitudeDegrees>
              <LongitudeDegrees>-121.8694298</LongitudeDegrees>
            </Position>
            <AltitudeMeters>24.4</AltitudeMeters>
            <DistanceMeters>5895.72</DistanceMeters>
            <HeartRateBpm><Value>157</Value></HeartRateBpm>
            <Cadence>167</Cadence>
          </Trackpoint>
          <Trackpoint>
            <Time>2026-03-08T14:06:50.000Z</Time>
            <Position>
              <LatitudeDegrees>37.3515065</LatitudeDegrees>
              <LongitudeDegrees>-121.8695370</LongitudeDegrees>
            </Position>
            <AltitudeMeters>24.4</AltitudeMeters>
            <DistanceMeters>5909.09</DistanceMeters>
            <HeartRateBpm><Value>157</Value></HeartRateBpm>
            <Cadence>167</Cadence>
          </Trackpoint>
          <Trackpoint>
            <Time>2026-03-08T14:06:55.000Z</Time>
            <Position>
              <LatitudeDegrees>37.3514214</LatitudeDegrees>
              <LongitudeDegrees>-121.8696442</LongitudeDegrees>
            </Position>
            <AltitudeMeters>24.5</AltitudeMeters>
            <DistanceMeters>5922.46</DistanceMeters>
            <HeartRateBpm><Value>157</Value></HeartRateBpm>
            <Cadence>167</Cadence>
          </Trackpoint>
          <Trackpoint>
            <Time>2026-03-08T14:07:00.000Z</Time>
            <Position>
              <LatitudeDegrees>37.3513363</LatitudeDegrees>
              <LongitudeDegrees>-121.8697514</LongitudeDegrees>
            </Position>
            <AltitudeMeters>24.6</AltitudeMeters>
            <DistanceMeters>5935.83</DistanceMeters>
            <HeartRateBpm><Value>157</Value></HeartRateBpm>
            <Cadence>167</Cadence>
          </Trackpoint>
          <Trackpoint>
            <Time>2026-03-08T14:07:05.000Z</Time>
            <Position>
              <LatitudeDegrees>37.3512512</LatitudeDegrees>
              <LongitudeDegrees>-121.8698585</LongitudeDegrees>
            </Position>
            <AltitudeMeters>24.7</AltitudeMeters>
            <DistanceMeters>5949.20</DistanceMeters>
            <HeartRateBpm><Value>157</Value></HeartRateBpm>
            <Cadence>167</Cadence>
          </Trackpoint>
          <Trackpoint>
            <Time>2026-03-08T14:07:10.000Z</Time>
            <Position>
              <LatitudeDegrees>37.3511662</LatitudeDegrees>
              <LongitudeDegrees>-121.8699657</LongitudeDegrees>
            </Position>
            <AltitudeMeters>24.8</AltitudeMeters>
            <DistanceMeters>5962.57</DistanceMeters>
            <HeartRateBpm><Value>157</Value></HeartRateBpm>
            <Cadence>167</Cadence>
          </Trackpoint>
          <Trackpoint>
            <Time>2026-03-08T14:07:15.000Z</Time>
            <Position>
              <LatitudeDegrees>37.3510811</LatitudeDegrees>
              <LongitudeDegrees>-121.8700729</LongitudeDegrees>
            </Position>
            <AltitudeMeters>24.8</AltitudeMeters>
            <DistanceMeters>5975.94</DistanceMeters>
            <HeartRateBpm><Value>157</Value></HeartRateBpm>
            <Cadence>167</Cadence>
          </Trackpoint>
          <Trackpoint>
            <Time>2026-03-08T14:07:20.000Z</Time>
            <Position>
              <LatitudeDegrees>37.3509960</LatitudeDegrees>
              <LongitudeDegrees>-121.8701801</LongitudeDegrees>
            </Position>
            <AltitudeMeters>24.9</AltitudeMeters>
            <DistanceMeters>5989.30</DistanceMeters>
            <HeartRateBpm><Value>157</Value></HeartRateBpm>
            <Cadence>167</Cadence>
          </Trackpoint>
          <Trackpoint>
            <Time>2026-03-08T14:07:25.000Z</Time>
            <Position>
              <LatitudeDegrees>37.3509109</LatitudeDegrees>
              <LongitudeDegrees>-121.8702873</LongitudeDegrees>
            </Position>
            <AltitudeMeters>25</AltitudeMeters>
            <DistanceMeters>6002.67</DistanceMeters>
            <HeartRateBpm><Value>157</Value></HeartRateBpm>
            <Cadence>167</Cadence>
          </Trackpoint>
          <Trackpoint>
            <Time>2026-03-08T14:07:30.000Z</Time>
            <Position>
              <LatitudeDegrees>37.3508258</LatitudeDegrees>
              <LongitudeDegrees>-121.8703944</LongitudeDegrees>
            </Position>
            <AltitudeMeters>25.1</AltitudeMeters>
            <DistanceMeters>6016.04</DistanceMeters>
            <HeartRateBpm><Value>157</Value></HeartRateBpm>
            <Cadence>167</Cadence>
          </Trackpoint>
          <Trackpoint>
            <Time>2026-03-08T14:07:35.000Z</Time>
            <Position>
              <LatitudeDegrees>37.3507408</LatitudeDegrees>
              <LongitudeDegrees>-121.8705016</LongitudeDegrees>
            </Position>
            <AltitudeMeters>25.2</AltitudeMeters>
            <DistanceMeters>6029.41</DistanceMeters>
            <HeartRateBpm><Value>157</Value></HeartRateBpm>
            <Cadence>167</Cadence>
          </Trackpoint>
          <Trackpoint>
            <Time>2026-03-08T14:07:40.000Z</Time>
            <Position>
              <LatitudeDegrees>37.3506557</LatitudeDegrees>
              <LongitudeDegrees>-121.8706088</LongitudeDegrees>
            </Position>
            <AltitudeMeters>25.3</AltitudeMeters>
            <DistanceMeters>6042.78</DistanceMeters>
            <HeartRateBpm><Value>157</Value></HeartRateBpm>
            <Cadence>167</Cadence>
          </Trackpoint>
          <Trackpoint>
            <Time>2026-03-08T14:07:45.000Z</Time>
            <Position>
              <LatitudeDegrees>37.3505706</LatitudeDegrees>
              <LongitudeDegrees>-121.8707160</LongitudeDegrees>
            </Position>
            <AltitudeMeters>25.4</AltitudeMeters>
            <DistanceMeters>6056.15</DistanceMeters>
            <HeartRateBpm><Value>157</Value></HeartRateBpm>
            <Cadence>167</Cadence>
          </Trackpoint>
          <Trackpoint>
            <Time>2026-03-08T14:07:50.000Z</Time>
            <Position>
              <LatitudeDegrees>37.3504855</LatitudeDegrees>
              <LongitudeDegrees>-121.8708232</LongitudeDegrees>
            </Position>
            <AltitudeMeters>25.4</AltitudeMeters>
            <DistanceMeters>6069.52</DistanceMeters>
            <HeartRateBpm><Value>157</Value></HeartRateBpm>
            <Cadence>167</Cadence>
          </Trackpoint>
          <Trackpoint>
            <Time>2026-03-08T14:07:55.000Z</Time>
            <Position>
              <LatitudeDegrees>37.3504004</LatitudeDegrees>
              <LongitudeDegrees>-121.8709304</LongitudeDegrees>
            </Position>
            <AltitudeMeters>25.5</AltitudeMeters>
            <DistanceMeters>6082.89</DistanceMeters>
            <HeartRateBpm><Value>157</Value></HeartRateBpm>
            <Cadence>167</Cadence>
          </Trackpoint>
          <Trackpoint>
            <Time>2026-03-08T14:08:00.000Z</Time>
            <Position>
              <LatitudeDegrees>37.3503154</LatitudeDegrees>
              <LongitudeDegrees>-121.8710375</LongitudeDegrees>
            </Position>
            <AltitudeMeters>25.6</AltitudeMeters>
            <DistanceMeters>6096.26</DistanceMeters>
            <HeartRateBpm><Value>157</Value></HeartRateBpm>
            <Cadence>167</Cadence>
          </Trackpoint>
          <Trackpoint>
            <Time>2026-03-08T14:08:05.000Z</Time>
            <Position>
              <LatitudeDegrees>37.3502303</LatitudeDegrees>
              <LongitudeDegrees>-121.8711447</LongitudeDegrees>
            </Position>
            <AltitudeMeters>25.7</AltitudeMeters>
            <DistanceMeters>6109.63</DistanceMeters>
            <HeartRateBpm><Value>157</Value></HeartRateBpm>
            <Cadence>167</Cadence>
          </Trackpoint>
          <Trackpoint>
            <Time>2026-03-08T14:08:10.000Z</Time>
            <Position>
              <LatitudeDegrees>37.3501452</LatitudeDegrees>
              <LongitudeDegrees>-121.8712519</LongitudeDegrees>
            </Position>
            <AltitudeMeters>25.8</AltitudeMeters>
            <DistanceMeters>6122.99</DistanceMeters>
            <HeartRateBpm><Value>157</Value></HeartRateBpm>
            <Cadence>167</Cadence>
          </Trackpoint>
          <Trackpoint>
            <Time>2026-03-08T14:08:15.000Z</Time>
            <Position>
              <LatitudeDegrees>37.3500601</LatitudeDegrees>
              <LongitudeDegrees>-121.8713591</LongitudeDegrees>
            </Position>
            <AltitudeMeters>25.8</AltitudeMeters>
            <DistanceMeters>6136.36</DistanceMeters>
            <HeartRateBpm><Value>157</Value></HeartRateBpm>
            <Cadence>167</Cadence>
          </Trackpoint>
          <Trackpoint>
            <Time>2026-03-08T14:08:20.000Z</Time>
            <Position>
              <LatitudeDegrees>37.3499750</LatitudeDegrees>
              <LongitudeDegrees>-121.8714663</LongitudeDegrees>
            </Position>
            <AltitudeMeters>25.9</AltitudeMeters>
            <DistanceMeters>6149.73</DistanceMeters>
            <HeartRateBpm><Value>157</Value></HeartRateBpm>
            <Cadence>167</Cadence>
          </Trackpoint>
          <Trackpoint>
            <Time>2026-03-08T14:08:25.000Z</Time>
            <Position>
              <LatitudeDegrees>37.3498900</LatitudeDegrees>
              <LongitudeDegrees>-121.8715734</LongitudeDegrees>
            </Position>
            <AltitudeMeters>26</AltitudeMeters>
            <DistanceMeters>6163.10</DistanceMeters>
            <HeartRateBpm><Value>157</Value></HeartRateBpm>
            <Cadence>167</Cadence>
          </Trackpoint>
          <Trackpoint>
            <Time>2026-03-08T14:08:30.000Z</Time>
            <Position>
              <LatitudeDegrees>37.3498049</LatitudeDegrees>
              <LongitudeDegrees>-121.8716806</LongitudeDegrees>
            </Position>
            <AltitudeMeters>26.1</AltitudeMeters>
            <DistanceMeters>6176.47</DistanceMeters>
            <HeartRateBpm><Value>157</Value></HeartRateBpm>
            <Cadence>167</Cadence>
          </Trackpoint>
          <Trackpoint>
            <Time>2026-03-08T14:08:35.000Z</Time>
            <Position>
              <LatitudeDegrees>37.3497198</LatitudeDegrees>
              <LongitudeDegrees>-121.8717878</LongitudeDegrees>
            </Position>
            <AltitudeMeters>26.1</AltitudeMeters>
            <DistanceMeters>6189.84</DistanceMeters>
            <HeartRateBpm><Value>157</Value></HeartRateBpm>
            <Cadence>167</Cadence>
          </Trackpoint>
          <Trackpoint>
            <Time>2026-03-08T14:08:40.000Z</Time>
            <Position>
              <LatitudeDegrees>37.3496347</LatitudeDegrees>
              <LongitudeDegrees>-121.8718950</LongitudeDegrees>
            </Position>
            <AltitudeMeters>26.2</AltitudeMeters>
            <DistanceMeters>6203.21</DistanceMeters>
            <HeartRateBpm><Value>157</Value></HeartRateBpm>
            <Cadence>167</Cadence>
          </Trackpoint>
          <Trackpoint>
            <Time>2026-03-08T14:08:45.000Z</Time>
            <Position>
              <LatitudeDegrees>37.3495496</LatitudeDegrees>
              <LongitudeDegrees>-121.8720022</LongitudeDegrees>
            </Position>
            <AltitudeMeters>26.3</AltitudeMeters>
            <DistanceMeters>6216.58</DistanceMeters>
            <HeartRateBpm><Value>157</Value></HeartRateBpm>
            <Cadence>167</Cadence>
          </Trackpoint>
          <Trackpoint>
            <Time>2026-03-08T14:08:50.000Z</Time>
            <Position>
              <LatitudeDegrees>37.3494646</LatitudeDegrees>
              <LongitudeDegrees>-121.8721093</LongitudeDegrees>
            </Position>
            <AltitudeMeters>26.3</AltitudeMeters>
            <DistanceMeters>6229.95</DistanceMeters>
            <HeartRateBpm><Value>157</Value></HeartRateBpm>
            <Cadence>167</Cadence>
          </Trackpoint>
          <Trackpoint>
            <Time>2026-03-08T14:08:55.000Z</Time>
            <Position>
              <LatitudeDegrees>37.3493795</LatitudeDegrees>
              <LongitudeDegrees>-121.8722165</LongitudeDegrees>
            </Position>
            <AltitudeMeters>26.4</AltitudeMeters>
            <DistanceMeters>6243.32</DistanceMeters>
            <HeartRateBpm><Value>157</Value></HeartRateBpm>
            <Cadence>167</Cadence>
          </Trackpoint>
          <Trackpoint>
            <Time>2026-03-08T14:09:00.000Z</Time>
            <Position>
              <LatitudeDegrees>37.3492944</LatitudeDegrees>
              <LongitudeDegrees>-121.8723237</LongitudeDegrees>
            </Position>
            <AltitudeMeters>26.4</AltitudeMeters>
            <DistanceMeters>6256.68</DistanceMeters>
            <HeartRateBpm><Value>157</Value></HeartRateBpm>
            <Cadence>167</Cadence>
          </Trackpoint>
          <Trackpoint>
            <Time>2026-03-08T14:09:05.000Z</Time>
            <Position>
              <LatitudeDegrees>37.3492093</LatitudeDegrees>
              <LongitudeDegrees>-121.8724309</LongitudeDegrees>
            </Position>
            <AltitudeMeters>26.5</AltitudeMeters>
            <DistanceMeters>6270.05</DistanceMeters>
            <HeartRateBpm><Value>157</Value></HeartRateBpm>
            <Cadence>167</Cadence>
          </Trackpoint>
          <Trackpoint>
            <Time>2026-03-08T14:09:10.000Z</Time>
            <Position>
              <LatitudeDegrees>37.3491242</LatitudeDegrees>
              <LongitudeDegrees>-121.8725381</LongitudeDegrees>
            </Position>
            <AltitudeMeters>26.6</AltitudeMeters>
            <DistanceMeters>6283.42</DistanceMeters>
            <HeartRateBpm><Value>157</Value></HeartRateBpm>
            <Cadence>167</Cadence>
          </Trackpoint>
          <Trackpoint>
            <Time>2026-03-08T14:09:15.000Z</Time>
            <Position>
              <LatitudeDegrees>37.3490392</LatitudeDegrees>
              <LongitudeDegrees>-121.8726452</LongitudeDegrees>
            </Position>
            <AltitudeMeters>26.6</AltitudeMeters>
            <DistanceMeters>6296.79</DistanceMeters>
            <HeartRateBpm><Value>157</Value></HeartRateBpm>
            <Cadence>167</Cadence>
          </Trackpoint>
          <Trackpoint>
            <Time>2026-03-08T14:09:20.000Z</Time>
            <Position>
              <LatitudeDegrees>37.3489541</LatitudeDegrees>
              <LongitudeDegrees>-121.8727524</LongitudeDegrees>
            </Position>
            <AltitudeMeters>26.7</AltitudeMeters>
            <DistanceMeters>6310.16</DistanceMeters>
            <HeartRateBpm><Value>157</Value></HeartRateBpm>
            <Cadence>167</Cadence>
          </Trackpoint>
          <Trackpoint>
            <Time>2026-03-08T14:09:25.000Z</Time>
            <Position>
              <LatitudeDegrees>37.3488690</LatitudeDegrees>
              <LongitudeDegrees>-121.8728596</LongitudeDegrees>
            </Position>
            <AltitudeMeters>26.7</AltitudeMeters>
            <DistanceMeters>6323.53</DistanceMeters>
            <HeartRateBpm><Value>157</Value></HeartRateBpm>
            <Cadence>167</Cadence>
          </Trackpoint>
          <Trackpoint>
            <Time>2026-03-08T14:09:30.000Z</Time>
            <Position>
              <LatitudeDegrees>37.3487839</LatitudeDegrees>
              <LongitudeDegrees>-121.8729668</LongitudeDegrees>
            </Position>
            <AltitudeMeters>26.7</AltitudeMeters>
            <DistanceMeters>6336.90</DistanceMeters>
            <HeartRateBpm><Value>157</Value></HeartRateBpm>
            <Cadence>167</Cadence>
          </Trackpoint>
          <Trackpoint>
            <Time>2026-03-08T14:09:35.000Z</Time>
            <Position>
              <LatitudeDegrees>37.3486988</LatitudeDegrees>
              <LongitudeDegrees>-121.8730740</LongitudeDegrees>
            </Position>
            <AltitudeMeters>26.8</AltitudeMeters>
            <DistanceMeters>6350.27</DistanceMeters>
            <HeartRateBpm><Value>157</Value></HeartRateBpm>
            <Cadence>167</Cadence>
          </Trackpoint>
          <Trackpoint>
            <Time>2026-03-08T14:09:40.000Z</Time>
            <Position>
              <LatitudeDegrees>37.3486138</LatitudeDegrees>
              <LongitudeDegrees>-121.8731811</LongitudeDegrees>
            </Position>
            <AltitudeMeters>26.8</AltitudeMeters>
            <DistanceMeters>6363.64</DistanceMeters>
            <HeartRateBpm><Value>157</Value></HeartRateBpm>
            <Cadence>167</Cadence>
          </Trackpoint>
          <Trackpoint>
            <Time>2026-03-08T14:09:45.000Z</Time>
            <Position>
              <LatitudeDegrees>37.3485287</LatitudeDegrees>
              <LongitudeDegrees>-121.8732883</LongitudeDegrees>
            </Position>
            <AltitudeMeters>26.9</AltitudeMeters>
            <DistanceMeters>6377.01</DistanceMeters>
            <HeartRateBpm><Value>157</Value></HeartRateBpm>
            <Cadence>167</Cadence>
          </Trackpoint>
          <Trackpoint>
            <Time>2026-03-08T14:09:50.000Z</Time>
            <Position>
              <LatitudeDegrees>37.3484436</LatitudeDegrees>
              <LongitudeDegrees>-121.8733955</LongitudeDegrees>
            </Position>
            <AltitudeMeters>26.9</AltitudeMeters>
            <DistanceMeters>6390.37</DistanceMeters>
            <HeartRateBpm><Value>157</Value></HeartRateBpm>
            <Cadence>167</Cadence>
          </Trackpoint>
          <Trackpoint>
            <Time>2026-03-08T14:09:55.000Z</Time>
            <Position>
              <LatitudeDegrees>37.3483585</LatitudeDegrees>
              <LongitudeDegrees>-121.8735027</LongitudeDegrees>
            </Position>
            <AltitudeMeters>26.9</AltitudeMeters>
            <DistanceMeters>6403.74</DistanceMeters>
            <HeartRateBpm><Value>157</Value></HeartRateBpm>
            <Cadence>167</Cadence>
          </Trackpoint>
          <Trackpoint>
            <Time>2026-03-08T14:10:00.000Z</Time>
            <Position>
              <LatitudeDegrees>37.3482734</LatitudeDegrees>
              <LongitudeDegrees>-121.8736099</LongitudeDegrees>
            </Position>
            <AltitudeMeters>26.9</AltitudeMeters>
            <DistanceMeters>6417.11</DistanceMeters>
            <HeartRateBpm><Value>157</Value></HeartRateBpm>
            <Cadence>167</Cadence>
          </Trackpoint>
          <Trackpoint>
            <Time>2026-03-08T14:10:05.000Z</Time>
            <Position>
              <LatitudeDegrees>37.3481884</LatitudeDegrees>
              <LongitudeDegrees>-121.8737170</LongitudeDegrees>
            </Position>
            <AltitudeMeters>27</AltitudeMeters>
            <DistanceMeters>6430.48</DistanceMeters>
            <HeartRateBpm><Value>157</Value></HeartRateBpm>
            <Cadence>167</Cadence>
          </Trackpoint>
          <Trackpoint>
            <Time>2026-03-08T14:10:10.000Z</Time>
            <Position>
              <LatitudeDegrees>37.3481033</LatitudeDegrees>
              <LongitudeDegrees>-121.8738242</LongitudeDegrees>
            </Position>
            <AltitudeMeters>27</AltitudeMeters>
            <DistanceMeters>6443.85</DistanceMeters>
            <HeartRateBpm><Value>157</Value></HeartRateBpm>
            <Cadence>167</Cadence>
          </Trackpoint>
          <Trackpoint>
            <Time>2026-03-08T14:10:15.000Z</Time>
            <Position>
              <LatitudeDegrees>37.3480182</LatitudeDegrees>
              <LongitudeDegrees>-121.8739314</LongitudeDegrees>
            </Position>
            <AltitudeMeters>27</AltitudeMeters>
            <DistanceMeters>6457.22</DistanceMeters>
            <HeartRateBpm><Value>157</Value></HeartRateBpm>
            <Cadence>167</Cadence>
          </Trackpoint>
          <Trackpoint>
            <Time>2026-03-08T14:10:20.000Z</Time>
            <Position>
              <LatitudeDegrees>37.3479331</LatitudeDegrees>
              <LongitudeDegrees>-121.8740386</LongitudeDegrees>
            </Position>
            <AltitudeMeters>27</AltitudeMeters>
            <DistanceMeters>6470.59</DistanceMeters>
            <HeartRateBpm><Value>157</Value></HeartRateBpm>
            <Cadence>167</Cadence>
          </Trackpoint>
          <Trackpoint>
            <Time>2026-03-08T14:10:25.000Z</Time>
            <Position>
              <LatitudeDegrees>37.3478480</LatitudeDegrees>
              <LongitudeDegrees>-121.8741458</LongitudeDegrees>
            </Position>
            <AltitudeMeters>27</AltitudeMeters>
            <DistanceMeters>6483.96</DistanceMeters>
            <HeartRateBpm><Value>157</Value></HeartRateBpm>
            <Cadence>167</Cadence>
          </Trackpoint>
          <Trackpoint>
            <Time>2026-03-08T14:10:30.000Z</Time>
            <Position>
              <LatitudeDegrees>37.3477630</LatitudeDegrees>
              <LongitudeDegrees>-121.8742529</LongitudeDegrees>
            </Position>
            <AltitudeMeters>27</AltitudeMeters>
            <DistanceMeters>6497.33</DistanceMeters>
            <HeartRateBpm><Value>157</Value></HeartRateBpm>
            <Cadence>167</Cadence>
          </Trackpoint>
          <Trackpoint>
            <Time>2026-03-08T14:10:35.000Z</Time>
            <Position>
              <LatitudeDegrees>37.3476779</LatitudeDegrees>
              <LongitudeDegrees>-121.8743601</LongitudeDegrees>
            </Position>
            <AltitudeMeters>27</AltitudeMeters>
            <DistanceMeters>6510.70</DistanceMeters>
            <HeartRateBpm><Value>157</Value></HeartRateBpm>
            <Cadence>167</Cadence>
          </Trackpoint>
          <Trackpoint>
            <Time>2026-03-08T14:10:40.000Z</Time>
            <Position>
              <LatitudeDegrees>37.3475928</LatitudeDegrees>
              <LongitudeDegrees>-121.8744673</LongitudeDegrees>
            </Position>
            <AltitudeMeters>27</AltitudeMeters>
            <DistanceMeters>6524.06</DistanceMeters>
            <HeartRateBpm><Value>157</Value></HeartRateBpm>
            <Cadence>167</Cadence>
          </Trackpoint>
          <Trackpoint>
            <Time>2026-03-08T14:10:45.000Z</Time>
            <Position>
              <LatitudeDegrees>37.3475077</LatitudeDegrees>
              <LongitudeDegrees>-121.8745745</LongitudeDegrees>
            </Position>
            <AltitudeMeters>27</AltitudeMeters>
            <DistanceMeters>6537.43</DistanceMeters>
            <HeartRateBpm><Value>157</Value></HeartRateBpm>
            <Cadence>167</Cadence>
          </Trackpoint>
          <Trackpoint>
            <Time>2026-03-08T14:10:50.000Z</Time>
            <Position>
              <LatitudeDegrees>37.3474226</LatitudeDegrees>
              <LongitudeDegrees>-121.8746817</LongitudeDegrees>
            </Position>
            <AltitudeMeters>27</AltitudeMeters>
            <DistanceMeters>6550.80</DistanceMeters>
            <HeartRateBpm><Value>157</Value></HeartRateBpm>
            <Cadence>167</Cadence>
          </Trackpoint>
          <Trackpoint>
            <Time>2026-03-08T14:10:55.000Z</Time>
            <Position>
              <LatitudeDegrees>37.3473376</LatitudeDegrees>
              <LongitudeDegrees>-121.8747888</LongitudeDegrees>
            </Position>
            <AltitudeMeters>27</AltitudeMeters>
            <DistanceMeters>6564.17</DistanceMeters>
            <HeartRateBpm><Value>157</Value></HeartRateBpm>
            <Cadence>167</Cadence>
          </Trackpoint>
          <Trackpoint>
            <Time>2026-03-08T14:11:00.000Z</Time>
            <Position>
              <LatitudeDegrees>37.3472525</LatitudeDegrees>
              <LongitudeDegrees>-121.8748960</LongitudeDegrees>
            </Position>
            <AltitudeMeters>26.9</AltitudeMeters>
            <DistanceMeters>6577.54</DistanceMeters>
            <HeartRateBpm><Value>157</Value></HeartRateBpm>
            <Cadence>167</Cadence>
          </Trackpoint>
          <Trackpoint>
            <Time>2026-03-08T14:11:05.000Z</Time>
            <Position>
              <LatitudeDegrees>37.3471674</LatitudeDegrees>
              <LongitudeDegrees>-121.8750032</LongitudeDegrees>
            </Position>
            <AltitudeMeters>26.9</AltitudeMeters>
            <DistanceMeters>6590.91</DistanceMeters>
            <HeartRateBpm><Value>157</Value></HeartRateBpm>
            <Cadence>167</Cadence>
          </Trackpoint>
          <Trackpoint>
            <Time>2026-03-08T14:11:10.000Z</Time>
            <Position>
              <LatitudeDegrees>37.3470823</LatitudeDegrees>
              <LongitudeDegrees>-121.8751104</LongitudeDegrees>
            </Position>
            <AltitudeMeters>26.9</AltitudeMeters>
            <DistanceMeters>6604.28</DistanceMeters>
            <HeartRateBpm><Value>157</Value></HeartRateBpm>
            <Cadence>167</Cadence>
          </Trackpoint>
          <Trackpoint>
            <Time>2026-03-08T14:11:15.000Z</Time>
            <Position>
              <LatitudeDegrees>37.3469972</LatitudeDegrees>
              <LongitudeDegrees>-121.8752176</LongitudeDegrees>
            </Position>
            <AltitudeMeters>26.9</AltitudeMeters>
            <DistanceMeters>6617.65</DistanceMeters>
            <HeartRateBpm><Value>157</Value></HeartRateBpm>
            <Cadence>167</Cadence>
          </Trackpoint>
          <Trackpoint>
            <Time>2026-03-08T14:11:20.000Z</Time>
            <Position>
              <LatitudeDegrees>37.3469122</LatitudeDegrees>
              <LongitudeDegrees>-121.8753247</LongitudeDegrees>
            </Position>
            <AltitudeMeters>26.8</AltitudeMeters>
            <DistanceMeters>6631.02</DistanceMeters>
            <HeartRateBpm><Value>157</Value></HeartRateBpm>
            <Cadence>167</Cadence>
          </Trackpoint>
          <Trackpoint>
            <Time>2026-03-08T14:11:25.000Z</Time>
            <Position>
              <LatitudeDegrees>37.3468271</LatitudeDegrees>
              <LongitudeDegrees>-121.8754319</LongitudeDegrees>
            </Position>
            <AltitudeMeters>26.8</AltitudeMeters>
            <DistanceMeters>6644.39</DistanceMeters>
            <HeartRateBpm><Value>157</Value></HeartRateBpm>
            <Cadence>167</Cadence>
          </Trackpoint>
          <Trackpoint>
            <Time>2026-03-08T14:11:30.000Z</Time>
            <Position>
              <LatitudeDegrees>37.3467420</LatitudeDegrees>
              <LongitudeDegrees>-121.8755391</LongitudeDegrees>
            </Position>
            <AltitudeMeters>26.8</AltitudeMeters>
            <DistanceMeters>6657.75</DistanceMeters>
            <HeartRateBpm><Value>157</Value></HeartRateBpm>
            <Cadence>167</Cadence>
          </Trackpoint>
          <Trackpoint>
            <Time>2026-03-08T14:11:35.000Z</Time>
            <Position>
              <LatitudeDegrees>37.3466569</LatitudeDegrees>
              <LongitudeDegrees>-121.8756463</LongitudeDegrees>
            </Position>
            <AltitudeMeters>26.7</AltitudeMeters>
            <DistanceMeters>6671.12</DistanceMeters>
            <HeartRateBpm><Value>157</Value></HeartRateBpm>
            <Cadence>167</Cadence>
          </Trackpoint>
          <Trackpoint>
            <Time>2026-03-08T14:11:40.000Z</Time>
            <Position>
              <LatitudeDegrees>37.3465719</LatitudeDegrees>
              <LongitudeDegrees>-121.8757535</LongitudeDegrees>
            </Position>
            <AltitudeMeters>26.7</AltitudeMeters>
            <DistanceMeters>6684.49</DistanceMeters>
            <HeartRateBpm><Value>157</Value></HeartRateBpm>
            <Cadence>167</Cadence>
          </Trackpoint>
          <Trackpoint>
            <Time>2026-03-08T14:11:45.000Z</Time>
            <Position>
              <LatitudeDegrees>37.3464868</LatitudeDegrees>
              <LongitudeDegrees>-121.8758606</LongitudeDegrees>
            </Position>
            <AltitudeMeters>26.6</AltitudeMeters>
            <DistanceMeters>6697.86</DistanceMeters>
            <HeartRateBpm><Value>157</Value></HeartRateBpm>
            <Cadence>167</Cadence>
          </Trackpoint>
          <Trackpoint>
            <Time>2026-03-08T14:11:50.000Z</Time>
            <Position>
              <LatitudeDegrees>37.3464017</LatitudeDegrees>
              <LongitudeDegrees>-121.8759678</LongitudeDegrees>
            </Position>
            <AltitudeMeters>26.6</AltitudeMeters>
            <DistanceMeters>6711.23</DistanceMeters>
            <HeartRateBpm><Value>157</Value></HeartRateBpm>
            <Cadence>167</Cadence>
          </Trackpoint>
          <Trackpoint>
            <Time>2026-03-08T14:11:55.000Z</Time>
            <Position>
              <LatitudeDegrees>37.3463166</LatitudeDegrees>
              <LongitudeDegrees>-121.8760750</LongitudeDegrees>
            </Position>
            <AltitudeMeters>26.5</AltitudeMeters>
            <DistanceMeters>6724.60</DistanceMeters>
            <HeartRateBpm><Value>157</Value></HeartRateBpm>
            <Cadence>167</Cadence>
          </Trackpoint>
          <Trackpoint>
            <Time>2026-03-08T14:12:00.000Z</Time>
            <Position>
              <LatitudeDegrees>37.3462315</LatitudeDegrees>
              <LongitudeDegrees>-121.8761822</LongitudeDegrees>
            </Position>
            <AltitudeMeters>26.5</AltitudeMeters>
            <DistanceMeters>6737.97</DistanceMeters>
            <HeartRateBpm><Value>157</Value></HeartRateBpm>
            <Cadence>167</Cadence>
          </Trackpoint>
          <Trackpoint>
            <Time>2026-03-08T14:12:05.000Z</Time>
            <Position>
              <LatitudeDegrees>37.3461465</LatitudeDegrees>
              <LongitudeDegrees>-121.8762894</LongitudeDegrees>
            </Position>
            <AltitudeMeters>26.4</AltitudeMeters>
            <DistanceMeters>6751.34</DistanceMeters>
            <HeartRateBpm><Value>157</Value></HeartRateBpm>
            <Cadence>167</Cadence>
          </Trackpoint>
          <Trackpoint>
            <Time>2026-03-08T14:12:10.000Z</Time>
            <Position>
              <LatitudeDegrees>37.3460614</LatitudeDegrees>
              <LongitudeDegrees>-121.8763965</LongitudeDegrees>
            </Position>
            <AltitudeMeters>26.3</AltitudeMeters>
            <DistanceMeters>6764.71</DistanceMeters>
            <HeartRateBpm><Value>157</Value></HeartRateBpm>
            <Cadence>167</Cadence>
          </Trackpoint>
          <Trackpoint>
            <Time>2026-03-08T14:12:15.000Z</Time>
            <Position>
              <LatitudeDegrees>37.3459763</LatitudeDegrees>
              <LongitudeDegrees>-121.8765037</LongitudeDegrees>
            </Position>
            <AltitudeMeters>26.3</AltitudeMeters>
            <DistanceMeters>6778.07</DistanceMeters>
            <HeartRateBpm><Value>157</Value></HeartRateBpm>
            <Cadence>167</Cadence>
          </Trackpoint>
          <Trackpoint>
            <Time>2026-03-08T14:12:20.000Z</Time>
            <Position>
              <LatitudeDegrees>37.3458912</LatitudeDegrees>
              <LongitudeDegrees>-121.8766109</LongitudeDegrees>
            </Position>
            <AltitudeMeters>26.2</AltitudeMeters>
            <DistanceMeters>6791.44</DistanceMeters>
            <HeartRateBpm><Value>157</Value></HeartRateBpm>
            <Cadence>167</Cadence>
          </Trackpoint>
          <Trackpoint>
            <Time>2026-03-08T14:12:25.000Z</Time>
            <Position>
              <LatitudeDegrees>37.3458061</LatitudeDegrees>
              <LongitudeDegrees>-121.8767181</LongitudeDegrees>
            </Position>
            <AltitudeMeters>26.2</AltitudeMeters>
            <DistanceMeters>6804.81</DistanceMeters>
            <HeartRateBpm><Value>157</Value></HeartRateBpm>
            <Cadence>167</Cadence>
          </Trackpoint>
          <Trackpoint>
            <Time>2026-03-08T14:12:30.000Z</Time>
            <Position>
              <LatitudeDegrees>37.3457211</LatitudeDegrees>
              <LongitudeDegrees>-121.8768253</LongitudeDegrees>
            </Position>
            <AltitudeMeters>26.1</AltitudeMeters>
            <DistanceMeters>6818.18</DistanceMeters>
            <HeartRateBpm><Value>157</Value></HeartRateBpm>
            <Cadence>167</Cadence>
          </Trackpoint>
          <Trackpoint>
            <Time>2026-03-08T14:12:35.000Z</Time>
            <Position>
              <LatitudeDegrees>37.3456360</LatitudeDegrees>
              <LongitudeDegrees>-121.8769324</LongitudeDegrees>
            </Position>
            <AltitudeMeters>26</AltitudeMeters>
            <DistanceMeters>6831.55</DistanceMeters>
            <HeartRateBpm><Value>157</Value></HeartRateBpm>
            <Cadence>167</Cadence>
          </Trackpoint>
          <Trackpoint>
            <Time>2026-03-08T14:12:40.000Z</Time>
            <Position>
              <LatitudeDegrees>37.3455509</LatitudeDegrees>
              <LongitudeDegrees>-121.8770396</LongitudeDegrees>
            </Position>
            <AltitudeMeters>25.9</AltitudeMeters>
            <DistanceMeters>6844.92</DistanceMeters>
            <HeartRateBpm><Value>157</Value></HeartRateBpm>
            <Cadence>167</Cadence>
          </Trackpoint>
          <Trackpoint>
            <Time>2026-03-08T14:12:45.000Z</Time>
            <Position>
              <LatitudeDegrees>37.3454658</LatitudeDegrees>
              <LongitudeDegrees>-121.8771468</LongitudeDegrees>
            </Position>
            <AltitudeMeters>25.9</AltitudeMeters>
            <DistanceMeters>6858.29</DistanceMeters>
            <HeartRateBpm><Value>157</Value></HeartRateBpm>
            <Cadence>167</Cadence>
          </Trackpoint>
          <Trackpoint>
            <Time>2026-03-08T14:12:50.000Z</Time>
            <Position>
              <LatitudeDegrees>37.3453807</LatitudeDegrees>
              <LongitudeDegrees>-121.8772540</LongitudeDegrees>
            </Position>
            <AltitudeMeters>25.8</AltitudeMeters>
            <DistanceMeters>6871.66</DistanceMeters>
            <HeartRateBpm><Value>157</Value></HeartRateBpm>
            <Cadence>167</Cadence>
          </Trackpoint>
          <Trackpoint>
            <Time>2026-03-08T14:12:55.000Z</Time>
            <Position>
              <LatitudeDegrees>37.3452957</LatitudeDegrees>
              <LongitudeDegrees>-121.8773612</LongitudeDegrees>
            </Position>
            <AltitudeMeters>25.7</AltitudeMeters>
            <DistanceMeters>6885.03</DistanceMeters>
            <HeartRateBpm><Value>157</Value></HeartRateBpm>
            <Cadence>167</Cadence>
          </Trackpoint>
          <Trackpoint>
            <Time>2026-03-08T14:13:00.000Z</Time>
            <Position>
              <LatitudeDegrees>37.3452106</LatitudeDegrees>
              <LongitudeDegrees>-121.8774683</LongitudeDegrees>
            </Position>
            <AltitudeMeters>25.6</AltitudeMeters>
            <DistanceMeters>6898.40</DistanceMeters>
            <HeartRateBpm><Value>157</Value></HeartRateBpm>
            <Cadence>167</Cadence>
          </Trackpoint>
          <Trackpoint>
            <Time>2026-03-08T14:13:05.000Z</Time>
            <Position>
              <LatitudeDegrees>37.3451255</LatitudeDegrees>
              <LongitudeDegrees>-121.8775755</LongitudeDegrees>
            </Position>
            <AltitudeMeters>25.5</AltitudeMeters>
            <DistanceMeters>6911.76</DistanceMeters>
            <HeartRateBpm><Value>157</Value></HeartRateBpm>
            <Cadence>167</Cadence>
          </Trackpoint>
          <Trackpoint>
            <Time>2026-03-08T14:13:10.000Z</Time>
            <Position>
              <LatitudeDegrees>37.3450404</LatitudeDegrees>
              <LongitudeDegrees>-121.8776827</LongitudeDegrees>
            </Position>
            <AltitudeMeters>25.5</AltitudeMeters>
            <DistanceMeters>6925.13</DistanceMeters>
            <HeartRateBpm><Value>157</Value></HeartRateBpm>
            <Cadence>167</Cadence>
          </Trackpoint>
          <Trackpoint>
            <Time>2026-03-08T14:13:15.000Z</Time>
            <Position>
              <LatitudeDegrees>37.3449553</LatitudeDegrees>
              <LongitudeDegrees>-121.8777899</LongitudeDegrees>
            </Position>
            <AltitudeMeters>25.4</AltitudeMeters>
            <DistanceMeters>6938.50</DistanceMeters>
            <HeartRateBpm><Value>157</Value></HeartRateBpm>
            <Cadence>167</Cadence>
          </Trackpoint>
          <Trackpoint>
            <Time>2026-03-08T14:13:20.000Z</Time>
            <Position>
              <LatitudeDegrees>37.3448703</LatitudeDegrees>
              <LongitudeDegrees>-121.8778971</LongitudeDegrees>
            </Position>
            <AltitudeMeters>25.3</AltitudeMeters>
            <DistanceMeters>6951.87</DistanceMeters>
            <HeartRateBpm><Value>157</Value></HeartRateBpm>
            <Cadence>167</Cadence>
          </Trackpoint>
          <Trackpoint>
            <Time>2026-03-08T14:13:25.000Z</Time>
            <Position>
              <LatitudeDegrees>37.3447852</LatitudeDegrees>
              <LongitudeDegrees>-121.8780042</LongitudeDegrees>
            </Position>
            <AltitudeMeters>25.2</AltitudeMeters>
            <DistanceMeters>6965.24</DistanceMeters>
            <HeartRateBpm><Value>157</Value></HeartRateBpm>
            <Cadence>167</Cadence>
          </Trackpoint>
          <Trackpoint>
            <Time>2026-03-08T14:13:30.000Z</Time>
            <Position>
              <LatitudeDegrees>37.3447001</LatitudeDegrees>
              <LongitudeDegrees>-121.8781114</LongitudeDegrees>
            </Position>
            <AltitudeMeters>25.1</AltitudeMeters>
            <DistanceMeters>6978.61</DistanceMeters>
            <HeartRateBpm><Value>157</Value></HeartRateBpm>
            <Cadence>167</Cadence>
          </Trackpoint>
          <Trackpoint>
            <Time>2026-03-08T14:13:35.000Z</Time>
            <Position>
              <LatitudeDegrees>37.3446150</LatitudeDegrees>
              <LongitudeDegrees>-121.8782186</LongitudeDegrees>
            </Position>
            <AltitudeMeters>25.1</AltitudeMeters>
            <DistanceMeters>6991.98</DistanceMeters>
            <HeartRateBpm><Value>157</Value></HeartRateBpm>
            <Cadence>167</Cadence>
          </Trackpoint>
          <Trackpoint>
            <Time>2026-03-08T14:13:40.000Z</Time>
            <Position>
              <LatitudeDegrees>37.3445299</LatitudeDegrees>
              <LongitudeDegrees>-121.8783258</LongitudeDegrees>
            </Position>
            <AltitudeMeters>25</AltitudeMeters>
            <DistanceMeters>7005.35</DistanceMeters>
            <HeartRateBpm><Value>157</Value></HeartRateBpm>
            <Cadence>167</Cadence>
          </Trackpoint>
          <Trackpoint>
            <Time>2026-03-08T14:13:45.000Z</Time>
            <Position>
              <LatitudeDegrees>37.3444449</LatitudeDegrees>
              <LongitudeDegrees>-121.8784330</LongitudeDegrees>
            </Position>
            <AltitudeMeters>24.9</AltitudeMeters>
            <DistanceMeters>7018.72</DistanceMeters>
            <HeartRateBpm><Value>157</Value></HeartRateBpm>
            <Cadence>167</Cadence>
          </Trackpoint>
          <Trackpoint>
            <Time>2026-03-08T14:13:50.000Z</Time>
            <Position>
              <LatitudeDegrees>37.3443598</LatitudeDegrees>
              <LongitudeDegrees>-121.8785401</LongitudeDegrees>
            </Position>
            <AltitudeMeters>24.8</AltitudeMeters>
            <DistanceMeters>7032.09</DistanceMeters>
            <HeartRateBpm><Value>157</Value></HeartRateBpm>
            <Cadence>167</Cadence>
          </Trackpoint>
          <Trackpoint>
            <Time>2026-03-08T14:13:55.000Z</Time>
            <Position>
              <LatitudeDegrees>37.3442747</LatitudeDegrees>
              <LongitudeDegrees>-121.8786473</LongitudeDegrees>
            </Position>
            <AltitudeMeters>24.7</AltitudeMeters>
            <DistanceMeters>7045.45</DistanceMeters>
            <HeartRateBpm><Value>157</Value></HeartRateBpm>
            <Cadence>167</Cadence>
          </Trackpoint>
          <Trackpoint>
            <Time>2026-03-08T14:14:00.000Z</Time>
            <Position>
              <LatitudeDegrees>37.3441896</LatitudeDegrees>
              <LongitudeDegrees>-121.8787545</LongitudeDegrees>
            </Position>
            <AltitudeMeters>24.6</AltitudeMeters>
            <DistanceMeters>7058.82</DistanceMeters>
            <HeartRateBpm><Value>157</Value></HeartRateBpm>
            <Cadence>167</Cadence>
          </Trackpoint>
          <Trackpoint>
            <Time>2026-03-08T14:14:05.000Z</Time>
            <Position>
              <LatitudeDegrees>37.3441045</LatitudeDegrees>
              <LongitudeDegrees>-121.8788617</LongitudeDegrees>
            </Position>
            <AltitudeMeters>24.6</AltitudeMeters>
            <DistanceMeters>7072.19</DistanceMeters>
            <HeartRateBpm><Value>157</Value></HeartRateBpm>
            <Cadence>167</Cadence>
          </Trackpoint>
          <Trackpoint>
            <Time>2026-03-08T14:14:10.000Z</Time>
            <Position>
              <LatitudeDegrees>37.3440195</LatitudeDegrees>
              <LongitudeDegrees>-121.8789689</LongitudeDegrees>
            </Position>
            <AltitudeMeters>24.5</AltitudeMeters>
            <DistanceMeters>7085.56</DistanceMeters>
            <HeartRateBpm><Value>157</Value></HeartRateBpm>
            <Cadence>167</Cadence>
          </Trackpoint>
          <Trackpoint>
            <Time>2026-03-08T14:14:15.000Z</Time>
            <Position>
              <LatitudeDegrees>37.3439344</LatitudeDegrees>
              <LongitudeDegrees>-121.8790761</LongitudeDegrees>
            </Position>
            <AltitudeMeters>24.4</AltitudeMeters>
            <DistanceMeters>7098.93</DistanceMeters>
            <HeartRateBpm><Value>157</Value></HeartRateBpm>
            <Cadence>167</Cadence>
          </Trackpoint>
          <Trackpoint>
            <Time>2026-03-08T14:14:20.000Z</Time>
            <Position>
              <LatitudeDegrees>37.3438493</LatitudeDegrees>
              <LongitudeDegrees>-121.8791832</LongitudeDegrees>
            </Position>
            <AltitudeMeters>24.3</AltitudeMeters>
            <DistanceMeters>7112.30</DistanceMeters>
            <HeartRateBpm><Value>157</Value></HeartRateBpm>
            <Cadence>167</Cadence>
          </Trackpoint>
          <Trackpoint>
            <Time>2026-03-08T14:14:25.000Z</Time>
            <Position>
              <LatitudeDegrees>37.3437642</LatitudeDegrees>
              <LongitudeDegrees>-121.8792904</LongitudeDegrees>
            </Position>
            <AltitudeMeters>24.2</AltitudeMeters>
            <DistanceMeters>7125.67</DistanceMeters>
            <HeartRateBpm><Value>157</Value></HeartRateBpm>
            <Cadence>167</Cadence>
          </Trackpoint>
          <Trackpoint>
            <Time>2026-03-08T14:14:30.000Z</Time>
            <Position>
              <LatitudeDegrees>37.3436791</LatitudeDegrees>
              <LongitudeDegrees>-121.8793976</LongitudeDegrees>
            </Position>
            <AltitudeMeters>24.2</AltitudeMeters>
            <DistanceMeters>7139.04</DistanceMeters>
            <HeartRateBpm><Value>157</Value></HeartRateBpm>
            <Cadence>167</Cadence>
          </Trackpoint>
          <Trackpoint>
            <Time>2026-03-08T14:14:35.000Z</Time>
            <Position>
              <LatitudeDegrees>37.3435941</LatitudeDegrees>
              <LongitudeDegrees>-121.8795048</LongitudeDegrees>
            </Position>
            <AltitudeMeters>24.1</AltitudeMeters>
            <DistanceMeters>7152.41</DistanceMeters>
            <HeartRateBpm><Value>157</Value></HeartRateBpm>
            <Cadence>167</Cadence>
          </Trackpoint>
          <Trackpoint>
            <Time>2026-03-08T14:14:40.000Z</Time>
            <Position>
              <LatitudeDegrees>37.3435090</LatitudeDegrees>
              <LongitudeDegrees>-121.8796120</LongitudeDegrees>
            </Position>
            <AltitudeMeters>24</AltitudeMeters>
            <DistanceMeters>7165.78</DistanceMeters>
            <HeartRateBpm><Value>157</Value></HeartRateBpm>
            <Cadence>167</Cadence>
          </Trackpoint>
          <Trackpoint>
            <Time>2026-03-08T14:14:45.000Z</Time>
            <Position>
              <LatitudeDegrees>37.3434239</LatitudeDegrees>
              <LongitudeDegrees>-121.8797191</LongitudeDegrees>
            </Position>
            <AltitudeMeters>23.9</AltitudeMeters>
            <DistanceMeters>7179.14</DistanceMeters>
            <HeartRateBpm><Value>157</Value></HeartRateBpm>
            <Cadence>167</Cadence>
          </Trackpoint>
          <Trackpoint>
            <Time>2026-03-08T14:14:50.000Z</Time>
            <Position>
              <LatitudeDegrees>37.3433388</LatitudeDegrees>
              <LongitudeDegrees>-121.8798263</LongitudeDegrees>
            </Position>
            <AltitudeMeters>23.9</AltitudeMeters>
            <DistanceMeters>7192.51</DistanceMeters>
            <HeartRateBpm><Value>157</Value></HeartRateBpm>
            <Cadence>167</Cadence>
          </Trackpoint>
          <Trackpoint>
            <Time>2026-03-08T14:14:55.000Z</Time>
            <Position>
              <LatitudeDegrees>37.3432537</LatitudeDegrees>
              <LongitudeDegrees>-121.8799335</LongitudeDegrees>
            </Position>
            <AltitudeMeters>23.8</AltitudeMeters>
            <DistanceMeters>7205.88</DistanceMeters>
            <HeartRateBpm><Value>157</Value></HeartRateBpm>
            <Cadence>167</Cadence>
          </Trackpoint>
          <Trackpoint>
            <Time>2026-03-08T14:15:00.000Z</Time>
            <Position>
              <LatitudeDegrees>37.3431687</LatitudeDegrees>
              <LongitudeDegrees>-121.8800407</LongitudeDegrees>
            </Position>
            <AltitudeMeters>23.7</AltitudeMeters>
            <DistanceMeters>7219.25</DistanceMeters>
            <HeartRateBpm><Value>157</Value></HeartRateBpm>
            <Cadence>167</Cadence>
          </Trackpoint>
          <Trackpoint>
            <Time>2026-03-08T14:15:05.000Z</Time>
            <Position>
              <LatitudeDegrees>37.3430836</LatitudeDegrees>
              <LongitudeDegrees>-121.8801479</LongitudeDegrees>
            </Position>
            <AltitudeMeters>23.7</AltitudeMeters>
            <DistanceMeters>7232.62</DistanceMeters>
            <HeartRateBpm><Value>157</Value></HeartRateBpm>
            <Cadence>167</Cadence>
          </Trackpoint>
          <Trackpoint>
            <Time>2026-03-08T14:15:10.000Z</Time>
            <Position>
              <LatitudeDegrees>37.3429985</LatitudeDegrees>
              <LongitudeDegrees>-121.8802550</LongitudeDegrees>
            </Position>
            <AltitudeMeters>23.6</AltitudeMeters>
            <DistanceMeters>7245.99</DistanceMeters>
            <HeartRateBpm><Value>157</Value></HeartRateBpm>
            <Cadence>167</Cadence>
          </Trackpoint>
          <Trackpoint>
            <Time>2026-03-08T14:15:15.000Z</Time>
            <Position>
              <LatitudeDegrees>37.3429134</LatitudeDegrees>
              <LongitudeDegrees>-121.8803622</LongitudeDegrees>
            </Position>
            <AltitudeMeters>23.5</AltitudeMeters>
            <DistanceMeters>7259.36</DistanceMeters>
            <HeartRateBpm><Value>157</Value></HeartRateBpm>
            <Cadence>167</Cadence>
          </Trackpoint>
          <Trackpoint>
            <Time>2026-03-08T14:15:20.000Z</Time>
            <Position>
              <LatitudeDegrees>37.3428283</LatitudeDegrees>
              <LongitudeDegrees>-121.8804694</LongitudeDegrees>
            </Position>
            <AltitudeMeters>23.5</AltitudeMeters>
            <DistanceMeters>7272.73</DistanceMeters>
            <HeartRateBpm><Value>157</Value></HeartRateBpm>
            <Cadence>167</Cadence>
          </Trackpoint>
          <Trackpoint>
            <Time>2026-03-08T14:15:25.000Z</Time>
            <Position>
              <LatitudeDegrees>37.3427433</LatitudeDegrees>
              <LongitudeDegrees>-121.8805766</LongitudeDegrees>
            </Position>
            <AltitudeMeters>23.4</AltitudeMeters>
            <DistanceMeters>7286.10</DistanceMeters>
            <HeartRateBpm><Value>157</Value></HeartRateBpm>
            <Cadence>167</Cadence>
          </Trackpoint>
          <Trackpoint>
            <Time>2026-03-08T14:15:30.000Z</Time>
            <Position>
              <LatitudeDegrees>37.3426582</LatitudeDegrees>
              <LongitudeDegrees>-121.8806838</LongitudeDegrees>
            </Position>
            <AltitudeMeters>23.4</AltitudeMeters>
            <DistanceMeters>7299.47</DistanceMeters>
            <HeartRateBpm><Value>157</Value></HeartRateBpm>
            <Cadence>167</Cadence>
          </Trackpoint>
          <Trackpoint>
            <Time>2026-03-08T14:15:35.000Z</Time>
            <Position>
              <LatitudeDegrees>37.3425731</LatitudeDegrees>
              <LongitudeDegrees>-121.8807909</LongitudeDegrees>
            </Position>
            <AltitudeMeters>23.3</AltitudeMeters>
            <DistanceMeters>7312.83</DistanceMeters>
            <HeartRateBpm><Value>157</Value></HeartRateBpm>
            <Cadence>167</Cadence>
          </Trackpoint>
          <Trackpoint>
            <Time>2026-03-08T14:15:40.000Z</Time>
            <Position>
              <LatitudeDegrees>37.3424880</LatitudeDegrees>
              <LongitudeDegrees>-121.8808981</LongitudeDegrees>
            </Position>
            <AltitudeMeters>23.3</AltitudeMeters>
            <DistanceMeters>7326.20</DistanceMeters>
            <HeartRateBpm><Value>157</Value></HeartRateBpm>
            <Cadence>167</Cadence>
          </Trackpoint>
          <Trackpoint>
            <Time>2026-03-08T14:15:45.000Z</Time>
            <Position>
              <LatitudeDegrees>37.3424029</LatitudeDegrees>
              <LongitudeDegrees>-121.8810053</LongitudeDegrees>
            </Position>
            <AltitudeMeters>23.2</AltitudeMeters>
            <DistanceMeters>7339.57</DistanceMeters>
            <HeartRateBpm><Value>157</Value></HeartRateBpm>
            <Cadence>167</Cadence>
          </Trackpoint>
          <Trackpoint>
            <Time>2026-03-08T14:15:50.000Z</Time>
            <Position>
              <LatitudeDegrees>37.3423179</LatitudeDegrees>
              <LongitudeDegrees>-121.8811125</LongitudeDegrees>
            </Position>
            <AltitudeMeters>23.2</AltitudeMeters>
            <DistanceMeters>7352.94</DistanceMeters>
            <HeartRateBpm><Value>157</Value></HeartRateBpm>
            <Cadence>167</Cadence>
          </Trackpoint>
          <Trackpoint>
            <Time>2026-03-08T14:15:55.000Z</Time>
            <Position>
              <LatitudeDegrees>37.3422328</LatitudeDegrees>
              <LongitudeDegrees>-121.8812197</LongitudeDegrees>
            </Position>
            <AltitudeMeters>23.2</AltitudeMeters>
            <DistanceMeters>7366.31</DistanceMeters>
            <HeartRateBpm><Value>157</Value></HeartRateBpm>
            <Cadence>167</Cadence>
          </Trackpoint>
          <Trackpoint>
            <Time>2026-03-08T14:16:00.000Z</Time>
            <Position>
              <LatitudeDegrees>37.3421477</LatitudeDegrees>
              <LongitudeDegrees>-121.8813268</LongitudeDegrees>
            </Position>
            <AltitudeMeters>23.1</AltitudeMeters>
            <DistanceMeters>7379.68</DistanceMeters>
            <HeartRateBpm><Value>157</Value></HeartRateBpm>
            <Cadence>167</Cadence>
          </Trackpoint>
          <Trackpoint>
            <Time>2026-03-08T14:16:05.000Z</Time>
            <Position>
              <LatitudeDegrees>37.3420626</LatitudeDegrees>
              <LongitudeDegrees>-121.8814340</LongitudeDegrees>
            </Position>
            <AltitudeMeters>23.1</AltitudeMeters>
            <DistanceMeters>7393.05</DistanceMeters>
            <HeartRateBpm><Value>157</Value></HeartRateBpm>
            <Cadence>167</Cadence>
          </Trackpoint>
          <Trackpoint>
            <Time>2026-03-08T14:16:10.000Z</Time>
            <Position>
              <LatitudeDegrees>37.3419775</LatitudeDegrees>
              <LongitudeDegrees>-121.8815412</LongitudeDegrees>
            </Position>
            <AltitudeMeters>23.1</AltitudeMeters>
            <DistanceMeters>7406.42</DistanceMeters>
            <HeartRateBpm><Value>157</Value></HeartRateBpm>
            <Cadence>167</Cadence>
          </Trackpoint>
          <Trackpoint>
            <Time>2026-03-08T14:16:15.000Z</Time>
            <Position>
              <LatitudeDegrees>37.3418925</LatitudeDegrees>
              <LongitudeDegrees>-121.8816484</LongitudeDegrees>
            </Position>
            <AltitudeMeters>23.1</AltitudeMeters>
            <DistanceMeters>7419.79</DistanceMeters>
            <HeartRateBpm><Value>157</Value></HeartRateBpm>
            <Cadence>167</Cadence>
          </Trackpoint>
          <Trackpoint>
            <Time>2026-03-08T14:16:20.000Z</Time>
            <Position>
              <LatitudeDegrees>37.3418074</LatitudeDegrees>
              <LongitudeDegrees>-121.8817556</LongitudeDegrees>
            </Position>
            <AltitudeMeters>23</AltitudeMeters>
            <DistanceMeters>7433.16</DistanceMeters>
            <HeartRateBpm><Value>157</Value></HeartRateBpm>
            <Cadence>167</Cadence>
          </Trackpoint>
          <Trackpoint>
            <Time>2026-03-08T14:16:25.000Z</Time>
            <Position>
              <LatitudeDegrees>37.3417223</LatitudeDegrees>
              <LongitudeDegrees>-121.8818627</LongitudeDegrees>
            </Position>
            <AltitudeMeters>23</AltitudeMeters>
            <DistanceMeters>7446.52</DistanceMeters>
            <HeartRateBpm><Value>157</Value></HeartRateBpm>
            <Cadence>167</Cadence>
          </Trackpoint>
          <Trackpoint>
            <Time>2026-03-08T14:16:30.000Z</Time>
            <Position>
              <LatitudeDegrees>37.3416372</LatitudeDegrees>
              <LongitudeDegrees>-121.8819699</LongitudeDegrees>
            </Position>
            <AltitudeMeters>23</AltitudeMeters>
            <DistanceMeters>7459.89</DistanceMeters>
            <HeartRateBpm><Value>157</Value></HeartRateBpm>
            <Cadence>167</Cadence>
          </Trackpoint>
          <Trackpoint>
            <Time>2026-03-08T14:16:35.000Z</Time>
            <Position>
              <LatitudeDegrees>37.3415521</LatitudeDegrees>
              <LongitudeDegrees>-121.8820771</LongitudeDegrees>
            </Position>
            <AltitudeMeters>23</AltitudeMeters>
            <DistanceMeters>7473.26</DistanceMeters>
            <HeartRateBpm><Value>157</Value></HeartRateBpm>
            <Cadence>167</Cadence>
          </Trackpoint>
          <Trackpoint>
            <Time>2026-03-08T14:16:40.000Z</Time>
            <Position>
              <LatitudeDegrees>37.3414671</LatitudeDegrees>
              <LongitudeDegrees>-121.8821843</LongitudeDegrees>
            </Position>
            <AltitudeMeters>23</AltitudeMeters>
            <DistanceMeters>7486.63</DistanceMeters>
            <HeartRateBpm><Value>157</Value></HeartRateBpm>
            <Cadence>167</Cadence>
          </Trackpoint>
          <Trackpoint>
            <Time>2026-03-08T14:16:45.000Z</Time>
            <Position>
              <LatitudeDegrees>37.3413820</LatitudeDegrees>
              <LongitudeDegrees>-121.8822915</LongitudeDegrees>
            </Position>
            <AltitudeMeters>23</AltitudeMeters>
            <DistanceMeters>7500.00</DistanceMeters>
            <HeartRateBpm><Value>157</Value></HeartRateBpm>
            <Cadence>167</Cadence>
          </Trackpoint>
          <Trackpoint>
            <Time>2026-03-08T14:16:50.000Z</Time>
            <Position>
              <LatitudeDegrees>37.3412969</LatitudeDegrees>
              <LongitudeDegrees>-121.8823986</LongitudeDegrees>
            </Position>
            <AltitudeMeters>23</AltitudeMeters>
            <DistanceMeters>7513.37</DistanceMeters>
            <HeartRateBpm><Value>157</Value></HeartRateBpm>
            <Cadence>167</Cadence>
          </Trackpoint>
          <Trackpoint>
            <Time>2026-03-08T14:16:55.000Z</Time>
            <Position>
              <LatitudeDegrees>37.3412118</LatitudeDegrees>
              <LongitudeDegrees>-121.8825058</LongitudeDegrees>
            </Position>
            <AltitudeMeters>23</AltitudeMeters>
            <DistanceMeters>7526.74</DistanceMeters>
            <HeartRateBpm><Value>157</Value></HeartRateBpm>
            <Cadence>167</Cadence>
          </Trackpoint>
          <Trackpoint>
            <Time>2026-03-08T14:17:00.000Z</Time>
            <Position>
              <LatitudeDegrees>37.3411267</LatitudeDegrees>
              <LongitudeDegrees>-121.8826130</LongitudeDegrees>
            </Position>
            <AltitudeMeters>23</AltitudeMeters>
            <DistanceMeters>7540.11</DistanceMeters>
            <HeartRateBpm><Value>157</Value></HeartRateBpm>
            <Cadence>167</Cadence>
          </Trackpoint>
          <Trackpoint>
            <Time>2026-03-08T14:17:05.000Z</Time>
            <Position>
              <LatitudeDegrees>37.3410417</LatitudeDegrees>
              <LongitudeDegrees>-121.8827202</LongitudeDegrees>
            </Position>
            <AltitudeMeters>23</AltitudeMeters>
            <DistanceMeters>7553.48</DistanceMeters>
            <HeartRateBpm><Value>157</Value></HeartRateBpm>
            <Cadence>167</Cadence>
          </Trackpoint>
          <Trackpoint>
            <Time>2026-03-08T14:17:10.000Z</Time>
            <Position>
              <LatitudeDegrees>37.3409566</LatitudeDegrees>
              <LongitudeDegrees>-121.8828274</LongitudeDegrees>
            </Position>
            <AltitudeMeters>23</AltitudeMeters>
            <DistanceMeters>7566.84</DistanceMeters>
            <HeartRateBpm><Value>157</Value></HeartRateBpm>
            <Cadence>167</Cadence>
          </Trackpoint>
          <Trackpoint>
            <Time>2026-03-08T14:17:15.000Z</Time>
            <Position>
              <LatitudeDegrees>37.3408715</LatitudeDegrees>
              <LongitudeDegrees>-121.8829345</LongitudeDegrees>
            </Position>
            <AltitudeMeters>23.1</AltitudeMeters>
            <DistanceMeters>7580.21</DistanceMeters>
            <HeartRateBpm><Value>157</Value></HeartRateBpm>
            <Cadence>167</Cadence>
          </Trackpoint>
          <Trackpoint>
            <Time>2026-03-08T14:17:20.000Z</Time>
            <Position>
              <LatitudeDegrees>37.3407864</LatitudeDegrees>
              <LongitudeDegrees>-121.8830417</LongitudeDegrees>
            </Position>
            <AltitudeMeters>23.1</AltitudeMeters>
            <DistanceMeters>7593.58</DistanceMeters>
            <HeartRateBpm><Value>157</Value></HeartRateBpm>
            <Cadence>167</Cadence>
          </Trackpoint>
          <Trackpoint>
            <Time>2026-03-08T14:17:25.000Z</Time>
            <Position>
              <LatitudeDegrees>37.3407013</LatitudeDegrees>
              <LongitudeDegrees>-121.8831489</LongitudeDegrees>
            </Position>
            <AltitudeMeters>23.1</AltitudeMeters>
            <DistanceMeters>7606.95</DistanceMeters>
            <HeartRateBpm><Value>157</Value></HeartRateBpm>
            <Cadence>167</Cadence>
          </Trackpoint>
          <Trackpoint>
            <Time>2026-03-08T14:17:30.000Z</Time>
            <Position>
              <LatitudeDegrees>37.3406163</LatitudeDegrees>
              <LongitudeDegrees>-121.8832561</LongitudeDegrees>
            </Position>
            <AltitudeMeters>23.1</AltitudeMeters>
            <DistanceMeters>7620.32</DistanceMeters>
            <HeartRateBpm><Value>157</Value></HeartRateBpm>
            <Cadence>167</Cadence>
          </Trackpoint>
          <Trackpoint>
            <Time>2026-03-08T14:17:35.000Z</Time>
            <Position>
              <LatitudeDegrees>37.3405312</LatitudeDegrees>
              <LongitudeDegrees>-121.8833633</LongitudeDegrees>
            </Position>
            <AltitudeMeters>23.2</AltitudeMeters>
            <DistanceMeters>7633.69</DistanceMeters>
            <HeartRateBpm><Value>157</Value></HeartRateBpm>
            <Cadence>167</Cadence>
          </Trackpoint>
          <Trackpoint>
            <Time>2026-03-08T14:17:40.000Z</Time>
            <Position>
              <LatitudeDegrees>37.3404461</LatitudeDegrees>
              <LongitudeDegrees>-121.8834704</LongitudeDegrees>
            </Position>
            <AltitudeMeters>23.2</AltitudeMeters>
            <DistanceMeters>7647.06</DistanceMeters>
            <HeartRateBpm><Value>157</Value></HeartRateBpm>
            <Cadence>167</Cadence>
          </Trackpoint>
          <Trackpoint>
            <Time>2026-03-08T14:17:45.000Z</Time>
            <Position>
              <LatitudeDegrees>37.3403610</LatitudeDegrees>
              <LongitudeDegrees>-121.8835776</LongitudeDegrees>
            </Position>
            <AltitudeMeters>23.2</AltitudeMeters>
            <DistanceMeters>7660.43</DistanceMeters>
            <HeartRateBpm><Value>157</Value></HeartRateBpm>
            <Cadence>167</Cadence>
          </Trackpoint>
          <Trackpoint>
            <Time>2026-03-08T14:17:50.000Z</Time>
            <Position>
              <LatitudeDegrees>37.3402759</LatitudeDegrees>
              <LongitudeDegrees>-121.8836848</LongitudeDegrees>
            </Position>
            <AltitudeMeters>23.3</AltitudeMeters>
            <DistanceMeters>7673.80</DistanceMeters>
            <HeartRateBpm><Value>157</Value></HeartRateBpm>
            <Cadence>167</Cadence>
          </Trackpoint>
          <Trackpoint>
            <Time>2026-03-08T14:17:55.000Z</Time>
            <Position>
              <LatitudeDegrees>37.3401909</LatitudeDegrees>
              <LongitudeDegrees>-121.8837920</LongitudeDegrees>
            </Position>
            <AltitudeMeters>23.3</AltitudeMeters>
            <DistanceMeters>7687.17</DistanceMeters>
            <HeartRateBpm><Value>157</Value></HeartRateBpm>
            <Cadence>167</Cadence>
          </Trackpoint>
          <Trackpoint>
            <Time>2026-03-08T14:18:00.000Z</Time>
            <Position>
              <LatitudeDegrees>37.3401058</LatitudeDegrees>
              <LongitudeDegrees>-121.8838992</LongitudeDegrees>
            </Position>
            <AltitudeMeters>23.4</AltitudeMeters>
            <DistanceMeters>7700.53</DistanceMeters>
            <HeartRateBpm><Value>157</Value></HeartRateBpm>
            <Cadence>167</Cadence>
          </Trackpoint>
          <Trackpoint>
            <Time>2026-03-08T14:18:05.000Z</Time>
            <Position>
              <LatitudeDegrees>37.3400207</LatitudeDegrees>
              <LongitudeDegrees>-121.8840063</LongitudeDegrees>
            </Position>
            <AltitudeMeters>23.4</AltitudeMeters>
            <DistanceMeters>7713.90</DistanceMeters>
            <HeartRateBpm><Value>157</Value></HeartRateBpm>
            <Cadence>167</Cadence>
          </Trackpoint>
          <Trackpoint>
            <Time>2026-03-08T14:18:10.000Z</Time>
            <Position>
              <LatitudeDegrees>37.3399356</LatitudeDegrees>
              <LongitudeDegrees>-121.8841135</LongitudeDegrees>
            </Position>
            <AltitudeMeters>23.5</AltitudeMeters>
            <DistanceMeters>7727.27</DistanceMeters>
            <HeartRateBpm><Value>157</Value></HeartRateBpm>
            <Cadence>167</Cadence>
          </Trackpoint>
          <Trackpoint>
            <Time>2026-03-08T14:18:15.000Z</Time>
            <Position>
              <LatitudeDegrees>37.3398505</LatitudeDegrees>
              <LongitudeDegrees>-121.8842207</LongitudeDegrees>
            </Position>
            <AltitudeMeters>23.5</AltitudeMeters>
            <DistanceMeters>7740.64</DistanceMeters>
            <HeartRateBpm><Value>157</Value></HeartRateBpm>
            <Cadence>167</Cadence>
          </Trackpoint>
          <Trackpoint>
            <Time>2026-03-08T14:18:20.000Z</Time>
            <Position>
              <LatitudeDegrees>37.3397655</LatitudeDegrees>
              <LongitudeDegrees>-121.8843279</LongitudeDegrees>
            </Position>
            <AltitudeMeters>23.6</AltitudeMeters>
            <DistanceMeters>7754.01</DistanceMeters>
            <HeartRateBpm><Value>157</Value></HeartRateBpm>
            <Cadence>167</Cadence>
          </Trackpoint>
          <Trackpoint>
            <Time>2026-03-08T14:18:25.000Z</Time>
            <Position>
              <LatitudeDegrees>37.3396804</LatitudeDegrees>
              <LongitudeDegrees>-121.8844351</LongitudeDegrees>
            </Position>
            <AltitudeMeters>23.7</AltitudeMeters>
            <DistanceMeters>7767.38</DistanceMeters>
            <HeartRateBpm><Value>157</Value></HeartRateBpm>
            <Cadence>167</Cadence>
          </Trackpoint>
          <Trackpoint>
            <Time>2026-03-08T14:18:30.000Z</Time>
            <Position>
              <LatitudeDegrees>37.3395953</LatitudeDegrees>
              <LongitudeDegrees>-121.8845422</LongitudeDegrees>
            </Position>
            <AltitudeMeters>23.7</AltitudeMeters>
            <DistanceMeters>7780.75</DistanceMeters>
            <HeartRateBpm><Value>157</Value></HeartRateBpm>
            <Cadence>167</Cadence>
          </Trackpoint>
          <Trackpoint>
            <Time>2026-03-08T14:18:35.000Z</Time>
            <Position>
              <LatitudeDegrees>37.3395102</LatitudeDegrees>
              <LongitudeDegrees>-121.8846494</LongitudeDegrees>
            </Position>
            <AltitudeMeters>23.8</AltitudeMeters>
            <DistanceMeters>7794.12</DistanceMeters>
            <HeartRateBpm><Value>157</Value></HeartRateBpm>
            <Cadence>167</Cadence>
          </Trackpoint>
          <Trackpoint>
            <Time>2026-03-08T14:18:40.000Z</Time>
            <Position>
              <LatitudeDegrees>37.3394251</LatitudeDegrees>
              <LongitudeDegrees>-121.8847566</LongitudeDegrees>
            </Position>
            <AltitudeMeters>23.9</AltitudeMeters>
            <DistanceMeters>7807.49</DistanceMeters>
            <HeartRateBpm><Value>157</Value></HeartRateBpm>
            <Cadence>167</Cadence>
          </Trackpoint>
          <Trackpoint>
            <Time>2026-03-08T14:18:45.000Z</Time>
            <Position>
              <LatitudeDegrees>37.3393401</LatitudeDegrees>
              <LongitudeDegrees>-121.8848638</LongitudeDegrees>
            </Position>
            <AltitudeMeters>23.9</AltitudeMeters>
            <DistanceMeters>7820.86</DistanceMeters>
            <HeartRateBpm><Value>157</Value></HeartRateBpm>
            <Cadence>167</Cadence>
          </Trackpoint>
          <Trackpoint>
            <Time>2026-03-08T14:18:50.000Z</Time>
            <Position>
              <LatitudeDegrees>37.3392550</LatitudeDegrees>
              <LongitudeDegrees>-121.8849710</LongitudeDegrees>
            </Position>
            <AltitudeMeters>24</AltitudeMeters>
            <DistanceMeters>7834.22</DistanceMeters>
            <HeartRateBpm><Value>157</Value></HeartRateBpm>
            <Cadence>167</Cadence>
          </Trackpoint>
          <Trackpoint>
            <Time>2026-03-08T14:18:55.000Z</Time>
            <Position>
              <LatitudeDegrees>37.3391699</LatitudeDegrees>
              <LongitudeDegrees>-121.8850781</LongitudeDegrees>
            </Position>
            <AltitudeMeters>24.1</AltitudeMeters>
            <DistanceMeters>7847.59</DistanceMeters>
            <HeartRateBpm><Value>157</Value></HeartRateBpm>
            <Cadence>167</Cadence>
          </Trackpoint>
          <Trackpoint>
            <Time>2026-03-08T14:19:00.000Z</Time>
            <Position>
              <LatitudeDegrees>37.3390848</LatitudeDegrees>
              <LongitudeDegrees>-121.8851853</LongitudeDegrees>
            </Position>
            <AltitudeMeters>24.2</AltitudeMeters>
            <DistanceMeters>7860.96</DistanceMeters>
            <HeartRateBpm><Value>157</Value></HeartRateBpm>
            <Cadence>167</Cadence>
          </Trackpoint>
          <Trackpoint>
            <Time>2026-03-08T14:19:05.000Z</Time>
            <Position>
              <LatitudeDegrees>37.3389997</LatitudeDegrees>
              <LongitudeDegrees>-121.8852925</LongitudeDegrees>
            </Position>
            <AltitudeMeters>24.2</AltitudeMeters>
            <DistanceMeters>7874.33</DistanceMeters>
            <HeartRateBpm><Value>157</Value></HeartRateBpm>
            <Cadence>167</Cadence>
          </Trackpoint>
          <Trackpoint>
            <Time>2026-03-08T14:19:10.000Z</Time>
            <Position>
              <LatitudeDegrees>37.3389147</LatitudeDegrees>
              <LongitudeDegrees>-121.8853997</LongitudeDegrees>
            </Position>
            <AltitudeMeters>24.3</AltitudeMeters>
            <DistanceMeters>7887.70</DistanceMeters>
            <HeartRateBpm><Value>157</Value></HeartRateBpm>
            <Cadence>167</Cadence>
          </Trackpoint>
          <Trackpoint>
            <Time>2026-03-08T14:19:15.000Z</Time>
            <Position>
              <LatitudeDegrees>37.3388296</LatitudeDegrees>
              <LongitudeDegrees>-121.8855069</LongitudeDegrees>
            </Position>
            <AltitudeMeters>24.4</AltitudeMeters>
            <DistanceMeters>7901.07</DistanceMeters>
            <HeartRateBpm><Value>157</Value></HeartRateBpm>
            <Cadence>167</Cadence>
          </Trackpoint>
          <Trackpoint>
            <Time>2026-03-08T14:19:20.000Z</Time>
            <Position>
              <LatitudeDegrees>37.3387445</LatitudeDegrees>
              <LongitudeDegrees>-121.8856140</LongitudeDegrees>
            </Position>
            <AltitudeMeters>24.5</AltitudeMeters>
            <DistanceMeters>7914.44</DistanceMeters>
            <HeartRateBpm><Value>157</Value></HeartRateBpm>
            <Cadence>167</Cadence>
          </Trackpoint>
          <Trackpoint>
            <Time>2026-03-08T14:19:25.000Z</Time>
            <Position>
              <LatitudeDegrees>37.3386594</LatitudeDegrees>
              <LongitudeDegrees>-121.8857212</LongitudeDegrees>
            </Position>
            <AltitudeMeters>24.6</AltitudeMeters>
            <DistanceMeters>7927.81</DistanceMeters>
            <HeartRateBpm><Value>157</Value></HeartRateBpm>
            <Cadence>167</Cadence>
          </Trackpoint>
          <Trackpoint>
            <Time>2026-03-08T14:19:30.000Z</Time>
            <Position>
              <LatitudeDegrees>37.3385744</LatitudeDegrees>
              <LongitudeDegrees>-121.8858284</LongitudeDegrees>
            </Position>
            <AltitudeMeters>24.6</AltitudeMeters>
            <DistanceMeters>7941.18</DistanceMeters>
            <HeartRateBpm><Value>157</Value></HeartRateBpm>
            <Cadence>167</Cadence>
          </Trackpoint>
          <Trackpoint>
            <Time>2026-03-08T14:19:35.000Z</Time>
            <Position>
              <LatitudeDegrees>37.3384893</LatitudeDegrees>
              <LongitudeDegrees>-121.8859356</LongitudeDegrees>
            </Position>
            <AltitudeMeters>24.7</AltitudeMeters>
            <DistanceMeters>7954.55</DistanceMeters>
            <HeartRateBpm><Value>157</Value></HeartRateBpm>
            <Cadence>167</Cadence>
          </Trackpoint>
          <Trackpoint>
            <Time>2026-03-08T14:19:40.000Z</Time>
            <Position>
              <LatitudeDegrees>37.3384042</LatitudeDegrees>
              <LongitudeDegrees>-121.8860428</LongitudeDegrees>
            </Position>
            <AltitudeMeters>24.8</AltitudeMeters>
            <DistanceMeters>7967.91</DistanceMeters>
            <HeartRateBpm><Value>157</Value></HeartRateBpm>
            <Cadence>167</Cadence>
          </Trackpoint>
          <Trackpoint>
            <Time>2026-03-08T14:19:45.000Z</Time>
            <Position>
              <LatitudeDegrees>37.3383191</LatitudeDegrees>
              <LongitudeDegrees>-121.8861499</LongitudeDegrees>
            </Position>
            <AltitudeMeters>24.9</AltitudeMeters>
            <DistanceMeters>7981.28</DistanceMeters>
            <HeartRateBpm><Value>157</Value></HeartRateBpm>
            <Cadence>167</Cadence>
          </Trackpoint>
          <Trackpoint>
            <Time>2026-03-08T14:19:50.000Z</Time>
            <Position>
              <LatitudeDegrees>37.3382340</LatitudeDegrees>
              <LongitudeDegrees>-121.8862571</LongitudeDegrees>
            </Position>
            <AltitudeMeters>25</AltitudeMeters>
            <DistanceMeters>7994.65</DistanceMeters>
            <HeartRateBpm><Value>157</Value></HeartRateBpm>
            <Cadence>167</Cadence>
          </Trackpoint>
          <Trackpoint>
            <Time>2026-03-08T14:19:52.000Z</Time>
            <Position>
              <LatitudeDegrees>37.3382000</LatitudeDegrees>
              <LongitudeDegrees>-121.8863000</LongitudeDegrees>
            </Position>
            <AltitudeMeters>25</AltitudeMeters>
            <DistanceMeters>8000.00</DistanceMeters>
            <HeartRateBpm><Value>157</Value></HeartRateBpm>
            <Cadence>167</Cadence>
          </Trackpoint>
        </Track>
      </Lap>
    </Activity>
  </Activities>
</TrainingCenterDatabase>