<?xml version="1.0" encoding="UTF-8"?>
<TrainingCenterDatabase
  xmlns="http://www.garmin.com/xmlschemas/TrainingCenterDatabase/v2"
  xmlns:xsi="http://www.w3.org/2001/XMLSchema-instance"
  xsi:schemaLocation="http://www.garmin.com/xmlschemas/TrainingCenterDatabase/v2 https://www.garmin.com/xmlschemas/TrainingCenterDatabasev2.xsd">
  <Activities>
    <Activity Sport="Running">
      <Id>2026-03-17T13:30:00.000Z</Id>
      <Lap StartTime="2026-03-17T13:30:00.000Z">
        <TotalTimeSeconds>611</TotalTimeSeconds>
        <DistanceMeters>1500</DistanceMeters>
        <AverageHeartRateBpm><Value>140</Value></AverageHeartRateBpm>
        <MaximumHeartRateBpm><Value>150</Value></MaximumHeartRateBpm>
        <Intensity>Active</Intensity>
        <TriggerMethod>Manual</TriggerMethod>
        <Track>
          <Trackpoint>
            <Time>2026-03-17T13:30:00.000Z</Time>
            <Position>
              <LatitudeDegrees>37.3382000</LatitudeDegrees>
              <LongitudeDegrees>-121.8863000</LongitudeDegrees>
            </Position>
            <AltitudeMeters>25</AltitudeMeters>
            <DistanceMeters>0.00</DistanceMeters>
            <HeartRateBpm><Value>132</Value></HeartRateBpm>
            <Cadence>169</Cadence>
          </Trackpoint>
          <Trackpoint>
            <Time>2026-03-17T13:30:05.000Z</Time>
            <Position>
              <LatitudeDegrees>37.3382781</LatitudeDegrees>
              <LongitudeDegrees>-121.8862016</LongitudeDegrees>
            </Position>
            <AltitudeMeters>25.1</AltitudeMeters>
            <DistanceMeters>12.27</DistanceMeters>
            <HeartRateBpm><Value>132</Value></HeartRateBpm>
            <Cadence>169</Cadence>
          </Trackpoint>
          <Trackpoint>
            <Time>2026-03-17T13:30:10.000Z</Time>
            <Position>
              <LatitudeDegrees>37.3383562</LatitudeDegrees>
              <LongitudeDegrees>-121.8861032</LongitudeDegrees>
            </Position>
            <AltitudeMeters>25.2</AltitudeMeters>
            <DistanceMeters>24.55</DistanceMeters>
            <HeartRateBpm><Value>133</Value></HeartRateBpm>
            <Cadence>169</Cadence>
          </Trackpoint>
          <Trackpoint>
            <Time>2026-03-17T13:30:15.000Z</Time>
            <Position>
              <LatitudeDegrees>37.3384344</LatitudeDegrees>
              <LongitudeDegrees>-121.8860048</LongitudeDegrees>
            </Position>
            <AltitudeMeters>25.2</AltitudeMeters>
            <DistanceMeters>36.82</DistanceMeters>
            <HeartRateBpm><Value>133</Value></HeartRateBpm>
            <Cadence>169</Cadence>
          </Trackpoint>
          <Trackpoint>
            <Time>2026-03-17T13:30:20.000Z</Time>
            <Position>
              <LatitudeDegrees>37.3385125</LatitudeDegrees>
              <LongitudeDegrees>-121.8859064</LongitudeDegrees>
            </Position>
            <AltitudeMeters>25.3</AltitudeMeters>
            <DistanceMeters>49.10</DistanceMeters>
            <HeartRateBpm><Value>134</Value></HeartRateBpm>
            <Cadence>169</Cadence>
          </Trackpoint>
          <Trackpoint>
            <Time>2026-03-17T13:30:25.000Z</Time>
            <Position>
              <LatitudeDegrees>37.3385906</LatitudeDegrees>
              <LongitudeDegrees>-121.8858080</LongitudeDegrees>
            </Position>
            <AltitudeMeters>25.4</AltitudeMeters>
            <DistanceMeters>61.37</DistanceMeters>
            <HeartRateBpm><Value>134</Value></HeartRateBpm>
            <Cadence>169</Cadence>
          </Trackpoint>
          <Trackpoint>
            <Time>2026-03-17T13:30:30.000Z</Time>
            <Position>
              <LatitudeDegrees>37.3386687</LatitudeDegrees>
              <LongitudeDegrees>-121.8857095</LongitudeDegrees>
            </Position>
            <AltitudeMeters>25.5</AltitudeMeters>
            <DistanceMeters>73.65</DistanceMeters>
            <HeartRateBpm><Value>135</Value></HeartRateBpm>
            <Cadence>169</Cadence>
          </Trackpoint>
          <Trackpoint>
            <Time>2026-03-17T13:30:35.000Z</Time>
            <Position>
              <LatitudeDegrees>37.3387468</LatitudeDegrees>
              <LongitudeDegrees>-121.8856111</LongitudeDegrees>
            </Position>
            <AltitudeMeters>25.5</AltitudeMeters>
            <DistanceMeters>85.92</DistanceMeters>
            <HeartRateBpm><Value>135</Value></HeartRateBpm>
            <Cadence>169</Cadence>
          </Trackpoint>
          <Trackpoint>
            <Time>2026-03-17T13:30:40.000Z</Time>
            <Position>
              <LatitudeDegrees>37.3388249</LatitudeDegrees>
              <LongitudeDegrees>-121.8855127</LongitudeDegrees>
            </Position>
            <AltitudeMeters>25.6</AltitudeMeters>
            <DistanceMeters>98.20</DistanceMeters>
            <HeartRateBpm><Value>135</Value></HeartRateBpm>
            <Cadence>169</Cadence>
          </Trackpoint>
          <Trackpoint>
            <Time>2026-03-17T13:30:45.000Z</Time>
            <Position>
              <LatitudeDegrees>37.3389031</LatitudeDegrees>
              <LongitudeDegrees>-121.8854143</LongitudeDegrees>
            </Position>
            <AltitudeMeters>25.7</AltitudeMeters>
            <DistanceMeters>110.47</DistanceMeters>
            <HeartRateBpm><Value>136</Value></HeartRateBpm>
            <Cadence>169</Cadence>
          </Trackpoint>
          <Trackpoint>
            <Time>2026-03-17T13:30:50.000Z</Time>
            <Position>
              <LatitudeDegrees>37.3389812</LatitudeDegrees>
              <LongitudeDegrees>-121.8853159</LongitudeDegrees>
            </Position>
            <AltitudeMeters>25.8</AltitudeMeters>
            <DistanceMeters>122.75</DistanceMeters>
            <HeartRateBpm><Value>136</Value></HeartRateBpm>
            <Cadence>169</Cadence>
          </Trackpoint>
          <Trackpoint>
            <Time>2026-03-17T13:30:55.000Z</Time>
            <Position>
              <LatitudeDegrees>37.3390593</LatitudeDegrees>
              <LongitudeDegrees>-121.8852175</LongitudeDegrees>
            </Position>
            <AltitudeMeters>25.8</AltitudeMeters>
            <DistanceMeters>135.02</DistanceMeters>
            <HeartRateBpm><Value>137</Value></HeartRateBpm>
            <Cadence>169</Cadence>
          </Trackpoint>
          <Trackpoint>
            <Time>2026-03-17T13:31:00.000Z</Time>
            <Position>
              <LatitudeDegrees>37.3391374</LatitudeDegrees>
              <LongitudeDegrees>-121.8851191</LongitudeDegrees>
            </Position>
            <AltitudeMeters>25.9</AltitudeMeters>
            <DistanceMeters>147.30</DistanceMeters>
            <HeartRateBpm><Value>137</Value></HeartRateBpm>
            <Cadence>169</Cadence>
          </Trackpoint>
          <Trackpoint>
            <Time>2026-03-17T13:31:05.000Z</Time>
            <Position>
              <LatitudeDegrees>37.3392155</LatitudeDegrees>
              <LongitudeDegrees>-121.8850207</LongitudeDegrees>
            </Position>
            <AltitudeMeters>26</AltitudeMeters>
            <DistanceMeters>159.57</DistanceMeters>
            <HeartRateBpm><Value>138</Value></HeartRateBpm>
            <Cadence>169</Cadence>
          </Trackpoint>
          <Trackpoint>
            <Time>2026-03-17T13:31:10.000Z</Time>
            <Position>
              <LatitudeDegrees>37.3392936</LatitudeDegrees>
              <LongitudeDegrees>-121.8849223</LongitudeDegrees>
            </Position>
            <AltitudeMeters>26</AltitudeMeters>
            <DistanceMeters>171.85</DistanceMeters>
            <HeartRateBpm><Value>138</Value></HeartRateBpm>
            <Cadence>169</Cadence>
          </Trackpoint>
          <Trackpoint>
            <Time>2026-03-17T13:31:15.000Z</Time>
            <Position>
              <LatitudeDegrees>37.3393718</LatitudeDegrees>
              <LongitudeDegrees>-121.8848239</LongitudeDegrees>
            </Position>
            <AltitudeMeters>26.1</AltitudeMeters>
            <DistanceMeters>184.12</DistanceMeters>
            <HeartRateBpm><Value>139</Value></HeartRateBpm>
            <Cadence>169</Cadence>
          </Trackpoint>
          <Trackpoint>
            <Time>2026-03-17T13:31:20.000Z</Time>
            <Position>
              <LatitudeDegrees>37.3394499</LatitudeDegrees>
              <LongitudeDegrees>-121.8847255</LongitudeDegrees>
            </Position>
            <AltitudeMeters>26.2</AltitudeMeters>
            <DistanceMeters>196.40</DistanceMeters>
            <HeartRateBpm><Value>139</Value></HeartRateBpm>
            <Cadence>169</Cadence>
          </Trackpoint>
          <Trackpoint>
            <Time>2026-03-17T13:31:25.000Z</Time>
            <Position>
              <LatitudeDegrees>37.3395280</LatitudeDegrees>
              <LongitudeDegrees>-121.8846270</LongitudeDegrees>
            </Position>
            <AltitudeMeters>26.2</AltitudeMeters>
            <DistanceMeters>208.67</DistanceMeters>
            <HeartRateBpm><Value>139</Value></HeartRateBpm>
            <Cadence>169</Cadence>
          </Trackpoint>
          <Trackpoint>
            <Time>2026-03-17T13:31:30.000Z</Time>
            <Position>
              <LatitudeDegrees>37.3396061</LatitudeDegrees>
              <LongitudeDegrees>-121.8845286</LongitudeDegrees>
            </Position>
            <AltitudeMeters>26.3</AltitudeMeters>
            <DistanceMeters>220.95</DistanceMeters>
            <HeartRateBpm><Value>140</Value></HeartRateBpm>
            <Cadence>169</Cadence>
          </Trackpoint>
          <Trackpoint>
            <Time>2026-03-17T13:31:35.000Z</Time>
            <Position>
              <LatitudeDegrees>37.3396842</LatitudeDegrees>
              <LongitudeDegrees>-121.8844302</LongitudeDegrees>
            </Position>
            <AltitudeMeters>26.3</AltitudeMeters>
            <DistanceMeters>233.22</DistanceMeters>
            <HeartRateBpm><Value>140</Value></HeartRateBpm>
            <Cadence>169</Cadence>
          </Trackpoint>
          <Trackpoint>
            <Time>2026-03-17T13:31:40.000Z</Time>
            <Position>
              <LatitudeDegrees>37.3397623</LatitudeDegrees>
              <LongitudeDegrees>-121.8843318</LongitudeDegrees>
            </Position>
            <AltitudeMeters>26.4</AltitudeMeters>
            <DistanceMeters>245.50</DistanceMeters>
            <HeartRateBpm><Value>140</Value></HeartRateBpm>
            <Cadence>169</Cadence>
          </Trackpoint>
          <Trackpoint>
            <Time>2026-03-17T13:31:45.000Z</Time>
            <Position>
              <LatitudeDegrees>37.3398405</LatitudeDegrees>
              <LongitudeDegrees>-121.8842334</LongitudeDegrees>
            </Position>
            <AltitudeMeters>26.4</AltitudeMeters>
            <DistanceMeters>257.77</DistanceMeters>
            <HeartRateBpm><Value>140</Value></HeartRateBpm>
            <Cadence>169</Cadence>
          </Trackpoint>
          <Trackpoint>
            <Time>2026-03-17T13:31:50.000Z</Time>
            <Position>
              <LatitudeDegrees>37.3399186</LatitudeDegrees>
              <LongitudeDegrees>-121.8841350</LongitudeDegrees>
            </Position>
            <AltitudeMeters>26.5</AltitudeMeters>
            <DistanceMeters>270.05</DistanceMeters>
            <HeartRateBpm><Value>140</Value></HeartRateBpm>
            <Cadence>169</Cadence>
          </Trackpoint>
          <Trackpoint>
            <Time>2026-03-17T13:31:55.000Z</Time>
            <Position>
              <LatitudeDegrees>37.3399967</LatitudeDegrees>
              <LongitudeDegrees>-121.8840366</LongitudeDegrees>
            </Position>
            <AltitudeMeters>26.6</AltitudeMeters>
            <DistanceMeters>282.32</DistanceMeters>
            <HeartRateBpm><Value>140</Value></HeartRateBpm>
            <Cadence>169</Cadence>
          </Trackpoint>
          <Trackpoint>
            <Time>2026-03-17T13:32:00.000Z</Time>
            <Position>
              <LatitudeDegrees>37.3400748</LatitudeDegrees>
              <LongitudeDegrees>-121.8839382</LongitudeDegrees>
            </Position>
            <AltitudeMeters>26.6</AltitudeMeters>
            <DistanceMeters>294.60</DistanceMeters>
            <HeartRateBpm><Value>140</Value></HeartRateBpm>
            <Cadence>169</Cadence>
          </Trackpoint>
          <Trackpoint>
            <Time>2026-03-17T13:32:05.000Z</Time>
            <Position>
              <LatitudeDegrees>37.3401529</LatitudeDegrees>
              <LongitudeDegrees>-121.8838398</LongitudeDegrees>
            </Position>
            <AltitudeMeters>26.6</AltitudeMeters>
            <DistanceMeters>306.87</DistanceMeters>
            <HeartRateBpm><Value>140</Value></HeartRateBpm>
            <Cadence>169</Cadence>
          </Trackpoint>
          <Trackpoint>
            <Time>2026-03-17T13:32:10.000Z</Time>
            <Position>
              <LatitudeDegrees>37.3402311</LatitudeDegrees>
              <LongitudeDegrees>-121.8837414</LongitudeDegrees>
            </Position>
            <AltitudeMeters>26.7</AltitudeMeters>
            <DistanceMeters>319.15</DistanceMeters>
            <HeartRateBpm><Value>140</Value></HeartRateBpm>
            <Cadence>169</Cadence>
          </Trackpoint>
          <Trackpoint>
            <Time>2026-03-17T13:32:15.000Z</Time>
            <Position>
              <LatitudeDegrees>37.3403092</LatitudeDegrees>
              <LongitudeDegrees>-121.8836429</LongitudeDegrees>
            </Position>
            <AltitudeMeters>26.7</AltitudeMeters>
            <DistanceMeters>331.42</DistanceMeters>
            <HeartRateBpm><Value>140</Value></HeartRateBpm>
            <Cadence>169</Cadence>
          </Trackpoint>
          <Trackpoint>
            <Time>2026-03-17T13:32:20.000Z</Time>
            <Position>
              <LatitudeDegrees>37.3403873</LatitudeDegrees>
              <LongitudeDegrees>-121.8835445</LongitudeDegrees>
            </Position>
            <AltitudeMeters>26.8</AltitudeMeters>
            <DistanceMeters>343.70</DistanceMeters>
            <HeartRateBpm><Value>140</Value></HeartRateBpm>
            <Cadence>169</Cadence>
          </Trackpoint>
          <Trackpoint>
            <Time>2026-03-17T13:32:25.000Z</Time>
            <Position>
              <LatitudeDegrees>37.3404654</LatitudeDegrees>
              <LongitudeDegrees>-121.8834461</LongitudeDegrees>
            </Position>
            <AltitudeMeters>26.8</AltitudeMeters>
            <DistanceMeters>355.97</DistanceMeters>
            <HeartRateBpm><Value>140</Value></HeartRateBpm>
            <Cadence>169</Cadence>
          </Trackpoint>
          <Trackpoint>
            <Time>2026-03-17T13:32:30.000Z</Time>
            <Position>
              <LatitudeDegrees>37.3405435</LatitudeDegrees>
              <LongitudeDegrees>-121.8833477</LongitudeDegrees>
            </Position>
            <AltitudeMeters>26.8</AltitudeMeters>
            <DistanceMeters>368.25</DistanceMeters>
            <HeartRateBpm><Value>140</Value></HeartRateBpm>
            <Cadence>169</Cadence>
          </Trackpoint>
          <Trackpoint>
            <Time>2026-03-17T13:32:35.000Z</Time>
            <Position>
              <LatitudeDegrees>37.3406216</LatitudeDegrees>
              <LongitudeDegrees>-121.8832493</LongitudeDegrees>
            </Position>
            <AltitudeMeters>26.9</AltitudeMeters>
            <DistanceMeters>380.52</DistanceMeters>
            <HeartRateBpm><Value>140</Value></HeartRateBpm>
            <Cadence>169</Cadence>
          </Trackpoint>
          <Trackpoint>
            <Time>2026-03-17T13:32:40.000Z</Time>
            <Position>
              <LatitudeDegrees>37.3406998</LatitudeDegrees>
              <LongitudeDegrees>-121.8831509</LongitudeDegrees>
            </Position>
            <AltitudeMeters>26.9</AltitudeMeters>
            <DistanceMeters>392.80</DistanceMeters>
            <HeartRateBpm><Value>140</Value></HeartRateBpm>
            <Cadence>169</Cadence>
          </Trackpoint>
          <Trackpoint>
            <Time>2026-03-17T13:32:45.000Z</Time>
            <Position>
              <LatitudeDegrees>37.3407779</LatitudeDegrees>
              <LongitudeDegrees>-121.8830525</LongitudeDegrees>
            </Position>
            <AltitudeMeters>26.9</AltitudeMeters>
            <DistanceMeters>405.07</DistanceMeters>
            <HeartRateBpm><Value>140</Value></HeartRateBpm>
            <Cadence>169</Cadence>
          </Trackpoint>
          <Trackpoint>
            <Time>2026-03-17T13:32:50.000Z</Time>
            <Position>
              <LatitudeDegrees>37.3408560</LatitudeDegrees>
              <LongitudeDegrees>-121.8829541</LongitudeDegrees>
            </Position>
            <AltitudeMeters>26.9</AltitudeMeters>
            <DistanceMeters>417.35</DistanceMeters>
            <HeartRateBpm><Value>140</Value></HeartRateBpm>
            <Cadence>169</Cadence>
          </Trackpoint>
          <Trackpoint>
            <Time>2026-03-17T13:32:55.000Z</Time>
            <Position>
              <LatitudeDegrees>37.3409341</LatitudeDegrees>
              <LongitudeDegrees>-121.8828557</LongitudeDegrees>
            </Position>
            <AltitudeMeters>27</AltitudeMeters>
            <DistanceMeters>429.62</DistanceMeters>
            <HeartRateBpm><Value>140</Value></HeartRateBpm>
            <Cadence>169</Cadence>
          </Trackpoint>
          <Trackpoint>
            <Time>2026-03-17T13:33:00.000Z</Time>
            <Position>
              <LatitudeDegrees>37.3410122</LatitudeDegrees>
              <LongitudeDegrees>-121.8827573</LongitudeDegrees>
            </Position>
            <AltitudeMeters>27</AltitudeMeters>
            <DistanceMeters>441.90</DistanceMeters>
            <HeartRateBpm><Value>140</Value></HeartRateBpm>
            <Cadence>169</Cadence>
          </Trackpoint>
          <Trackpoint>
            <Time>2026-03-17T13:33:05.000Z</Time>
            <Position>
              <LatitudeDegrees>37.3410903</LatitudeDegrees>
              <LongitudeDegrees>-121.8826589</LongitudeDegrees>
            </Position>
            <AltitudeMeters>27</AltitudeMeters>
            <DistanceMeters>454.17</DistanceMeters>
            <HeartRateBpm><Value>140</Value></HeartRateBpm>
            <Cadence>169</Cadence>
          </Trackpoint>
          <Trackpoint>
            <Time>2026-03-17T13:33:10.000Z</Time>
            <Position>
              <LatitudeDegrees>37.3411685</LatitudeDegrees>
              <LongitudeDegrees>-121.8825604</LongitudeDegrees>
            </Position>
            <AltitudeMeters>27</AltitudeMeters>
            <DistanceMeters>466.45</DistanceMeters>
            <HeartRateBpm><Value>140</Value></HeartRateBpm>
            <Cadence>169</Cadence>
          </Trackpoint>
          <Trackpoint>
            <Time>2026-03-17T13:33:15.000Z</Time>
            <Position>
              <LatitudeDegrees>37.3412466</LatitudeDegrees>
              <LongitudeDegrees>-121.8824620</LongitudeDegrees>
            </Position>
            <AltitudeMeters>27</AltitudeMeters>
            <DistanceMeters>478.72</DistanceMeters>
            <HeartRateBpm><Value>140</Value></HeartRateBpm>
            <Cadence>169</Cadence>
          </Trackpoint>
          <Trackpoint>
            <Time>2026-03-17T13:33:20.000Z</Time>
            <Position>
              <LatitudeDegrees>37.3413247</LatitudeDegrees>
              <LongitudeDegrees>-121.8823636</LongitudeDegrees>
            </Position>
            <AltitudeMeters>27</AltitudeMeters>
            <DistanceMeters>491.00</DistanceMeters>
            <HeartRateBpm><Value>140</Value></HeartRateBpm>
            <Cadence>169</Cadence>
          </Trackpoint>
          <Trackpoint>
            <Time>2026-03-17T13:33:25.000Z</Time>
            <Position>
              <LatitudeDegrees>37.3414028</LatitudeDegrees>
              <LongitudeDegrees>-121.8822652</LongitudeDegrees>
            </Position>
            <AltitudeMeters>27</AltitudeMeters>
            <DistanceMeters>503.27</DistanceMeters>
            <HeartRateBpm><Value>140</Value></HeartRateBpm>
            <Cadence>169</Cadence>
          </Trackpoint>
          <Trackpoint>
            <Time>2026-03-17T13:33:30.000Z</Time>
            <Position>
              <LatitudeDegrees>37.3414809</LatitudeDegrees>
              <LongitudeDegrees>-121.8821668</LongitudeDegrees>
            </Position>
            <AltitudeMeters>27</AltitudeMeters>
            <DistanceMeters>515.55</DistanceMeters>
            <HeartRateBpm><Value>140</Value></HeartRateBpm>
            <Cadence>169</Cadence>
          </Trackpoint>
          <Trackpoint>
            <Time>2026-03-17T13:33:35.000Z</Time>
            <Position>
              <LatitudeDegrees>37.3415590</LatitudeDegrees>
              <LongitudeDegrees>-121.8820684</LongitudeDegrees>
            </Position>
            <AltitudeMeters>27</AltitudeMeters>
            <DistanceMeters>527.82</DistanceMeters>
            <HeartRateBpm><Value>140</Value></HeartRateBpm>
            <Cadence>169</Cadence>
          </Trackpoint>
          <Trackpoint>
            <Time>2026-03-17T13:33:40.000Z</Time>
            <Position>
              <LatitudeDegrees>37.3416372</LatitudeDegrees>
              <LongitudeDegrees>-121.8819700</LongitudeDegrees>
            </Position>
            <AltitudeMeters>27</AltitudeMeters>
            <DistanceMeters>540.10</DistanceMeters>
            <HeartRateBpm><Value>140</Value></HeartRateBpm>
            <Cadence>169</Cadence>
          </Trackpoint>
          <Trackpoint>
            <Time>2026-03-17T13:33:45.000Z</Time>
            <Position>
              <LatitudeDegrees>37.3417153</LatitudeDegrees>
              <LongitudeDegrees>-121.8818716</LongitudeDegrees>
            </Position>
            <AltitudeMeters>27</AltitudeMeters>
            <DistanceMeters>552.37</DistanceMeters>
            <HeartRateBpm><Value>140</Value></HeartRateBpm>
            <Cadence>169</Cadence>
          </Trackpoint>
          <Trackpoint>
            <Time>2026-03-17T13:33:50.000Z</Time>
            <Position>
              <LatitudeDegrees>37.3417934</LatitudeDegrees>
              <LongitudeDegrees>-121.8817732</LongitudeDegrees>
            </Position>
            <AltitudeMeters>27</AltitudeMeters>
            <DistanceMeters>564.65</DistanceMeters>
            <HeartRateBpm><Value>140</Value></HeartRateBpm>
            <Cadence>169</Cadence>
          </Trackpoint>
          <Trackpoint>
            <Time>2026-03-17T13:33:55.000Z</Time>
            <Position>
              <LatitudeDegrees>37.3418715</LatitudeDegrees>
              <LongitudeDegrees>-121.8816748</LongitudeDegrees>
            </Position>
            <AltitudeMeters>26.9</AltitudeMeters>
            <DistanceMeters>576.92</DistanceMeters>
            <HeartRateBpm><Value>140</Value></HeartRateBpm>
            <Cadence>169</Cadence>
          </Trackpoint>
          <Trackpoint>
            <Time>2026-03-17T13:34:00.000Z</Time>
            <Position>
              <LatitudeDegrees>37.3419496</LatitudeDegrees>
              <LongitudeDegrees>-121.8815764</LongitudeDegrees>
            </Position>
            <AltitudeMeters>26.9</AltitudeMeters>
            <DistanceMeters>589.20</DistanceMeters>
            <HeartRateBpm><Value>140</Value></HeartRateBpm>
            <Cadence>169</Cadence>
          </Trackpoint>
          <Trackpoint>
            <Time>2026-03-17T13:34:05.000Z</Time>
            <Position>
              <LatitudeDegrees>37.3420278</LatitudeDegrees>
              <LongitudeDegrees>-121.8814779</LongitudeDegrees>
            </Position>
            <AltitudeMeters>26.9</AltitudeMeters>
            <DistanceMeters>601.47</DistanceMeters>
            <HeartRateBpm><Value>140</Value></HeartRateBpm>
            <Cadence>169</Cadence>
          </Trackpoint>
          <Trackpoint>
            <Time>2026-03-17T13:34:10.000Z</Time>
            <Position>
              <LatitudeDegrees>37.3421059</LatitudeDegrees>
              <LongitudeDegrees>-121.8813795</LongitudeDegrees>
            </Position>
            <AltitudeMeters>26.9</AltitudeMeters>
            <DistanceMeters>613.75</DistanceMeters>
            <HeartRateBpm><Value>140</Value></HeartRateBpm>
            <Cadence>169</Cadence>
          </Trackpoint>
          <Trackpoint>
            <Time>2026-03-17T13:34:15.000Z</Time>
            <Position>
              <LatitudeDegrees>37.3421840</LatitudeDegrees>
              <LongitudeDegrees>-121.8812811</LongitudeDegrees>
            </Position>
            <AltitudeMeters>26.8</AltitudeMeters>
            <DistanceMeters>626.02</DistanceMeters>
            <HeartRateBpm><Value>140</Value></HeartRateBpm>
            <Cadence>169</Cadence>
          </Trackpoint>
          <Trackpoint>
            <Time>2026-03-17T13:34:20.000Z</Time>
            <Position>
              <LatitudeDegrees>37.3422621</LatitudeDegrees>
              <LongitudeDegrees>-121.8811827</LongitudeDegrees>
            </Position>
            <AltitudeMeters>26.8</AltitudeMeters>
            <DistanceMeters>638.30</DistanceMeters>
            <HeartRateBpm><Value>140</Value></HeartRateBpm>
            <Cadence>169</Cadence>
          </Trackpoint>
          <Trackpoint>
            <Time>2026-03-17T13:34:25.000Z</Time>
            <Position>
              <LatitudeDegrees>37.3423402</LatitudeDegrees>
              <LongitudeDegrees>-121.8810843</LongitudeDegrees>
            </Position>
            <AltitudeMeters>26.8</AltitudeMeters>
            <DistanceMeters>650.57</DistanceMeters>
            <HeartRateBpm><Value>140</Value></HeartRateBpm>
            <Cadence>169</Cadence>
          </Trackpoint>
          <Trackpoint>
            <Time>2026-03-17T13:34:30.000Z</Time>
            <Position>
              <LatitudeDegrees>37.3424183</LatitudeDegrees>
              <LongitudeDegrees>-121.8809859</LongitudeDegrees>
            </Position>
            <AltitudeMeters>26.7</AltitudeMeters>
            <DistanceMeters>662.85</DistanceMeters>
            <HeartRateBpm><Value>140</Value></HeartRateBpm>
            <Cadence>169</Cadence>
          </Trackpoint>
          <Trackpoint>
            <Time>2026-03-17T13:34:35.000Z</Time>
            <Position>
              <LatitudeDegrees>37.3424965</LatitudeDegrees>
              <LongitudeDegrees>-121.8808875</LongitudeDegrees>
            </Position>
            <AltitudeMeters>26.7</AltitudeMeters>
            <DistanceMeters>675.12</DistanceMeters>
            <HeartRateBpm><Value>140</Value></HeartRateBpm>
            <Cadence>169</Cadence>
          </Trackpoint>
          <Trackpoint>
            <Time>2026-03-17T13:34:40.000Z</Time>
            <Position>
              <LatitudeDegrees>37.3425746</LatitudeDegrees>
              <LongitudeDegrees>-121.8807891</LongitudeDegrees>
            </Position>
            <AltitudeMeters>26.7</AltitudeMeters>
            <DistanceMeters>687.40</DistanceMeters>
            <HeartRateBpm><Value>140</Value></HeartRateBpm>
            <Cadence>169</Cadence>
          </Trackpoint>
          <Trackpoint>
            <Time>2026-03-17T13:34:45.000Z</Time>
            <Position>
              <LatitudeDegrees>37.3426527</LatitudeDegrees>
              <LongitudeDegrees>-121.8806907</LongitudeDegrees>
            </Position>
            <AltitudeMeters>26.6</AltitudeMeters>
            <DistanceMeters>699.67</DistanceMeters>
            <HeartRateBpm><Value>140</Value></HeartRateBpm>
            <Cadence>169</Cadence>
          </Trackpoint>
          <Trackpoint>
            <Time>2026-03-17T13:34:50.000Z</Time>
            <Position>
              <LatitudeDegrees>37.3427308</LatitudeDegrees>
              <LongitudeDegrees>-121.8805923</LongitudeDegrees>
            </Position>
            <AltitudeMeters>26.6</AltitudeMeters>
            <DistanceMeters>711.95</DistanceMeters>
            <HeartRateBpm><Value>140</Value></HeartRateBpm>
            <Cadence>169</Cadence>
          </Trackpoint>
          <Trackpoint>
            <Time>2026-03-17T13:34:55.000Z</Time>
            <Position>
              <LatitudeDegrees>37.3428089</LatitudeDegrees>
              <LongitudeDegrees>-121.8804938</LongitudeDegrees>
            </Position>
            <AltitudeMeters>26.5</AltitudeMeters>
            <DistanceMeters>724.22</DistanceMeters>
            <HeartRateBpm><Value>140</Value></HeartRateBpm>
            <Cadence>169</Cadence>
          </Trackpoint>
          <Trackpoint>
            <Time>2026-03-17T13:35:00.000Z</Time>
            <Position>
              <LatitudeDegrees>37.3428870</LatitudeDegrees>
              <LongitudeDegrees>-121.8803954</LongitudeDegrees>
            </Position>
            <AltitudeMeters>26.5</AltitudeMeters>
            <DistanceMeters>736.50</DistanceMeters>
            <HeartRateBpm><Value>140</Value></HeartRateBpm>
            <Cadence>169</Cadence>
          </Trackpoint>
          <Trackpoint>
            <Time>2026-03-17T13:35:05.000Z</Time>
            <Position>
              <LatitudeDegrees>37.3429652</LatitudeDegrees>
              <LongitudeDegrees>-121.8802970</LongitudeDegrees>
            </Position>
            <AltitudeMeters>26.4</AltitudeMeters>
            <DistanceMeters>748.77</DistanceMeters>
            <HeartRateBpm><Value>140</Value></HeartRateBpm>
            <Cadence>169</Cadence>
          </Trackpoint>
          <Trackpoint>
            <Time>2026-03-17T13:35:10.000Z</Time>
            <Position>
              <LatitudeDegrees>37.3430433</LatitudeDegrees>
              <LongitudeDegrees>-121.8801986</LongitudeDegrees>
            </Position>
            <AltitudeMeters>26.4</AltitudeMeters>
            <DistanceMeters>761.05</DistanceMeters>
            <HeartRateBpm><Value>140</Value></HeartRateBpm>
            <Cadence>169</Cadence>
          </Trackpoint>
          <Trackpoint>
            <Time>2026-03-17T13:35:15.000Z</Time>
            <Position>
              <LatitudeDegrees>37.3431214</LatitudeDegrees>
              <LongitudeDegrees>-121.8801002</LongitudeDegrees>
            </Position>
            <AltitudeMeters>26.3</AltitudeMeters>
            <DistanceMeters>773.32</DistanceMeters>
            <HeartRateBpm><Value>140</Value></HeartRateBpm>
            <Cadence>169</Cadence>
          </Trackpoint>
          <Trackpoint>
            <Time>2026-03-17T13:35:20.000Z</Time>
            <Position>
              <LatitudeDegrees>37.3431995</LatitudeDegrees>
              <LongitudeDegrees>-121.8800018</LongitudeDegrees>
            </Position>
            <AltitudeMeters>26.2</AltitudeMeters>
            <DistanceMeters>785.60</DistanceMeters>
            <HeartRateBpm><Value>140</Value></HeartRateBpm>
            <Cadence>169</Cadence>
          </Trackpoint>
          <Trackpoint>
            <Time>2026-03-17T13:35:25.000Z</Time>
            <Position>
              <LatitudeDegrees>37.3432776</LatitudeDegrees>
              <LongitudeDegrees>-121.8799034</LongitudeDegrees>
            </Position>
            <AltitudeMeters>26.2</AltitudeMeters>
            <DistanceMeters>797.87</DistanceMeters>
            <HeartRateBpm><Value>140</Value></HeartRateBpm>
            <Cadence>169</Cadence>
          </Trackpoint>
          <Trackpoint>
            <Time>2026-03-17T13:35:30.000Z</Time>
            <Position>
              <LatitudeDegrees>37.3433558</LatitudeDegrees>
              <LongitudeDegrees>-121.8798050</LongitudeDegrees>
            </Position>
            <AltitudeMeters>26.1</AltitudeMeters>
            <DistanceMeters>810.15</DistanceMeters>
            <HeartRateBpm><Value>140</Value></HeartRateBpm>
            <Cadence>169</Cadence>
          </Trackpoint>
          <Trackpoint>
            <Time>2026-03-17T13:35:35.000Z</Time>
            <Position>
              <LatitudeDegrees>37.3434339</LatitudeDegrees>
              <LongitudeDegrees>-121.8797066</LongitudeDegrees>
            </Position>
            <AltitudeMeters>26.1</AltitudeMeters>
            <DistanceMeters>822.42</DistanceMeters>
            <HeartRateBpm><Value>140</Value></HeartRateBpm>
            <Cadence>169</Cadence>
          </Trackpoint>
          <Trackpoint>
            <Time>2026-03-17T13:35:40.000Z</Time>
            <Position>
              <LatitudeDegrees>37.3435120</LatitudeDegrees>
              <LongitudeDegrees>-121.8796082</LongitudeDegrees>
            </Position>
            <AltitudeMeters>26</AltitudeMeters>
            <DistanceMeters>834.70</DistanceMeters>
            <HeartRateBpm><Value>140</Value></HeartRateBpm>
            <Cadence>169</Cadence>
          </Trackpoint>
          <Trackpoint>
            <Time>2026-03-17T13:35:45.000Z</Time>
            <Position>
              <LatitudeDegrees>37.3435901</LatitudeDegrees>
              <LongitudeDegrees>-121.8795098</LongitudeDegrees>
            </Position>
            <AltitudeMeters>25.9</AltitudeMeters>
            <DistanceMeters>846.97</DistanceMeters>
            <HeartRateBpm><Value>140</Value></HeartRateBpm>
            <Cadence>169</Cadence>
          </Trackpoint>
          <Trackpoint>
            <Time>2026-03-17T13:35:50.000Z</Time>
            <Position>
              <LatitudeDegrees>37.3436682</LatitudeDegrees>
              <LongitudeDegrees>-121.8794113</LongitudeDegrees>
            </Position>
            <AltitudeMeters>25.9</AltitudeMeters>
            <DistanceMeters>859.25</DistanceMeters>
            <HeartRateBpm><Value>140</Value></HeartRateBpm>
            <Cadence>169</Cadence>
          </Trackpoint>
          <Trackpoint>
            <Time>2026-03-17T13:35:55.000Z</Time>
            <Position>
              <LatitudeDegrees>37.3437463</LatitudeDegrees>
              <LongitudeDegrees>-121.8793129</LongitudeDegrees>
            </Position>
            <AltitudeMeters>25.8</AltitudeMeters>
            <DistanceMeters>871.52</DistanceMeters>
            <HeartRateBpm><Value>140</Value></HeartRateBpm>
            <Cadence>169</Cadence>
          </Trackpoint>
          <Trackpoint>
            <Time>2026-03-17T13:36:00.000Z</Time>
            <Position>
              <LatitudeDegrees>37.3438245</LatitudeDegrees>
              <LongitudeDegrees>-121.8792145</LongitudeDegrees>
            </Position>
            <AltitudeMeters>25.7</AltitudeMeters>
            <DistanceMeters>883.80</DistanceMeters>
            <HeartRateBpm><Value>140</Value></HeartRateBpm>
            <Cadence>169</Cadence>
          </Trackpoint>
          <Trackpoint>
            <Time>2026-03-17T13:36:05.000Z</Time>
            <Position>
              <LatitudeDegrees>37.3439026</LatitudeDegrees>
              <LongitudeDegrees>-121.8791161</LongitudeDegrees>
            </Position>
            <AltitudeMeters>25.6</AltitudeMeters>
            <DistanceMeters>896.07</DistanceMeters>
            <HeartRateBpm><Value>140</Value></HeartRateBpm>
            <Cadence>169</Cadence>
          </Trackpoint>
          <Trackpoint>
            <Time>2026-03-17T13:36:10.000Z</Time>
            <Position>
              <LatitudeDegrees>37.3439807</LatitudeDegrees>
              <LongitudeDegrees>-121.8790177</LongitudeDegrees>
            </Position>
            <AltitudeMeters>25.6</AltitudeMeters>
            <DistanceMeters>908.35</DistanceMeters>
            <HeartRateBpm><Value>140</Value></HeartRateBpm>
            <Cadence>169</Cadence>
          </Trackpoint>
          <Trackpoint>
            <Time>2026-03-17T13:36:15.000Z</Time>
            <Position>
              <LatitudeDegrees>37.3440588</LatitudeDegrees>
              <LongitudeDegrees>-121.8789193</LongitudeDegrees>
            </Position>
            <AltitudeMeters>25.5</AltitudeMeters>
            <DistanceMeters>920.62</DistanceMeters>
            <HeartRateBpm><Value>140</Value></HeartRateBpm>
            <Cadence>169</Cadence>
          </Trackpoint>
          <Trackpoint>
            <Time>2026-03-17T13:36:20.000Z</Time>
            <Position>
              <LatitudeDegrees>37.3441369</LatitudeDegrees>
              <LongitudeDegrees>-121.8788209</LongitudeDegrees>
            </Position>
            <AltitudeMeters>25.4</AltitudeMeters>
            <DistanceMeters>932.90</DistanceMeters>
            <HeartRateBpm><Value>140</Value></HeartRateBpm>
            <Cadence>169</Cadence>
          </Trackpoint>
          <Trackpoint>
            <Time>2026-03-17T13:36:25.000Z</Time>
            <Position>
              <LatitudeDegrees>37.3442150</LatitudeDegrees>
              <LongitudeDegrees>-121.8787225</LongitudeDegrees>
            </Position>
            <AltitudeMeters>25.3</AltitudeMeters>
            <DistanceMeters>945.17</DistanceMeters>
            <HeartRateBpm><Value>140</Value></HeartRateBpm>
            <Cadence>169</Cadence>
          </Trackpoint>
          <Trackpoint>
            <Time>2026-03-17T13:36:30.000Z</Time>
            <Position>
              <LatitudeDegrees>37.3442932</LatitudeDegrees>
              <LongitudeDegrees>-121.8786241</LongitudeDegrees>
            </Position>
            <AltitudeMeters>25.3</AltitudeMeters>
            <DistanceMeters>957.45</DistanceMeters>
            <HeartRateBpm><Value>140</Value></HeartRateBpm>
            <Cadence>169</Cadence>
          </Trackpoint>
          <Trackpoint>
            <Time>2026-03-17T13:36:35.000Z</Time>
            <Position>
              <LatitudeDegrees>37.3443713</LatitudeDegrees>
              <LongitudeDegrees>-121.8785257</LongitudeDegrees>
            </Position>
            <AltitudeMeters>25.2</AltitudeMeters>
            <DistanceMeters>969.72</DistanceMeters>
            <HeartRateBpm><Value>140</Value></HeartRateBpm>
            <Cadence>169</Cadence>
          </Trackpoint>
          <Trackpoint>
            <Time>2026-03-17T13:36:40.000Z</Time>
            <Position>
              <LatitudeDegrees>37.3444494</LatitudeDegrees>
              <LongitudeDegrees>-121.8784273</LongitudeDegrees>
            </Position>
            <AltitudeMeters>25.1</AltitudeMeters>
            <DistanceMeters>982.00</DistanceMeters>
            <HeartRateBpm><Value>140</Value></HeartRateBpm>
            <Cadence>169</Cadence>
          </Trackpoint>
          <Trackpoint>
            <Time>2026-03-17T13:36:45.000Z</Time>
            <Position>
              <LatitudeDegrees>37.3445275</LatitudeDegrees>
              <LongitudeDegrees>-121.8783288</LongitudeDegrees>
            </Position>
            <AltitudeMeters>25</AltitudeMeters>
            <DistanceMeters>994.27</DistanceMeters>
            <HeartRateBpm><Value>140</Value></HeartRateBpm>
            <Cadence>169</Cadence>
          </Trackpoint>
          <Trackpoint>
            <Time>2026-03-17T13:36:50.000Z</Time>
            <Position>
              <LatitudeDegrees>37.3446056</LatitudeDegrees>
              <LongitudeDegrees>-121.8782304</LongitudeDegrees>
            </Position>
            <AltitudeMeters>25</AltitudeMeters>
            <DistanceMeters>1006.55</DistanceMeters>
            <HeartRateBpm><Value>140</Value></HeartRateBpm>
            <Cadence>169</Cadence>
          </Trackpoint>
          <Trackpoint>
            <Time>2026-03-17T13:36:55.000Z</Time>
            <Position>
              <LatitudeDegrees>37.3446837</LatitudeDegrees>
              <LongitudeDegrees>-121.8781320</LongitudeDegrees>
            </Position>
            <AltitudeMeters>24.9</AltitudeMeters>
            <DistanceMeters>1018.82</DistanceMeters>
            <HeartRateBpm><Value>140</Value></HeartRateBpm>
            <Cadence>169</Cadence>
          </Trackpoint>
          <Trackpoint>
            <Time>2026-03-17T13:37:00.000Z</Time>
            <Position>
              <LatitudeDegrees>37.3447619</LatitudeDegrees>
              <LongitudeDegrees>-121.8780336</LongitudeDegrees>
            </Position>
            <AltitudeMeters>24.8</AltitudeMeters>
            <DistanceMeters>1031.10</DistanceMeters>
            <HeartRateBpm><Value>140</Value></HeartRateBpm>
            <Cadence>169</Cadence>
          </Trackpoint>
          <Trackpoint>
            <Time>2026-03-17T13:37:05.000Z</Time>
            <Position>
              <LatitudeDegrees>37.3448400</LatitudeDegrees>
              <LongitudeDegrees>-121.8779352</LongitudeDegrees>
            </Position>
            <AltitudeMeters>24.7</AltitudeMeters>
            <DistanceMeters>1043.37</DistanceMeters>
            <HeartRateBpm><Value>140</Value></HeartRateBpm>
            <Cadence>169</Cadence>
          </Trackpoint>
          <Trackpoint>
            <Time>2026-03-17T13:37:10.000Z</Time>
            <Position>
              <LatitudeDegrees>37.3449181</LatitudeDegrees>
              <LongitudeDegrees>-121.8778368</LongitudeDegrees>
            </Position>
            <AltitudeMeters>24.7</AltitudeMeters>
            <DistanceMeters>1055.65</DistanceMeters>
            <HeartRateBpm><Value>140</Value></HeartRateBpm>
            <Cadence>169</Cadence>
          </Trackpoint>
          <Trackpoint>
            <Time>2026-03-17T13:37:15.000Z</Time>
            <Position>
              <LatitudeDegrees>37.3449962</LatitudeDegrees>
              <LongitudeDegrees>-121.8777384</LongitudeDegrees>
            </Position>
            <AltitudeMeters>24.6</AltitudeMeters>
            <DistanceMeters>1067.92</DistanceMeters>
            <HeartRateBpm><Value>140</Value></HeartRateBpm>
            <Cadence>169</Cadence>
          </Trackpoint>
          <Trackpoint>
            <Time>2026-03-17T13:37:20.000Z</Time>
            <Position>
              <LatitudeDegrees>37.3450743</LatitudeDegrees>
              <LongitudeDegrees>-121.8776400</LongitudeDegrees>
            </Position>
            <AltitudeMeters>24.5</AltitudeMeters>
            <DistanceMeters>1080.20</DistanceMeters>
            <HeartRateBpm><Value>140</Value></HeartRateBpm>
            <Cadence>169</Cadence>
          </Trackpoint>
          <Trackpoint>
            <Time>2026-03-17T13:37:25.000Z</Time>
            <Position>
              <LatitudeDegrees>37.3451525</LatitudeDegrees>
              <LongitudeDegrees>-121.8775416</LongitudeDegrees>
            </Position>
            <AltitudeMeters>24.4</AltitudeMeters>
            <DistanceMeters>1092.47</DistanceMeters>
            <HeartRateBpm><Value>140</Value></HeartRateBpm>
            <Cadence>169</Cadence>
          </Trackpoint>
          <Trackpoint>
            <Time>2026-03-17T13:37:30.000Z</Time>
            <Position>
              <LatitudeDegrees>37.3452306</LatitudeDegrees>
              <LongitudeDegrees>-121.8774432</LongitudeDegrees>
            </Position>
            <AltitudeMeters>24.4</AltitudeMeters>
            <DistanceMeters>1104.75</DistanceMeters>
            <HeartRateBpm><Value>140</Value></HeartRateBpm>
            <Cadence>169</Cadence>
          </Trackpoint>
          <Trackpoint>
            <Time>2026-03-17T13:37:35.000Z</Time>
            <Position>
              <LatitudeDegrees>37.3453087</LatitudeDegrees>
              <LongitudeDegrees>-121.8773447</LongitudeDegrees>
            </Position>
            <AltitudeMeters>24.3</AltitudeMeters>
            <DistanceMeters>1117.02</DistanceMeters>
            <HeartRateBpm><Value>140</Value></HeartRateBpm>
            <Cadence>169</Cadence>
          </Trackpoint>
          <Trackpoint>
            <Time>2026-03-17T13:37:40.000Z</Time>
            <Position>
              <LatitudeDegrees>37.3453868</LatitudeDegrees>
              <LongitudeDegrees>-121.8772463</LongitudeDegrees>
            </Position>
            <AltitudeMeters>24.2</AltitudeMeters>
            <DistanceMeters>1129.30</DistanceMeters>
            <HeartRateBpm><Value>140</Value></HeartRateBpm>
            <Cadence>169</Cadence>
          </Trackpoint>
          <Trackpoint>
            <Time>2026-03-17T13:37:45.000Z</Time>
            <Position>
              <LatitudeDegrees>37.3454649</LatitudeDegrees>
              <LongitudeDegrees>-121.8771479</LongitudeDegrees>
            </Position>
            <AltitudeMeters>24.1</AltitudeMeters>
            <DistanceMeters>1141.57</DistanceMeters>
            <HeartRateBpm><Value>140</Value></HeartRateBpm>
            <Cadence>169</Cadence>
          </Trackpoint>
          <Trackpoint>
            <Time>2026-03-17T13:37:50.000Z</Time>
            <Position>
              <LatitudeDegrees>37.3455430</LatitudeDegrees>
              <LongitudeDegrees>-121.8770495</LongitudeDegrees>
            </Position>
            <AltitudeMeters>24.1</AltitudeMeters>
            <DistanceMeters>1153.85</DistanceMeters>
            <HeartRateBpm><Value>140</Value></HeartRateBpm>
            <Cadence>169</Cadence>
          </Trackpoint>
          <Trackpoint>
            <Time>2026-03-17T13:37:55.000Z</Time>
            <Position>
              <LatitudeDegrees>37.3456212</LatitudeDegrees>
              <LongitudeDegrees>-121.8769511</LongitudeDegrees>
            </Position>
            <AltitudeMeters>24</AltitudeMeters>
            <DistanceMeters>1166.12</DistanceMeters>
            <HeartRateBpm><Value>140</Value></HeartRateBpm>
            <Cadence>169</Cadence>
          </Trackpoint>
          <Trackpoint>
            <Time>2026-03-17T13:38:00.000Z</Time>
            <Position>
              <LatitudeDegrees>37.3456993</LatitudeDegrees>
              <LongitudeDegrees>-121.8768527</LongitudeDegrees>
            </Position>
            <AltitudeMeters>23.9</AltitudeMeters>
            <DistanceMeters>1178.40</DistanceMeters>
            <HeartRateBpm><Value>140</Value></HeartRateBpm>
            <Cadence>169</Cadence>
          </Trackpoint>
          <Trackpoint>
            <Time>2026-03-17T13:38:05.000Z</Time>
            <Position>
              <LatitudeDegrees>37.3457774</LatitudeDegrees>
              <LongitudeDegrees>-121.8767543</LongitudeDegrees>
            </Position>
            <AltitudeMeters>23.9</AltitudeMeters>
            <DistanceMeters>1190.67</DistanceMeters>
            <HeartRateBpm><Value>140</Value></HeartRateBpm>
            <Cadence>169</Cadence>
          </Trackpoint>
          <Trackpoint>
            <Time>2026-03-17T13:38:10.000Z</Time>
            <Position>
              <LatitudeDegrees>37.3458555</LatitudeDegrees>
              <LongitudeDegrees>-121.8766559</LongitudeDegrees>
            </Position>
            <AltitudeMeters>23.8</AltitudeMeters>
            <DistanceMeters>1202.95</DistanceMeters>
            <HeartRateBpm><Value>140</Value></HeartRateBpm>
            <Cadence>169</Cadence>
          </Trackpoint>
          <Trackpoint>
            <Time>2026-03-17T13:38:15.000Z</Time>
            <Position>
              <LatitudeDegrees>37.3459336</LatitudeDegrees>
              <LongitudeDegrees>-121.8765575</LongitudeDegrees>
            </Position>
            <AltitudeMeters>23.7</AltitudeMeters>
            <DistanceMeters>1215.22</DistanceMeters>
            <HeartRateBpm><Value>140</Value></HeartRateBpm>
            <Cadence>169</Cadence>
          </Trackpoint>
          <Trackpoint>
            <Time>2026-03-17T13:38:20.000Z</Time>
            <Position>
              <LatitudeDegrees>37.3460117</LatitudeDegrees>
              <LongitudeDegrees>-121.8764591</LongitudeDegrees>
            </Position>
            <AltitudeMeters>23.7</AltitudeMeters>
            <DistanceMeters>1227.50</DistanceMeters>
            <HeartRateBpm><Value>140</Value></HeartRateBpm>
            <Cadence>169</Cadence>
          </Trackpoint>
          <Trackpoint>
            <Time>2026-03-17T13:38:25.000Z</Time>
            <Position>
              <LatitudeDegrees>37.3460899</LatitudeDegrees>
              <LongitudeDegrees>-121.8763607</LongitudeDegrees>
            </Position>
            <AltitudeMeters>23.6</AltitudeMeters>
            <DistanceMeters>1239.77</DistanceMeters>
            <HeartRateBpm><Value>140</Value></HeartRateBpm>
            <Cadence>169</Cadence>
          </Trackpoint>
          <Trackpoint>
            <Time>2026-03-17T13:38:30.000Z</Time>
            <Position>
              <LatitudeDegrees>37.3461680</LatitudeDegrees>
              <LongitudeDegrees>-121.8762622</LongitudeDegrees>
            </Position>
            <AltitudeMeters>23.6</AltitudeMeters>
            <DistanceMeters>1252.05</DistanceMeters>
            <HeartRateBpm><Value>140</Value></HeartRateBpm>
            <Cadence>169</Cadence>
          </Trackpoint>
          <Trackpoint>
            <Time>2026-03-17T13:38:35.000Z</Time>
            <Position>
              <LatitudeDegrees>37.3462461</LatitudeDegrees>
              <LongitudeDegrees>-121.8761638</LongitudeDegrees>
            </Position>
            <AltitudeMeters>23.5</AltitudeMeters>
            <DistanceMeters>1264.32</DistanceMeters>
            <HeartRateBpm><Value>140</Value></HeartRateBpm>
            <Cadence>169</Cadence>
          </Trackpoint>
          <Trackpoint>
            <Time>2026-03-17T13:38:40.000Z</Time>
            <Position>
              <LatitudeDegrees>37.3463242</LatitudeDegrees>
              <LongitudeDegrees>-121.8760654</LongitudeDegrees>
            </Position>
            <AltitudeMeters>23.5</AltitudeMeters>
            <DistanceMeters>1276.60</DistanceMeters>
            <HeartRateBpm><Value>140</Value></HeartRateBpm>
            <Cadence>169</Cadence>
          </Trackpoint>
          <Trackpoint>
            <Time>2026-03-17T13:38:45.000Z</Time>
            <Position>
              <LatitudeDegrees>37.3464023</LatitudeDegrees>
              <LongitudeDegrees>-121.8759670</LongitudeDegrees>
            </Position>
            <AltitudeMeters>23.4</AltitudeMeters>
            <DistanceMeters>1288.87</DistanceMeters>
            <HeartRateBpm><Value>140</Value></HeartRateBpm>
            <Cadence>169</Cadence>
          </Trackpoint>
          <Trackpoint>
            <Time>2026-03-17T13:38:50.000Z</Time>
            <Position>
              <LatitudeDegrees>37.3464804</LatitudeDegrees>
              <LongitudeDegrees>-121.8758686</LongitudeDegrees>
            </Position>
            <AltitudeMeters>23.4</AltitudeMeters>
            <DistanceMeters>1301.15</DistanceMeters>
            <HeartRateBpm><Value>140</Value></HeartRateBpm>
            <Cadence>169</Cadence>
          </Trackpoint>
          <Trackpoint>
            <Time>2026-03-17T13:38:55.000Z</Time>
            <Position>
              <LatitudeDegrees>37.3465586</LatitudeDegrees>
              <LongitudeDegrees>-121.8757702</LongitudeDegrees>
            </Position>
            <AltitudeMeters>23.3</AltitudeMeters>
            <DistanceMeters>1313.42</DistanceMeters>
            <HeartRateBpm><Value>140</Value></HeartRateBpm>
            <Cadence>169</Cadence>
          </Trackpoint>
          <Trackpoint>
            <Time>2026-03-17T13:39:00.000Z</Time>
            <Position>
              <LatitudeDegrees>37.3466367</LatitudeDegrees>
              <LongitudeDegrees>-121.8756718</LongitudeDegrees>
            </Position>
            <AltitudeMeters>23.3</AltitudeMeters>
            <DistanceMeters>1325.70</DistanceMeters>
            <HeartRateBpm><Value>140</Value></HeartRateBpm>
            <Cadence>169</Cadence>
          </Trackpoint>
          <Trackpoint>
            <Time>2026-03-17T13:39:05.000Z</Time>
            <Position>
              <LatitudeDegrees>37.3467148</LatitudeDegrees>
              <LongitudeDegrees>-121.8755734</LongitudeDegrees>
            </Position>
            <AltitudeMeters>23.3</AltitudeMeters>
            <DistanceMeters>1337.97</DistanceMeters>
            <HeartRateBpm><Value>140</Value></HeartRateBpm>
            <Cadence>169</Cadence>
          </Trackpoint>
          <Trackpoint>
            <Time>2026-03-17T13:39:10.000Z</Time>
            <Position>
              <LatitudeDegrees>37.3467929</LatitudeDegrees>
              <LongitudeDegrees>-121.8754750</LongitudeDegrees>
            </Position>
            <AltitudeMeters>23.2</AltitudeMeters>
            <DistanceMeters>1350.25</DistanceMeters>
            <HeartRateBpm><Value>140</Value></HeartRateBpm>
            <Cadence>169</Cadence>
          </Trackpoint>
          <Trackpoint>
            <Time>2026-03-17T13:39:15.000Z</Time>
            <Position>
              <LatitudeDegrees>37.3468710</LatitudeDegrees>
              <LongitudeDegrees>-121.8753766</LongitudeDegrees>
            </Position>
            <AltitudeMeters>23.2</AltitudeMeters>
            <DistanceMeters>1362.52</DistanceMeters>
            <HeartRateBpm><Value>140</Value></HeartRateBpm>
            <Cadence>169</Cadence>
          </Trackpoint>
          <Trackpoint>
            <Time>2026-03-17T13:39:20.000Z</Time>
            <Position>
              <LatitudeDegrees>37.3469492</LatitudeDegrees>
              <LongitudeDegrees>-121.8752782</LongitudeDegrees>
            </Position>
            <AltitudeMeters>23.2</AltitudeMeters>
            <DistanceMeters>1374.80</DistanceMeters>
            <HeartRateBpm><Value>140</Value></HeartRateBpm>
            <Cadence>169</Cadence>
          </Trackpoint>
          <Trackpoint>
            <Time>2026-03-17T13:39:25.000Z</Time>
            <Position>
              <LatitudeDegrees>37.3470273</LatitudeDegrees>
              <LongitudeDegrees>-121.8751797</LongitudeDegrees>
            </Position>
            <AltitudeMeters>23.1</AltitudeMeters>
            <DistanceMeters>1387.07</DistanceMeters>
            <HeartRateBpm><Value>140</Value></HeartRateBpm>
            <Cadence>169</Cadence>
          </Trackpoint>
          <Trackpoint>
            <Time>2026-03-17T13:39:30.000Z</Time>
            <Position>
              <LatitudeDegrees>37.3471054</LatitudeDegrees>
              <LongitudeDegrees>-121.8750813</LongitudeDegrees>
            </Position>
            <AltitudeMeters>23.1</AltitudeMeters>
            <DistanceMeters>1399.35</DistanceMeters>
            <HeartRateBpm><Value>140</Value></HeartRateBpm>
            <Cadence>169</Cadence>
          </Trackpoint>
          <Trackpoint>
            <Time>2026-03-17T13:39:35.000Z</Time>
            <Position>
              <LatitudeDegrees>37.3471835</LatitudeDegrees>
              <LongitudeDegrees>-121.8749829</LongitudeDegrees>
            </Position>
            <AltitudeMeters>23.1</AltitudeMeters>
            <DistanceMeters>1411.62</DistanceMeters>
            <HeartRateBpm><Value>140</Value></HeartRateBpm>
            <Cadence>169</Cadence>
          </Trackpoint>
          <Trackpoint>
            <Time>2026-03-17T13:39:40.000Z</Time>
            <Position>
              <LatitudeDegrees>37.3472616</LatitudeDegrees>
              <LongitudeDegrees>-121.8748845</LongitudeDegrees>
            </Position>
            <AltitudeMeters>23.1</AltitudeMeters>
            <DistanceMeters>1423.90</DistanceMeters>
            <HeartRateBpm><Value>140</Value></HeartRateBpm>
            <Cadence>169</Cadence>
          </Trackpoint>
          <Trackpoint>
            <Time>2026-03-17T13:39:45.000Z</Time>
            <Position>
              <LatitudeDegrees>37.3473397</LatitudeDegrees>
              <LongitudeDegrees>-121.8747861</LongitudeDegrees>
            </Position>
            <AltitudeMeters>23</AltitudeMeters>
            <DistanceMeters>1436.17</DistanceMeters>
            <HeartRateBpm><Value>140</Value></HeartRateBpm>
            <Cadence>169</Cadence>
          </Trackpoint>
          <Trackpoint>
            <Time>2026-03-17T13:39:50.000Z</Time>
            <Position>
              <LatitudeDegrees>37.3474179</LatitudeDegrees>
              <LongitudeDegrees>-121.8746877</LongitudeDegrees>
            </Position>
            <AltitudeMeters>23</AltitudeMeters>
            <DistanceMeters>1448.45</DistanceMeters>
            <HeartRateBpm><Value>140</Value></HeartRateBpm>
            <Cadence>169</Cadence>
          </Trackpoint>
          <Trackpoint>
            <Time>2026-03-17T13:39:55.000Z</Time>
            <Position>
              <LatitudeDegrees>37.3474960</LatitudeDegrees>
              <LongitudeDegrees>-121.8745893</LongitudeDegrees>
            </Position>
            <AltitudeMeters>23</AltitudeMeters>
            <DistanceMeters>1460.72</DistanceMeters>
            <HeartRateBpm><Value>140</Value></HeartRateBpm>
            <Cadence>169</Cadence>
          </Trackpoint>
          <Trackpoint>
            <Time>2026-03-17T13:40:00.000Z</Time>
            <Position>
              <LatitudeDegrees>37.3475741</LatitudeDegrees>
              <LongitudeDegrees>-121.8744909</LongitudeDegrees>
            </Position>
            <AltitudeMeters>23</AltitudeMeters>
            <DistanceMeters>1473.00</DistanceMeters>
            <HeartRateBpm><Value>140</Value></HeartRateBpm>
            <Cadence>169</Cadence>
          </Trackpoint>
          <Trackpoint>
            <Time>2026-03-17T13:40:05.000Z</Time>
            <Position>
              <LatitudeDegrees>37.3476522</LatitudeDegrees>
              <LongitudeDegrees>-121.8743925</LongitudeDegrees>
            </Position>
            <AltitudeMeters>23</AltitudeMeters>
            <DistanceMeters>1485.27</DistanceMeters>
            <HeartRateBpm><Value>140</Value></HeartRateBpm>
            <Cadence>169</Cadence>
          </Trackpoint>
          <Trackpoint>
            <Time>2026-03-17T13:40:10.000Z</Time>
            <Position>
              <LatitudeDegrees>37.3477303</LatitudeDegrees>
              <LongitudeDegrees>-121.8742941</LongitudeDegrees>
            </Position>
            <AltitudeMeters>23</AltitudeMeters>
            <DistanceMeters>1497.55</DistanceMeters>
            <HeartRateBpm><Value>140</Value></HeartRateBpm>
            <Cadence>169</Cadence>
          </Trackpoint>
          <Trackpoint>
            <Time>2026-03-17T13:40:11.000Z</Time>
            <Position>
              <LatitudeDegrees>37.3477460</LatitudeDegrees>
              <LongitudeDegrees>-121.8742744</LongitudeDegrees>
            </Position>
            <AltitudeMeters>23</AltitudeMeters>
            <DistanceMeters>1500.00</DistanceMeters>
            <HeartRateBpm><Value>140</Value></HeartRateBpm>
            <Cadence>169</Cadence>
          </Trackpoint>
        </Track>
      </Lap>
      <Lap StartTime="2026-03-17T13:40:11.000Z">
        <TotalTimeSeconds>230</TotalTimeSeconds>
        <DistanceMeters>800</DistanceMeters>
        <AverageHeartRateBpm><Value>183</Value></AverageHeartRateBpm>
        <MaximumHeartRateBpm><Value>191</Value></MaximumHeartRateBpm>
        <Intensity>Active</Intensity>
        <TriggerMethod>Manual</TriggerMethod>
        <Track>
          <Trackpoint>
            <Time>2026-03-17T13:40:11.000Z</Time>
            <Position>
              <LatitudeDegrees>37.3477460</LatitudeDegrees>
              <LongitudeDegrees>-121.8742744</LongitudeDegrees>
            </Position>
            <AltitudeMeters>23</AltitudeMeters>
            <DistanceMeters>1500.00</DistanceMeters>
            <HeartRateBpm><Value>175</Value></HeartRateBpm>
            <Cadence>179</Cadence>
          </Trackpoint>
          <Trackpoint>
            <Time>2026-03-17T13:40:16.000Z</Time>
            <Position>
              <LatitudeDegrees>37.3478566</LatitudeDegrees>
              <LongitudeDegrees>-121.8741349</LongitudeDegrees>
            </Position>
            <AltitudeMeters>23</AltitudeMeters>
            <DistanceMeters>1517.39</DistanceMeters>
            <HeartRateBpm><Value>176</Value></HeartRateBpm>
            <Cadence>179</Cadence>
          </Trackpoint>
          <Trackpoint>
            <Time>2026-03-17T13:40:21.000Z</Time>
            <Position>
              <LatitudeDegrees>37.3479673</LatitudeDegrees>
              <LongitudeDegrees>-121.8739955</LongitudeDegrees>
            </Position>
            <AltitudeMeters>23</AltitudeMeters>
            <DistanceMeters>1534.78</DistanceMeters>
            <HeartRateBpm><Value>177</Value></HeartRateBpm>
            <Cadence>179</Cadence>
          </Trackpoint>
          <Trackpoint>
            <Time>2026-03-17T13:40:26.000Z</Time>
            <Position>
              <LatitudeDegrees>37.3480780</LatitudeDegrees>
              <LongitudeDegrees>-121.8738561</LongitudeDegrees>
            </Position>
            <AltitudeMeters>23</AltitudeMeters>
            <DistanceMeters>1552.17</DistanceMeters>
            <HeartRateBpm><Value>178</Value></HeartRateBpm>
            <Cadence>179</Cadence>
          </Trackpoint>
          <Trackpoint>
            <Time>2026-03-17T13:40:31.000Z</Time>
            <Position>
              <LatitudeDegrees>37.3481887</LatitudeDegrees>
              <LongitudeDegrees>-121.8737167</LongitudeDegrees>
            </Position>
            <AltitudeMeters>23</AltitudeMeters>
            <DistanceMeters>1569.57</DistanceMeters>
            <HeartRateBpm><Value>180</Value></HeartRateBpm>
            <Cadence>179</Cadence>
          </Trackpoint>
          <Trackpoint>
            <Time>2026-03-17T13:40:36.000Z</Time>
            <Position>
              <LatitudeDegrees>37.3482993</LatitudeDegrees>
              <LongitudeDegrees>-121.8735772</LongitudeDegrees>
            </Position>
            <AltitudeMeters>23.1</AltitudeMeters>
            <DistanceMeters>1586.96</DistanceMeters>
            <HeartRateBpm><Value>181</Value></HeartRateBpm>
            <Cadence>179</Cadence>
          </Trackpoint>
          <Trackpoint>
            <Time>2026-03-17T13:40:41.000Z</Time>
            <Position>
              <LatitudeDegrees>37.3484100</LatitudeDegrees>
              <LongitudeDegrees>-121.8734378</LongitudeDegrees>
            </Position>
            <AltitudeMeters>23.1</AltitudeMeters>
            <DistanceMeters>1604.35</DistanceMeters>
            <HeartRateBpm><Value>182</Value></HeartRateBpm>
            <Cadence>179</Cadence>
          </Trackpoint>
          <Trackpoint>
            <Time>2026-03-17T13:40:46.000Z</Time>
            <Position>
              <LatitudeDegrees>37.3485207</LatitudeDegrees>
              <LongitudeDegrees>-121.8732984</LongitudeDegrees>
            </Position>
            <AltitudeMeters>23.1</AltitudeMeters>
            <DistanceMeters>1621.74</DistanceMeters>
            <HeartRateBpm><Value>183</Value></HeartRateBpm>
            <Cadence>179</Cadence>
          </Trackpoint>
          <Trackpoint>
            <Time>2026-03-17T13:40:51.000Z</Time>
            <Position>
              <LatitudeDegrees>37.3486314</LatitudeDegrees>
              <LongitudeDegrees>-121.8731590</LongitudeDegrees>
            </Position>
            <AltitudeMeters>23.2</AltitudeMeters>
            <DistanceMeters>1639.13</DistanceMeters>
            <HeartRateBpm><Value>183</Value></HeartRateBpm>
            <Cadence>179</Cadence>
          </Trackpoint>
          <Trackpoint>
            <Time>2026-03-17T13:40:56.000Z</Time>
            <Position>
              <LatitudeDegrees>37.3487421</LatitudeDegrees>
              <LongitudeDegrees>-121.8730195</LongitudeDegrees>
            </Position>
            <AltitudeMeters>23.2</AltitudeMeters>
            <DistanceMeters>1656.52</DistanceMeters>
            <HeartRateBpm><Value>183</Value></HeartRateBpm>
            <Cadence>179</Cadence>
          </Trackpoint>
          <Trackpoint>
            <Time>2026-03-17T13:41:01.000Z</Time>
            <Position>
              <LatitudeDegrees>37.3488527</LatitudeDegrees>
              <LongitudeDegrees>-121.8728801</LongitudeDegrees>
            </Position>
            <AltitudeMeters>23.3</AltitudeMeters>
            <DistanceMeters>1673.91</DistanceMeters>
            <HeartRateBpm><Value>183</Value></HeartRateBpm>
            <Cadence>179</Cadence>
          </Trackpoint>
          <Trackpoint>
            <Time>2026-03-17T13:41:06.000Z</Time>
            <Position>
              <LatitudeDegrees>37.3489634</LatitudeDegrees>
              <LongitudeDegrees>-121.8727407</LongitudeDegrees>
            </Position>
            <AltitudeMeters>23.4</AltitudeMeters>
            <DistanceMeters>1691.30</DistanceMeters>
            <HeartRateBpm><Value>183</Value></HeartRateBpm>
            <Cadence>179</Cadence>
          </Trackpoint>
          <Trackpoint>
            <Time>2026-03-17T13:41:11.000Z</Time>
            <Position>
              <LatitudeDegrees>37.3490741</LatitudeDegrees>
              <LongitudeDegrees>-121.8726012</LongitudeDegrees>
            </Position>
            <AltitudeMeters>23.4</AltitudeMeters>
            <DistanceMeters>1708.70</DistanceMeters>
            <HeartRateBpm><Value>183</Value></HeartRateBpm>
            <Cadence>179</Cadence>
          </Trackpoint>
          <Trackpoint>
            <Time>2026-03-17T13:41:16.000Z</Time>
            <Position>
              <LatitudeDegrees>37.3491848</LatitudeDegrees>
              <LongitudeDegrees>-121.8724618</LongitudeDegrees>
            </Position>
            <AltitudeMeters>23.5</AltitudeMeters>
            <DistanceMeters>1726.09</DistanceMeters>
            <HeartRateBpm><Value>183</Value></HeartRateBpm>
            <Cadence>179</Cadence>
          </Trackpoint>
          <Trackpoint>
            <Time>2026-03-17T13:41:21.000Z</Time>
            <Position>
              <LatitudeDegrees>37.3492954</LatitudeDegrees>
              <LongitudeDegrees>-121.8723224</LongitudeDegrees>
            </Position>
            <AltitudeMeters>23.6</AltitudeMeters>
            <DistanceMeters>1743.48</DistanceMeters>
            <HeartRateBpm><Value>183</Value></HeartRateBpm>
            <Cadence>179</Cadence>
          </Trackpoint>
          <Trackpoint>
            <Time>2026-03-17T13:41:26.000Z</Time>
            <Position>
              <LatitudeDegrees>37.3494061</LatitudeDegrees>
              <LongitudeDegrees>-121.8721830</LongitudeDegrees>
            </Position>
            <AltitudeMeters>23.6</AltitudeMeters>
            <DistanceMeters>1760.87</DistanceMeters>
            <HeartRateBpm><Value>183</Value></HeartRateBpm>
            <Cadence>179</Cadence>
          </Trackpoint>
          <Trackpoint>
            <Time>2026-03-17T13:41:31.000Z</Time>
            <Position>
              <LatitudeDegrees>37.3495168</LatitudeDegrees>
              <LongitudeDegrees>-121.8720435</LongitudeDegrees>
            </Position>
            <AltitudeMeters>23.7</AltitudeMeters>
            <DistanceMeters>1778.26</DistanceMeters>
            <HeartRateBpm><Value>183</Value></HeartRateBpm>
            <Cadence>179</Cadence>
          </Trackpoint>
          <Trackpoint>
            <Time>2026-03-17T13:41:36.000Z</Time>
            <Position>
              <LatitudeDegrees>37.3496275</LatitudeDegrees>
              <LongitudeDegrees>-121.8719041</LongitudeDegrees>
            </Position>
            <AltitudeMeters>23.8</AltitudeMeters>
            <DistanceMeters>1795.65</DistanceMeters>
            <HeartRateBpm><Value>183</Value></HeartRateBpm>
            <Cadence>179</Cadence>
          </Trackpoint>
          <Trackpoint>
            <Time>2026-03-17T13:41:41.000Z</Time>
            <Position>
              <LatitudeDegrees>37.3497381</LatitudeDegrees>
              <LongitudeDegrees>-121.8717647</LongitudeDegrees>
            </Position>
            <AltitudeMeters>23.9</AltitudeMeters>
            <DistanceMeters>1813.04</DistanceMeters>
            <HeartRateBpm><Value>183</Value></HeartRateBpm>
            <Cadence>179</Cadence>
          </Trackpoint>
          <Trackpoint>
            <Time>2026-03-17T13:41:46.000Z</Time>
            <Position>
              <LatitudeDegrees>37.3498488</LatitudeDegrees>
              <LongitudeDegrees>-121.8716253</LongitudeDegrees>
            </Position>
            <AltitudeMeters>24</AltitudeMeters>
            <DistanceMeters>1830.43</DistanceMeters>
            <HeartRateBpm><Value>183</Value></HeartRateBpm>
            <Cadence>179</Cadence>
          </Trackpoint>
          <Trackpoint>
            <Time>2026-03-17T13:41:51.000Z</Time>
            <Position>
              <LatitudeDegrees>37.3499595</LatitudeDegrees>
              <LongitudeDegrees>-121.8714858</LongitudeDegrees>
            </Position>
            <AltitudeMeters>24.1</AltitudeMeters>
            <DistanceMeters>1847.83</DistanceMeters>
            <HeartRateBpm><Value>183</Value></HeartRateBpm>
            <Cadence>179</Cadence>
          </Trackpoint>
          <Trackpoint>
            <Time>2026-03-17T13:41:56.000Z</Time>
            <Position>
              <LatitudeDegrees>37.3500702</LatitudeDegrees>
              <LongitudeDegrees>-121.8713464</LongitudeDegrees>
            </Position>
            <AltitudeMeters>24.2</AltitudeMeters>
            <DistanceMeters>1865.22</DistanceMeters>
            <HeartRateBpm><Value>183</Value></HeartRateBpm>
            <Cadence>179</Cadence>
          </Trackpoint>
          <Trackpoint>
            <Time>2026-03-17T13:42:01.000Z</Time>
            <Position>
              <LatitudeDegrees>37.3501809</LatitudeDegrees>
              <LongitudeDegrees>-121.8712070</LongitudeDegrees>
            </Position>
            <AltitudeMeters>24.3</AltitudeMeters>
            <DistanceMeters>1882.61</DistanceMeters>
            <HeartRateBpm><Value>183</Value></HeartRateBpm>
            <Cadence>179</Cadence>
          </Trackpoint>
          <Trackpoint>
            <Time>2026-03-17T13:42:06.000Z</Time>
            <Position>
              <LatitudeDegrees>37.3502915</LatitudeDegrees>
              <LongitudeDegrees>-121.8710675</LongitudeDegrees>
            </Position>
            <AltitudeMeters>24.4</AltitudeMeters>
            <DistanceMeters>1900.00</DistanceMeters>
            <HeartRateBpm><Value>183</Value></HeartRateBpm>
            <Cadence>179</Cadence>
          </Trackpoint>
          <Trackpoint>
            <Time>2026-03-17T13:42:11.000Z</Time>
            <Position>
              <LatitudeDegrees>37.3504022</LatitudeDegrees>
              <LongitudeDegrees>-121.8709281</LongitudeDegrees>
            </Position>
            <AltitudeMeters>24.5</AltitudeMeters>
            <DistanceMeters>1917.39</DistanceMeters>
            <HeartRateBpm><Value>183</Value></HeartRateBpm>
            <Cadence>179</Cadence>
          </Trackpoint>
          <Trackpoint>
            <Time>2026-03-17T13:42:16.000Z</Time>
            <Position>
              <LatitudeDegrees>37.3505129</LatitudeDegrees>
              <LongitudeDegrees>-121.8707887</LongitudeDegrees>
            </Position>
            <AltitudeMeters>24.6</AltitudeMeters>
            <DistanceMeters>1934.78</DistanceMeters>
            <HeartRateBpm><Value>183</Value></HeartRateBpm>
            <Cadence>179</Cadence>
          </Trackpoint>
          <Trackpoint>
            <Time>2026-03-17T13:42:21.000Z</Time>
            <Position>
              <LatitudeDegrees>37.3506236</LatitudeDegrees>
              <LongitudeDegrees>-121.8706493</LongitudeDegrees>
            </Position>
            <AltitudeMeters>24.7</AltitudeMeters>
            <DistanceMeters>1952.17</DistanceMeters>
            <HeartRateBpm><Value>183</Value></HeartRateBpm>
            <Cadence>179</Cadence>
          </Trackpoint>
          <Trackpoint>
            <Time>2026-03-17T13:42:26.000Z</Time>
            <Position>
              <LatitudeDegrees>37.3507342</LatitudeDegrees>
              <LongitudeDegrees>-121.8705098</LongitudeDegrees>
            </Position>
            <AltitudeMeters>24.8</AltitudeMeters>
            <DistanceMeters>1969.57</DistanceMeters>
            <HeartRateBpm><Value>183</Value></HeartRateBpm>
            <Cadence>179</Cadence>
          </Trackpoint>
          <Trackpoint>
            <Time>2026-03-17T13:42:31.000Z</Time>
            <Position>
              <LatitudeDegrees>37.3508449</LatitudeDegrees>
              <LongitudeDegrees>-121.8703704</LongitudeDegrees>
            </Position>
            <AltitudeMeters>24.9</AltitudeMeters>
            <DistanceMeters>1986.96</DistanceMeters>
            <HeartRateBpm><Value>183</Value></HeartRateBpm>
            <Cadence>179</Cadence>
          </Trackpoint>
          <Trackpoint>
            <Time>2026-03-17T13:42:36.000Z</Time>
            <Position>
              <LatitudeDegrees>37.3509556</LatitudeDegrees>
              <LongitudeDegrees>-121.8702310</LongitudeDegrees>
            </Position>
            <AltitudeMeters>25</AltitudeMeters>
            <DistanceMeters>2004.35</DistanceMeters>
            <HeartRateBpm><Value>183</Value></HeartRateBpm>
            <Cadence>179</Cadence>
          </Trackpoint>
          <Trackpoint>
            <Time>2026-03-17T13:42:41.000Z</Time>
            <Position>
              <LatitudeDegrees>37.3510663</LatitudeDegrees>
              <LongitudeDegrees>-121.8700915</LongitudeDegrees>
            </Position>
            <AltitudeMeters>25.1</AltitudeMeters>
            <DistanceMeters>2021.74</DistanceMeters>
            <HeartRateBpm><Value>183</Value></HeartRateBpm>
            <Cadence>179</Cadence>
          </Trackpoint>
          <Trackpoint>
            <Time>2026-03-17T13:42:46.000Z</Time>
            <Position>
              <LatitudeDegrees>37.3511770</LatitudeDegrees>
              <LongitudeDegrees>-121.8699521</LongitudeDegrees>
            </Position>
            <AltitudeMeters>25.2</AltitudeMeters>
            <DistanceMeters>2039.13</DistanceMeters>
            <HeartRateBpm><Value>183</Value></HeartRateBpm>
            <Cadence>179</Cadence>
          </Trackpoint>
          <Trackpoint>
            <Time>2026-03-17T13:42:51.000Z</Time>
            <Position>
              <LatitudeDegrees>37.3512876</LatitudeDegrees>
              <LongitudeDegrees>-121.8698127</LongitudeDegrees>
            </Position>
            <AltitudeMeters>25.4</AltitudeMeters>
            <DistanceMeters>2056.52</DistanceMeters>
            <HeartRateBpm><Value>183</Value></HeartRateBpm>
            <Cadence>179</Cadence>
          </Trackpoint>
          <Trackpoint>
            <Time>2026-03-17T13:42:56.000Z</Time>
            <Position>
              <LatitudeDegrees>37.3513983</LatitudeDegrees>
              <LongitudeDegrees>-121.8696733</LongitudeDegrees>
            </Position>
            <AltitudeMeters>25.5</AltitudeMeters>
            <DistanceMeters>2073.91</DistanceMeters>
            <HeartRateBpm><Value>183</Value></HeartRateBpm>
            <Cadence>179</Cadence>
          </Trackpoint>
          <Trackpoint>
            <Time>2026-03-17T13:43:01.000Z</Time>
            <Position>
              <LatitudeDegrees>37.3515090</LatitudeDegrees>
              <LongitudeDegrees>-121.8695338</LongitudeDegrees>
            </Position>
            <AltitudeMeters>25.6</AltitudeMeters>
            <DistanceMeters>2091.30</DistanceMeters>
            <HeartRateBpm><Value>183</Value></HeartRateBpm>
            <Cadence>179</Cadence>
          </Trackpoint>
          <Trackpoint>
            <Time>2026-03-17T13:43:06.000Z</Time>
            <Position>
              <LatitudeDegrees>37.3516197</LatitudeDegrees>
              <LongitudeDegrees>-121.8693944</LongitudeDegrees>
            </Position>
            <AltitudeMeters>25.7</AltitudeMeters>
            <DistanceMeters>2108.70</DistanceMeters>
            <HeartRateBpm><Value>183</Value></HeartRateBpm>
            <Cadence>179</Cadence>
          </Trackpoint>
          <Trackpoint>
            <Time>2026-03-17T13:43:11.000Z</Time>
            <Position>
              <LatitudeDegrees>37.3517303</LatitudeDegrees>
              <LongitudeDegrees>-121.8692550</LongitudeDegrees>
            </Position>
            <AltitudeMeters>25.8</AltitudeMeters>
            <DistanceMeters>2126.09</DistanceMeters>
            <HeartRateBpm><Value>183</Value></HeartRateBpm>
            <Cadence>179</Cadence>
          </Trackpoint>
          <Trackpoint>
            <Time>2026-03-17T13:43:16.000Z</Time>
            <Position>
              <LatitudeDegrees>37.3518410</LatitudeDegrees>
              <LongitudeDegrees>-121.8691156</LongitudeDegrees>
            </Position>
            <AltitudeMeters>25.9</AltitudeMeters>
            <DistanceMeters>2143.48</DistanceMeters>
            <HeartRateBpm><Value>183</Value></HeartRateBpm>
            <Cadence>179</Cadence>
          </Trackpoint>
          <Trackpoint>
            <Time>2026-03-17T13:43:21.000Z</Time>
            <Position>
              <LatitudeDegrees>37.3519517</LatitudeDegrees>
              <LongitudeDegrees>-121.8689761</LongitudeDegrees>
            </Position>
            <AltitudeMeters>26</AltitudeMeters>
            <DistanceMeters>2160.87</DistanceMeters>
            <HeartRateBpm><Value>183</Value></HeartRateBpm>
            <Cadence>179</Cadence>
          </Trackpoint>
          <Trackpoint>
            <Time>2026-03-17T13:43:26.000Z</Time>
            <Position>
              <LatitudeDegrees>37.3520624</LatitudeDegrees>
              <LongitudeDegrees>-121.8688367</LongitudeDegrees>
            </Position>
            <AltitudeMeters>26.1</AltitudeMeters>
            <DistanceMeters>2178.26</DistanceMeters>
            <HeartRateBpm><Value>183</Value></HeartRateBpm>
            <Cadence>179</Cadence>
          </Trackpoint>
          <Trackpoint>
            <Time>2026-03-17T13:43:31.000Z</Time>
            <Position>
              <LatitudeDegrees>37.3521731</LatitudeDegrees>
              <LongitudeDegrees>-121.8686973</LongitudeDegrees>
            </Position>
            <AltitudeMeters>26.2</AltitudeMeters>
            <DistanceMeters>2195.65</DistanceMeters>
            <HeartRateBpm><Value>183</Value></HeartRateBpm>
            <Cadence>179</Cadence>
          </Trackpoint>
          <Trackpoint>
            <Time>2026-03-17T13:43:36.000Z</Time>
            <Position>
              <LatitudeDegrees>37.3522837</LatitudeDegrees>
              <LongitudeDegrees>-121.8685578</LongitudeDegrees>
            </Position>
            <AltitudeMeters>26.2</AltitudeMeters>
            <DistanceMeters>2213.04</DistanceMeters>
            <HeartRateBpm><Value>183</Value></HeartRateBpm>
            <Cadence>179</Cadence>
          </Trackpoint>
          <Trackpoint>
            <Time>2026-03-17T13:43:41.000Z</Time>
            <Position>
              <LatitudeDegrees>37.3523944</LatitudeDegrees>
              <LongitudeDegrees>-121.8684184</LongitudeDegrees>
            </Position>
            <AltitudeMeters>26.3</AltitudeMeters>
            <DistanceMeters>2230.43</DistanceMeters>
            <HeartRateBpm><Value>183</Value></HeartRateBpm>
            <Cadence>179</Cadence>
          </Trackpoint>
          <Trackpoint>
            <Time>2026-03-17T13:43:46.000Z</Time>
            <Position>
              <LatitudeDegrees>37.3525051</LatitudeDegrees>
              <LongitudeDegrees>-121.8682790</LongitudeDegrees>
            </Position>
            <AltitudeMeters>26.4</AltitudeMeters>
            <DistanceMeters>2247.83</DistanceMeters>
            <HeartRateBpm><Value>183</Value></HeartRateBpm>
            <Cadence>179</Cadence>
          </Trackpoint>
          <Trackpoint>
            <Time>2026-03-17T13:43:51.000Z</Time>
            <Position>
              <LatitudeDegrees>37.3526158</LatitudeDegrees>
              <LongitudeDegrees>-121.8681396</LongitudeDegrees>
            </Position>
            <AltitudeMeters>26.5</AltitudeMeters>
            <DistanceMeters>2265.22</DistanceMeters>
            <HeartRateBpm><Value>183</Value></HeartRateBpm>
            <Cadence>179</Cadence>
          </Trackpoint>
          <Trackpoint>
            <Time>2026-03-17T13:43:56.000Z</Time>
            <Position>
              <LatitudeDegrees>37.3527264</LatitudeDegrees>
              <LongitudeDegrees>-121.8680001</LongitudeDegrees>
            </Position>
            <AltitudeMeters>26.6</AltitudeMeters>
            <DistanceMeters>2282.61</DistanceMeters>
            <HeartRateBpm><Value>183</Value></HeartRateBpm>
            <Cadence>179</Cadence>
          </Trackpoint>
          <Trackpoint>
            <Time>2026-03-17T13:44:01.000Z</Time>
            <Position>
              <LatitudeDegrees>37.3528371</LatitudeDegrees>
              <LongitudeDegrees>-121.8678607</LongitudeDegrees>
            </Position>
            <AltitudeMeters>26.6</AltitudeMeters>
            <DistanceMeters>2300.00</DistanceMeters>
            <HeartRateBpm><Value>183</Value></HeartRateBpm>
            <Cadence>179</Cadence>
          </Trackpoint>
        </Track>
      </Lap>
      <Lap StartTime="2026-03-17T13:44:01.000Z">
        <TotalTimeSeconds>151</TotalTimeSeconds>
        <DistanceMeters>350</DistanceMeters>
        <AverageHeartRateBpm><Value>140</Value></AverageHeartRateBpm>
        <MaximumHeartRateBpm><Value>147</Value></MaximumHeartRateBpm>
        <Intensity>Resting</Intensity>
        <TriggerMethod>Manual</TriggerMethod>
        <Track>
          <Trackpoint>
            <Time>2026-03-17T13:44:01.000Z</Time>
            <Position>
              <LatitudeDegrees>37.3528371</LatitudeDegrees>
              <LongitudeDegrees>-121.8678607</LongitudeDegrees>
            </Position>
            <AltitudeMeters>26.6</AltitudeMeters>
            <DistanceMeters>2300.00</DistanceMeters>
            <HeartRateBpm><Value>132</Value></HeartRateBpm>
            <Cadence>160</Cadence>
          </Trackpoint>
          <Trackpoint>
            <Time>2026-03-17T13:44:06.000Z</Time>
            <Position>
              <LatitudeDegrees>37.3529109</LatitudeDegrees>
              <LongitudeDegrees>-121.8677678</LongitudeDegrees>
            </Position>
            <AltitudeMeters>26.7</AltitudeMeters>
            <DistanceMeters>2311.59</DistanceMeters>
            <HeartRateBpm><Value>134</Value></HeartRateBpm>
            <Cadence>160</Cadence>
          </Trackpoint>
          <Trackpoint>
            <Time>2026-03-17T13:44:11.000Z</Time>
            <Position>
              <LatitudeDegrees>37.3529846</LatitudeDegrees>
              <LongitudeDegrees>-121.8676749</LongitudeDegrees>
            </Position>
            <AltitudeMeters>26.7</AltitudeMeters>
            <DistanceMeters>2323.18</DistanceMeters>
            <HeartRateBpm><Value>136</Value></HeartRateBpm>
            <Cadence>160</Cadence>
          </Trackpoint>
          <Trackpoint>
            <Time>2026-03-17T13:44:16.000Z</Time>
            <Position>
              <LatitudeDegrees>37.3530584</LatitudeDegrees>
              <LongitudeDegrees>-121.8675820</LongitudeDegrees>
            </Position>
            <AltitudeMeters>26.7</AltitudeMeters>
            <DistanceMeters>2334.77</DistanceMeters>
            <HeartRateBpm><Value>137</Value></HeartRateBpm>
            <Cadence>160</Cadence>
          </Trackpoint>
          <Trackpoint>
            <Time>2026-03-17T13:44:21.000Z</Time>
            <Position>
              <LatitudeDegrees>37.3531321</LatitudeDegrees>
              <LongitudeDegrees>-121.8674891</LongitudeDegrees>
            </Position>
            <AltitudeMeters>26.8</AltitudeMeters>
            <DistanceMeters>2346.36</DistanceMeters>
            <HeartRateBpm><Value>139</Value></HeartRateBpm>
            <Cadence>160</Cadence>
          </Trackpoint>
          <Trackpoint>
            <Time>2026-03-17T13:44:26.000Z</Time>
            <Position>
              <LatitudeDegrees>37.3532059</LatitudeDegrees>
              <LongitudeDegrees>-121.8673961</LongitudeDegrees>
            </Position>
            <AltitudeMeters>26.8</AltitudeMeters>
            <DistanceMeters>2357.95</DistanceMeters>
            <HeartRateBpm><Value>140</Value></HeartRateBpm>
            <Cadence>160</Cadence>
          </Trackpoint>
          <Trackpoint>
            <Time>2026-03-17T13:44:31.000Z</Time>
            <Position>
              <LatitudeDegrees>37.3532797</LatitudeDegrees>
              <LongitudeDegrees>-121.8673032</LongitudeDegrees>
            </Position>
            <AltitudeMeters>26.8</AltitudeMeters>
            <DistanceMeters>2369.54</DistanceMeters>
            <HeartRateBpm><Value>140</Value></HeartRateBpm>
            <Cadence>160</Cadence>
          </Trackpoint>
          <Trackpoint>
            <Time>2026-03-17T13:44:36.000Z</Time>
            <Position>
              <LatitudeDegrees>37.3533534</LatitudeDegrees>
              <LongitudeDegrees>-121.8672103</LongitudeDegrees>
            </Position>
            <AltitudeMeters>26.9</AltitudeMeters>
            <DistanceMeters>2381.13</DistanceMeters>
            <HeartRateBpm><Value>140</Value></HeartRateBpm>
            <Cadence>160</Cadence>
          </Trackpoint>
          <Trackpoint>
            <Time>2026-03-17T13:44:41.000Z</Time>
            <Position>
              <LatitudeDegrees>37.3534272</LatitudeDegrees>
              <LongitudeDegrees>-121.8671174</LongitudeDegrees>
            </Position>
            <AltitudeMeters>26.9</AltitudeMeters>
            <DistanceMeters>2392.72</DistanceMeters>
            <HeartRateBpm><Value>140</Value></HeartRateBpm>
            <Cadence>160</Cadence>
          </Trackpoint>
          <Trackpoint>
            <Time>2026-03-17T13:44:46.000Z</Time>
            <Position>
              <LatitudeDegrees>37.3535009</LatitudeDegrees>
              <LongitudeDegrees>-121.8670245</LongitudeDegrees>
            </Position>
            <AltitudeMeters>26.9</AltitudeMeters>
            <DistanceMeters>2404.30</DistanceMeters>
            <HeartRateBpm><Value>140</Value></HeartRateBpm>
            <Cadence>160</Cadence>
          </Trackpoint>
          <Trackpoint>
            <Time>2026-03-17T13:44:51.000Z</Time>
            <Position>
              <LatitudeDegrees>37.3535747</LatitudeDegrees>
              <LongitudeDegrees>-121.8669316</LongitudeDegrees>
            </Position>
            <AltitudeMeters>26.9</AltitudeMeters>
            <DistanceMeters>2415.89</DistanceMeters>
            <HeartRateBpm><Value>140</Value></HeartRateBpm>
            <Cadence>160</Cadence>
          </Trackpoint>
          <Trackpoint>
            <Time>2026-03-17T13:44:56.000Z</Time>
            <Position>
              <LatitudeDegrees>37.3536484</LatitudeDegrees>
              <LongitudeDegrees>-121.8668387</LongitudeDegrees>
            </Position>
            <AltitudeMeters>26.9</AltitudeMeters>
            <DistanceMeters>2427.48</DistanceMeters>
            <HeartRateBpm><Value>140</Value></HeartRateBpm>
            <Cadence>160</Cadence>
          </Trackpoint>
          <Trackpoint>
            <Time>2026-03-17T13:45:01.000Z</Time>
            <Position>
              <LatitudeDegrees>37.3537222</LatitudeDegrees>
              <LongitudeDegrees>-121.8667457</LongitudeDegrees>
            </Position>
            <AltitudeMeters>27</AltitudeMeters>
            <DistanceMeters>2439.07</DistanceMeters>
            <HeartRateBpm><Value>140</Value></HeartRateBpm>
            <Cadence>160</Cadence>
          </Trackpoint>
          <Trackpoint>
            <Time>2026-03-17T13:45:06.000Z</Time>
            <Position>
              <LatitudeDegrees>37.3537959</LatitudeDegrees>
              <LongitudeDegrees>-121.8666528</LongitudeDegrees>
            </Position>
            <AltitudeMeters>27</AltitudeMeters>
            <DistanceMeters>2450.66</DistanceMeters>
            <HeartRateBpm><Value>140</Value></HeartRateBpm>
            <Cadence>160</Cadence>
          </Trackpoint>
          <Trackpoint>
            <Time>2026-03-17T13:45:11.000Z</Time>
            <Position>
              <LatitudeDegrees>37.3538697</LatitudeDegrees>
              <LongitudeDegrees>-121.8665599</LongitudeDegrees>
            </Position>
            <AltitudeMeters>27</AltitudeMeters>
            <DistanceMeters>2462.25</DistanceMeters>
            <HeartRateBpm><Value>140</Value></HeartRateBpm>
            <Cadence>160</Cadence>
          </Trackpoint>
          <Trackpoint>
            <Time>2026-03-17T13:45:16.000Z</Time>
            <Position>
              <LatitudeDegrees>37.3539434</LatitudeDegrees>
              <LongitudeDegrees>-121.8664670</LongitudeDegrees>
            </Position>
            <AltitudeMeters>27</AltitudeMeters>
            <DistanceMeters>2473.84</DistanceMeters>
            <HeartRateBpm><Value>140</Value></HeartRateBpm>
            <Cadence>160</Cadence>
          </Trackpoint>
          <Trackpoint>
            <Time>2026-03-17T13:45:21.000Z</Time>
            <Position>
              <LatitudeDegrees>37.3540172</LatitudeDegrees>
              <LongitudeDegrees>-121.8663741</LongitudeDegrees>
            </Position>
            <AltitudeMeters>27</AltitudeMeters>
            <DistanceMeters>2485.43</DistanceMeters>
            <HeartRateBpm><Value>140</Value></HeartRateBpm>
            <Cadence>160</Cadence>
          </Trackpoint>
          <Trackpoint>
            <Time>2026-03-17T13:45:26.000Z</Time>
            <Position>
              <LatitudeDegrees>37.3540910</LatitudeDegrees>
              <LongitudeDegrees>-121.8662812</LongitudeDegrees>
            </Position>
            <AltitudeMeters>27</AltitudeMeters>
            <DistanceMeters>2497.02</DistanceMeters>
            <HeartRateBpm><Value>140</Value></HeartRateBpm>
            <Cadence>160</Cadence>
          </Trackpoint>
          <Trackpoint>
            <Time>2026-03-17T13:45:31.000Z</Time>
            <Position>
              <LatitudeDegrees>37.3541647</LatitudeDegrees>
              <LongitudeDegrees>-121.8661883</LongitudeDegrees>
            </Position>
            <AltitudeMeters>27</AltitudeMeters>
            <DistanceMeters>2508.61</DistanceMeters>
            <HeartRateBpm><Value>140</Value></HeartRateBpm>
            <Cadence>160</Cadence>
          </Trackpoint>
          <Trackpoint>
            <Time>2026-03-17T13:45:36.000Z</Time>
            <Position>
              <LatitudeDegrees>37.3542385</LatitudeDegrees>
              <LongitudeDegrees>-121.8660954</LongitudeDegrees>
            </Position>
            <AltitudeMeters>27</AltitudeMeters>
            <DistanceMeters>2520.20</DistanceMeters>
            <HeartRateBpm><Value>140</Value></HeartRateBpm>
            <Cadence>160</Cadence>
          </Trackpoint>
          <Trackpoint>
            <Time>2026-03-17T13:45:41.000Z</Time>
            <Position>
              <LatitudeDegrees>37.3543122</LatitudeDegrees>
              <LongitudeDegrees>-121.8660024</LongitudeDegrees>
            </Position>
            <AltitudeMeters>27</AltitudeMeters>
            <DistanceMeters>2531.79</DistanceMeters>
            <HeartRateBpm><Value>140</Value></HeartRateBpm>
            <Cadence>160</Cadence>
          </Trackpoint>
          <Trackpoint>
            <Time>2026-03-17T13:45:46.000Z</Time>
            <Position>
              <LatitudeDegrees>37.3543860</LatitudeDegrees>
              <LongitudeDegrees>-121.8659095</LongitudeDegrees>
            </Position>
            <AltitudeMeters>27</AltitudeMeters>
            <DistanceMeters>2543.38</DistanceMeters>
            <HeartRateBpm><Value>140</Value></HeartRateBpm>
            <Cadence>160</Cadence>
          </Trackpoint>
          <Trackpoint>
            <Time>2026-03-17T13:45:51.000Z</Time>
            <Position>
              <LatitudeDegrees>37.3544597</LatitudeDegrees>
              <LongitudeDegrees>-121.8658166</LongitudeDegrees>
            </Position>
            <AltitudeMeters>27</AltitudeMeters>
            <DistanceMeters>2554.97</DistanceMeters>
            <HeartRateBpm><Value>140</Value></HeartRateBpm>
            <Cadence>160</Cadence>
          </Trackpoint>
          <Trackpoint>
            <Time>2026-03-17T13:45:56.000Z</Time>
            <Position>
              <LatitudeDegrees>37.3545335</LatitudeDegrees>
              <LongitudeDegrees>-121.8657237</LongitudeDegrees>
            </Position>
            <AltitudeMeters>27</AltitudeMeters>
            <DistanceMeters>2566.56</DistanceMeters>
            <HeartRateBpm><Value>140</Value></HeartRateBpm>
            <Cadence>160</Cadence>
          </Trackpoint>
          <Trackpoint>
            <Time>2026-03-17T13:46:01.000Z</Time>
            <Position>
              <LatitudeDegrees>37.3546072</LatitudeDegrees>
              <LongitudeDegrees>-121.8656308</LongitudeDegrees>
            </Position>
            <AltitudeMeters>26.9</AltitudeMeters>
            <DistanceMeters>2578.15</DistanceMeters>
            <HeartRateBpm><Value>140</Value></HeartRateBpm>
            <Cadence>160</Cadence>
          </Trackpoint>
          <Trackpoint>
            <Time>2026-03-17T13:46:06.000Z</Time>
            <Position>
              <LatitudeDegrees>37.3546810</LatitudeDegrees>
              <LongitudeDegrees>-121.8655379</LongitudeDegrees>
            </Position>
            <AltitudeMeters>26.9</AltitudeMeters>
            <DistanceMeters>2589.74</DistanceMeters>
            <HeartRateBpm><Value>140</Value></HeartRateBpm>
            <Cadence>160</Cadence>
          </Trackpoint>
          <Trackpoint>
            <Time>2026-03-17T13:46:11.000Z</Time>
            <Position>
              <LatitudeDegrees>37.3547547</LatitudeDegrees>
              <LongitudeDegrees>-121.8654450</LongitudeDegrees>
            </Position>
            <AltitudeMeters>26.9</AltitudeMeters>
            <DistanceMeters>2601.32</DistanceMeters>
            <HeartRateBpm><Value>140</Value></HeartRateBpm>
            <Cadence>160</Cadence>
          </Trackpoint>
          <Trackpoint>
            <Time>2026-03-17T13:46:16.000Z</Time>
            <Position>
              <LatitudeDegrees>37.3548285</LatitudeDegrees>
              <LongitudeDegrees>-121.8653521</LongitudeDegrees>
            </Position>
            <AltitudeMeters>26.9</AltitudeMeters>
            <DistanceMeters>2612.91</DistanceMeters>
            <HeartRateBpm><Value>140</Value></HeartRateBpm>
            <Cadence>160</Cadence>
          </Trackpoint>
          <Trackpoint>
            <Time>2026-03-17T13:46:21.000Z</Time>
            <Position>
              <LatitudeDegrees>37.3549023</LatitudeDegrees>
              <LongitudeDegrees>-121.8652591</LongitudeDegrees>
            </Position>
            <AltitudeMeters>26.8</AltitudeMeters>
            <DistanceMeters>2624.50</DistanceMeters>
            <HeartRateBpm><Value>140</Value></HeartRateBpm>
            <Cadence>160</Cadence>
          </Trackpoint>
          <Trackpoint>
            <Time>2026-03-17T13:46:26.000Z</Time>
            <Position>
              <LatitudeDegrees>37.3549760</LatitudeDegrees>
              <LongitudeDegrees>-121.8651662</LongitudeDegrees>
            </Position>
            <AltitudeMeters>26.8</AltitudeMeters>
            <DistanceMeters>2636.09</DistanceMeters>
            <HeartRateBpm><Value>140</Value></HeartRateBpm>
            <Cadence>160</Cadence>
          </Trackpoint>
          <Trackpoint>
            <Time>2026-03-17T13:46:31.000Z</Time>
            <Position>
              <LatitudeDegrees>37.3550498</LatitudeDegrees>
              <LongitudeDegrees>-121.8650733</LongitudeDegrees>
            </Position>
            <AltitudeMeters>26.8</AltitudeMeters>
            <DistanceMeters>2647.68</DistanceMeters>
            <HeartRateBpm><Value>140</Value></HeartRateBpm>
            <Cadence>160</Cadence>
          </Trackpoint>
          <Trackpoint>
            <Time>2026-03-17T13:46:32.000Z</Time>
            <Position>
              <LatitudeDegrees>37.3550645</LatitudeDegrees>
              <LongitudeDegrees>-121.8650547</LongitudeDegrees>
            </Position>
            <AltitudeMeters>26.8</AltitudeMeters>
            <DistanceMeters>2650.00</DistanceMeters>
            <HeartRateBpm><Value>140</Value></HeartRateBpm>
            <Cadence>160</Cadence>
          </Trackpoint>
        </Track>
      </Lap>
      <Lap StartTime="2026-03-17T13:46:32.000Z">
        <TotalTimeSeconds>230</TotalTimeSeconds>
        <DistanceMeters>800</DistanceMeters>
        <AverageHeartRateBpm><Value>183</Value></AverageHeartRateBpm>
        <MaximumHeartRateBpm><Value>189</Value></MaximumHeartRateBpm>
        <Intensity>Active</Intensity>
        <TriggerMethod>Manual</TriggerMethod>
        <Track>
          <Trackpoint>
            <Time>2026-03-17T13:46:32.000Z</Time>
            <Position>
              <LatitudeDegrees>37.3550645</LatitudeDegrees>
              <LongitudeDegrees>-121.8650547</LongitudeDegrees>
            </Position>
            <AltitudeMeters>26.8</AltitudeMeters>
            <DistanceMeters>2650.00</DistanceMeters>
            <HeartRateBpm><Value>175</Value></HeartRateBpm>
            <Cadence>179</Cadence>
          </Trackpoint>
          <Trackpoint>
            <Time>2026-03-17T13:46:37.000Z</Time>
            <Position>
              <LatitudeDegrees>37.3551752</LatitudeDegrees>
              <LongitudeDegrees>-121.8649153</LongitudeDegrees>
            </Position>
            <AltitudeMeters>26.7</AltitudeMeters>
            <DistanceMeters>2667.39</DistanceMeters>
            <HeartRateBpm><Value>176</Value></HeartRateBpm>
            <Cadence>179</Cadence>
          </Trackpoint>
          <Trackpoint>
            <Time>2026-03-17T13:46:42.000Z</Time>
            <Position>
              <LatitudeDegrees>37.3552859</LatitudeDegrees>
              <LongitudeDegrees>-121.8647759</LongitudeDegrees>
            </Position>
            <AltitudeMeters>26.7</AltitudeMeters>
            <DistanceMeters>2684.78</DistanceMeters>
            <HeartRateBpm><Value>177</Value></HeartRateBpm>
            <Cadence>179</Cadence>
          </Trackpoint>
          <Trackpoint>
            <Time>2026-03-17T13:46:47.000Z</Time>
            <Position>
              <LatitudeDegrees>37.3553965</LatitudeDegrees>
              <LongitudeDegrees>-121.8646364</LongitudeDegrees>
            </Position>
            <AltitudeMeters>26.6</AltitudeMeters>
            <DistanceMeters>2702.17</DistanceMeters>
            <HeartRateBpm><Value>178</Value></HeartRateBpm>
            <Cadence>179</Cadence>
          </Trackpoint>
          <Trackpoint>
            <Time>2026-03-17T13:46:52.000Z</Time>
            <Position>
              <LatitudeDegrees>37.3555072</LatitudeDegrees>
              <LongitudeDegrees>-121.8644970</LongitudeDegrees>
            </Position>
            <AltitudeMeters>26.5</AltitudeMeters>
            <DistanceMeters>2719.57</DistanceMeters>
            <HeartRateBpm><Value>180</Value></HeartRateBpm>
            <Cadence>179</Cadence>
          </Trackpoint>
          <Trackpoint>
            <Time>2026-03-17T13:46:57.000Z</Time>
            <Position>
              <LatitudeDegrees>37.3556179</LatitudeDegrees>
              <LongitudeDegrees>-121.8643576</LongitudeDegrees>
            </Position>
            <AltitudeMeters>26.5</AltitudeMeters>
            <DistanceMeters>2736.96</DistanceMeters>
            <HeartRateBpm><Value>181</Value></HeartRateBpm>
            <Cadence>179</Cadence>
          </Trackpoint>
          <Trackpoint>
            <Time>2026-03-17T13:47:02.000Z</Time>
            <Position>
              <LatitudeDegrees>37.3557286</LatitudeDegrees>
              <LongitudeDegrees>-121.8642182</LongitudeDegrees>
            </Position>
            <AltitudeMeters>26.4</AltitudeMeters>
            <DistanceMeters>2754.35</DistanceMeters>
            <HeartRateBpm><Value>182</Value></HeartRateBpm>
            <Cadence>179</Cadence>
          </Trackpoint>
          <Trackpoint>
            <Time>2026-03-17T13:47:07.000Z</Time>
            <Position>
              <LatitudeDegrees>37.3558393</LatitudeDegrees>
              <LongitudeDegrees>-121.8640787</LongitudeDegrees>
            </Position>
            <AltitudeMeters>26.3</AltitudeMeters>
            <DistanceMeters>2771.74</DistanceMeters>
            <HeartRateBpm><Value>183</Value></HeartRateBpm>
            <Cadence>179</Cadence>
          </Trackpoint>
          <Trackpoint>
            <Time>2026-03-17T13:47:12.000Z</Time>
            <Position>
              <LatitudeDegrees>37.3559499</LatitudeDegrees>
              <LongitudeDegrees>-121.8639393</LongitudeDegrees>
            </Position>
            <AltitudeMeters>26.2</AltitudeMeters>
            <DistanceMeters>2789.13</DistanceMeters>
            <HeartRateBpm><Value>183</Value></HeartRateBpm>
            <Cadence>179</Cadence>
          </Trackpoint>
          <Trackpoint>
            <Time>2026-03-17T13:47:17.000Z</Time>
            <Position>
              <LatitudeDegrees>37.3560606</LatitudeDegrees>
              <LongitudeDegrees>-121.8637999</LongitudeDegrees>
            </Position>
            <AltitudeMeters>26.1</AltitudeMeters>
            <DistanceMeters>2806.52</DistanceMeters>
            <HeartRateBpm><Value>183</Value></HeartRateBpm>
            <Cadence>179</Cadence>
          </Trackpoint>
          <Trackpoint>
            <Time>2026-03-17T13:47:22.000Z</Time>
            <Position>
              <LatitudeDegrees>37.3561713</LatitudeDegrees>
              <LongitudeDegrees>-121.8636605</LongitudeDegrees>
            </Position>
            <AltitudeMeters>26.1</AltitudeMeters>
            <DistanceMeters>2823.91</DistanceMeters>
            <HeartRateBpm><Value>183</Value></HeartRateBpm>
            <Cadence>179</Cadence>
          </Trackpoint>
          <Trackpoint>
            <Time>2026-03-17T13:47:27.000Z</Time>
            <Position>
              <LatitudeDegrees>37.3562820</LatitudeDegrees>
              <LongitudeDegrees>-121.8635210</LongitudeDegrees>
            </Position>
            <AltitudeMeters>26</AltitudeMeters>
            <DistanceMeters>2841.30</DistanceMeters>
            <HeartRateBpm><Value>183</Value></HeartRateBpm>
            <Cadence>179</Cadence>
          </Trackpoint>
          <Trackpoint>
            <Time>2026-03-17T13:47:32.000Z</Time>
            <Position>
              <LatitudeDegrees>37.3563926</LatitudeDegrees>
              <LongitudeDegrees>-121.8633816</LongitudeDegrees>
            </Position>
            <AltitudeMeters>25.9</AltitudeMeters>
            <DistanceMeters>2858.70</DistanceMeters>
            <HeartRateBpm><Value>183</Value></HeartRateBpm>
            <Cadence>179</Cadence>
          </Trackpoint>
          <Trackpoint>
            <Time>2026-03-17T13:47:37.000Z</Time>
            <Position>
              <LatitudeDegrees>37.3565033</LatitudeDegrees>
              <LongitudeDegrees>-121.8632422</LongitudeDegrees>
            </Position>
            <AltitudeMeters>25.8</AltitudeMeters>
            <DistanceMeters>2876.09</DistanceMeters>
            <HeartRateBpm><Value>183</Value></HeartRateBpm>
            <Cadence>179</Cadence>
          </Trackpoint>
          <Trackpoint>
            <Time>2026-03-17T13:47:42.000Z</Time>
            <Position>
              <LatitudeDegrees>37.3566140</LatitudeDegrees>
              <LongitudeDegrees>-121.8631027</LongitudeDegrees>
            </Position>
            <AltitudeMeters>25.7</AltitudeMeters>
            <DistanceMeters>2893.48</DistanceMeters>
            <HeartRateBpm><Value>183</Value></HeartRateBpm>
            <Cadence>179</Cadence>
          </Trackpoint>
          <Trackpoint>
            <Time>2026-03-17T13:47:47.000Z</Time>
            <Position>
              <LatitudeDegrees>37.3567247</LatitudeDegrees>
              <LongitudeDegrees>-121.8629633</LongitudeDegrees>
            </Position>
            <AltitudeMeters>25.6</AltitudeMeters>
            <DistanceMeters>2910.87</DistanceMeters>
            <HeartRateBpm><Value>183</Value></HeartRateBpm>
            <Cadence>179</Cadence>
          </Trackpoint>
          <Trackpoint>
            <Time>2026-03-17T13:47:52.000Z</Time>
            <Position>
              <LatitudeDegrees>37.3568354</LatitudeDegrees>
              <LongitudeDegrees>-121.8628239</LongitudeDegrees>
            </Position>
            <AltitudeMeters>25.4</AltitudeMeters>
            <DistanceMeters>2928.26</DistanceMeters>
            <HeartRateBpm><Value>183</Value></HeartRateBpm>
            <Cadence>179</Cadence>
          </Trackpoint>
          <Trackpoint>
            <Time>2026-03-17T13:47:57.000Z</Time>
            <Position>
              <LatitudeDegrees>37.3569460</LatitudeDegrees>
              <LongitudeDegrees>-121.8626845</LongitudeDegrees>
            </Position>
            <AltitudeMeters>25.3</AltitudeMeters>
            <DistanceMeters>2945.65</DistanceMeters>
            <HeartRateBpm><Value>183</Value></HeartRateBpm>
            <Cadence>179</Cadence>
          </Trackpoint>
          <Trackpoint>
            <Time>2026-03-17T13:48:02.000Z</Time>
            <Position>
              <LatitudeDegrees>37.3570567</LatitudeDegrees>
              <LongitudeDegrees>-121.8625450</LongitudeDegrees>
            </Position>
            <AltitudeMeters>25.2</AltitudeMeters>
            <DistanceMeters>2963.04</DistanceMeters>
            <HeartRateBpm><Value>183</Value></HeartRateBpm>
            <Cadence>179</Cadence>
          </Trackpoint>
          <Trackpoint>
            <Time>2026-03-17T13:48:07.000Z</Time>
            <Position>
              <LatitudeDegrees>37.3571674</LatitudeDegrees>
              <LongitudeDegrees>-121.8624056</LongitudeDegrees>
            </Position>
            <AltitudeMeters>25.1</AltitudeMeters>
            <DistanceMeters>2980.43</DistanceMeters>
            <HeartRateBpm><Value>183</Value></HeartRateBpm>
            <Cadence>179</Cadence>
          </Trackpoint>
          <Trackpoint>
            <Time>2026-03-17T13:48:12.000Z</Time>
            <Position>
              <LatitudeDegrees>37.3572781</LatitudeDegrees>
              <LongitudeDegrees>-121.8622662</LongitudeDegrees>
            </Position>
            <AltitudeMeters>25</AltitudeMeters>
            <DistanceMeters>2997.83</DistanceMeters>
            <HeartRateBpm><Value>183</Value></HeartRateBpm>
            <Cadence>179</Cadence>
          </Trackpoint>
          <Trackpoint>
            <Time>2026-03-17T13:48:17.000Z</Time>
            <Position>
              <LatitudeDegrees>37.3573887</LatitudeDegrees>
              <LongitudeDegrees>-121.8621267</LongitudeDegrees>
            </Position>
            <AltitudeMeters>24.9</AltitudeMeters>
            <DistanceMeters>3015.22</DistanceMeters>
            <HeartRateBpm><Value>183</Value></HeartRateBpm>
            <Cadence>179</Cadence>
          </Trackpoint>
          <Trackpoint>
            <Time>2026-03-17T13:48:22.000Z</Time>
            <Position>
              <LatitudeDegrees>37.3574994</LatitudeDegrees>
              <LongitudeDegrees>-121.8619873</LongitudeDegrees>
            </Position>
            <AltitudeMeters>24.8</AltitudeMeters>
            <DistanceMeters>3032.61</DistanceMeters>
            <HeartRateBpm><Value>183</Value></HeartRateBpm>
            <Cadence>179</Cadence>
          </Trackpoint>
          <Trackpoint>
            <Time>2026-03-17T13:48:27.000Z</Time>
            <Position>
              <LatitudeDegrees>37.3576101</LatitudeDegrees>
              <LongitudeDegrees>-121.8618479</LongitudeDegrees>
            </Position>
            <AltitudeMeters>24.7</AltitudeMeters>
            <DistanceMeters>3050.00</DistanceMeters>
            <HeartRateBpm><Value>183</Value></HeartRateBpm>
            <Cadence>179</Cadence>
          </Trackpoint>
          <Trackpoint>
            <Time>2026-03-17T13:48:32.000Z</Time>
            <Position>
              <LatitudeDegrees>37.3577208</LatitudeDegrees>
              <LongitudeDegrees>-121.8617085</LongitudeDegrees>
            </Position>
            <AltitudeMeters>24.6</AltitudeMeters>
            <DistanceMeters>3067.39</DistanceMeters>
            <HeartRateBpm><Value>183</Value></HeartRateBpm>
            <Cadence>179</Cadence>
          </Trackpoint>
          <Trackpoint>
            <Time>2026-03-17T13:48:37.000Z</Time>
            <Position>
              <LatitudeDegrees>37.3578315</LatitudeDegrees>
              <LongitudeDegrees>-121.8615690</LongitudeDegrees>
            </Position>
            <AltitudeMeters>24.5</AltitudeMeters>
            <DistanceMeters>3084.78</DistanceMeters>
            <HeartRateBpm><Value>183</Value></HeartRateBpm>
            <Cadence>179</Cadence>
          </Trackpoint>
          <Trackpoint>
            <Time>2026-03-17T13:48:42.000Z</Time>
            <Position>
              <LatitudeDegrees>37.3579421</LatitudeDegrees>
              <LongitudeDegrees>-121.8614296</LongitudeDegrees>
            </Position>
            <AltitudeMeters>24.4</AltitudeMeters>
            <DistanceMeters>3102.17</DistanceMeters>
            <HeartRateBpm><Value>183</Value></HeartRateBpm>
            <Cadence>179</Cadence>
          </Trackpoint>
          <Trackpoint>
            <Time>2026-03-17T13:48:47.000Z</Time>
            <Position>
              <LatitudeDegrees>37.3580528</LatitudeDegrees>
              <LongitudeDegrees>-121.8612902</LongitudeDegrees>
            </Position>
            <AltitudeMeters>24.3</AltitudeMeters>
            <DistanceMeters>3119.57</DistanceMeters>
            <HeartRateBpm><Value>183</Value></HeartRateBpm>
            <Cadence>179</Cadence>
          </Trackpoint>
          <Trackpoint>
            <Time>2026-03-17T13:48:52.000Z</Time>
            <Position>
              <LatitudeDegrees>37.3581635</LatitudeDegrees>
              <LongitudeDegrees>-121.8611508</LongitudeDegrees>
            </Position>
            <AltitudeMeters>24.2</AltitudeMeters>
            <DistanceMeters>3136.96</DistanceMeters>
            <HeartRateBpm><Value>183</Value></HeartRateBpm>
            <Cadence>179</Cadence>
          </Trackpoint>
          <Trackpoint>
            <Time>2026-03-17T13:48:57.000Z</Time>
            <Position>
              <LatitudeDegrees>37.3582742</LatitudeDegrees>
              <LongitudeDegrees>-121.8610113</LongitudeDegrees>
            </Position>
            <AltitudeMeters>24.1</AltitudeMeters>
            <DistanceMeters>3154.35</DistanceMeters>
            <HeartRateBpm><Value>183</Value></HeartRateBpm>
            <Cadence>179</Cadence>
          </Trackpoint>
          <Trackpoint>
            <Time>2026-03-17T13:49:02.000Z</Time>
            <Position>
              <LatitudeDegrees>37.3583848</LatitudeDegrees>
              <LongitudeDegrees>-121.8608719</LongitudeDegrees>
            </Position>
            <AltitudeMeters>24</AltitudeMeters>
            <DistanceMeters>3171.74</DistanceMeters>
            <HeartRateBpm><Value>183</Value></HeartRateBpm>
            <Cadence>179</Cadence>
          </Trackpoint>
          <Trackpoint>
            <Time>2026-03-17T13:49:07.000Z</Time>
            <Position>
              <LatitudeDegrees>37.3584955</LatitudeDegrees>
              <LongitudeDegrees>-121.8607325</LongitudeDegrees>
            </Position>
            <AltitudeMeters>23.9</AltitudeMeters>
            <DistanceMeters>3189.13</DistanceMeters>
            <HeartRateBpm><Value>183</Value></HeartRateBpm>
            <Cadence>179</Cadence>
          </Trackpoint>
          <Trackpoint>
            <Time>2026-03-17T13:49:12.000Z</Time>
            <Position>
              <LatitudeDegrees>37.3586062</LatitudeDegrees>
              <LongitudeDegrees>-121.8605930</LongitudeDegrees>
            </Position>
            <AltitudeMeters>23.8</AltitudeMeters>
            <DistanceMeters>3206.52</DistanceMeters>
            <HeartRateBpm><Value>183</Value></HeartRateBpm>
            <Cadence>179</Cadence>
          </Trackpoint>
          <Trackpoint>
            <Time>2026-03-17T13:49:17.000Z</Time>
            <Position>
              <LatitudeDegrees>37.3587169</LatitudeDegrees>
              <LongitudeDegrees>-121.8604536</LongitudeDegrees>
            </Position>
            <AltitudeMeters>23.7</AltitudeMeters>
            <DistanceMeters>3223.91</DistanceMeters>
            <HeartRateBpm><Value>183</Value></HeartRateBpm>
            <Cadence>179</Cadence>
          </Trackpoint>
          <Trackpoint>
            <Time>2026-03-17T13:49:22.000Z</Time>
            <Position>
              <LatitudeDegrees>37.3588276</LatitudeDegrees>
              <LongitudeDegrees>-121.8603142</LongitudeDegrees>
            </Position>
            <AltitudeMeters>23.6</AltitudeMeters>
            <DistanceMeters>3241.30</DistanceMeters>
            <HeartRateBpm><Value>183</Value></HeartRateBpm>
            <Cadence>179</Cadence>
          </Trackpoint>
          <Trackpoint>
            <Time>2026-03-17T13:49:27.000Z</Time>
            <Position>
              <LatitudeDegrees>37.3589382</LatitudeDegrees>
              <LongitudeDegrees>-121.8601748</LongitudeDegrees>
            </Position>
            <AltitudeMeters>23.5</AltitudeMeters>
            <DistanceMeters>3258.70</DistanceMeters>
            <HeartRateBpm><Value>183</Value></HeartRateBpm>
            <Cadence>179</Cadence>
          </Trackpoint>
          <Trackpoint>
            <Time>2026-03-17T13:49:32.000Z</Time>
            <Position>
              <LatitudeDegrees>37.3590489</LatitudeDegrees>
              <LongitudeDegrees>-121.8600353</LongitudeDegrees>
            </Position>
            <AltitudeMeters>23.5</AltitudeMeters>
            <DistanceMeters>3276.09</DistanceMeters>
            <HeartRateBpm><Value>183</Value></HeartRateBpm>
            <Cadence>179</Cadence>
          </Trackpoint>
          <Trackpoint>
            <Time>2026-03-17T13:49:37.000Z</Time>
            <Position>
              <LatitudeDegrees>37.3591596</LatitudeDegrees>
              <LongitudeDegrees>-121.8598959</LongitudeDegrees>
            </Position>
            <AltitudeMeters>23.4</AltitudeMeters>
            <DistanceMeters>3293.48</DistanceMeters>
            <HeartRateBpm><Value>183</Value></HeartRateBpm>
            <Cadence>179</Cadence>
          </Trackpoint>
          <Trackpoint>
            <Time>2026-03-17T13:49:42.000Z</Time>
            <Position>
              <LatitudeDegrees>37.3592703</LatitudeDegrees>
              <LongitudeDegrees>-121.8597565</LongitudeDegrees>
            </Position>
            <AltitudeMeters>23.3</AltitudeMeters>
            <DistanceMeters>3310.87</DistanceMeters>
            <HeartRateBpm><Value>183</Value></HeartRateBpm>
            <Cadence>179</Cadence>
          </Trackpoint>
          <Trackpoint>
            <Time>2026-03-17T13:49:47.000Z</Time>
            <Position>
              <LatitudeDegrees>37.3593809</LatitudeDegrees>
              <LongitudeDegrees>-121.8596171</LongitudeDegrees>
            </Position>
            <AltitudeMeters>23.3</AltitudeMeters>
            <DistanceMeters>3328.26</DistanceMeters>
            <HeartRateBpm><Value>183</Value></HeartRateBpm>
            <Cadence>179</Cadence>
          </Trackpoint>
          <Trackpoint>
            <Time>2026-03-17T13:49:52.000Z</Time>
            <Position>
              <LatitudeDegrees>37.3594916</LatitudeDegrees>
              <LongitudeDegrees>-121.8594776</LongitudeDegrees>
            </Position>
            <AltitudeMeters>23.2</AltitudeMeters>
            <DistanceMeters>3345.65</DistanceMeters>
            <HeartRateBpm><Value>183</Value></HeartRateBpm>
            <Cadence>179</Cadence>
          </Trackpoint>
          <Trackpoint>
            <Time>2026-03-17T13:49:57.000Z</Time>
            <Position>
              <LatitudeDegrees>37.3596023</LatitudeDegrees>
              <LongitudeDegrees>-121.8593382</LongitudeDegrees>
            </Position>
            <AltitudeMeters>23.2</AltitudeMeters>
            <DistanceMeters>3363.04</DistanceMeters>
            <HeartRateBpm><Value>183</Value></HeartRateBpm>
            <Cadence>179</Cadence>
          </Trackpoint>
          <Trackpoint>
            <Time>2026-03-17T13:50:02.000Z</Time>
            <Position>
              <LatitudeDegrees>37.3597130</LatitudeDegrees>
              <LongitudeDegrees>-121.8591988</LongitudeDegrees>
            </Position>
            <AltitudeMeters>23.1</AltitudeMeters>
            <DistanceMeters>3380.43</DistanceMeters>
            <HeartRateBpm><Value>183</Value></HeartRateBpm>
            <Cadence>179</Cadence>
          </Trackpoint>
          <Trackpoint>
            <Time>2026-03-17T13:50:07.000Z</Time>
            <Position>
              <LatitudeDegrees>37.3598237</LatitudeDegrees>
              <LongitudeDegrees>-121.8590593</LongitudeDegrees>
            </Position>
            <AltitudeMeters>23.1</AltitudeMeters>
            <DistanceMeters>3397.83</DistanceMeters>
            <HeartRateBpm><Value>183</Value></HeartRateBpm>
            <Cadence>179</Cadence>
          </Trackpoint>
          <Trackpoint>
            <Time>2026-03-17T13:50:12.000Z</Time>
            <Position>
              <LatitudeDegrees>37.3599343</LatitudeDegrees>
              <LongitudeDegrees>-121.8589199</LongitudeDegrees>
            </Position>
            <AltitudeMeters>23.1</AltitudeMeters>
            <DistanceMeters>3415.22</DistanceMeters>
            <HeartRateBpm><Value>183</Value></HeartRateBpm>
            <Cadence>179</Cadence>
          </Trackpoint>
          <Trackpoint>
            <Time>2026-03-17T13:50:17.000Z</Time>
            <Position>
              <LatitudeDegrees>37.3600450</LatitudeDegrees>
              <LongitudeDegrees>-121.8587805</LongitudeDegrees>
            </Position>
            <AltitudeMeters>23</AltitudeMeters>
            <DistanceMeters>3432.61</DistanceMeters>
            <HeartRateBpm><Value>183</Value></HeartRateBpm>
            <Cadence>179</Cadence>
          </Trackpoint>
          <Trackpoint>
            <Time>2026-03-17T13:50:22.000Z</Time>
            <Position>
              <LatitudeDegrees>37.3601557</LatitudeDegrees>
              <LongitudeDegrees>-121.8586411</LongitudeDegrees>
            </Position>
            <AltitudeMeters>23</AltitudeMeters>
            <DistanceMeters>3450.00</DistanceMeters>
            <HeartRateBpm><Value>183</Value></HeartRateBpm>
            <Cadence>179</Cadence>
          </Trackpoint>
        </Track>
      </Lap>
      <Lap StartTime="2026-03-17T13:50:22.000Z">
        <TotalTimeSeconds>151</TotalTimeSeconds>
        <DistanceMeters>350</DistanceMeters>
        <AverageHeartRateBpm><Value>140</Value></AverageHeartRateBpm>
        <MaximumHeartRateBpm><Value>151</Value></MaximumHeartRateBpm>
        <Intensity>Resting</Intensity>
        <TriggerMethod>Manual</TriggerMethod>
        <Track>
          <Trackpoint>
            <Time>2026-03-17T13:50:22.000Z</Time>
            <Position>
              <LatitudeDegrees>37.3601557</LatitudeDegrees>
              <LongitudeDegrees>-121.8586411</LongitudeDegrees>
            </Position>
            <AltitudeMeters>23</AltitudeMeters>
            <DistanceMeters>3450.00</DistanceMeters>
            <HeartRateBpm><Value>132</Value></HeartRateBpm>
            <Cadence>163</Cadence>
          </Trackpoint>
          <Trackpoint>
            <Time>2026-03-17T13:50:27.000Z</Time>
            <Position>
              <LatitudeDegrees>37.3602294</LatitudeDegrees>
              <LongitudeDegrees>-121.8585481</LongitudeDegrees>
            </Position>
            <AltitudeMeters>23</AltitudeMeters>
            <DistanceMeters>3461.59</DistanceMeters>
            <HeartRateBpm><Value>134</Value></HeartRateBpm>
            <Cadence>163</Cadence>
          </Trackpoint>
          <Trackpoint>
            <Time>2026-03-17T13:50:32.000Z</Time>
            <Position>
              <LatitudeDegrees>37.3603032</LatitudeDegrees>
              <LongitudeDegrees>-121.8584552</LongitudeDegrees>
            </Position>
            <AltitudeMeters>23</AltitudeMeters>
            <DistanceMeters>3473.18</DistanceMeters>
            <HeartRateBpm><Value>136</Value></HeartRateBpm>
            <Cadence>163</Cadence>
          </Trackpoint>
          <Trackpoint>
            <Time>2026-03-17T13:50:37.000Z</Time>
            <Position>
              <LatitudeDegrees>37.3603770</LatitudeDegrees>
              <LongitudeDegrees>-121.8583623</LongitudeDegrees>
            </Position>
            <AltitudeMeters>23</AltitudeMeters>
            <DistanceMeters>3484.77</DistanceMeters>
            <HeartRateBpm><Value>137</Value></HeartRateBpm>
            <Cadence>163</Cadence>
          </Trackpoint>
          <Trackpoint>
            <Time>2026-03-17T13:50:42.000Z</Time>
            <Position>
              <LatitudeDegrees>37.3604507</LatitudeDegrees>
              <LongitudeDegrees>-121.8582694</LongitudeDegrees>
            </Position>
            <AltitudeMeters>23</AltitudeMeters>
            <DistanceMeters>3496.36</DistanceMeters>
            <HeartRateBpm><Value>139</Value></HeartRateBpm>
            <Cadence>163</Cadence>
          </Trackpoint>
          <Trackpoint>
            <Time>2026-03-17T13:50:47.000Z</Time>
            <Position>
              <LatitudeDegrees>37.3605245</LatitudeDegrees>
              <LongitudeDegrees>-121.8581765</LongitudeDegrees>
            </Position>
            <AltitudeMeters>23</AltitudeMeters>
            <DistanceMeters>3507.95</DistanceMeters>
            <HeartRateBpm><Value>140</Value></HeartRateBpm>
            <Cadence>163</Cadence>
          </Trackpoint>
          <Trackpoint>
            <Time>2026-03-17T13:50:52.000Z</Time>
            <Position>
              <LatitudeDegrees>37.3605982</LatitudeDegrees>
              <LongitudeDegrees>-121.8580836</LongitudeDegrees>
            </Position>
            <AltitudeMeters>23</AltitudeMeters>
            <DistanceMeters>3519.54</DistanceMeters>
            <HeartRateBpm><Value>140</Value></HeartRateBpm>
            <Cadence>163</Cadence>
          </Trackpoint>
          <Trackpoint>
            <Time>2026-03-17T13:50:57.000Z</Time>
            <Position>
              <LatitudeDegrees>37.3606720</LatitudeDegrees>
              <LongitudeDegrees>-121.8579907</LongitudeDegrees>
            </Position>
            <AltitudeMeters>23</AltitudeMeters>
            <DistanceMeters>3531.13</DistanceMeters>
            <HeartRateBpm><Value>140</Value></HeartRateBpm>
            <Cadence>163</Cadence>
          </Trackpoint>
          <Trackpoint>
            <Time>2026-03-17T13:51:02.000Z</Time>
            <Position>
              <LatitudeDegrees>37.3607457</LatitudeDegrees>
              <LongitudeDegrees>-121.8578978</LongitudeDegrees>
            </Position>
            <AltitudeMeters>23</AltitudeMeters>
            <DistanceMeters>3542.72</DistanceMeters>
            <HeartRateBpm><Value>140</Value></HeartRateBpm>
            <Cadence>163</Cadence>
          </Trackpoint>
          <Trackpoint>
            <Time>2026-03-17T13:51:07.000Z</Time>
            <Position>
              <LatitudeDegrees>37.3608195</LatitudeDegrees>
              <LongitudeDegrees>-121.8578048</LongitudeDegrees>
            </Position>
            <AltitudeMeters>23</AltitudeMeters>
            <DistanceMeters>3554.30</DistanceMeters>
            <HeartRateBpm><Value>140</Value></HeartRateBpm>
            <Cadence>163</Cadence>
          </Trackpoint>
          <Trackpoint>
            <Time>2026-03-17T13:51:12.000Z</Time>
            <Position>
              <LatitudeDegrees>37.3608932</LatitudeDegrees>
              <LongitudeDegrees>-121.8577119</LongitudeDegrees>
            </Position>
            <AltitudeMeters>23</AltitudeMeters>
            <DistanceMeters>3565.89</DistanceMeters>
            <HeartRateBpm><Value>140</Value></HeartRateBpm>
            <Cadence>163</Cadence>
          </Trackpoint>
          <Trackpoint>
            <Time>2026-03-17T13:51:17.000Z</Time>
            <Position>
              <LatitudeDegrees>37.3609670</LatitudeDegrees>
              <LongitudeDegrees>-121.8576190</LongitudeDegrees>
            </Position>
            <AltitudeMeters>23.1</AltitudeMeters>
            <DistanceMeters>3577.48</DistanceMeters>
            <HeartRateBpm><Value>140</Value></HeartRateBpm>
            <Cadence>163</Cadence>
          </Trackpoint>
          <Trackpoint>
            <Time>2026-03-17T13:51:22.000Z</Time>
            <Position>
              <LatitudeDegrees>37.3610407</LatitudeDegrees>
              <LongitudeDegrees>-121.8575261</LongitudeDegrees>
            </Position>
            <AltitudeMeters>23.1</AltitudeMeters>
            <DistanceMeters>3589.07</DistanceMeters>
            <HeartRateBpm><Value>140</Value></HeartRateBpm>
            <Cadence>163</Cadence>
          </Trackpoint>
          <Trackpoint>
            <Time>2026-03-17T13:51:27.000Z</Time>
            <Position>
              <LatitudeDegrees>37.3611145</LatitudeDegrees>
              <LongitudeDegrees>-121.8574332</LongitudeDegrees>
            </Position>
            <AltitudeMeters>23.1</AltitudeMeters>
            <DistanceMeters>3600.66</DistanceMeters>
            <HeartRateBpm><Value>140</Value></HeartRateBpm>
            <Cadence>163</Cadence>
          </Trackpoint>
          <Trackpoint>
            <Time>2026-03-17T13:51:32.000Z</Time>
            <Position>
              <LatitudeDegrees>37.3611883</LatitudeDegrees>
              <LongitudeDegrees>-121.8573403</LongitudeDegrees>
            </Position>
            <AltitudeMeters>23.1</AltitudeMeters>
            <DistanceMeters>3612.25</DistanceMeters>
            <HeartRateBpm><Value>140</Value></HeartRateBpm>
            <Cadence>163</Cadence>
          </Trackpoint>
          <Trackpoint>
            <Time>2026-03-17T13:51:37.000Z</Time>
            <Position>
              <LatitudeDegrees>37.3612620</LatitudeDegrees>
              <LongitudeDegrees>-121.8572474</LongitudeDegrees>
            </Position>
            <AltitudeMeters>23.1</AltitudeMeters>
            <DistanceMeters>3623.84</DistanceMeters>
            <HeartRateBpm><Value>140</Value></HeartRateBpm>
            <Cadence>163</Cadence>
          </Trackpoint>
          <Trackpoint>
            <Time>2026-03-17T13:51:42.000Z</Time>
            <Position>
              <LatitudeDegrees>37.3613358</LatitudeDegrees>
              <LongitudeDegrees>-121.8571544</LongitudeDegrees>
            </Position>
            <AltitudeMeters>23.2</AltitudeMeters>
            <DistanceMeters>3635.43</DistanceMeters>
            <HeartRateBpm><Value>140</Value></HeartRateBpm>
            <Cadence>163</Cadence>
          </Trackpoint>
          <Trackpoint>
            <Time>2026-03-17T13:51:47.000Z</Time>
            <Position>
              <LatitudeDegrees>37.3614095</LatitudeDegrees>
              <LongitudeDegrees>-121.8570615</LongitudeDegrees>
            </Position>
            <AltitudeMeters>23.2</AltitudeMeters>
            <DistanceMeters>3647.02</DistanceMeters>
            <HeartRateBpm><Value>140</Value></HeartRateBpm>
            <Cadence>163</Cadence>
          </Trackpoint>
          <Trackpoint>
            <Time>2026-03-17T13:51:52.000Z</Time>
            <Position>
              <LatitudeDegrees>37.3614833</LatitudeDegrees>
              <LongitudeDegrees>-121.8569686</LongitudeDegrees>
            </Position>
            <AltitudeMeters>23.2</AltitudeMeters>
            <DistanceMeters>3658.61</DistanceMeters>
            <HeartRateBpm><Value>140</Value></HeartRateBpm>
            <Cadence>163</Cadence>
          </Trackpoint>
          <Trackpoint>
            <Time>2026-03-17T13:51:57.000Z</Time>
            <Position>
              <LatitudeDegrees>37.3615570</LatitudeDegrees>
              <LongitudeDegrees>-121.8568757</LongitudeDegrees>
            </Position>
            <AltitudeMeters>23.3</AltitudeMeters>
            <DistanceMeters>3670.20</DistanceMeters>
            <HeartRateBpm><Value>140</Value></HeartRateBpm>
            <Cadence>163</Cadence>
          </Trackpoint>
          <Trackpoint>
            <Time>2026-03-17T13:52:02.000Z</Time>
            <Position>
              <LatitudeDegrees>37.3616308</LatitudeDegrees>
              <LongitudeDegrees>-121.8567828</LongitudeDegrees>
            </Position>
            <AltitudeMeters>23.3</AltitudeMeters>
            <DistanceMeters>3681.79</DistanceMeters>
            <HeartRateBpm><Value>140</Value></HeartRateBpm>
            <Cadence>163</Cadence>
          </Trackpoint>
          <Trackpoint>
            <Time>2026-03-17T13:52:07.000Z</Time>
            <Position>
              <LatitudeDegrees>37.3617045</LatitudeDegrees>
              <LongitudeDegrees>-121.8566899</LongitudeDegrees>
            </Position>
            <AltitudeMeters>23.4</AltitudeMeters>
            <DistanceMeters>3693.38</DistanceMeters>
            <HeartRateBpm><Value>140</Value></HeartRateBpm>
            <Cadence>163</Cadence>
          </Trackpoint>
          <Trackpoint>
            <Time>2026-03-17T13:52:12.000Z</Time>
            <Position>
              <LatitudeDegrees>37.3617783</LatitudeDegrees>
              <LongitudeDegrees>-121.8565970</LongitudeDegrees>
            </Position>
            <AltitudeMeters>23.4</AltitudeMeters>
            <DistanceMeters>3704.97</DistanceMeters>
            <HeartRateBpm><Value>140</Value></HeartRateBpm>
            <Cadence>163</Cadence>
          </Trackpoint>
          <Trackpoint>
            <Time>2026-03-17T13:52:17.000Z</Time>
            <Position>
              <LatitudeDegrees>37.3618520</LatitudeDegrees>
              <LongitudeDegrees>-121.8565041</LongitudeDegrees>
            </Position>
            <AltitudeMeters>23.4</AltitudeMeters>
            <DistanceMeters>3716.56</DistanceMeters>
            <HeartRateBpm><Value>140</Value></HeartRateBpm>
            <Cadence>163</Cadence>
          </Trackpoint>
          <Trackpoint>
            <Time>2026-03-17T13:52:22.000Z</Time>
            <Position>
              <LatitudeDegrees>37.3619258</LatitudeDegrees>
              <LongitudeDegrees>-121.8564111</LongitudeDegrees>
            </Position>
            <AltitudeMeters>23.5</AltitudeMeters>
            <DistanceMeters>3728.15</DistanceMeters>
            <HeartRateBpm><Value>140</Value></HeartRateBpm>
            <Cadence>163</Cadence>
          </Trackpoint>
          <Trackpoint>
            <Time>2026-03-17T13:52:27.000Z</Time>
            <Position>
              <LatitudeDegrees>37.3619996</LatitudeDegrees>
              <LongitudeDegrees>-121.8563182</LongitudeDegrees>
            </Position>
            <AltitudeMeters>23.5</AltitudeMeters>
            <DistanceMeters>3739.74</DistanceMeters>
            <HeartRateBpm><Value>140</Value></HeartRateBpm>
            <Cadence>163</Cadence>
          </Trackpoint>
          <Trackpoint>
            <Time>2026-03-17T13:52:32.000Z</Time>
            <Position>
              <LatitudeDegrees>37.3620733</LatitudeDegrees>
              <LongitudeDegrees>-121.8562253</LongitudeDegrees>
            </Position>
            <AltitudeMeters>23.6</AltitudeMeters>
            <DistanceMeters>3751.32</DistanceMeters>
            <HeartRateBpm><Value>140</Value></HeartRateBpm>
            <Cadence>163</Cadence>
          </Trackpoint>
          <Trackpoint>
            <Time>2026-03-17T13:52:37.000Z</Time>
            <Position>
              <LatitudeDegrees>37.3621471</LatitudeDegrees>
              <LongitudeDegrees>-121.8561324</LongitudeDegrees>
            </Position>
            <AltitudeMeters>23.6</AltitudeMeters>
            <DistanceMeters>3762.91</DistanceMeters>
            <HeartRateBpm><Value>140</Value></HeartRateBpm>
            <Cadence>163</Cadence>
          </Trackpoint>
          <Trackpoint>
            <Time>2026-03-17T13:52:42.000Z</Time>
            <Position>
              <LatitudeDegrees>37.3622208</LatitudeDegrees>
              <LongitudeDegrees>-121.8560395</LongitudeDegrees>
            </Position>
            <AltitudeMeters>23.7</AltitudeMeters>
            <DistanceMeters>3774.50</DistanceMeters>
            <HeartRateBpm><Value>140</Value></HeartRateBpm>
            <Cadence>163</Cadence>
          </Trackpoint>
          <Trackpoint>
            <Time>2026-03-17T13:52:47.000Z</Time>
            <Position>
              <LatitudeDegrees>37.3622946</LatitudeDegrees>
              <LongitudeDegrees>-121.8559466</LongitudeDegrees>
            </Position>
            <AltitudeMeters>23.8</AltitudeMeters>
            <DistanceMeters>3786.09</DistanceMeters>
            <HeartRateBpm><Value>140</Value></HeartRateBpm>
            <Cadence>163</Cadence>
          </Trackpoint>
          <Trackpoint>
            <Time>2026-03-17T13:52:52.000Z</Time>
            <Position>
              <LatitudeDegrees>37.3623683</LatitudeDegrees>
              <LongitudeDegrees>-121.8558537</LongitudeDegrees>
            </Position>
            <AltitudeMeters>23.8</AltitudeMeters>
            <DistanceMeters>3797.68</DistanceMeters>
            <HeartRateBpm><Value>140</Value></HeartRateBpm>
            <Cadence>163</Cadence>
          </Trackpoint>
          <Trackpoint>
            <Time>2026-03-17T13:52:53.000Z</Time>
            <Position>
              <LatitudeDegrees>37.3623831</LatitudeDegrees>
              <LongitudeDegrees>-121.8558351</LongitudeDegrees>
            </Position>
            <AltitudeMeters>23.8</AltitudeMeters>
            <DistanceMeters>3800.00</DistanceMeters>
            <HeartRateBpm><Value>140</Value></HeartRateBpm>
            <Cadence>163</Cadence>
          </Trackpoint>
        </Track>
      </Lap>
      <Lap StartTime="2026-03-17T13:52:53.000Z">
        <TotalTimeSeconds>230</TotalTimeSeconds>
        <DistanceMeters>800</DistanceMeters>
        <AverageHeartRateBpm><Value>183</Value></AverageHeartRateBpm>
        <MaximumHeartRateBpm><Value>191</Value></MaximumHeartRateBpm>
        <Intensity>Active</Intensity>
        <TriggerMethod>Manual</TriggerMethod>
        <Track>
          <Trackpoint>
            <Time>2026-03-17T13:52:53.000Z</Time>
            <Position>
              <LatitudeDegrees>37.3623831</LatitudeDegrees>
              <LongitudeDegrees>-121.8558351</LongitudeDegrees>
            </Position>
            <AltitudeMeters>23.8</AltitudeMeters>
            <DistanceMeters>3800.00</DistanceMeters>
            <HeartRateBpm><Value>175</Value></HeartRateBpm>
            <Cadence>182</Cadence>
          </Trackpoint>
          <Trackpoint>
            <Time>2026-03-17T13:52:58.000Z</Time>
            <Position>
              <LatitudeDegrees>37.3624938</LatitudeDegrees>
              <LongitudeDegrees>-121.8556957</LongitudeDegrees>
            </Position>
            <AltitudeMeters>23.9</AltitudeMeters>
            <DistanceMeters>3817.39</DistanceMeters>
            <HeartRateBpm><Value>176</Value></HeartRateBpm>
            <Cadence>182</Cadence>
          </Trackpoint>
          <Trackpoint>
            <Time>2026-03-17T13:53:03.000Z</Time>
            <Position>
              <LatitudeDegrees>37.3626044</LatitudeDegrees>
              <LongitudeDegrees>-121.8555562</LongitudeDegrees>
            </Position>
            <AltitudeMeters>24</AltitudeMeters>
            <DistanceMeters>3834.78</DistanceMeters>
            <HeartRateBpm><Value>177</Value></HeartRateBpm>
            <Cadence>182</Cadence>
          </Trackpoint>
          <Trackpoint>
            <Time>2026-03-17T13:53:08.000Z</Time>
            <Position>
              <LatitudeDegrees>37.3627151</LatitudeDegrees>
              <LongitudeDegrees>-121.8554168</LongitudeDegrees>
            </Position>
            <AltitudeMeters>24.1</AltitudeMeters>
            <DistanceMeters>3852.17</DistanceMeters>
            <HeartRateBpm><Value>178</Value></HeartRateBpm>
            <Cadence>182</Cadence>
          </Trackpoint>
          <Trackpoint>
            <Time>2026-03-17T13:53:13.000Z</Time>
            <Position>
              <LatitudeDegrees>37.3628258</LatitudeDegrees>
              <LongitudeDegrees>-121.8552774</LongitudeDegrees>
            </Position>
            <AltitudeMeters>24.2</AltitudeMeters>
            <DistanceMeters>3869.57</DistanceMeters>
            <HeartRateBpm><Value>180</Value></HeartRateBpm>
            <Cadence>182</Cadence>
          </Trackpoint>
          <Trackpoint>
            <Time>2026-03-17T13:53:18.000Z</Time>
            <Position>
              <LatitudeDegrees>37.3629365</LatitudeDegrees>
              <LongitudeDegrees>-121.8551379</LongitudeDegrees>
            </Position>
            <AltitudeMeters>24.3</AltitudeMeters>
            <DistanceMeters>3886.96</DistanceMeters>
            <HeartRateBpm><Value>181</Value></HeartRateBpm>
            <Cadence>182</Cadence>
          </Trackpoint>
          <Trackpoint>
            <Time>2026-03-17T13:53:23.000Z</Time>
            <Position>
              <LatitudeDegrees>37.3630471</LatitudeDegrees>
              <LongitudeDegrees>-121.8549985</LongitudeDegrees>
            </Position>
            <AltitudeMeters>24.4</AltitudeMeters>
            <DistanceMeters>3904.35</DistanceMeters>
            <HeartRateBpm><Value>182</Value></HeartRateBpm>
            <Cadence>182</Cadence>
          </Trackpoint>
          <Trackpoint>
            <Time>2026-03-17T13:53:28.000Z</Time>
            <Position>
              <LatitudeDegrees>37.3631578</LatitudeDegrees>
              <LongitudeDegrees>-121.8548591</LongitudeDegrees>
            </Position>
            <AltitudeMeters>24.5</AltitudeMeters>
            <DistanceMeters>3921.74</DistanceMeters>
            <HeartRateBpm><Value>183</Value></HeartRateBpm>
            <Cadence>182</Cadence>
          </Trackpoint>
          <Trackpoint>
            <Time>2026-03-17T13:53:33.000Z</Time>
            <Position>
              <LatitudeDegrees>37.3632685</LatitudeDegrees>
              <LongitudeDegrees>-121.8547197</LongitudeDegrees>
            </Position>
            <AltitudeMeters>24.6</AltitudeMeters>
            <DistanceMeters>3939.13</DistanceMeters>
            <HeartRateBpm><Value>183</Value></HeartRateBpm>
            <Cadence>182</Cadence>
          </Trackpoint>
          <Trackpoint>
            <Time>2026-03-17T13:53:38.000Z</Time>
            <Position>
              <LatitudeDegrees>37.3633792</LatitudeDegrees>
              <LongitudeDegrees>-121.8545802</LongitudeDegrees>
            </Position>
            <AltitudeMeters>24.7</AltitudeMeters>
            <DistanceMeters>3956.52</DistanceMeters>
            <HeartRateBpm><Value>183</Value></HeartRateBpm>
            <Cadence>182</Cadence>
          </Trackpoint>
          <Trackpoint>
            <Time>2026-03-17T13:53:43.000Z</Time>
            <Position>
              <LatitudeDegrees>37.3634899</LatitudeDegrees>
              <LongitudeDegrees>-121.8544408</LongitudeDegrees>
            </Position>
            <AltitudeMeters>24.8</AltitudeMeters>
            <DistanceMeters>3973.91</DistanceMeters>
            <HeartRateBpm><Value>183</Value></HeartRateBpm>
            <Cadence>182</Cadence>
          </Trackpoint>
          <Trackpoint>
            <Time>2026-03-17T13:53:48.000Z</Time>
            <Position>
              <LatitudeDegrees>37.3636005</LatitudeDegrees>
              <LongitudeDegrees>-121.8543014</LongitudeDegrees>
            </Position>
            <AltitudeMeters>24.9</AltitudeMeters>
            <DistanceMeters>3991.30</DistanceMeters>
            <HeartRateBpm><Value>183</Value></HeartRateBpm>
            <Cadence>182</Cadence>
          </Trackpoint>
          <Trackpoint>
            <Time>2026-03-17T13:53:53.000Z</Time>
            <Position>
              <LatitudeDegrees>37.3636005</LatitudeDegrees>
              <LongitudeDegrees>-121.8543014</LongitudeDegrees>
            </Position>
            <AltitudeMeters>25.1</AltitudeMeters>
            <DistanceMeters>4008.70</DistanceMeters>
            <HeartRateBpm><Value>183</Value></HeartRateBpm>
            <Cadence>182</Cadence>
          </Trackpoint>
          <Trackpoint>
            <Time>2026-03-17T13:53:58.000Z</Time>
            <Position>
              <LatitudeDegrees>37.3634899</LatitudeDegrees>
              <LongitudeDegrees>-121.8544408</LongitudeDegrees>
            </Position>
            <AltitudeMeters>25.2</AltitudeMeters>
            <DistanceMeters>4026.09</DistanceMeters>
            <HeartRateBpm><Value>183</Value></HeartRateBpm>
            <Cadence>182</Cadence>
          </Trackpoint>
          <Trackpoint>
            <Time>2026-03-17T13:54:03.000Z</Time>
            <Position>
              <LatitudeDegrees>37.3633792</LatitudeDegrees>
              <LongitudeDegrees>-121.8545802</LongitudeDegrees>
            </Position>
            <AltitudeMeters>25.3</AltitudeMeters>
            <DistanceMeters>4043.48</DistanceMeters>
            <HeartRateBpm><Value>183</Value></HeartRateBpm>
            <Cadence>182</Cadence>
          </Trackpoint>
          <Trackpoint>
            <Time>2026-03-17T13:54:08.000Z</Time>
            <Position>
              <LatitudeDegrees>37.3632685</LatitudeDegrees>
              <LongitudeDegrees>-121.8547197</LongitudeDegrees>
            </Position>
            <AltitudeMeters>25.4</AltitudeMeters>
            <DistanceMeters>4060.87</DistanceMeters>
            <HeartRateBpm><Value>183</Value></HeartRateBpm>
            <Cadence>182</Cadence>
          </Trackpoint>
          <Trackpoint>
            <Time>2026-03-17T13:54:13.000Z</Time>
            <Position>
              <LatitudeDegrees>37.3631578</LatitudeDegrees>
              <LongitudeDegrees>-121.8548591</LongitudeDegrees>
            </Position>
            <AltitudeMeters>25.5</AltitudeMeters>
            <DistanceMeters>4078.26</DistanceMeters>
            <HeartRateBpm><Value>183</Value></HeartRateBpm>
            <Cadence>182</Cadence>
          </Trackpoint>
          <Trackpoint>
            <Time>2026-03-17T13:54:18.000Z</Time>
            <Position>
              <LatitudeDegrees>37.3630471</LatitudeDegrees>
              <LongitudeDegrees>-121.8549985</LongitudeDegrees>
            </Position>
            <AltitudeMeters>25.6</AltitudeMeters>
            <DistanceMeters>4095.65</DistanceMeters>
            <HeartRateBpm><Value>183</Value></HeartRateBpm>
            <Cadence>182</Cadence>
          </Trackpoint>
          <Trackpoint>
            <Time>2026-03-17T13:54:23.000Z</Time>
            <Position>
              <LatitudeDegrees>37.3629365</LatitudeDegrees>
              <LongitudeDegrees>-121.8551379</LongitudeDegrees>
            </Position>
            <AltitudeMeters>25.7</AltitudeMeters>
            <DistanceMeters>4113.04</DistanceMeters>
            <HeartRateBpm><Value>183</Value></HeartRateBpm>
            <Cadence>182</Cadence>
          </Trackpoint>
          <Trackpoint>
            <Time>2026-03-17T13:54:28.000Z</Time>
            <Position>
              <LatitudeDegrees>37.3628258</LatitudeDegrees>
              <LongitudeDegrees>-121.8552774</LongitudeDegrees>
            </Position>
            <AltitudeMeters>25.8</AltitudeMeters>
            <DistanceMeters>4130.43</DistanceMeters>
            <HeartRateBpm><Value>183</Value></HeartRateBpm>
            <Cadence>182</Cadence>
          </Trackpoint>
          <Trackpoint>
            <Time>2026-03-17T13:54:33.000Z</Time>
            <Position>
              <LatitudeDegrees>37.3627151</LatitudeDegrees>
              <LongitudeDegrees>-121.8554168</LongitudeDegrees>
            </Position>
            <AltitudeMeters>25.9</AltitudeMeters>
            <DistanceMeters>4147.83</DistanceMeters>
            <HeartRateBpm><Value>183</Value></HeartRateBpm>
            <Cadence>182</Cadence>
          </Trackpoint>
          <Trackpoint>
            <Time>2026-03-17T13:54:38.000Z</Time>
            <Position>
              <LatitudeDegrees>37.3626044</LatitudeDegrees>
              <LongitudeDegrees>-121.8555562</LongitudeDegrees>
            </Position>
            <AltitudeMeters>26</AltitudeMeters>
            <DistanceMeters>4165.22</DistanceMeters>
            <HeartRateBpm><Value>183</Value></HeartRateBpm>
            <Cadence>182</Cadence>
          </Trackpoint>
          <Trackpoint>
            <Time>2026-03-17T13:54:43.000Z</Time>
            <Position>
              <LatitudeDegrees>37.3624938</LatitudeDegrees>
              <LongitudeDegrees>-121.8556957</LongitudeDegrees>
            </Position>
            <AltitudeMeters>26.1</AltitudeMeters>
            <DistanceMeters>4182.61</DistanceMeters>
            <HeartRateBpm><Value>183</Value></HeartRateBpm>
            <Cadence>182</Cadence>
          </Trackpoint>
          <Trackpoint>
            <Time>2026-03-17T13:54:48.000Z</Time>
            <Position>
              <LatitudeDegrees>37.3623831</LatitudeDegrees>
              <LongitudeDegrees>-121.8558351</LongitudeDegrees>
            </Position>
            <AltitudeMeters>26.2</AltitudeMeters>
            <DistanceMeters>4200.00</DistanceMeters>
            <HeartRateBpm><Value>183</Value></HeartRateBpm>
            <Cadence>182</Cadence>
          </Trackpoint>
          <Trackpoint>
            <Time>2026-03-17T13:54:53.000Z</Time>
            <Position>
              <LatitudeDegrees>37.3622724</LatitudeDegrees>
              <LongitudeDegrees>-121.8559745</LongitudeDegrees>
            </Position>
            <AltitudeMeters>26.3</AltitudeMeters>
            <DistanceMeters>4217.39</DistanceMeters>
            <HeartRateBpm><Value>183</Value></HeartRateBpm>
            <Cadence>182</Cadence>
          </Trackpoint>
          <Trackpoint>
            <Time>2026-03-17T13:54:58.000Z</Time>
            <Position>
              <LatitudeDegrees>37.3621617</LatitudeDegrees>
              <LongitudeDegrees>-121.8561139</LongitudeDegrees>
            </Position>
            <AltitudeMeters>26.3</AltitudeMeters>
            <DistanceMeters>4234.78</DistanceMeters>
            <HeartRateBpm><Value>183</Value></HeartRateBpm>
            <Cadence>182</Cadence>
          </Trackpoint>
          <Trackpoint>
            <Time>2026-03-17T13:55:03.000Z</Time>
            <Position>
              <LatitudeDegrees>37.3620510</LatitudeDegrees>
              <LongitudeDegrees>-121.8562534</LongitudeDegrees>
            </Position>
            <AltitudeMeters>26.4</AltitudeMeters>
            <DistanceMeters>4252.17</DistanceMeters>
            <HeartRateBpm><Value>183</Value></HeartRateBpm>
            <Cadence>182</Cadence>
          </Trackpoint>
          <Trackpoint>
            <Time>2026-03-17T13:55:08.000Z</Time>
            <Position>
              <LatitudeDegrees>37.3619404</LatitudeDegrees>
              <LongitudeDegrees>-121.8563928</LongitudeDegrees>
            </Position>
            <AltitudeMeters>26.5</AltitudeMeters>
            <DistanceMeters>4269.57</DistanceMeters>
            <HeartRateBpm><Value>183</Value></HeartRateBpm>
            <Cadence>182</Cadence>
          </Trackpoint>
          <Trackpoint>
            <Time>2026-03-17T13:55:13.000Z</Time>
            <Position>
              <LatitudeDegrees>37.3618297</LatitudeDegrees>
              <LongitudeDegrees>-121.8565322</LongitudeDegrees>
            </Position>
            <AltitudeMeters>26.6</AltitudeMeters>
            <DistanceMeters>4286.96</DistanceMeters>
            <HeartRateBpm><Value>183</Value></HeartRateBpm>
            <Cadence>182</Cadence>
          </Trackpoint>
          <Trackpoint>
            <Time>2026-03-17T13:55:18.000Z</Time>
            <Position>
              <LatitudeDegrees>37.3617190</LatitudeDegrees>
              <LongitudeDegrees>-121.8566716</LongitudeDegrees>
            </Position>
            <AltitudeMeters>26.6</AltitudeMeters>
            <DistanceMeters>4304.35</DistanceMeters>
            <HeartRateBpm><Value>183</Value></HeartRateBpm>
            <Cadence>182</Cadence>
          </Trackpoint>
          <Trackpoint>
            <Time>2026-03-17T13:55:23.000Z</Time>
            <Position>
              <LatitudeDegrees>37.3616083</LatitudeDegrees>
              <LongitudeDegrees>-121.8568111</LongitudeDegrees>
            </Position>
            <AltitudeMeters>26.7</AltitudeMeters>
            <DistanceMeters>4321.74</DistanceMeters>
            <HeartRateBpm><Value>183</Value></HeartRateBpm>
            <Cadence>182</Cadence>
          </Trackpoint>
          <Trackpoint>
            <Time>2026-03-17T13:55:28.000Z</Time>
            <Position>
              <LatitudeDegrees>37.3614977</LatitudeDegrees>
              <LongitudeDegrees>-121.8569505</LongitudeDegrees>
            </Position>
            <AltitudeMeters>26.7</AltitudeMeters>
            <DistanceMeters>4339.13</DistanceMeters>
            <HeartRateBpm><Value>183</Value></HeartRateBpm>
            <Cadence>182</Cadence>
          </Trackpoint>
          <Trackpoint>
            <Time>2026-03-17T13:55:33.000Z</Time>
            <Position>
              <LatitudeDegrees>37.3613870</LatitudeDegrees>
              <LongitudeDegrees>-121.8570899</LongitudeDegrees>
            </Position>
            <AltitudeMeters>26.8</AltitudeMeters>
            <DistanceMeters>4356.52</DistanceMeters>
            <HeartRateBpm><Value>183</Value></HeartRateBpm>
            <Cadence>182</Cadence>
          </Trackpoint>
          <Trackpoint>
            <Time>2026-03-17T13:55:38.000Z</Time>
            <Position>
              <LatitudeDegrees>37.3612763</LatitudeDegrees>
              <LongitudeDegrees>-121.8572294</LongitudeDegrees>
            </Position>
            <AltitudeMeters>26.8</AltitudeMeters>
            <DistanceMeters>4373.91</DistanceMeters>
            <HeartRateBpm><Value>183</Value></HeartRateBpm>
            <Cadence>182</Cadence>
          </Trackpoint>
          <Trackpoint>
            <Time>2026-03-17T13:55:43.000Z</Time>
            <Position>
              <LatitudeDegrees>37.3611656</LatitudeDegrees>
              <LongitudeDegrees>-121.8573688</LongitudeDegrees>
            </Position>
            <AltitudeMeters>26.9</AltitudeMeters>
            <DistanceMeters>4391.30</DistanceMeters>
            <HeartRateBpm><Value>183</Value></HeartRateBpm>
            <Cadence>182</Cadence>
          </Trackpoint>
          <Trackpoint>
            <Time>2026-03-17T13:55:48.000Z</Time>
            <Position>
              <LatitudeDegrees>37.3610549</LatitudeDegrees>
              <LongitudeDegrees>-121.8575082</LongitudeDegrees>
            </Position>
            <AltitudeMeters>26.9</AltitudeMeters>
            <DistanceMeters>4408.70</DistanceMeters>
            <HeartRateBpm><Value>183</Value></HeartRateBpm>
            <Cadence>182</Cadence>
          </Trackpoint>
          <Trackpoint>
            <Time>2026-03-17T13:55:53.000Z</Time>
            <Position>
              <LatitudeDegrees>37.3609443</LatitudeDegrees>
              <LongitudeDegrees>-121.8576476</LongitudeDegrees>
            </Position>
            <AltitudeMeters>26.9</AltitudeMeters>
            <DistanceMeters>4426.09</DistanceMeters>
            <HeartRateBpm><Value>183</Value></HeartRateBpm>
            <Cadence>182</Cadence>
          </Trackpoint>
          <Trackpoint>
            <Time>2026-03-17T13:55:58.000Z</Time>
            <Position>
              <LatitudeDegrees>37.3608336</LatitudeDegrees>
              <LongitudeDegrees>-121.8577871</LongitudeDegrees>
            </Position>
            <AltitudeMeters>27</AltitudeMeters>
            <DistanceMeters>4443.48</DistanceMeters>
            <HeartRateBpm><Value>183</Value></HeartRateBpm>
            <Cadence>182</Cadence>
          </Trackpoint>
          <Trackpoint>
            <Time>2026-03-17T13:56:03.000Z</Time>
            <Position>
              <LatitudeDegrees>37.3607229</LatitudeDegrees>
              <LongitudeDegrees>-121.8579265</LongitudeDegrees>
            </Position>
            <AltitudeMeters>27</AltitudeMeters>
            <DistanceMeters>4460.87</DistanceMeters>
            <HeartRateBpm><Value>183</Value></HeartRateBpm>
            <Cadence>182</Cadence>
          </Trackpoint>
          <Trackpoint>
            <Time>2026-03-17T13:56:08.000Z</Time>
            <Position>
              <LatitudeDegrees>37.3606122</LatitudeDegrees>
              <LongitudeDegrees>-121.8580659</LongitudeDegrees>
            </Position>
            <AltitudeMeters>27</AltitudeMeters>
            <DistanceMeters>4478.26</DistanceMeters>
            <HeartRateBpm><Value>183</Value></HeartRateBpm>
            <Cadence>182</Cadence>
          </Trackpoint>
          <Trackpoint>
            <Time>2026-03-17T13:56:13.000Z</Time>
            <Position>
              <LatitudeDegrees>37.3605016</LatitudeDegrees>
              <LongitudeDegrees>-121.8582054</LongitudeDegrees>
            </Position>
            <AltitudeMeters>27</AltitudeMeters>
            <DistanceMeters>4495.65</DistanceMeters>
            <HeartRateBpm><Value>183</Value></HeartRateBpm>
            <Cadence>182</Cadence>
          </Trackpoint>
          <Trackpoint>
            <Time>2026-03-17T13:56:18.000Z</Time>
            <Position>
              <LatitudeDegrees>37.3603909</LatitudeDegrees>
              <LongitudeDegrees>-121.8583448</LongitudeDegrees>
            </Position>
            <AltitudeMeters>27</AltitudeMeters>
            <DistanceMeters>4513.04</DistanceMeters>
            <HeartRateBpm><Value>183</Value></HeartRateBpm>
            <Cadence>182</Cadence>
          </Trackpoint>
          <Trackpoint>
            <Time>2026-03-17T13:56:23.000Z</Time>
            <Position>
              <LatitudeDegrees>37.3602802</LatitudeDegrees>
              <LongitudeDegrees>-121.8584842</LongitudeDegrees>
            </Position>
            <AltitudeMeters>27</AltitudeMeters>
            <DistanceMeters>4530.43</DistanceMeters>
            <HeartRateBpm><Value>183</Value></HeartRateBpm>
            <Cadence>182</Cadence>
          </Trackpoint>
          <Trackpoint>
            <Time>2026-03-17T13:56:28.000Z</Time>
            <Position>
              <LatitudeDegrees>37.3601695</LatitudeDegrees>
              <LongitudeDegrees>-121.8586236</LongitudeDegrees>
            </Position>
            <AltitudeMeters>27</AltitudeMeters>
            <DistanceMeters>4547.83</DistanceMeters>
            <HeartRateBpm><Value>183</Value></HeartRateBpm>
            <Cadence>182</Cadence>
          </Trackpoint>
          <Trackpoint>
            <Time>2026-03-17T13:56:33.000Z</Time>
            <Position>
              <LatitudeDegrees>37.3600588</LatitudeDegrees>
              <LongitudeDegrees>-121.8587631</LongitudeDegrees>
            </Position>
            <AltitudeMeters>27</AltitudeMeters>
            <DistanceMeters>4565.22</DistanceMeters>
            <HeartRateBpm><Value>183</Value></HeartRateBpm>
            <Cadence>182</Cadence>
          </Trackpoint>
          <Trackpoint>
            <Time>2026-03-17T13:56:38.000Z</Time>
            <Position>
              <LatitudeDegrees>37.3599482</LatitudeDegrees>
              <LongitudeDegrees>-121.8589025</LongitudeDegrees>
            </Position>
            <AltitudeMeters>26.9</AltitudeMeters>
            <DistanceMeters>4582.61</DistanceMeters>
            <HeartRateBpm><Value>183</Value></HeartRateBpm>
            <Cadence>182</Cadence>
          </Trackpoint>
          <Trackpoint>
            <Time>2026-03-17T13:56:43.000Z</Time>
            <Position>
              <LatitudeDegrees>37.3598375</LatitudeDegrees>
              <LongitudeDegrees>-121.8590419</LongitudeDegrees>
            </Position>
            <AltitudeMeters>26.9</AltitudeMeters>
            <DistanceMeters>4600.00</DistanceMeters>
            <HeartRateBpm><Value>183</Value></HeartRateBpm>
            <Cadence>182</Cadence>
          </Trackpoint>
        </Track>
      </Lap>
      <Lap StartTime="2026-03-17T13:56:43.000Z">
        <TotalTimeSeconds>151</TotalTimeSeconds>
        <DistanceMeters>350</DistanceMeters>
        <AverageHeartRateBpm><Value>140</Value></AverageHeartRateBpm>
        <MaximumHeartRateBpm><Value>147</Value></MaximumHeartRateBpm>
        <Intensity>Resting</Intensity>
        <TriggerMethod>Manual</TriggerMethod>
        <Track>
          <Trackpoint>
            <Time>2026-03-17T13:56:43.000Z</Time>
            <Position>
              <LatitudeDegrees>37.3598375</LatitudeDegrees>
              <LongitudeDegrees>-121.8590419</LongitudeDegrees>
            </Position>
            <AltitudeMeters>26.9</AltitudeMeters>
            <DistanceMeters>4600.00</DistanceMeters>
            <HeartRateBpm><Value>132</Value></HeartRateBpm>
            <Cadence>161</Cadence>
          </Trackpoint>
          <Trackpoint>
            <Time>2026-03-17T13:56:48.000Z</Time>
            <Position>
              <LatitudeDegrees>37.3597637</LatitudeDegrees>
              <LongitudeDegrees>-121.8591348</LongitudeDegrees>
            </Position>
            <AltitudeMeters>26.9</AltitudeMeters>
            <DistanceMeters>4611.59</DistanceMeters>
            <HeartRateBpm><Value>134</Value></HeartRateBpm>
            <Cadence>161</Cadence>
          </Trackpoint>
          <Trackpoint>
            <Time>2026-03-17T13:56:53.000Z</Time>
            <Position>
              <LatitudeDegrees>37.3596900</LatitudeDegrees>
              <LongitudeDegrees>-121.8592277</LongitudeDegrees>
            </Position>
            <AltitudeMeters>26.9</AltitudeMeters>
            <DistanceMeters>4623.18</DistanceMeters>
            <HeartRateBpm><Value>136</Value></HeartRateBpm>
            <Cadence>161</Cadence>
          </Trackpoint>
          <Trackpoint>
            <Time>2026-03-17T13:56:58.000Z</Time>
            <Position>
              <LatitudeDegrees>37.3596162</LatitudeDegrees>
              <LongitudeDegrees>-121.8593207</LongitudeDegrees>
            </Position>
            <AltitudeMeters>26.8</AltitudeMeters>
            <DistanceMeters>4634.77</DistanceMeters>
            <HeartRateBpm><Value>137</Value></HeartRateBpm>
            <Cadence>161</Cadence>
          </Trackpoint>
          <Trackpoint>
            <Time>2026-03-17T13:57:03.000Z</Time>
            <Position>
              <LatitudeDegrees>37.3595425</LatitudeDegrees>
              <LongitudeDegrees>-121.8594136</LongitudeDegrees>
            </Position>
            <AltitudeMeters>26.8</AltitudeMeters>
            <DistanceMeters>4646.36</DistanceMeters>
            <HeartRateBpm><Value>139</Value></HeartRateBpm>
            <Cadence>161</Cadence>
          </Trackpoint>
          <Trackpoint>
            <Time>2026-03-17T13:57:08.000Z</Time>
            <Position>
              <LatitudeDegrees>37.3594687</LatitudeDegrees>
              <LongitudeDegrees>-121.8595065</LongitudeDegrees>
            </Position>
            <AltitudeMeters>26.8</AltitudeMeters>
            <DistanceMeters>4657.95</DistanceMeters>
            <HeartRateBpm><Value>140</Value></HeartRateBpm>
            <Cadence>161</Cadence>
          </Trackpoint>
          <Trackpoint>
            <Time>2026-03-17T13:57:13.000Z</Time>
            <Position>
              <LatitudeDegrees>37.3593950</LatitudeDegrees>
              <LongitudeDegrees>-121.8595994</LongitudeDegrees>
            </Position>
            <AltitudeMeters>26.7</AltitudeMeters>
            <DistanceMeters>4669.54</DistanceMeters>
            <HeartRateBpm><Value>140</Value></HeartRateBpm>
            <Cadence>161</Cadence>
          </Trackpoint>
          <Trackpoint>
            <Time>2026-03-17T13:57:18.000Z</Time>
            <Position>
              <LatitudeDegrees>37.3593212</LatitudeDegrees>
              <LongitudeDegrees>-121.8596923</LongitudeDegrees>
            </Position>
            <AltitudeMeters>26.7</AltitudeMeters>
            <DistanceMeters>4681.13</DistanceMeters>
            <HeartRateBpm><Value>140</Value></HeartRateBpm>
            <Cadence>161</Cadence>
          </Trackpoint>
          <Trackpoint>
            <Time>2026-03-17T13:57:23.000Z</Time>
            <Position>
              <LatitudeDegrees>37.3592475</LatitudeDegrees>
              <LongitudeDegrees>-121.8597852</LongitudeDegrees>
            </Position>
            <AltitudeMeters>26.6</AltitudeMeters>
            <DistanceMeters>4692.72</DistanceMeters>
            <HeartRateBpm><Value>140</Value></HeartRateBpm>
            <Cadence>161</Cadence>
          </Trackpoint>
          <Trackpoint>
            <Time>2026-03-17T13:57:28.000Z</Time>
            <Position>
              <LatitudeDegrees>37.3591737</LatitudeDegrees>
              <LongitudeDegrees>-121.8598781</LongitudeDegrees>
            </Position>
            <AltitudeMeters>26.6</AltitudeMeters>
            <DistanceMeters>4704.30</DistanceMeters>
            <HeartRateBpm><Value>140</Value></HeartRateBpm>
            <Cadence>161</Cadence>
          </Trackpoint>
          <Trackpoint>
            <Time>2026-03-17T13:57:33.000Z</Time>
            <Position>
              <LatitudeDegrees>37.3590999</LatitudeDegrees>
              <LongitudeDegrees>-121.8599710</LongitudeDegrees>
            </Position>
            <AltitudeMeters>26.6</AltitudeMeters>
            <DistanceMeters>4715.89</DistanceMeters>
            <HeartRateBpm><Value>140</Value></HeartRateBpm>
            <Cadence>161</Cadence>
          </Trackpoint>
          <Trackpoint>
            <Time>2026-03-17T13:57:38.000Z</Time>
            <Position>
              <LatitudeDegrees>37.3590262</LatitudeDegrees>
              <LongitudeDegrees>-121.8600640</LongitudeDegrees>
            </Position>
            <AltitudeMeters>26.5</AltitudeMeters>
            <DistanceMeters>4727.48</DistanceMeters>
            <HeartRateBpm><Value>140</Value></HeartRateBpm>
            <Cadence>161</Cadence>
          </Trackpoint>
          <Trackpoint>
            <Time>2026-03-17T13:57:43.000Z</Time>
            <Position>
              <LatitudeDegrees>37.3589524</LatitudeDegrees>
              <LongitudeDegrees>-121.8601569</LongitudeDegrees>
            </Position>
            <AltitudeMeters>26.5</AltitudeMeters>
            <DistanceMeters>4739.07</DistanceMeters>
            <HeartRateBpm><Value>140</Value></HeartRateBpm>
            <Cadence>161</Cadence>
          </Trackpoint>
          <Trackpoint>
            <Time>2026-03-17T13:57:48.000Z</Time>
            <Position>
              <LatitudeDegrees>37.3588787</LatitudeDegrees>
              <LongitudeDegrees>-121.8602498</LongitudeDegrees>
            </Position>
            <AltitudeMeters>26.4</AltitudeMeters>
            <DistanceMeters>4750.66</DistanceMeters>
            <HeartRateBpm><Value>140</Value></HeartRateBpm>
            <Cadence>161</Cadence>
          </Trackpoint>
          <Trackpoint>
            <Time>2026-03-17T13:57:53.000Z</Time>
            <Position>
              <LatitudeDegrees>37.3588049</LatitudeDegrees>
              <LongitudeDegrees>-121.8603427</LongitudeDegrees>
            </Position>
            <AltitudeMeters>26.4</AltitudeMeters>
            <DistanceMeters>4762.25</DistanceMeters>
            <HeartRateBpm><Value>140</Value></HeartRateBpm>
            <Cadence>161</Cadence>
          </Trackpoint>
          <Trackpoint>
            <Time>2026-03-17T13:57:58.000Z</Time>
            <Position>
              <LatitudeDegrees>37.3587312</LatitudeDegrees>
              <LongitudeDegrees>-121.8604356</LongitudeDegrees>
            </Position>
            <AltitudeMeters>26.3</AltitudeMeters>
            <DistanceMeters>4773.84</DistanceMeters>
            <HeartRateBpm><Value>140</Value></HeartRateBpm>
            <Cadence>161</Cadence>
          </Trackpoint>
          <Trackpoint>
            <Time>2026-03-17T13:58:03.000Z</Time>
            <Position>
              <LatitudeDegrees>37.3586574</LatitudeDegrees>
              <LongitudeDegrees>-121.8605285</LongitudeDegrees>
            </Position>
            <AltitudeMeters>26.2</AltitudeMeters>
            <DistanceMeters>4785.43</DistanceMeters>
            <HeartRateBpm><Value>140</Value></HeartRateBpm>
            <Cadence>161</Cadence>
          </Trackpoint>
          <Trackpoint>
            <Time>2026-03-17T13:58:08.000Z</Time>
            <Position>
              <LatitudeDegrees>37.3585837</LatitudeDegrees>
              <LongitudeDegrees>-121.8606214</LongitudeDegrees>
            </Position>
            <AltitudeMeters>26.2</AltitudeMeters>
            <DistanceMeters>4797.02</DistanceMeters>
            <HeartRateBpm><Value>140</Value></HeartRateBpm>
            <Cadence>161</Cadence>
          </Trackpoint>
          <Trackpoint>
            <Time>2026-03-17T13:58:13.000Z</Time>
            <Position>
              <LatitudeDegrees>37.3585099</LatitudeDegrees>
              <LongitudeDegrees>-121.8607144</LongitudeDegrees>
            </Position>
            <AltitudeMeters>26.1</AltitudeMeters>
            <DistanceMeters>4808.61</DistanceMeters>
            <HeartRateBpm><Value>140</Value></HeartRateBpm>
            <Cadence>161</Cadence>
          </Trackpoint>
          <Trackpoint>
            <Time>2026-03-17T13:58:18.000Z</Time>
            <Position>
              <LatitudeDegrees>37.3584362</LatitudeDegrees>
              <LongitudeDegrees>-121.8608073</LongitudeDegrees>
            </Position>
            <AltitudeMeters>26.1</AltitudeMeters>
            <DistanceMeters>4820.20</DistanceMeters>
            <HeartRateBpm><Value>140</Value></HeartRateBpm>
            <Cadence>161</Cadence>
          </Trackpoint>
          <Trackpoint>
            <Time>2026-03-17T13:58:23.000Z</Time>
            <Position>
              <LatitudeDegrees>37.3583624</LatitudeDegrees>
              <LongitudeDegrees>-121.8609002</LongitudeDegrees>
            </Position>
            <AltitudeMeters>26</AltitudeMeters>
            <DistanceMeters>4831.79</DistanceMeters>
            <HeartRateBpm><Value>140</Value></HeartRateBpm>
            <Cadence>161</Cadence>
          </Trackpoint>
          <Trackpoint>
            <Time>2026-03-17T13:58:28.000Z</Time>
            <Position>
              <LatitudeDegrees>37.3582886</LatitudeDegrees>
              <LongitudeDegrees>-121.8609931</LongitudeDegrees>
            </Position>
            <AltitudeMeters>25.9</AltitudeMeters>
            <DistanceMeters>4843.38</DistanceMeters>
            <HeartRateBpm><Value>140</Value></HeartRateBpm>
            <Cadence>161</Cadence>
          </Trackpoint>
          <Trackpoint>
            <Time>2026-03-17T13:58:33.000Z</Time>
            <Position>
              <LatitudeDegrees>37.3582149</LatitudeDegrees>
              <LongitudeDegrees>-121.8610860</LongitudeDegrees>
            </Position>
            <AltitudeMeters>25.9</AltitudeMeters>
            <DistanceMeters>4854.97</DistanceMeters>
            <HeartRateBpm><Value>140</Value></HeartRateBpm>
            <Cadence>161</Cadence>
          </Trackpoint>
          <Trackpoint>
            <Time>2026-03-17T13:58:38.000Z</Time>
            <Position>
              <LatitudeDegrees>37.3581411</LatitudeDegrees>
              <LongitudeDegrees>-121.8611789</LongitudeDegrees>
            </Position>
            <AltitudeMeters>25.8</AltitudeMeters>
            <DistanceMeters>4866.56</DistanceMeters>
            <HeartRateBpm><Value>140</Value></HeartRateBpm>
            <Cadence>161</Cadence>
          </Trackpoint>
          <Trackpoint>
            <Time>2026-03-17T13:58:43.000Z</Time>
            <Position>
              <LatitudeDegrees>37.3580674</LatitudeDegrees>
              <LongitudeDegrees>-121.8612718</LongitudeDegrees>
            </Position>
            <AltitudeMeters>25.7</AltitudeMeters>
            <DistanceMeters>4878.15</DistanceMeters>
            <HeartRateBpm><Value>140</Value></HeartRateBpm>
            <Cadence>161</Cadence>
          </Trackpoint>
          <Trackpoint>
            <Time>2026-03-17T13:58:48.000Z</Time>
            <Position>
              <LatitudeDegrees>37.3579936</LatitudeDegrees>
              <LongitudeDegrees>-121.8613647</LongitudeDegrees>
            </Position>
            <AltitudeMeters>25.7</AltitudeMeters>
            <DistanceMeters>4889.74</DistanceMeters>
            <HeartRateBpm><Value>140</Value></HeartRateBpm>
            <Cadence>161</Cadence>
          </Trackpoint>
          <Trackpoint>
            <Time>2026-03-17T13:58:53.000Z</Time>
            <Position>
              <LatitudeDegrees>37.3579199</LatitudeDegrees>
              <LongitudeDegrees>-121.8614577</LongitudeDegrees>
            </Position>
            <AltitudeMeters>25.6</AltitudeMeters>
            <DistanceMeters>4901.32</DistanceMeters>
            <HeartRateBpm><Value>140</Value></HeartRateBpm>
            <Cadence>161</Cadence>
          </Trackpoint>
          <Trackpoint>
            <Time>2026-03-17T13:58:58.000Z</Time>
            <Position>
              <LatitudeDegrees>37.3578461</LatitudeDegrees>
              <LongitudeDegrees>-121.8615506</LongitudeDegrees>
            </Position>
            <AltitudeMeters>25.5</AltitudeMeters>
            <DistanceMeters>4912.91</DistanceMeters>
            <HeartRateBpm><Value>140</Value></HeartRateBpm>
            <Cadence>161</Cadence>
          </Trackpoint>
          <Trackpoint>
            <Time>2026-03-17T13:59:03.000Z</Time>
            <Position>
              <LatitudeDegrees>37.3577724</LatitudeDegrees>
              <LongitudeDegrees>-121.8616435</LongitudeDegrees>
            </Position>
            <AltitudeMeters>25.5</AltitudeMeters>
            <DistanceMeters>4924.50</DistanceMeters>
            <HeartRateBpm><Value>140</Value></HeartRateBpm>
            <Cadence>161</Cadence>
          </Trackpoint>
          <Trackpoint>
            <Time>2026-03-17T13:59:08.000Z</Time>
            <Position>
              <LatitudeDegrees>37.3576986</LatitudeDegrees>
              <LongitudeDegrees>-121.8617364</LongitudeDegrees>
            </Position>
            <AltitudeMeters>25.4</AltitudeMeters>
            <DistanceMeters>4936.09</DistanceMeters>
            <HeartRateBpm><Value>140</Value></HeartRateBpm>
            <Cadence>161</Cadence>
          </Trackpoint>
          <Trackpoint>
            <Time>2026-03-17T13:59:13.000Z</Time>
            <Position>
              <LatitudeDegrees>37.3576249</LatitudeDegrees>
              <LongitudeDegrees>-121.8618293</LongitudeDegrees>
            </Position>
            <AltitudeMeters>25.3</AltitudeMeters>
            <DistanceMeters>4947.68</DistanceMeters>
            <HeartRateBpm><Value>140</Value></HeartRateBpm>
            <Cadence>161</Cadence>
          </Trackpoint>
          <Trackpoint>
            <Time>2026-03-17T13:59:14.000Z</Time>
            <Position>
              <LatitudeDegrees>37.3576101</LatitudeDegrees>
              <LongitudeDegrees>-121.8618479</LongitudeDegrees>
            </Position>
            <AltitudeMeters>25.3</AltitudeMeters>
            <DistanceMeters>4950.00</DistanceMeters>
            <HeartRateBpm><Value>140</Value></HeartRateBpm>
            <Cadence>161</Cadence>
          </Trackpoint>
        </Track>
      </Lap>
      <Lap StartTime="2026-03-17T13:59:14.000Z">
        <TotalTimeSeconds>230</TotalTimeSeconds>
        <DistanceMeters>800</DistanceMeters>
        <AverageHeartRateBpm><Value>183</Value></AverageHeartRateBpm>
        <MaximumHeartRateBpm><Value>190</Value></MaximumHeartRateBpm>
        <Intensity>Active</Intensity>
        <TriggerMethod>Manual</TriggerMethod>
        <Track>
          <Trackpoint>
            <Time>2026-03-17T13:59:14.000Z</Time>
            <Position>
              <LatitudeDegrees>37.3576101</LatitudeDegrees>
              <LongitudeDegrees>-121.8618479</LongitudeDegrees>
            </Position>
            <AltitudeMeters>25.3</AltitudeMeters>
            <DistanceMeters>4950.00</DistanceMeters>
            <HeartRateBpm><Value>175</Value></HeartRateBpm>
            <Cadence>179</Cadence>
          </Trackpoint>
          <Trackpoint>
            <Time>2026-03-17T13:59:19.000Z</Time>
            <Position>
              <LatitudeDegrees>37.3574994</LatitudeDegrees>
              <LongitudeDegrees>-121.8619873</LongitudeDegrees>
            </Position>
            <AltitudeMeters>25.2</AltitudeMeters>
            <DistanceMeters>4967.39</DistanceMeters>
            <HeartRateBpm><Value>176</Value></HeartRateBpm>
            <Cadence>179</Cadence>
          </Trackpoint>
          <Trackpoint>
            <Time>2026-03-17T13:59:24.000Z</Time>
            <Position>
              <LatitudeDegrees>37.3573887</LatitudeDegrees>
              <LongitudeDegrees>-121.8621267</LongitudeDegrees>
            </Position>
            <AltitudeMeters>25.1</AltitudeMeters>
            <DistanceMeters>4984.78</DistanceMeters>
            <HeartRateBpm><Value>177</Value></HeartRateBpm>
            <Cadence>179</Cadence>
          </Trackpoint>
          <Trackpoint>
            <Time>2026-03-17T13:59:29.000Z</Time>
            <Position>
              <LatitudeDegrees>37.3572781</LatitudeDegrees>
              <LongitudeDegrees>-121.8622662</LongitudeDegrees>
            </Position>
            <AltitudeMeters>25</AltitudeMeters>
            <DistanceMeters>5002.17</DistanceMeters>
            <HeartRateBpm><Value>178</Value></HeartRateBpm>
            <Cadence>179</Cadence>
          </Trackpoint>
          <Trackpoint>
            <Time>2026-03-17T13:59:34.000Z</Time>
            <Position>
              <LatitudeDegrees>37.3571674</LatitudeDegrees>
              <LongitudeDegrees>-121.8624056</LongitudeDegrees>
            </Position>
            <AltitudeMeters>24.9</AltitudeMeters>
            <DistanceMeters>5019.57</DistanceMeters>
            <HeartRateBpm><Value>180</Value></HeartRateBpm>
            <Cadence>179</Cadence>
          </Trackpoint>
          <Trackpoint>
            <Time>2026-03-17T13:59:39.000Z</Time>
            <Position>
              <LatitudeDegrees>37.3570567</LatitudeDegrees>
              <LongitudeDegrees>-121.8625450</LongitudeDegrees>
            </Position>
            <AltitudeMeters>24.8</AltitudeMeters>
            <DistanceMeters>5036.96</DistanceMeters>
            <HeartRateBpm><Value>181</Value></HeartRateBpm>
            <Cadence>179</Cadence>
          </Trackpoint>
          <Trackpoint>
            <Time>2026-03-17T13:59:44.000Z</Time>
            <Position>
              <LatitudeDegrees>37.3569460</LatitudeDegrees>
              <LongitudeDegrees>-121.8626845</LongitudeDegrees>
            </Position>
            <AltitudeMeters>24.7</AltitudeMeters>
            <DistanceMeters>5054.35</DistanceMeters>
            <HeartRateBpm><Value>182</Value></HeartRateBpm>
            <Cadence>179</Cadence>
          </Trackpoint>
          <Trackpoint>
            <Time>2026-03-17T13:59:49.000Z</Time>
            <Position>
              <LatitudeDegrees>37.3568354</LatitudeDegrees>
              <LongitudeDegrees>-121.8628239</LongitudeDegrees>
            </Position>
            <AltitudeMeters>24.6</AltitudeMeters>
            <DistanceMeters>5071.74</DistanceMeters>
            <HeartRateBpm><Value>183</Value></HeartRateBpm>
            <Cadence>179</Cadence>
          </Trackpoint>
          <Trackpoint>
            <Time>2026-03-17T13:59:54.000Z</Time>
            <Position>
              <LatitudeDegrees>37.3567247</LatitudeDegrees>
              <LongitudeDegrees>-121.8629633</LongitudeDegrees>
            </Position>
            <AltitudeMeters>24.4</AltitudeMeters>
            <DistanceMeters>5089.13</DistanceMeters>
            <HeartRateBpm><Value>183</Value></HeartRateBpm>
            <Cadence>179</Cadence>
          </Trackpoint>
          <Trackpoint>
            <Time>2026-03-17T13:59:59.000Z</Time>
            <Position>
              <LatitudeDegrees>37.3566140</LatitudeDegrees>
              <LongitudeDegrees>-121.8631027</LongitudeDegrees>
            </Position>
            <AltitudeMeters>24.3</AltitudeMeters>
            <DistanceMeters>5106.52</DistanceMeters>
            <HeartRateBpm><Value>183</Value></HeartRateBpm>
            <Cadence>179</Cadence>
          </Trackpoint>
          <Trackpoint>
            <Time>2026-03-17T14:00:04.000Z</Time>
            <Position>
              <LatitudeDegrees>37.3565033</LatitudeDegrees>
              <LongitudeDegrees>-121.8632422</LongitudeDegrees>
            </Position>
            <AltitudeMeters>24.2</AltitudeMeters>
            <DistanceMeters>5123.91</DistanceMeters>
            <HeartRateBpm><Value>183</Value></HeartRateBpm>
            <Cadence>179</Cadence>
          </Trackpoint>
          <Trackpoint>
            <Time>2026-03-17T14:00:09.000Z</Time>
            <Position>
              <LatitudeDegrees>37.3563926</LatitudeDegrees>
              <LongitudeDegrees>-121.8633816</LongitudeDegrees>
            </Position>
            <AltitudeMeters>24.1</AltitudeMeters>
            <DistanceMeters>5141.30</DistanceMeters>
            <HeartRateBpm><Value>183</Value></HeartRateBpm>
            <Cadence>179</Cadence>
          </Trackpoint>
          <Trackpoint>
            <Time>2026-03-17T14:00:14.000Z</Time>
            <Position>
              <LatitudeDegrees>37.3562820</LatitudeDegrees>
              <LongitudeDegrees>-121.8635210</LongitudeDegrees>
            </Position>
            <AltitudeMeters>24</AltitudeMeters>
            <DistanceMeters>5158.70</DistanceMeters>
            <HeartRateBpm><Value>183</Value></HeartRateBpm>
            <Cadence>179</Cadence>
          </Trackpoint>
          <Trackpoint>
            <Time>2026-03-17T14:00:19.000Z</Time>
            <Position>
              <LatitudeDegrees>37.3561713</LatitudeDegrees>
              <LongitudeDegrees>-121.8636605</LongitudeDegrees>
            </Position>
            <AltitudeMeters>23.9</AltitudeMeters>
            <DistanceMeters>5176.09</DistanceMeters>
            <HeartRateBpm><Value>183</Value></HeartRateBpm>
            <Cadence>179</Cadence>
          </Trackpoint>
          <Trackpoint>
            <Time>2026-03-17T14:00:24.000Z</Time>
            <Position>
              <LatitudeDegrees>37.3560606</LatitudeDegrees>
              <LongitudeDegrees>-121.8637999</LongitudeDegrees>
            </Position>
            <AltitudeMeters>23.9</AltitudeMeters>
            <DistanceMeters>5193.48</DistanceMeters>
            <HeartRateBpm><Value>183</Value></HeartRateBpm>
            <Cadence>179</Cadence>
          </Trackpoint>
          <Trackpoint>
            <Time>2026-03-17T14:00:29.000Z</Time>
            <Position>
              <LatitudeDegrees>37.3559499</LatitudeDegrees>
              <LongitudeDegrees>-121.8639393</LongitudeDegrees>
            </Position>
            <AltitudeMeters>23.8</AltitudeMeters>
            <DistanceMeters>5210.87</DistanceMeters>
            <HeartRateBpm><Value>183</Value></HeartRateBpm>
            <Cadence>179</Cadence>
          </Trackpoint>
          <Trackpoint>
            <Time>2026-03-17T14:00:34.000Z</Time>
            <Position>
              <LatitudeDegrees>37.3558393</LatitudeDegrees>
              <LongitudeDegrees>-121.8640787</LongitudeDegrees>
            </Position>
            <AltitudeMeters>23.7</AltitudeMeters>
            <DistanceMeters>5228.26</DistanceMeters>
            <HeartRateBpm><Value>183</Value></HeartRateBpm>
            <Cadence>179</Cadence>
          </Trackpoint>
          <Trackpoint>
            <Time>2026-03-17T14:00:39.000Z</Time>
            <Position>
              <LatitudeDegrees>37.3557286</LatitudeDegrees>
              <LongitudeDegrees>-121.8642182</LongitudeDegrees>
            </Position>
            <AltitudeMeters>23.6</AltitudeMeters>
            <DistanceMeters>5245.65</DistanceMeters>
            <HeartRateBpm><Value>183</Value></HeartRateBpm>
            <Cadence>179</Cadence>
          </Trackpoint>
          <Trackpoint>
            <Time>2026-03-17T14:00:44.000Z</Time>
            <Position>
              <LatitudeDegrees>37.3556179</LatitudeDegrees>
              <LongitudeDegrees>-121.8643576</LongitudeDegrees>
            </Position>
            <AltitudeMeters>23.5</AltitudeMeters>
            <DistanceMeters>5263.04</DistanceMeters>
            <HeartRateBpm><Value>183</Value></HeartRateBpm>
            <Cadence>179</Cadence>
          </Trackpoint>
          <Trackpoint>
            <Time>2026-03-17T14:00:49.000Z</Time>
            <Position>
              <LatitudeDegrees>37.3555072</LatitudeDegrees>
              <LongitudeDegrees>-121.8644970</LongitudeDegrees>
            </Position>
            <AltitudeMeters>23.5</AltitudeMeters>
            <DistanceMeters>5280.43</DistanceMeters>
            <HeartRateBpm><Value>183</Value></HeartRateBpm>
            <Cadence>179</Cadence>
          </Trackpoint>
          <Trackpoint>
            <Time>2026-03-17T14:00:54.000Z</Time>
            <Position>
              <LatitudeDegrees>37.3553965</LatitudeDegrees>
              <LongitudeDegrees>-121.8646364</LongitudeDegrees>
            </Position>
            <AltitudeMeters>23.4</AltitudeMeters>
            <DistanceMeters>5297.83</DistanceMeters>
            <HeartRateBpm><Value>183</Value></HeartRateBpm>
            <Cadence>179</Cadence>
          </Trackpoint>
          <Trackpoint>
            <Time>2026-03-17T14:00:59.000Z</Time>
            <Position>
              <LatitudeDegrees>37.3552859</LatitudeDegrees>
              <LongitudeDegrees>-121.8647759</LongitudeDegrees>
            </Position>
            <AltitudeMeters>23.3</AltitudeMeters>
            <DistanceMeters>5315.22</DistanceMeters>
            <HeartRateBpm><Value>183</Value></HeartRateBpm>
            <Cadence>179</Cadence>
          </Trackpoint>
          <Trackpoint>
            <Time>2026-03-17T14:01:04.000Z</Time>
            <Position>
              <LatitudeDegrees>37.3551752</LatitudeDegrees>
              <LongitudeDegrees>-121.8649153</LongitudeDegrees>
            </Position>
            <AltitudeMeters>23.3</AltitudeMeters>
            <DistanceMeters>5332.61</DistanceMeters>
            <HeartRateBpm><Value>183</Value></HeartRateBpm>
            <Cadence>179</Cadence>
          </Trackpoint>
          <Trackpoint>
            <Time>2026-03-17T14:01:09.000Z</Time>
            <Position>
              <LatitudeDegrees>37.3550645</LatitudeDegrees>
              <LongitudeDegrees>-121.8650547</LongitudeDegrees>
            </Position>
            <AltitudeMeters>23.2</AltitudeMeters>
            <DistanceMeters>5350.00</DistanceMeters>
            <HeartRateBpm><Value>183</Value></HeartRateBpm>
            <Cadence>179</Cadence>
          </Trackpoint>
          <Trackpoint>
            <Time>2026-03-17T14:01:14.000Z</Time>
            <Position>
              <LatitudeDegrees>37.3549538</LatitudeDegrees>
              <LongitudeDegrees>-121.8651942</LongitudeDegrees>
            </Position>
            <AltitudeMeters>23.2</AltitudeMeters>
            <DistanceMeters>5367.39</DistanceMeters>
            <HeartRateBpm><Value>183</Value></HeartRateBpm>
            <Cadence>179</Cadence>
          </Trackpoint>
          <Trackpoint>
            <Time>2026-03-17T14:01:19.000Z</Time>
            <Position>
              <LatitudeDegrees>37.3548432</LatitudeDegrees>
              <LongitudeDegrees>-121.8653336</LongitudeDegrees>
            </Position>
            <AltitudeMeters>23.1</AltitudeMeters>
            <DistanceMeters>5384.78</DistanceMeters>
            <HeartRateBpm><Value>183</Value></HeartRateBpm>
            <Cadence>179</Cadence>
          </Trackpoint>
          <Trackpoint>
            <Time>2026-03-17T14:01:24.000Z</Time>
            <Position>
              <LatitudeDegrees>37.3547325</LatitudeDegrees>
              <LongitudeDegrees>-121.8654730</LongitudeDegrees>
            </Position>
            <AltitudeMeters>23.1</AltitudeMeters>
            <DistanceMeters>5402.17</DistanceMeters>
            <HeartRateBpm><Value>183</Value></HeartRateBpm>
            <Cadence>179</Cadence>
          </Trackpoint>
          <Trackpoint>
            <Time>2026-03-17T14:01:29.000Z</Time>
            <Position>
              <LatitudeDegrees>37.3546218</LatitudeDegrees>
              <LongitudeDegrees>-121.8656124</LongitudeDegrees>
            </Position>
            <AltitudeMeters>23.1</AltitudeMeters>
            <DistanceMeters>5419.57</DistanceMeters>
            <HeartRateBpm><Value>183</Value></HeartRateBpm>
            <Cadence>179</Cadence>
          </Trackpoint>
          <Trackpoint>
            <Time>2026-03-17T14:01:34.000Z</Time>
            <Position>
              <LatitudeDegrees>37.3545111</LatitudeDegrees>
              <LongitudeDegrees>-121.8657519</LongitudeDegrees>
            </Position>
            <AltitudeMeters>23</AltitudeMeters>
            <DistanceMeters>5436.96</DistanceMeters>
            <HeartRateBpm><Value>183</Value></HeartRateBpm>
            <Cadence>179</Cadence>
          </Trackpoint>
          <Trackpoint>
            <Time>2026-03-17T14:01:39.000Z</Time>
            <Position>
              <LatitudeDegrees>37.3544004</LatitudeDegrees>
              <LongitudeDegrees>-121.8658913</LongitudeDegrees>
            </Position>
            <AltitudeMeters>23</AltitudeMeters>
            <DistanceMeters>5454.35</DistanceMeters>
            <HeartRateBpm><Value>183</Value></HeartRateBpm>
            <Cadence>179</Cadence>
          </Trackpoint>
          <Trackpoint>
            <Time>2026-03-17T14:01:44.000Z</Time>
            <Position>
              <LatitudeDegrees>37.3542898</LatitudeDegrees>
              <LongitudeDegrees>-121.8660307</LongitudeDegrees>
            </Position>
            <AltitudeMeters>23</AltitudeMeters>
            <DistanceMeters>5471.74</DistanceMeters>
            <HeartRateBpm><Value>183</Value></HeartRateBpm>
            <Cadence>179</Cadence>
          </Trackpoint>
          <Trackpoint>
            <Time>2026-03-17T14:01:49.000Z</Time>
            <Position>
              <LatitudeDegrees>37.3541791</LatitudeDegrees>
              <LongitudeDegrees>-121.8661701</LongitudeDegrees>
            </Position>
            <AltitudeMeters>23</AltitudeMeters>
            <DistanceMeters>5489.13</DistanceMeters>
            <HeartRateBpm><Value>183</Value></HeartRateBpm>
            <Cadence>179</Cadence>
          </Trackpoint>
          <Trackpoint>
            <Time>2026-03-17T14:01:54.000Z</Time>
            <Position>
              <LatitudeDegrees>37.3540684</LatitudeDegrees>
              <LongitudeDegrees>-121.8663096</LongitudeDegrees>
            </Position>
            <AltitudeMeters>23</AltitudeMeters>
            <DistanceMeters>5506.52</DistanceMeters>
            <HeartRateBpm><Value>183</Value></HeartRateBpm>
            <Cadence>179</Cadence>
          </Trackpoint>
          <Trackpoint>
            <Time>2026-03-17T14:01:59.000Z</Time>
            <Position>
              <LatitudeDegrees>37.3539577</LatitudeDegrees>
              <LongitudeDegrees>-121.8664490</LongitudeDegrees>
            </Position>
            <AltitudeMeters>23</AltitudeMeters>
            <DistanceMeters>5523.91</DistanceMeters>
            <HeartRateBpm><Value>183</Value></HeartRateBpm>
            <Cadence>179</Cadence>
          </Trackpoint>
          <Trackpoint>
            <Time>2026-03-17T14:02:04.000Z</Time>
            <Position>
              <LatitudeDegrees>37.3538471</LatitudeDegrees>
              <LongitudeDegrees>-121.8665884</LongitudeDegrees>
            </Position>
            <AltitudeMeters>23</AltitudeMeters>
            <DistanceMeters>5541.30</DistanceMeters>
            <HeartRateBpm><Value>183</Value></HeartRateBpm>
            <Cadence>179</Cadence>
          </Trackpoint>
          <Trackpoint>
            <Time>2026-03-17T14:02:09.000Z</Time>
            <Position>
              <LatitudeDegrees>37.3537364</LatitudeDegrees>
              <LongitudeDegrees>-121.8667279</LongitudeDegrees>
            </Position>
            <AltitudeMeters>23</AltitudeMeters>
            <DistanceMeters>5558.70</DistanceMeters>
            <HeartRateBpm><Value>183</Value></HeartRateBpm>
            <Cadence>179</Cadence>
          </Trackpoint>
          <Trackpoint>
            <Time>2026-03-17T14:02:14.000Z</Time>
            <Position>
              <LatitudeDegrees>37.3536257</LatitudeDegrees>
              <LongitudeDegrees>-121.8668673</LongitudeDegrees>
            </Position>
            <AltitudeMeters>23.1</AltitudeMeters>
            <DistanceMeters>5576.09</DistanceMeters>
            <HeartRateBpm><Value>183</Value></HeartRateBpm>
            <Cadence>179</Cadence>
          </Trackpoint>
          <Trackpoint>
            <Time>2026-03-17T14:02:19.000Z</Time>
            <Position>
              <LatitudeDegrees>37.3535150</LatitudeDegrees>
              <LongitudeDegrees>-121.8670067</LongitudeDegrees>
            </Position>
            <AltitudeMeters>23.1</AltitudeMeters>
            <DistanceMeters>5593.48</DistanceMeters>
            <HeartRateBpm><Value>183</Value></HeartRateBpm>
            <Cadence>179</Cadence>
          </Trackpoint>
          <Trackpoint>
            <Time>2026-03-17T14:02:24.000Z</Time>
            <Position>
              <LatitudeDegrees>37.3534043</LatitudeDegrees>
              <LongitudeDegrees>-121.8671461</LongitudeDegrees>
            </Position>
            <AltitudeMeters>23.1</AltitudeMeters>
            <DistanceMeters>5610.87</DistanceMeters>
            <HeartRateBpm><Value>183</Value></HeartRateBpm>
            <Cadence>179</Cadence>
          </Trackpoint>
          <Trackpoint>
            <Time>2026-03-17T14:02:29.000Z</Time>
            <Position>
              <LatitudeDegrees>37.3532937</LatitudeDegrees>
              <LongitudeDegrees>-121.8672856</LongitudeDegrees>
            </Position>
            <AltitudeMeters>23.2</AltitudeMeters>
            <DistanceMeters>5628.26</DistanceMeters>
            <HeartRateBpm><Value>183</Value></HeartRateBpm>
            <Cadence>179</Cadence>
          </Trackpoint>
          <Trackpoint>
            <Time>2026-03-17T14:02:34.000Z</Time>
            <Position>
              <LatitudeDegrees>37.3531830</LatitudeDegrees>
              <LongitudeDegrees>-121.8674250</LongitudeDegrees>
            </Position>
            <AltitudeMeters>23.2</AltitudeMeters>
            <DistanceMeters>5645.65</DistanceMeters>
            <HeartRateBpm><Value>183</Value></HeartRateBpm>
            <Cadence>179</Cadence>
          </Trackpoint>
          <Trackpoint>
            <Time>2026-03-17T14:02:39.000Z</Time>
            <Position>
              <LatitudeDegrees>37.3530723</LatitudeDegrees>
              <LongitudeDegrees>-121.8675644</LongitudeDegrees>
            </Position>
            <AltitudeMeters>23.3</AltitudeMeters>
            <DistanceMeters>5663.04</DistanceMeters>
            <HeartRateBpm><Value>183</Value></HeartRateBpm>
            <Cadence>179</Cadence>
          </Trackpoint>
          <Trackpoint>
            <Time>2026-03-17T14:02:44.000Z</Time>
            <Position>
              <LatitudeDegrees>37.3529616</LatitudeDegrees>
              <LongitudeDegrees>-121.8677039</LongitudeDegrees>
            </Position>
            <AltitudeMeters>23.3</AltitudeMeters>
            <DistanceMeters>5680.43</DistanceMeters>
            <HeartRateBpm><Value>183</Value></HeartRateBpm>
            <Cadence>179</Cadence>
          </Trackpoint>
          <Trackpoint>
            <Time>2026-03-17T14:02:49.000Z</Time>
            <Position>
              <LatitudeDegrees>37.3528510</LatitudeDegrees>
              <LongitudeDegrees>-121.8678433</LongitudeDegrees>
            </Position>
            <AltitudeMeters>23.4</AltitudeMeters>
            <DistanceMeters>5697.83</DistanceMeters>
            <HeartRateBpm><Value>183</Value></HeartRateBpm>
            <Cadence>179</Cadence>
          </Trackpoint>
          <Trackpoint>
            <Time>2026-03-17T14:02:54.000Z</Time>
            <Position>
              <LatitudeDegrees>37.3527403</LatitudeDegrees>
              <LongitudeDegrees>-121.8679827</LongitudeDegrees>
            </Position>
            <AltitudeMeters>23.4</AltitudeMeters>
            <DistanceMeters>5715.22</DistanceMeters>
            <HeartRateBpm><Value>183</Value></HeartRateBpm>
            <Cadence>179</Cadence>
          </Trackpoint>
          <Trackpoint>
            <Time>2026-03-17T14:02:59.000Z</Time>
            <Position>
              <LatitudeDegrees>37.3526296</LatitudeDegrees>
              <LongitudeDegrees>-121.8681221</LongitudeDegrees>
            </Position>
            <AltitudeMeters>23.5</AltitudeMeters>
            <DistanceMeters>5732.61</DistanceMeters>
            <HeartRateBpm><Value>183</Value></HeartRateBpm>
            <Cadence>179</Cadence>
          </Trackpoint>
          <Trackpoint>
            <Time>2026-03-17T14:03:04.000Z</Time>
            <Position>
              <LatitudeDegrees>37.3525189</LatitudeDegrees>
              <LongitudeDegrees>-121.8682616</LongitudeDegrees>
            </Position>
            <AltitudeMeters>23.6</AltitudeMeters>
            <DistanceMeters>5750.00</DistanceMeters>
            <HeartRateBpm><Value>183</Value></HeartRateBpm>
            <Cadence>179</Cadence>
          </Trackpoint>
        </Track>
      </Lap>
      <Lap StartTime="2026-03-17T14:03:04.000Z">
        <TotalTimeSeconds>151</TotalTimeSeconds>
        <DistanceMeters>350</DistanceMeters>
        <AverageHeartRateBpm><Value>140</Value></AverageHeartRateBpm>
        <MaximumHeartRateBpm><Value>152</Value></MaximumHeartRateBpm>
        <Intensity>Resting</Intensity>
        <TriggerMethod>Manual</TriggerMethod>
        <Track>
          <Trackpoint>
            <Time>2026-03-17T14:03:04.000Z</Time>
            <Position>
              <LatitudeDegrees>37.3525189</LatitudeDegrees>
              <LongitudeDegrees>-121.8682616</LongitudeDegrees>
            </Position>
            <AltitudeMeters>23.6</AltitudeMeters>
            <DistanceMeters>5750.00</DistanceMeters>
            <HeartRateBpm><Value>132</Value></HeartRateBpm>
            <Cadence>162</Cadence>
          </Trackpoint>
          <Trackpoint>
            <Time>2026-03-17T14:03:09.000Z</Time>
            <Position>
              <LatitudeDegrees>37.3524452</LatitudeDegrees>
              <LongitudeDegrees>-121.8683545</LongitudeDegrees>
            </Position>
            <AltitudeMeters>23.6</AltitudeMeters>
            <DistanceMeters>5761.59</DistanceMeters>
            <HeartRateBpm><Value>134</Value></HeartRateBpm>
            <Cadence>162</Cadence>
          </Trackpoint>
          <Trackpoint>
            <Time>2026-03-17T14:03:14.000Z</Time>
            <Position>
              <LatitudeDegrees>37.3523714</LatitudeDegrees>
              <LongitudeDegrees>-121.8684474</LongitudeDegrees>
            </Position>
            <AltitudeMeters>23.7</AltitudeMeters>
            <DistanceMeters>5773.18</DistanceMeters>
            <HeartRateBpm><Value>136</Value></HeartRateBpm>
            <Cadence>162</Cadence>
          </Trackpoint>
          <Trackpoint>
            <Time>2026-03-17T14:03:19.000Z</Time>
            <Position>
              <LatitudeDegrees>37.3522977</LatitudeDegrees>
              <LongitudeDegrees>-121.8685403</LongitudeDegrees>
            </Position>
            <AltitudeMeters>23.7</AltitudeMeters>
            <DistanceMeters>5784.77</DistanceMeters>
            <HeartRateBpm><Value>137</Value></HeartRateBpm>
            <Cadence>162</Cadence>
          </Trackpoint>
          <Trackpoint>
            <Time>2026-03-17T14:03:24.000Z</Time>
            <Position>
              <LatitudeDegrees>37.3522239</LatitudeDegrees>
              <LongitudeDegrees>-121.8686332</LongitudeDegrees>
            </Position>
            <AltitudeMeters>23.8</AltitudeMeters>
            <DistanceMeters>5796.36</DistanceMeters>
            <HeartRateBpm><Value>139</Value></HeartRateBpm>
            <Cadence>162</Cadence>
          </Trackpoint>
          <Trackpoint>
            <Time>2026-03-17T14:03:29.000Z</Time>
            <Position>
              <LatitudeDegrees>37.3521502</LatitudeDegrees>
              <LongitudeDegrees>-121.8687261</LongitudeDegrees>
            </Position>
            <AltitudeMeters>23.9</AltitudeMeters>
            <DistanceMeters>5807.95</DistanceMeters>
            <HeartRateBpm><Value>140</Value></HeartRateBpm>
            <Cadence>162</Cadence>
          </Trackpoint>
          <Trackpoint>
            <Time>2026-03-17T14:03:34.000Z</Time>
            <Position>
              <LatitudeDegrees>37.3520764</LatitudeDegrees>
              <LongitudeDegrees>-121.8688190</LongitudeDegrees>
            </Position>
            <AltitudeMeters>23.9</AltitudeMeters>
            <DistanceMeters>5819.54</DistanceMeters>
            <HeartRateBpm><Value>140</Value></HeartRateBpm>
            <Cadence>162</Cadence>
          </Trackpoint>
          <Trackpoint>
            <Time>2026-03-17T14:03:39.000Z</Time>
            <Position>
              <LatitudeDegrees>37.3520026</LatitudeDegrees>
              <LongitudeDegrees>-121.8689120</LongitudeDegrees>
            </Position>
            <AltitudeMeters>24</AltitudeMeters>
            <DistanceMeters>5831.13</DistanceMeters>
            <HeartRateBpm><Value>140</Value></HeartRateBpm>
            <Cadence>162</Cadence>
          </Trackpoint>
          <Trackpoint>
            <Time>2026-03-17T14:03:44.000Z</Time>
            <Position>
              <LatitudeDegrees>37.3519289</LatitudeDegrees>
              <LongitudeDegrees>-121.8690049</LongitudeDegrees>
            </Position>
            <AltitudeMeters>24.1</AltitudeMeters>
            <DistanceMeters>5842.72</DistanceMeters>
            <HeartRateBpm><Value>140</Value></HeartRateBpm>
            <Cadence>162</Cadence>
          </Trackpoint>
          <Trackpoint>
            <Time>2026-03-17T14:03:49.000Z</Time>
            <Position>
              <LatitudeDegrees>37.3518551</LatitudeDegrees>
              <LongitudeDegrees>-121.8690978</LongitudeDegrees>
            </Position>
            <AltitudeMeters>24.1</AltitudeMeters>
            <DistanceMeters>5854.30</DistanceMeters>
            <HeartRateBpm><Value>140</Value></HeartRateBpm>
            <Cadence>162</Cadence>
          </Trackpoint>
          <Trackpoint>
            <Time>2026-03-17T14:03:54.000Z</Time>
            <Position>
              <LatitudeDegrees>37.3517814</LatitudeDegrees>
              <LongitudeDegrees>-121.8691907</LongitudeDegrees>
            </Position>
            <AltitudeMeters>24.2</AltitudeMeters>
            <DistanceMeters>5865.89</DistanceMeters>
            <HeartRateBpm><Value>140</Value></HeartRateBpm>
            <Cadence>162</Cadence>
          </Trackpoint>
          <Trackpoint>
            <Time>2026-03-17T14:03:59.000Z</Time>
            <Position>
              <LatitudeDegrees>37.3517076</LatitudeDegrees>
              <LongitudeDegrees>-121.8692836</LongitudeDegrees>
            </Position>
            <AltitudeMeters>24.2</AltitudeMeters>
            <DistanceMeters>5877.48</DistanceMeters>
            <HeartRateBpm><Value>140</Value></HeartRateBpm>
            <Cadence>162</Cadence>
          </Trackpoint>
          <Trackpoint>
            <Time>2026-03-17T14:04:04.000Z</Time>
            <Position>
              <LatitudeDegrees>37.3516339</LatitudeDegrees>
              <LongitudeDegrees>-121.8693765</LongitudeDegrees>
            </Position>
            <AltitudeMeters>24.3</AltitudeMeters>
            <DistanceMeters>5889.07</DistanceMeters>
            <HeartRateBpm><Value>140</Value></HeartRateBpm>
            <Cadence>162</Cadence>
          </Trackpoint>
          <Trackpoint>
            <Time>2026-03-17T14:04:09.000Z</Time>
            <Position>
              <LatitudeDegrees>37.3515601</LatitudeDegrees>
              <LongitudeDegrees>-121.8694694</LongitudeDegrees>
            </Position>
            <AltitudeMeters>24.4</AltitudeMeters>
            <DistanceMeters>5900.66</DistanceMeters>
            <HeartRateBpm><Value>140</Value></HeartRateBpm>
            <Cadence>162</Cadence>
          </Trackpoint>
          <Trackpoint>
            <Time>2026-03-17T14:04:14.000Z</Time>
            <Position>
              <LatitudeDegrees>37.3514864</LatitudeDegrees>
              <LongitudeDegrees>-121.8695623</LongitudeDegrees>
            </Position>
            <AltitudeMeters>24.5</AltitudeMeters>
            <DistanceMeters>5912.25</DistanceMeters>
            <HeartRateBpm><Value>140</Value></HeartRateBpm>
            <Cadence>162</Cadence>
          </Trackpoint>
          <Trackpoint>
            <Time>2026-03-17T14:04:19.000Z</Time>
            <Position>
              <LatitudeDegrees>37.3514126</LatitudeDegrees>
              <LongitudeDegrees>-121.8696553</LongitudeDegrees>
            </Position>
            <AltitudeMeters>24.5</AltitudeMeters>
            <DistanceMeters>5923.84</DistanceMeters>
            <HeartRateBpm><Value>140</Value></HeartRateBpm>
            <Cadence>162</Cadence>
          </Trackpoint>
          <Trackpoint>
            <Time>2026-03-17T14:04:24.000Z</Time>
            <Position>
              <LatitudeDegrees>37.3513389</LatitudeDegrees>
              <LongitudeDegrees>-121.8697482</LongitudeDegrees>
            </Position>
            <AltitudeMeters>24.6</AltitudeMeters>
            <DistanceMeters>5935.43</DistanceMeters>
            <HeartRateBpm><Value>140</Value></HeartRateBpm>
            <Cadence>162</Cadence>
          </Trackpoint>
          <Trackpoint>
            <Time>2026-03-17T14:04:29.000Z</Time>
            <Position>
              <LatitudeDegrees>37.3512651</LatitudeDegrees>
              <LongitudeDegrees>-121.8698411</LongitudeDegrees>
            </Position>
            <AltitudeMeters>24.7</AltitudeMeters>
            <DistanceMeters>5947.02</DistanceMeters>
            <HeartRateBpm><Value>140</Value></HeartRateBpm>
            <Cadence>162</Cadence>
          </Trackpoint>
          <Trackpoint>
            <Time>2026-03-17T14:04:34.000Z</Time>
            <Position>
              <LatitudeDegrees>37.3511913</LatitudeDegrees>
              <LongitudeDegrees>-121.8699340</LongitudeDegrees>
            </Position>
            <AltitudeMeters>24.7</AltitudeMeters>
            <DistanceMeters>5958.61</DistanceMeters>
            <HeartRateBpm><Value>140</Value></HeartRateBpm>
            <Cadence>162</Cadence>
          </Trackpoint>
          <Trackpoint>
            <Time>2026-03-17T14:04:39.000Z</Time>
            <Position>
              <LatitudeDegrees>37.3511176</LatitudeDegrees>
              <LongitudeDegrees>-121.8700269</LongitudeDegrees>
            </Position>
            <AltitudeMeters>24.8</AltitudeMeters>
            <DistanceMeters>5970.20</DistanceMeters>
            <HeartRateBpm><Value>140</Value></HeartRateBpm>
            <Cadence>162</Cadence>
          </Trackpoint>
          <Trackpoint>
            <Time>2026-03-17T14:04:44.000Z</Time>
            <Position>
              <LatitudeDegrees>37.3510438</LatitudeDegrees>
              <LongitudeDegrees>-121.8701198</LongitudeDegrees>
            </Position>
            <AltitudeMeters>24.9</AltitudeMeters>
            <DistanceMeters>5981.79</DistanceMeters>
            <HeartRateBpm><Value>140</Value></HeartRateBpm>
            <Cadence>162</Cadence>
          </Trackpoint>
          <Trackpoint>
            <Time>2026-03-17T14:04:49.000Z</Time>
            <Position>
              <LatitudeDegrees>37.3509701</LatitudeDegrees>
              <LongitudeDegrees>-121.8702127</LongitudeDegrees>
            </Position>
            <AltitudeMeters>25</AltitudeMeters>
            <DistanceMeters>5993.38</DistanceMeters>
            <HeartRateBpm><Value>140</Value></HeartRateBpm>
            <Cadence>162</Cadence>
          </Trackpoint>
          <Trackpoint>
            <Time>2026-03-17T14:04:54.000Z</Time>
            <Position>
              <LatitudeDegrees>37.3508963</LatitudeDegrees>
              <LongitudeDegrees>-121.8703057</LongitudeDegrees>
            </Position>
            <AltitudeMeters>25</AltitudeMeters>
            <DistanceMeters>6004.97</DistanceMeters>
            <HeartRateBpm><Value>140</Value></HeartRateBpm>
            <Cadence>162</Cadence>
          </Trackpoint>
          <Trackpoint>
            <Time>2026-03-17T14:04:59.000Z</Time>
            <Position>
              <LatitudeDegrees>37.3508226</LatitudeDegrees>
              <LongitudeDegrees>-121.8703986</LongitudeDegrees>
            </Position>
            <AltitudeMeters>25.1</AltitudeMeters>
            <DistanceMeters>6016.56</DistanceMeters>
            <HeartRateBpm><Value>140</Value></HeartRateBpm>
            <Cadence>162</Cadence>
          </Trackpoint>
          <Trackpoint>
            <Time>2026-03-17T14:05:04.000Z</Time>
            <Position>
              <LatitudeDegrees>37.3507488</LatitudeDegrees>
              <LongitudeDegrees>-121.8704915</LongitudeDegrees>
            </Position>
            <AltitudeMeters>25.2</AltitudeMeters>
            <DistanceMeters>6028.15</DistanceMeters>
            <HeartRateBpm><Value>140</Value></HeartRateBpm>
            <Cadence>162</Cadence>
          </Trackpoint>
          <Trackpoint>
            <Time>2026-03-17T14:05:09.000Z</Time>
            <Position>
              <LatitudeDegrees>37.3506751</LatitudeDegrees>
              <LongitudeDegrees>-121.8705844</LongitudeDegrees>
            </Position>
            <AltitudeMeters>25.2</AltitudeMeters>
            <DistanceMeters>6039.74</DistanceMeters>
            <HeartRateBpm><Value>140</Value></HeartRateBpm>
            <Cadence>162</Cadence>
          </Trackpoint>
          <Trackpoint>
            <Time>2026-03-17T14:05:14.000Z</Time>
            <Position>
              <LatitudeDegrees>37.3506013</LatitudeDegrees>
              <LongitudeDegrees>-121.8706773</LongitudeDegrees>
            </Position>
            <AltitudeMeters>25.3</AltitudeMeters>
            <DistanceMeters>6051.32</DistanceMeters>
            <HeartRateBpm><Value>140</Value></HeartRateBpm>
            <Cadence>162</Cadence>
          </Trackpoint>
          <Trackpoint>
            <Time>2026-03-17T14:05:19.000Z</Time>
            <Position>
              <LatitudeDegrees>37.3505276</LatitudeDegrees>
              <LongitudeDegrees>-121.8707702</LongitudeDegrees>
            </Position>
            <AltitudeMeters>25.4</AltitudeMeters>
            <DistanceMeters>6062.91</DistanceMeters>
            <HeartRateBpm><Value>140</Value></HeartRateBpm>
            <Cadence>162</Cadence>
          </Trackpoint>
          <Trackpoint>
            <Time>2026-03-17T14:05:24.000Z</Time>
            <Position>
              <LatitudeDegrees>37.3504538</LatitudeDegrees>
              <LongitudeDegrees>-121.8708631</LongitudeDegrees>
            </Position>
            <AltitudeMeters>25.5</AltitudeMeters>
            <DistanceMeters>6074.50</DistanceMeters>
            <HeartRateBpm><Value>140</Value></HeartRateBpm>
            <Cadence>162</Cadence>
          </Trackpoint>
          <Trackpoint>
            <Time>2026-03-17T14:05:29.000Z</Time>
            <Position>
              <LatitudeDegrees>37.3503800</LatitudeDegrees>
              <LongitudeDegrees>-121.8709560</LongitudeDegrees>
            </Position>
            <AltitudeMeters>25.5</AltitudeMeters>
            <DistanceMeters>6086.09</DistanceMeters>
            <HeartRateBpm><Value>140</Value></HeartRateBpm>
            <Cadence>162</Cadence>
          </Trackpoint>
          <Trackpoint>
            <Time>2026-03-17T14:05:34.000Z</Time>
            <Position>
              <LatitudeDegrees>37.3503063</LatitudeDegrees>
              <LongitudeDegrees>-121.8710490</LongitudeDegrees>
            </Position>
            <AltitudeMeters>25.6</AltitudeMeters>
            <DistanceMeters>6097.68</DistanceMeters>
            <HeartRateBpm><Value>140</Value></HeartRateBpm>
            <Cadence>162</Cadence>
          </Trackpoint>
          <Trackpoint>
            <Time>2026-03-17T14:05:35.000Z</Time>
            <Position>
              <LatitudeDegrees>37.3502915</LatitudeDegrees>
              <LongitudeDegrees>-121.8710675</LongitudeDegrees>
            </Position>
            <AltitudeMeters>25.6</AltitudeMeters>
            <DistanceMeters>6100.00</DistanceMeters>
            <HeartRateBpm><Value>140</Value></HeartRateBpm>
            <Cadence>162</Cadence>
          </Trackpoint>
        </Track>
      </Lap>
      <Lap StartTime="2026-03-17T14:05:35.000Z">
        <TotalTimeSeconds>230</TotalTimeSeconds>
        <DistanceMeters>800</DistanceMeters>
        <AverageHeartRateBpm><Value>183</Value></AverageHeartRateBpm>
        <MaximumHeartRateBpm><Value>190</Value></MaximumHeartRateBpm>
        <Intensity>Active</Intensity>
        <TriggerMethod>Manual</TriggerMethod>
        <Track>
          <Trackpoint>
            <Time>2026-03-17T14:05:35.000Z</Time>
            <Position>
              <LatitudeDegrees>37.3502915</LatitudeDegrees>
              <LongitudeDegrees>-121.8710675</LongitudeDegrees>
            </Position>
            <AltitudeMeters>25.6</AltitudeMeters>
            <DistanceMeters>6100.00</DistanceMeters>
            <HeartRateBpm><Value>175</Value></HeartRateBpm>
            <Cadence>182</Cadence>
          </Trackpoint>
          <Trackpoint>
            <Time>2026-03-17T14:05:40.000Z</Time>
            <Position>
              <LatitudeDegrees>37.3501809</LatitudeDegrees>
              <LongitudeDegrees>-121.8712070</LongitudeDegrees>
            </Position>
            <AltitudeMeters>25.7</AltitudeMeters>
            <DistanceMeters>6117.39</DistanceMeters>
            <HeartRateBpm><Value>176</Value></HeartRateBpm>
            <Cadence>182</Cadence>
          </Trackpoint>
          <Trackpoint>
            <Time>2026-03-17T14:05:45.000Z</Time>
            <Position>
              <LatitudeDegrees>37.3500702</LatitudeDegrees>
              <LongitudeDegrees>-121.8713464</LongitudeDegrees>
            </Position>
            <AltitudeMeters>25.8</AltitudeMeters>
            <DistanceMeters>6134.78</DistanceMeters>
            <HeartRateBpm><Value>177</Value></HeartRateBpm>
            <Cadence>182</Cadence>
          </Trackpoint>
          <Trackpoint>
            <Time>2026-03-17T14:05:50.000Z</Time>
            <Position>
              <LatitudeDegrees>37.3499595</LatitudeDegrees>
              <LongitudeDegrees>-121.8714858</LongitudeDegrees>
            </Position>
            <AltitudeMeters>25.9</AltitudeMeters>
            <DistanceMeters>6152.17</DistanceMeters>
            <HeartRateBpm><Value>178</Value></HeartRateBpm>
            <Cadence>182</Cadence>
          </Trackpoint>
          <Trackpoint>
            <Time>2026-03-17T14:05:55.000Z</Time>
            <Position>
              <LatitudeDegrees>37.3498488</LatitudeDegrees>
              <LongitudeDegrees>-121.8716253</LongitudeDegrees>
            </Position>
            <AltitudeMeters>26</AltitudeMeters>
            <DistanceMeters>6169.57</DistanceMeters>
            <HeartRateBpm><Value>180</Value></HeartRateBpm>
            <Cadence>182</Cadence>
          </Trackpoint>
          <Trackpoint>
            <Time>2026-03-17T14:06:00.000Z</Time>
            <Position>
              <LatitudeDegrees>37.3497381</LatitudeDegrees>
              <LongitudeDegrees>-121.8717647</LongitudeDegrees>
            </Position>
            <AltitudeMeters>26.1</AltitudeMeters>
            <DistanceMeters>6186.96</DistanceMeters>
            <HeartRateBpm><Value>181</Value></HeartRateBpm>
            <Cadence>182</Cadence>
          </Trackpoint>
          <Trackpoint>
            <Time>2026-03-17T14:06:05.000Z</Time>
            <Position>
              <LatitudeDegrees>37.3496275</LatitudeDegrees>
              <LongitudeDegrees>-121.8719041</LongitudeDegrees>
            </Position>
            <AltitudeMeters>26.2</AltitudeMeters>
            <DistanceMeters>6204.35</DistanceMeters>
            <HeartRateBpm><Value>182</Value></HeartRateBpm>
            <Cadence>182</Cadence>
          </Trackpoint>
          <Trackpoint>
            <Time>2026-03-17T14:06:10.000Z</Time>
            <Position>
              <LatitudeDegrees>37.3495168</LatitudeDegrees>
              <LongitudeDegrees>-121.8720435</LongitudeDegrees>
            </Position>
            <AltitudeMeters>26.3</AltitudeMeters>
            <DistanceMeters>6221.74</DistanceMeters>
            <HeartRateBpm><Value>183</Value></HeartRateBpm>
            <Cadence>182</Cadence>
          </Trackpoint>
          <Trackpoint>
            <Time>2026-03-17T14:06:15.000Z</Time>
            <Position>
              <LatitudeDegrees>37.3494061</LatitudeDegrees>
              <LongitudeDegrees>-121.8721830</LongitudeDegrees>
            </Position>
            <AltitudeMeters>26.4</AltitudeMeters>
            <DistanceMeters>6239.13</DistanceMeters>
            <HeartRateBpm><Value>183</Value></HeartRateBpm>
            <Cadence>182</Cadence>
          </Trackpoint>
          <Trackpoint>
            <Time>2026-03-17T14:06:20.000Z</Time>
            <Position>
              <LatitudeDegrees>37.3492954</LatitudeDegrees>
              <LongitudeDegrees>-121.8723224</LongitudeDegrees>
            </Position>
            <AltitudeMeters>26.4</AltitudeMeters>
            <DistanceMeters>6256.52</DistanceMeters>
            <HeartRateBpm><Value>183</Value></HeartRateBpm>
            <Cadence>182</Cadence>
          </Trackpoint>
          <Trackpoint>
            <Time>2026-03-17T14:06:25.000Z</Time>
            <Position>
              <LatitudeDegrees>37.3491848</LatitudeDegrees>
              <LongitudeDegrees>-121.8724618</LongitudeDegrees>
            </Position>
            <AltitudeMeters>26.5</AltitudeMeters>
            <DistanceMeters>6273.91</DistanceMeters>
            <HeartRateBpm><Value>183</Value></HeartRateBpm>
            <Cadence>182</Cadence>
          </Trackpoint>
          <Trackpoint>
            <Time>2026-03-17T14:06:30.000Z</Time>
            <Position>
              <LatitudeDegrees>37.3490741</LatitudeDegrees>
              <LongitudeDegrees>-121.8726012</LongitudeDegrees>
            </Position>
            <AltitudeMeters>26.6</AltitudeMeters>
            <DistanceMeters>6291.30</DistanceMeters>
            <HeartRateBpm><Value>183</Value></HeartRateBpm>
            <Cadence>182</Cadence>
          </Trackpoint>
          <Trackpoint>
            <Time>2026-03-17T14:06:35.000Z</Time>
            <Position>
              <LatitudeDegrees>37.3489634</LatitudeDegrees>
              <LongitudeDegrees>-121.8727407</LongitudeDegrees>
            </Position>
            <AltitudeMeters>26.6</AltitudeMeters>
            <DistanceMeters>6308.70</DistanceMeters>
            <HeartRateBpm><Value>183</Value></HeartRateBpm>
            <Cadence>182</Cadence>
          </Trackpoint>
          <Trackpoint>
            <Time>2026-03-17T14:06:40.000Z</Time>
            <Position>
              <LatitudeDegrees>37.3488527</LatitudeDegrees>
              <LongitudeDegrees>-121.8728801</LongitudeDegrees>
            </Position>
            <AltitudeMeters>26.7</AltitudeMeters>
            <DistanceMeters>6326.09</DistanceMeters>
            <HeartRateBpm><Value>183</Value></HeartRateBpm>
            <Cadence>182</Cadence>
          </Trackpoint>
          <Trackpoint>
            <Time>2026-03-17T14:06:45.000Z</Time>
            <Position>
              <LatitudeDegrees>37.3487421</LatitudeDegrees>
              <LongitudeDegrees>-121.8730195</LongitudeDegrees>
            </Position>
            <AltitudeMeters>26.8</AltitudeMeters>
            <DistanceMeters>6343.48</DistanceMeters>
            <HeartRateBpm><Value>183</Value></HeartRateBpm>
            <Cadence>182</Cadence>
          </Trackpoint>
          <Trackpoint>
            <Time>2026-03-17T14:06:50.000Z</Time>
            <Position>
              <LatitudeDegrees>37.3486314</LatitudeDegrees>
              <LongitudeDegrees>-121.8731590</LongitudeDegrees>
            </Position>
            <AltitudeMeters>26.8</AltitudeMeters>
            <DistanceMeters>6360.87</DistanceMeters>
            <HeartRateBpm><Value>183</Value></HeartRateBpm>
            <Cadence>182</Cadence>
          </Trackpoint>
          <Trackpoint>
            <Time>2026-03-17T14:06:55.000Z</Time>
            <Position>
              <LatitudeDegrees>37.3485207</LatitudeDegrees>
              <LongitudeDegrees>-121.8732984</LongitudeDegrees>
            </Position>
            <AltitudeMeters>26.9</AltitudeMeters>
            <DistanceMeters>6378.26</DistanceMeters>
            <HeartRateBpm><Value>183</Value></HeartRateBpm>
            <Cadence>182</Cadence>
          </Trackpoint>
          <Trackpoint>
            <Time>2026-03-17T14:07:00.000Z</Time>
            <Position>
              <LatitudeDegrees>37.3484100</LatitudeDegrees>
              <LongitudeDegrees>-121.8734378</LongitudeDegrees>
            </Position>
            <AltitudeMeters>26.9</AltitudeMeters>
            <DistanceMeters>6395.65</DistanceMeters>
            <HeartRateBpm><Value>183</Value></HeartRateBpm>
            <Cadence>182</Cadence>
          </Trackpoint>
          <Trackpoint>
            <Time>2026-03-17T14:07:05.000Z</Time>
            <Position>
              <LatitudeDegrees>37.3482993</LatitudeDegrees>
              <LongitudeDegrees>-121.8735772</LongitudeDegrees>
            </Position>
            <AltitudeMeters>26.9</AltitudeMeters>
            <DistanceMeters>6413.04</DistanceMeters>
            <HeartRateBpm><Value>183</Value></HeartRateBpm>
            <Cadence>182</Cadence>
          </Trackpoint>
          <Trackpoint>
            <Time>2026-03-17T14:07:10.000Z</Time>
            <Position>
              <LatitudeDegrees>37.3481887</LatitudeDegrees>
              <LongitudeDegrees>-121.8737167</LongitudeDegrees>
            </Position>
            <AltitudeMeters>27</AltitudeMeters>
            <DistanceMeters>6430.43</DistanceMeters>
            <HeartRateBpm><Value>183</Value></HeartRateBpm>
            <Cadence>182</Cadence>
          </Trackpoint>
          <Trackpoint>
            <Time>2026-03-17T14:07:15.000Z</Time>
            <Position>
              <LatitudeDegrees>37.3480780</LatitudeDegrees>
              <LongitudeDegrees>-121.8738561</LongitudeDegrees>
            </Position>
            <AltitudeMeters>27</AltitudeMeters>
            <DistanceMeters>6447.83</DistanceMeters>
            <HeartRateBpm><Value>183</Value></HeartRateBpm>
            <Cadence>182</Cadence>
          </Trackpoint>
          <Trackpoint>
            <Time>2026-03-17T14:07:20.000Z</Time>
            <Position>
              <LatitudeDegrees>37.3479673</LatitudeDegrees>
              <LongitudeDegrees>-121.8739955</LongitudeDegrees>
            </Position>
            <AltitudeMeters>27</AltitudeMeters>
            <DistanceMeters>6465.22</DistanceMeters>
            <HeartRateBpm><Value>183</Value></HeartRateBpm>
            <Cadence>182</Cadence>
          </Trackpoint>
          <Trackpoint>
            <Time>2026-03-17T14:07:25.000Z</Time>
            <Position>
              <LatitudeDegrees>37.3478566</LatitudeDegrees>
              <LongitudeDegrees>-121.8741349</LongitudeDegrees>
            </Position>
            <AltitudeMeters>27</AltitudeMeters>
            <DistanceMeters>6482.61</DistanceMeters>
            <HeartRateBpm><Value>183</Value></HeartRateBpm>
            <Cadence>182</Cadence>
          </Trackpoint>
          <Trackpoint>
            <Time>2026-03-17T14:07:30.000Z</Time>
            <Position>
              <LatitudeDegrees>37.3477460</LatitudeDegrees>
              <LongitudeDegrees>-121.8742744</LongitudeDegrees>
            </Position>
            <AltitudeMeters>27</AltitudeMeters>
            <DistanceMeters>6500.00</DistanceMeters>
            <HeartRateBpm><Value>183</Value></HeartRateBpm>
            <Cadence>182</Cadence>
          </Trackpoint>
          <Trackpoint>
            <Time>2026-03-17T14:07:35.000Z</Time>
            <Position>
              <LatitudeDegrees>37.3476353</LatitudeDegrees>
              <LongitudeDegrees>-121.8744138</LongitudeDegrees>
            </Position>
            <AltitudeMeters>27</AltitudeMeters>
            <DistanceMeters>6517.39</DistanceMeters>
            <HeartRateBpm><Value>183</Value></HeartRateBpm>
            <Cadence>182</Cadence>
          </Trackpoint>
          <Trackpoint>
            <Time>2026-03-17T14:07:40.000Z</Time>
            <Position>
              <LatitudeDegrees>37.3475246</LatitudeDegrees>
              <LongitudeDegrees>-121.8745532</LongitudeDegrees>
            </Position>
            <AltitudeMeters>27</AltitudeMeters>
            <DistanceMeters>6534.78</DistanceMeters>
            <HeartRateBpm><Value>183</Value></HeartRateBpm>
            <Cadence>182</Cadence>
          </Trackpoint>
          <Trackpoint>
            <Time>2026-03-17T14:07:45.000Z</Time>
            <Position>
              <LatitudeDegrees>37.3474139</LatitudeDegrees>
              <LongitudeDegrees>-121.8746927</LongitudeDegrees>
            </Position>
            <AltitudeMeters>27</AltitudeMeters>
            <DistanceMeters>6552.17</DistanceMeters>
            <HeartRateBpm><Value>183</Value></HeartRateBpm>
            <Cadence>182</Cadence>
          </Trackpoint>
          <Trackpoint>
            <Time>2026-03-17T14:07:50.000Z</Time>
            <Position>
              <LatitudeDegrees>37.3473032</LatitudeDegrees>
              <LongitudeDegrees>-121.8748321</LongitudeDegrees>
            </Position>
            <AltitudeMeters>27</AltitudeMeters>
            <DistanceMeters>6569.57</DistanceMeters>
            <HeartRateBpm><Value>183</Value></HeartRateBpm>
            <Cadence>182</Cadence>
          </Trackpoint>
          <Trackpoint>
            <Time>2026-03-17T14:07:55.000Z</Time>
            <Position>
              <LatitudeDegrees>37.3471926</LatitudeDegrees>
              <LongitudeDegrees>-121.8749715</LongitudeDegrees>
            </Position>
            <AltitudeMeters>26.9</AltitudeMeters>
            <DistanceMeters>6586.96</DistanceMeters>
            <HeartRateBpm><Value>183</Value></HeartRateBpm>
            <Cadence>182</Cadence>
          </Trackpoint>
          <Trackpoint>
            <Time>2026-03-17T14:08:00.000Z</Time>
            <Position>
              <LatitudeDegrees>37.3470819</LatitudeDegrees>
              <LongitudeDegrees>-121.8751109</LongitudeDegrees>
            </Position>
            <AltitudeMeters>26.9</AltitudeMeters>
            <DistanceMeters>6604.35</DistanceMeters>
            <HeartRateBpm><Value>183</Value></HeartRateBpm>
            <Cadence>182</Cadence>
          </Trackpoint>
          <Trackpoint>
            <Time>2026-03-17T14:08:05.000Z</Time>
            <Position>
              <LatitudeDegrees>37.3469712</LatitudeDegrees>
              <LongitudeDegrees>-121.8752504</LongitudeDegrees>
            </Position>
            <AltitudeMeters>26.9</AltitudeMeters>
            <DistanceMeters>6621.74</DistanceMeters>
            <HeartRateBpm><Value>183</Value></HeartRateBpm>
            <Cadence>182</Cadence>
          </Trackpoint>
          <Trackpoint>
            <Time>2026-03-17T14:08:10.000Z</Time>
            <Position>
              <LatitudeDegrees>37.3468605</LatitudeDegrees>
              <LongitudeDegrees>-121.8753898</LongitudeDegrees>
            </Position>
            <AltitudeMeters>26.8</AltitudeMeters>
            <DistanceMeters>6639.13</DistanceMeters>
            <HeartRateBpm><Value>183</Value></HeartRateBpm>
            <Cadence>182</Cadence>
          </Trackpoint>
          <Trackpoint>
            <Time>2026-03-17T14:08:15.000Z</Time>
            <Position>
              <LatitudeDegrees>37.3467499</LatitudeDegrees>
              <LongitudeDegrees>-121.8755292</LongitudeDegrees>
            </Position>
            <AltitudeMeters>26.8</AltitudeMeters>
            <DistanceMeters>6656.52</DistanceMeters>
            <HeartRateBpm><Value>183</Value></HeartRateBpm>
            <Cadence>182</Cadence>
          </Trackpoint>
          <Trackpoint>
            <Time>2026-03-17T14:08:20.000Z</Time>
            <Position>
              <LatitudeDegrees>37.3466392</LatitudeDegrees>
              <LongitudeDegrees>-121.8756686</LongitudeDegrees>
            </Position>
            <AltitudeMeters>26.7</AltitudeMeters>
            <DistanceMeters>6673.91</DistanceMeters>
            <HeartRateBpm><Value>183</Value></HeartRateBpm>
            <Cadence>182</Cadence>
          </Trackpoint>
          <Trackpoint>
            <Time>2026-03-17T14:08:25.000Z</Time>
            <Position>
              <LatitudeDegrees>37.3465285</LatitudeDegrees>
              <LongitudeDegrees>-121.8758081</LongitudeDegrees>
            </Position>
            <AltitudeMeters>26.6</AltitudeMeters>
            <DistanceMeters>6691.30</DistanceMeters>
            <HeartRateBpm><Value>183</Value></HeartRateBpm>
            <Cadence>182</Cadence>
          </Trackpoint>
          <Trackpoint>
            <Time>2026-03-17T14:08:30.000Z</Time>
            <Position>
              <LatitudeDegrees>37.3464178</LatitudeDegrees>
              <LongitudeDegrees>-121.8759475</LongitudeDegrees>
            </Position>
            <AltitudeMeters>26.6</AltitudeMeters>
            <DistanceMeters>6708.70</DistanceMeters>
            <HeartRateBpm><Value>183</Value></HeartRateBpm>
            <Cadence>182</Cadence>
          </Trackpoint>
          <Trackpoint>
            <Time>2026-03-17T14:08:35.000Z</Time>
            <Position>
              <LatitudeDegrees>37.3463071</LatitudeDegrees>
              <LongitudeDegrees>-121.8760869</LongitudeDegrees>
            </Position>
            <AltitudeMeters>26.5</AltitudeMeters>
            <DistanceMeters>6726.09</DistanceMeters>
            <HeartRateBpm><Value>183</Value></HeartRateBpm>
            <Cadence>182</Cadence>
          </Trackpoint>
          <Trackpoint>
            <Time>2026-03-17T14:08:40.000Z</Time>
            <Position>
              <LatitudeDegrees>37.3461965</LatitudeDegrees>
              <LongitudeDegrees>-121.8762264</LongitudeDegrees>
            </Position>
            <AltitudeMeters>26.4</AltitudeMeters>
            <DistanceMeters>6743.48</DistanceMeters>
            <HeartRateBpm><Value>183</Value></HeartRateBpm>
            <Cadence>182</Cadence>
          </Trackpoint>
          <Trackpoint>
            <Time>2026-03-17T14:08:45.000Z</Time>
            <Position>
              <LatitudeDegrees>37.3460858</LatitudeDegrees>
              <LongitudeDegrees>-121.8763658</LongitudeDegrees>
            </Position>
            <AltitudeMeters>26.4</AltitudeMeters>
            <DistanceMeters>6760.87</DistanceMeters>
            <HeartRateBpm><Value>183</Value></HeartRateBpm>
            <Cadence>182</Cadence>
          </Trackpoint>
          <Trackpoint>
            <Time>2026-03-17T14:08:50.000Z</Time>
            <Position>
              <LatitudeDegrees>37.3459751</LatitudeDegrees>
              <LongitudeDegrees>-121.8765052</LongitudeDegrees>
            </Position>
            <AltitudeMeters>26.3</AltitudeMeters>
            <DistanceMeters>6778.26</DistanceMeters>
            <HeartRateBpm><Value>183</Value></HeartRateBpm>
            <Cadence>182</Cadence>
          </Trackpoint>
          <Trackpoint>
            <Time>2026-03-17T14:08:55.000Z</Time>
            <Position>
              <LatitudeDegrees>37.3458644</LatitudeDegrees>
              <LongitudeDegrees>-121.8766446</LongitudeDegrees>
            </Position>
            <AltitudeMeters>26.2</AltitudeMeters>
            <DistanceMeters>6795.65</DistanceMeters>
            <HeartRateBpm><Value>183</Value></HeartRateBpm>
            <Cadence>182</Cadence>
          </Trackpoint>
          <Trackpoint>
            <Time>2026-03-17T14:09:00.000Z</Time>
            <Position>
              <LatitudeDegrees>37.3457538</LatitudeDegrees>
              <LongitudeDegrees>-121.8767841</LongitudeDegrees>
            </Position>
            <AltitudeMeters>26.1</AltitudeMeters>
            <DistanceMeters>6813.04</DistanceMeters>
            <HeartRateBpm><Value>183</Value></HeartRateBpm>
            <Cadence>182</Cadence>
          </Trackpoint>
          <Trackpoint>
            <Time>2026-03-17T14:09:05.000Z</Time>
            <Position>
              <LatitudeDegrees>37.3456431</LatitudeDegrees>
              <LongitudeDegrees>-121.8769235</LongitudeDegrees>
            </Position>
            <AltitudeMeters>26</AltitudeMeters>
            <DistanceMeters>6830.43</DistanceMeters>
            <HeartRateBpm><Value>183</Value></HeartRateBpm>
            <Cadence>182</Cadence>
          </Trackpoint>
          <Trackpoint>
            <Time>2026-03-17T14:09:10.000Z</Time>
            <Position>
              <LatitudeDegrees>37.3455324</LatitudeDegrees>
              <LongitudeDegrees>-121.8770629</LongitudeDegrees>
            </Position>
            <AltitudeMeters>25.9</AltitudeMeters>
            <DistanceMeters>6847.83</DistanceMeters>
            <HeartRateBpm><Value>183</Value></HeartRateBpm>
            <Cadence>182</Cadence>
          </Trackpoint>
          <Trackpoint>
            <Time>2026-03-17T14:09:15.000Z</Time>
            <Position>
              <LatitudeDegrees>37.3454217</LatitudeDegrees>
              <LongitudeDegrees>-121.8772024</LongitudeDegrees>
            </Position>
            <AltitudeMeters>25.8</AltitudeMeters>
            <DistanceMeters>6865.22</DistanceMeters>
            <HeartRateBpm><Value>183</Value></HeartRateBpm>
            <Cadence>182</Cadence>
          </Trackpoint>
          <Trackpoint>
            <Time>2026-03-17T14:09:20.000Z</Time>
            <Position>
              <LatitudeDegrees>37.3453110</LatitudeDegrees>
              <LongitudeDegrees>-121.8773418</LongitudeDegrees>
            </Position>
            <AltitudeMeters>25.7</AltitudeMeters>
            <DistanceMeters>6882.61</DistanceMeters>
            <HeartRateBpm><Value>183</Value></HeartRateBpm>
            <Cadence>182</Cadence>
          </Trackpoint>
          <Trackpoint>
            <Time>2026-03-17T14:09:25.000Z</Time>
            <Position>
              <LatitudeDegrees>37.3452004</LatitudeDegrees>
              <LongitudeDegrees>-121.8774812</LongitudeDegrees>
            </Position>
            <AltitudeMeters>25.6</AltitudeMeters>
            <DistanceMeters>6900.00</DistanceMeters>
            <HeartRateBpm><Value>183</Value></HeartRateBpm>
            <Cadence>182</Cadence>
          </Trackpoint>
        </Track>
      </Lap>
      <Lap StartTime="2026-03-17T14:09:25.000Z">
        <TotalTimeSeconds>459</TotalTimeSeconds>
        <DistanceMeters>1100</DistanceMeters>
        <AverageHeartRateBpm><Value>135</Value></AverageHeartRateBpm>
        <MaximumHeartRateBpm><Value>145</Value></MaximumHeartRateBpm>
        <Intensity>Active</Intensity>
        <TriggerMethod>Manual</TriggerMethod>
        <Track>
          <Trackpoint>
            <Time>2026-03-17T14:09:25.000Z</Time>
            <Position>
              <LatitudeDegrees>37.3452004</LatitudeDegrees>
              <LongitudeDegrees>-121.8774812</LongitudeDegrees>
            </Position>
            <AltitudeMeters>25.6</AltitudeMeters>
            <DistanceMeters>6900.00</DistanceMeters>
            <HeartRateBpm><Value>127</Value></HeartRateBpm>
            <Cadence>167</Cadence>
          </Trackpoint>
          <Trackpoint>
            <Time>2026-03-17T14:09:30.000Z</Time>
            <Position>
              <LatitudeDegrees>37.3451241</LatitudeDegrees>
              <LongitudeDegrees>-121.8775773</LongitudeDegrees>
            </Position>
            <AltitudeMeters>25.5</AltitudeMeters>
            <DistanceMeters>6911.98</DistanceMeters>
            <HeartRateBpm><Value>128</Value></HeartRateBpm>
            <Cadence>167</Cadence>
          </Trackpoint>
          <Trackpoint>
            <Time>2026-03-17T14:09:35.000Z</Time>
            <Position>
              <LatitudeDegrees>37.3450479</LatitudeDegrees>
              <LongitudeDegrees>-121.8776733</LongitudeDegrees>
            </Position>
            <AltitudeMeters>25.5</AltitudeMeters>
            <DistanceMeters>6923.97</DistanceMeters>
            <HeartRateBpm><Value>128</Value></HeartRateBpm>
            <Cadence>167</Cadence>
          </Trackpoint>
          <Trackpoint>
            <Time>2026-03-17T14:09:40.000Z</Time>
            <Position>
              <LatitudeDegrees>37.3449716</LatitudeDegrees>
              <LongitudeDegrees>-121.8777694</LongitudeDegrees>
            </Position>
            <AltitudeMeters>25.4</AltitudeMeters>
            <DistanceMeters>6935.95</DistanceMeters>
            <HeartRateBpm><Value>129</Value></HeartRateBpm>
            <Cadence>167</Cadence>
          </Trackpoint>
          <Trackpoint>
            <Time>2026-03-17T14:09:45.000Z</Time>
            <Position>
              <LatitudeDegrees>37.3448953</LatitudeDegrees>
              <LongitudeDegrees>-121.8778655</LongitudeDegrees>
            </Position>
            <AltitudeMeters>25.3</AltitudeMeters>
            <DistanceMeters>6947.93</DistanceMeters>
            <HeartRateBpm><Value>129</Value></HeartRateBpm>
            <Cadence>167</Cadence>
          </Trackpoint>
          <Trackpoint>
            <Time>2026-03-17T14:09:50.000Z</Time>
            <Position>
              <LatitudeDegrees>37.3448191</LatitudeDegrees>
              <LongitudeDegrees>-121.8779615</LongitudeDegrees>
            </Position>
            <AltitudeMeters>25.3</AltitudeMeters>
            <DistanceMeters>6959.91</DistanceMeters>
            <HeartRateBpm><Value>130</Value></HeartRateBpm>
            <Cadence>167</Cadence>
          </Trackpoint>
          <Trackpoint>
            <Time>2026-03-17T14:09:55.000Z</Time>
            <Position>
              <LatitudeDegrees>37.3447428</LatitudeDegrees>
              <LongitudeDegrees>-121.8780576</LongitudeDegrees>
            </Position>
            <AltitudeMeters>25.2</AltitudeMeters>
            <DistanceMeters>6971.90</DistanceMeters>
            <HeartRateBpm><Value>130</Value></HeartRateBpm>
            <Cadence>167</Cadence>
          </Trackpoint>
          <Trackpoint>
            <Time>2026-03-17T14:10:00.000Z</Time>
            <Position>
              <LatitudeDegrees>37.3446666</LatitudeDegrees>
              <LongitudeDegrees>-121.8781537</LongitudeDegrees>
            </Position>
            <AltitudeMeters>25.1</AltitudeMeters>
            <DistanceMeters>6983.88</DistanceMeters>
            <HeartRateBpm><Value>131</Value></HeartRateBpm>
            <Cadence>167</Cadence>
          </Trackpoint>
          <Trackpoint>
            <Time>2026-03-17T14:10:05.000Z</Time>
            <Position>
              <LatitudeDegrees>37.3445903</LatitudeDegrees>
              <LongitudeDegrees>-121.8782497</LongitudeDegrees>
            </Position>
            <AltitudeMeters>25</AltitudeMeters>
            <DistanceMeters>6995.86</DistanceMeters>
            <HeartRateBpm><Value>132</Value></HeartRateBpm>
            <Cadence>167</Cadence>
          </Trackpoint>
          <Trackpoint>
            <Time>2026-03-17T14:10:10.000Z</Time>
            <Position>
              <LatitudeDegrees>37.3445141</LatitudeDegrees>
              <LongitudeDegrees>-121.8783458</LongitudeDegrees>
            </Position>
            <AltitudeMeters>25</AltitudeMeters>
            <DistanceMeters>7007.84</DistanceMeters>
            <HeartRateBpm><Value>132</Value></HeartRateBpm>
            <Cadence>167</Cadence>
          </Trackpoint>
          <Trackpoint>
            <Time>2026-03-17T14:10:15.000Z</Time>
            <Position>
              <LatitudeDegrees>37.3444378</LatitudeDegrees>
              <LongitudeDegrees>-121.8784419</LongitudeDegrees>
            </Position>
            <AltitudeMeters>24.9</AltitudeMeters>
            <DistanceMeters>7019.83</DistanceMeters>
            <HeartRateBpm><Value>133</Value></HeartRateBpm>
            <Cadence>167</Cadence>
          </Trackpoint>
          <Trackpoint>
            <Time>2026-03-17T14:10:20.000Z</Time>
            <Position>
              <LatitudeDegrees>37.3443615</LatitudeDegrees>
              <LongitudeDegrees>-121.8785379</LongitudeDegrees>
            </Position>
            <AltitudeMeters>24.8</AltitudeMeters>
            <DistanceMeters>7031.81</DistanceMeters>
            <HeartRateBpm><Value>133</Value></HeartRateBpm>
            <Cadence>167</Cadence>
          </Trackpoint>
          <Trackpoint>
            <Time>2026-03-17T14:10:25.000Z</Time>
            <Position>
              <LatitudeDegrees>37.3442853</LatitudeDegrees>
              <LongitudeDegrees>-121.8786340</LongitudeDegrees>
            </Position>
            <AltitudeMeters>24.7</AltitudeMeters>
            <DistanceMeters>7043.79</DistanceMeters>
            <HeartRateBpm><Value>134</Value></HeartRateBpm>
            <Cadence>167</Cadence>
          </Trackpoint>
          <Trackpoint>
            <Time>2026-03-17T14:10:30.000Z</Time>
            <Position>
              <LatitudeDegrees>37.3442090</LatitudeDegrees>
              <LongitudeDegrees>-121.8787301</LongitudeDegrees>
            </Position>
            <AltitudeMeters>24.7</AltitudeMeters>
            <DistanceMeters>7055.77</DistanceMeters>
            <HeartRateBpm><Value>135</Value></HeartRateBpm>
            <Cadence>167</Cadence>
          </Trackpoint>
          <Trackpoint>
            <Time>2026-03-17T14:10:35.000Z</Time>
            <Position>
              <LatitudeDegrees>37.3441328</LatitudeDegrees>
              <LongitudeDegrees>-121.8788261</LongitudeDegrees>
            </Position>
            <AltitudeMeters>24.6</AltitudeMeters>
            <DistanceMeters>7067.76</DistanceMeters>
            <HeartRateBpm><Value>135</Value></HeartRateBpm>
            <Cadence>167</Cadence>
          </Trackpoint>
          <Trackpoint>
            <Time>2026-03-17T14:10:40.000Z</Time>
            <Position>
              <LatitudeDegrees>37.3440565</LatitudeDegrees>
              <LongitudeDegrees>-121.8789222</LongitudeDegrees>
            </Position>
            <AltitudeMeters>24.5</AltitudeMeters>
            <DistanceMeters>7079.74</DistanceMeters>
            <HeartRateBpm><Value>135</Value></HeartRateBpm>
            <Cadence>167</Cadence>
          </Trackpoint>
          <Trackpoint>
            <Time>2026-03-17T14:10:45.000Z</Time>
            <Position>
              <LatitudeDegrees>37.3439803</LatitudeDegrees>
              <LongitudeDegrees>-121.8790183</LongitudeDegrees>
            </Position>
            <AltitudeMeters>24.4</AltitudeMeters>
            <DistanceMeters>7091.72</DistanceMeters>
            <HeartRateBpm><Value>135</Value></HeartRateBpm>
            <Cadence>167</Cadence>
          </Trackpoint>
          <Trackpoint>
            <Time>2026-03-17T14:10:50.000Z</Time>
            <Position>
              <LatitudeDegrees>37.3439040</LatitudeDegrees>
              <LongitudeDegrees>-121.8791143</LongitudeDegrees>
            </Position>
            <AltitudeMeters>24.4</AltitudeMeters>
            <DistanceMeters>7103.70</DistanceMeters>
            <HeartRateBpm><Value>135</Value></HeartRateBpm>
            <Cadence>167</Cadence>
          </Trackpoint>
          <Trackpoint>
            <Time>2026-03-17T14:10:55.000Z</Time>
            <Position>
              <LatitudeDegrees>37.3438277</LatitudeDegrees>
              <LongitudeDegrees>-121.8792104</LongitudeDegrees>
            </Position>
            <AltitudeMeters>24.3</AltitudeMeters>
            <DistanceMeters>7115.69</DistanceMeters>
            <HeartRateBpm><Value>135</Value></HeartRateBpm>
            <Cadence>167</Cadence>
          </Trackpoint>
          <Trackpoint>
            <Time>2026-03-17T14:11:00.000Z</Time>
            <Position>
              <LatitudeDegrees>37.3437515</LatitudeDegrees>
              <LongitudeDegrees>-121.8793064</LongitudeDegrees>
            </Position>
            <AltitudeMeters>24.2</AltitudeMeters>
            <DistanceMeters>7127.67</DistanceMeters>
            <HeartRateBpm><Value>135</Value></HeartRateBpm>
            <Cadence>167</Cadence>
          </Trackpoint>
          <Trackpoint>
            <Time>2026-03-17T14:11:05.000Z</Time>
            <Position>
              <LatitudeDegrees>37.3436752</LatitudeDegrees>
              <LongitudeDegrees>-121.8794025</LongitudeDegrees>
            </Position>
            <AltitudeMeters>24.2</AltitudeMeters>
            <DistanceMeters>7139.65</DistanceMeters>
            <HeartRateBpm><Value>135</Value></HeartRateBpm>
            <Cadence>167</Cadence>
          </Trackpoint>
          <Trackpoint>
            <Time>2026-03-17T14:11:10.000Z</Time>
            <Position>
              <LatitudeDegrees>37.3435990</LatitudeDegrees>
              <LongitudeDegrees>-121.8794986</LongitudeDegrees>
            </Position>
            <AltitudeMeters>24.1</AltitudeMeters>
            <DistanceMeters>7151.63</DistanceMeters>
            <HeartRateBpm><Value>135</Value></HeartRateBpm>
            <Cadence>167</Cadence>
          </Trackpoint>
          <Trackpoint>
            <Time>2026-03-17T14:11:15.000Z</Time>
            <Position>
              <LatitudeDegrees>37.3435227</LatitudeDegrees>
              <LongitudeDegrees>-121.8795946</LongitudeDegrees>
            </Position>
            <AltitudeMeters>24</AltitudeMeters>
            <DistanceMeters>7163.62</DistanceMeters>
            <HeartRateBpm><Value>135</Value></HeartRateBpm>
            <Cadence>167</Cadence>
          </Trackpoint>
          <Trackpoint>
            <Time>2026-03-17T14:11:20.000Z</Time>
            <Position>
              <LatitudeDegrees>37.3434465</LatitudeDegrees>
              <LongitudeDegrees>-121.8796907</LongitudeDegrees>
            </Position>
            <AltitudeMeters>24</AltitudeMeters>
            <DistanceMeters>7175.60</DistanceMeters>
            <HeartRateBpm><Value>135</Value></HeartRateBpm>
            <Cadence>167</Cadence>
          </Trackpoint>
          <Trackpoint>
            <Time>2026-03-17T14:11:25.000Z</Time>
            <Position>
              <LatitudeDegrees>37.3433702</LatitudeDegrees>
              <LongitudeDegrees>-121.8797868</LongitudeDegrees>
            </Position>
            <AltitudeMeters>23.9</AltitudeMeters>
            <DistanceMeters>7187.58</DistanceMeters>
            <HeartRateBpm><Value>135</Value></HeartRateBpm>
            <Cadence>167</Cadence>
          </Trackpoint>
          <Trackpoint>
            <Time>2026-03-17T14:11:30.000Z</Time>
            <Position>
              <LatitudeDegrees>37.3432939</LatitudeDegrees>
              <LongitudeDegrees>-121.8798828</LongitudeDegrees>
            </Position>
            <AltitudeMeters>23.8</AltitudeMeters>
            <DistanceMeters>7199.56</DistanceMeters>
            <HeartRateBpm><Value>135</Value></HeartRateBpm>
            <Cadence>167</Cadence>
          </Trackpoint>
          <Trackpoint>
            <Time>2026-03-17T14:11:35.000Z</Time>
            <Position>
              <LatitudeDegrees>37.3432177</LatitudeDegrees>
              <LongitudeDegrees>-121.8799789</LongitudeDegrees>
            </Position>
            <AltitudeMeters>23.8</AltitudeMeters>
            <DistanceMeters>7211.55</DistanceMeters>
            <HeartRateBpm><Value>135</Value></HeartRateBpm>
            <Cadence>167</Cadence>
          </Trackpoint>
          <Trackpoint>
            <Time>2026-03-17T14:11:40.000Z</Time>
            <Position>
              <LatitudeDegrees>37.3431414</LatitudeDegrees>
              <LongitudeDegrees>-121.8800750</LongitudeDegrees>
            </Position>
            <AltitudeMeters>23.7</AltitudeMeters>
            <DistanceMeters>7223.53</DistanceMeters>
            <HeartRateBpm><Value>135</Value></HeartRateBpm>
            <Cadence>167</Cadence>
          </Trackpoint>
          <Trackpoint>
            <Time>2026-03-17T14:11:45.000Z</Time>
            <Position>
              <LatitudeDegrees>37.3430652</LatitudeDegrees>
              <LongitudeDegrees>-121.8801710</LongitudeDegrees>
            </Position>
            <AltitudeMeters>23.7</AltitudeMeters>
            <DistanceMeters>7235.51</DistanceMeters>
            <HeartRateBpm><Value>135</Value></HeartRateBpm>
            <Cadence>167</Cadence>
          </Trackpoint>
          <Trackpoint>
            <Time>2026-03-17T14:11:50.000Z</Time>
            <Position>
              <LatitudeDegrees>37.3429889</LatitudeDegrees>
              <LongitudeDegrees>-121.8802671</LongitudeDegrees>
            </Position>
            <AltitudeMeters>23.6</AltitudeMeters>
            <DistanceMeters>7247.49</DistanceMeters>
            <HeartRateBpm><Value>135</Value></HeartRateBpm>
            <Cadence>167</Cadence>
          </Trackpoint>
          <Trackpoint>
            <Time>2026-03-17T14:11:55.000Z</Time>
            <Position>
              <LatitudeDegrees>37.3429127</LatitudeDegrees>
              <LongitudeDegrees>-121.8803632</LongitudeDegrees>
            </Position>
            <AltitudeMeters>23.5</AltitudeMeters>
            <DistanceMeters>7259.48</DistanceMeters>
            <HeartRateBpm><Value>135</Value></HeartRateBpm>
            <Cadence>167</Cadence>
          </Trackpoint>
          <Trackpoint>
            <Time>2026-03-17T14:12:00.000Z</Time>
            <Position>
              <LatitudeDegrees>37.3428364</LatitudeDegrees>
              <LongitudeDegrees>-121.8804592</LongitudeDegrees>
            </Position>
            <AltitudeMeters>23.5</AltitudeMeters>
            <DistanceMeters>7271.46</DistanceMeters>
            <HeartRateBpm><Value>135</Value></HeartRateBpm>
            <Cadence>167</Cadence>
          </Trackpoint>
          <Trackpoint>
            <Time>2026-03-17T14:12:05.000Z</Time>
            <Position>
              <LatitudeDegrees>37.3427602</LatitudeDegrees>
              <LongitudeDegrees>-121.8805553</LongitudeDegrees>
            </Position>
            <AltitudeMeters>23.4</AltitudeMeters>
            <DistanceMeters>7283.44</DistanceMeters>
            <HeartRateBpm><Value>135</Value></HeartRateBpm>
            <Cadence>167</Cadence>
          </Trackpoint>
          <Trackpoint>
            <Time>2026-03-17T14:12:10.000Z</Time>
            <Position>
              <LatitudeDegrees>37.3426839</LatitudeDegrees>
              <LongitudeDegrees>-121.8806514</LongitudeDegrees>
            </Position>
            <AltitudeMeters>23.4</AltitudeMeters>
            <DistanceMeters>7295.42</DistanceMeters>
            <HeartRateBpm><Value>135</Value></HeartRateBpm>
            <Cadence>167</Cadence>
          </Trackpoint>
          <Trackpoint>
            <Time>2026-03-17T14:12:15.000Z</Time>
            <Position>
              <LatitudeDegrees>37.3426076</LatitudeDegrees>
              <LongitudeDegrees>-121.8807474</LongitudeDegrees>
            </Position>
            <AltitudeMeters>23.4</AltitudeMeters>
            <DistanceMeters>7307.41</DistanceMeters>
            <HeartRateBpm><Value>135</Value></HeartRateBpm>
            <Cadence>167</Cadence>
          </Trackpoint>
          <Trackpoint>
            <Time>2026-03-17T14:12:20.000Z</Time>
            <Position>
              <LatitudeDegrees>37.3425314</LatitudeDegrees>
              <LongitudeDegrees>-121.8808435</LongitudeDegrees>
            </Position>
            <AltitudeMeters>23.3</AltitudeMeters>
            <DistanceMeters>7319.39</DistanceMeters>
            <HeartRateBpm><Value>135</Value></HeartRateBpm>
            <Cadence>167</Cadence>
          </Trackpoint>
          <Trackpoint>
            <Time>2026-03-17T14:12:25.000Z</Time>
            <Position>
              <LatitudeDegrees>37.3424551</LatitudeDegrees>
              <LongitudeDegrees>-121.8809396</LongitudeDegrees>
            </Position>
            <AltitudeMeters>23.3</AltitudeMeters>
            <DistanceMeters>7331.37</DistanceMeters>
            <HeartRateBpm><Value>135</Value></HeartRateBpm>
            <Cadence>167</Cadence>
          </Trackpoint>
          <Trackpoint>
            <Time>2026-03-17T14:12:30.000Z</Time>
            <Position>
              <LatitudeDegrees>37.3423789</LatitudeDegrees>
              <LongitudeDegrees>-121.8810356</LongitudeDegrees>
            </Position>
            <AltitudeMeters>23.2</AltitudeMeters>
            <DistanceMeters>7343.36</DistanceMeters>
            <HeartRateBpm><Value>135</Value></HeartRateBpm>
            <Cadence>167</Cadence>
          </Trackpoint>
          <Trackpoint>
            <Time>2026-03-17T14:12:35.000Z</Time>
            <Position>
              <LatitudeDegrees>37.3423026</LatitudeDegrees>
              <LongitudeDegrees>-121.8811317</LongitudeDegrees>
            </Position>
            <AltitudeMeters>23.2</AltitudeMeters>
            <DistanceMeters>7355.34</DistanceMeters>
            <HeartRateBpm><Value>135</Value></HeartRateBpm>
            <Cadence>167</Cadence>
          </Trackpoint>
          <Trackpoint>
            <Time>2026-03-17T14:12:40.000Z</Time>
            <Position>
              <LatitudeDegrees>37.3422264</LatitudeDegrees>
              <LongitudeDegrees>-121.8812278</LongitudeDegrees>
            </Position>
            <AltitudeMeters>23.2</AltitudeMeters>
            <DistanceMeters>7367.32</DistanceMeters>
            <HeartRateBpm><Value>135</Value></HeartRateBpm>
            <Cadence>167</Cadence>
          </Trackpoint>
          <Trackpoint>
            <Time>2026-03-17T14:12:45.000Z</Time>
            <Position>
              <LatitudeDegrees>37.3421501</LatitudeDegrees>
              <LongitudeDegrees>-121.8813238</LongitudeDegrees>
            </Position>
            <AltitudeMeters>23.1</AltitudeMeters>
            <DistanceMeters>7379.30</DistanceMeters>
            <HeartRateBpm><Value>135</Value></HeartRateBpm>
            <Cadence>167</Cadence>
          </Trackpoint>
          <Trackpoint>
            <Time>2026-03-17T14:12:50.000Z</Time>
            <Position>
              <LatitudeDegrees>37.3420738</LatitudeDegrees>
              <LongitudeDegrees>-121.8814199</LongitudeDegrees>
            </Position>
            <AltitudeMeters>23.1</AltitudeMeters>
            <DistanceMeters>7391.29</DistanceMeters>
            <HeartRateBpm><Value>135</Value></HeartRateBpm>
            <Cadence>167</Cadence>
          </Trackpoint>
          <Trackpoint>
            <Time>2026-03-17T14:12:55.000Z</Time>
            <Position>
              <LatitudeDegrees>37.3419976</LatitudeDegrees>
              <LongitudeDegrees>-121.8815159</LongitudeDegrees>
            </Position>
            <AltitudeMeters>23.1</AltitudeMeters>
            <DistanceMeters>7403.27</DistanceMeters>
            <HeartRateBpm><Value>135</Value></HeartRateBpm>
            <Cadence>167</Cadence>
          </Trackpoint>
          <Trackpoint>
            <Time>2026-03-17T14:13:00.000Z</Time>
            <Position>
              <LatitudeDegrees>37.3419213</LatitudeDegrees>
              <LongitudeDegrees>-121.8816120</LongitudeDegrees>
            </Position>
            <AltitudeMeters>23.1</AltitudeMeters>
            <DistanceMeters>7415.25</DistanceMeters>
            <HeartRateBpm><Value>135</Value></HeartRateBpm>
            <Cadence>167</Cadence>
          </Trackpoint>
          <Trackpoint>
            <Time>2026-03-17T14:13:05.000Z</Time>
            <Position>
              <LatitudeDegrees>37.3418451</LatitudeDegrees>
              <LongitudeDegrees>-121.8817081</LongitudeDegrees>
            </Position>
            <AltitudeMeters>23.1</AltitudeMeters>
            <DistanceMeters>7427.23</DistanceMeters>
            <HeartRateBpm><Value>135</Value></HeartRateBpm>
            <Cadence>167</Cadence>
          </Trackpoint>
          <Trackpoint>
            <Time>2026-03-17T14:13:10.000Z</Time>
            <Position>
              <LatitudeDegrees>37.3417688</LatitudeDegrees>
              <LongitudeDegrees>-121.8818041</LongitudeDegrees>
            </Position>
            <AltitudeMeters>23</AltitudeMeters>
            <DistanceMeters>7439.22</DistanceMeters>
            <HeartRateBpm><Value>135</Value></HeartRateBpm>
            <Cadence>167</Cadence>
          </Trackpoint>
          <Trackpoint>
            <Time>2026-03-17T14:13:15.000Z</Time>
            <Position>
              <LatitudeDegrees>37.3416926</LatitudeDegrees>
              <LongitudeDegrees>-121.8819002</LongitudeDegrees>
            </Position>
            <AltitudeMeters>23</AltitudeMeters>
            <DistanceMeters>7451.20</DistanceMeters>
            <HeartRateBpm><Value>135</Value></HeartRateBpm>
            <Cadence>167</Cadence>
          </Trackpoint>
          <Trackpoint>
            <Time>2026-03-17T14:13:20.000Z</Time>
            <Position>
              <LatitudeDegrees>37.3416163</LatitudeDegrees>
              <LongitudeDegrees>-121.8819963</LongitudeDegrees>
            </Position>
            <AltitudeMeters>23</AltitudeMeters>
            <DistanceMeters>7463.18</DistanceMeters>
            <HeartRateBpm><Value>135</Value></HeartRateBpm>
            <Cadence>167</Cadence>
          </Trackpoint>
          <Trackpoint>
            <Time>2026-03-17T14:13:25.000Z</Time>
            <Position>
              <LatitudeDegrees>37.3415400</LatitudeDegrees>
              <LongitudeDegrees>-121.8820923</LongitudeDegrees>
            </Position>
            <AltitudeMeters>23</AltitudeMeters>
            <DistanceMeters>7475.16</DistanceMeters>
            <HeartRateBpm><Value>135</Value></HeartRateBpm>
            <Cadence>167</Cadence>
          </Trackpoint>
          <Trackpoint>
            <Time>2026-03-17T14:13:30.000Z</Time>
            <Position>
              <LatitudeDegrees>37.3414638</LatitudeDegrees>
              <LongitudeDegrees>-121.8821884</LongitudeDegrees>
            </Position>
            <AltitudeMeters>23</AltitudeMeters>
            <DistanceMeters>7487.15</DistanceMeters>
            <HeartRateBpm><Value>135</Value></HeartRateBpm>
            <Cadence>167</Cadence>
          </Trackpoint>
          <Trackpoint>
            <Time>2026-03-17T14:13:35.000Z</Time>
            <Position>
              <LatitudeDegrees>37.3413875</LatitudeDegrees>
              <LongitudeDegrees>-121.8822845</LongitudeDegrees>
            </Position>
            <AltitudeMeters>23</AltitudeMeters>
            <DistanceMeters>7499.13</DistanceMeters>
            <HeartRateBpm><Value>135</Value></HeartRateBpm>
            <Cadence>167</Cadence>
          </Trackpoint>
          <Trackpoint>
            <Time>2026-03-17T14:13:40.000Z</Time>
            <Position>
              <LatitudeDegrees>37.3413113</LatitudeDegrees>
              <LongitudeDegrees>-121.8823805</LongitudeDegrees>
            </Position>
            <AltitudeMeters>23</AltitudeMeters>
            <DistanceMeters>7511.11</DistanceMeters>
            <HeartRateBpm><Value>135</Value></HeartRateBpm>
            <Cadence>167</Cadence>
          </Trackpoint>
          <Trackpoint>
            <Time>2026-03-17T14:13:45.000Z</Time>
            <Position>
              <LatitudeDegrees>37.3412350</LatitudeDegrees>
              <LongitudeDegrees>-121.8824766</LongitudeDegrees>
            </Position>
            <AltitudeMeters>23</AltitudeMeters>
            <DistanceMeters>7523.09</DistanceMeters>
            <HeartRateBpm><Value>135</Value></HeartRateBpm>
            <Cadence>167</Cadence>
          </Trackpoint>
          <Trackpoint>
            <Time>2026-03-17T14:13:50.000Z</Time>
            <Position>
              <LatitudeDegrees>37.3411588</LatitudeDegrees>
              <LongitudeDegrees>-121.8825727</LongitudeDegrees>
            </Position>
            <AltitudeMeters>23</AltitudeMeters>
            <DistanceMeters>7535.08</DistanceMeters>
            <HeartRateBpm><Value>135</Value></HeartRateBpm>
            <Cadence>167</Cadence>
          </Trackpoint>
          <Trackpoint>
            <Time>2026-03-17T14:13:55.000Z</Time>
            <Position>
              <LatitudeDegrees>37.3410825</LatitudeDegrees>
              <LongitudeDegrees>-121.8826687</LongitudeDegrees>
            </Position>
            <AltitudeMeters>23</AltitudeMeters>
            <DistanceMeters>7547.06</DistanceMeters>
            <HeartRateBpm><Value>135</Value></HeartRateBpm>
            <Cadence>167</Cadence>
          </Trackpoint>
          <Trackpoint>
            <Time>2026-03-17T14:14:00.000Z</Time>
            <Position>
              <LatitudeDegrees>37.3410062</LatitudeDegrees>
              <LongitudeDegrees>-121.8827648</LongitudeDegrees>
            </Position>
            <AltitudeMeters>23</AltitudeMeters>
            <DistanceMeters>7559.04</DistanceMeters>
            <HeartRateBpm><Value>135</Value></HeartRateBpm>
            <Cadence>167</Cadence>
          </Trackpoint>
          <Trackpoint>
            <Time>2026-03-17T14:14:05.000Z</Time>
            <Position>
              <LatitudeDegrees>37.3409300</LatitudeDegrees>
              <LongitudeDegrees>-121.8828609</LongitudeDegrees>
            </Position>
            <AltitudeMeters>23</AltitudeMeters>
            <DistanceMeters>7571.02</DistanceMeters>
            <HeartRateBpm><Value>135</Value></HeartRateBpm>
            <Cadence>167</Cadence>
          </Trackpoint>
          <Trackpoint>
            <Time>2026-03-17T14:14:10.000Z</Time>
            <Position>
              <LatitudeDegrees>37.3408537</LatitudeDegrees>
              <LongitudeDegrees>-121.8829569</LongitudeDegrees>
            </Position>
            <AltitudeMeters>23.1</AltitudeMeters>
            <DistanceMeters>7583.01</DistanceMeters>
            <HeartRateBpm><Value>135</Value></HeartRateBpm>
            <Cadence>167</Cadence>
          </Trackpoint>
          <Trackpoint>
            <Time>2026-03-17T14:14:15.000Z</Time>
            <Position>
              <LatitudeDegrees>37.3407775</LatitudeDegrees>
              <LongitudeDegrees>-121.8830530</LongitudeDegrees>
            </Position>
            <AltitudeMeters>23.1</AltitudeMeters>
            <DistanceMeters>7594.99</DistanceMeters>
            <HeartRateBpm><Value>135</Value></HeartRateBpm>
            <Cadence>167</Cadence>
          </Trackpoint>
          <Trackpoint>
            <Time>2026-03-17T14:14:20.000Z</Time>
            <Position>
              <LatitudeDegrees>37.3407012</LatitudeDegrees>
              <LongitudeDegrees>-121.8831491</LongitudeDegrees>
            </Position>
            <AltitudeMeters>23.1</AltitudeMeters>
            <DistanceMeters>7606.97</DistanceMeters>
            <HeartRateBpm><Value>135</Value></HeartRateBpm>
            <Cadence>167</Cadence>
          </Trackpoint>
          <Trackpoint>
            <Time>2026-03-17T14:14:25.000Z</Time>
            <Position>
              <LatitudeDegrees>37.3406250</LatitudeDegrees>
              <LongitudeDegrees>-121.8832451</LongitudeDegrees>
            </Position>
            <AltitudeMeters>23.1</AltitudeMeters>
            <DistanceMeters>7618.95</DistanceMeters>
            <HeartRateBpm><Value>135</Value></HeartRateBpm>
            <Cadence>167</Cadence>
          </Trackpoint>
          <Trackpoint>
            <Time>2026-03-17T14:14:30.000Z</Time>
            <Position>
              <LatitudeDegrees>37.3405487</LatitudeDegrees>
              <LongitudeDegrees>-121.8833412</LongitudeDegrees>
            </Position>
            <AltitudeMeters>23.2</AltitudeMeters>
            <DistanceMeters>7630.94</DistanceMeters>
            <HeartRateBpm><Value>135</Value></HeartRateBpm>
            <Cadence>167</Cadence>
          </Trackpoint>
          <Trackpoint>
            <Time>2026-03-17T14:14:35.000Z</Time>
            <Position>
              <LatitudeDegrees>37.3404724</LatitudeDegrees>
              <LongitudeDegrees>-121.8834373</LongitudeDegrees>
            </Position>
            <AltitudeMeters>23.2</AltitudeMeters>
            <DistanceMeters>7642.92</DistanceMeters>
            <HeartRateBpm><Value>135</Value></HeartRateBpm>
            <Cadence>167</Cadence>
          </Trackpoint>
          <Trackpoint>
            <Time>2026-03-17T14:14:40.000Z</Time>
            <Position>
              <LatitudeDegrees>37.3403962</LatitudeDegrees>
              <LongitudeDegrees>-121.8835333</LongitudeDegrees>
            </Position>
            <AltitudeMeters>23.2</AltitudeMeters>
            <DistanceMeters>7654.90</DistanceMeters>
            <HeartRateBpm><Value>135</Value></HeartRateBpm>
            <Cadence>167</Cadence>
          </Trackpoint>
          <Trackpoint>
            <Time>2026-03-17T14:14:45.000Z</Time>
            <Position>
              <LatitudeDegrees>37.3403199</LatitudeDegrees>
              <LongitudeDegrees>-121.8836294</LongitudeDegrees>
            </Position>
            <AltitudeMeters>23.3</AltitudeMeters>
            <DistanceMeters>7666.88</DistanceMeters>
            <HeartRateBpm><Value>135</Value></HeartRateBpm>
            <Cadence>167</Cadence>
          </Trackpoint>
          <Trackpoint>
            <Time>2026-03-17T14:14:50.000Z</Time>
            <Position>
              <LatitudeDegrees>37.3402437</LatitudeDegrees>
              <LongitudeDegrees>-121.8837255</LongitudeDegrees>
            </Position>
            <AltitudeMeters>23.3</AltitudeMeters>
            <DistanceMeters>7678.87</DistanceMeters>
            <HeartRateBpm><Value>135</Value></HeartRateBpm>
            <Cadence>167</Cadence>
          </Trackpoint>
          <Trackpoint>
            <Time>2026-03-17T14:14:55.000Z</Time>
            <Position>
              <LatitudeDegrees>37.3401674</LatitudeDegrees>
              <LongitudeDegrees>-121.8838215</LongitudeDegrees>
            </Position>
            <AltitudeMeters>23.3</AltitudeMeters>
            <DistanceMeters>7690.85</DistanceMeters>
            <HeartRateBpm><Value>135</Value></HeartRateBpm>
            <Cadence>167</Cadence>
          </Trackpoint>
          <Trackpoint>
            <Time>2026-03-17T14:15:00.000Z</Time>
            <Position>
              <LatitudeDegrees>37.3400912</LatitudeDegrees>
              <LongitudeDegrees>-121.8839176</LongitudeDegrees>
            </Position>
            <AltitudeMeters>23.4</AltitudeMeters>
            <DistanceMeters>7702.83</DistanceMeters>
            <HeartRateBpm><Value>135</Value></HeartRateBpm>
            <Cadence>167</Cadence>
          </Trackpoint>
          <Trackpoint>
            <Time>2026-03-17T14:15:05.000Z</Time>
            <Position>
              <LatitudeDegrees>37.3400149</LatitudeDegrees>
              <LongitudeDegrees>-121.8840136</LongitudeDegrees>
            </Position>
            <AltitudeMeters>23.4</AltitudeMeters>
            <DistanceMeters>7714.81</DistanceMeters>
            <HeartRateBpm><Value>135</Value></HeartRateBpm>
            <Cadence>167</Cadence>
          </Trackpoint>
          <Trackpoint>
            <Time>2026-03-17T14:15:10.000Z</Time>
            <Position>
              <LatitudeDegrees>37.3399387</LatitudeDegrees>
              <LongitudeDegrees>-121.8841097</LongitudeDegrees>
            </Position>
            <AltitudeMeters>23.5</AltitudeMeters>
            <DistanceMeters>7726.80</DistanceMeters>
            <HeartRateBpm><Value>135</Value></HeartRateBpm>
            <Cadence>167</Cadence>
          </Trackpoint>
          <Trackpoint>
            <Time>2026-03-17T14:15:15.000Z</Time>
            <Position>
              <LatitudeDegrees>37.3398624</LatitudeDegrees>
              <LongitudeDegrees>-121.8842058</LongitudeDegrees>
            </Position>
            <AltitudeMeters>23.5</AltitudeMeters>
            <DistanceMeters>7738.78</DistanceMeters>
            <HeartRateBpm><Value>135</Value></HeartRateBpm>
            <Cadence>167</Cadence>
          </Trackpoint>
          <Trackpoint>
            <Time>2026-03-17T14:15:20.000Z</Time>
            <Position>
              <LatitudeDegrees>37.3397861</LatitudeDegrees>
              <LongitudeDegrees>-121.8843018</LongitudeDegrees>
            </Position>
            <AltitudeMeters>23.6</AltitudeMeters>
            <DistanceMeters>7750.76</DistanceMeters>
            <HeartRateBpm><Value>135</Value></HeartRateBpm>
            <Cadence>167</Cadence>
          </Trackpoint>
          <Trackpoint>
            <Time>2026-03-17T14:15:25.000Z</Time>
            <Position>
              <LatitudeDegrees>37.3397099</LatitudeDegrees>
              <LongitudeDegrees>-121.8843979</LongitudeDegrees>
            </Position>
            <AltitudeMeters>23.6</AltitudeMeters>
            <DistanceMeters>7762.75</DistanceMeters>
            <HeartRateBpm><Value>135</Value></HeartRateBpm>
            <Cadence>167</Cadence>
          </Trackpoint>
          <Trackpoint>
            <Time>2026-03-17T14:15:30.000Z</Time>
            <Position>
              <LatitudeDegrees>37.3396336</LatitudeDegrees>
              <LongitudeDegrees>-121.8844940</LongitudeDegrees>
            </Position>
            <AltitudeMeters>23.7</AltitudeMeters>
            <DistanceMeters>7774.73</DistanceMeters>
            <HeartRateBpm><Value>135</Value></HeartRateBpm>
            <Cadence>167</Cadence>
          </Trackpoint>
          <Trackpoint>
            <Time>2026-03-17T14:15:35.000Z</Time>
            <Position>
              <LatitudeDegrees>37.3395574</LatitudeDegrees>
              <LongitudeDegrees>-121.8845900</LongitudeDegrees>
            </Position>
            <AltitudeMeters>23.8</AltitudeMeters>
            <DistanceMeters>7786.71</DistanceMeters>
            <HeartRateBpm><Value>135</Value></HeartRateBpm>
            <Cadence>167</Cadence>
          </Trackpoint>
          <Trackpoint>
            <Time>2026-03-17T14:15:40.000Z</Time>
            <Position>
              <LatitudeDegrees>37.3394811</LatitudeDegrees>
              <LongitudeDegrees>-121.8846861</LongitudeDegrees>
            </Position>
            <AltitudeMeters>23.8</AltitudeMeters>
            <DistanceMeters>7798.69</DistanceMeters>
            <HeartRateBpm><Value>135</Value></HeartRateBpm>
            <Cadence>167</Cadence>
          </Trackpoint>
          <Trackpoint>
            <Time>2026-03-17T14:15:45.000Z</Time>
            <Position>
              <LatitudeDegrees>37.3394049</LatitudeDegrees>
              <LongitudeDegrees>-121.8847822</LongitudeDegrees>
            </Position>
            <AltitudeMeters>23.9</AltitudeMeters>
            <DistanceMeters>7810.68</DistanceMeters>
            <HeartRateBpm><Value>135</Value></HeartRateBpm>
            <Cadence>167</Cadence>
          </Trackpoint>
          <Trackpoint>
            <Time>2026-03-17T14:15:50.000Z</Time>
            <Position>
              <LatitudeDegrees>37.3393286</LatitudeDegrees>
              <LongitudeDegrees>-121.8848782</LongitudeDegrees>
            </Position>
            <AltitudeMeters>23.9</AltitudeMeters>
            <DistanceMeters>7822.66</DistanceMeters>
            <HeartRateBpm><Value>135</Value></HeartRateBpm>
            <Cadence>167</Cadence>
          </Trackpoint>
          <Trackpoint>
            <Time>2026-03-17T14:15:55.000Z</Time>
            <Position>
              <LatitudeDegrees>37.3392523</LatitudeDegrees>
              <LongitudeDegrees>-121.8849743</LongitudeDegrees>
            </Position>
            <AltitudeMeters>24</AltitudeMeters>
            <DistanceMeters>7834.64</DistanceMeters>
            <HeartRateBpm><Value>135</Value></HeartRateBpm>
            <Cadence>167</Cadence>
          </Trackpoint>
          <Trackpoint>
            <Time>2026-03-17T14:16:00.000Z</Time>
            <Position>
              <LatitudeDegrees>37.3391761</LatitudeDegrees>
              <LongitudeDegrees>-121.8850704</LongitudeDegrees>
            </Position>
            <AltitudeMeters>24.1</AltitudeMeters>
            <DistanceMeters>7846.62</DistanceMeters>
            <HeartRateBpm><Value>135</Value></HeartRateBpm>
            <Cadence>167</Cadence>
          </Trackpoint>
          <Trackpoint>
            <Time>2026-03-17T14:16:05.000Z</Time>
            <Position>
              <LatitudeDegrees>37.3390998</LatitudeDegrees>
              <LongitudeDegrees>-121.8851664</LongitudeDegrees>
            </Position>
            <AltitudeMeters>24.1</AltitudeMeters>
            <DistanceMeters>7858.61</DistanceMeters>
            <HeartRateBpm><Value>135</Value></HeartRateBpm>
            <Cadence>167</Cadence>
          </Trackpoint>
          <Trackpoint>
            <Time>2026-03-17T14:16:10.000Z</Time>
            <Position>
              <LatitudeDegrees>37.3390236</LatitudeDegrees>
              <LongitudeDegrees>-121.8852625</LongitudeDegrees>
            </Position>
            <AltitudeMeters>24.2</AltitudeMeters>
            <DistanceMeters>7870.59</DistanceMeters>
            <HeartRateBpm><Value>135</Value></HeartRateBpm>
            <Cadence>167</Cadence>
          </Trackpoint>
          <Trackpoint>
            <Time>2026-03-17T14:16:15.000Z</Time>
            <Position>
              <LatitudeDegrees>37.3389473</LatitudeDegrees>
              <LongitudeDegrees>-121.8853586</LongitudeDegrees>
            </Position>
            <AltitudeMeters>24.3</AltitudeMeters>
            <DistanceMeters>7882.57</DistanceMeters>
            <HeartRateBpm><Value>135</Value></HeartRateBpm>
            <Cadence>167</Cadence>
          </Trackpoint>
          <Trackpoint>
            <Time>2026-03-17T14:16:20.000Z</Time>
            <Position>
              <LatitudeDegrees>37.3388711</LatitudeDegrees>
              <LongitudeDegrees>-121.8854546</LongitudeDegrees>
            </Position>
            <AltitudeMeters>24.3</AltitudeMeters>
            <DistanceMeters>7894.55</DistanceMeters>
            <HeartRateBpm><Value>135</Value></HeartRateBpm>
            <Cadence>167</Cadence>
          </Trackpoint>
          <Trackpoint>
            <Time>2026-03-17T14:16:25.000Z</Time>
            <Position>
              <LatitudeDegrees>37.3387948</LatitudeDegrees>
              <LongitudeDegrees>-121.8855507</LongitudeDegrees>
            </Position>
            <AltitudeMeters>24.4</AltitudeMeters>
            <DistanceMeters>7906.54</DistanceMeters>
            <HeartRateBpm><Value>135</Value></HeartRateBpm>
            <Cadence>167</Cadence>
          </Trackpoint>
          <Trackpoint>
            <Time>2026-03-17T14:16:30.000Z</Time>
            <Position>
              <LatitudeDegrees>37.3387185</LatitudeDegrees>
              <LongitudeDegrees>-121.8856468</LongitudeDegrees>
            </Position>
            <AltitudeMeters>24.5</AltitudeMeters>
            <DistanceMeters>7918.52</DistanceMeters>
            <HeartRateBpm><Value>135</Value></HeartRateBpm>
            <Cadence>167</Cadence>
          </Trackpoint>
          <Trackpoint>
            <Time>2026-03-17T14:16:35.000Z</Time>
            <Position>
              <LatitudeDegrees>37.3386423</LatitudeDegrees>
              <LongitudeDegrees>-121.8857428</LongitudeDegrees>
            </Position>
            <AltitudeMeters>24.6</AltitudeMeters>
            <DistanceMeters>7930.50</DistanceMeters>
            <HeartRateBpm><Value>135</Value></HeartRateBpm>
            <Cadence>167</Cadence>
          </Trackpoint>
          <Trackpoint>
            <Time>2026-03-17T14:16:40.000Z</Time>
            <Position>
              <LatitudeDegrees>37.3385660</LatitudeDegrees>
              <LongitudeDegrees>-121.8858389</LongitudeDegrees>
            </Position>
            <AltitudeMeters>24.6</AltitudeMeters>
            <DistanceMeters>7942.48</DistanceMeters>
            <HeartRateBpm><Value>135</Value></HeartRateBpm>
            <Cadence>167</Cadence>
          </Trackpoint>
          <Trackpoint>
            <Time>2026-03-17T14:16:45.000Z</Time>
            <Position>
              <LatitudeDegrees>37.3384898</LatitudeDegrees>
              <LongitudeDegrees>-121.8859350</LongitudeDegrees>
            </Position>
            <AltitudeMeters>24.7</AltitudeMeters>
            <DistanceMeters>7954.47</DistanceMeters>
            <HeartRateBpm><Value>135</Value></HeartRateBpm>
            <Cadence>167</Cadence>
          </Trackpoint>
          <Trackpoint>
            <Time>2026-03-17T14:16:50.000Z</Time>
            <Position>
              <LatitudeDegrees>37.3384135</LatitudeDegrees>
              <LongitudeDegrees>-121.8860310</LongitudeDegrees>
            </Position>
            <AltitudeMeters>24.8</AltitudeMeters>
            <DistanceMeters>7966.45</DistanceMeters>
            <HeartRateBpm><Value>135</Value></HeartRateBpm>
            <Cadence>167</Cadence>
          </Trackpoint>
          <Trackpoint>
            <Time>2026-03-17T14:16:55.000Z</Time>
            <Position>
              <LatitudeDegrees>37.3383373</LatitudeDegrees>
              <LongitudeDegrees>-121.8861271</LongitudeDegrees>
            </Position>
            <AltitudeMeters>24.9</AltitudeMeters>
            <DistanceMeters>7978.43</DistanceMeters>
            <HeartRateBpm><Value>135</Value></HeartRateBpm>
            <Cadence>167</Cadence>
          </Trackpoint>
          <Trackpoint>
            <Time>2026-03-17T14:17:00.000Z</Time>
            <Position>
              <LatitudeDegrees>37.3382610</LatitudeDegrees>
              <LongitudeDegrees>-121.8862231</LongitudeDegrees>
            </Position>
            <AltitudeMeters>24.9</AltitudeMeters>
            <DistanceMeters>7990.41</DistanceMeters>
            <HeartRateBpm><Value>135</Value></HeartRateBpm>
            <Cadence>167</Cadence>
          </Trackpoint>
          <Trackpoint>
            <Time>2026-03-17T14:17:04.000Z</Time>
            <Position>
              <LatitudeDegrees>37.3382000</LatitudeDegrees>
              <LongitudeDegrees>-121.8863000</LongitudeDegrees>
            </Position>
            <AltitudeMeters>25</AltitudeMeters>
            <DistanceMeters>8000.00</DistanceMeters>
            <HeartRateBpm><Value>135</Value></HeartRateBpm>
            <Cadence>167</Cadence>
          </Trackpoint>
        </Track>
      </Lap>
    </Activity>
  </Activities>
</TrainingCenterDatabase>